kind,n,eltype,ishermitian,approximant,algorithm,schur_time,alpha_time,eval_bound_time,eval_pade_time,squaring_time,total_time,m,s,delta,psi,cond_q,epsilon,rel_err_F,abs_err_1,nrm1_Ytrue,Ytrue_method,cond_expA_F,condA_1,condA_2,precision
rand,8,Float64,false,scaling_and_squaring,NaN,NaN,NaN,NaN,NaN,NaN,0.000114711,NaN,NaN,NaN,NaN,NaN,2.220446049250313e-16,2.373560424184439e-16,1.802861592277032e-14,80.90624298686493,diag_5120,4.871499258013311,416.7109417249069,183.63383834533894,53
rand,8,Float64,false,diagonalcheap,transfree,0.0,0.0015180640000000002,2.979285319999998,1.115319113,0.000228779,4.81321489,91,3,0,1.874139599425765,1.5998139203787072,2.220446049250313e-16,3.528457638885988e-16,2.798910182946268e-14,80.90624298686493,diag_5120,4.871499258013311,416.7109417249069,183.63383834533894,53
rand,8,Float64,false,diagonalcheap,transfree,0.0,0.00016495300000000002,0.001635455,0.10848296,6.0e-8,0.11050893,13,0,1.692602308104236e-16,80.90624298686498,23.980249339357997,2.220446049250313e-16,4.922146585722442e-19,4.000962316205806e-17,80.90624298686493,diag_5120,4.871499258013311,416.7109417249069,183.63383834533894,256
rand,8,Float64,false,diagonalcheap,transfree,0.0,0.000198328,0.0016469250000000003,0.0025453900000000002,1.5e-7,0.004631593,13,0,1.692602308104236e-16,80.90624298686498,23.980249339357997,2.220446049250313e-16,4.922146585722442e-19,4.000962316205806e-17,80.90624298686493,diag_5120,4.871499258013311,416.7109417249069,183.63383834533894,851
rand,8,Float64,false,diagonalcheap,complexschur,0.192141511,0.000695388,3.297489926999998,1.128566739,4.0e-8,4.996763739,57,0,7.196876689676555e-15,63.20786453836462,12.947847235063971,2.220446049250313e-16,1.357371147080603e-15,1.304759016288776e-13,80.90624298686493,diag_5120,4.871499258013311,416.7109417249069,183.63383834533894,53
rand,8,Float64,false,diagonalcheap,complexschur,0.003185357,0.000158983,0.0017106349999999998,0.10516298399999999,4.0e-8,0.111368085,13,0,3.113415968411449e-17,63.20786453836503,13.821267474022529,2.220446049250313e-16,1.181207641551433e-19,1.904486827893056e-17,80.90624298686493,diag_5120,4.871499258013311,416.7109417249069,183.63383834533894,256
rand,8,Float64,false,diagonalcheap,complexschur,0.005867042,0.000124205,0.001918607,0.004294879,4.0e-8,0.013790118,13,0,3.113415968411449e-17,63.20786453836503,13.821267474022529,2.220446049250313e-16,1.181207641551433e-19,1.904486827893056e-17,80.90624298686493,diag_5120,4.871499258013311,416.7109417249069,183.63383834533894,851
rand,8,Float64,false,diagonalcheap,realschur,0.001749297,0.00044755900000000004,0.25872020300000015,0.159698744,4.0e-8,0.483318396,57,0,7.196876689676555e-15,63.20786453836462,14.067413821310447,2.220446049250313e-16,1.345251895032457e-15,1.358049721470783e-13,80.90624298686493,diag_5120,4.871499258013311,416.7109417249069,183.63383834533894,53
rand,8,Float64,false,diagonalcheap,realschur,0.002929973,7.4293e-5,0.001432431,0.001190925,4.0e-8,0.006046254,13,0,3.113415968411449e-17,63.20786453836503,15.60203787066523,2.220446049250313e-16,1.342171509985303e-19,1.889400160359894e-17,80.90624298686493,diag_5120,4.871499258013311,416.7109417249069,183.63383834533894,256
rand,8,Float64,false,diagonalcheap,realschur,0.024608733,0.000101205,0.0020613190000000003,0.003075914,5.0e-8,0.030647704,13,0,3.113415968411449e-17,63.20786453836503,15.003918467747328,2.220446049250313e-16,1.342171509985303e-19,1.889400160359894e-17,80.90624298686493,diag_5120,4.871499258013311,416.7109417249069,183.63383834533894,851
rand,8,Float64,false,taylor,transfree,0.0,0.00039025400000000003,0.95274178,0.116498373,7.1589e-5,1.137954186,30,1,0,8.330209253480698,1,2.220446049250313e-16,1.033348765608021e-16,8.201014160970464e-15,80.90624298686493,diag_5120,4.871499258013311,416.7109417249069,183.63383834533894,53
rand,8,Float64,false,taylor,transfree,0.0,0.000317533,0.000703028,0.0011905020000000002,9.5217e-5,0.002564137,25,1,1.698048250730776e-18,8.330209253480697,1,2.220446049250313e-16,1.153598893546775e-19,9.377017975217259e-18,80.90624298686493,diag_5120,4.871499258013311,416.7109417249069,183.63383834533894,256
rand,8,Float64,false,taylor,transfree,0.0,0.00034168299999999996,0.0007077349999999999,0.00172864,0.00016407,0.003205485,25,1,1.698048250730776e-18,8.330209253480697,1,2.220446049250313e-16,1.153598893546775e-19,9.377017975217259e-18,80.90624298686493,diag_5120,4.871499258013311,416.7109417249069,183.63383834533894,851
rand,8,Float64,false,taylor,complexschur,0.001998795,0.000433536,0.245528646,0.011235784000000002,0.050859522,0.311188961,25,1,8.881784197001252e-16,6.707511088247431,1,2.220446049250313e-16,1.338415737399276e-15,1.313640800485777e-13,80.90624298686493,diag_5120,4.871499258013311,416.7109417249069,183.63383834533894,53
rand,8,Float64,false,taylor,complexschur,0.003065114,0.000500435,0.0016245890000000022,0.028769240999999997,0.00054618,0.036140245,25,1,4.589040404257465e-19,6.707511088247435,1,2.220446049250313e-16,1.533030341227428e-20,2.458776869313886e-18,80.90624298686493,diag_5120,4.871499258013311,416.7109417249069,183.63383834533894,256
rand,8,Float64,false,taylor,complexschur,0.005584667,0.000374667,0.0013243460000000003,0.004619124,0.000694525,0.01495705,25,1,4.589040404257465e-19,6.707511088247435,1,2.220446049250313e-16,1.533030341227428e-20,2.458776869313886e-18,80.90624298686493,diag_5120,4.871499258013311,416.7109417249069,183.63383834533894,851
rand,8,Float64,false,taylor,realschur,0.003145676,0.00018991200000000003,0.09417606999999999,0.001002831,0.052147424,0.151077349,25,1,8.881784197001252e-16,6.707511088247431,1,2.220446049250313e-16,1.332474393910742e-15,1.349167937273782e-13,80.90624298686493,diag_5120,4.871499258013311,416.7109417249069,183.63383834533894,53
rand,8,Float64,false,taylor,realschur,0.003032717,0.000187107,0.000681903,0.000974136,0.000126589,0.005415074,25,1,4.589040404257465e-19,6.707511088247435,1,2.220446049250313e-16,1.735360590244453e-20,2.44206865751747e-18,80.90624298686493,diag_5120,4.871499258013311,416.7109417249069,183.63383834533894,256
rand,8,Float64,false,taylor,realschur,0.005688724,0.000290788,0.0012323289999999999,0.0022015100000000003,0.000320859,0.01049848,25,1,4.589040404257465e-19,6.707511088247435,1,2.220446049250313e-16,1.735360590244453e-20,2.44206865751747e-18,80.90624298686493,diag_5120,4.871499258013311,416.7109417249069,183.63383834533894,851
rand,24,Float64,false,scaling_and_squaring,NaN,NaN,NaN,NaN,NaN,NaN,7.5644e-5,NaN,NaN,NaN,NaN,NaN,2.220446049250313e-16,2.302624900993289e-16,3.615127382151693e-11,178874.0415082249,diag_5120,14.00211008024811,286.70282481079437,121.87504254467964,53
rand,24,Float64,false,diagonalcheap,transfree,0.0,0.002381824,0.008949290000000004,0.037490451999999994,0.006438536,0.057968552,17,2,0,24.24911240288416,9.172509024489495,2.220446049250313e-16,6.646711455647248e-16,1.239008831096857e-10,178874.0415082249,diag_5120,14.00211008024811,286.70282481079437,121.87504254467964,53
rand,24,Float64,false,diagonalcheap,transfree,0.0,0.0007261040000000001,0.006911391,0.043992272,0.00474774,0.058411682,13,2,4.767034512570347e-21,24.24911240288415,9.277749998268419,2.220446049250313e-16,2.125560416982913e-22,3.802081139876631e-17,178874.0415082249,diag_5120,14.00211008024811,286.70282481079437,121.87504254467964,256
rand,24,Float64,false,diagonalcheap,transfree,0.0,0.0018905640000000002,0.014722601000000002,0.050318292,0.014413512,0.084429208,13,2,4.767034512570347e-21,24.24911240288415,9.277749998268419,2.220446049250313e-16,2.125560416982913e-22,3.802081139876631e-17,178874.0415082249,diag_5120,14.00211008024811,286.70282481079437,121.87504254467964,851
rand,24,Float64,false,diagonalcheap,complexschur,0.050448728,0.003955482000000001,0.03934285499999999,0.22149027400000001,0.015174523,0.358851162,91,2,0,19.39127842699394,7.605519228729728,2.220446049250313e-16,1.107683516852468e-14,1.981214894253646e-09,178874.0415082249,diag_5120,14.00211008024811,286.70282481079437,121.87504254467964,53
rand,24,Float64,false,diagonalcheap,complexschur,0.085076277,0.0016537129999999998,0.009929961,0.11034166300000002,0.008394951,0.245602564,17,1,2.280287417832387e-20,376.0216790332316,56.22374363634769,2.220446049250313e-16,1.088529449725065e-23,3.542575796733888e-18,178874.0415082249,diag_5120,14.00211008024811,286.70282481079437,121.87504254467964,256
rand,24,Float64,false,diagonalcheap,complexschur,0.146311553,0.0012632809999999998,0.009065216,0.12216474800000002,0.010917384,0.331646353,17,1,2.280287417832387e-20,376.0216790332316,56.25231534056634,2.220446049250313e-16,1.088529449725065e-23,3.542575796733888e-18,178874.0415082249,diag_5120,14.00211008024811,286.70282481079437,121.87504254467964,851
rand,24,Float64,false,diagonalcheap,realschur,0.037369514,0.003209164,0.03992987999999999,0.051193875,0.003061908,0.1394988,91,2,0,19.39127842699394,6.406122343396582,2.220446049250313e-16,1.10714678562483e-14,1.975757926043008e-09,178874.0415082249,diag_5120,14.00211008024811,286.70282481079437,121.87504254467964,53
rand,24,Float64,false,diagonalcheap,realschur,0.09123631,0.000464895,0.004585639,0.018240355,0.001890231,0.122114584,17,1,2.280287417832387e-20,376.0216790332316,53.960692587176574,2.220446049250313e-16,1.092468043796818e-23,3.428488066776634e-18,178874.0415082249,diag_5120,14.00211008024811,286.70282481079437,121.87504254467964,256
rand,24,Float64,false,diagonalcheap,realschur,0.149888098,0.000411225,0.004791236000000002,0.028428803,0.002267762,0.194454257,17,1,2.280287417832387e-20,376.0216790332316,59.67169324537366,2.220446049250313e-16,1.092468043796818e-23,3.428488066776634e-18,178874.0415082249,diag_5120,14.00211008024811,286.70282481079437,121.87504254467964,851
rand,24,Float64,false,taylor,transfree,0.0,0.003435985,0.0054517739999999995,0.029672058,0.00542698,0.046149344,30,2,0,19.86133749947565,1,2.220446049250313e-16,1.555600989727461e-16,2.769823602334292e-11,178874.0415082249,diag_5120,14.00211008024811,286.70282481079437,121.87504254467964,53
rand,24,Float64,false,taylor,transfree,0.0,0.003818175,0.005682058000000002,0.028149486,0.004125629,0.044295793,30,2,1.942798841979442e-19,19.86133749947565,1,2.220446049250313e-16,1.184365072638231e-20,2.118524634457678e-15,178874.0415082249,diag_5120,14.00211008024811,286.70282481079437,121.87504254467964,256
rand,24,Float64,false,taylor,transfree,0.0,0.004559614,0.006422228999999999,0.05643280700000001,0.007600958,0.077152754,30,2,1.942798841979442e-19,19.86133749947565,1,2.220446049250313e-16,1.184365072638231e-20,2.118524634457678e-15,178874.0415082249,diag_5120,14.00211008024811,286.70282481079437,121.87504254467964,851
rand,24,Float64,false,taylor,complexschur,0.045437312,0.0027521100000000003,0.017088102,0.091690045,0.027148416,0.204590938,42,2,0,15.92293415859416,1,2.220446049250313e-16,1.102674742148892e-14,1.924015691212647e-09,178874.0415082249,diag_5120,14.00211008024811,286.70282481079437,121.87504254467964,53
rand,24,Float64,false,taylor,complexschur,0.089204577,0.0024261650000000005,0.008683726000000001,0.08372410999999999,0.017592016,0.240419277,30,2,5.741587018228945e-20,15.92293415859419,1,2.220446049250313e-16,5.590475197446311e-22,1.818690954540349e-16,178874.0415082249,diag_5120,14.00211008024811,286.70282481079437,121.87504254467964,256
rand,24,Float64,false,taylor,complexschur,0.156284318,0.0033149019999999998,0.016605751999999994,0.109211221,0.029076106,0.350657526,30,2,5.741587018228945e-20,15.92293415859419,1,2.220446049250313e-16,5.590475197446311e-22,1.818690954540349e-16,178874.0415082249,diag_5120,14.00211008024811,286.70282481079437,121.87504254467964,851
rand,24,Float64,false,taylor,realschur,0.041154755,0.001112478,0.004358548999999999,0.019955134,0.002929669,0.074068643,42,2,0,15.92293415859416,1,2.220446049250313e-16,1.103338807821667e-14,1.943115079949878e-09,178874.0415082249,diag_5120,14.00211008024811,286.70282481079437,121.87504254467964,53
rand,24,Float64,false,taylor,realschur,0.0815685,0.000932143,0.0043325080000000005,0.024740222,0.00323997,0.120239969,30,2,5.741587018228945e-20,15.92293415859419,1,2.220446049250313e-16,5.611220059558111e-22,1.761207147968822e-16,178874.0415082249,diag_5120,14.00211008024811,286.70282481079437,121.87504254467964,256
rand,24,Float64,false,taylor,realschur,0.1326126,0.0011927910000000001,0.005166107,0.028856796,0.0045536,0.18106584,30,2,5.741587018228945e-20,15.92293415859419,1,2.220446049250313e-16,5.611220059558111e-22,1.761207147968822e-16,178874.0415082249,diag_5120,14.00211008024811,286.70282481079437,121.87504254467964,851
rand_big,8,BigFloat,false,scaling_and_squaring,NaN,NaN,NaN,NaN,NaN,NaN,2.1626e-5,NaN,NaN,NaN,NaN,NaN,2.220446049250313e-16,4.379455270354512e-16,3.860553162404497e-14,92.71708327375159,diag_5120,4.910838911981674,440.29859107740714,201.05514996047867,53
rand_big,8,BigFloat,false,diagonalcheap,transfree,0.0,0.000195722,0.007807788000000001,0.001177074,4.0e-8,0.444888058,17,0,2.009494414018946e-14,92.71708327375185,24.578036248965702,2.220446049250313e-16,1.768949496947913e-15,1.649110412699491e-13,92.71708327375159,diag_5120,4.910838911981674,440.29859107740714,201.05514996047867,53
rand_big,8,BigFloat,false,diagonalcheap,transfree,0.0,0.001734961,0.007200199000000002,0.0037487339999999997,0.000513935,0.013457566,91,5,1.872937431378253e-77,1.174837400338038,1.1393162020464773,1.727233711018889e-77,4.559875262514894e-77,6.323840918771402e-75,92.71708327375159,diag_5120,4.910838911981674,440.29859107740714,201.05514996047867,256
rand_big,8,BigFloat,false,diagonalcheap,transfree,0.0,0.0028605499999999995,0.009432438000000005,0.008373367,0.000331405,0.021498667,91,2,2.49758537964766e-256,3.3923957502568,2.523345729350041,1.331998346195134e-256,1.118105120833995e-256,1.31844851392098e-254,92.71708327375159,diag_5120,4.910838911981674,440.29859107740714,201.05514996047867,851
rand_big,8,BigFloat,false,diagonalcheap,complexschur,0.001844362,0.0008075179999999999,0.0072927220000000015,0.015868366000000002,0.001489178,0.029181188,91,2,3.791120900830166e-16,2.910517326352805,2.234582390198301,2.220446049250313e-16,4.748976391670076e-15,4.081823305607913e-13,92.71708327375159,diag_5120,4.910838911981674,440.29859107740714,201.05514996047867,53
rand_big,8,BigFloat,false,diagonalcheap,complexschur,0.004177598,0.000797811,0.004851193000000001,0.009286353,4.0e-8,0.020397867,57,0,1.194408430323434e-75,71.75972338713663,19.29766227854606,1.727233711018889e-77,1.144509467494789e-76,1.532984259380404e-74,92.71708327375159,diag_5120,4.910838911981674,440.29859107740714,201.05514996047867,256
rand_big,8,BigFloat,false,diagonalcheap,complexschur,0.008647328,0.001419911,0.009840078000000002,0.017254930999999998,3.0e-8,0.038786671,91,0,9.141358092808753e-255,71.75972338713657,19.154327190294378,1.331998346195134e-256,4.357286120072128e-255,4.209201006531247e-253,92.71708327375159,diag_5120,4.910838911981674,440.29859107740714,201.05514996047867,851
rand_big,8,BigFloat,false,diagonalcheap,realschur,0.00245091,0.0009360070000000001,0.010188093000000002,0.003941088,0.000211398,0.018316545,91,2,3.791120900830166e-16,2.910517326352805,2.2118556129825997,2.220446049250313e-16,4.733436943772878e-15,4.099586874001916e-13,92.71708327375159,diag_5120,4.910838911981674,440.29859107740714,201.05514996047867,53
rand_big,8,BigFloat,false,diagonalcheap,realschur,0.003772292,0.000569486,0.004425112000000001,0.0030052799999999995,4.0e-8,0.012369333,57,0,1.194408430323434e-75,71.75972338713662,18.735016997568447,1.727233711018889e-77,1.138628994510459e-76,1.498439585160026e-74,92.71708327375159,diag_5120,4.910838911981674,440.29859107740714,201.05514996047867,256
rand_big,8,BigFloat,false,diagonalcheap,realschur,0.00603036,0.00081391,0.008074887999999999,0.009103680000000001,4.0e-8,0.024873738,91,0,9.141358092808753e-255,71.75972338713659,18.59537443633854,1.331998346195134e-256,4.350312092080836e-255,4.186037511172773e-253,92.71708327375159,diag_5120,4.910838911981674,440.29859107740714,201.05514996047867,851
rand_big,8,BigFloat,false,taylor,transfree,0.0,0.000403793,0.000909147,0.001737082,0.000153562,0.016861621,25,1,1.77635683940025e-15,8.666426778428466,1,2.220446049250313e-16,1.209071006355604e-16,9.390220115435054e-15,92.71708327375159,diag_5120,4.910838911981674,440.29859107740714,201.05514996047867,53
rand_big,8,BigFloat,false,taylor,transfree,0.0,0.0018439,0.0024857580000000002,0.005102194,0.000320647,0.010143981,90,2,0,3.39239567614492,1,1.727233711018889e-77,9.105555162222028e-78,7.235524227351908e-76,92.71708327375159,diag_5120,4.910838911981674,440.29859107740714,201.05514996047867,256
rand_big,8,BigFloat,false,taylor,transfree,0.0,0.045378226,0.006870112999999999,0.009173656,0.002071474,0.064070474,90,7,1.331998346195134e-256,1.041425759575053,1,1.331998346195134e-256,2.345762298752301e-255,2.595678523848871e-253,92.71708327375159,diag_5120,4.910838911981674,440.29859107740714,201.05514996047867,851
rand_big,8,BigFloat,false,taylor,complexschur,0.003509278,0.00067571,0.0015150369999999997,0.005290256,0.000505751,0.012926424,25,1,0,7.045081755468584,1,2.220446049250313e-16,4.74256924997671e-15,4.152877579183923e-13,92.71708327375159,diag_5120,4.910838911981674,440.29859107740714,201.05514996047867,53
rand_big,8,BigFloat,false,taylor,complexschur,0.004097143,0.023625185999999996,0.002633922999999999,0.008955798000000001,0.000890353,0.041550986,90,2,0,2.910517269494697,1,1.727233711018889e-77,1.137429473554944e-76,1.394805562498892e-74,92.71708327375159,diag_5120,4.910838911981674,440.29859107740714,201.05514996047867,256
rand_big,8,BigFloat,false,taylor,complexschur,0.008918206,0.0012107450000000005,0.007484172000000001,0.011767818999999999,0.005876888,0.038177492,90,8,1.331998346195134e-256,1.016832770460567,1,1.331998346195134e-256,4.380401877752695e-255,4.313909352407506e-253,92.71708327375159,diag_5120,4.910838911981674,440.29859107740714,201.05514996047867,851
rand_big,8,BigFloat,false,taylor,realschur,0.002019849,0.000295215,0.000994903,0.0016119089999999997,0.000195291,0.005765736,25,1,0,7.045081755468584,1,2.220446049250313e-16,4.72704733843053e-15,4.081823305607913e-13,92.71708327375159,diag_5120,4.910838911981674,440.29859107740714,201.05514996047867,53
rand_big,8,BigFloat,false,taylor,realschur,0.003856788,0.00047959699999999996,0.0015597320000000003,0.0025389139999999998,0.000270935,0.009166424,90,2,0,2.910517269494697,1,1.727233711018889e-77,1.09599870301724e-76,1.339534083746288e-74,92.71708327375159,diag_5120,4.910838911981674,440.29859107740714,201.05514996047867,256
rand_big,8,BigFloat,false,taylor,realschur,0.00580531,0.0005219900000000001,0.003934707000000001,0.0040276,0.003320447,0.018554032,90,8,1.331998346195134e-256,1.016832770460567,1,1.331998346195134e-256,4.381863131542783e-255,4.313909352407506e-253,92.71708327375159,diag_5120,4.910838911981674,440.29859107740714,201.05514996047867,851
rand_big,24,BigFloat,false,scaling_and_squaring,NaN,NaN,NaN,NaN,NaN,NaN,8.498e-5,NaN,NaN,NaN,NaN,NaN,2.220446049250313e-16,5.398439432975681e-16,9.215519455928539e-11,169981.8737185359,diag_5120,14.06999257261405,981.0230716575096,521.9421712659771,53
rand_big,24,BigFloat,false,diagonalcheap,transfree,0.0,0.0020395599999999997,0.006187183999999999,0.032522437,0.005374459,0.048508826,21,2,4.751667636797643e-15,23.70784923852127,9.151314074285336,2.220446049250313e-16,1.076482874651453e-15,1.888786682885494e-10,169981.8737185359,diag_5120,14.06999257261405,981.0230716575096,521.9421712659771,53
rand_big,24,BigFloat,false,diagonalcheap,transfree,0.0,0.019458033000000003,0.031017674,0.08429126399999999,0.006489747,0.142819216,91,3,8.143752683757526e-77,5.202155169831444,3.2675183165343085,1.727233711018889e-77,5.498010296243757e-77,9.537539369613515e-72,169981.8737185359,diag_5120,14.06999257261405,981.0230716575096,521.9421712659771,256
rand_big,24,BigFloat,false,diagonalcheap,transfree,0.0,0.019456478000000003,0.02666973,0.11634869900000001,0.007750496,0.183391591,91,2,0,23.70784923852128,8.956360757429644,1.331998346195134e-256,1.45986225629232e-256,2.175668559784839e-251,169981.8737185359,diag_5120,14.06999257261405,981.0230716575096,521.9421712659771,851
rand_big,24,BigFloat,false,diagonalcheap,complexschur,0.054558887,0.00391014,0.04739646699999999,0.21294586900000004,0.015741147,0.363116181,91,2,3.91553011400331e-15,19.20184303067416,8.02336639395861,2.220446049250313e-16,1.215417296200809e-15,2.935663546364643e-10,169981.8737185359,diag_5120,14.06999257261405,981.0230716575096,521.9421712659771,53
rand_big,24,BigFloat,false,diagonalcheap,complexschur,0.090104783,0.004857647,0.036107180999999995,0.241381841,0.025095145,0.421940374,91,3,7.242217611400968e-77,4.381990761135183,2.3772016143235897,1.727233711018889e-77,2.18495630043893e-75,3.656837593402238e-70,169981.8737185359,diag_5120,14.06999257261405,981.0230716575096,521.9421712659771,256
rand_big,24,BigFloat,false,diagonalcheap,complexschur,0.1504338,0.006200993999999999,0.057347264999999994,0.29804198200000004,0.061150067,0.608737504,91,5,1.602335812612034e-256,1.446831196390091,1.3278147869484573,1.331998346195134e-256,1.777665793105954e-254,3.016873592469326e-249,169981.8737185359,diag_5120,14.06999257261405,981.0230716575096,521.9421712659771,851
rand_big,24,BigFloat,false,diagonalcheap,realschur,0.042851303,0.0022500069999999996,0.019871855999999997,0.059653618000000005,0.002979631,0.132388863,91,2,3.91553011400331e-15,19.20184303067416,7.31675035568236,2.220446049250313e-16,1.191266728681187e-15,2.940211019873508e-10,169981.8737185359,diag_5120,14.06999257261405,981.0230716575096,521.9421712659771,53
rand_big,24,BigFloat,false,diagonalcheap,realschur,0.074130842,0.001947417,0.033407591,0.045196555,0.004984842,0.165195319,91,3,7.242217611400968e-77,4.381990761135183,2.4580506697781095,1.727233711018889e-77,2.184406720657235e-75,3.652592743834038e-70,169981.8737185359,diag_5120,14.06999257261405,981.0230716575096,521.9421712659771,256
rand_big,24,BigFloat,false,diagonalcheap,realschur,0.140846893,0.0020783489999999993,0.034138267,0.059739751,0.020596421,0.266095241,91,5,1.602335812612034e-256,1.446831196390091,1.3246135170372604,1.331998346195134e-256,1.776523883528024e-254,3.026694149876153e-249,169981.8737185359,diag_5120,14.06999257261405,981.0230716575096,521.9421712659771,851
rand_big,24,BigFloat,false,taylor,transfree,0.0,0.0024944010000000003,0.004222387999999999,0.023163049999999998,0.003290689,0.035487993,30,2,0,19.45262821580847,1,2.220446049250313e-16,1.459490552462088e-16,2.281328678878268e-11,169981.8737185359,diag_5120,14.06999257261405,981.0230716575096,521.9421712659771,53
rand_big,24,BigFloat,false,taylor,transfree,0.0,0.008120895999999999,0.006509878000000001,0.04805541000000001,0.00413856,0.068330466,81,2,2.763573937630222e-76,19.45262821580847,1,1.727233711018889e-77,1.183022083459895e-77,1.751729127147543e-72,169981.8737185359,diag_5120,14.06999257261405,981.0230716575096,521.9421712659771,256
rand_big,24,BigFloat,false,taylor,transfree,0.0,0.011528158,0.023593546000000003,0.10068656100000001,0.033866843,0.171662266,90,9,1.331998346195134e-256,1.028770447232386,1,1.331998346195134e-256,1.318010492650705e-254,2.455362833686947e-249,169981.8737185359,diag_5120,14.06999257261405,981.0230716575096,521.9421712659771,851
rand_big,24,BigFloat,false,taylor,complexschur,0.045058625,0.004550505999999999,0.008481042000000005,0.150405855,0.015185794,0.249449207,72,2,0,15.79862475260993,1,2.220446049250313e-16,1.23299457015809e-15,2.802118930599162e-10,169981.8737185359,diag_5120,14.06999257261405,981.0230716575096,521.9421712659771,53
rand_big,24,BigFloat,false,taylor,complexschur,0.094883289,0.0058457579999999995,0.020307251999999994,0.18846466399999998,0.041224207,0.374785456,90,5,0,1.44683119638964,1,1.727233711018889e-77,2.187042005653195e-75,3.652592743834038e-70,169981.8737185359,diag_5120,14.06999257261405,981.0230716575096,521.9421712659771,256
rand_big,24,BigFloat,false,taylor,complexschur,0.147501039,0.006684485,0.04532786299999998,0.22102169100000002,0.095758792,0.551908558,90,8,1.331998346195134e-256,1.047254494864365,1,1.331998346195134e-256,1.776987521254057e-254,3.022875044217943e-249,169981.8737185359,diag_5120,14.06999257261405,981.0230716575096,521.9421712659771,851
rand_big,24,BigFloat,false,taylor,realschur,0.042308445,0.0016799059999999999,0.018892877,0.028330339000000003,0.00312196,0.099212025,72,2,0,15.79862475260993,1,2.220446049250313e-16,1.202133330966157e-15,2.735574711974599e-10,169981.8737185359,diag_5120,14.06999257261405,981.0230716575096,521.9421712659771,53
rand_big,24,BigFloat,false,taylor,realschur,0.072320454,0.0019763700000000003,0.009342131,0.051128678999999996,0.008142484,0.148357363,90,5,0,1.44683119638964,1,1.727233711018889e-77,2.185937481232302e-75,3.666742242394705e-70,169981.8737185359,diag_5120,14.06999257261405,981.0230716575096,521.9421712659771,256
rand_big,24,BigFloat,false,taylor,realschur,0.136559129,0.0020416000000000006,0.015904309999999998,0.054472502,0.018181886,0.235775096,90,8,1.331998346195134e-256,1.047254494864365,1,1.331998346195134e-256,1.776404241655729e-254,3.011963313765912e-249,169981.8737185359,diag_5120,14.06999257261405,981.0230716575096,521.9421712659771,851
Fasi_1,2,Int64,false,scaling_and_squaring,NaN,NaN,NaN,NaN,NaN,NaN,1.5665e-5,NaN,NaN,NaN,NaN,NaN,2.220446049250313e-16,2.559539202200089e-16,4.625960761996328e-17,0.1870026796624277,diag_5120,2.23606797749979,1.8000000000000003,1.0,53
Fasi_1,2,Int64,false,diagonalcheap,transfree,0.0,0.00016811499999999999,0.22221429199999998,0.631810929,4.0e-8,2.082350623,21,0,0,0.1870026796624278,1.8280503213040311,2.220446049250313e-16,1.126159455854057e-16,2.105156987771355e-17,0.1870026796624277,diag_5120,2.23606797749979,1.8000000000000003,1.0,53
Fasi_1,2,Int64,false,diagonalcheap,transfree,0.0,5.3305999999999994e-5,0.001019708,0.000204776,3.0e-8,0.001357022,13,0,2.669205774094421e-25,0.1870026796624276,1.8192214548848382,2.220446049250313e-16,5.48319042836818e-78,8.705448025370191e-79,0.1870026796624277,diag_5120,2.23606797749979,1.8000000000000003,1.0,256
Fasi_1,2,Int64,false,diagonalcheap,transfree,0.0,4.757899999999999e-5,0.0006606219999999999,0.00018554299999999998,4.0e-8,0.000936293,13,0,2.669205774094421e-25,0.1870026796624276,1.8192214548848382,2.220446049250313e-16,6.128370565334094e-257,1.124700148955855e-257,0.1870026796624277,diag_5120,2.23606797749979,1.8000000000000003,1.0,851
Fasi_1,2,Int64,false,diagonalcheap,complexschur,0.004859234,0.0,0.0,0.0,0.0,0.06997775,0,0,NaN,NaN,1,2.220446049250313e-16,3.803364639166748e-16,6.268493330115693e-17,0.1870026796624277,diag_5120,2.23606797749979,1.8000000000000003,1.0,53
Fasi_1,2,Int64,false,diagonalcheap,complexschur,8.6191e-5,0.0,0.0,0.0,0.0,0.000179704,0,0,NaN,NaN,1,2.220446049250313e-16,2.654585384269466e-77,3.732008400911061e-78,0.1870026796624277,diag_5120,2.23606797749979,1.8000000000000003,1.0,256
Fasi_1,2,Int64,false,diagonalcheap,complexschur,7.6025e-5,0.0,0.0,0.0,0.0,0.000173834,0,0,NaN,NaN,1,2.220446049250313e-16,6.128370565334094e-257,1.124700148955855e-257,0.1870026796624277,diag_5120,2.23606797749979,1.8000000000000003,1.0,851
Fasi_1,2,Int64,false,diagonalcheap,realschur,0.0,0.000110741,0.001006766,0.000205677,4.0e-8,0.001677947,21,0,0,0.1870026796624278,1.8280503213040311,2.220446049250313e-16,1.126159455854057e-16,2.105156987771355e-17,0.1870026796624277,diag_5120,2.23606797749979,1.8000000000000003,1.0,53
Fasi_1,2,Int64,false,diagonalcheap,realschur,0.0,3.941500000000001e-5,0.0006256340000000001,0.00017077900000000003,4.0e-8,0.000886121,13,0,2.669205774094421e-25,0.1870026796624276,1.8192214548848382,2.220446049250313e-16,5.48319042836818e-78,8.705448025370191e-79,0.1870026796624277,diag_5120,2.23606797749979,1.8000000000000003,1.0,256
Fasi_1,2,Int64,false,diagonalcheap,realschur,0.0,4.0827e-5,0.000679161,0.000192967,3.0e-8,0.000961624,13,0,2.669205774094421e-25,0.1870026796624276,1.8192214548848382,2.220446049250313e-16,6.128370565334094e-257,1.124700148955855e-257,0.1870026796624277,diag_5120,2.23606797749979,1.8000000000000003,1.0,851
Fasi_1,2,Int64,false,taylor,transfree,0.0,0.000266415,0.22590712999999998,0.099514247,3.0e-8,0.325757285,25,0,0,1,1,2.220446049250313e-16,1.126159455854057e-16,2.105156987771355e-17,0.1870026796624277,diag_5120,2.23606797749979,1.8000000000000003,1.0,53
Fasi_1,2,Int64,false,taylor,transfree,0.0,0.00013723499999999998,0.0004429750000000001,0.00011143199999999999,3.0e-8,0.000787619,25,0,2.005665854921863e-17,0.9999999999999999,1,2.220446049250313e-16,5.48319042836818e-78,8.705448025370191e-79,0.1870026796624277,diag_5120,2.23606797749979,1.8000000000000003,1.0,256
Fasi_1,2,Int64,false,taylor,transfree,0.0,0.000108867,0.000402729,0.00010997,3.0e-8,0.00067826,25,0,2.005665854921863e-17,0.9999999999999999,1,2.220446049250313e-16,6.128370565334094e-257,1.124700148955855e-257,0.1870026796624277,diag_5120,2.23606797749979,1.8000000000000003,1.0,851
Fasi_1,2,Int64,false,taylor,complexschur,6.0649e-5,0.0,0.0,0.0,0.0,0.000125154,0,0,NaN,NaN,1,2.220446049250313e-16,3.803364639166748e-16,6.268493330115693e-17,0.1870026796624277,diag_5120,2.23606797749979,1.8000000000000003,1.0,53
Fasi_1,2,Int64,false,taylor,complexschur,4.9762e-5,0.0,0.0,0.0,0.0,0.000112094,0,0,NaN,NaN,1,2.220446049250313e-16,2.654585384269466e-77,3.732008400911061e-78,0.1870026796624277,diag_5120,2.23606797749979,1.8000000000000003,1.0,256
Fasi_1,2,Int64,false,taylor,complexschur,6.4505e-5,0.0,0.0,0.0,0.0,0.000142873,0,0,NaN,NaN,1,2.220446049250313e-16,6.128370565334094e-257,1.124700148955855e-257,0.1870026796624277,diag_5120,2.23606797749979,1.8000000000000003,1.0,851
Fasi_1,2,Int64,false,taylor,realschur,0.0,0.00010124799999999999,0.00028068799999999997,6.9231e-5,4.0e-8,0.000499236,25,0,0,1,1,2.220446049250313e-16,1.126159455854057e-16,2.105156987771355e-17,0.1870026796624277,diag_5120,2.23606797749979,1.8000000000000003,1.0,53
Fasi_1,2,Int64,false,taylor,realschur,0.0,0.00010937100000000002,0.00029403,8.195499999999998e-5,3.0e-8,0.000528434,25,0,2.005665854921863e-17,0.9999999999999999,1,2.220446049250313e-16,5.48319042836818e-78,8.705448025370191e-79,0.1870026796624277,diag_5120,2.23606797749979,1.8000000000000003,1.0,256
Fasi_1,2,Int64,false,taylor,realschur,0.0,0.00010969999999999998,0.00035028900000000005,9.9405e-5,3.0e-8,0.00060516,25,0,2.005665854921863e-17,0.9999999999999999,1,2.220446049250313e-16,6.128370565334094e-257,1.124700148955855e-257,0.1870026796624277,diag_5120,2.23606797749979,1.8000000000000003,1.0,851
Fasi_2,2,Float64,true,scaling_and_squaring,NaN,NaN,NaN,NaN,NaN,NaN,4.4713e-5,NaN,NaN,NaN,NaN,NaN,2.220446049250313e-16,2.038720640263475e-16,1.812614963873688e-15,7.389056098930662,diag_5120,1.98193217849442,1.8014398509482025e15,1.8197290492930792e15,53
Fasi_2,2,Float64,true,diagonalcheap,transfree,0.011184941,0.0,0.0,0.0,0.0,0.078110666,NaN,NaN,NaN,NaN,NaN,2.220446049250313e-16,2.441058484352486e-16,1.812614963873688e-15,7.389056098930662,diag_5120,1.98193217849442,1.8014398509482025e15,1.8197290492930792e15,53
Fasi_2,2,Float64,true,diagonalcheap,transfree,7.1076e-5,0.0,0.0,0.0,0.0,0.000151528,NaN,NaN,NaN,NaN,NaN,2.220446049250313e-16,8.809126854542638e-78,8.031995852095115e-77,7.389056098930662,diag_5120,1.98193217849442,1.8014398509482025e15,1.8197290492930792e15,256
Fasi_2,2,Float64,true,diagonalcheap,transfree,4.4032e-5,0.0,0.0,0.0,0.0,0.000101756,NaN,NaN,NaN,NaN,NaN,2.220446049250313e-16,5.565929337813387e-257,4.171184904290528e-256,7.389056098930662,diag_5120,1.98193217849442,1.8014398509482025e15,1.8197290492930792e15,851
Fasi_2,2,Float64,true,diagonalcheap,complexschur,4.7087e-5,0.0,0.0,0.0,0.0,0.000110901,0,0,NaN,NaN,1,2.220446049250313e-16,2.75301556153053e-16,2.244554002777346e-15,7.389056098930662,diag_5120,1.98193217849442,1.8014398509482025e15,1.8197290492930792e15,53
Fasi_2,2,Float64,true,diagonalcheap,complexschur,3.8813e-5,0.0,0.0,0.0,0.0,8.551e-5,0,0,NaN,NaN,1,2.220446049250313e-16,1.018421090536413e-77,9.741371834135198e-77,7.389056098930662,diag_5120,1.98193217849442,1.8014398509482025e15,1.8197290492930792e15,256
Fasi_2,2,Float64,true,diagonalcheap,complexschur,4.5575e-5,0.0,0.0,0.0,0.0,0.000101406,0,0,NaN,NaN,1,2.220446049250313e-16,1.227791449253947e-256,8.958937375818491e-256,7.389056098930662,diag_5120,1.98193217849442,1.8014398509482025e15,1.8197290492930792e15,851
Fasi_2,2,Float64,true,diagonalcheap,realschur,2.4129e-5,0.0,0.0,0.0,0.0,0.003665762,0,0,NaN,NaN,1,2.220446049250313e-16,2.75301556153053e-16,2.244554002777346e-15,7.389056098930662,diag_5120,1.98193217849442,1.8014398509482025e15,1.8197290492930792e15,53
Fasi_2,2,Float64,true,diagonalcheap,realschur,4.9361e-5,0.0,0.0,0.0,0.0,0.000107195,0,0,NaN,NaN,1,2.220446049250313e-16,1.018421090536413e-77,9.741371834135198e-77,7.389056098930662,diag_5120,1.98193217849442,1.8014398509482025e15,1.8197290492930792e15,256
Fasi_2,2,Float64,true,diagonalcheap,realschur,5.0272e-5,0.0,0.0,0.0,0.0,0.00011027,0,0,NaN,NaN,1,2.220446049250313e-16,1.227791449253947e-256,8.958937375818491e-256,7.389056098930662,diag_5120,1.98193217849442,1.8014398509482025e15,1.8197290492930792e15,851
Fasi_2,2,Float64,true,taylor,transfree,4.5104e-5,0.0,0.0,0.0,0.0,9.6698e-5,NaN,NaN,NaN,NaN,NaN,2.220446049250313e-16,2.441058484352486e-16,1.812614963873688e-15,7.389056098930662,diag_5120,1.98193217849442,1.8014398509482025e15,1.8197290492930792e15,53
Fasi_2,2,Float64,true,taylor,transfree,2.6994e-5,0.0,0.0,0.0,0.0,5.7845e-5,NaN,NaN,NaN,NaN,NaN,2.220446049250313e-16,8.809126854542638e-78,8.031995852095115e-77,7.389056098930662,diag_5120,1.98193217849442,1.8014398509482025e15,1.8197290492930792e15,256
Fasi_2,2,Float64,true,taylor,transfree,3.2533e-5,0.0,0.0,0.0,0.0,7.5633e-5,NaN,NaN,NaN,NaN,NaN,2.220446049250313e-16,5.565929337813387e-257,4.171184904290528e-256,7.389056098930662,diag_5120,1.98193217849442,1.8014398509482025e15,1.8197290492930792e15,851
Fasi_2,2,Float64,true,taylor,complexschur,3.0961e-5,0.0,0.0,0.0,0.0,7.6144e-5,0,0,NaN,NaN,1,2.220446049250313e-16,2.75301556153053e-16,2.244554002777346e-15,7.389056098930662,diag_5120,1.98193217849442,1.8014398509482025e15,1.8197290492930792e15,53
Fasi_2,2,Float64,true,taylor,complexschur,3.3505e-5,0.0,0.0,0.0,0.0,8.1853e-5,0,0,NaN,NaN,1,2.220446049250313e-16,1.018421090536413e-77,9.741371834135198e-77,7.389056098930662,diag_5120,1.98193217849442,1.8014398509482025e15,1.8197290492930792e15,256
Fasi_2,2,Float64,true,taylor,complexschur,4.1548e-5,0.0,0.0,0.0,0.0,9.5146e-5,0,0,NaN,NaN,1,2.220446049250313e-16,1.227791449253947e-256,8.958937375818491e-256,7.389056098930662,diag_5120,1.98193217849442,1.8014398509482025e15,1.8197290492930792e15,851
Fasi_2,2,Float64,true,taylor,realschur,2.3448e-5,0.0,0.0,0.0,0.0,5.0071e-5,0,0,NaN,NaN,1,2.220446049250313e-16,2.75301556153053e-16,2.244554002777346e-15,7.389056098930662,diag_5120,1.98193217849442,1.8014398509482025e15,1.8197290492930792e15,53
Fasi_2,2,Float64,true,taylor,realschur,2.8677e-5,0.0,0.0,0.0,0.0,5.5962e-5,0,0,NaN,NaN,1,2.220446049250313e-16,1.018421090536413e-77,9.741371834135198e-77,7.389056098930662,diag_5120,1.98193217849442,1.8014398509482025e15,1.8197290492930792e15,256
Fasi_2,2,Float64,true,taylor,realschur,3.6079e-5,0.0,0.0,0.0,0.0,7.6485e-5,0,0,NaN,NaN,1,2.220446049250313e-16,1.227791449253947e-256,8.958937375818491e-256,7.389056098930662,diag_5120,1.98193217849442,1.8014398509482025e15,1.8197290492930792e15,851
Fasi_3,3,Float64,true,scaling_and_squaring,NaN,NaN,NaN,NaN,NaN,NaN,5.2015e-5,NaN,NaN,NaN,NaN,NaN,2.220446049250313e-16,6.25619459234523e-17,1.378013470051737e-12,22026.46579480672,diag_5120,10.1980384428567,9.007199254741002e15,9.098645246465392e15,53
Fasi_3,3,Float64,true,diagonalcheap,transfree,4.1518e-5,0.0,0.0,0.0,0.0,9.8851e-5,NaN,NaN,NaN,NaN,NaN,2.220446049250313e-16,6.256176574174141e-17,1.378013470051737e-12,22026.46579480672,diag_5120,10.1980384428567,9.007199254741002e15,9.098645246465392e15,53
Fasi_3,3,Float64,true,diagonalcheap,transfree,4.308e-5,0.0,0.0,0.0,0.0,0.000109419,NaN,NaN,NaN,NaN,NaN,2.220446049250313e-16,5.194427632094886e-78,1.144148702632625e-73,22026.46579480672,diag_5120,10.1980384428567,9.007199254741002e15,9.098645246465392e15,256
Fasi_3,3,Float64,true,diagonalcheap,transfree,6.0208e-5,0.0,0.0,0.0,0.0,0.000158228,NaN,NaN,NaN,NaN,NaN,2.220446049250313e-16,4.875311018060079e-257,1.073858695116495e-252,22026.46579480672,diag_5120,10.1980384428567,9.007199254741002e15,9.098645246465392e15,851
Fasi_3,3,Float64,true,diagonalcheap,complexschur,8.0151e-5,0.0,0.0,0.0,0.0,0.000215813,0,0,NaN,NaN,1,2.220446049250313e-16,6.256178058176488e-17,1.378013470051737e-12,22026.46579480672,diag_5120,10.1980384428567,9.007199254741002e15,9.098645246465392e15,53
Fasi_3,3,Float64,true,diagonalcheap,complexschur,6.8452e-5,0.0,0.0,0.0,0.0,0.00019018,0,0,NaN,NaN,1,2.220446049250313e-16,5.1944279201884e-78,1.144148702632625e-73,22026.46579480672,diag_5120,10.1980384428567,9.007199254741002e15,9.098645246465392e15,256
Fasi_3,3,Float64,true,diagonalcheap,complexschur,8.1353e-5,0.0,0.0,0.0,0.0,0.000234744,0,0,NaN,NaN,1,2.220446049250313e-16,4.875312425654929e-257,1.073858695116495e-252,22026.46579480672,diag_5120,10.1980384428567,9.007199254741002e15,9.098645246465392e15,851
Fasi_3,3,Float64,true,diagonalcheap,realschur,4.907e-5,0.0,0.0,0.0,0.0,9.6718e-5,0,0,NaN,NaN,1,2.220446049250313e-16,6.256178058176488e-17,1.378013470051737e-12,22026.46579480672,diag_5120,10.1980384428567,9.007199254741002e15,9.098645246465392e15,53
Fasi_3,3,Float64,true,diagonalcheap,realschur,3.9024e-5,0.0,0.0,0.0,0.0,7.7617e-5,0,0,NaN,NaN,1,2.220446049250313e-16,5.1944279201884e-78,1.144148702632625e-73,22026.46579480672,diag_5120,10.1980384428567,9.007199254741002e15,9.098645246465392e15,256
Fasi_3,3,Float64,true,diagonalcheap,realschur,4.7637e-5,0.0,0.0,0.0,0.0,0.00010393,0,0,NaN,NaN,1,2.220446049250313e-16,4.875312425654929e-257,1.073858695116495e-252,22026.46579480672,diag_5120,10.1980384428567,9.007199254741002e15,9.098645246465392e15,851
Fasi_3,3,Float64,true,taylor,transfree,3.3125e-5,0.0,0.0,0.0,0.0,7.339e-5,NaN,NaN,NaN,NaN,NaN,2.220446049250313e-16,6.256176574174141e-17,1.378013470051737e-12,22026.46579480672,diag_5120,10.1980384428567,9.007199254741002e15,9.098645246465392e15,53
Fasi_3,3,Float64,true,taylor,transfree,3.073e-5,0.0,0.0,0.0,0.0,6.9894e-5,NaN,NaN,NaN,NaN,NaN,2.220446049250313e-16,5.194427632094886e-78,1.144148702632625e-73,22026.46579480672,diag_5120,10.1980384428567,9.007199254741002e15,9.098645246465392e15,256
Fasi_3,3,Float64,true,taylor,transfree,4.301e-5,0.0,0.0,0.0,0.0,0.000111813,NaN,NaN,NaN,NaN,NaN,2.220446049250313e-16,4.875311018060079e-257,1.073858695116495e-252,22026.46579480672,diag_5120,10.1980384428567,9.007199254741002e15,9.098645246465392e15,851
Fasi_3,3,Float64,true,taylor,complexschur,4.7648e-5,0.0,0.0,0.0,0.0,0.000137285,0,0,NaN,NaN,1,2.220446049250313e-16,6.256178058176488e-17,1.378013470051737e-12,22026.46579480672,diag_5120,10.1980384428567,9.007199254741002e15,9.098645246465392e15,53
Fasi_3,3,Float64,true,taylor,complexschur,5.523e-5,0.0,0.0,0.0,0.0,0.000149785,0,0,NaN,NaN,1,2.220446049250313e-16,5.1944279201884e-78,1.144148702632625e-73,22026.46579480672,diag_5120,10.1980384428567,9.007199254741002e15,9.098645246465392e15,256
Fasi_3,3,Float64,true,taylor,complexschur,6.3985e-5,0.0,0.0,0.0,0.0,0.000181257,0,0,NaN,NaN,1,2.220446049250313e-16,4.875312425654929e-257,1.073858695116495e-252,22026.46579480672,diag_5120,10.1980384428567,9.007199254741002e15,9.098645246465392e15,851
Fasi_3,3,Float64,true,taylor,realschur,3.0781e-5,0.0,0.0,0.0,0.0,6.3924e-5,0,0,NaN,NaN,1,2.220446049250313e-16,6.256178058176488e-17,1.378013470051737e-12,22026.46579480672,diag_5120,10.1980384428567,9.007199254741002e15,9.098645246465392e15,53
Fasi_3,3,Float64,true,taylor,realschur,3.9835e-5,0.0,0.0,0.0,0.0,7.7807e-5,0,0,NaN,NaN,1,2.220446049250313e-16,5.1944279201884e-78,1.144148702632625e-73,22026.46579480672,diag_5120,10.1980384428567,9.007199254741002e15,9.098645246465392e15,256
Fasi_3,3,Float64,true,taylor,realschur,4.5394e-5,0.0,0.0,0.0,0.0,0.000100214,0,0,NaN,NaN,1,2.220446049250313e-16,4.875312425654929e-257,1.073858695116495e-252,22026.46579480672,diag_5120,10.1980384428567,9.007199254741002e15,9.098645246465392e15,851
Fasi_4,10,Float64,false,scaling_and_squaring,NaN,NaN,NaN,NaN,NaN,NaN,2.4179e-5,NaN,NaN,NaN,NaN,NaN,2.220446049250313e-16,4.236007060698624e-17,5.329070518200751e-15,145.5950667550513,given,7.880038454141526,5.0,4.832333293749307,53
Fasi_4,10,Float64,false,diagonalcheap,transfree,0.0,0.00195195,0.006055861000000002,0.004448317,0.000285777,0.013045722,91,2,4.15277816786683e-16,3.489877451641428,1.650414199729063,2.220446049250313e-16,8.768068483316852e-17,1.4210854715202e-14,145.5950667550513,given,7.880038454141526,5.0,4.832333293749307,53
Fasi_4,10,Float64,false,diagonalcheap,transfree,0.0,0.000131495,0.0013010080000000004,0.001325386,4.0e-8,0.002938593,13,0,1.179335829795762e-14,145.5950667550513,8.302285053394563,2.220446049250313e-16,5.335122178043645e-17,9.888548880474203e-15,145.5950667550513,given,7.880038454141526,5.0,4.832333293749307,256
Fasi_4,10,Float64,false,diagonalcheap,transfree,0.0,0.000145497,0.001257252,0.0016830010000000002,4.0e-8,0.00326141,13,0,1.179335829795762e-14,145.5950667550513,8.302285053394563,2.220446049250313e-16,5.335122178043645e-17,9.888548880474203e-15,145.5950667550513,given,7.880038454141526,5.0,4.832333293749307,851
Fasi_4,10,Float64,false,diagonalcheap,complexschur,0.0,0.002040845,0.006654084000000001,0.005060791,0.000540784,0.014784254,91,2,4.15277816786683e-16,3.489877451641428,1.650414199729063,2.220446049250313e-16,8.768068483316852e-17,1.4210854715202e-14,145.5950667550513,given,7.880038454141526,5.0,4.832333293749307,53
Fasi_4,10,Float64,false,diagonalcheap,complexschur,0.0,0.00022449799999999998,0.001972875,0.002326863,4.0e-8,0.004806847,13,0,1.179335829795762e-14,145.5950667550513,8.302285053394563,2.220446049250313e-16,5.335122178043645e-17,9.888548880474203e-15,145.5950667550513,given,7.880038454141526,5.0,4.832333293749307,256
Fasi_4,10,Float64,false,diagonalcheap,complexschur,0.0,0.000146329,0.00176801,0.002615914,5.0e-8,0.004837527,13,0,1.179335829795762e-14,145.5950667550513,8.302285053394563,2.220446049250313e-16,5.335122178043645e-17,9.888548880474203e-15,145.5950667550513,given,7.880038454141526,5.0,4.832333293749307,851
Fasi_4,10,Float64,false,diagonalcheap,realschur,0.0,0.002261015,0.007107546000000003,0.0056835110000000005,0.000540042,0.015904014,91,2,4.15277816786683e-16,3.489877451641428,1.650414199729063,2.220446049250313e-16,8.768068483316852e-17,1.4210854715202e-14,145.5950667550513,given,7.880038454141526,5.0,4.832333293749307,53
Fasi_4,10,Float64,false,diagonalcheap,realschur,0.0,0.000130754,0.001463502,0.001337445,4.0e-8,0.003160345,13,0,1.179335829795762e-14,145.5950667550513,8.302285053394563,2.220446049250313e-16,5.335122178043645e-17,9.888548880474203e-15,145.5950667550513,given,7.880038454141526,5.0,4.832333293749307,256
Fasi_4,10,Float64,false,diagonalcheap,realschur,0.0,0.000148123,0.001312936,0.001624114,3.0e-8,0.003307275,13,0,1.179335829795762e-14,145.5950667550513,8.302285053394563,2.220446049250313e-16,5.335122178043645e-17,9.888548880474203e-15,145.5950667550513,given,7.880038454141526,5.0,4.832333293749307,851
Fasi_4,10,Float64,false,taylor,transfree,0.0,0.000637511,0.0011575099999999998,0.002663436,0.000273437,0.005270465,25,1,1.77635683940025e-15,9.229166666666666,1,2.220446049250313e-16,5.08320847283835e-17,7.105427357601002e-15,145.5950667550513,given,7.880038454141526,5.0,4.832333293749307,53
Fasi_4,10,Float64,false,taylor,transfree,0.0,0.0006327640000000001,0.0011110680000000004,0.00264949,0.000340506,0.005207902,25,1,5.855625341741517e-17,9.229166666666667,1,2.220446049250313e-16,5.09331420759911e-17,8.653964175055214e-15,145.5950667550513,given,7.880038454141526,5.0,4.832333293749307,256
Fasi_4,10,Float64,false,taylor,transfree,0.0,0.0007641189999999998,0.0014633220000000002,0.002690309,0.00032415,0.005783884,25,1,5.855625341741517e-17,9.229166666666667,1,2.220446049250313e-16,5.09331420759911e-17,8.653964175055214e-15,145.5950667550513,given,7.880038454141526,5.0,4.832333293749307,851
Fasi_4,10,Float64,false,taylor,complexschur,0.0,0.00033645999999999996,0.0006349979999999999,0.0013913060000000001,0.000147751,0.002805666,25,1,1.77635683940025e-15,9.229166666666666,1,2.220446049250313e-16,5.08320847283835e-17,7.105427357601002e-15,145.5950667550513,given,7.880038454141526,5.0,4.832333293749307,53
Fasi_4,10,Float64,false,taylor,complexschur,0.0,0.00034659899999999995,0.0006621819999999999,0.0015663189999999998,0.000197012,0.003055203,25,1,5.855625341741517e-17,9.229166666666667,1,2.220446049250313e-16,5.09331420759911e-17,8.653964175055214e-15,145.5950667550513,given,7.880038454141526,5.0,4.832333293749307,256
Fasi_4,10,Float64,false,taylor,complexschur,0.0,0.00041266899999999995,0.0008626089999999999,0.001737039,0.000308895,0.0036461,25,1,5.855625341741517e-17,9.229166666666667,1,2.220446049250313e-16,5.09331420759911e-17,8.653964175055214e-15,145.5950667550513,given,7.880038454141526,5.0,4.832333293749307,851
Fasi_4,10,Float64,false,taylor,realschur,0.0,0.000339846,0.0006955950000000001,0.0014432100000000001,0.000156736,0.002960689,25,1,1.77635683940025e-15,9.229166666666666,1,2.220446049250313e-16,5.08320847283835e-17,7.105427357601002e-15,145.5950667550513,given,7.880038454141526,5.0,4.832333293749307,53
Fasi_4,10,Float64,false,taylor,realschur,0.0,0.00036195,0.0006762249999999998,0.001459286,0.000198194,0.002978788,25,1,5.855625341741517e-17,9.229166666666667,1,2.220446049250313e-16,5.09331420759911e-17,8.653964175055214e-15,145.5950667550513,given,7.880038454141526,5.0,4.832333293749307,256
Fasi_4,10,Float64,false,taylor,realschur,0.0,0.0007880380000000001,0.0014905670000000004,0.0032741889999999994,0.000586218,0.006694642,25,1,5.855625341741517e-17,9.229166666666667,1,2.220446049250313e-16,5.09331420759911e-17,8.653964175055214e-15,145.5950667550513,given,7.880038454141526,5.0,4.832333293749307,851
Fasi_5,10,Float64,false,scaling_and_squaring,NaN,NaN,NaN,NaN,NaN,NaN,3.2022e-5,NaN,NaN,NaN,NaN,NaN,2.220446049250313e-16,2.157551251518674e-16,3.888137545904595e-15,18.18281828459045,diag_5120,3.062735480302551,Inf,Inf,53
Fasi_5,10,Float64,false,diagonalcheap,transfree,0.0,3.066e-6,0.0013740750000000002,0.001557417,5.0e-8,0.003185687,9,0,3.378998960057823e-15,18.18281828459045,31.829899749884074,2.220446049250313e-16,4.176188101682195e-17,8.418839309418816e-16,18.18281828459045,diag_5120,3.062735480302551,Inf,Inf,53
Fasi_5,10,Float64,false,diagonalcheap,transfree,0.0,2.6930000000000003e-6,0.0012427399999999996,0.001591271,2.8e-7,0.003061984,9,0,1.793596766677195e-16,18.18281828459045,31.829899749884074,2.220446049250313e-16,2.009862920887028e-22,3.726070686545559e-21,18.18281828459045,diag_5120,3.062735480302551,Inf,Inf,256
Fasi_5,10,Float64,false,diagonalcheap,transfree,0.0,2.935e-6,0.0017291440000000002,0.0018550410000000002,8.0e-8,0.003852424,9,0,1.793596766677195e-16,18.18281828459045,31.829899749884074,2.220446049250313e-16,2.009862920887028e-22,3.726070686545559e-21,18.18281828459045,diag_5120,3.062735480302551,Inf,Inf,851
Fasi_5,10,Float64,false,diagonalcheap,complexschur,0.0,2.533e-6,0.0011666649999999999,0.0015438119999999999,4.0e-8,0.003148494,9,0,3.378998960057823e-15,18.18281828459045,31.829899749884074,2.220446049250313e-16,4.176188101682195e-17,8.418839309418816e-16,18.18281828459045,diag_5120,3.062735480302551,Inf,Inf,53
Fasi_5,10,Float64,false,diagonalcheap,complexschur,0.0,2.365e-6,0.002352715,0.001590628,1.11e-7,0.004199622,9,0,1.793596766677195e-16,18.18281828459045,31.829899749884074,2.220446049250313e-16,2.009862920887028e-22,3.726070686545559e-21,18.18281828459045,diag_5120,3.062735480302551,Inf,Inf,256
Fasi_5,10,Float64,false,diagonalcheap,complexschur,0.0,2.214e-6,0.001453887,0.0018760550000000002,5.0e-8,0.003596877,9,0,1.793596766677195e-16,18.18281828459045,31.829899749884074,2.220446049250313e-16,2.009862920887028e-22,3.726070686545559e-21,18.18281828459045,diag_5120,3.062735480302551,Inf,Inf,851
Fasi_5,10,Float64,false,diagonalcheap,realschur,0.0,2.1340000000000002e-6,0.0011463229999999999,0.001532745,5.0e-8,0.002915965,9,0,3.378998960057823e-15,18.18281828459045,31.829899749884074,2.220446049250313e-16,4.176188101682195e-17,8.418839309418816e-16,18.18281828459045,diag_5120,3.062735480302551,Inf,Inf,53
Fasi_5,10,Float64,false,diagonalcheap,realschur,0.0,2.142e-6,0.0012096740000000002,0.0015723100000000002,4.0e-8,0.003013023,9,0,1.793596766677195e-16,18.18281828459045,31.829899749884074,2.220446049250313e-16,2.009862920887028e-22,3.726070686545559e-21,18.18281828459045,diag_5120,3.062735480302551,Inf,Inf,256
Fasi_5,10,Float64,false,diagonalcheap,realschur,0.0,3.044e-6,0.001495622,0.0019138480000000001,7.0e-8,0.003688687,9,0,1.793596766677195e-16,18.18281828459045,31.829899749884074,2.220446049250313e-16,2.009862920887028e-22,3.726070686545559e-21,18.18281828459045,diag_5120,3.062735480302551,Inf,Inf,851
Fasi_5,10,Float64,false,taylor,transfree,0.0,0.000462825,0.0007063029999999998,0.001572181,4.0e-8,0.003002185,20,0,0,17.66666666666666,1,2.220446049250313e-16,6.721497492807181e-17,1.378562118308431e-15,18.18281828459045,diag_5120,3.062735480302551,Inf,Inf,53
Fasi_5,10,Float64,false,taylor,transfree,0.0,0.0005439469999999999,0.0008519560000000001,0.001899133,4.0e-8,0.003535837,20,0,3.342064444976926e-16,17.66666666666667,1,2.220446049250313e-16,8.84753599500906e-21,1.640238454899729e-19,18.18281828459045,diag_5120,3.062735480302551,Inf,Inf,256
Fasi_5,10,Float64,false,taylor,transfree,0.0,0.0006357159999999999,0.0010328400000000001,0.002225617,9.0e-8,0.004160759,20,0,3.342064444976926e-16,17.66666666666667,1,2.220446049250313e-16,8.84753599500906e-21,1.640238454899729e-19,18.18281828459045,diag_5120,3.062735480302551,Inf,Inf,851
Fasi_5,10,Float64,false,taylor,complexschur,0.0,0.000693875,0.000786263,0.0020591439999999997,4.0e-8,0.003826352,20,0,0,17.66666666666666,1,2.220446049250313e-16,6.721497492807181e-17,1.378562118308431e-15,18.18281828459045,diag_5120,3.062735480302551,Inf,Inf,53
Fasi_5,10,Float64,false,taylor,complexschur,0.0,0.000636371,0.0009828239999999998,0.0027436720000000004,5.1e-8,0.004674307,20,0,3.342064444976926e-16,17.66666666666667,1,2.220446049250313e-16,8.84753599500906e-21,1.640238454899729e-19,18.18281828459045,diag_5120,3.062735480302551,Inf,Inf,256
Fasi_5,10,Float64,false,taylor,complexschur,0.0,0.000755554,0.0011936639999999999,0.002748216,4.0e-8,0.005023598,20,0,3.342064444976926e-16,17.66666666666667,1,2.220446049250313e-16,8.84753599500906e-21,1.640238454899729e-19,18.18281828459045,diag_5120,3.062735480302551,Inf,Inf,851
Fasi_5,10,Float64,false,taylor,realschur,0.0,0.00052072,0.0007769470000000001,0.001905324,5.0e-8,0.003448444,20,0,0,17.66666666666666,1,2.220446049250313e-16,6.721497492807181e-17,1.378562118308431e-15,18.18281828459045,diag_5120,3.062735480302551,Inf,Inf,53
Fasi_5,10,Float64,false,taylor,realschur,0.0,0.000533901,0.0008370469999999998,0.002010974,9.0e-8,0.003634839,20,0,3.342064444976926e-16,17.66666666666667,1,2.220446049250313e-16,8.84753599500906e-21,1.640238454899729e-19,18.18281828459045,diag_5120,3.062735480302551,Inf,Inf,256
Fasi_5,10,Float64,false,taylor,realschur,0.0,0.000658246,0.0010142859999999999,0.002296823,4.0e-8,0.004250535,20,0,3.342064444976926e-16,17.66666666666667,1,2.220446049250313e-16,8.84753599500906e-21,1.640238454899729e-19,18.18281828459045,diag_5120,3.062735480302551,Inf,Inf,851
Fasi_6,3,Float64,true,scaling_and_squaring,NaN,NaN,NaN,NaN,NaN,NaN,1.813e-6,NaN,NaN,NaN,NaN,NaN,2.220446049250313e-16,Inf,Inf,3.033215396802088e+434294,diag_5120,NaN,Inf,Inf,53
Fasi_6,3,Float64,true,diagonalcheap,transfree,1.3402e-5,0.0,0.0,0.0,0.0,6.109e-5,NaN,NaN,NaN,NaN,NaN,2.220446049250313e-16,3.277326200845959e-18,9.940836292748854e+434276,3.033215396802088e+434294,diag_5120,NaN,Inf,Inf,53
Fasi_6,3,Float64,true,diagonalcheap,transfree,7.172e-6,0.0,0.0,0.0,0.0,3.5107e-5,NaN,NaN,NaN,NaN,NaN,2.220446049250313e-16,4.57656483191886e-78,1.388170691263924e+434217,3.033215396802088e+434294,diag_5120,NaN,Inf,Inf,256
Fasi_6,3,Float64,true,diagonalcheap,transfree,6.671e-6,0.0,0.0,0.0,0.0,4.6737e-5,NaN,NaN,NaN,NaN,NaN,2.220446049250313e-16,6.029542596290472e-258,1.828890143874229e+434037,3.033215396802088e+434294,diag_5120,NaN,Inf,Inf,851
Fasi_6,3,Float64,true,diagonalcheap,complexschur,0.0,0.0,0.0,0.0,0.0,0.048719171,0,0,NaN,NaN,1,2.220446049250313e-16,5.820766594442145e-11,1.765563885545317e+434284,3.033215396802088e+434294,diag_5120,NaN,Inf,Inf,53
Fasi_6,3,Float64,true,diagonalcheap,complexschur,0.0,0.0,0.0,0.0,0.0,0.00010378,0,0,NaN,NaN,1,2.220446049250313e-16,4.527835099259185e-72,1.373389913725387e+434223,3.033215396802088e+434294,diag_5120,NaN,Inf,Inf,256
Fasi_6,3,Float64,true,diagonalcheap,complexschur,0.0,0.0,0.0,0.0,0.0,8.1383e-5,0,0,NaN,NaN,1,2.220446049250313e-16,3.491753246891917e-251,1.059123971030624e+434044,3.033215396802088e+434294,diag_5120,NaN,Inf,Inf,851
Fasi_6,3,Float64,true,diagonalcheap,realschur,0.0,0.0,0.0,0.0,0.0,4.0065e-5,0,0,NaN,NaN,1,2.220446049250313e-16,5.820766594442145e-11,1.765563885545317e+434284,3.033215396802088e+434294,diag_5120,NaN,Inf,Inf,53
Fasi_6,3,Float64,true,diagonalcheap,realschur,0.0,0.0,0.0,0.0,0.0,4.3361e-5,0,0,NaN,NaN,1,2.220446049250313e-16,4.527835099259185e-72,1.373389913725387e+434223,3.033215396802088e+434294,diag_5120,NaN,Inf,Inf,256
Fasi_6,3,Float64,true,diagonalcheap,realschur,0.0,0.0,0.0,0.0,0.0,8.1233e-5,0,0,NaN,NaN,1,2.220446049250313e-16,3.491753246891917e-251,1.059123971030624e+434044,3.033215396802088e+434294,diag_5120,NaN,Inf,Inf,851
Fasi_6,3,Float64,true,taylor,transfree,1.0647e-5,0.0,0.0,0.0,0.0,3.655e-5,NaN,NaN,NaN,NaN,NaN,2.220446049250313e-16,3.277326200845959e-18,9.940836292748854e+434276,3.033215396802088e+434294,diag_5120,NaN,Inf,Inf,53
Fasi_6,3,Float64,true,taylor,transfree,5.559e-6,0.0,0.0,0.0,0.0,3.3775e-5,NaN,NaN,NaN,NaN,NaN,2.220446049250313e-16,4.57656483191886e-78,1.388170691263924e+434217,3.033215396802088e+434294,diag_5120,NaN,Inf,Inf,256
Fasi_6,3,Float64,true,taylor,transfree,5.819e-6,0.0,0.0,0.0,0.0,4.7297e-5,NaN,NaN,NaN,NaN,NaN,2.220446049250313e-16,6.029542596290472e-258,1.828890143874229e+434037,3.033215396802088e+434294,diag_5120,NaN,Inf,Inf,851
Fasi_6,3,Float64,true,taylor,complexschur,0.0,0.0,0.0,0.0,0.0,3.626e-5,0,0,NaN,NaN,1,2.220446049250313e-16,5.820766594442145e-11,1.765563885545317e+434284,3.033215396802088e+434294,diag_5120,NaN,Inf,Inf,53
Fasi_6,3,Float64,true,taylor,complexschur,0.0,0.0,0.0,0.0,0.0,3.4927e-5,0,0,NaN,NaN,1,2.220446049250313e-16,4.527835099259185e-72,1.373389913725387e+434223,3.033215396802088e+434294,diag_5120,NaN,Inf,Inf,256
Fasi_6,3,Float64,true,taylor,complexschur,0.0,0.0,0.0,0.0,0.0,5.8996e-5,0,0,NaN,NaN,1,2.220446049250313e-16,3.491753246891917e-251,1.059123971030624e+434044,3.033215396802088e+434294,diag_5120,NaN,Inf,Inf,851
Fasi_6,3,Float64,true,taylor,realschur,0.0,0.0,0.0,0.0,0.0,2.414e-5,0,0,NaN,NaN,1,2.220446049250313e-16,5.820766594442145e-11,1.765563885545317e+434284,3.033215396802088e+434294,diag_5120,NaN,Inf,Inf,53
Fasi_6,3,Float64,true,taylor,realschur,0.0,0.0,0.0,0.0,0.0,3.5749e-5,0,0,NaN,NaN,1,2.220446049250313e-16,4.527835099259185e-72,1.373389913725387e+434223,3.033215396802088e+434294,diag_5120,NaN,Inf,Inf,256
Fasi_6,3,Float64,true,taylor,realschur,0.0,0.0,0.0,0.0,0.0,5.6432e-5,0,0,NaN,NaN,1,2.220446049250313e-16,3.491753246891917e-251,1.059123971030624e+434044,3.033215396802088e+434294,diag_5120,NaN,Inf,Inf,851
Fasi_7,2,Float64,true,scaling_and_squaring,NaN,NaN,NaN,NaN,NaN,NaN,1.412e-6,NaN,NaN,NaN,NaN,NaN,2.220446049250313e-16,Inf,Inf,8.806818225662922e+4342,diag_5120,NaN,1.0e8,1.0e8,53
Fasi_7,2,Float64,true,diagonalcheap,transfree,4.788e-6,0.0,0.0,0.0,0.0,2.6073e-5,NaN,NaN,NaN,NaN,NaN,2.220446049250313e-16,6.595964615590512e-18,5.808946139241025e+4325,8.806818225662922e+4342,diag_5120,NaN,1.0e8,1.0e8,53
Fasi_7,2,Float64,true,diagonalcheap,transfree,4.597e-6,0.0,0.0,0.0,0.0,2.9769e-5,NaN,NaN,NaN,NaN,NaN,2.220446049250313e-16,2.924237604531641e-78,2.575322903175814e+4265,8.806818225662922e+4342,diag_5120,NaN,1.0e8,1.0e8,256
Fasi_7,2,Float64,true,diagonalcheap,transfree,5.769e-6,0.0,0.0,0.0,0.0,4.1608e-5,NaN,NaN,NaN,NaN,NaN,2.220446049250313e-16,9.302050344261638e-258,8.192146650787745e+4085,8.806818225662922e+4342,diag_5120,NaN,1.0e8,1.0e8,851
Fasi_7,2,Float64,true,diagonalcheap,complexschur,0.0,0.0,0.0,0.0,0.0,2.1615e-5,0,0,NaN,NaN,1,2.220446049250313e-16,1.215008890699248e-16,1.070036244295262e+4327,8.806818225662922e+4342,diag_5120,NaN,1.0e8,1.0e8,53
Fasi_7,2,Float64,true,diagonalcheap,complexschur,0.0,0.0,0.0,0.0,0.0,2.8807e-5,0,0,NaN,NaN,1,2.220446049250313e-16,2.924237604531641e-78,2.575322903175814e+4265,8.806818225662922e+4342,diag_5120,NaN,1.0e8,1.0e8,256
Fasi_7,2,Float64,true,diagonalcheap,complexschur,0.0,0.0,0.0,0.0,0.0,4.5434e-5,0,0,NaN,NaN,1,2.220446049250313e-16,5.962696929777166e-257,5.251238799526589e+4086,8.806818225662922e+4342,diag_5120,NaN,1.0e8,1.0e8,851
Fasi_7,2,Float64,true,diagonalcheap,realschur,0.0,0.0,0.0,0.0,0.0,2.3258e-5,0,0,NaN,NaN,1,2.220446049250313e-16,1.215008890699248e-16,1.070036244295262e+4327,8.806818225662922e+4342,diag_5120,NaN,1.0e8,1.0e8,53
Fasi_7,2,Float64,true,diagonalcheap,realschur,0.0,0.0,0.0,0.0,0.0,2.8016e-5,0,0,NaN,NaN,1,2.220446049250313e-16,2.924237604531641e-78,2.575322903175814e+4265,8.806818225662922e+4342,diag_5120,NaN,1.0e8,1.0e8,256
Fasi_7,2,Float64,true,diagonalcheap,realschur,0.0,0.0,0.0,0.0,0.0,4.5124e-5,0,0,NaN,NaN,1,2.220446049250313e-16,5.962696929777166e-257,5.251238799526589e+4086,8.806818225662922e+4342,diag_5120,NaN,1.0e8,1.0e8,851
Fasi_7,2,Float64,true,taylor,transfree,3.857e-6,0.0,0.0,0.0,0.0,1.8841e-5,NaN,NaN,NaN,NaN,NaN,2.220446049250313e-16,6.595964615590512e-18,5.808946139241025e+4325,8.806818225662922e+4342,diag_5120,NaN,1.0e8,1.0e8,53
Fasi_7,2,Float64,true,taylor,transfree,4.397e-6,0.0,0.0,0.0,0.0,2.7234e-5,NaN,NaN,NaN,NaN,NaN,2.220446049250313e-16,2.924237604531641e-78,2.575322903175814e+4265,8.806818225662922e+4342,diag_5120,NaN,1.0e8,1.0e8,256
Fasi_7,2,Float64,true,taylor,transfree,5.149e-6,0.0,0.0,0.0,0.0,3.7662e-5,NaN,NaN,NaN,NaN,NaN,2.220446049250313e-16,9.302050344261638e-258,8.192146650787745e+4085,8.806818225662922e+4342,diag_5120,NaN,1.0e8,1.0e8,851
Fasi_7,2,Float64,true,taylor,complexschur,0.0,0.0,0.0,0.0,0.0,3.1812e-5,0,0,NaN,NaN,1,2.220446049250313e-16,1.215008890699248e-16,1.070036244295262e+4327,8.806818225662922e+4342,diag_5120,NaN,1.0e8,1.0e8,53
Fasi_7,2,Float64,true,taylor,complexschur,0.0,0.0,0.0,0.0,0.0,2.8948e-5,0,0,NaN,NaN,1,2.220446049250313e-16,2.924237604531641e-78,2.575322903175814e+4265,8.806818225662922e+4342,diag_5120,NaN,1.0e8,1.0e8,256
Fasi_7,2,Float64,true,taylor,complexschur,0.0,0.0,0.0,0.0,0.0,4.2189e-5,0,0,NaN,NaN,1,2.220446049250313e-16,5.962696929777166e-257,5.251238799526589e+4086,8.806818225662922e+4342,diag_5120,NaN,1.0e8,1.0e8,851
Fasi_7,2,Float64,true,taylor,realschur,0.0,0.0,0.0,0.0,0.0,2.3007e-5,0,0,NaN,NaN,1,2.220446049250313e-16,1.215008890699248e-16,1.070036244295262e+4327,8.806818225662922e+4342,diag_5120,NaN,1.0e8,1.0e8,53
Fasi_7,2,Float64,true,taylor,realschur,0.0,0.0,0.0,0.0,0.0,2.8567e-5,0,0,NaN,NaN,1,2.220446049250313e-16,2.924237604531641e-78,2.575322903175814e+4265,8.806818225662922e+4342,diag_5120,NaN,1.0e8,1.0e8,256
Fasi_7,2,Float64,true,taylor,realschur,0.0,0.0,0.0,0.0,0.0,4.3831e-5,0,0,NaN,NaN,1,2.220446049250313e-16,5.962696929777166e-257,5.251238799526589e+4086,8.806818225662922e+4342,diag_5120,NaN,1.0e8,1.0e8,851
Fasi_8,2,Float64,true,scaling_and_squaring,NaN,NaN,NaN,NaN,NaN,NaN,8.224e-6,NaN,NaN,NaN,NaN,NaN,2.220446049250313e-16,1.656495750244955e-16,1.152556234571796e-15,7.38905609893065,diag_5120,1.981932178494418,Inf,Inf,53
Fasi_8,2,Float64,true,diagonalcheap,transfree,2.9569e-5,0.0,0.0,0.0,0.0,5.6523e-5,NaN,NaN,NaN,NaN,NaN,2.220446049250313e-16,8.760818973820116e-17,6.238006048284541e-16,7.38905609893065,diag_5120,1.981932178494418,Inf,Inf,53
Fasi_8,2,Float64,true,diagonalcheap,transfree,3.2122e-5,0.0,0.0,0.0,0.0,5.8886e-5,NaN,NaN,NaN,NaN,NaN,2.220446049250313e-16,1.113735131712518e-77,1.036340226611333e-76,7.38905609893065,diag_5120,1.981932178494418,Inf,Inf,256
Fasi_8,2,Float64,true,diagonalcheap,transfree,3.7872e-5,0.0,0.0,0.0,0.0,7.6335e-5,NaN,NaN,NaN,NaN,NaN,2.220446049250313e-16,1.067926463351372e-256,7.957059554037677e-256,7.38905609893065,diag_5120,1.981932178494418,Inf,Inf,851
Fasi_8,2,Float64,true,diagonalcheap,complexschur,5.2546e-5,0.0,0.0,0.0,0.0,0.000102397,0,0,NaN,NaN,1,2.220446049250313e-16,1.656495750244955e-16,1.152556234571796e-15,7.38905609893065,diag_5120,1.981932178494418,Inf,Inf,53
Fasi_8,2,Float64,true,diagonalcheap,complexschur,3.3205e-5,0.0,0.0,0.0,0.0,7.6204e-5,0,0,NaN,NaN,1,2.220446049250313e-16,2.725374174159015e-77,2.03215255112671e-76,7.38905609893065,diag_5120,1.981932178494418,Inf,Inf,256
Fasi_8,2,Float64,true,diagonalcheap,complexschur,4.7387e-5,0.0,0.0,0.0,0.0,9.3432e-5,0,0,NaN,NaN,1,2.220446049250313e-16,3.525911003027752e-257,2.629066169257139e-256,7.38905609893065,diag_5120,1.981932178494418,Inf,Inf,851
Fasi_8,2,Float64,true,diagonalcheap,realschur,2.9738e-5,0.0,0.0,0.0,0.0,5.7905e-5,0,0,NaN,NaN,1,2.220446049250313e-16,1.656495750244955e-16,1.152556234571796e-15,7.38905609893065,diag_5120,1.981932178494418,Inf,Inf,53
Fasi_8,2,Float64,true,diagonalcheap,realschur,3.67e-5,0.0,0.0,0.0,0.0,6.1711e-5,0,0,NaN,NaN,1,2.220446049250313e-16,2.725374174159015e-77,2.03215255112671e-76,7.38905609893065,diag_5120,1.981932178494418,Inf,Inf,256
Fasi_8,2,Float64,true,diagonalcheap,realschur,4.2179e-5,0.0,0.0,0.0,0.0,7.4361e-5,0,0,NaN,NaN,1,2.220446049250313e-16,3.525911003027752e-257,2.629066169257139e-256,7.38905609893065,diag_5120,1.981932178494418,Inf,Inf,851
Fasi_8,2,Float64,true,taylor,transfree,2.7194e-5,0.0,0.0,0.0,0.0,5.1284e-5,NaN,NaN,NaN,NaN,NaN,2.220446049250313e-16,8.760818973820116e-17,6.238006048284541e-16,7.38905609893065,diag_5120,1.981932178494418,Inf,Inf,53
Fasi_8,2,Float64,true,taylor,transfree,3.2513e-5,0.0,0.0,0.0,0.0,5.8956e-5,NaN,NaN,NaN,NaN,NaN,2.220446049250313e-16,1.113735131712518e-77,1.036340226611333e-76,7.38905609893065,diag_5120,1.981932178494418,Inf,Inf,256
Fasi_8,2,Float64,true,taylor,transfree,3.655e-5,0.0,0.0,0.0,0.0,7.2899e-5,NaN,NaN,NaN,NaN,NaN,2.220446049250313e-16,1.067926463351372e-256,7.957059554037677e-256,7.38905609893065,diag_5120,1.981932178494418,Inf,Inf,851
Fasi_8,2,Float64,true,taylor,complexschur,3.6049e-5,0.0,0.0,0.0,0.0,7.2758e-5,0,0,NaN,NaN,1,2.220446049250313e-16,1.656495750244955e-16,1.152556234571796e-15,7.38905609893065,diag_5120,1.981932178494418,Inf,Inf,53
Fasi_8,2,Float64,true,taylor,complexschur,4.0406e-5,0.0,0.0,0.0,0.0,7.7126e-5,0,0,NaN,NaN,1,2.220446049250313e-16,2.725374174159015e-77,2.03215255112671e-76,7.38905609893065,diag_5120,1.981932178494418,Inf,Inf,256
Fasi_8,2,Float64,true,taylor,complexschur,4.6236e-5,0.0,0.0,0.0,0.0,9.3543e-5,0,0,NaN,NaN,1,2.220446049250313e-16,3.525911003027752e-257,2.629066169257139e-256,7.38905609893065,diag_5120,1.981932178494418,Inf,Inf,851
Fasi_8,2,Float64,true,taylor,realschur,2.7855e-5,0.0,0.0,0.0,0.0,5.0292e-5,0,0,NaN,NaN,1,2.220446049250313e-16,1.656495750244955e-16,1.152556234571796e-15,7.38905609893065,diag_5120,1.981932178494418,Inf,Inf,53
Fasi_8,2,Float64,true,taylor,realschur,3.3685e-5,0.0,0.0,0.0,0.0,5.6623e-5,0,0,NaN,NaN,1,2.220446049250313e-16,2.725374174159015e-77,2.03215255112671e-76,7.38905609893065,diag_5120,1.981932178494418,Inf,Inf,256
Fasi_8,2,Float64,true,taylor,realschur,4.1798e-5,0.0,0.0,0.0,0.0,0.000129201,0,0,NaN,NaN,1,2.220446049250313e-16,3.525911003027752e-257,2.629066169257139e-256,7.38905609893065,diag_5120,1.981932178494418,Inf,Inf,851
Fasi_9,10,ComplexF64,false,scaling_and_squaring,NaN,NaN,NaN,NaN,NaN,NaN,0.005396188,NaN,NaN,NaN,NaN,NaN,2.220446049250313e-16,2.648078238221704e-15,2.39124391182813e-06,856571943.0481856,diag_5120,45.50689172408396,1.9646986692097146,1.757564233028689,53
Fasi_9,10,ComplexF64,false,diagonalcheap,transfree,0.0,0.00021363700000000003,0.0022418259999999997,0.008087767999999999,0.001229435,0.633984632,17,1,0,10.40269736838937,11.049423428332732,2.220446049250313e-16,8.841431704264602e-16,7.683311068380816e-07,856571943.0481856,diag_5120,45.50689172408396,1.9646986692097146,1.757564233028689,53
Fasi_9,10,ComplexF64,false,diagonalcheap,transfree,0.0,0.0001108,0.001875831,0.006678898999999999,0.00093222,0.010263516,13,1,1.566074813293881e-22,10.40269736838936,11.04019240526915,2.220446049250313e-16,2.627860279440735e-28,2.515286775637021e-19,856571943.0481856,diag_5120,45.50689172408396,1.9646986692097146,1.757564233028689,256
Fasi_9,10,ComplexF64,false,diagonalcheap,transfree,0.0,0.000119484,0.0019032540000000005,0.009305282,0.002717662,0.01491396,13,1,1.566074813293881e-22,10.40269736838936,11.04019240526915,2.220446049250313e-16,2.627860279440735e-28,2.515286775637021e-19,856571943.0481856,diag_5120,45.50689172408396,1.9646986692097146,1.757564233028689,851
Fasi_9,10,ComplexF64,false,diagonalcheap,complexschur,0.023821214,0.00113198,0.008772373,0.026136188999999997,0.001184151,0.069014086,65,1,0,11.99336670464739,13.622375363181314,2.220446049250313e-16,2.665805761346356e-14,2.334358621747376e-05,856571943.0481856,diag_5120,45.50689172408396,1.9646986692097146,1.757564233028689,53
Fasi_9,10,ComplexF64,false,diagonalcheap,complexschur,0.03287361,0.00020369300000000002,0.0027579860000000005,0.006881007000000001,0.000857678,0.046393269,13,1,8.825118213664817e-22,11.99336670464748,14.517489311953383,2.220446049250313e-16,2.642342900484552e-28,2.51723078279489e-19,856571943.0481856,diag_5120,45.50689172408396,1.9646986692097146,1.757564233028689,256
Fasi_9,10,ComplexF64,false,diagonalcheap,complexschur,0.046950795,0.000266556,0.002533822,0.008126556,0.001363373,0.063586534,13,1,8.825118213664817e-22,11.99336670464748,15.368169695144259,2.220446049250313e-16,2.642342900484552e-28,2.51723078279489e-19,856571943.0481856,diag_5120,45.50689172408396,1.9646986692097146,1.757564233028689,851
Fasi_9,10,ComplexF64,false,taylor,transfree,0.0,0.000417303,0.0012797459999999996,0.0068902220000000005,0.000877581,0.010086943,30,1,0,8.472866040246457,1,2.220446049250313e-16,1.92685648638929e-16,1.820903549851276e-07,856571943.0481856,diag_5120,45.50689172408396,1.9646986692097146,1.757564233028689,53
Fasi_9,10,ComplexF64,false,taylor,transfree,0.0,0.000319983,0.00112743,0.006792581,0.00096274,0.009869649,25,1,1.227559863804221e-15,8.472866040246457,1,2.220446049250313e-16,2.767407819179862e-20,2.601367941250289e-11,856571943.0481856,diag_5120,45.50689172408396,1.9646986692097146,1.757564233028689,256
Fasi_9,10,ComplexF64,false,taylor,transfree,0.0,0.0005689279999999999,0.002213958,0.013401865,0.002355209,0.020059489,25,1,1.227559863804221e-15,8.472866040246457,1,2.220446049250313e-16,2.767407819179862e-20,2.601367941250289e-11,856571943.0481856,diag_5120,45.50689172408396,1.9646986692097146,1.757564233028689,851
Fasi_9,10,ComplexF64,false,taylor,complexschur,0.016842024,0.00056981,0.0018043920000000054,0.10658885399999998,0.000738574,0.128876233,30,1,0,11.21549830996424,1,2.220446049250313e-16,2.662425921889779e-14,2.320190858126382e-05,856571943.0481856,diag_5120,45.50689172408396,1.9646986692097146,1.757564233028689,53
Fasi_9,10,ComplexF64,false,taylor,complexschur,0.025626164,0.000534872,0.001392369,0.007168006,0.000813015,0.038146844,30,1,2.553503172287529e-20,11.21549830996436,1,2.220446049250313e-16,1.841283368779906e-26,1.607291401015523e-17,856571943.0481856,diag_5120,45.50689172408396,1.9646986692097146,1.757564233028689,256
Fasi_9,10,ComplexF64,false,taylor,complexschur,0.041302428,0.000642387,0.0016102040000000003,0.009213878000000002,0.001223904,0.057800391,30,1,3.063391040792953e-20,11.21549830996436,1,2.220446049250313e-16,1.841283368779906e-26,1.607291401015523e-17,856571943.0481856,diag_5120,45.50689172408396,1.9646986692097146,1.757564233028689,851
Fasi_10,2,Float64,false,scaling_and_squaring,NaN,NaN,NaN,NaN,NaN,NaN,1.7228e-5,NaN,NaN,NaN,NaN,NaN,2.220446049250313e-16,2.210518037440436e-15,6.004009190534094e+28,2.715269840218319e+43,given,100.0148973292867,101.0,100.01000099999996,53
Fasi_10,2,Float64,false,diagonalcheap,transfree,0.0,7.4994e-5,0.001127187,0.000184601,4.276e-5,0.001535633,17,4,4.367111936394802e-15,22.28201355699505,22.27237044226386,2.220446049250313e-16,1.841998432433667e-16,4.951760157141521e+27,2.715269840218319e+43,given,100.0148973292867,101.0,100.01000099999996,53
Fasi_10,2,Float64,false,diagonalcheap,transfree,0.0,5.0363000000000006e-5,0.001133887,0.00016833499999999998,6.5276e-5,0.001480584,13,4,4.061909252129112e-21,22.28201355699503,22.27237044226383,2.220446049250313e-16,5.989492075407698e-17,1.611542027225908e+27,2.715269840218319e+43,given,100.0148973292867,101.0,100.01000099999996,256
Fasi_10,2,Float64,false,diagonalcheap,transfree,0.0,3.9334e-5,0.000978513,0.000177459,0.000189599,0.001446528,13,4,4.061909252129112e-21,22.28201355699503,22.27237044226383,2.220446049250313e-16,5.989492075407698e-17,1.611542027225908e+27,2.715269840218319e+43,given,100.0148973292867,101.0,100.01000099999996,851
Fasi_10,2,Float64,false,diagonalcheap,complexschur,0.0,6.8111e-5,0.000902671,0.000138405,3.9975e-5,0.001215421,17,4,4.367111936394802e-15,22.28201355699505,22.27237044226386,2.220446049250313e-16,1.841998432433667e-16,4.951760157141521e+27,2.715269840218319e+43,given,100.0148973292867,101.0,100.01000099999996,53
Fasi_10,2,Float64,false,diagonalcheap,complexschur,0.0,3.6789e-5,0.0008333780000000001,0.000143243,6.5567e-5,0.0011347,13,4,4.061909252129112e-21,22.28201355699503,22.27237044226383,2.220446049250313e-16,5.989492075407698e-17,1.611542027225908e+27,2.715269840218319e+43,given,100.0148973292867,101.0,100.01000099999996,256
Fasi_10,2,Float64,false,diagonalcheap,complexschur,0.0,3.7851999999999996e-5,0.0009258380000000001,0.00017131699999999999,0.000154221,0.001356602,13,4,4.061909252129112e-21,22.28201355699503,22.27237044226383,2.220446049250313e-16,5.989492075407698e-17,1.611542027225908e+27,2.715269840218319e+43,given,100.0148973292867,101.0,100.01000099999996,851
Fasi_10,2,Float64,false,diagonalcheap,realschur,0.0,9.0838e-5,0.001014344,0.000179322,6.4725e-5,0.001411231,17,4,4.367111936394802e-15,22.28201355699505,22.27237044226386,2.220446049250313e-16,1.841998432433667e-16,4.951760157141521e+27,2.715269840218319e+43,given,100.0148973292867,101.0,100.01000099999996,53
Fasi_10,2,Float64,false,diagonalcheap,realschur,0.0,5.9236999999999995e-5,0.001362382,0.00022543600000000003,0.000109318,0.001842323,13,4,4.061909252129112e-21,22.28201355699503,22.27237044226383,2.220446049250313e-16,5.989492075407698e-17,1.611542027225908e+27,2.715269840218319e+43,given,100.0148973292867,101.0,100.01000099999996,256
Fasi_10,2,Float64,false,diagonalcheap,realschur,0.0,6.6566e-5,0.001544647,0.00027681,0.000240361,0.002233972,13,4,4.061909252129112e-21,22.28201355699503,22.27237044226383,2.220446049250313e-16,5.989492075407698e-17,1.611542027225908e+27,2.715269840218319e+43,given,100.0148973292867,101.0,100.01000099999996,851
Fasi_10,2,Float64,false,taylor,transfree,0.0,0.000461181,0.0016548189999999999,0.00026077699999999996,6.735e-5,0.002531006,90,4,0,22.27356117040359,1,2.220446049250313e-16,1.841998432433667e-16,4.951760157141521e+27,2.715269840218319e+43,given,100.0148973292867,101.0,100.01000099999996,53
Fasi_10,2,Float64,false,taylor,transfree,0.0,0.00022223299999999998,0.0008155810000000001,0.000155715,8.2865e-5,0.001361991,36,3,1.798744031478003e-14,127.8073024749756,1,2.220446049250313e-16,5.989492075407698e-17,1.611542027225908e+27,2.715269840218319e+43,given,100.0148973292867,101.0,100.01000099999996,256
Fasi_10,2,Float64,false,taylor,transfree,0.0,0.00022008000000000002,0.001019943,0.000211725,0.000185102,0.001744814,36,3,1.798744031478003e-14,127.8073024749756,1,2.220446049250313e-16,5.989492075407698e-17,1.611542027225908e+27,2.715269840218319e+43,given,100.0148973292867,101.0,100.01000099999996,851
Fasi_10,2,Float64,false,taylor,complexschur,0.0,0.0004883859999999998,0.0014098960000000001,0.000176348,4.0075e-5,0.002203231,90,4,0,22.27356117040359,1,2.220446049250313e-16,1.841998432433667e-16,4.951760157141521e+27,2.715269840218319e+43,given,100.0148973292867,101.0,100.01000099999996,53
Fasi_10,2,Float64,false,taylor,complexschur,0.0,0.000160699,0.000523614,0.00010639400000000001,5.0002e-5,0.000928384,36,3,1.798744031478003e-14,127.8073024749756,1,2.220446049250313e-16,5.989492075407698e-17,1.611542027225908e+27,2.715269840218319e+43,given,100.0148973292867,101.0,100.01000099999996,256
Fasi_10,2,Float64,false,taylor,complexschur,0.0,0.00014249300000000002,0.000622453,0.000148612,0.000115829,0.00114101,36,3,1.798744031478003e-14,127.8073024749756,1,2.220446049250313e-16,5.989492075407698e-17,1.611542027225908e+27,2.715269840218319e+43,given,100.0148973292867,101.0,100.01000099999996,851
Fasi_10,2,Float64,false,taylor,realschur,0.0,0.000349606,0.0012976399999999999,0.00023762299999999998,7.0405e-5,0.002041447,90,4,0,22.27356117040359,1,2.220446049250313e-16,1.841998432433667e-16,4.951760157141521e+27,2.715269840218319e+43,given,100.0148973292867,101.0,100.01000099999996,53
Fasi_10,2,Float64,false,taylor,realschur,0.0,0.000201036,0.0007629259999999997,0.00011109899999999999,8.3737e-5,0.001247964,36,3,1.798744031478003e-14,127.8073024749756,1,2.220446049250313e-16,5.989492075407698e-17,1.611542027225908e+27,2.715269840218319e+43,given,100.0148973292867,101.0,100.01000099999996,256
Fasi_10,2,Float64,false,taylor,realschur,0.0,0.000246762,0.0011275960000000002,0.000255586,0.000192263,0.001975821,36,3,1.798744031478003e-14,127.8073024749756,1,2.220446049250313e-16,5.989492075407698e-17,1.611542027225908e+27,2.715269840218319e+43,given,100.0148973292867,101.0,100.01000099999996,851
Fasi_11,2,Float64,true,scaling_and_squaring,NaN,NaN,NaN,NaN,NaN,NaN,1.9552e-5,NaN,NaN,NaN,NaN,NaN,2.220446049250313e-16,Inf,Inf,5.355208510004607e+434,diag_5120,NaN,1.002002002002002,1.002002002002002,53
Fasi_11,2,Float64,true,diagonalcheap,transfree,3.6369e-5,0.0,0.0,0.0,0.0,8.1884e-5,NaN,NaN,NaN,NaN,NaN,2.220446049250313e-16,6.156729209267387e-17,3.297056865526265e+418,5.355208510004607e+434,diag_5120,NaN,1.002002002002002,1.002002002002002,53
Fasi_11,2,Float64,true,diagonalcheap,transfree,3.8052e-5,0.0,0.0,0.0,0.0,8.4598e-5,NaN,NaN,NaN,NaN,NaN,2.220446049250313e-16,2.391913015913502e-78,1.280919293801077e+357,5.355208510004607e+434,diag_5120,NaN,1.002002002002002,1.002002002002002,256
Fasi_11,2,Float64,true,diagonalcheap,transfree,4.6085e-5,0.0,0.0,0.0,0.0,0.000118213,NaN,NaN,NaN,NaN,NaN,2.220446049250313e-16,1.199162493666866e-257,6.421765190963143e+177,5.355208510004607e+434,diag_5120,NaN,1.002002002002002,1.002002002002002,851
Fasi_11,2,Float64,true,diagonalcheap,complexschur,5.9166e-5,0.0,0.0,0.0,0.0,0.000135901,0,0,NaN,NaN,1,2.220446049250313e-16,2.63393508708665e-16,1.410527159316616e+419,5.355208510004607e+434,diag_5120,NaN,1.002002002002002,1.002002002002002,53
Fasi_11,2,Float64,true,diagonalcheap,complexschur,5.4138e-5,0.0,0.0,0.0,0.0,0.000118673,0,0,NaN,NaN,1,2.220446049250313e-16,8.832557996711541e-75,4.732119439077868e+360,5.355208510004607e+434,diag_5120,NaN,1.002002002002002,1.002002002002002,256
Fasi_11,2,Float64,true,diagonalcheap,complexschur,6.4365e-5,0.0,0.0,0.0,0.0,0.000154672,0,0,NaN,NaN,1,2.220446049250313e-16,1.199162493666866e-257,6.421765190963143e+177,5.355208510004607e+434,diag_5120,NaN,1.002002002002002,1.002002002002002,851
Fasi_11,2,Float64,true,diagonalcheap,realschur,3.6881e-5,0.0,0.0,0.0,0.0,7.8669e-5,0,0,NaN,NaN,1,2.220446049250313e-16,2.63393508708665e-16,1.410527159316616e+419,5.355208510004607e+434,diag_5120,NaN,1.002002002002002,1.002002002002002,53
Fasi_11,2,Float64,true,diagonalcheap,realschur,4.8299e-5,0.0,0.0,0.0,0.0,9.179e-5,0,0,NaN,NaN,1,2.220446049250313e-16,8.832557996711541e-75,4.732119439077868e+360,5.355208510004607e+434,diag_5120,NaN,1.002002002002002,1.002002002002002,256
Fasi_11,2,Float64,true,diagonalcheap,realschur,6.0278e-5,0.0,0.0,0.0,0.0,0.000127989,0,0,NaN,NaN,1,2.220446049250313e-16,1.199162493666866e-257,6.421765190963143e+177,5.355208510004607e+434,diag_5120,NaN,1.002002002002002,1.002002002002002,851
Fasi_11,2,Float64,true,taylor,transfree,3.1361e-5,0.0,0.0,0.0,0.0,6.8692e-5,NaN,NaN,NaN,NaN,NaN,2.220446049250313e-16,6.156729209267387e-17,3.297056865526265e+418,5.355208510004607e+434,diag_5120,NaN,1.002002002002002,1.002002002002002,53
Fasi_11,2,Float64,true,taylor,transfree,4.3291e-5,0.0,0.0,0.0,0.0,8.9647e-5,NaN,NaN,NaN,NaN,NaN,2.220446049250313e-16,2.391913015913502e-78,1.280919293801077e+357,5.355208510004607e+434,diag_5120,NaN,1.002002002002002,1.002002002002002,256
Fasi_11,2,Float64,true,taylor,transfree,4.2189e-5,0.0,0.0,0.0,0.0,0.000113074,NaN,NaN,NaN,NaN,NaN,2.220446049250313e-16,1.199162493666866e-257,6.421765190963143e+177,5.355208510004607e+434,diag_5120,NaN,1.002002002002002,1.002002002002002,851
Fasi_11,2,Float64,true,taylor,complexschur,4.299e-5,0.0,0.0,0.0,0.0,0.000103619,0,0,NaN,NaN,1,2.220446049250313e-16,2.63393508708665e-16,1.410527159316616e+419,5.355208510004607e+434,diag_5120,NaN,1.002002002002002,1.002002002002002,53
Fasi_11,2,Float64,true,taylor,complexschur,5.1584e-5,0.0,0.0,0.0,0.0,0.000117611,0,0,NaN,NaN,1,2.220446049250313e-16,8.832557996711541e-75,4.732119439077868e+360,5.355208510004607e+434,diag_5120,NaN,1.002002002002002,1.002002002002002,256
Fasi_11,2,Float64,true,taylor,complexschur,6.9464e-5,0.0,0.0,0.0,0.0,0.000167823,0,0,NaN,NaN,1,2.220446049250313e-16,1.199162493666866e-257,6.421765190963143e+177,5.355208510004607e+434,diag_5120,NaN,1.002002002002002,1.002002002002002,851
Fasi_11,2,Float64,true,taylor,realschur,4.5654e-5,0.0,0.0,0.0,0.0,8.4588e-5,0,0,NaN,NaN,1,2.220446049250313e-16,2.63393508708665e-16,1.410527159316616e+419,5.355208510004607e+434,diag_5120,NaN,1.002002002002002,1.002002002002002,53
Fasi_11,2,Float64,true,taylor,realschur,6.1209e-5,0.0,0.0,0.0,0.0,0.000115077,0,0,NaN,NaN,1,2.220446049250313e-16,8.832557996711541e-75,4.732119439077868e+360,5.355208510004607e+434,diag_5120,NaN,1.002002002002002,1.002002002002002,256
Fasi_11,2,Float64,true,taylor,realschur,6.8471e-5,0.0,0.0,0.0,0.0,0.000119474,0,0,NaN,NaN,1,2.220446049250313e-16,1.199162493666866e-257,6.421765190963143e+177,5.355208510004607e+434,diag_5120,NaN,1.002002002002002,1.002002002002002,851
Fasi_12,3,Int64,false,scaling_and_squaring,NaN,NaN,NaN,NaN,NaN,NaN,1.804e-5,NaN,NaN,NaN,NaN,NaN,2.220446049250313e-16,4.73884498766731e-16,2.842170943040401e-13,604.6431902391025,given,6.71305683241961,Inf,Inf,53
Fasi_12,3,Int64,false,diagonalcheap,transfree,0.0,0.000270059,0.0028315069999999996,0.000519148,6.32e-6,0.070999728,81,1,5.568585817670452e-15,29.62830538478149,7.08308000587894,2.220446049250313e-16,6.677875017240426e-16,4.263256414560601e-13,604.6431902391025,given,6.71305683241961,Inf,Inf,53
Fasi_12,3,Int64,false,diagonalcheap,transfree,0.0,3.2694e-5,0.0006906439999999999,0.00018860899999999998,7.723e-6,0.000989823,13,1,2.09114022933139e-20,29.62830538478148,7.387676378433373,2.220446049250313e-16,1.502708816714053e-16,1.038046589317561e-13,604.6431902391025,given,6.71305683241961,Inf,Inf,256
Fasi_12,3,Int64,false,diagonalcheap,transfree,0.0,4.3862e-5,0.0007334550000000002,0.00024496800000000003,1.2881e-5,0.001101025,13,1,2.09114022933139e-20,29.62830538478148,7.387676378433373,2.220446049250313e-16,1.502708816714053e-16,1.038046589317561e-13,604.6431902391025,given,6.71305683241961,Inf,Inf,851
Fasi_12,3,Int64,false,diagonalcheap,complexschur,7.1998e-5,0.000131834,0.001205527,0.000476835,3.654e-5,0.002064085,17,1,5.260490156366667e-15,26.83329321367379,5.922785376999771,2.220446049250313e-16,2.009197811469012e-15,1.13686837721616e-12,604.6431902391025,given,6.71305683241961,Inf,Inf,53
Fasi_12,3,Int64,false,diagonalcheap,complexschur,0.00012218,4.7675999999999996e-5,0.000746459,0.000412572,6.0519e-5,0.001530605,13,1,1.470442285622277e-21,20.08553692318766,6.117310436483226,2.220446049250313e-16,1.502707417568106e-16,1.038045745090235e-13,604.6431902391025,given,6.71305683241961,Inf,Inf,256
Fasi_12,3,Int64,false,diagonalcheap,complexschur,0.000218376,5.3417e-5,0.0008318659999999999,0.000555806,9.7499e-5,0.001948337,13,1,1.470442285622277e-21,20.08553692318766,5.803352823887516,2.220446049250313e-16,1.502707489963428e-16,1.038045823422947e-13,604.6431902391025,given,6.71305683241961,Inf,Inf,851
Fasi_12,3,Int64,false,diagonalcheap,realschur,4.27e-5,9.222e-5,0.000905595,0.000203986,1.5555e-5,0.001340014,17,1,5.260490156366667e-15,26.83329321367379,5.922785376999771,2.220446049250313e-16,2.009197811469012e-15,1.13686837721616e-12,604.6431902391025,given,6.71305683241961,Inf,Inf,53
Fasi_12,3,Int64,false,diagonalcheap,realschur,9.5266e-5,4.237e-5,0.0007291479999999999,0.00020762,2.7555e-5,0.001180344,13,1,1.470442285622277e-21,20.08553692318766,6.117310436483226,2.220446049250313e-16,1.502707417568106e-16,1.038045745090235e-13,604.6431902391025,given,6.71305683241961,Inf,Inf,256
Fasi_12,3,Int64,false,diagonalcheap,realschur,0.000181686,4.0375e-5,0.000760873,0.00025254,3.1791e-5,0.001360197,13,1,1.470442285622277e-21,20.08553692318766,5.816759779341122,2.220446049250313e-16,1.50270754065538e-16,1.038045858304202e-13,604.6431902391025,given,6.71305683241961,Inf,Inf,851
Fasi_12,3,Int64,false,taylor,transfree,0.0,8.254499999999999e-5,0.00031090699999999997,0.000122711,5.66e-6,0.000578153,30,1,0,19,1,2.220446049250313e-16,2.589414346199221e-16,1.70530256582424e-13,604.6431902391025,given,6.71305683241961,Inf,Inf,53
Fasi_12,3,Int64,false,taylor,transfree,0.0,0.000106804,0.000322453,0.00013752800000000002,7.703e-6,0.000629175,30,1,6.780863747254154e-19,19,1,2.220446049250313e-16,1.502626963716149e-16,1.037995774061624e-13,604.6431902391025,given,6.71305683241961,Inf,Inf,256
Fasi_12,3,Int64,false,taylor,transfree,0.0,0.000224947,0.000622292,0.00020949299999999997,1.2701e-5,0.001144085,30,1,6.780863747254154e-19,19,1,2.220446049250313e-16,1.502626963716149e-16,1.037995774061624e-13,604.6431902391025,given,6.71305683241961,Inf,Inf,851
Fasi_12,3,Int64,false,taylor,complexschur,5.7443e-5,0.00021089599999999997,0.000466346,0.000436495,3.7672e-5,0.0013435,42,1,0,17.24264068711928,1,2.220446049250313e-16,2.000704466977328e-15,1.051603248924948e-12,604.6431902391025,given,6.71305683241961,Inf,Inf,53
Fasi_12,3,Int64,false,taylor,complexschur,0.000100824,0.00016754299999999998,0.0003986679999999999,0.000364464,4.8229e-5,0.001205606,30,1,8.286097842982756e-20,13,1,2.220446049250313e-16,1.502705806962048e-16,1.038043347164572e-13,604.6431902391025,given,6.71305683241961,Inf,Inf,256
Fasi_12,3,Int64,false,taylor,complexschur,0.000215491,0.000190639,0.0005877289999999999,0.000677894,9.9302e-5,0.002013372,30,1,8.286097842982756e-20,13,1,2.220446049250313e-16,1.502701727431387e-16,1.038038933033385e-13,604.6431902391025,given,6.71305683241961,Inf,Inf,851
Fasi_12,3,Int64,false,taylor,realschur,4.4382e-5,0.00021229799999999998,0.0005117549999999999,0.000266492,2.423e-5,0.001168425,42,1,0,17.24264068711928,1,2.220446049250313e-16,2.000704466977328e-15,1.051603248924948e-12,604.6431902391025,given,6.71305683241961,Inf,Inf,53
Fasi_12,3,Int64,false,taylor,realschur,0.000158509,0.000240511,0.0006401059999999999,0.000266514,4.3221e-5,0.001471809,30,1,8.286097842982756e-20,13,1,2.220446049250313e-16,1.502705806962048e-16,1.038043347164572e-13,604.6431902391025,given,6.71305683241961,Inf,Inf,256
Fasi_12,3,Int64,false,taylor,realschur,0.000303875,0.000245098,0.000837836,0.000329328,5.3427e-5,0.001934263,30,1,8.286097842982756e-20,13,1,2.220446049250313e-16,1.502698870922098e-16,1.038036967437775e-13,604.6431902391025,given,6.71305683241961,Inf,Inf,851
Fasi_13,2,Float64,false,scaling_and_squaring,NaN,NaN,NaN,NaN,NaN,NaN,1.3442e-5,NaN,NaN,NaN,NaN,NaN,2.220446049250313e-16,8.719184390228061e-17,1.497988133080927e-16,1.381773290676036,diag_5120,1,1.0,1.0,53
Fasi_13,2,Float64,false,diagonalcheap,transfree,0.0,1.9529999999999998e-6,0.0007581270000000003,0.000217254,1.21e-7,0.001028607,9,0,0,1.381773290676036,1.8414709848078965,2.220446049250313e-16,5.524585260978994e-17,6.782765415233022e-17,1.381773290676036,diag_5120,1,1.0,1.0,53
Fasi_13,2,Float64,false,diagonalcheap,transfree,0.0,2.023e-6,0.000834999,0.000203053,4.0e-8,0.001090748,9,0,3.777544712010937e-22,1.381773290676036,1.8414709848078965,2.220446049250313e-16,1.416588632364635e-78,1.668091412109352e-78,1.381773290676036,diag_5120,1,1.0,1.0,256
Fasi_13,2,Float64,false,diagonalcheap,transfree,0.0,1.803e-6,0.000602944,0.00017397399999999997,4.0e-8,0.000822331,9,0,3.777544712010937e-22,1.381773290676036,1.8414709848078965,2.220446049250313e-16,6.814389310249789e-257,9.626602297080942e-257,1.381773290676036,diag_5120,1,1.0,1.0,851
Fasi_13,2,Float64,false,diagonalcheap,complexschur,6.7169e-5,0.0,0.0,0.0,0.0,0.000129672,0,0,NaN,NaN,1,2.220446049250313e-16,2.757295604523008e-16,2.898722590773615e-16,1.381773290676036,diag_5120,1,1.0,1.0,53
Fasi_13,2,Float64,false,diagonalcheap,complexschur,9.3763e-5,0.0,0.0,0.0,0.0,0.000187216,0,0,NaN,NaN,1,2.220446049250313e-16,2.717216307800945e-77,3.343520689434404e-77,1.381773290676036,diag_5120,1,1.0,1.0,256
Fasi_13,2,Float64,false,diagonalcheap,complexschur,9.3232e-5,0.0,0.0,0.0,0.0,0.000205926,0,0,NaN,NaN,1,2.220446049250313e-16,6.814389310249789e-257,9.626602297080942e-257,1.381773290676036,diag_5120,1,1.0,1.0,851
Fasi_13,2,Float64,false,diagonalcheap,realschur,0.0,2.524e-6,0.0008745540000000002,0.00021367,5.0e-8,0.001161844,9,0,0,1.381773290676036,1.8414709848078965,2.220446049250313e-16,5.524585260978994e-17,6.782765415233022e-17,1.381773290676036,diag_5120,1,1.0,1.0,53
Fasi_13,2,Float64,false,diagonalcheap,realschur,0.0,2.594e-6,0.000837236,0.000257039,5.0e-8,0.001174124,9,0,3.777544712010937e-22,1.381773290676036,1.8414709848078965,2.220446049250313e-16,1.416588632364635e-78,1.668091412109352e-78,1.381773290676036,diag_5120,1,1.0,1.0,256
Fasi_13,2,Float64,false,diagonalcheap,realschur,0.0,2.334e-6,0.000828849,0.000232561,3.0e-8,0.001130703,9,0,3.777544712010937e-22,1.381773290676036,1.8414709848078965,2.220446049250313e-16,6.814389310249789e-257,9.626602297080942e-257,1.381773290676036,diag_5120,1,1.0,1.0,851
Fasi_13,2,Float64,false,taylor,transfree,0.0,0.0005267770000000001,0.001481607,0.00030650100000000004,6.111e-5,0.002474404,90,3,2.220446049250313e-16,1.116872400614557,1,2.220446049250313e-16,5.524585260978994e-17,6.782765415233022e-17,1.381773290676036,diag_5120,1,1.0,1.0,53
Fasi_13,2,Float64,false,taylor,transfree,0.0,0.00022144000000000002,0.0003633729999999999,0.000137322,4.0e-8,0.000779711,20,0,2.050298068624661e-20,1.333333333333333,1,2.220446049250313e-16,1.416588632364635e-78,1.668091412109352e-78,1.381773290676036,diag_5120,1,1.0,1.0,256
Fasi_13,2,Float64,false,taylor,transfree,0.0,0.00022203099999999998,0.00043111299999999995,0.000174575,4.0e-8,0.000884251,20,0,2.050298068624661e-20,1.333333333333333,1,2.220446049250313e-16,6.814389310249789e-257,9.626602297080942e-257,1.381773290676036,diag_5120,1,1.0,1.0,851
Fasi_13,2,Float64,false,taylor,complexschur,9.5205e-5,0.0,0.0,0.0,0.0,0.000185582,0,0,NaN,NaN,1,2.220446049250313e-16,2.757295604523008e-16,2.898722590773615e-16,1.381773290676036,diag_5120,1,1.0,1.0,53
Fasi_13,2,Float64,false,taylor,complexschur,8.1292e-5,0.0,0.0,0.0,0.0,0.000161283,0,0,NaN,NaN,1,2.220446049250313e-16,2.717216307800945e-77,3.343520689434404e-77,1.381773290676036,diag_5120,1,1.0,1.0,256
Fasi_13,2,Float64,false,taylor,complexschur,9.9141e-5,0.0,0.0,0.0,0.0,0.000217815,0,0,NaN,NaN,1,2.220446049250313e-16,6.814389310249789e-257,9.626602297080942e-257,1.381773290676036,diag_5120,1,1.0,1.0,851
Fasi_13,2,Float64,false,taylor,realschur,0.0,0.000546179,0.0014172959999999995,0.000270736,5.7253e-5,0.002395996,90,3,2.220446049250313e-16,1.116872400614557,1,2.220446049250313e-16,5.524585260978994e-17,6.782765415233022e-17,1.381773290676036,diag_5120,1,1.0,1.0,53
Fasi_13,2,Float64,false,taylor,realschur,0.0,0.000166812,0.000287089,0.00012073800000000001,4.0e-8,0.000642378,20,0,2.050298068624661e-20,1.333333333333333,1,2.220446049250313e-16,1.416588632364635e-78,1.668091412109352e-78,1.381773290676036,diag_5120,1,1.0,1.0,256
Fasi_13,2,Float64,false,taylor,realschur,0.0,0.000138055,0.00029505000000000004,0.00011080000000000001,3.0e-8,0.00060683,20,0,2.050298068624661e-20,1.333333333333333,1,2.220446049250313e-16,6.814389310249789e-257,9.626602297080942e-257,1.381773290676036,diag_5120,1,1.0,1.0,851
Fasi_14,10,Int64,true,scaling_and_squaring,NaN,NaN,NaN,NaN,NaN,NaN,2.925e-6,NaN,NaN,NaN,NaN,NaN,2.220446049250313e-16,5.278697242164475e-17,1.44564689172925e-16,2.718281828459045,diag_5120,0.9925651190069406,Inf,Inf,53
Fasi_14,10,Int64,true,diagonalcheap,transfree,1.4574e-5,0.0,0.0,0.0,0.0,0.000226269,NaN,NaN,NaN,NaN,NaN,2.220446049250313e-16,5.278697242164475e-17,1.44564689172925e-16,2.718281828459045,diag_5120,0.9925651190069406,Inf,Inf,53
Fasi_14,10,Int64,true,diagonalcheap,transfree,8.394e-6,0.0,0.0,0.0,0.0,0.000245881,NaN,NaN,NaN,NaN,NaN,2.220446049250313e-16,2.533764375954287e-78,6.939076871494666e-78,2.718281828459045,diag_5120,0.9925651190069406,Inf,Inf,256
Fasi_14,10,Int64,true,diagonalcheap,transfree,8.424e-6,0.0,0.0,0.0,0.0,0.000228523,NaN,NaN,NaN,NaN,NaN,2.220446049250313e-16,2.240428063686055e-257,6.135733340680595e-257,2.718281828459045,diag_5120,0.9925651190069406,Inf,Inf,851
Fasi_14,10,Int64,true,diagonalcheap,complexschur,0.0,0.0,0.0,0.0,0.0,5.6562e-5,0,0,NaN,NaN,1,2.220446049250313e-16,5.278697242164475e-17,1.44564689172925e-16,2.718281828459045,diag_5120,0.9925651190069406,Inf,Inf,53
Fasi_14,10,Int64,true,diagonalcheap,complexschur,0.0,0.0,0.0,0.0,0.0,7.1446e-5,0,0,NaN,NaN,1,2.220446049250313e-16,2.533764375954287e-78,6.939076871494666e-78,2.718281828459045,diag_5120,0.9925651190069406,Inf,Inf,256
Fasi_14,10,Int64,true,diagonalcheap,complexschur,0.0,0.0,0.0,0.0,0.0,0.000122279,0,0,NaN,NaN,1,2.220446049250313e-16,2.240428063686055e-257,6.135733340680595e-257,2.718281828459045,diag_5120,0.9925651190069406,Inf,Inf,851
Fasi_14,10,Int64,true,diagonalcheap,realschur,0.0,0.0,0.0,0.0,0.0,6.128e-5,0,0,NaN,NaN,1,2.220446049250313e-16,5.278697242164475e-17,1.44564689172925e-16,2.718281828459045,diag_5120,0.9925651190069406,Inf,Inf,53
Fasi_14,10,Int64,true,diagonalcheap,realschur,0.0,0.0,0.0,0.0,0.0,7.1767e-5,0,0,NaN,NaN,1,2.220446049250313e-16,2.533764375954287e-78,6.939076871494666e-78,2.718281828459045,diag_5120,0.9925651190069406,Inf,Inf,256
Fasi_14,10,Int64,true,diagonalcheap,realschur,0.0,0.0,0.0,0.0,0.0,0.000117101,0,0,NaN,NaN,1,2.220446049250313e-16,2.240428063686055e-257,6.135733340680595e-257,2.718281828459045,diag_5120,0.9925651190069406,Inf,Inf,851
Fasi_14,10,Int64,true,taylor,transfree,7.663e-6,0.0,0.0,0.0,0.0,0.000151277,NaN,NaN,NaN,NaN,NaN,2.220446049250313e-16,5.278697242164475e-17,1.44564689172925e-16,2.718281828459045,diag_5120,0.9925651190069406,Inf,Inf,53
Fasi_14,10,Int64,true,taylor,transfree,8.454e-6,0.0,0.0,0.0,0.0,0.000177219,NaN,NaN,NaN,NaN,NaN,2.220446049250313e-16,2.533764375954287e-78,6.939076871494666e-78,2.718281828459045,diag_5120,0.9925651190069406,Inf,Inf,256
Fasi_14,10,Int64,true,taylor,transfree,9.666e-6,0.0,0.0,0.0,0.0,0.000231047,NaN,NaN,NaN,NaN,NaN,2.220446049250313e-16,2.240428063686055e-257,6.135733340680595e-257,2.718281828459045,diag_5120,0.9925651190069406,Inf,Inf,851
Fasi_14,10,Int64,true,taylor,complexschur,0.0,0.0,0.0,0.0,0.0,6.1691e-5,0,0,NaN,NaN,1,2.220446049250313e-16,5.278697242164475e-17,1.44564689172925e-16,2.718281828459045,diag_5120,0.9925651190069406,Inf,Inf,53
Fasi_14,10,Int64,true,taylor,complexschur,0.0,0.0,0.0,0.0,0.0,7.2869e-5,0,0,NaN,NaN,1,2.220446049250313e-16,2.533764375954287e-78,6.939076871494666e-78,2.718281828459045,diag_5120,0.9925651190069406,Inf,Inf,256
Fasi_14,10,Int64,true,taylor,complexschur,0.0,0.0,0.0,0.0,0.0,0.000115157,0,0,NaN,NaN,1,2.220446049250313e-16,2.240428063686055e-257,6.135733340680595e-257,2.718281828459045,diag_5120,0.9925651190069406,Inf,Inf,851
Fasi_14,10,Int64,true,taylor,realschur,0.0,0.0,0.0,0.0,0.0,5.9657e-5,0,0,NaN,NaN,1,2.220446049250313e-16,5.278697242164475e-17,1.44564689172925e-16,2.718281828459045,diag_5120,0.9925651190069406,Inf,Inf,53
Fasi_14,10,Int64,true,taylor,realschur,0.0,0.0,0.0,0.0,0.0,7.3069e-5,0,0,NaN,NaN,1,2.220446049250313e-16,2.533764375954287e-78,6.939076871494666e-78,2.718281828459045,diag_5120,0.9925651190069406,Inf,Inf,256
Fasi_14,10,Int64,true,taylor,realschur,0.0,0.0,0.0,0.0,0.0,0.000120066,0,0,NaN,NaN,1,2.220446049250313e-16,2.240428063686055e-257,6.135733340680595e-257,2.718281828459045,diag_5120,0.9925651190069406,Inf,Inf,851
Fasi_15,3,Int64,false,scaling_and_squaring,NaN,NaN,NaN,NaN,NaN,NaN,2.1475e-5,NaN,NaN,NaN,NaN,NaN,2.220446049250313e-16,4.870539522172338e-14,2.713571592613859e+32,5.535464111892338e+45,diag_5120,150.3859396574688,27.30637436762227,23.815606194275084,53
Fasi_15,3,Int64,false,diagonalcheap,transfree,0.0,0.00047246,0.007001730000000001,0.000851875,8.9065e-5,0.008550474,91,7,2.616311771902532e-16,1.38242458215497,1.558210448686621,2.220446049250313e-16,1.176942687910682e-15,5.357039294660268e+30,5.535464111892338e+45,diag_5120,150.3859396574688,27.30637436762227,23.815606194275084,53
Fasi_15,3,Int64,false,diagonalcheap,transfree,0.0,4.6865e-5,0.001220239,0.001589883,5.4989e-5,0.003036448,13,4,7.492003089462787e-18,11.46550563070099,26.48377904922926,2.220446049250313e-16,8.23260088955186e-25,4.557141452548702e+21,5.535464111892338e+45,diag_5120,150.3859396574688,27.30637436762227,23.815606194275084,256
Fasi_15,3,Int64,false,diagonalcheap,transfree,0.0,6.4433e-5,0.001792912,0.000460229,9.0788e-5,0.002561714,13,4,7.492003089462787e-18,11.46550563070099,26.48377904922926,2.220446049250313e-16,8.23260088955186e-25,4.557141452548702e+21,5.535464111892338e+45,diag_5120,150.3859396574688,27.30637436762227,23.815606194275084,851
Fasi_15,3,Int64,false,diagonalcheap,complexschur,0.000180023,0.0006841259999999999,0.007171701999999999,0.001476074,0.000296784,0.071770638,91,6,2.959098825356364e-16,1.775173969076401,2.2321458908122027,2.220446049250313e-16,2.370178965286174e-14,1.325083991550766e+32,5.535464111892338e+45,diag_5120,150.3859396574688,27.30637436762227,23.815606194275084,53
Fasi_15,3,Int64,false,diagonalcheap,complexschur,0.000178641,6.8702e-5,0.0013017619999999997,0.00043435800000000003,0.000195228,0.002367238,13,4,4.751817910663644e-18,9.930330053170414,22.721656109876516,2.220446049250313e-16,1.318152164858994e-24,8.822156732511791e+21,5.535464111892338e+45,diag_5120,150.3859396574688,27.30637436762227,23.815606194275084,256
Fasi_15,3,Int64,false,diagonalcheap,complexschur,0.000261156,5.9837e-5,0.001299098,0.0006508719999999999,0.000337019,0.002838235,13,4,4.751817910663644e-18,9.930330053170414,22.721656109876516,2.220446049250313e-16,1.318152164858994e-24,8.822156732511791e+21,5.535464111892338e+45,diag_5120,150.3859396574688,27.30637436762227,23.815606194275084,851
Fasi_15,3,Int64,false,diagonalcheap,realschur,0.00010435,0.000433506,0.004393871000000001,0.000588309,8.8745e-5,0.005735667,91,6,2.959098825356364e-16,1.775173969076401,2.2321458908122027,2.220446049250313e-16,2.370178965286174e-14,1.325083991550766e+32,5.535464111892338e+45,diag_5120,150.3859396574688,27.30637436762227,23.815606194275084,53
Fasi_15,3,Int64,false,diagonalcheap,realschur,0.000170408,4.6345e-5,0.0009799160000000002,0.000220009,9.9212e-5,0.001621873,13,4,4.751817910663644e-18,9.930330053170414,22.721656109876516,2.220446049250313e-16,1.318152164858994e-24,8.822156732511791e+21,5.535464111892338e+45,diag_5120,150.3859396574688,27.30637436762227,23.815606194275084,256
Fasi_15,3,Int64,false,diagonalcheap,realschur,0.000253604,4.4922e-5,0.001053686,0.000291987,0.000238699,0.002002333,13,4,4.751817910663644e-18,9.930330053170414,22.721656109876516,2.220446049250313e-16,1.318152164858994e-24,8.822156732511791e+21,5.535464111892338e+45,diag_5120,150.3859396574688,27.30637436762227,23.815606194275084,851
Fasi_15,3,Int64,false,taylor,transfree,0.0,0.000305337,0.0008124229999999998,0.00028198000000000003,1.7849e-5,0.001505644,72,3,0,115.3421967431841,1,2.220446049250313e-16,2.456601019270867e-16,1.466423656544392e+30,5.535464111892338e+45,diag_5120,150.3859396574688,27.30637436762227,23.815606194275084,53
Fasi_15,3,Int64,false,taylor,transfree,0.0,0.000200008,0.0006188599999999999,0.00021282400000000002,2.1765e-5,0.00113473,42,3,2.268292623460225e-14,115.3421967431842,1,2.220446049250313e-16,4.350374098995646e-26,2.408141779794354e+20,5.535464111892338e+45,diag_5120,150.3859396574688,27.30637436762227,23.815606194275084,256
Fasi_15,3,Int64,false,taylor,transfree,0.0,0.00020656699999999998,0.000760439,0.00027915300000000003,3.629e-5,0.001378867,42,3,2.268292623460225e-14,115.3421967431842,1,2.220446049250313e-16,4.350374098995646e-26,2.408141779794354e+20,5.535464111892338e+45,diag_5120,150.3859396574688,27.30637436762227,23.815606194275084,851
Fasi_15,3,Int64,false,taylor,complexschur,0.000107144,0.00022533600000000003,0.0006527330000000002,0.000464699,0.000171569,0.001838186,42,3,0,112.7262515498957,1,2.220446049250313e-16,2.370178965286174e-14,1.325083991550766e+32,5.535464111892338e+45,diag_5120,150.3859396574688,27.30637436762227,23.815606194275084,53
Fasi_15,3,Int64,false,taylor,complexschur,0.000195268,0.00037762500000000003,0.0010415659999999998,0.0007942240000000001,0.000244579,0.002917725,42,3,1.585942026354161e-14,112.7262515498958,1,2.220446049250313e-16,3.621450293517962e-19,2.424112959232691e+27,5.535464111892338e+45,diag_5120,150.3859396574688,27.30637436762227,23.815606194275084,256
Fasi_15,3,Int64,false,taylor,complexschur,0.00045355,0.00038411700000000006,0.0014195260000000002,0.0009999800000000001,0.000420245,0.003994269,42,3,1.585942026354161e-14,112.7262515498958,1,2.220446049250313e-16,3.621450293517962e-19,2.424112959232691e+27,5.535464111892338e+45,diag_5120,150.3859396574688,27.30637436762227,23.815606194275084,851
Fasi_15,3,Int64,false,taylor,realschur,0.000157346,0.00032078400000000006,0.0009651099999999998,0.00030491700000000004,8.3386e-5,0.001984875,42,3,0,112.7262515498957,1,2.220446049250313e-16,2.370178965286174e-14,1.325083991550766e+32,5.535464111892338e+45,diag_5120,150.3859396574688,27.30637436762227,23.815606194275084,53
Fasi_15,3,Int64,false,taylor,realschur,0.000242055,0.000301552,0.0009994479999999996,0.000317999,7.6024e-5,0.002069523,42,3,1.585942026354161e-14,112.7262515498958,1,2.220446049250313e-16,3.621450293517962e-19,2.424112959232691e+27,5.535464111892338e+45,diag_5120,150.3859396574688,27.30637436762227,23.815606194275084,256
Fasi_15,3,Int64,false,taylor,realschur,0.000253243,0.000344874,0.0010390729999999997,0.000293105,0.000170498,0.002254594,42,3,1.585942026354161e-14,112.7262515498958,1,2.220446049250313e-16,3.621450293517962e-19,2.424112959232691e+27,5.535464111892338e+45,diag_5120,150.3859396574688,27.30637436762227,23.815606194275084,851
Fasi_16,3,Float64,false,scaling_and_squaring,NaN,NaN,NaN,NaN,NaN,NaN,1.9031e-5,NaN,NaN,NaN,NaN,NaN,2.220446049250313e-16,4.818530734304405e-16,1.190626426897774e-14,20.08553692318793,diag_5120,2.992591278694038,Inf,3.802951800684682e30,53
Fasi_16,3,Float64,false,diagonalcheap,transfree,0.0,0.0002087,0.002221387,0.00041000099999999995,6.0e-8,0.002933821,49,0,4.02696862069736e-15,20.08553692318793,5.711951459868429,2.220446049250313e-16,7.574121980988009e-16,1.461453775958405e-14,20.08553692318793,diag_5120,2.992591278694038,Inf,3.802951800684682e30,53
Fasi_16,3,Float64,false,diagonalcheap,transfree,0.0,3.2843e-5,0.000751396,0.000238448,4.0e-8,0.001089956,13,0,1.470442285622445e-21,20.08553692318794,5.91674831713232,2.220446049250313e-16,7.302821555305936e-23,1.470442285622399e-21,20.08553692318793,diag_5120,2.992591278694038,Inf,3.802951800684682e30,256
Fasi_16,3,Float64,false,diagonalcheap,transfree,0.0,6.2882e-5,0.0009864079999999998,0.000370292,4.0e-8,0.001488987,13,0,1.470442285622445e-21,20.08553692318794,5.91674831713232,2.220446049250313e-16,7.302821555305936e-23,1.470442285622399e-21,20.08553692318793,diag_5120,2.992591278694038,Inf,3.802951800684682e30,851
Fasi_16,3,Float64,false,diagonalcheap,complexschur,0.000125765,0.000171981,0.001378808,0.0005992549999999999,4.0e-8,0.002399921,21,0,4.091195085187308e-15,20.08553692318784,4.606276165287392,2.220446049250313e-16,5.881081837025295e-16,1.118637464322552e-14,20.08553692318793,diag_5120,2.992591278694038,Inf,3.802951800684682e30,53
Fasi_16,3,Float64,false,diagonalcheap,complexschur,0.000201308,5.0743e-5,0.000739585,0.000383134,4.0e-8,0.001480202,13,0,1.470442285622392e-21,20.08553692318779,4.687561237849216,2.220446049250313e-16,3.822035017033063e-38,1.088345921253612e-36,20.08553692318793,diag_5120,2.992591278694038,Inf,3.802951800684682e30,256
Fasi_16,3,Float64,false,diagonalcheap,complexschur,0.000210423,4.8579000000000004e-5,0.000811393,0.000510053,4.0e-8,0.001703246,13,0,1.470442285622392e-21,20.08553692318779,4.687561237849216,2.220446049250313e-16,3.822035017033063e-38,1.088345921253612e-36,20.08553692318793,diag_5120,2.992591278694038,Inf,3.802951800684682e30,851
Fasi_16,3,Float64,false,diagonalcheap,realschur,7.1116e-5,0.00010676399999999998,0.000897827,0.00023643399999999997,4.0e-8,0.001370383,21,0,4.091195085187308e-15,20.08553692318784,4.606276165287392,2.220446049250313e-16,5.881081837025295e-16,1.118637464322552e-14,20.08553692318793,diag_5120,2.992591278694038,Inf,3.802951800684682e30,53
Fasi_16,3,Float64,false,diagonalcheap,realschur,0.000170878,3.8763e-5,0.0006356650000000001,0.000188576,3.0e-8,0.001088173,13,0,1.470442285622392e-21,20.08553692318778,4.687561237849216,2.220446049250313e-16,3.822035017033063e-38,1.088345921253612e-36,20.08553692318793,diag_5120,2.992591278694038,Inf,3.802951800684682e30,256
Fasi_16,3,Float64,false,diagonalcheap,realschur,0.000219948,4.090699999999999e-5,0.0006973660000000002,0.000265551,4.0e-8,0.001290814,13,0,1.470442285622392e-21,20.08553692318778,4.687561237849216,2.220446049250313e-16,3.822035017033063e-38,1.088345921253612e-36,20.08553692318793,diag_5120,2.992591278694038,Inf,3.802951800684682e30,851
Fasi_16,3,Float64,false,taylor,transfree,0.0,8.309599999999999e-5,0.00033186300000000006,0.000127938,4.0e-8,0.000581968,30,0,0,13.00000000000013,1,2.220446049250313e-16,1.043356231647793e-16,2.13075200888782e-15,20.08553692318793,diag_5120,2.992591278694038,Inf,3.802951800684682e30,53
Fasi_16,3,Float64,false,taylor,transfree,0.0,0.000115759,0.00032041900000000006,0.000161504,3.0e-8,0.000642247,30,0,8.28609784298371e-20,13.00000000000013,1,2.220446049250313e-16,4.115217205651913e-21,8.286097842983539e-20,20.08553692318793,diag_5120,2.992591278694038,Inf,3.802951800684682e30,256
Fasi_16,3,Float64,false,taylor,transfree,0.0,0.000169126,0.0004744100000000002,0.000191716,4.0e-8,0.000886134,30,0,8.28609784298371e-20,13.00000000000013,1,2.220446049250313e-16,4.115217205651913e-21,8.286097842983539e-20,20.08553692318793,diag_5120,2.992591278694038,Inf,3.802951800684682e30,851
Fasi_16,3,Float64,false,taylor,complexschur,8.6411e-5,0.000179252,0.00041699900000000004,0.00034580299999999994,3.0e-8,0.001133898,30,0,0,13.00000000000007,1,2.220446049250313e-16,5.881081837025295e-16,1.118637464322552e-14,20.08553692318793,diag_5120,2.992591278694038,Inf,3.802951800684682e30,53
Fasi_16,3,Float64,false,taylor,complexschur,0.000166271,0.000189417,0.0004695150000000001,0.000567495,5.0e-8,0.001574055,30,0,8.286097842983481e-20,13.00000000000007,1,2.220446049250313e-16,2.153757166813266e-36,6.132944406384744e-35,20.08553692318793,diag_5120,2.992591278694038,Inf,3.802951800684682e30,256
Fasi_16,3,Float64,false,taylor,complexschur,0.000366527,0.00029875599999999996,0.0008565740000000001,0.00079031,4.0e-8,0.002543565,30,0,8.286097842983481e-20,13.00000000000007,1,2.220446049250313e-16,2.153757166813266e-36,6.132944406384744e-35,20.08553692318793,diag_5120,2.992591278694038,Inf,3.802951800684682e30,851
Fasi_16,3,Float64,false,taylor,realschur,0.000115849,0.00026329,0.0006527920000000001,0.00024262600000000002,4.1e-8,0.001361979,30,0,0,13.00000000000007,1,2.220446049250313e-16,5.881081837025295e-16,1.118637464322552e-14,20.08553692318793,diag_5120,2.992591278694038,Inf,3.802951800684682e30,53
Fasi_16,3,Float64,false,taylor,realschur,0.00027616,0.000255197,0.0006139009999999999,0.00026257799999999997,5.0e-8,0.001501247,30,0,8.286097842983481e-20,13.00000000000007,1,2.220446049250313e-16,2.153757166813266e-36,6.132944406384744e-35,20.08553692318793,diag_5120,2.992591278694038,Inf,3.802951800684682e30,256
Fasi_16,3,Float64,false,taylor,realschur,0.000361059,0.00024591,0.000757711,0.000357565,5.0e-8,0.001837144,30,0,8.286097842983481e-20,13.00000000000007,1,2.220446049250313e-16,2.153757166813266e-36,6.132944406384744e-35,20.08553692318793,diag_5120,2.992591278694038,Inf,3.802951800684682e30,851
Fasi_17,3,Float64,false,scaling_and_squaring,NaN,NaN,NaN,NaN,NaN,NaN,1.7459e-5,NaN,NaN,NaN,NaN,NaN,2.220446049250313e-16,1.513501680019991e-14,9.193978693092416e+29,6.071617490886706e+43,diag_5120,101.1213740824729,324.60439560439556,223.97701774035167,53
Fasi_17,3,Float64,false,diagonalcheap,transfree,0.0,0.000419395,0.005604905000000002,0.0006687300000000001,5.2887e-5,0.006876096,91,9,2.385161536541583e-16,1.152992869019963,1.1223498652243948,2.220446049250313e-16,4.238618507619744e-14,2.572521496504995e+30,6.071617490886706e+43,diag_5120,101.1213740824729,324.60439560439556,223.97701774035167,53
Fasi_17,3,Float64,false,diagonalcheap,transfree,0.0,4.4593e-5,0.0010295379999999998,0.000216253,2.9037e-5,0.001425393,13,4,3.527069181246655e-17,64.749200417046,30.4916185990495,2.220446049250313e-16,5.326570860867439e-18,3.23409008052902e+26,6.071617490886706e+43,diag_5120,101.1213740824729,324.60439560439556,223.97701774035167,256
Fasi_17,3,Float64,false,diagonalcheap,transfree,0.0,6.497600000000001e-5,0.001268217,0.000267045,4.885e-5,0.001741759,13,4,3.527069181246655e-17,64.749200417046,30.4916185990495,2.220446049250313e-16,5.326570860867439e-18,3.23409008052902e+26,6.071617490886706e+43,diag_5120,101.1213740824729,324.60439560439556,223.97701774035167,851
Fasi_17,3,Float64,false,diagonalcheap,complexschur,0.000151016,0.0005185220000000001,0.005562748000000001,0.0014961549999999999,0.000282481,0.008196557,91,7,2.867239465636592e-16,1.666828408293559,1.495709457518147,2.220446049250313e-16,1.721126478395962e-14,1.0458319430563e+30,6.071617490886706e+43,diag_5120,101.1213740824729,324.60439560439556,223.97701774035167,53
Fasi_17,3,Float64,false,diagonalcheap,complexschur,0.000345022,7.6343e-5,0.0018162899999999997,0.000725363,0.000334615,0.003579564,13,4,1.983603544379401e-17,59.58365623789271,25.577123546879058,2.220446049250313e-16,1.381840144935285e-20,6.847462987301541e+23,6.071617490886706e+43,diag_5120,101.1213740824729,324.60439560439556,223.97701774035167,256
Fasi_17,3,Float64,false,diagonalcheap,complexschur,0.000525767,7.924800000000001e-5,0.0018798320000000003,0.000804985,0.000553822,0.004112051,13,4,1.983603544379401e-17,59.58365623789271,25.577123546879058,2.220446049250313e-16,1.381840144935285e-20,6.847462987301541e+23,6.071617490886706e+43,diag_5120,101.1213740824729,324.60439560439556,223.97701774035167,851
Fasi_17,3,Float64,false,diagonalcheap,realschur,0.000176387,0.000658649,0.006421865000000001,0.0006770029999999999,0.000107335,0.008186271,91,7,2.867239465636592e-16,1.666828408293559,1.495709457518147,2.220446049250313e-16,1.721126478395962e-14,1.0458319430563e+30,6.071617490886706e+43,diag_5120,101.1213740824729,324.60439560439556,223.97701774035167,53
Fasi_17,3,Float64,false,diagonalcheap,realschur,0.000210503,4.7147e-5,0.001049011,0.000212026,0.000101805,0.001734256,13,4,1.983603544379401e-17,59.58365623789272,25.577123546879058,2.220446049250313e-16,1.381840144935285e-20,6.847462987301541e+23,6.071617490886706e+43,diag_5120,101.1213740824729,324.60439560439556,223.97701774035167,256
Fasi_17,3,Float64,false,diagonalcheap,realschur,0.000302783,4.7415e-5,0.00111627,0.000281419,0.000236535,0.002111411,13,4,1.983603544379401e-17,59.58365623789272,25.577123546879058,2.220446049250313e-16,1.381840144935285e-20,6.847462987301541e+23,6.071617490886706e+43,diag_5120,101.1213740824729,324.60439560439556,223.97701774035167,851
Fasi_17,3,Float64,false,taylor,transfree,0.0,0.00021396099999999998,0.0007036360000000001,0.0002088,2.3779e-5,0.001235293,42,4,7.105427357601002e-15,49.9437616768851,1,2.220446049250313e-16,5.943127202790492e-15,3.603226463020202e+29,6.071617490886706e+43,diag_5120,101.1213740824729,324.60439560439556,223.97701774035167,53
Fasi_17,3,Float64,false,taylor,transfree,0.0,0.00015848,0.00063306,0.00018589399999999995,2.9388e-5,0.001101064,30,4,1.92812907662746e-15,49.94376167688513,1,2.220446049250313e-16,3.371655610943973e-16,2.047140318065373e+28,6.071617490886706e+43,diag_5120,101.1213740824729,324.60439560439556,223.97701774035167,256
Fasi_17,3,Float64,false,taylor,transfree,0.0,0.000202019,0.000845467,0.00025502500000000003,4.939e-5,0.001458096,30,4,1.92812907662746e-15,49.94376167688513,1,2.220446049250313e-16,3.371655610943973e-16,2.047140318065373e+28,6.071617490886706e+43,diag_5120,101.1213740824729,324.60439560439556,223.97701774035167,851
Fasi_17,3,Float64,false,taylor,complexschur,0.000163466,0.000189302,0.000733655,0.00046086999999999994,0.000156085,0.001895419,30,4,0,45.95856951768356,1,2.220446049250313e-16,1.721126478395962e-14,1.0458319430563e+30,6.071617490886706e+43,diag_5120,101.1213740824729,324.60439560439556,223.97701774035167,53
Fasi_17,3,Float64,false,taylor,complexschur,0.000193074,0.000240232,0.0009807490000000004,0.000641197,0.000207758,0.002474503,30,4,1.255597305469035e-15,45.95856951768358,1,2.220446049250313e-16,8.746882750407207e-19,4.334362126270738e+25,6.071617490886706e+43,diag_5120,101.1213740824729,324.60439560439556,223.97701774035167,256
Fasi_17,3,Float64,false,taylor,complexschur,0.000419864,0.000301818,0.0013983020000000004,0.0008602989999999999,0.000561586,0.003870427,30,4,1.255597305469035e-15,45.95856951768358,1,2.220446049250313e-16,8.746882750407207e-19,4.334362126270738e+25,6.071617490886706e+43,diag_5120,101.1213740824729,324.60439560439556,223.97701774035167,851
Fasi_17,3,Float64,false,taylor,realschur,0.000201669,0.00019396399999999997,0.000683756,0.00015968000000000002,6.0018e-5,0.001407874,30,4,0,45.95856951768356,1,2.220446049250313e-16,1.721126478395962e-14,1.0458319430563e+30,6.071617490886706e+43,diag_5120,101.1213740824729,324.60439560439556,223.97701774035167,53
Fasi_17,3,Float64,false,taylor,realschur,0.000304526,0.00020274099999999996,0.0007351589999999999,0.00017507500000000001,9.9442e-5,0.001621512,30,4,1.255597305469035e-15,45.95856951768358,1,2.220446049250313e-16,8.746882750407207e-19,4.334362126270738e+25,6.071617490886706e+43,diag_5120,101.1213740824729,324.60439560439556,223.97701774035167,256
Fasi_17,3,Float64,false,taylor,realschur,0.000345824,0.000163395,0.0007598230000000002,0.000250422,0.000224596,0.001863477,30,4,1.255597305469035e-15,45.95856951768358,1,2.220446049250313e-16,8.746882750407207e-19,4.334362126270738e+25,6.071617490886706e+43,diag_5120,101.1213740824729,324.60439560439556,223.97701774035167,851
Fasi_18,4,Float64,false,scaling_and_squaring,NaN,NaN,NaN,NaN,NaN,NaN,2.5421e-5,NaN,NaN,NaN,NaN,NaN,2.220446049250313e-16,1.009353253384874e-15,3.131235908074258e-14,27.00117433951892,diag_5120,3.53542415770214,Inf,Inf,53
Fasi_18,4,Float64,false,diagonalcheap,transfree,0.0,0.00024686299999999994,0.0019818899999999996,0.000546129,1.31e-7,0.002860261,49,0,5.110984242842238e-15,27.00117433951895,8.802612572117212,2.220446049250313e-16,7.886002437452177e-16,1.842563242246443e-14,27.00117433951892,diag_5120,3.53542415770214,Inf,Inf,53
Fasi_18,4,Float64,false,diagonalcheap,transfree,0.0,4.0957e-5,0.000663958,0.00027081399999999997,3.0e-8,0.001028436,13,0,1.229748135737971e-20,27.0011743395189,9.151687882126264,2.220446049250313e-16,9.930572586292358e-23,2.690288750866149e-21,27.00117433951892,diag_5120,3.53542415770214,Inf,Inf,256
Fasi_18,4,Float64,false,diagonalcheap,transfree,0.0,5.328700000000001e-5,0.0007363489999999999,0.000355971,4.0e-8,0.001210002,13,0,1.229748135737971e-20,27.0011743395189,9.151687882126264,2.220446049250313e-16,9.930572586292358e-23,2.690288750866149e-21,27.00117433951892,diag_5120,3.53542415770214,Inf,Inf,851
Fasi_18,4,Float64,false,diagonalcheap,complexschur,0.000175546,0.000142562,0.001246011,0.000863086,3.0e-8,0.002610935,21,0,4.161718923522068e-15,20.75881491555206,6.849768643733257,2.220446049250313e-16,9.595216242692961e-16,3.263648713766643e-14,27.00117433951892,diag_5120,3.53542415770214,Inf,Inf,53
Fasi_18,4,Float64,false,diagonalcheap,complexschur,0.000375302,8.059199999999999e-5,0.0016393999999999998,0.0011711290000000001,4.0e-8,0.003585833,13,0,2.045209147037173e-21,20.75881491555208,6.693000190484579,2.220446049250313e-16,4.526149270036574e-23,1.734391544443864e-21,27.00117433951892,diag_5120,3.53542415770214,Inf,Inf,256
Fasi_18,4,Float64,false,diagonalcheap,complexschur,0.000330118,6.0247999999999996e-5,0.0010282050000000004,0.001103476,4.1e-8,0.002886984,13,0,2.045209147037173e-21,20.75881491555208,6.981740187107254,2.220446049250313e-16,4.526149270036574e-23,1.734391544443864e-21,27.00117433951892,diag_5120,3.53542415770214,Inf,Inf,851
Fasi_18,4,Float64,false,diagonalcheap,realschur,0.000277402,0.000126576,0.001261767,0.000545828,4.0e-8,0.002338691,21,0,4.161718923522068e-15,20.75881491555206,6.849768643733257,2.220446049250313e-16,9.595216242692961e-16,3.263648713766643e-14,27.00117433951892,diag_5120,3.53542415770214,Inf,Inf,53
Fasi_18,4,Float64,false,diagonalcheap,realschur,0.000364484,7.3869e-5,0.00114677,0.000485202,4.0e-8,0.00220946,13,0,2.045209147037173e-21,20.75881491555208,6.693000190484579,2.220446049250313e-16,4.526149270036574e-23,1.734391544443864e-21,27.00117433951892,diag_5120,3.53542415770214,Inf,Inf,256
Fasi_18,4,Float64,false,diagonalcheap,realschur,0.000479241,4.6697e-5,0.000973076,0.00038382499999999996,3.0e-8,0.001997786,13,0,2.045209147037173e-21,20.75881491555208,6.9817401871072535,2.220446049250313e-16,4.526149270036574e-23,1.734391544443864e-21,27.00117433951892,diag_5120,3.53542415770214,Inf,Inf,851
Fasi_18,4,Float64,false,taylor,transfree,0.0,0.00011975599999999998,0.000345715,0.00023483100000000002,4.0e-8,0.000759608,30,0,0,17.16666666666693,1,2.220446049250313e-16,7.291999391761051e-17,1.783197686768723e-15,27.00117433951892,diag_5120,3.53542415770214,Inf,Inf,53
Fasi_18,4,Float64,false,taylor,transfree,0.0,0.000177679,0.00039208000000000005,0.00027219399999999996,4.0e-8,0.000903713,30,0,4.822398923640251e-19,17.16666666666693,1,2.220446049250313e-16,5.652417858261274e-21,1.531295003096365e-19,27.00117433951892,diag_5120,3.53542415770214,Inf,Inf,256
Fasi_18,4,Float64,false,taylor,transfree,0.0,0.00020494599999999999,0.000465477,0.00036014699999999995,4.1e-8,0.001090768,30,0,4.822398923640251e-19,17.16666666666693,1,2.220446049250313e-16,5.652417858261274e-21,1.531295003096365e-19,27.00117433951892,diag_5120,3.53542415770214,Inf,Inf,851
Fasi_18,4,Float64,false,taylor,complexschur,0.000212957,0.00032450999999999997,0.000655738,0.001154431,4.0e-8,0.002658782,30,0,0,13.28243340289705,1,2.220446049250313e-16,1.08865534938435e-15,3.707737923616706e-14,27.00117433951892,diag_5120,3.53542415770214,Inf,Inf,53
Fasi_18,4,Float64,false,taylor,complexschur,0.000645772,0.000335655,0.0007819540000000001,0.001316215,4.0e-8,0.003421256,30,0,1.16411985372822e-19,13.28243340289704,1,2.220446049250313e-16,2.576254968260878e-21,9.872044792829061e-20,27.00117433951892,diag_5120,3.53542415770214,Inf,Inf,256
Fasi_18,4,Float64,false,taylor,complexschur,0.000511353,0.000335837,0.0009195089999999999,0.001541432,5.0e-8,0.003713181,30,0,1.16411985372822e-19,13.28243340289704,1,2.220446049250313e-16,2.576254968260878e-21,9.872044792829061e-20,27.00117433951892,diag_5120,3.53542415770214,Inf,Inf,851
Fasi_18,4,Float64,false,taylor,realschur,0.000289662,0.00027784400000000007,0.0006541749999999999,0.000426265,4.0e-8,0.001790237,30,0,0,13.28243340289705,1,2.220446049250313e-16,1.08865534938435e-15,3.707737923616706e-14,27.00117433951892,diag_5120,3.53542415770214,Inf,Inf,53
Fasi_18,4,Float64,false,taylor,realschur,0.000321444,0.000167333,0.00041480400000000006,0.00026635499999999997,3.0e-8,0.001266765,30,0,1.16411985372822e-19,13.28243340289704,1,2.220446049250313e-16,2.576254968260878e-21,9.872044792829061e-20,27.00117433951892,diag_5120,3.53542415770214,Inf,Inf,256
Fasi_18,4,Float64,false,taylor,realschur,0.00029463,0.000178832,0.0005381959999999999,0.00036622699999999995,3.0e-8,0.001506786,30,0,1.16411985372822e-19,13.28243340289704,1,2.220446049250313e-16,2.576254968260878e-21,9.872044792829061e-20,27.00117433951892,diag_5120,3.53542415770214,Inf,Inf,851
ward77_test1,3,Int64,false,scaling_and_squaring,NaN,NaN,NaN,NaN,NaN,NaN,1.7324e-5,NaN,NaN,NaN,NaN,NaN,2.220446049250313e-16,6.389160950624051e-16,3.694433936375295e-13,531.2098790159176,exp_mp_5120,7.496198157309751,3.3703703703703702,2.464222246704459,53
ward77_test1,3,Int64,false,diagonalcheap,transfree,0.0,8.607700000000001e-5,0.0010111480000000001,0.000240139,5.981e-6,0.001424202,21,1,0,25.2868195408042,3.5887942182339674,2.220446049250313e-16,3.836265453082925e-16,1.65684410493094e-13,531.2098790159176,exp_mp_5120,7.496198157309751,3.3703703703703702,2.464222246704459,53
ward77_test1,3,Int64,false,diagonalcheap,transfree,0.0,3.127e-5,0.000668007,0.000186551,8.246e-6,0.000955593,13,1,8.619780627512167e-21,25.28681954080421,3.654296676287483,2.220446049250313e-16,3.552766128663128e-77,1.363690499454697e-74,531.2098790159176,exp_mp_5120,7.496198157309751,3.3703703703703702,2.464222246704459,256
ward77_test1,3,Int64,false,diagonalcheap,transfree,0.0,4.3786000000000004e-5,0.000766634,0.000235277,1.2875e-5,0.001128859,13,1,8.619780627512167e-21,25.28681954080421,3.654296676287483,2.220446049250313e-16,4.927833118915525e-256,2.482426094849638e-253,531.2098790159176,exp_mp_5120,7.496198157309751,3.3703703703703702,2.464222246704459,851
ward77_test1,3,Int64,false,diagonalcheap,complexschur,7.0306e-5,9.0256e-5,0.000969807,0.00045964199999999996,3.8084e-5,0.001763079,17,1,4.118425388199913e-15,20.08553692318763,2.171749687107507,2.220446049250313e-16,3.436717615731611e-15,2.131589378322578e-12,531.2098790159176,exp_mp_5120,7.496198157309751,3.3703703703703702,2.464222246704459,53
ward77_test1,3,Int64,false,diagonalcheap,complexschur,7.4845e-5,5.7703e-5,0.0007605640000000001,0.000391959,4.9106e-5,0.001466874,13,1,1.470442285622277e-21,20.08553692318766,2.1894884896094666,2.220446049250313e-16,1.419955112437288e-22,6.671743155492238e-20,531.2098790159176,exp_mp_5120,7.496198157309751,3.3703703703703702,2.464222246704459,256
ward77_test1,3,Int64,false,diagonalcheap,complexschur,8.9113e-5,4.7442e-5,0.000859997,0.000521202,8.1648e-5,0.001770734,13,1,1.470442285622277e-21,20.08553692318766,2.1894884896094666,2.220446049250313e-16,1.419955112437288e-22,6.671743155492238e-20,531.2098790159176,exp_mp_5120,7.496198157309751,3.3703703703703702,2.464222246704459,851
ward77_test1,3,Int64,false,diagonalcheap,realschur,4.8945e-5,8.424200000000001e-5,0.0009945499999999999,0.00023888299999999998,1.7524e-5,0.001476954,17,1,4.118425388199913e-15,20.08553692318763,2.171749687107507,2.220446049250313e-16,3.436717615731611e-15,2.131589378322578e-12,531.2098790159176,exp_mp_5120,7.496198157309751,3.3703703703703702,2.464222246704459,53
ward77_test1,3,Int64,false,diagonalcheap,realschur,6.5157e-5,6.398499999999999e-5,0.0010206759999999999,0.00033830000000000004,4.145e-5,0.001659649,13,1,1.470442285622277e-21,20.08553692318766,2.1894884896094666,2.220446049250313e-16,1.419955112437288e-22,6.671743155492238e-20,531.2098790159176,exp_mp_5120,7.496198157309751,3.3703703703703702,2.464222246704459,256
ward77_test1,3,Int64,false,diagonalcheap,realschur,0.000142987,6.8193e-5,0.0013088889999999997,0.00040877999999999997,8.6497e-5,0.002205677,13,1,1.470442285622277e-21,20.08553692318766,2.1894884896094666,2.220446049250313e-16,1.419955112437288e-22,6.671743155492238e-20,531.2098790159176,exp_mp_5120,7.496198157309751,3.3703703703703702,2.464222246704459,851
ward77_test1,3,Int64,false,taylor,transfree,0.0,0.000424442,0.001443388,0.00047427,9.659e-6,0.002519666,90,1,0,15.9375,1,2.220446049250313e-16,1.195028165165121e-16,6.657393999719024e-14,531.2098790159176,exp_mp_5120,7.496198157309751,3.3703703703703702,2.464222246704459,53
ward77_test1,3,Int64,false,taylor,transfree,0.0,0.000156543,0.000502824,0.00022416700000000002,1.1523e-5,0.001000921,30,1,3.607868833069321e-19,15.9375,1,2.220446049250313e-16,8.393047850112004e-21,4.516911638723628e-18,531.2098790159176,exp_mp_5120,7.496198157309751,3.3703703703703702,2.464222246704459,256
ward77_test1,3,Int64,false,taylor,transfree,0.0,0.000225347,0.000652776,0.00026924199999999994,1.9187e-5,0.001269181,30,1,3.607868833069321e-19,15.9375,1,2.220446049250313e-16,8.393047850112004e-21,4.516911638723628e-18,531.2098790159176,exp_mp_5120,7.496198157309751,3.3703703703703702,2.464222246704459,851
ward77_test1,3,Int64,false,taylor,complexschur,8.3833e-5,0.0006955090000000001,0.0020087079999999997,0.0012669950000000001,0.000167956,0.004441152,90,3,0,2.117000015484435,1,2.220446049250313e-16,3.411859894609849e-15,2.07474595946177e-12,531.2098790159176,exp_mp_5120,7.496198157309751,3.3703703703703702,2.464222246704459,53
ward77_test1,3,Int64,false,taylor,complexschur,9.5736e-5,0.00023906400000000004,0.0006023690000000001,0.000611413,8.235e-5,0.001851481,30,1,8.286097842982756e-20,13,1,2.220446049250313e-16,1.370188381919766e-21,7.57313788259464e-19,531.2098790159176,exp_mp_5120,7.496198157309751,3.3703703703703702,2.464222246704459,256
ward77_test1,3,Int64,false,taylor,complexschur,0.000110244,0.000235436,0.0007729920000000001,0.0009698490000000001,0.000200599,0.002728711,30,1,8.286097842982756e-20,13,1,2.220446049250313e-16,1.370188381919766e-21,7.57313788259464e-19,531.2098790159176,exp_mp_5120,7.496198157309751,3.3703703703703702,2.464222246704459,851
ward77_test1,3,Int64,false,taylor,realschur,7.5927e-5,0.00044262800000000003,0.001543445,0.000462584,6.7581e-5,0.002739302,90,3,0,2.117000015484435,1,2.220446049250313e-16,3.411859894609849e-15,2.07474595946177e-12,531.2098790159176,exp_mp_5120,7.496198157309751,3.3703703703703702,2.464222246704459,53
ward77_test1,3,Int64,false,taylor,realschur,8.232e-5,0.000196461,0.0005485560000000001,0.00023721000000000001,3.7061e-5,0.001230406,30,1,8.286097842982756e-20,13,1,2.220446049250313e-16,1.370188381919766e-21,7.57313788259464e-19,531.2098790159176,exp_mp_5120,7.496198157309751,3.3703703703703702,2.464222246704459,256
ward77_test1,3,Int64,false,taylor,realschur,9.8892e-5,0.00020771199999999998,0.0007105469999999998,0.000313521,8.6548e-5,0.001559194,30,1,8.286097842982756e-20,13,1,2.220446049250313e-16,1.370188381919766e-21,7.57313788259464e-19,531.2098790159176,exp_mp_5120,7.496198157309751,3.3703703703703702,2.464222246704459,851
ward77_test2,3,Float64,true,scaling_and_squaring,NaN,NaN,NaN,NaN,NaN,NaN,5.5317e-5,NaN,NaN,NaN,NaN,NaN,2.220446049250313e-16,1.531955784621329e-15,463.5709761713245,3.010620249796788e+17,diag_5120,53.85164801584676,2.514602272494495,2.000000000000001,53
ward77_test2,3,Float64,true,diagonalcheap,transfree,0.000142716,0.0,0.0,0.0,0.0,0.000204236,NaN,NaN,NaN,NaN,NaN,2.220446049250313e-16,5.447200417361337e-15,1692.429023828676,3.010620249796788e+17,diag_5120,53.85164801584676,2.514602272494495,2.000000000000001,53
ward77_test2,3,Float64,true,diagonalcheap,transfree,0.000256848,0.0,0.0,0.0,0.0,0.000315201,NaN,NaN,NaN,NaN,NaN,2.220446049250313e-16,2.032880445290138e-76,5.440849046825115e-59,3.010620249796788e+17,diag_5120,53.85164801584676,2.514602272494495,2.000000000000001,256
ward77_test2,3,Float64,true,diagonalcheap,transfree,0.000557711,0.0,0.0,0.0,0.0,0.000642947,NaN,NaN,NaN,NaN,NaN,2.220446049250313e-16,1.322402138291889e-255,4.112928690346672e-238,3.010620249796788e+17,diag_5120,53.85164801584676,2.514602272494495,2.000000000000001,851
ward77_test2,3,Float64,true,diagonalcheap,complexschur,0.000116817,0.000183616,0.0014129929999999995,0.0005462080000000001,7.9274e-5,0.002528333,21,2,0,12.1824939607035,12.182493960703503,2.220446049250313e-16,5.148813245691267e-15,1592.429023828675,3.010620249796788e+17,diag_5120,53.85164801584676,2.514602272494495,2.000000000000001,53
ward77_test2,3,Float64,true,diagonalcheap,complexschur,0.000166363,5.1498999999999996e-5,0.0009057370000000002,0.00043770900000000005,9.6697e-5,0.001831782,13,2,6.328753604169891e-24,12.18249396070346,12.182493960703464,2.220446049250313e-16,7.286939861871046e-76,2.090504201231005e-58,3.010620249796788e+17,diag_5120,53.85164801584676,2.514602272494495,2.000000000000001,256
ward77_test2,3,Float64,true,diagonalcheap,complexschur,0.000289681,5.1388e-5,0.0009562750000000001,0.000509928,0.000170581,0.002172573,13,2,6.328753604169891e-24,12.18249396070346,12.182493960703464,2.220446049250313e-16,5.36492455610656e-255,1.551062447595347e-237,3.010620249796788e+17,diag_5120,53.85164801584676,2.514602272494495,2.000000000000001,851
ward77_test2,3,Float64,true,diagonalcheap,realschur,0.000107568,0.00013107300000000002,0.001119362,0.000259002,3.8314e-5,0.001766326,21,2,0,12.1824939607035,12.182493960703503,2.220446049250313e-16,5.148813245691267e-15,1592.429023828675,3.010620249796788e+17,diag_5120,53.85164801584676,2.514602272494495,2.000000000000001,53
ward77_test2,3,Float64,true,diagonalcheap,realschur,0.000171983,7.240799999999999e-5,0.001263812,0.000357927,8.1979e-5,0.002099432,13,2,6.328753604169891e-24,12.18249396070346,12.182493960703464,2.220446049250313e-16,7.286939861871046e-76,2.090504201231005e-58,3.010620249796788e+17,diag_5120,53.85164801584676,2.514602272494495,2.000000000000001,256
ward77_test2,3,Float64,true,diagonalcheap,realschur,0.000405146,9.682799999999999e-5,0.0016229280000000003,0.000467337,0.000163918,0.002973416,13,2,6.328753604169891e-24,12.18249396070346,12.182493960703464,2.220446049250313e-16,5.36492455610656e-255,1.551062447595347e-237,3.010620249796788e+17,diag_5120,53.85164801584676,2.514602272494495,2.000000000000001,851
ward77_test2,3,Float64,true,taylor,transfree,0.000234013,0.0,0.0,0.0,0.0,0.000313197,NaN,NaN,NaN,NaN,NaN,2.220446049250313e-16,5.447200417361337e-15,1692.429023828676,3.010620249796788e+17,diag_5120,53.85164801584676,2.514602272494495,2.000000000000001,53
ward77_test2,3,Float64,true,taylor,transfree,0.000433691,0.0,0.0,0.0,0.0,0.000522063,NaN,NaN,NaN,NaN,NaN,2.220446049250313e-16,2.032880445290138e-76,5.440849046825115e-59,3.010620249796788e+17,diag_5120,53.85164801584676,2.514602272494495,2.000000000000001,256
ward77_test2,3,Float64,true,taylor,transfree,0.000901979,0.0,0.0,0.0,0.0,0.001031791,NaN,NaN,NaN,NaN,NaN,2.220446049250313e-16,1.322402138291889e-255,4.112928690346672e-238,3.010620249796788e+17,diag_5120,53.85164801584676,2.514602272494495,2.000000000000001,851
ward77_test2,3,Float64,true,taylor,complexschur,0.000125984,0.00019297500000000002,0.0005807940000000001,0.000430164,4.0148e-5,0.001578231,36,1,0,39.33333333333337,1,2.220446049250313e-16,5.148813245691267e-15,1592.429023828675,3.010620249796788e+17,diag_5120,53.85164801584676,2.514602272494495,2.000000000000001,53
ward77_test2,3,Float64,true,taylor,complexschur,0.000178065,0.000168867,0.00045732400000000006,0.00042296299999999994,4.9195e-5,0.00144388,36,1,6.083750958837589e-18,39.33333333333331,1,2.220446049250313e-16,7.286939861871046e-76,2.090504201231005e-58,3.010620249796788e+17,diag_5120,53.85164801584676,2.514602272494495,2.000000000000001,256
ward77_test2,3,Float64,true,taylor,complexschur,0.000383704,0.00018787399999999996,0.0006122369999999999,0.000501442,8.6698e-5,0.001956645,36,1,6.083750958837589e-18,39.33333333333331,1,2.220446049250313e-16,5.36492455610656e-255,1.551062447595347e-237,3.010620249796788e+17,diag_5120,53.85164801584676,2.514602272494495,2.000000000000001,851
ward77_test2,3,Float64,true,taylor,realschur,0.000163487,0.00025116599999999993,0.000686247,0.000273232,3.0679e-5,0.001542121,36,1,0,39.33333333333337,1,2.220446049250313e-16,5.148813245691267e-15,1592.429023828675,3.010620249796788e+17,diag_5120,53.85164801584676,2.514602272494495,2.000000000000001,53
ward77_test2,3,Float64,true,taylor,realschur,0.000266697,0.00025433400000000005,0.000735866,0.000302076,4.6369e-5,0.0017483,36,1,6.083750958837589e-18,39.33333333333331,1,2.220446049250313e-16,7.286939861871046e-76,2.090504201231005e-58,3.010620249796788e+17,diag_5120,53.85164801584676,2.514602272494495,2.000000000000001,256
ward77_test2,3,Float64,true,taylor,realschur,0.000442759,0.000251007,0.000891088,0.00039723100000000006,9.9914e-5,0.00225878,36,1,6.083750958837589e-18,39.33333333333331,1,2.220446049250313e-16,5.36492455610656e-255,1.551062447595347e-237,3.010620249796788e+17,diag_5120,53.85164801584676,2.514602272494495,2.000000000000001,851
ward77_test3,3,Int64,false,scaling_and_squaring,NaN,NaN,NaN,NaN,NaN,NaN,1.7854e-5,NaN,NaN,NaN,NaN,NaN,2.220446049250313e-16,9.777183966995682e-14,1.163939507929675e-12,12.07715328479679,exp_mp_5120,15278.07390210343,30463.399999998073,12610.398449560616,53
ward77_test3,3,Int64,false,diagonalcheap,transfree,0.0,2.9750000000000003e-6,0.000810524,0.000158498,3.4757e-5,0.001083351,7,6,0,11.04034629717661,48.673477375513734,2.220446049250313e-16,6.787738038506878e-14,7.873884801515002e-13,12.07715328479679,exp_mp_5120,15278.07390210343,30463.399999998073,12610.398449560616,53
ward77_test3,3,Int64,false,diagonalcheap,transfree,0.0,2.694e-6,0.000825645,0.000169436,5.139e-5,0.001119731,7,6,1.096445094390942e-16,11.04034629717661,48.67347737551372,2.220446049250313e-16,9.375124859415397e-75,1.135318725024589e-73,12.07715328479679,exp_mp_5120,15278.07390210343,30463.399999998073,12610.398449560616,256
ward77_test3,3,Int64,false,diagonalcheap,transfree,0.0,3.0550000000000004e-6,0.0009583500000000003,0.00021355400000000002,7.9714e-5,0.001337153,7,6,1.096445094390942e-16,11.04034629717661,48.67347737551372,2.220446049250313e-16,1.73917796764313e-253,2.112636965234432e-252,12.07715328479679,exp_mp_5120,15278.07390210343,30463.399999998073,12610.398449560616,851
ward77_test3,3,Int64,false,diagonalcheap,complexschur,0.000141173,3.166e-6,0.000888487,0.000343475,0.000254844,0.001780853,7,6,1.111035762161098e-15,8.425726854030868,28.838379718676844,2.220446049250313e-16,6.385702807194071e-13,7.742935729428106e-12,12.07715328479679,exp_mp_5120,15278.07390210343,30463.399999998073,12610.398449560616,53
ward77_test3,3,Int64,false,diagonalcheap,complexschur,0.00020126,3.578e-6,0.0009660910000000002,0.00033300600000000006,0.000328948,0.001977875,7,6,1.540353319331901e-17,8.425726854031133,28.83837971867853,2.220446049250313e-16,9.453826691274184e-24,1.137313672602665e-22,12.07715328479679,exp_mp_5120,15278.07390210343,30463.399999998073,12610.398449560616,256
ward77_test3,3,Int64,false,diagonalcheap,complexschur,0.00034054,3.1359999999999997e-6,0.0010361610000000003,0.00040452299999999995,0.000489028,0.002477334,7,6,1.540353319331901e-17,8.425726854031133,28.83837971867853,2.220446049250313e-16,9.453826691274184e-24,1.137313672602665e-22,12.07715328479679,exp_mp_5120,15278.07390210343,30463.399999998073,12610.398449560616,851
ward77_test3,3,Int64,false,diagonalcheap,realschur,0.00022162,5.0609999999999995e-6,0.001456229,0.000257743,0.000166393,0.002240495,7,6,1.111035762161098e-15,8.425726854030868,28.838379718676844,2.220446049250313e-16,6.385702807194071e-13,7.742935729428106e-12,12.07715328479679,exp_mp_5120,15278.07390210343,30463.399999998073,12610.398449560616,53
ward77_test3,3,Int64,false,diagonalcheap,realschur,0.000325882,4.649e-6,0.001440203,0.00032357699999999997,0.000254403,0.002483696,7,6,1.540353319331901e-17,8.425726854031131,28.83837971867853,2.220446049250313e-16,9.453826691274184e-24,1.137313672602665e-22,12.07715328479679,exp_mp_5120,15278.07390210343,30463.399999998073,12610.398449560616,256
ward77_test3,3,Int64,false,diagonalcheap,realschur,0.000531731,4.559e-6,0.0016576039999999998,0.000395747,0.000503958,0.003245453,7,6,1.540353319331901e-17,8.425726854031131,28.83837971867853,2.220446049250313e-16,9.453826691274184e-24,1.137313672602665e-22,12.07715328479679,exp_mp_5120,15278.07390210343,30463.399999998073,12610.398449560616,851
ward77_test3,3,Int64,false,taylor,transfree,0.0,0.00016963,0.0005748059999999999,0.000162914,1.7674e-5,0.001009328,36,3,0,8.097900390624998,1,2.220446049250313e-16,1.228455435672896e-14,1.320859825422815e-13,12.07715328479679,exp_mp_5120,15278.07390210343,30463.399999998073,12610.398449560616,53
ward77_test3,3,Int64,false,taylor,transfree,0.0,0.00015327699999999998,0.0005549120000000001,0.000179329,2.3375e-5,0.000983828,36,3,1.164407668854182e-18,8.097900390624997,1,2.220446049250313e-16,3.072197657512041e-30,3.81868190449989e-29,12.07715328479679,exp_mp_5120,15278.07390210343,30463.399999998073,12610.398449560616,256
ward77_test3,3,Int64,false,taylor,transfree,0.0,0.000147978,0.0006813600000000002,0.00022977500000000002,3.9697e-5,0.00118067,36,3,1.164407668854182e-18,8.097900390624997,1,2.220446049250313e-16,3.072197657512041e-30,3.81868190449989e-29,12.07715328479679,exp_mp_5120,15278.07390210343,30463.399999998073,12610.398449560616,851
ward77_test3,3,Int64,false,taylor,complexschur,0.000140182,0.00018221600000000002,0.0005504369999999999,0.000358804,0.000111446,0.001497775,30,3,0,6.435817006600388,1,2.220446049250313e-16,6.386512686826898e-13,7.744045952452731e-12,12.07715328479679,exp_mp_5120,15278.07390210343,30463.399999998073,12610.398449560616,53
ward77_test3,3,Int64,false,taylor,complexschur,0.000190709,0.00018067999999999998,0.0006137590000000001,0.000429024,0.000139721,0.001703053,36,3,5.97380556577038e-20,6.435817006601669,1,2.220446049250313e-16,2.99195750851153e-29,3.620236300326781e-28,12.07715328479679,exp_mp_5120,15278.07390210343,30463.399999998073,12610.398449560616,256
ward77_test3,3,Int64,false,taylor,complexschur,0.000312907,0.00018505899999999998,0.0007686279999999999,0.0005757399999999999,0.039347772,0.041400132,36,3,5.97380556577038e-20,6.435817006601669,1,2.220446049250313e-16,2.99195750851153e-29,3.620236300326781e-28,12.07715328479679,exp_mp_5120,15278.07390210343,30463.399999998073,12610.398449560616,851
ward77_test3,3,Int64,false,taylor,realschur,0.000230086,0.00028713599999999996,0.0010209190000000001,0.000277488,9.0004e-5,0.002072749,30,3,0,6.435817006600388,1,2.220446049250313e-16,6.386512686826898e-13,7.744045952452731e-12,12.07715328479679,exp_mp_5120,15278.07390210343,30463.399999998073,12610.398449560616,53
ward77_test3,3,Int64,false,taylor,realschur,0.000324129,0.000290164,0.0009740689999999999,0.000316114,0.000136715,0.002195217,36,3,5.97380556577038e-20,6.435817006601669,1,2.220446049250313e-16,2.99195750851153e-29,3.620236300326781e-28,12.07715328479679,exp_mp_5120,15278.07390210343,30463.399999998073,12610.398449560616,256
ward77_test3,3,Int64,false,taylor,realschur,0.000518345,0.000259663,0.0012130949999999998,0.00041831999999999997,0.000337133,0.002927537,36,3,5.97380556577038e-20,6.435817006601669,1,2.220446049250313e-16,2.99195750851153e-29,3.620236300326781e-28,12.07715328479679,exp_mp_5120,15278.07390210343,30463.399999998073,12610.398449560616,851
ward77_test4,10,Float64,false,scaling_and_squaring,NaN,NaN,NaN,NaN,NaN,NaN,2.7594e-5,NaN,NaN,NaN,NaN,NaN,2.220446049250313e-16,4.822740147560198e-17,2.404171407024431e-16,2.718281525573192,diag_5120,1.691360041692454,1.0e10,1.0e10,53
ward77_test4,10,Float64,false,diagonalcheap,transfree,0.0,2.265e-6,0.0010261889999999998,0.0012849930000000001,4.0e-8,0.096054668,9,0,0,2.718281525573192,2.718281825640393,2.220446049250313e-16,1.357214996503812e-16,3.401764910100573e-16,2.718281525573192,diag_5120,1.691360041692454,1.0e10,1.0e10,53
ward77_test4,10,Float64,false,diagonalcheap,transfree,0.0,1.463e-6,0.0008726020000000001,0.0013224040000000001,3.0e-8,0.002415164,9,0,4.657588353352383e-22,2.718281525573192,2.718281825640393,2.220446049250313e-16,1.351506991180194e-16,3.031305114638448e-16,2.718281525573192,diag_5120,1.691360041692454,1.0e10,1.0e10,256
ward77_test4,10,Float64,false,diagonalcheap,transfree,0.0,1.353e-6,0.0009261250000000001,0.001621354,4.1e-8,0.002755414,9,0,4.657588353352383e-22,2.718281525573192,2.718281825640393,2.220446049250313e-16,1.351506991180194e-16,3.031305114638448e-16,2.718281525573192,diag_5120,1.691360041692454,1.0e10,1.0e10,851
ward77_test4,10,Float64,false,diagonalcheap,complexschur,0.007378079,4.33e-6,0.0021102919999999997,0.007010305,4.0e-8,0.019570895,9,0,0,2.841317783340085,2.7826693612627227,2.220446049250313e-16,1.455092655101739e-15,6.650980910599035e-15,2.718281525573192,diag_5120,1.691360041692454,1.0e10,1.0e10,53
ward77_test4,10,Float64,false,diagonalcheap,complexschur,0.012861504,3.7970000000000002e-6,0.001470644,0.004834957,4.0e-8,0.022603728,9,0,2.039211083049036e-21,2.834149153996954,2.7929035222532055,2.220446049250313e-16,3.671715917460139e-33,1.690792952549517e-32,2.718281525573192,diag_5120,1.691360041692454,1.0e10,1.0e10,256
ward77_test4,10,Float64,false,diagonalcheap,complexschur,0.043574849,6.5340000000000005e-6,0.0022460949999999996,0.006747345,4.0e-8,0.055769529,9,0,3.671688372768912e-21,2.834104846888132,2.815492866674636,2.220446049250313e-16,3.671715917460139e-33,1.690792952549518e-32,2.718281525573192,diag_5120,1.691360041692454,1.0e10,1.0e10,851
ward77_test4,10,Float64,false,diagonalcheap,realschur,0.0,1.564e-6,0.0009391709999999999,0.0011921219999999999,2.4e-7,0.002952917,9,0,0,2.718281525573192,2.718281825640393,2.220446049250313e-16,1.357214996503812e-16,3.401764910100573e-16,2.718281525573192,diag_5120,1.691360041692454,1.0e10,1.0e10,53
ward77_test4,10,Float64,false,diagonalcheap,realschur,0.0,1.633e-6,0.000848286,0.0012519579999999998,4.0e-8,0.002303868,9,0,4.657588353352383e-22,2.718281525573192,2.718281825640393,2.220446049250313e-16,1.351506991180194e-16,3.031305114638448e-16,2.718281525573192,diag_5120,1.691360041692454,1.0e10,1.0e10,256
ward77_test4,10,Float64,false,diagonalcheap,realschur,0.0,2.556e-6,0.0015654949999999996,0.014098723,7.0e-8,0.015983738,9,0,4.657588353352383e-22,2.718281525573192,2.718281825640393,2.220446049250313e-16,1.351506991180194e-16,3.031305114638448e-16,2.718281525573192,diag_5120,1.691360041692454,1.0e10,1.0e10,851
ward77_test4,10,Float64,false,taylor,transfree,0.0,0.000460152,0.000884724,0.001475343,3.0e-8,0.003074593,20,0,4.440892098500626e-16,2.666666666666667,1,2.220446049250313e-16,1.352656096604239e-16,3.176259316176753e-16,2.718281525573192,diag_5120,1.691360041692454,1.0e10,1.0e10,53
ward77_test4,10,Float64,false,taylor,transfree,0.0,0.000406159,0.0005739029999999998,0.00134185,4.1e-8,0.002558031,20,0,2.050298068624661e-20,2.666666666666667,1,2.220446049250313e-16,1.351506991180194e-16,3.031305114638448e-16,2.718281525573192,diag_5120,1.691360041692454,1.0e10,1.0e10,256
ward77_test4,10,Float64,false,taylor,transfree,0.0,0.00047941799999999996,0.0007277199999999998,0.001543144,4.0e-8,0.003003996,20,0,2.050298068624661e-20,2.666666666666667,1,2.220446049250313e-16,1.351506991180194e-16,3.031305114638448e-16,2.718281525573192,diag_5120,1.691360041692454,1.0e10,1.0e10,851
ward77_test4,10,Float64,false,taylor,complexschur,0.007707208,0.00065474,0.0015113219999999994,0.008795889,6.0e-8,0.02189889,20,0,0,2.793063606816895,1,2.220446049250313e-16,1.436471966685165e-15,6.800713692759721e-15,2.718281525573192,diag_5120,1.691360041692454,1.0e10,1.0e10,53
ward77_test4,10,Float64,false,taylor,complexschur,0.011845753,0.000515529,0.001267758,0.007192407999999999,4.0e-8,0.024530504,20,0,6.429593838420834e-20,2.793095381648726,1,2.220446049250313e-16,8.413593949373905e-41,2.942842168395988e-40,2.718281525573192,diag_5120,1.691360041692454,1.0e10,1.0e10,256
ward77_test4,10,Float64,false,taylor,complexschur,0.029439068,0.0009444709999999999,0.0023574300000000006,0.009311383999999999,3.0e-8,0.045222301,20,0,1.213186686030205e-19,2.791753634307145,1,2.220446049250313e-16,8.4135489738317e-41,2.962191048694366e-40,2.718281525573192,diag_5120,1.691360041692454,1.0e10,1.0e10,851
ward77_test4,10,Float64,false,taylor,realschur,0.0,0.000408192,0.000631275,0.001467335,5.0e-8,0.002810141,20,0,4.440892098500626e-16,2.666666666666667,1,2.220446049250313e-16,1.352656096604239e-16,3.176259316176753e-16,2.718281525573192,diag_5120,1.691360041692454,1.0e10,1.0e10,53
ward77_test4,10,Float64,false,taylor,realschur,0.0,0.000311534,0.0005271620000000001,0.0012170619999999999,4.0e-8,0.002266897,20,0,2.050298068624661e-20,2.666666666666667,1,2.220446049250313e-16,1.351506991180194e-16,3.031305114638448e-16,2.718281525573192,diag_5120,1.691360041692454,1.0e10,1.0e10,256
ward77_test4,10,Float64,false,taylor,realschur,0.0,0.000350401,0.0006004939999999998,0.0014965220000000001,4.0e-8,0.00268048,20,0,2.050298068624661e-20,2.666666666666667,1,2.220446049250313e-16,1.351506991180194e-16,3.031305114638448e-16,2.718281525573192,diag_5120,1.691360041692454,1.0e10,1.0e10,851
naha95_p370,3,Float64,false,scaling_and_squaring,NaN,NaN,NaN,NaN,NaN,NaN,1.2224e-5,NaN,NaN,NaN,NaN,NaN,2.220446049250313e-16,2.957522730036301e-08,4.754108416162134e+38,1.60749405080608e+46,exp_mp_5120,17531771.94471745,3.751085628275615e10,1.8792731584784126e10,53
naha95_p370,3,Float64,false,diagonalcheap,transfree,0.0,5.7120000000000005e-6,0.0017890379999999997,0.000208896,0.000122458,0.002236268,5,12,1.846417471967607e-15,15.65723382525483,52.27462295414343,2.220446049250313e-16,8.872540423491551e-09,1.426353630735786e+38,1.60749405080608e+46,exp_mp_5120,17531771.94471745,3.751085628275615e10,1.8792731584784126e10,53
naha95_p370,3,Float64,false,diagonalcheap,transfree,0.0,3.056e-6,0.001105531,0.000165393,9.5916e-5,0.001453208,5,12,4.253387455173523e-19,15.65723382525484,52.27462295414347,2.220446049250313e-16,3.069126565816387e-69,4.933754418927401e-23,1.60749405080608e+46,exp_mp_5120,17531771.94471745,3.751085628275615e10,1.8792731584784126e10,256
naha95_p370,3,Float64,false,diagonalcheap,transfree,0.0,3.207e-6,0.001292415,0.000194966,0.000150091,0.00173766,5,12,4.253387455173523e-19,15.65723382525484,52.27462295414347,2.220446049250313e-16,1.336512918385704e-248,2.14851794836542e-202,1.60749405080608e+46,exp_mp_5120,17531771.94471745,3.751085628275615e10,1.8792731584784126e10,851
naha95_p370,3,Float64,false,diagonalcheap,complexschur,0.000142416,3.727e-6,0.0013839330000000002,0.000396171,0.000774512,0.002939341,5,12,1.216665604261528e-15,9.97478188456515,29.969572239859325,2.220446049250313e-16,5.946771650355483e-10,9.559559335290025e+36,1.60749405080608e+46,exp_mp_5120,17531771.94471745,3.751085628275615e10,1.8792731584784126e10,53
naha95_p370,3,Float64,false,diagonalcheap,complexschur,0.000358265,4.721e-6,0.001972233,0.00042006599999999997,0.000997275,0.004013084,5,12,4.603531979893563e-20,9.974781885730929,29.96957224621728,2.220446049250313e-16,8.119570917130139e-27,1.305203195997138e+20,1.60749405080608e+46,exp_mp_5120,17531771.94471745,3.751085628275615e10,1.8792731584784126e10,256
naha95_p370,3,Float64,false,diagonalcheap,complexschur,0.000539346,5.121e-6,0.0022556759999999994,0.000545598,0.001671873,0.005327834,5,12,4.603531979893563e-20,9.974781885730929,29.96957224621728,2.220446049250313e-16,8.119570917130139e-27,1.305203195997138e+20,1.60749405080608e+46,exp_mp_5120,17531771.94471745,3.751085628275615e10,1.8792731584784126e10,851
naha95_p370,3,Float64,false,diagonalcheap,realschur,0.000210318,4.679e-6,0.0016543770000000003,0.000175912,0.000174037,0.002359566,5,12,1.216665604261528e-15,9.974781884565152,29.969572239859325,2.220446049250313e-16,5.946771650355483e-10,9.559559335290025e+36,1.60749405080608e+46,exp_mp_5120,17531771.94471745,3.751085628275615e10,1.8792731584784126e10,53
naha95_p370,3,Float64,false,diagonalcheap,realschur,0.000231569,3.903999999999999e-6,0.0012058490000000002,0.000162344,0.00028828,0.001996773,5,12,4.603531979893563e-20,9.974781885730927,29.96957224621728,2.220446049250313e-16,8.119570917130139e-27,1.305203195997138e+20,1.60749405080608e+46,exp_mp_5120,17531771.94471745,3.751085628275615e10,1.8792731584784126e10,256
naha95_p370,3,Float64,false,diagonalcheap,realschur,0.000542822,4.5089999999999995e-6,0.0018096010000000003,0.00031924,0.001121516,0.003990831,5,12,4.603531979893563e-20,9.974781885730927,29.96957224621728,2.220446049250313e-16,8.119570917130139e-27,1.305203195997138e+20,1.60749405080608e+46,exp_mp_5120,17531771.94471745,3.751085628275615e10,1.8792731584784126e10,851
naha95_p370,3,Float64,false,taylor,transfree,0.0,0.000260636,0.001198054,0.000266808,5.2822e-5,0.001909684,36,5,1.70530256582424e-13,4518.506346535769,1,2.220446049250313e-16,2.052891775538544e-08,3.300980497902778e+38,1.60749405080608e+46,exp_mp_5120,17531771.94471745,3.751085628275615e10,1.8792731584784126e10,53
naha95_p370,3,Float64,false,taylor,transfree,0.0,0.0002670160000000001,0.001424431,0.00030812900000000003,7.1859e-5,0.002204265,36,5,5.314547917539889e-15,4518.506346532106,1,2.220446049250313e-16,8.182414192416515e-27,1.315318213554078e+20,1.60749405080608e+46,exp_mp_5120,17531771.94471745,3.751085628275615e10,1.8792731584784126e10,256
naha95_p370,3,Float64,false,taylor,transfree,0.0,0.0003682359999999999,0.010873180000000001,0.00031344699999999996,6.3273e-5,0.011771583,36,5,5.314547917539889e-15,4518.506346532106,1,2.220446049250313e-16,8.182414192416515e-27,1.315318213554078e+20,1.60749405080608e+46,exp_mp_5120,17531771.94471745,3.751085628275615e10,1.8792731584784126e10,851
naha95_p370,3,Float64,false,taylor,complexschur,0.000250185,0.00032560999999999994,0.0015053489999999996,0.00072172,0.000343717,0.003437537,36,5,0,2767.273984673802,1,2.220446049250313e-16,5.946771650355483e-10,9.559559335290025e+36,1.60749405080608e+46,exp_mp_5120,17531771.94471745,3.751085628275615e10,1.8792731584784126e10,53
naha95_p370,3,Float64,false,taylor,complexschur,0.000333877,0.00029048400000000003,0.0015676660000000001,0.0007493840000000001,0.000413332,0.003635862,36,5,2.545387850537098e-16,2767.273985010203,1,2.220446049250313e-16,8.182258187493784e-27,1.315293135855509e+20,1.60749405080608e+46,exp_mp_5120,17531771.94471745,3.751085628275615e10,1.8792731584784126e10,256
naha95_p370,3,Float64,false,taylor,complexschur,0.000538174,0.000305248,0.0018645120000000002,0.0009272440000000001,0.000727561,0.004698684,36,5,2.545387850537098e-16,2767.273985010203,1,2.220446049250313e-16,8.182258187493784e-27,1.315293135855509e+20,1.60749405080608e+46,exp_mp_5120,17531771.94471745,3.751085628275615e10,1.8792731584784126e10,851
naha95_p370,3,Float64,false,taylor,realschur,0.00021129,0.00023853100000000002,0.0009054959999999998,0.00018252499999999998,8.0546e-5,0.001733974,36,5,0,2767.273984673802,1,2.220446049250313e-16,5.946771650355483e-10,9.559559335290025e+36,1.60749405080608e+46,exp_mp_5120,17531771.94471745,3.751085628275615e10,1.8792731584784126e10,53
naha95_p370,3,Float64,false,taylor,realschur,0.000207132,0.00022382500000000003,0.0010097880000000002,0.000201291,0.00012917,0.001910415,36,5,2.545387850537098e-16,2767.273985010203,1,2.220446049250313e-16,8.182258187493784e-27,1.315293135855509e+20,1.60749405080608e+46,exp_mp_5120,17531771.94471745,3.751085628275615e10,1.8792731584784126e10,256
naha95_p370,3,Float64,false,taylor,realschur,0.000308759,0.00021443299999999996,0.001062828,0.000333933,0.000452238,0.002537202,36,5,2.545387850537098e-16,2767.273985010203,1,2.220446049250313e-16,8.182258187493784e-27,1.315293135855509e+20,1.60749405080608e+46,exp_mp_5120,17531771.94471745,3.751085628275615e10,1.8792731584784126e10,851
kela98_ex2,2,Float64,false,scaling_and_squaring,NaN,NaN,NaN,NaN,NaN,NaN,1.6753e-5,NaN,NaN,NaN,NaN,NaN,2.220446049250313e-16,2.07214613359377e-11,2.290077934929968e-05,1105172.023246566,given,166666666669.5016,1.00000020000001e14,1.0000000000000198e14,53
kela98_ex2,2,Float64,false,diagonalcheap,transfree,0.0,5.780999999999999e-6,0.0017616910000000003,0.00017598800000000002,0.000204336,0.002285373,3,16,0,16.2588138714622,74.4664700678436,2.220446049250313e-16,0,0,1105172.023246566,given,166666666669.5016,1.00000020000001e14,1.0000000000000198e14,53
kela98_ex2,2,Float64,false,diagonalcheap,transfree,0.0,6.2669999999999995e-6,0.0019589079999999992,0.00015698399999999999,0.000390658,0.002595625,3,16,4.611900403712176e-28,16.2588138714622,74.4664700678436,2.220446049250313e-16,3.603878138395294e-17,3.982909460354305e-11,1105172.023246566,given,166666666669.5016,1.00000020000001e14,1.0000000000000198e14,256
kela98_ex2,2,Float64,false,diagonalcheap,transfree,0.0,6.4e-6,0.002259855,0.00019577899999999998,0.001108841,0.003668235,3,16,4.611900403712176e-28,16.2588138714622,74.4664700678436,2.220446049250313e-16,3.603878138395294e-17,3.982909460354305e-11,1105172.023246566,given,166666666669.5016,1.00000020000001e14,1.0000000000000198e14,851
kela98_ex2,2,Float64,false,diagonalcheap,complexschur,0.0,1.2092999999999998e-5,0.001725577,0.00012122499999999998,0.000190098,0.002142005,3,16,0,16.2588138714622,74.4664700678436,2.220446049250313e-16,0,0,1105172.023246566,given,166666666669.5016,1.00000020000001e14,1.0000000000000198e14,53
kela98_ex2,2,Float64,false,diagonalcheap,complexschur,0.0,5.16e-6,0.0015340220000000001,0.000150855,0.000365098,0.00213953,3,16,4.611900403712176e-28,16.2588138714622,74.4664700678436,2.220446049250313e-16,3.603878138395294e-17,3.982909460354305e-11,1105172.023246566,given,166666666669.5016,1.00000020000001e14,1.0000000000000198e14,256
kela98_ex2,2,Float64,false,diagonalcheap,complexschur,0.0,3.642e-6,0.001348125,0.000129892,0.00068083,0.002245575,3,16,4.611900403712176e-28,16.2588138714622,74.4664700678436,2.220446049250313e-16,3.603878138395294e-17,3.982909460354305e-11,1105172.023246566,given,166666666669.5016,1.00000020000001e14,1.0000000000000198e14,851
kela98_ex2,2,Float64,false,diagonalcheap,realschur,0.0,4.348999999999999e-6,0.00123669,0.000123789,0.000194507,0.00164958,3,16,0,16.2588138714622,74.4664700678436,2.220446049250313e-16,0,0,1105172.023246566,given,166666666669.5016,1.00000020000001e14,1.0000000000000198e14,53
kela98_ex2,2,Float64,false,diagonalcheap,realschur,0.0,5.091000000000001e-6,0.0017428080000000006,0.000150624,0.000379266,0.002364997,3,16,4.611900403712176e-28,16.2588138714622,74.4664700678436,2.220446049250313e-16,3.603878138395294e-17,3.982909460354305e-11,1105172.023246566,given,166666666669.5016,1.00000020000001e14,1.0000000000000198e14,256
kela98_ex2,2,Float64,false,diagonalcheap,realschur,0.0,6.521999999999998e-6,0.0022572809999999994,0.00019990599999999997,0.000910005,0.003476072,3,16,4.611900403712176e-28,16.2588138714622,74.4664700678436,2.220446049250313e-16,3.603878138395294e-17,3.982909460354305e-11,1105172.023246566,given,166666666669.5016,1.00000020000001e14,1.0000000000000198e14,851
kela98_ex2,2,Float64,false,taylor,transfree,0.0,7.8193e-5,0.00044939199999999996,0.00010429999999999999,1.4378e-5,0.000721279,20,1,2.664535259100376e-15,525636.4679377604,1,2.220446049250313e-16,0,0,1105172.023246566,given,166666666669.5016,1.00000020000001e14,1.0000000000000198e14,53
kela98_ex2,2,Float64,false,taylor,transfree,0.0,0.00010238800000000001,0.00047593500000000003,0.00011797800000000001,2.5379e-5,0.000793278,20,1,2.193787091257846e-15,525636.4679377604,1,2.220446049250313e-16,3.603878138395294e-17,3.982909460354305e-11,1105172.023246566,given,166666666669.5016,1.00000020000001e14,1.0000000000000198e14,256
kela98_ex2,2,Float64,false,taylor,transfree,0.0,0.000159488,0.000623141,0.000152544,5.9776e-5,0.001074704,20,1,2.193787091257846e-15,525636.4679377604,1,2.220446049250313e-16,3.603878138395294e-17,3.982909460354305e-11,1105172.023246566,given,166666666669.5016,1.00000020000001e14,1.0000000000000198e14,851
kela98_ex2,2,Float64,false,taylor,complexschur,0.0,7.399400000000001e-5,0.00040647799999999994,9.060700000000001e-5,1.4037e-5,0.000657816,20,1,2.664535259100376e-15,525636.4679377604,1,2.220446049250313e-16,0,0,1105172.023246566,given,166666666669.5016,1.00000020000001e14,1.0000000000000198e14,53
kela98_ex2,2,Float64,false,taylor,complexschur,0.0,0.00010324100000000002,0.00047972800000000007,0.00011617699999999998,2.6331e-5,0.000805974,20,1,2.193787091257846e-15,525636.4679377604,1,2.220446049250313e-16,3.603878138395294e-17,3.982909460354305e-11,1105172.023246566,given,166666666669.5016,1.00000020000001e14,1.0000000000000198e14,256
kela98_ex2,2,Float64,false,taylor,complexschur,0.0,0.000157635,0.000617498,0.000157715,6.1289e-5,0.001084022,20,1,2.193787091257846e-15,525636.4679377604,1,2.220446049250313e-16,3.603878138395294e-17,3.982909460354305e-11,1105172.023246566,given,166666666669.5016,1.00000020000001e14,1.0000000000000198e14,851
kela98_ex2,2,Float64,false,taylor,realschur,0.0,6.736200000000001e-5,0.000348935,6.3314e-5,8.677e-6,0.000543785,20,1,2.664535259100376e-15,525636.4679377604,1,2.220446049250313e-16,0,0,1105172.023246566,given,166666666669.5016,1.00000020000001e14,1.0000000000000198e14,53
kela98_ex2,2,Float64,false,taylor,realschur,0.0,5.8633e-5,0.00027567800000000007,6.7019e-5,1.552e-5,0.000475202,20,1,2.193787091257846e-15,525636.4679377604,1,2.220446049250313e-16,3.603878138395294e-17,3.982909460354305e-11,1105172.023246566,given,166666666669.5016,1.00000020000001e14,1.0000000000000198e14,256
kela98_ex2,2,Float64,false,taylor,realschur,0.0,9.433299999999999e-5,0.00038011600000000006,9.2249e-5,3.5599e-5,0.000664599,20,1,2.193787091257846e-15,525636.4679377604,1,2.220446049250313e-16,3.603878138395294e-17,3.982909460354305e-11,1105172.023246566,given,166666666669.5016,1.00000020000001e14,1.0000000000000198e14,851
kela98_p655,5,Float64,false,scaling_and_squaring,NaN,NaN,NaN,NaN,NaN,NaN,3.2583e-5,NaN,NaN,NaN,NaN,NaN,2.220446049250313e-16,1.520189388678071e-09,1.862645149230957e-09,1,diag_5120,55735818.84366851,Inf,Inf,53
kela98_p655,5,Float64,false,diagonalcheap,transfree,0.0,0.0007882029999999999,0.010885791000000004,0.001701393,0.000835541,0.014399991,91,24,2.695407869438268e-16,1.473256862053699,3.6513721089377507,2.220446049250313e-16,1.817559681717004e-16,2.450390169970646e-16,1,diag_5120,55735818.84366851,Inf,Inf,53
kela98_p655,5,Float64,false,diagonalcheap,transfree,0.0,0.000223974,0.0033409109999999994,0.0006696779999999999,0.001629601,0.006059172,17,22,4.954653538177201e-22,4.71100852807703,54.00358111197461,2.220446049250313e-16,3.983898754187956e-29,1.034264292119154e-28,1,diag_5120,55735818.84366851,Inf,Inf,256
kela98_p655,5,Float64,false,diagonalcheap,transfree,0.0,0.000152659,0.005609268999999999,0.001162032,0.004711398,0.011890854,17,22,4.954653538177201e-22,4.71100852807703,54.00358111197461,2.220446049250313e-16,3.983898754187956e-29,1.034264292119154e-28,1,diag_5120,55735818.84366851,Inf,Inf,851
kela98_p655,5,Float64,false,diagonalcheap,complexschur,0.0,0.000610099,0.008383019,0.0021345899999999996,0.001923771,0.013297862,91,24,2.695407869438268e-16,1.473256862053699,3.6513721089377507,2.220446049250313e-16,1.817559681717004e-16,2.450390169970646e-16,1,diag_5120,55735818.84366851,Inf,Inf,53
kela98_p655,5,Float64,false,diagonalcheap,complexschur,0.0,0.00019837499999999998,0.010301719000000004,0.000562131,0.001160591,0.012437804,17,22,4.954653538177201e-22,4.71100852807703,54.00358111197461,2.220446049250313e-16,3.983898754187956e-29,1.034264292119154e-28,1,diag_5120,55735818.84366851,Inf,Inf,256
kela98_p655,5,Float64,false,diagonalcheap,complexschur,0.0,0.000174608,0.004225772000000001,0.0010789320000000001,0.004868844,0.010616091,17,22,4.954653538177201e-22,4.71100852807703,54.00358111197461,2.220446049250313e-16,3.983898754187956e-29,1.034264292119154e-28,1,diag_5120,55735818.84366851,Inf,Inf,851
kela98_p655,5,Float64,false,diagonalcheap,realschur,0.0,0.00046989400000000005,0.008266362000000003,0.0027083409999999995,0.001595565,0.013271952,91,24,2.695407869438268e-16,1.473256862053699,3.6513721089377507,2.220446049250313e-16,1.817559681717004e-16,2.450390169970646e-16,1,diag_5120,55735818.84366851,Inf,Inf,53
kela98_p655,5,Float64,false,diagonalcheap,realschur,0.0,0.000169757,0.005330480999999999,0.00087284,0.001537432,0.008156651,17,22,4.954653538177201e-22,4.71100852807703,54.00358111197461,2.220446049250313e-16,3.983898754187956e-29,1.034264292119154e-28,1,diag_5120,55735818.84366851,Inf,Inf,256
kela98_p655,5,Float64,false,diagonalcheap,realschur,0.0,0.000178383,0.003699487,0.0007878200000000001,0.00408789,0.008928007,17,22,4.954653538177201e-22,4.71100852807703,54.00358111197461,2.220446049250313e-16,3.983898754187956e-29,1.034264292119154e-28,1,diag_5120,55735818.84366851,Inf,Inf,851
kela98_p655,5,Float64,false,taylor,transfree,0.0,0.0007014079999999999,0.019920997999999995,0.0011750699999999998,0.002266677,0.023998157,42,23,0,2.17048577996763,1,2.220446049250313e-16,6.694032445188904e-17,1.110223024625157e-16,1,diag_5120,55735818.84366851,Inf,Inf,53
kela98_p655,5,Float64,false,taylor,transfree,0.0,0.0005814829999999998,0.005291736,0.0008171629999999999,0.001924603,0.008631161,36,22,7.84947921552901e-16,4.711004967268241,1,2.220446049250313e-16,1.650858852182915e-19,4.285812636043353e-19,1,diag_5120,55735818.84366851,Inf,Inf,256
kela98_p655,5,Float64,false,taylor,transfree,0.0,0.000554856,0.03705115299999999,0.0013263049999999998,0.003364586,0.042366004,36,22,7.84947921552901e-16,4.711004967268241,1,2.220446049250313e-16,1.650858852182915e-19,4.285812636043353e-19,1,diag_5120,55735818.84366851,Inf,Inf,851
kela98_p655,5,Float64,false,taylor,complexschur,0.0,0.0005660500000000001,0.007101701999999997,0.0008450809999999999,0.001499639,0.010051967,42,23,0,2.17048577996763,1,2.220446049250313e-16,6.694032445188904e-17,1.110223024625157e-16,1,diag_5120,55735818.84366851,Inf,Inf,53
kela98_p655,5,Float64,false,taylor,complexschur,0.0,0.00034809800000000003,0.005450742,0.0007362769999999998,0.001988186,0.008527841,36,22,7.84947921552901e-16,4.711004967268241,1,2.220446049250313e-16,1.650858852182915e-19,4.285812636043353e-19,1,diag_5120,55735818.84366851,Inf,Inf,256
kela98_p655,5,Float64,false,taylor,complexschur,0.0,0.0004182709999999999,0.009650295,0.000921168,0.002351371,0.013359953,36,22,7.84947921552901e-16,4.711004967268241,1,2.220446049250313e-16,1.650858852182915e-19,4.285812636043353e-19,1,diag_5120,55735818.84366851,Inf,Inf,851
kela98_p655,5,Float64,false,taylor,realschur,0.0,0.00057057,0.007010932,0.0009352999999999998,0.0014798,0.010028161,42,23,0,2.17048577996763,1,2.220446049250313e-16,6.694032445188904e-17,1.110223024625157e-16,1,diag_5120,55735818.84366851,Inf,Inf,53
kela98_p655,5,Float64,false,taylor,realschur,0.0,0.00033487,0.004739812999999999,0.0007222099999999998,0.001642956,0.007458897,36,22,7.84947921552901e-16,4.711004967268241,1,2.220446049250313e-16,1.650858852182915e-19,4.285812636043353e-19,1,diag_5120,55735818.84366851,Inf,Inf,256
kela98_p655,5,Float64,false,taylor,realschur,0.0,0.000459862,0.009894107999999995,0.0009717869999999998,0.002369015,0.013788344,36,22,7.84947921552901e-16,4.711004967268241,1,2.220446049250313e-16,1.650858852182915e-19,4.285812636043353e-19,1,diag_5120,55735818.84366851,Inf,Inf,851
dipa00_ex3.10,8,Float64,false,scaling_and_squaring,NaN,NaN,NaN,NaN,NaN,NaN,2.4718e-5,NaN,NaN,NaN,NaN,NaN,2.220446049250313e-16,1.255666473834654e-16,8.548502470893079e-11,535960.8744589886,diag_5120,40538365881.25993,Inf,Inf,53
dipa00_ex3.10,8,Float64,false,diagonalcheap,transfree,0.0,5.612999999999999e-6,0.002512633,0.000668877,0.001582059,0.00510924,3,15,1.91611160061435e-15,16.2587989816152,74.46657836051844,2.220446049250313e-16,1.510955753846214e-12,9.7675599598921e-07,535960.8744589886,diag_5120,40538365881.25993,Inf,Inf,53
dipa00_ex3.10,8,Float64,false,diagonalcheap,transfree,0.0,4.645999999999999e-6,0.0025695679999999995,0.000736647,0.001872051,0.005481532,3,15,5.614255615992104e-24,16.2587989816152,74.46657836051844,2.220446049250313e-16,6.872076389188803e-34,3.68315760749671e-28,535960.8744589886,diag_5120,40538365881.25993,Inf,Inf,256
dipa00_ex3.10,8,Float64,false,diagonalcheap,transfree,0.0,6.682999999999999e-6,0.004406599,0.001391416,0.002965582,0.009176378,3,15,5.614255615992104e-24,16.2587989816152,74.46657836051844,2.220446049250313e-16,6.872076389188803e-34,3.68315760749671e-28,535960.8744589886,diag_5120,40538365881.25993,Inf,Inf,851
dipa00_ex3.10,8,Float64,false,diagonalcheap,complexschur,0.000312246,4.785e-6,0.0022354079999999995,0.0013267939999999998,0.005210987,0.010209342,3,15,1.916108297205514e-15,16.25876922727164,74.46644997887677,2.220446049250313e-16,1.299132018713274e-16,1.182421909440515e-10,535960.8744589886,diag_5120,40538365881.25993,Inf,Inf,53
dipa00_ex3.10,8,Float64,false,diagonalcheap,complexschur,0.000713664,6.935000000000001e-6,0.0040236349999999985,0.0022475799999999995,0.009655538,0.018242112,3,15,5.614245936920381e-24,16.25876922727164,74.46644997887675,2.220446049250313e-16,6.043937964382098e-34,3.239306788321363e-28,535960.8744589886,diag_5120,40538365881.25993,Inf,Inf,256
dipa00_ex3.10,8,Float64,false,diagonalcheap,complexschur,0.000902611,6.802000000000001e-6,0.0027892679999999993,0.001672634,0.007666349,0.014506297,3,15,5.614245936920381e-24,16.25876922727164,74.46644997887675,2.220446049250313e-16,6.043937964382098e-34,3.239306788321363e-28,535960.8744589886,diag_5120,40538365881.25993,Inf,Inf,851
dipa00_ex3.10,8,Float64,false,diagonalcheap,realschur,0.00040772,4.959999999999999e-6,0.0021965269999999998,0.0005441869999999999,0.001913942,0.005573701,3,15,1.916108297205514e-15,16.25876922727164,74.46644997887677,2.220446049250313e-16,1.299132018713274e-16,1.182421909440515e-10,535960.8744589886,diag_5120,40538365881.25993,Inf,Inf,53
dipa00_ex3.10,8,Float64,false,diagonalcheap,realschur,0.000648488,4.371000000000001e-6,0.002304958,0.000602518,0.002486784,0.006580623,3,15,5.614245936920381e-24,16.25876922727164,74.46644997887675,2.220446049250313e-16,6.043937964382098e-34,3.239306788321363e-28,535960.8744589886,diag_5120,40538365881.25993,Inf,Inf,256
dipa00_ex3.10,8,Float64,false,diagonalcheap,realschur,0.001141063,5.821000000000001e-6,0.0027221209999999992,0.000932848,0.002777928,0.019027425,3,15,5.614245936920381e-24,16.25876922727164,74.46644997887675,2.220446049250313e-16,6.043937964382098e-34,3.239306788321363e-28,535960.8744589886,diag_5120,40538365881.25993,Inf,Inf,851
dipa00_ex3.10,8,Float64,false,taylor,transfree,0.0,0.00018158100000000002,0.001097386,0.001191332,0.000236228,0.003039005,20,2,3.105071755271638e-12,125551.2051998286,1,2.220446049250313e-16,3.002322964622864e-16,2.346574476740093e-10,535960.8744589886,diag_5120,40538365881.25993,Inf,Inf,53
dipa00_ex3.10,8,Float64,false,taylor,transfree,0.0,0.000177574,0.0012002320000000003,0.001410554,0.000295103,0.003409984,20,2,3.103606695233478e-12,125551.2051998286,1,2.220446049250313e-16,3.386221889650234e-36,1.81487952822537e-30,535960.8744589886,diag_5120,40538365881.25993,Inf,Inf,256
dipa00_ex3.10,8,Float64,false,taylor,transfree,0.0,0.000205186,0.001648056,0.0020425730000000002,0.000451926,0.004788097,20,2,3.103606695233478e-12,125551.2051998286,1,2.220446049250313e-16,3.386221889650234e-36,1.81487952822537e-30,535960.8744589886,diag_5120,40538365881.25993,Inf,Inf,851
dipa00_ex3.10,8,Float64,false,taylor,complexschur,0.000486093,0.00025495499999999996,0.0015944420000000004,0.003853776,0.000699426,0.008648424,20,2,3.105071755271638e-12,125550.9802253428,1,2.220446049250313e-16,1.459256862427291e-16,8.548497778170358e-11,535960.8744589886,diag_5120,40538365881.25993,Inf,Inf,53
dipa00_ex3.10,8,Float64,false,taylor,complexschur,0.000746307,0.00025663000000000004,0.001455554,0.00362478,0.000776136,0.007991621,20,2,3.103606695233478e-12,125550.9802253428,1,2.220446049250313e-16,3.212450102899355e-36,1.721743586183451e-30,535960.8744589886,diag_5120,40538365881.25993,Inf,Inf,256
dipa00_ex3.10,8,Float64,false,taylor,complexschur,0.000789662,0.000196542,0.0014617869999999998,0.004580033000000001,0.001088341,0.009974877,20,2,3.103606695233478e-12,125550.9802253428,1,2.220446049250313e-16,3.212450102899355e-36,1.721743586183451e-30,535960.8744589886,diag_5120,40538365881.25993,Inf,Inf,851
dipa00_ex3.10,8,Float64,false,taylor,realschur,0.000259904,0.000121917,0.0007343289999999999,0.0010427470000000001,0.000308719,0.00299023,20,2,3.105071755271638e-12,125550.9802253428,1,2.220446049250313e-16,1.459256862427291e-16,8.548497778170358e-11,535960.8744589886,diag_5120,40538365881.25993,Inf,Inf,53
dipa00_ex3.10,8,Float64,false,taylor,realschur,0.000751427,0.00020201300000000005,0.0014088240000000001,0.0014314050000000002,0.000412751,0.00491796,20,2,3.103606695233478e-12,125550.9802253428,1,2.220446049250313e-16,3.212450102899355e-36,1.721743586183451e-30,535960.8744589886,diag_5120,40538365881.25993,Inf,Inf,256
dipa00_ex3.10,8,Float64,false,taylor,realschur,0.001374286,0.000192042,0.0014567450000000002,0.0016340219999999997,0.000581207,0.00585184,20,2,3.103606695233478e-12,125550.9802253428,1,2.220446049250313e-16,3.212450102899355e-36,1.721743586183451e-30,535960.8744589886,diag_5120,40538365881.25993,Inf,Inf,851
rosser8,8,Float64,true,scaling_and_squaring,NaN,NaN,NaN,NaN,NaN,NaN,5.9535e-5,NaN,NaN,NaN,NaN,NaN,2.220446049250313e-16,4.24234073508946e-16,1.389017120667432e-15,1.27819087890852,diag_5120,0.1502144878598146,Inf,6.692598735548365e15,53
rosser8,8,Float64,true,diagonalcheap,transfree,0.001299761,0.0,0.0,0.0,0.0,0.001545619,NaN,NaN,NaN,NaN,NaN,2.220446049250313e-16,3.001398530085884e-16,1.124268153238315e-15,1.27819087890852,diag_5120,0.1502144878598146,Inf,6.692598735548365e15,53
rosser8,8,Float64,true,diagonalcheap,transfree,0.002935424,0.0,0.0,0.0,0.0,0.003228613,NaN,NaN,NaN,NaN,NaN,2.220446049250313e-16,2.140470593129132e-77,7.524488229334759e-77,1.27819087890852,diag_5120,0.1502144878598146,Inf,6.692598735548365e15,256
rosser8,8,Float64,true,diagonalcheap,transfree,0.006802676,0.0,0.0,0.0,0.0,0.007272618,NaN,NaN,NaN,NaN,NaN,2.220446049250313e-16,1.867555574760793e-256,6.003891804417375e-256,1.27819087890852,diag_5120,0.1502144878598146,Inf,6.692598735548365e15,851
rosser8,8,Float64,true,diagonalcheap,complexschur,0.001643879,1.363e-6,0.0011092510000000001,0.002901558,1.0e-7,0.007234293,5,0,0,1.176764603043866,1.1767646030438665,2.220446049250313e-16,7.354222931889307e-16,2.597728678180054e-15,1.27819087890852,diag_5120,0.1502144878598146,Inf,6.692598735548365e15,53
rosser8,8,Float64,true,diagonalcheap,complexschur,0.003234244,1.583e-6,0.0007948209999999999,0.0022263509999999997,4.0e-8,0.00721741,5,0,2.487063456841224e-19,1.176764603043866,1.1767646030438663,2.220446049250313e-16,8.768450099191394e-77,3.34231794811371e-76,1.27819087890852,diag_5120,0.1502144878598146,Inf,6.692598735548365e15,256
rosser8,8,Float64,true,diagonalcheap,complexschur,0.003195629,2.1340000000000002e-6,0.0015796349999999998,0.0037974650000000003,8.0e-8,0.010713783,5,0,2.487063456841224e-19,1.176764603043866,1.1767646030438663,2.220446049250313e-16,8.615208948749291e-256,2.676338521595844e-255,1.27819087890852,diag_5120,0.1502144878598146,Inf,6.692598735548365e15,851
rosser8,8,Float64,true,diagonalcheap,realschur,0.001708584,1.793e-6,0.0007928989999999999,0.000854858,4.0e-8,0.003823937,5,0,0,1.176764603043866,1.1767646030438665,2.220446049250313e-16,7.354222931889307e-16,2.597728678180054e-15,1.27819087890852,diag_5120,0.1502144878598146,Inf,6.692598735548365e15,53
rosser8,8,Float64,true,diagonalcheap,realschur,0.002513706,1.8639999999999999e-6,0.000808147,0.000916869,5.0e-8,0.004786204,5,0,2.487063456841224e-19,1.176764603043866,1.1767646030438663,2.220446049250313e-16,8.768450099191394e-77,3.34231794811371e-76,1.27819087890852,diag_5120,0.1502144878598146,Inf,6.692598735548365e15,256
rosser8,8,Float64,true,diagonalcheap,realschur,0.003333757,1.4629999999999998e-6,0.000541882,0.000772348,3.0e-8,0.005126685,5,0,2.487063456841224e-19,1.176764603043866,1.1767646030438663,2.220446049250313e-16,8.615208948749291e-256,2.676338521595844e-255,1.27819087890852,diag_5120,0.1502144878598146,Inf,6.692598735548365e15,851
rosser8,8,Float64,true,taylor,transfree,0.001313558,0.0,0.0,0.0,0.0,0.001554836,NaN,NaN,NaN,NaN,NaN,2.220446049250313e-16,3.001398530085884e-16,1.124268153238315e-15,1.27819087890852,diag_5120,0.1502144878598146,Inf,6.692598735548365e15,53
rosser8,8,Float64,true,taylor,transfree,0.003029417,0.0,0.0,0.0,0.0,0.003353916,NaN,NaN,NaN,NaN,NaN,2.220446049250313e-16,2.140470593129132e-77,7.524488229334759e-77,1.27819087890852,diag_5120,0.1502144878598146,Inf,6.692598735548365e15,256
rosser8,8,Float64,true,taylor,transfree,0.010685839,0.0,0.0,0.0,0.0,0.011520107,NaN,NaN,NaN,NaN,NaN,2.220446049250313e-16,1.867555574760793e-256,6.003891804417375e-256,1.27819087890852,diag_5120,0.1502144878598146,Inf,6.692598735548365e15,851
rosser8,8,Float64,true,taylor,complexschur,0.001757189,0.000291205,0.0008648169999999999,0.002980703,4.0e-8,0.007212511,12,0,2.220446049250313e-16,1.176734378045396,1,2.220446049250313e-16,7.354222931889307e-16,2.597728678180054e-15,1.27819087890852,diag_5120,0.1502144878598146,Inf,6.692598735548365e15,53
rosser8,8,Float64,true,taylor,complexschur,0.00294893,0.000192534,0.0005403779999999999,0.002209486,5.0e-8,0.006911878,12,0,9.145764337422691e-21,1.176734378045397,1,2.220446049250313e-16,8.768450099191394e-77,3.34231794811371e-76,1.27819087890852,diag_5120,0.1502144878598146,Inf,6.692598735548365e15,256
rosser8,8,Float64,true,taylor,complexschur,0.015165669,0.000220799,0.0006878930000000001,0.0024940889999999997,4.0e-8,0.019788997,12,0,9.145764337422691e-21,1.176734378045397,1,2.220446049250313e-16,8.615208948749291e-256,2.676338521595844e-255,1.27819087890852,diag_5120,0.1502144878598146,Inf,6.692598735548365e15,851
rosser8,8,Float64,true,taylor,realschur,0.001060708,0.00012966199999999998,0.0003882009999999999,0.0005346480000000001,4.0e-8,0.002388673,12,0,2.220446049250313e-16,1.176734378045396,1,2.220446049250313e-16,7.354222931889307e-16,2.597728678180054e-15,1.27819087890852,diag_5120,0.1502144878598146,Inf,6.692598735548365e15,53
rosser8,8,Float64,true,taylor,realschur,0.003229915,0.000134351,0.00047425099999999997,0.000826031,4.0e-8,0.005148688,12,0,9.145764337422691e-21,1.176734378045397,1,2.220446049250313e-16,8.768450099191394e-77,3.34231794811371e-76,1.27819087890852,diag_5120,0.1502144878598146,Inf,6.692598735548365e15,256
rosser8,8,Float64,true,taylor,realschur,0.004533434,0.000142907,0.0005192409999999999,0.000963567,4.0e-8,0.006638428,12,0,9.145764337422691e-21,1.176734378045397,1,2.220446049250313e-16,8.615208948749291e-256,2.676338521595844e-255,1.27819087890852,diag_5120,0.1502144878598146,Inf,6.692598735548365e15,851
cos_sin_x100,2,Float64,false,scaling_and_squaring,NaN,NaN,NaN,NaN,NaN,NaN,1.7304e-5,NaN,NaN,NaN,NaN,NaN,2.220446049250313e-16,3.164239923658588e-13,3.435305611874459e-13,1.257769757147267,diag_5120,9999.999999999998,1.0,1.0,53
cos_sin_x100,2,Float64,false,diagonalcheap,transfree,0.0,0.0003839150000000001,0.006404438,0.000455777,0.000159801,0.007501632,91,14,2.78428912807162e-16,1.392602150679202,1.5731555821987013,2.220446049250313e-16,4.139000904272545e-17,5.142812191584519e-17,1.257769757147267,diag_5120,9999.999999999998,1.0,1.0,53
cos_sin_x100,2,Float64,false,diagonalcheap,transfree,0.0,0.000256869,0.0034113629999999997,0.000500722,0.000231599,0.004513295,49,8,5.910552046685686e-19,1.18449223431813,1.9785679217598549,2.220446049250313e-16,1.936638761529057e-78,2.228459022547694e-78,1.257769757147267,diag_5120,9999.999999999998,1.0,1.0,256
cos_sin_x100,2,Float64,false,diagonalcheap,transfree,0.0,0.00037852600000000007,0.004915685,0.000580795,0.000386109,0.006385447,49,8,5.910552046685686e-19,1.18449223431813,1.9785679217598549,2.220446049250313e-16,2.856823366771709e-257,3.627230007198387e-257,1.257769757147267,diag_5120,9999.999999999998,1.0,1.0,851
cos_sin_x100,2,Float64,false,diagonalcheap,complexschur,9.0015e-5,0.0,0.0,0.0,0.0,0.000181853,0,0,NaN,NaN,1,2.220446049250313e-16,1.819000634495405e-12,2.287840669874375e-12,1.257769757147267,diag_5120,9999.999999999998,1.0,1.0,53
cos_sin_x100,2,Float64,false,diagonalcheap,complexschur,8.4644e-5,0.0,0.0,0.0,0.0,0.000165401,0,0,NaN,NaN,1,2.220446049250313e-16,1.414941465220087e-73,1.779589788715311e-73,1.257769757147267,diag_5120,9999.999999999998,1.0,1.0,256
cos_sin_x100,2,Float64,false,diagonalcheap,complexschur,9.9423e-5,0.0,0.0,0.0,0.0,0.000207773,0,0,NaN,NaN,1,2.220446049250313e-16,2.856823366771709e-257,3.627230007198387e-257,1.257769757147267,diag_5120,9999.999999999998,1.0,1.0,851
cos_sin_x100,2,Float64,false,diagonalcheap,realschur,0.0,0.00039184,0.005906150000000003,0.000463267,0.000157325,0.007041659,91,14,2.78428912807162e-16,1.392602150679202,1.5731555821987013,2.220446049250313e-16,4.139000904272545e-17,5.142812191584519e-17,1.257769757147267,diag_5120,9999.999999999998,1.0,1.0,53
cos_sin_x100,2,Float64,false,diagonalcheap,realschur,0.0,0.00031567099999999995,0.0027635349999999993,0.00030436799999999996,0.000127037,0.003626535,49,8,5.910552046685686e-19,1.18449223431813,1.9785679217598549,2.220446049250313e-16,1.936638761529057e-78,2.228459022547694e-78,1.257769757147267,diag_5120,9999.999999999998,1.0,1.0,256
cos_sin_x100,2,Float64,false,diagonalcheap,realschur,0.0,0.000230427,0.00290194,0.000356994,0.000220047,0.003808458,49,8,5.910552046685686e-19,1.18449223431813,1.9785679217598549,2.220446049250313e-16,2.856823366771709e-257,3.627230007198387e-257,1.257769757147267,diag_5120,9999.999999999998,1.0,1.0,851
cos_sin_x100,2,Float64,false,taylor,transfree,0.0,0.00018801400000000002,0.0009000769999999998,0.000107871,0.000109392,0.001370048,49,10,0,1958.32371873205,1,2.220446049250313e-16,4.139000904272545e-17,5.142812191584519e-17,1.257769757147267,diag_5120,9999.999999999998,1.0,1.0,53
cos_sin_x100,2,Float64,false,taylor,transfree,0.0,0.00018300699999999998,0.0010346159999999997,0.00018031999999999998,0.000281015,0.001759183,49,10,1.241020333174797e-15,1958.32371873205,1,2.220446049250313e-16,1.936638761529057e-78,2.228459022547694e-78,1.257769757147267,diag_5120,9999.999999999998,1.0,1.0,256
cos_sin_x100,2,Float64,false,taylor,transfree,0.0,0.000285625,0.0020755750000000005,0.00023839399999999998,0.00047962,0.0031965,49,10,1.241020333174797e-15,1958.32371873205,1,2.220446049250313e-16,2.856823366771709e-257,3.627230007198387e-257,1.257769757147267,diag_5120,9999.999999999998,1.0,1.0,851
cos_sin_x100,2,Float64,false,taylor,complexschur,8.7049e-5,0.0,0.0,0.0,0.0,0.000166914,0,0,NaN,NaN,1,2.220446049250313e-16,1.819000634495405e-12,2.287840669874375e-12,1.257769757147267,diag_5120,9999.999999999998,1.0,1.0,53
cos_sin_x100,2,Float64,false,taylor,complexschur,8.0887e-5,0.0,0.0,0.0,0.0,0.000159168,0,0,NaN,NaN,1,2.220446049250313e-16,1.414941465220087e-73,1.779589788715311e-73,1.257769757147267,diag_5120,9999.999999999998,1.0,1.0,256
cos_sin_x100,2,Float64,false,taylor,complexschur,9.3291e-5,0.0,0.0,0.0,0.0,0.000198625,0,0,NaN,NaN,1,2.220446049250313e-16,2.856823366771709e-257,3.627230007198387e-257,1.257769757147267,diag_5120,9999.999999999998,1.0,1.0,851
cos_sin_x100,2,Float64,false,taylor,realschur,0.0,0.00023755099999999996,0.0011473640000000001,0.000139872,0.000162916,0.001770204,49,10,0,1958.32371873205,1,2.220446049250313e-16,4.139000904272545e-17,5.142812191584519e-17,1.257769757147267,diag_5120,9999.999999999998,1.0,1.0,53
cos_sin_x100,2,Float64,false,taylor,realschur,0.0,0.00030351000000000005,0.0019787259999999997,0.00020044100000000001,0.00029397,0.002894525,49,10,1.241020333174797e-15,1958.32371873205,1,2.220446049250313e-16,1.936638761529057e-78,2.228459022547694e-78,1.257769757147267,diag_5120,9999.999999999998,1.0,1.0,256
cos_sin_x100,2,Float64,false,taylor,realschur,0.0,0.00021081900000000003,0.00143727,0.00015833900000000002,0.000271407,0.002184337,49,10,1.241020333174797e-15,1958.32371873205,1,2.220446049250313e-16,2.856823366771709e-257,3.627230007198387e-257,1.257769757147267,diag_5120,9999.999999999998,1.0,1.0,851
nilpotent,4,Float64,false,scaling_and_squaring,NaN,NaN,NaN,NaN,NaN,NaN,1.6562e-5,NaN,NaN,NaN,NaN,NaN,2.220446049250313e-16,1.475896649301493e-14,3.764503813590348e-09,255106.5771186872,exp_mp_5120,589249.8955093736,Inf,Inf,53
nilpotent,4,Float64,false,diagonalcheap,transfree,0.0,0.000296412,0.0007531000000000003,0.000183155,8.1618e-5,0.001389235,7,5,0,18.31380924833204,65.24736596770637,2.220446049250313e-16,5.044394429376775e-18,1.488795297227008e-12,255106.5771186872,exp_mp_5120,589249.8955093736,Inf,Inf,53
nilpotent,4,Float64,false,diagonalcheap,transfree,0.0,0.000307083,0.000779675,0.000205367,0.000124011,0.001495401,7,5,0,18.31380924833205,65.2473659677064,2.220446049250313e-16,0,0,255106.5771186872,exp_mp_5120,589249.8955093736,Inf,Inf,256
nilpotent,4,Float64,false,diagonalcheap,transfree,0.0,0.000297756,0.000837666,0.00021693100000000001,0.000178316,0.001616476,7,5,0,18.31380924833205,65.2473659677064,2.220446049250313e-16,0,0,255106.5771186872,exp_mp_5120,589249.8955093736,Inf,Inf,851
nilpotent,4,Float64,false,diagonalcheap,complexschur,0.0,0.00028871800000000004,0.0007133450000000001,0.00016952799999999998,8.2079e-5,0.001333537,7,5,0,18.31380924833204,65.24736596770637,2.220446049250313e-16,5.044394429376775e-18,1.488795297227008e-12,255106.5771186872,exp_mp_5120,589249.8955093736,Inf,Inf,53
nilpotent,4,Float64,false,diagonalcheap,complexschur,0.0,0.000302666,0.0007558890000000001,0.00019656000000000003,0.000112849,0.001450875,7,5,0,18.31380924833205,65.2473659677064,2.220446049250313e-16,0,0,255106.5771186872,exp_mp_5120,589249.8955093736,Inf,Inf,256
nilpotent,4,Float64,false,diagonalcheap,complexschur,0.0,0.000404674,0.0011194139999999998,0.000347342,0.000329679,0.002343125,7,5,0,18.31380924833205,65.2473659677064,2.220446049250313e-16,0,0,255106.5771186872,exp_mp_5120,589249.8955093736,Inf,Inf,851
nilpotent,4,Float64,false,diagonalcheap,realschur,0.0,0.000515559,0.0012771590000000002,0.000297777,0.000157295,0.002376139,7,5,0,18.31380924833204,65.24736596770637,2.220446049250313e-16,5.044394429376775e-18,1.488795297227008e-12,255106.5771186872,exp_mp_5120,589249.8955093736,Inf,Inf,53
nilpotent,4,Float64,false,diagonalcheap,realschur,0.0,0.000507644,0.0012913860000000003,0.00032228499999999995,0.000217391,0.002469591,7,5,0,18.31380924833205,65.2473659677064,2.220446049250313e-16,0,0,255106.5771186872,exp_mp_5120,589249.8955093736,Inf,Inf,256
nilpotent,4,Float64,false,diagonalcheap,realschur,0.0,0.000552193,0.001444981,0.000377925,0.000336072,0.002862663,7,5,0,18.31380924833205,65.2473659677064,2.220446049250313e-16,0,0,255106.5771186872,exp_mp_5120,589249.8955093736,Inf,Inf,851
nilpotent,4,Float64,false,taylor,transfree,0.0,0.000414293,0.000559817,0.00018952800000000003,6.0086e-5,0.001331322,12,2,0,4358.641127272603,1,2.220446049250313e-16,5.044394429376775e-18,1.488795297227008e-12,255106.5771186872,exp_mp_5120,589249.8955093736,Inf,Inf,53
nilpotent,4,Float64,false,taylor,transfree,0.0,0.00036979799999999996,0.00047730499999999997,0.000187965,7.4044e-5,0.001215658,12,2,0,4358.641127272603,1,2.220446049250313e-16,0,0,255106.5771186872,exp_mp_5120,589249.8955093736,Inf,Inf,256
nilpotent,4,Float64,false,taylor,transfree,0.0,0.00029872100000000006,0.00045932,0.00016037900000000002,7.3122e-5,0.001087609,12,2,0,4358.641127272603,1,2.220446049250313e-16,0,0,255106.5771186872,exp_mp_5120,589249.8955093736,Inf,Inf,851
nilpotent,4,Float64,false,taylor,complexschur,0.0,0.000255385,0.00036391599999999994,0.000115264,3.3726e-5,0.000854127,12,2,0,4358.641127272603,1,2.220446049250313e-16,5.044394429376775e-18,1.488795297227008e-12,255106.5771186872,exp_mp_5120,589249.8955093736,Inf,Inf,53
nilpotent,4,Float64,false,taylor,complexschur,0.0,0.000282298,0.00041053700000000004,0.000132145,4.7362e-5,0.000968929,12,2,0,4358.641127272603,1,2.220446049250313e-16,0,0,255106.5771186872,exp_mp_5120,589249.8955093736,Inf,Inf,256
nilpotent,4,Float64,false,taylor,complexschur,0.0,0.00032742400000000004,0.000528366,0.000169488,7.4224e-5,0.001203124,12,2,0,4358.641127272603,1,2.220446049250313e-16,0,0,255106.5771186872,exp_mp_5120,589249.8955093736,Inf,Inf,851
nilpotent,4,Float64,false,taylor,realschur,0.0,0.00026845899999999997,0.0003580570000000001,0.000125681,3.4137e-5,0.000870969,12,2,0,4358.641127272603,1,2.220446049250313e-16,5.044394429376775e-18,1.488795297227008e-12,255106.5771186872,exp_mp_5120,589249.8955093736,Inf,Inf,53
nilpotent,4,Float64,false,taylor,realschur,0.0,0.000258301,0.000366509,0.000120734,4.7783e-5,0.000879767,12,2,0,4358.641127272603,1,2.220446049250313e-16,0,0,255106.5771186872,exp_mp_5120,589249.8955093736,Inf,Inf,256
nilpotent,4,Float64,false,taylor,realschur,0.0,0.000268471,0.000414894,0.000141674,0.01551188,0.016441103,12,2,0,4358.641127272603,1,2.220446049250313e-16,0,0,255106.5771186872,exp_mp_5120,589249.8955093736,Inf,Inf,851
nilpotent,24,Float64,false,scaling_and_squaring,NaN,NaN,NaN,NaN,NaN,NaN,7.9364e-5,NaN,NaN,NaN,NaN,NaN,2.220446049250313e-16,5.765509822982183e-14,1613199.912309961,2.797671615327441e+19,exp_mp_5120,1299264628154.337,Inf,Inf,53
nilpotent,24,Float64,false,diagonalcheap,transfree,0.0,5.561e-6,0.004512915000000001,0.014788196,0.011937747,0.032588235,9,8,0,10.13763032725257,23.992080816584078,2.220446049250313e-16,1.161671233781917e-16,3892.896384849412,2.797671615327441e+19,exp_mp_5120,1299264628154.337,Inf,Inf,53
nilpotent,24,Float64,false,diagonalcheap,transfree,0.0,5.921999999999999e-6,0.004855158,0.017037279,0.022743128,0.046233064,9,8,8.785870156401225e-17,10.13763032725257,23.992080816584078,2.220446049250313e-16,2.151088248078533e-77,5.208655851443833e-58,2.797671615327441e+19,exp_mp_5120,1299264628154.337,Inf,Inf,256
nilpotent,24,Float64,false,diagonalcheap,transfree,0.0,7.722e-6,0.005443442,0.019197487,0.023068559,0.049444254,9,8,8.785870156401225e-17,10.13763032725257,23.992080816584078,2.220446049250313e-16,6.928661765120206e-257,2.003300913875651e-237,2.797671615327441e+19,exp_mp_5120,1299264628154.337,Inf,Inf,851
nilpotent,24,Float64,false,diagonalcheap,complexschur,0.0,6.478e-6,0.00434848,0.012941001,0.014631473,0.033235963,9,8,0,10.13763032725257,23.992080816584078,2.220446049250313e-16,1.161671233781917e-16,3892.896384849412,2.797671615327441e+19,exp_mp_5120,1299264628154.337,Inf,Inf,53
nilpotent,24,Float64,false,diagonalcheap,complexschur,0.0,6.3420000000000004e-6,0.004693676,0.016503344,0.024036617,0.046977849,9,8,8.785870156401225e-17,10.13763032725257,23.992080816584078,2.220446049250313e-16,2.151088248078533e-77,5.208655851443833e-58,2.797671615327441e+19,exp_mp_5120,1299264628154.337,Inf,Inf,256
nilpotent,24,Float64,false,diagonalcheap,complexschur,0.0,7.983e-6,0.005680026,0.018875996,0.022202269,0.048501876,9,8,8.785870156401225e-17,10.13763032725257,23.992080816584078,2.220446049250313e-16,6.928661765120206e-257,2.003300913875651e-237,2.797671615327441e+19,exp_mp_5120,1299264628154.337,Inf,Inf,851
nilpotent,24,Float64,false,diagonalcheap,realschur,0.0,7.823e-6,0.004668164000000001,0.012558072,0.015101074,0.03369856,9,8,0,10.13763032725257,23.992080816584078,2.220446049250313e-16,1.161671233781917e-16,3892.896384849412,2.797671615327441e+19,exp_mp_5120,1299264628154.337,Inf,Inf,53
nilpotent,24,Float64,false,diagonalcheap,realschur,0.0,7.697e-6,0.005009508,0.015425677,0.023461727,0.045326285,9,8,8.785870156401225e-17,10.13763032725257,23.992080816584078,2.220446049250313e-16,2.151088248078533e-77,5.208655851443833e-58,2.797671615327441e+19,exp_mp_5120,1299264628154.337,Inf,Inf,256
nilpotent,24,Float64,false,diagonalcheap,realschur,0.0,9.047e-6,0.005663989,0.016969722,0.024533286,0.04892637,9,8,8.785870156401225e-17,10.13763032725257,23.992080816584078,2.220446049250313e-16,6.928661765120206e-257,2.003300913875651e-237,2.797671615327441e+19,exp_mp_5120,1299264628154.337,Inf,Inf,851
nilpotent,24,Float64,false,taylor,transfree,0.0,0.0010178359999999998,0.011612604,0.021256713,0.00951522,0.04569479,36,6,0,139.1148687533896,1,2.220446049250313e-16,7.790801801721273e-17,2793.812022803417,2.797671615327441e+19,exp_mp_5120,1299264628154.337,Inf,Inf,53
nilpotent,24,Float64,false,taylor,transfree,0.0,0.0010001109999999997,0.010472185000000005,0.032354269,0.009269212,0.055396372,36,6,1.412661616792225e-18,139.1148687533896,1,2.220446049250313e-16,3.383137277903138e-47,7.092208912279757e-28,2.797671615327441e+19,exp_mp_5120,1299264628154.337,Inf,Inf,256
nilpotent,24,Float64,false,taylor,transfree,0.0,0.0014914039999999998,0.021563934000000003,0.022763592,0.017137097,0.064627801,36,6,1.412661616792225e-18,139.1148687533896,1,2.220446049250313e-16,3.383137277903138e-47,7.092208912279757e-28,2.797671615327441e+19,exp_mp_5120,1299264628154.337,Inf,Inf,851
nilpotent,24,Float64,false,taylor,complexschur,0.0,0.0011041050000000002,0.011814943000000001,0.019429944,0.00863371,0.043186253,36,6,0,139.1148687533896,1,2.220446049250313e-16,7.790801801721273e-17,2793.812022803417,2.797671615327441e+19,exp_mp_5120,1299264628154.337,Inf,Inf,53
nilpotent,24,Float64,false,taylor,complexschur,0.0,0.0009740670000000001,0.010240305,0.023141217,0.019846554,0.055565409,36,6,1.412661616792225e-18,139.1148687533896,1,2.220446049250313e-16,3.383137277903138e-47,7.092208912279757e-28,2.797671615327441e+19,exp_mp_5120,1299264628154.337,Inf,Inf,256
nilpotent,24,Float64,false,taylor,complexschur,0.0,0.0014541819999999998,0.015044678,0.029973268999999997,0.01402032,0.062222384,36,6,1.412661616792225e-18,139.1148687533896,1,2.220446049250313e-16,3.383137277903138e-47,7.092208912279757e-28,2.797671615327441e+19,exp_mp_5120,1299264628154.337,Inf,Inf,851
nilpotent,24,Float64,false,taylor,realschur,0.0,0.000896419,0.011450214999999998,0.017063595,0.008338437,0.046301026,36,6,0,139.1148687533896,1,2.220446049250313e-16,7.790801801721273e-17,2793.812022803417,2.797671615327441e+19,exp_mp_5120,1299264628154.337,Inf,Inf,53
nilpotent,24,Float64,false,taylor,realschur,0.0,0.0009732790000000001,0.010382572999999997,0.022502166,0.016344729,0.052181996,36,6,1.412661616792225e-18,139.1148687533896,1,2.220446049250313e-16,3.383137277903138e-47,7.092208912279757e-28,2.797671615327441e+19,exp_mp_5120,1299264628154.337,Inf,Inf,256
nilpotent,24,Float64,false,taylor,realschur,0.0,0.0012813139999999998,0.015144650999999999,0.028302857999999997,0.012152807,0.059410208,36,6,1.412661616792225e-18,139.1148687533896,1,2.220446049250313e-16,3.383137277903138e-47,7.092208912279757e-28,2.797671615327441e+19,exp_mp_5120,1299264628154.337,Inf,Inf,851
edst03_pascal_chol,4,Float64,false,scaling_and_squaring,NaN,NaN,NaN,NaN,NaN,NaN,2.8185e-5,NaN,NaN,NaN,NaN,NaN,2.220446049250313e-16,2.152407416571545e-16,1.887379141862766e-15,8,exp_mp_5120,3.642394490085046,Inf,Inf,53
edst03_pascal_chol,4,Float64,false,diagonalcheap,transfree,0.0,0.00010637600000000001,0.0004891,0.00019627000000000002,4.0e-8,0.00084525,7,0,0,7.999999999999998,11.383136094674553,2.220446049250313e-16,0,0,8,exp_mp_5120,3.642394490085046,Inf,Inf,53
edst03_pascal_chol,4,Float64,false,diagonalcheap,transfree,0.0,9.777000000000001e-5,0.000391633,0.00018648000000000002,4.0e-8,0.000722512,7,0,0,8,11.383136094674557,2.220446049250313e-16,0,0,8,exp_mp_5120,3.642394490085046,Inf,Inf,256
edst03_pascal_chol,4,Float64,false,diagonalcheap,transfree,0.0,0.000150291,0.000481625,0.000270384,4.0e-8,0.000967808,7,0,0,8,11.383136094674557,2.220446049250313e-16,0,0,8,exp_mp_5120,3.642394490085046,Inf,Inf,851
edst03_pascal_chol,4,Float64,false,diagonalcheap,complexschur,0.0,9.7238e-5,0.000372621,0.00016466999999999998,3.0e-8,0.000685059,7,0,0,7.999999999999998,11.383136094674553,2.220446049250313e-16,0,0,8,exp_mp_5120,3.642394490085046,Inf,Inf,53
edst03_pascal_chol,4,Float64,false,diagonalcheap,complexschur,0.0,0.00010556499999999998,0.000378395,0.000172764,4.0e-8,0.000709356,7,0,0,8,11.383136094674557,2.220446049250313e-16,0,0,8,exp_mp_5120,3.642394490085046,Inf,Inf,256
edst03_pascal_chol,4,Float64,false,diagonalcheap,complexschur,0.0,0.000197253,0.0005238069999999999,0.000349677,3.0e-8,0.006417701,7,0,0,8,11.383136094674557,2.220446049250313e-16,0,0,8,exp_mp_5120,3.642394490085046,Inf,Inf,851
edst03_pascal_chol,4,Float64,false,diagonalcheap,realschur,0.0,0.000100104,0.0005102099999999999,0.000188806,4.1e-8,0.000887171,7,0,0,7.999999999999998,11.383136094674553,2.220446049250313e-16,0,0,8,exp_mp_5120,3.642394490085046,Inf,Inf,53
edst03_pascal_chol,4,Float64,false,diagonalcheap,realschur,0.0,0.000100464,0.0004398350000000001,0.000184216,4.0e-8,0.000792528,7,0,0,8,11.383136094674557,2.220446049250313e-16,0,0,8,exp_mp_5120,3.642394490085046,Inf,Inf,256
edst03_pascal_chol,4,Float64,false,diagonalcheap,realschur,0.0,0.000109132,0.000441998,0.000213784,4.0e-8,0.000832725,7,0,0,8,11.383136094674557,2.220446049250313e-16,0,0,8,exp_mp_5120,3.642394490085046,Inf,Inf,851
edst03_pascal_chol,4,Float64,false,taylor,transfree,0.0,0.00012157699999999999,0.00023858500000000003,0.00011566400000000001,3.0e-8,0.000534406,12,0,0,8,1,2.220446049250313e-16,0,0,8,exp_mp_5120,3.642394490085046,Inf,Inf,53
edst03_pascal_chol,4,Float64,false,taylor,transfree,0.0,0.000111897,0.00022426599999999998,0.00011455200000000001,4.0e-8,0.000501423,12,0,0,8,1,2.220446049250313e-16,0,0,8,exp_mp_5120,3.642394490085046,Inf,Inf,256
edst03_pascal_chol,4,Float64,false,taylor,transfree,0.0,0.000141655,0.0003419420000000001,0.00014603400000000002,3.0e-8,0.000686292,12,0,0,8,1,2.220446049250313e-16,0,0,8,exp_mp_5120,3.642394490085046,Inf,Inf,851
edst03_pascal_chol,4,Float64,false,taylor,complexschur,0.0,0.00020342399999999998,0.0002856910000000001,0.000194468,4.0e-8,0.000766657,12,0,0,8,1,2.220446049250313e-16,0,0,8,exp_mp_5120,3.642394490085046,Inf,Inf,53
edst03_pascal_chol,4,Float64,false,taylor,complexschur,0.0,0.000219537,0.0003177370000000001,0.00019474699999999997,4.0e-8,0.000811394,12,0,0,8,1,2.220446049250313e-16,0,0,8,exp_mp_5120,3.642394490085046,Inf,Inf,256
edst03_pascal_chol,4,Float64,false,taylor,complexschur,0.0,0.000233313,0.00040965500000000003,0.00023811300000000003,5.0e-8,0.000967337,12,0,0,8,1,2.220446049250313e-16,0,0,8,exp_mp_5120,3.642394490085046,Inf,Inf,851
edst03_pascal_chol,4,Float64,false,taylor,realschur,0.0,0.00020627200000000002,0.0002924510000000001,0.000188905,4.0e-8,0.000760185,12,0,0,8,1,2.220446049250313e-16,0,0,8,exp_mp_5120,3.642394490085046,Inf,Inf,53
edst03_pascal_chol,4,Float64,false,taylor,realschur,0.0,0.000212041,0.000332243,0.00020114,5.0e-8,0.000820572,12,0,0,8,1,2.220446049250313e-16,0,0,8,exp_mp_5120,3.642394490085046,Inf,Inf,256
edst03_pascal_chol,4,Float64,false,taylor,realschur,0.0,0.000240336,0.00044271,0.000234494,4.0e-8,0.001006843,12,0,0,8,1,2.220446049250313e-16,0,0,8,exp_mp_5120,3.642394490085046,Inf,Inf,851
edst03_pascal_chol,24,Float64,false,scaling_and_squaring,NaN,NaN,NaN,NaN,NaN,NaN,6.712e-5,NaN,NaN,NaN,NaN,NaN,2.220446049250313e-16,1.299439147143739e-15,1.078046441005398e-08,8388608,exp_mp_5120,234.4541049201939,Inf,Inf,53
edst03_pascal_chol,24,Float64,false,diagonalcheap,transfree,0.0,0.0011456139999999999,0.005193955,0.019531113000000003,0.004313418,0.032397072,17,3,1.838750949892082e-15,15.01440119364349,16.258458805195435,2.220446049250313e-16,3.338175283781741e-23,1.110223024625157e-16,8388608,exp_mp_5120,234.4541049201939,Inf,Inf,53
edst03_pascal_chol,24,Float64,false,diagonalcheap,transfree,0.0,0.000556751,0.004532903000000001,0.017251921,0.004931968,0.028651495,13,3,2.741640998927631e-23,15.01440119364349,16.25702607468152,2.220446049250313e-16,7.697778971870757e-81,2.271312329989839e-74,8388608,exp_mp_5120,234.4541049201939,Inf,Inf,256
edst03_pascal_chol,24,Float64,false,diagonalcheap,transfree,0.0,0.000639502,0.006619591,0.025590157,0.006112809,0.041402753,13,3,2.741640998927631e-23,15.01440119364349,16.25702607468152,2.220446049250313e-16,4.905104030318785e-263,1.331998346195134e-256,8388608,exp_mp_5120,234.4541049201939,Inf,Inf,851
edst03_pascal_chol,24,Float64,false,diagonalcheap,complexschur,0.0,0.0011474439999999999,0.0050839660000000005,0.014939961000000002,0.008092851,0.03049951,17,3,1.838750949892082e-15,15.01440119364349,16.258458805195435,2.220446049250313e-16,3.338175283781741e-23,1.110223024625157e-16,8388608,exp_mp_5120,234.4541049201939,Inf,Inf,53
edst03_pascal_chol,24,Float64,false,diagonalcheap,complexschur,0.0,0.000579574,0.005010724000000002,0.025330463,0.007502677,0.03987322,13,3,2.741640998927631e-23,15.01440119364349,16.25702607468152,2.220446049250313e-16,7.697778971870757e-81,2.271312329989839e-74,8388608,exp_mp_5120,234.4541049201939,Inf,Inf,256
edst03_pascal_chol,24,Float64,false,diagonalcheap,complexschur,0.0,0.000705409,0.005891116,0.019668755,0.015367206,0.043196291,13,3,2.741640998927631e-23,15.01440119364349,16.25702607468152,2.220446049250313e-16,4.905104030318785e-263,1.331998346195134e-256,8388608,exp_mp_5120,234.4541049201939,Inf,Inf,851
edst03_pascal_chol,24,Float64,false,diagonalcheap,realschur,0.0,0.001203174,0.006389597,0.017233709,0.008079867,0.034163967,17,3,1.838750949892082e-15,15.01440119364349,16.258458805195435,2.220446049250313e-16,3.338175283781741e-23,1.110223024625157e-16,8388608,exp_mp_5120,234.4541049201939,Inf,Inf,53
edst03_pascal_chol,24,Float64,false,diagonalcheap,realschur,0.0,0.001026793,0.005604965,0.013370764,0.008937602,0.030442066,13,3,2.741640998927631e-23,15.01440119364349,16.25702607468152,2.220446049250313e-16,7.697778971870757e-81,2.271312329989839e-74,8388608,exp_mp_5120,234.4541049201939,Inf,Inf,256
edst03_pascal_chol,24,Float64,false,diagonalcheap,realschur,0.0,0.000634292,0.006375493000000001,0.029739601,0.006505692,0.044764284,13,3,2.741640998927631e-23,15.01440119364349,16.25702607468152,2.220446049250313e-16,4.905104030318785e-263,1.331998346195134e-256,8388608,exp_mp_5120,234.4541049201939,Inf,Inf,851
edst03_pascal_chol,24,Float64,false,taylor,transfree,0.0,0.0040397179999999994,0.004815393000000001,0.029381947999999998,0.005111337,0.044629222,56,2,0,84.82421875,1,2.220446049250313e-16,3.202956965065928e-1548,1.065251602208018e-1541,8388608,exp_mp_5120,234.4541049201939,Inf,Inf,53
edst03_pascal_chol,24,Float64,false,taylor,transfree,0.0,0.0032316199999999997,0.004775988000000001,0.022256652999999998,0.013635657,0.046167026,36,2,1.337379046190418e-17,84.82421875,1,2.220446049250313e-16,3.202956965065927e-1548,1.065251602208018e-1541,8388608,exp_mp_5120,234.4541049201939,Inf,Inf,256
edst03_pascal_chol,24,Float64,false,taylor,transfree,0.0,0.002623852,0.005137077,0.028478967999999997,0.003811926,0.042462228,36,2,1.337379046190418e-17,84.82421875,1,2.220446049250313e-16,3.202956965065927e-1548,1.065251602208018e-1541,8388608,exp_mp_5120,234.4541049201939,Inf,Inf,851
edst03_pascal_chol,24,Float64,false,taylor,complexschur,0.0,0.003798391,0.004416768,0.027259503,0.002718164,0.039427539,56,2,0,84.82421875,1,2.220446049250313e-16,3.202956965065928e-1548,1.065251602208018e-1541,8388608,exp_mp_5120,234.4541049201939,Inf,Inf,53
edst03_pascal_chol,24,Float64,false,taylor,complexschur,0.0,0.002341024,0.004121777000000002,0.022061324,0.012823009,0.042598672,36,2,1.337379046190418e-17,84.82421875,1,2.220446049250313e-16,3.202956965065927e-1548,1.065251602208018e-1541,8388608,exp_mp_5120,234.4541049201939,Inf,Inf,256
edst03_pascal_chol,24,Float64,false,taylor,complexschur,0.0,0.0026804919999999996,0.004879354,0.027497091,0.003889267,0.040303599,36,2,1.337379046190418e-17,84.82421875,1,2.220446049250313e-16,3.202956965065927e-1548,1.065251602208018e-1541,8388608,exp_mp_5120,234.4541049201939,Inf,Inf,851
edst03_pascal_chol,24,Float64,false,taylor,realschur,0.0,0.005233923000000001,0.0046837000000000024,0.025806640000000006,0.002647426,0.04056156,56,2,0,84.82421875,1,2.220446049250313e-16,3.202956965065928e-1548,1.065251602208018e-1541,8388608,exp_mp_5120,234.4541049201939,Inf,Inf,53
edst03_pascal_chol,24,Float64,false,taylor,realschur,0.0,0.002304652,0.004235297000000001,0.017611099999999998,0.015027307,0.040424063,36,2,1.337379046190418e-17,84.82421875,1,2.220446049250313e-16,3.202956965065927e-1548,1.065251602208018e-1541,8388608,exp_mp_5120,234.4541049201939,Inf,Inf,256
edst03_pascal_chol,24,Float64,false,taylor,realschur,0.0,0.002537662,0.004872912000000001,0.026867805,0.003854428,0.040379366,36,2,1.337379046190418e-17,84.82421875,1,2.220446049250313e-16,3.202956965065927e-1548,1.065251602208018e-1541,8388608,exp_mp_5120,234.4541049201939,Inf,Inf,851
kela89_206,4,Int64,false,scaling_and_squaring,NaN,NaN,NaN,NaN,NaN,NaN,2.1271e-5,NaN,NaN,NaN,NaN,NaN,2.220446049250313e-16,4.168945964987042e-14,1.476726227432627e-11,245.994433163083,exp_mp_5120,3303.306709370389,133926.00000021697,106351.05198481647,53
kela89_206,4,Int64,false,diagonalcheap,transfree,0.0,3.588e-6,0.000838847,0.000214817,4.7583e-5,0.001175751,9,4,1.495308820833086e-15,11.55461927596276,51.17831459202676,2.220446049250313e-16,3.922161987382277e-14,1.855086757485381e-11,245.994433163083,exp_mp_5120,3303.306709370389,133926.00000021697,106351.05198481647,53
kela89_206,4,Int64,false,diagonalcheap,transfree,0.0,3.0959999999999997e-6,0.0008126970000000001,0.00024179000000000003,6.3303e-5,0.001193085,9,4,7.97125169503341e-21,11.55461927596276,51.17831459202676,2.220446049250313e-16,1.083177603970742e-74,3.476059525350105e-72,245.994433163083,exp_mp_5120,3303.306709370389,133926.00000021697,106351.05198481647,256
kela89_206,4,Int64,false,diagonalcheap,transfree,0.0,2.937e-6,0.000889106,0.000324569,0.000104382,0.001413273,9,4,7.97125169503341e-21,11.55461927596276,51.17831459202676,2.220446049250313e-16,1.146537967133864e-253,3.514402373697676e-251,245.994433163083,exp_mp_5120,3303.306709370389,133926.00000021697,106351.05198481647,851
kela89_206,4,Int64,false,diagonalcheap,complexschur,0.00127291,3.5660000000000002e-6,0.0009347960000000001,0.0005514599999999999,0.000288149,0.003287238,9,4,1.325708975092275e-15,10.72794218707674,40.22272113120368,2.220446049250313e-16,5.312272700745393e-14,1.355328930143121e-11,245.994433163083,exp_mp_5120,3303.306709370389,133926.00000021697,106351.05198481647,53
kela89_206,4,Int64,false,diagonalcheap,complexschur,0.007117369,2.887e-6,0.001051609,0.0006286630000000001,0.00039658,0.009494151,9,4,3.344623848524009e-20,10.72805065703021,40.22347802966636,2.220446049250313e-16,3.102936438142609e-37,7.246582536682845e-35,245.994433163083,exp_mp_5120,3303.306709370389,133926.00000021697,106351.05198481647,256
kela89_206,4,Int64,false,diagonalcheap,complexschur,NaN,NaN,NaN,NaN,NaN,NaN,NaN,NaN,NaN,NaN,NaN,NaN,NaN,NaN,245.994433163083,exp_mp_5120,3303.306709370389,133926.00000021697,106351.05198481647,851
kela89_206,4,Int64,false,diagonalcheap,realschur,0.001234135,4.7e-5,0.001249514,0.00030428,0.000110314,0.00307187,13,4,1.326168224275621e-15,10.72794215865846,40.30493901367979,2.220446049250313e-16,5.289660810254208e-14,1.354041071434556e-11,245.994433163083,exp_mp_5120,3303.306709370389,133926.00000021697,106351.05198481647,53
kela89_206,4,Int64,false,diagonalcheap,realschur,0.007192916,3.144e-6,0.0010194199999999998,0.000294151,0.000172635,0.008812338,9,4,3.344623848524009e-20,10.72805065703021,40.22347802966636,2.220446049250313e-16,3.102936438142609e-37,7.246582536682845e-35,245.994433163083,exp_mp_5120,3303.306709370389,133926.00000021697,106351.05198481647,256
kela89_206,4,Int64,false,diagonalcheap,realschur,NaN,NaN,NaN,NaN,NaN,NaN,NaN,NaN,NaN,NaN,NaN,NaN,NaN,NaN,245.994433163083,exp_mp_5120,3303.306709370389,133926.00000021697,106351.05198481647,851
kela89_206,4,Int64,false,taylor,transfree,0.0,0.000175564,0.0007225719999999997,0.000259713,2.5108e-5,0.001302647,30,2,1.77635683940025e-15,30.68489583333333,1,2.220446049250313e-16,2.832500654085967e-14,8.599823769564325e-12,245.994433163083,exp_mp_5120,3303.306709370389,133926.00000021697,106351.05198481647,53
kela89_206,4,Int64,false,taylor,transfree,0.0,0.000154157,0.000610715,0.00026975299999999996,3.1732e-5,0.001160101,30,2,4.107984544624237e-21,30.68489583333333,1,2.220446049250313e-16,9.639398813016514e-36,2.134161843390353e-33,245.994433163083,exp_mp_5120,3303.306709370389,133926.00000021697,106351.05198481647,256
kela89_206,4,Int64,false,taylor,transfree,0.0,0.000154879,0.0006489089999999999,0.000352776,9.6096e-5,0.001352674,30,2,4.107984544624237e-21,30.68489583333333,1,2.220446049250313e-16,9.639398813016514e-36,2.134161843390353e-33,245.994433163083,exp_mp_5120,3303.306709370389,133926.00000021697,106351.05198481647,851
kela89_206,4,Int64,false,taylor,complexschur,0.002107499,0.000236958,0.00068569,0.0007208679999999999,0.000149,0.004147307,30,2,3.552713678800501e-15,44.59189796586185,1,2.220446049250313e-16,5.318463005975414e-14,1.357016469140552e-11,245.994433163083,exp_mp_5120,3303.306709370389,133926.00000021697,106351.05198481647,53
kela89_206,4,Int64,false,taylor,complexschur,0.011741251,0.00032636199999999996,0.001193948,0.001012595,0.000203956,0.014824383,30,2,2.324256439993525e-20,44.59183009408805,1,2.220446049250313e-16,9.639391419097734e-36,2.134160274413455e-33,245.994433163083,exp_mp_5120,3303.306709370389,133926.00000021697,106351.05198481647,256
kela89_206,4,Int64,false,taylor,complexschur,NaN,NaN,NaN,NaN,NaN,NaN,NaN,NaN,NaN,NaN,NaN,NaN,NaN,NaN,245.994433163083,exp_mp_5120,3303.306709370389,133926.00000021697,106351.05198481647,851
kela89_206,4,Int64,false,taylor,realschur,0.001259294,0.00016445199999999996,0.000730385,0.000260343,6.1199e-5,0.002611127,30,2,7.105427357601002e-15,44.59189783513833,1,2.220446049250313e-16,5.320470483975356e-14,1.355462156906076e-11,245.994433163083,exp_mp_5120,3303.306709370389,133926.00000021697,106351.05198481647,53
kela89_206,4,Int64,false,taylor,realschur,0.007440468,0.00025692,0.001142047,0.0005135970000000001,0.00017015,0.009737075,30,2,2.324256439993525e-20,44.59183009408805,1,2.220446049250313e-16,9.639391419097734e-36,2.134160274413455e-33,245.994433163083,exp_mp_5120,3303.306709370389,133926.00000021697,106351.05198481647,256
kela89_206,4,Int64,false,taylor,realschur,NaN,NaN,NaN,NaN,NaN,NaN,NaN,NaN,NaN,NaN,NaN,NaN,NaN,NaN,245.994433163083,exp_mp_5120,3303.306709370389,133926.00000021697,106351.05198481647,851
pang85_ex1,6,Int64,false,scaling_and_squaring,NaN,NaN,NaN,NaN,NaN,NaN,2.3686e-5,NaN,NaN,NaN,NaN,NaN,2.220446049250313e-16,2.721596266028526e-15,6.870609013767386e-14,20.48186747813922,exp_mp_5120,2037.978072595147,87.29222222222221,83.61087826837439,53
pang85_ex1,6,Int64,false,diagonalcheap,transfree,0.0,3.294e-6,0.001130172,0.00043529700000000007,0.000288039,0.002013157,9,5,0,9.458766749544836,58.4435971295211,2.220446049250313e-16,2.923784068549107e-15,7.082966573562932e-14,20.48186747813922,exp_mp_5120,2037.978072595147,87.29222222222221,83.61087826837439,53
pang85_ex1,6,Int64,false,diagonalcheap,transfree,0.0,2.786e-6,0.0010162250000000002,0.000447727,0.000423802,0.002031192,9,5,1.247841050480069e-16,9.458766749544836,58.4435971295211,2.220446049250313e-16,2.966496786019044e-76,6.847541085020389e-75,20.48186747813922,exp_mp_5120,2037.978072595147,87.29222222222221,83.61087826837439,256
pang85_ex1,6,Int64,false,diagonalcheap,transfree,0.0,4.338e-6,0.0022055879999999996,0.0009878679999999998,0.001119423,0.004570829,9,5,1.247841050480069e-16,9.458766749544836,58.4435971295211,2.220446049250313e-16,1.242532953624259e-255,3.103523235699569e-254,20.48186747813922,exp_mp_5120,2037.978072595147,87.29222222222221,83.61087826837439,851
pang85_ex1,6,Int64,false,diagonalcheap,complexschur,0.000484511,5.550000000000001e-6,0.0020646660000000006,0.002248222,0.00168489,0.007396262,9,5,0,10.23594398799346,62.61308635408515,2.220446049250313e-16,2.421310954158455e-15,5.885878338753725e-14,20.48186747813922,exp_mp_5120,2037.978072595147,87.29222222222221,83.61087826837439,53
pang85_ex1,6,Int64,false,diagonalcheap,complexschur,0.000512465,6.153e-6,0.002025581,0.001416568,0.00112839,0.005823521,9,5,1.558471400824366e-15,10.23594398799346,62.613086354085134,2.220446049250313e-16,2.722719082750313e-76,5.650307393444441e-75,20.48186747813922,exp_mp_5120,2037.978072595147,87.29222222222221,83.61087826837439,256
pang85_ex1,6,Int64,false,diagonalcheap,complexschur,0.000419013,5.5200000000000005e-6,0.001578754,0.0019171419999999997,0.0016334,0.006374169,9,5,1.558471400824366e-15,10.23594398799346,62.613086354085134,2.220446049250313e-16,2.097952957769215e-255,4.915170099594256e-254,20.48186747813922,exp_mp_5120,2037.978072595147,87.29222222222221,83.61087826837439,851
pang85_ex1,6,Int64,false,diagonalcheap,realschur,0.0,5.482e-6,0.0016616629999999999,0.000737392,0.000518556,0.003162236,9,5,0,9.458766749544836,58.4435971295211,2.220446049250313e-16,2.923784068549107e-15,7.082966573562932e-14,20.48186747813922,exp_mp_5120,2037.978072595147,87.29222222222221,83.61087826837439,53
pang85_ex1,6,Int64,false,diagonalcheap,realschur,0.0,3.717e-6,0.0013882339999999997,0.000519217,0.000435144,0.00252499,9,5,1.247841050480069e-16,9.458766749544836,58.4435971295211,2.220446049250313e-16,2.966496786019044e-76,6.847541085020389e-75,20.48186747813922,exp_mp_5120,2037.978072595147,87.29222222222221,83.61087826837439,256
pang85_ex1,6,Int64,false,diagonalcheap,realschur,0.0,4.129e-6,0.0013534839999999999,0.0006734789999999999,0.000936638,0.003196432,9,5,1.247841050480069e-16,9.458766749544836,58.4435971295211,2.220446049250313e-16,1.242532953624259e-255,3.103523235699569e-254,20.48186747813922,exp_mp_5120,2037.978072595147,87.29222222222221,83.61087826837439,851
pang85_ex1,6,Int64,false,taylor,transfree,0.0,0.000562461,0.0025924299999999997,0.0019380030000000002,0.000563854,0.005877254,90,6,4.440892098500626e-16,7.652281113626404,1,2.220446049250313e-16,2.692259318845599e-15,6.1503792328778e-14,20.48186747813922,exp_mp_5120,2037.978072595147,87.29222222222221,83.61087826837439,53
pang85_ex1,6,Int64,false,taylor,transfree,0.0,0.00027081800000000004,0.0013611369999999997,0.001060449,0.000469541,0.003356012,36,4,1.123833482709389e-18,8.260915120442711,1,2.220446049250313e-16,6.059288618019187e-17,1.272559851937521e-15,20.48186747813922,exp_mp_5120,2037.978072595147,87.29222222222221,83.61087826837439,256
pang85_ex1,6,Int64,false,taylor,transfree,0.0,0.0002715089999999999,0.0016608269999999997,0.0012418479999999998,0.000729435,0.004137027,36,4,1.123833482709389e-18,8.260915120442711,1,2.220446049250313e-16,6.059288618019187e-17,1.272559851937521e-15,20.48186747813922,exp_mp_5120,2037.978072595147,87.29222222222221,83.61087826837439,851
pang85_ex1,6,Int64,false,taylor,complexschur,0.000432709,0.00037776400000000005,0.0019196060000000001,0.003219235,0.001191572,0.008001486,36,4,0,8.530773281411808,1,2.220446049250313e-16,1.997743984645049e-15,4.369008725023619e-14,20.48186747813922,exp_mp_5120,2037.978072595147,87.29222222222221,83.61087826837439,53
pang85_ex1,6,Int64,false,taylor,complexschur,0.000471715,0.00041403200000000005,0.0023060159999999997,0.0035568499999999994,0.001414936,0.009104697,36,4,1.89517908443833e-18,8.530773281411811,1,2.220446049250313e-16,6.059288618019187e-17,1.272559851937521e-15,20.48186747813922,exp_mp_5120,2037.978072595147,87.29222222222221,83.61087826837439,256
pang85_ex1,6,Int64,false,taylor,complexschur,0.0005259,0.000447596,0.0028658740000000005,0.004281005,0.002077321,0.011341919,36,4,1.89517908443833e-18,8.530773281411811,1,2.220446049250313e-16,6.059288618019187e-17,1.272559851937521e-15,20.48186747813922,exp_mp_5120,2037.978072595147,87.29222222222221,83.61087826837439,851
pang85_ex1,6,Int64,false,taylor,realschur,0.0,0.000569995,0.002644924,0.001930515,0.000573272,0.005979282,90,6,4.440892098500626e-16,7.652281113626404,1,2.220446049250313e-16,2.692259318845599e-15,6.1503792328778e-14,20.48186747813922,exp_mp_5120,2037.978072595147,87.29222222222221,83.61087826837439,53
pang85_ex1,6,Int64,false,taylor,realschur,0.0,0.00028301700000000005,0.0014869969999999997,0.001083795,0.000483628,0.003578624,36,4,1.123833482709389e-18,8.260915120442711,1,2.220446049250313e-16,6.059288618019187e-17,1.272559851937521e-15,20.48186747813922,exp_mp_5120,2037.978072595147,87.29222222222221,83.61087826837439,256
pang85_ex1,6,Int64,false,taylor,realschur,0.0,0.00028241700000000003,0.00173537,0.015196115000000001,0.000743913,0.018229204,36,4,1.123833482709389e-18,8.260915120442711,1,2.220446049250313e-16,6.059288618019187e-17,1.272559851937521e-15,20.48186747813922,exp_mp_5120,2037.978072595147,87.29222222222221,83.61087826837439,851
pang85_ex2,10,ComplexF64,false,scaling_and_squaring,NaN,NaN,NaN,NaN,NaN,NaN,3.0769e-5,NaN,NaN,NaN,NaN,NaN,2.220446049250313e-16,8.694954509665518e-16,9.471399810312774e-13,853.926289170935,diag_5120,99.5350535475214,424131.399121252,206665.40286262642,53
pang85_ex2,10,ComplexF64,false,diagonalcheap,transfree,0.0,0.000640894,0.005645343000000001,0.013739209,0.001353346,0.091463953,57,2,3.232264163159324e-15,24.33538542798971,28.107707444426655,2.220446049250313e-16,2.412878072679169e-16,2.201744150909137e-13,853.926289170935,diag_5120,99.5350535475214,424131.399121252,206665.40286262642,53
pang85_ex2,10,ComplexF64,false,diagonalcheap,transfree,0.0,9.6068e-5,0.0017586220000000007,0.006129646,0.002359218,0.01080131,13,2,2.995773907789598e-20,24.33538542798971,28.39522607946487,2.220446049250313e-16,1.244692102471559e-33,1.028281709431763e-30,853.926289170935,diag_5120,99.5350535475214,424131.399121252,206665.40286262642,256
pang85_ex2,10,ComplexF64,false,diagonalcheap,transfree,0.0,0.000101007,0.0020332049999999997,0.007153252,0.002293842,0.012134296,13,2,2.995773907789598e-20,24.33538542798971,28.39522607946487,2.220446049250313e-16,1.244692102471559e-33,1.028281709431763e-30,853.926289170935,diag_5120,99.5350535475214,424131.399121252,206665.40286262642,851
pang85_ex2,10,ComplexF64,false,diagonalcheap,complexschur,0.0,0.000936216,0.030273043,0.025387437,0.002548375,0.060026579,57,2,3.232264163159324e-15,24.33538542798971,28.107707444426655,2.220446049250313e-16,2.412878072679169e-16,2.201744150909137e-13,853.926289170935,diag_5120,99.5350535475214,424131.399121252,206665.40286262642,53
pang85_ex2,10,ComplexF64,false,diagonalcheap,complexschur,0.0,0.00022769,0.008848441,0.017345148,0.002489381,0.029741953,13,2,2.995773907789598e-20,24.33538542798971,28.39522607946487,2.220446049250313e-16,1.244692102471559e-33,1.028281709431763e-30,853.926289170935,diag_5120,99.5350535475214,424131.399121252,206665.40286262642,256
pang85_ex2,10,ComplexF64,false,diagonalcheap,complexschur,0.0,0.000126377,0.0024224179999999995,0.007199232,0.002302989,0.012602875,13,2,2.995773907789598e-20,24.33538542798971,28.39522607946487,2.220446049250313e-16,1.244692102471559e-33,1.028281709431763e-30,853.926289170935,diag_5120,99.5350535475214,424131.399121252,206665.40286262642,851
pang85_ex2,10,ComplexF64,false,taylor,transfree,0.0,0.000935717,0.003125813000000001,0.012185685999999998,0.00139646,0.018264833,42,2,0,26.07778430750052,1,2.220446049250313e-16,1.814406419511304e-16,1.569785043335287e-13,853.926289170935,diag_5120,99.5350535475214,424131.399121252,206665.40286262642,53
pang85_ex2,10,ComplexF64,false,taylor,transfree,0.0,0.000662494,0.002402004,0.011086663000000002,0.002308349,0.01719655,30,2,3.078038524700419e-20,26.07778430750051,1,2.220446049250313e-16,2.76949762126065e-32,2.248486630908811e-29,853.926289170935,diag_5120,99.5350535475214,424131.399121252,206665.40286262642,256
pang85_ex2,10,ComplexF64,false,taylor,transfree,0.0,0.00077297,0.004059949,0.029402264,0.003604274,0.038859325,30,2,3.078038524700419e-20,26.07778430750051,1,2.220446049250313e-16,2.76949762126065e-32,2.248486630908811e-29,853.926289170935,diag_5120,99.5350535475214,424131.399121252,206665.40286262642,851
pang85_ex2,10,ComplexF64,false,taylor,complexschur,0.0,0.0007213479999999999,0.0021723859999999997,0.012661730999999999,0.001853487,0.018162497,42,2,0,26.07778430750052,1,2.220446049250313e-16,1.814406419511304e-16,1.569785043335287e-13,853.926289170935,diag_5120,99.5350535475214,424131.399121252,206665.40286262642,53
pang85_ex2,10,ComplexF64,false,taylor,complexschur,0.0,0.000735497,0.0029042059999999995,0.011273758000000002,0.001548525,0.017253093,30,2,3.078038524700419e-20,26.07778430750051,1,2.220446049250313e-16,2.76949762126065e-32,2.248486630908811e-29,853.926289170935,diag_5120,99.5350535475214,424131.399121252,206665.40286262642,256
pang85_ex2,10,ComplexF64,false,taylor,complexschur,0.0,0.0007404880000000001,0.003740729000000001,0.011856127999999999,0.003161606,0.020429727,30,2,3.078038524700419e-20,26.07778430750051,1,2.220446049250313e-16,2.76949762126065e-32,2.248486630908811e-29,853.926289170935,diag_5120,99.5350535475214,424131.399121252,206665.40286262642,851
pang85_ex3,10,Float64,false,scaling_and_squaring,NaN,NaN,NaN,NaN,NaN,NaN,3.051e-5,NaN,NaN,NaN,NaN,NaN,2.220446049250313e-16,1.804341724767223e-16,3.056575817815401e-14,169.3759088030254,diag_5120,9.058004294784455,55.58201058201058,33.219558235484044,53
pang85_ex3,10,Float64,false,diagonalcheap,transfree,0.0,0.00019865399999999999,0.0023959510000000003,0.002691844,0.000278962,0.006033008,17,1,0,14.0619046106516,11.913058155432182,2.220446049250313e-16,8.954141310261793e-17,1.343694633612329e-14,169.3759088030254,diag_5120,9.058004294784455,55.58201058201058,33.219558235484044,53
pang85_ex3,10,Float64,false,diagonalcheap,transfree,0.0,0.000117799,0.0028279279999999995,0.002586139,0.000402621,0.006414569,13,1,1.868330676278101e-23,14.06190461065158,11.93737383050977,2.220446049250313e-16,1.714653774385259e-26,2.835474515658917e-24,169.3759088030254,diag_5120,9.058004294784455,55.58201058201058,33.219558235484044,256
pang85_ex3,10,Float64,false,diagonalcheap,transfree,0.0,0.00013101400000000002,0.002011325,0.002210139,0.000439613,0.005151628,13,1,1.868330676278101e-23,14.06190461065158,11.93737383050977,2.220446049250313e-16,1.714653774385259e-26,2.835474515658917e-24,169.3759088030254,diag_5120,9.058004294784455,55.58201058201058,33.219558235484044,851
pang85_ex3,10,Float64,false,diagonalcheap,complexschur,0.0,0.00019556100000000002,0.0026799710000000006,0.002826014,0.000285644,0.006381585,17,1,0,14.0619046106516,11.913058155432182,2.220446049250313e-16,8.954141310261793e-17,1.343694633612329e-14,169.3759088030254,diag_5120,9.058004294784455,55.58201058201058,33.219558235484044,53
pang85_ex3,10,Float64,false,diagonalcheap,complexschur,0.0,7.257e-5,0.0016036210000000002,0.002382706,0.00045338,0.005296459,13,1,1.868330676278101e-23,14.06190461065158,11.93737383050977,2.220446049250313e-16,1.714653774385259e-26,2.835474515658917e-24,169.3759088030254,diag_5120,9.058004294784455,55.58201058201058,33.219558235484044,256
pang85_ex3,10,Float64,false,diagonalcheap,complexschur,0.0,0.00013532300000000002,0.0028023579999999996,0.003212955,0.000686452,0.007741323,13,1,1.868330676278101e-23,14.06190461065158,11.93737383050977,2.220446049250313e-16,1.714653774385259e-26,2.835474515658917e-24,169.3759088030254,diag_5120,9.058004294784455,55.58201058201058,33.219558235484044,851
pang85_ex3,10,Float64,false,diagonalcheap,realschur,0.0,0.000432268,0.003138501,0.002729135,0.00020092,0.007293053,17,1,0,14.0619046106516,11.913058155432182,2.220446049250313e-16,8.954141310261793e-17,1.343694633612329e-14,169.3759088030254,diag_5120,9.058004294784455,55.58201058201058,33.219558235484044,53
pang85_ex3,10,Float64,false,diagonalcheap,realschur,0.0,7.3281e-5,0.0013768909999999997,0.001646396,0.000209066,0.0036792,13,1,1.868330676278101e-23,14.06190461065158,11.93737383050977,2.220446049250313e-16,1.714653774385259e-26,2.835474515658917e-24,169.3759088030254,diag_5120,9.058004294784455,55.58201058201058,33.219558235484044,256
pang85_ex3,10,Float64,false,diagonalcheap,realschur,0.0,0.000120703,0.002538685,0.004038349,0.000705549,0.008247425,13,1,1.868330676278101e-23,14.06190461065158,11.93737383050977,2.220446049250313e-16,1.714653774385259e-26,2.835474515658917e-24,169.3759088030254,diag_5120,9.058004294784455,55.58201058201058,33.219558235484044,851
pang85_ex3,10,Float64,false,taylor,transfree,0.0,0.00038017700000000004,0.001324423,0.002836985,0.000332105,0.00539017,25,1,0,10.54947916666667,1,2.220446049250313e-16,4.382818306759288e-17,5.8941470049045e-15,169.3759088030254,diag_5120,9.058004294784455,55.58201058201058,33.219558235484044,53
pang85_ex3,10,Float64,false,taylor,transfree,0.0,0.00039656999999999995,0.0015753569999999997,0.016104575,0.000376962,0.019155545,25,1,1.501612800401486e-16,10.54947916666667,1,2.220446049250313e-16,2.344709469476092e-19,3.875775568430163e-17,169.3759088030254,diag_5120,9.058004294784455,55.58201058201058,33.219558235484044,256
pang85_ex3,10,Float64,false,taylor,transfree,0.0,0.00033748299999999997,0.00161286,0.0035063259999999997,0.000654941,0.006701756,25,1,1.501612800401486e-16,10.54947916666667,1,2.220446049250313e-16,2.344709469476092e-19,3.875775568430163e-17,169.3759088030254,diag_5120,9.058004294784455,55.58201058201058,33.219558235484044,851
pang85_ex3,10,Float64,false,taylor,complexschur,0.0,0.000335571,0.001214614,0.0022825320000000003,0.000162195,0.004480976,25,1,0,10.54947916666667,1,2.220446049250313e-16,4.382818306759288e-17,5.8941470049045e-15,169.3759088030254,diag_5120,9.058004294784455,55.58201058201058,33.219558235484044,53
pang85_ex3,10,Float64,false,taylor,complexschur,0.0,0.00019845500000000002,0.0007784570000000001,0.002191265,0.000346863,0.003829662,25,1,1.501612800401486e-16,10.54947916666667,1,2.220446049250313e-16,2.344709469476092e-19,3.875775568430163e-17,169.3759088030254,diag_5120,9.058004294784455,55.58201058201058,33.219558235484044,256
pang85_ex3,10,Float64,false,taylor,complexschur,0.0,0.000224959,0.0008837850000000003,0.0021309460000000003,0.00038635,0.003949534,25,1,1.501612800401486e-16,10.54947916666667,1,2.220446049250313e-16,2.344709469476092e-19,3.875775568430163e-17,169.3759088030254,diag_5120,9.058004294784455,55.58201058201058,33.219558235484044,851
pang85_ex3,10,Float64,false,taylor,realschur,0.0,0.00034691299999999996,0.000864786,0.0024594459999999997,0.000299712,0.004362206,25,1,0,10.54947916666667,1,2.220446049250313e-16,4.382818306759288e-17,5.8941470049045e-15,169.3759088030254,diag_5120,9.058004294784455,55.58201058201058,33.219558235484044,53
pang85_ex3,10,Float64,false,taylor,realschur,0.0,0.0003283769999999999,0.0012381349999999998,0.003686995,0.000393273,0.006135357,25,1,1.501612800401486e-16,10.54947916666667,1,2.220446049250313e-16,2.344709469476092e-19,3.875775568430163e-17,169.3759088030254,diag_5120,9.058004294784455,55.58201058201058,33.219558235484044,256
pang85_ex3,10,Float64,false,taylor,realschur,0.0,0.00035034,0.0014321490000000002,0.004129465,0.000398002,0.006870794,25,1,1.501612800401486e-16,10.54947916666667,1,2.220446049250313e-16,2.344709469476092e-19,3.875775568430163e-17,169.3759088030254,diag_5120,9.058004294784455,55.58201058201058,33.219558235484044,851
kela89_ex5,2,Float64,false,scaling_and_squaring,NaN,NaN,NaN,NaN,NaN,NaN,1.9608e-5,NaN,NaN,NaN,NaN,NaN,2.220446049250313e-16,2.910371404141188e-11,2.910374314524233e-05,1000001,exp_mp_5120,166666666669.5,Inf,Inf,53
kela89_ex5,2,Float64,false,diagonalcheap,transfree,0.0,0.000232221,0.0010003999999999998,7.895499999999999e-5,7.7571e-5,0.001439373,3,16,0,16.2587890625,74.46644997596741,2.220446049250313e-16,0,0,1000001,exp_mp_5120,166666666669.5,Inf,Inf,53
kela89_ex5,2,Float64,false,diagonalcheap,transfree,0.0,0.000248682,0.001035619,8.169600000000001e-5,0.000125393,0.001535931,3,16,0,16.2587890625,74.46644997596741,2.220446049250313e-16,0,0,1000001,exp_mp_5120,166666666669.5,Inf,Inf,256
kela89_ex5,2,Float64,false,diagonalcheap,transfree,0.0,0.000404284,0.0017913990000000004,0.00013507000000000002,0.000387712,0.002786327,3,16,0,16.2587890625,74.46644997596741,2.220446049250313e-16,0,0,1000001,exp_mp_5120,166666666669.5,Inf,Inf,851
kela89_ex5,2,Float64,false,diagonalcheap,complexschur,0.0,0.00043864,0.001843448,0.000122789,0.000151634,0.002640124,3,16,0,16.2587890625,74.46644997596741,2.220446049250313e-16,0,0,1000001,exp_mp_5120,166666666669.5,Inf,Inf,53
kela89_ex5,2,Float64,false,diagonalcheap,complexschur,0.0,0.000625935,0.0024123829999999997,0.000127375,0.00024226,0.0035091,3,16,0,16.2587890625,74.46644997596741,2.220446049250313e-16,0,0,1000001,exp_mp_5120,166666666669.5,Inf,Inf,256
kela89_ex5,2,Float64,false,diagonalcheap,complexschur,0.0,0.000262869,0.001133278,9.4093e-5,0.000215318,0.001765376,3,16,0,16.2587890625,74.46644997596741,2.220446049250313e-16,0,0,1000001,exp_mp_5120,166666666669.5,Inf,Inf,851
kela89_ex5,2,Float64,false,diagonalcheap,realschur,0.0,0.000397461,0.0015338889999999997,8.1647e-5,7.8633e-5,0.002152217,3,16,0,16.2587890625,74.46644997596741,2.220446049250313e-16,0,0,1000001,exp_mp_5120,166666666669.5,Inf,Inf,53
kela89_ex5,2,Float64,false,diagonalcheap,realschur,0.0,0.000299914,0.001209969,9.722e-5,0.000152716,0.001821475,3,16,0,16.2587890625,74.46644997596741,2.220446049250313e-16,0,0,1000001,exp_mp_5120,166666666669.5,Inf,Inf,256
kela89_ex5,2,Float64,false,diagonalcheap,realschur,0.0,0.000265333,0.0010734150000000003,0.00011170600000000002,0.000217341,0.001735959,3,16,0,16.2587890625,74.46644997596741,2.220446049250313e-16,0,0,1000001,exp_mp_5120,166666666669.5,Inf,Inf,851
kela89_ex5,2,Float64,false,taylor,transfree,0.0,1.1442e-5,9.1007e-5,3.5569e-5,3.0e-8,0.000167094,4,0,0,1000001,1,2.220446049250313e-16,0,0,1000001,exp_mp_5120,166666666669.5,Inf,Inf,53
kela89_ex5,2,Float64,false,taylor,transfree,0.0,1.6391e-5,9.915099999999999e-5,4.7323e-5,4.0e-8,0.000202222,4,0,0,1000001,1,2.220446049250313e-16,0,0,1000001,exp_mp_5120,166666666669.5,Inf,Inf,256
kela89_ex5,2,Float64,false,taylor,transfree,0.0,2.2965e-5,0.00011228799999999999,5.9325999999999994e-5,5.0e-8,0.000236539,4,0,0,1000001,1,2.220446049250313e-16,0,0,1000001,exp_mp_5120,166666666669.5,Inf,Inf,851
kela89_ex5,2,Float64,false,taylor,complexschur,0.0,1.9177e-5,9.9404e-5,3.9375e-5,5.0e-8,0.000203945,4,0,0,1000001,1,2.220446049250313e-16,0,0,1000001,exp_mp_5120,166666666669.5,Inf,Inf,53
kela89_ex5,2,Float64,false,taylor,complexschur,0.0,2.2634e-5,0.00010637599999999999,4.4266e-5,4.0e-8,0.000217072,4,0,0,1000001,1,2.220446049250313e-16,0,0,1000001,exp_mp_5120,166666666669.5,Inf,Inf,256
kela89_ex5,2,Float64,false,taylor,complexschur,0.0,2.3135e-5,0.00011344000000000001,5.7422e-5,5.0e-8,0.000244184,4,0,0,1000001,1,2.220446049250313e-16,0,0,1000001,exp_mp_5120,166666666669.5,Inf,Inf,851
kela89_ex5,2,Float64,false,taylor,realschur,0.0,2.0791e-5,0.00010434200000000001,3.8996000000000004e-5,4.0e-8,0.000210157,4,0,0,1000001,1,2.220446049250313e-16,0,0,1000001,exp_mp_5120,166666666669.5,Inf,Inf,53
kela89_ex5,2,Float64,false,taylor,realschur,0.0,2.1732e-5,0.00011383000000000001,4.571e-5,4.0e-8,0.000228924,4,0,0,1000001,1,2.220446049250313e-16,0,0,1000001,exp_mp_5120,166666666669.5,Inf,Inf,256
kela89_ex5,2,Float64,false,taylor,realschur,0.0,2.2914e-5,0.00010627600000000001,5.1840999999999994e-5,5.0e-8,0.000229245,4,0,0,1000001,1,2.220446049250313e-16,0,0,1000001,exp_mp_5120,166666666669.5,Inf,Inf,851
jemc05_52,3,Float64,false,scaling_and_squaring,NaN,NaN,NaN,NaN,NaN,NaN,2.3415e-5,NaN,NaN,NaN,NaN,NaN,2.220446049250313e-16,3.197938781829332e-16,2.022519639842078e-15,7.320102322960796,exp_mp_5120,6.079072061519,122.66666666666664,87.72145554472485,53
jemc05_52,3,Float64,false,diagonalcheap,transfree,0.0,2.3650000000000002e-6,0.000674818,0.000270968,4.0e-8,0.001015662,9,0,7.976523102708203e-16,7.320102322960798,14.490134828445703,2.220446049250313e-16,2.550573020249304e-16,1.752238643883454e-15,7.320102322960796,exp_mp_5120,6.079072061519,122.66666666666664,87.72145554472485,53
jemc05_52,3,Float64,false,diagonalcheap,transfree,0.0,1.994e-6,0.000628119,0.00019953600000000002,4.1e-8,0.000889897,9,0,1.884824542351833e-19,7.320102322960796,14.490134828445704,2.220446049250313e-16,1.162635984703647e-77,6.222835957219904e-77,7.320102322960796,exp_mp_5120,6.079072061519,122.66666666666664,87.72145554472485,256
jemc05_52,3,Float64,false,diagonalcheap,transfree,0.0,2.015e-6,0.000580094,0.00021514600000000002,4.0e-8,0.000857674,9,0,1.884824542351833e-19,7.320102322960796,14.490134828445704,2.220446049250313e-16,5.755332097189466e-257,3.038326257983019e-256,7.320102322960796,exp_mp_5120,6.079072061519,122.66666666666664,87.72145554472485,851
jemc05_52,3,Float64,false,diagonalcheap,complexschur,0.000197323,8.264999999999999e-5,0.000863947,0.000434175,4.0e-8,0.001711702,13,0,9.317146892908336e-16,7.728763989627841,18.479052401517517,2.220446049250313e-16,4.932515362398246e-16,2.831465095543727e-15,7.320102322960796,exp_mp_5120,6.079072061519,122.66666666666664,87.72145554472485,53
jemc05_52,3,Float64,false,diagonalcheap,complexschur,0.000333638,2.2640000000000003e-6,0.0006193099999999999,0.000369057,4.0e-8,0.001474011,9,0,2.483392060887587e-19,7.728763989627838,18.495401116884064,2.220446049250313e-16,3.662862656149495e-25,2.096097910702607e-24,7.320102322960796,exp_mp_5120,6.079072061519,122.66666666666664,87.72145554472485,256
jemc05_52,3,Float64,false,diagonalcheap,complexschur,0.000769513,2.987e-6,0.001057164,0.00082507,4.0e-8,0.002960325,9,0,2.483392060887587e-19,7.728763989627838,18.495401116884064,2.220446049250313e-16,3.662862656149495e-25,2.096097910702607e-24,7.320102322960796,exp_mp_5120,6.079072061519,122.66666666666664,87.72145554472485,851
jemc05_52,3,Float64,false,diagonalcheap,realschur,0.00024727,2.3749999999999997e-6,0.0008631870000000001,0.00029955099999999995,4.0e-8,0.001503297,9,0,9.280836433014748e-16,7.488933820423277,17.50216490350763,2.220446049250313e-16,5.09748675146105e-16,3.386576607856305e-15,7.320102322960796,exp_mp_5120,6.079072061519,122.66666666666664,87.72145554472485,53
jemc05_52,3,Float64,false,diagonalcheap,realschur,0.000437248,2.7649999999999998e-6,0.0009077409999999999,0.000335701,4.0e-8,0.001779724,9,0,1.106265982386402e-19,7.488933820423281,17.50216490350764,2.220446049250313e-16,3.662862656149495e-25,2.096097910702607e-24,7.320102322960796,exp_mp_5120,6.079072061519,122.66666666666664,87.72145554472485,256
jemc05_52,3,Float64,false,diagonalcheap,realschur,0.000692664,2.707e-6,0.001143691,0.000413443,4.0e-8,0.002373978,9,0,1.106265982386402e-19,7.488933820423281,17.50216490350764,2.220446049250313e-16,3.662862656149495e-25,2.096097910702607e-24,7.320102322960796,exp_mp_5120,6.079072061519,122.66666666666664,87.72145554472485,851
jemc05_52,3,Float64,false,taylor,transfree,0.0,0.00019658099999999998,0.0005253310000000001,0.000179236,4.1e-8,0.000963831,20,0,0,7.430666666666665,1,2.220446049250313e-16,7.417992182737137e-17,4.902820293376044e-16,7.320102322960796,exp_mp_5120,6.079072061519,122.66666666666664,87.72145554472485,53
jemc05_52,3,Float64,false,taylor,transfree,0.0,0.000169898,0.000427011,0.000147126,3.0e-8,0.000799271,20,0,8.645620506498407e-19,7.430666666666666,1,2.220446049250313e-16,1.450496727011951e-22,1.130748141616089e-21,7.320102322960796,exp_mp_5120,6.079072061519,122.66666666666664,87.72145554472485,256
jemc05_52,3,Float64,false,taylor,transfree,0.0,0.000123579,0.00040464600000000004,0.000154128,3.0e-8,0.000736048,20,0,8.645620506498407e-19,7.430666666666666,1,2.220446049250313e-16,1.450496727011951e-22,1.130748141616089e-21,7.320102322960796,exp_mp_5120,6.079072061519,122.66666666666664,87.72145554472485,851
jemc05_52,3,Float64,false,taylor,complexschur,0.000305804,0.00022855500000000002,0.0005267620000000001,0.000496292,5.0e-8,0.001770726,20,0,1.332267629550188e-15,7.804091435412483,1,2.220446049250313e-16,4.932515362398246e-16,2.831465095543727e-15,7.320102322960796,exp_mp_5120,6.079072061519,122.66666666666664,87.72145554472485,53
jemc05_52,3,Float64,false,taylor,complexschur,0.000387622,0.000156505,0.00043751000000000006,0.000358015,4.0e-8,0.001502216,20,0,7.343537512636631e-19,7.804091435412483,1,2.220446049250313e-16,1.405221502843308e-22,1.214727134508142e-21,7.320102322960796,exp_mp_5120,6.079072061519,122.66666666666664,87.72145554472485,256
jemc05_52,3,Float64,false,taylor,complexschur,0.000446927,0.00014797699999999998,0.000427974,0.000438189,4.0e-8,0.001642217,20,0,7.343537512636631e-19,7.804091435412483,1,2.220446049250313e-16,1.405221502843308e-22,1.214727134508142e-21,7.320102322960796,exp_mp_5120,6.079072061519,122.66666666666664,87.72145554472485,851
jemc05_52,3,Float64,false,taylor,realschur,0.000155321,0.00011631800000000001,0.00030382900000000003,0.000127386,3.0e-8,0.000766318,20,0,1.332267629550188e-15,7.545730764596867,1,2.220446049250313e-16,5.09748675146105e-16,3.386576607856305e-15,7.320102322960796,exp_mp_5120,6.079072061519,122.66666666666664,87.72145554472485,53
jemc05_52,3,Float64,false,taylor,realschur,0.000253582,0.000119651,0.00029023000000000005,0.000129574,4.0e-8,0.000855139,20,0,4.626730517768276e-19,7.545730764596867,1,2.220446049250313e-16,1.405221502843308e-22,1.214727134508142e-21,7.320102322960796,exp_mp_5120,6.079072061519,122.66666666666664,87.72145554472485,256
jemc05_52,3,Float64,false,taylor,realschur,0.00041728,0.00012119599999999998,0.000365801,0.000179097,3.0e-8,0.001158959,20,0,4.626730517768276e-19,7.545730764596867,1,2.220446049250313e-16,1.405221502843308e-22,1.214727134508142e-21,7.320102322960796,exp_mp_5120,6.079072061519,122.66666666666664,87.72145554472485,851
jemc05_55,6,Float64,false,scaling_and_squaring,NaN,NaN,NaN,NaN,NaN,NaN,2.9096e-5,NaN,NaN,NaN,NaN,NaN,2.220446049250313e-16,1.767875365652004e-16,4.692996324732094e-16,2.246154055500844,diag_5120,4.002881659759157,211.5,344.1596607236965,53
jemc05_55,6,Float64,false,diagonalcheap,transfree,0.0,0.00035829399999999994,0.0026913099999999997,0.001228806,6.0e-8,0.004413275,57,0,0,2.246154055500844,9.07291725577921,2.220446049250313e-16,3.777858438770669e-16,8.594578908954951e-16,2.246154055500844,diag_5120,4.002881659759157,211.5,344.1596607236965,53
jemc05_55,6,Float64,false,diagonalcheap,transfree,0.0,9.8191e-5,0.0010606969999999998,0.000936056,5.0e-8,0.002216581,13,0,1.092227378862069e-23,2.246154055500844,8.82869313557578,2.220446049250313e-16,4.57710912283145e-29,1.016720425730053e-28,2.246154055500844,diag_5120,4.002881659759157,211.5,344.1596607236965,256
jemc05_55,6,Float64,false,diagonalcheap,transfree,0.0,0.000110886,0.0013292459999999999,0.001190432,5.0e-8,0.002782901,13,0,1.092227378862069e-23,2.246154055500844,8.82869313557578,2.220446049250313e-16,4.57710912283145e-29,1.016720425730053e-28,2.246154055500844,diag_5120,4.002881659759157,211.5,344.1596607236965,851
jemc05_55,6,Float64,false,diagonalcheap,complexschur,0.001445265,0.00034810700000000006,0.0025841040000000003,0.004607972,4.0e-8,0.009869974,31,0,0,2.258305386145238,12.830739693531786,2.220446049250313e-16,1.003454174205492e-15,2.782313523910823e-15,2.246154055500844,diag_5120,4.002881659759157,211.5,344.1596607236965,53
jemc05_55,6,Float64,false,diagonalcheap,complexschur,0.002985123,0.00013270800000000002,0.0019555049999999993,0.002984921,5.0e-8,0.009081605,13,0,1.308598624806188e-23,2.538798438268961,12.060604858519875,2.220446049250313e-16,3.762863616959277e-29,1.410437602057786e-28,2.246154055500844,diag_5120,4.002881659759157,211.5,344.1596607236965,256
jemc05_55,6,Float64,false,diagonalcheap,complexschur,0.00455517,0.000110194,0.001614774,0.023550814,4.0e-8,0.031315343,13,0,1.31404223253409e-23,2.563768881316038,12.110775476589062,2.220446049250313e-16,3.762863616959277e-29,1.410437602057786e-28,2.246154055500844,diag_5120,4.002881659759157,211.5,344.1596607236965,851
jemc05_55,6,Float64,false,diagonalcheap,realschur,0.001514188,0.000170421,0.001913804,0.001135824,5.0e-8,0.005022517,17,0,0,2.239714627563629,12.131906092748054,2.220446049250313e-16,1.069672846062594e-15,2.796191311718638e-15,2.246154055500844,diag_5120,4.002881659759157,211.5,344.1596607236965,53
jemc05_55,6,Float64,false,diagonalcheap,realschur,0.002028276,0.000122498,0.0015153479999999997,0.000982347,1.91e-7,0.00496741,13,0,6.065678379595653e-24,2.450627814086267,11.558015729229714,2.220446049250313e-16,3.762863616959277e-29,1.410437602195857e-28,2.246154055500844,diag_5120,4.002881659759157,211.5,344.1596607236965,256
jemc05_55,6,Float64,false,diagonalcheap,realschur,0.004122691,7.577799999999999e-5,0.001350158,0.000898364,4.1e-8,0.006771532,13,0,6.065678379595653e-24,2.450627814086267,11.558015729229714,2.220446049250313e-16,3.762863616959277e-29,1.410437602195857e-28,2.246154055500844,diag_5120,4.002881659759157,211.5,344.1596607236965,851
jemc05_55,6,Float64,false,taylor,transfree,0.0,0.00017368699999999998,0.000495903,0.000521051,4.0e-8,0.001284713,25,0,0,3.16,1,2.220446049250313e-16,2.056426170815402e-16,4.137230890539624e-16,2.246154055500844,diag_5120,4.002881659759157,211.5,344.1596607236965,53
jemc05_55,6,Float64,false,taylor,transfree,0.0,0.000176651,0.000447539,0.000572825,4.0e-8,0.001290534,25,0,1.861893302726093e-16,3.16,1,2.220446049250313e-16,2.571833014551198e-20,5.064644462287787e-20,2.246154055500844,diag_5120,4.002881659759157,211.5,344.1596607236965,256
jemc05_55,6,Float64,false,taylor,transfree,0.0,0.000157396,0.0005060919999999999,0.000746219,4.0e-8,0.001502977,25,0,1.861893302726093e-16,3.16,1,2.220446049250313e-16,2.571833014551198e-20,5.064644462287787e-20,2.246154055500844,diag_5120,4.002881659759157,211.5,344.1596607236965,851
jemc05_55,6,Float64,false,taylor,complexschur,0.000966626,0.0007079460000000001,0.001028338,0.004745539,5.0e-8,0.008370114,56,0,0,3.753366763785958,1,2.220446049250313e-16,1.158430405625388e-15,3.314873631035702e-15,2.246154055500844,diag_5120,4.002881659759157,211.5,344.1596607236965,53
jemc05_55,6,Float64,false,taylor,complexschur,0.003017336,0.000418903,0.001146161,0.0029754150000000004,4.1e-8,0.0086618,25,0,1.991050290058544e-16,3.65956756371519,1,2.220446049250313e-16,1.953852227296739e-20,6.773774442864136e-20,2.246154055500844,diag_5120,4.002881659759157,211.5,344.1596607236965,256
jemc05_55,6,Float64,false,taylor,complexschur,0.00461716,0.0005000400000000001,0.00137683,0.004124727,7.0e-8,0.011784731,25,0,1.991050290058544e-16,3.653734448701943,1,2.220446049250313e-16,1.953852227296739e-20,6.773774442864136e-20,2.246154055500844,diag_5120,4.002881659759157,211.5,344.1596607236965,851
jemc05_55,6,Float64,false,taylor,realschur,0.000890879,0.000198234,0.00049413,0.000620726,4.0e-8,0.0024166,30,0,0,3.578313084105301,1,2.220446049250313e-16,1.014766862108996e-15,2.896805273325292e-15,2.246154055500844,diag_5120,4.002881659759157,211.5,344.1596607236965,53
jemc05_55,6,Float64,false,taylor,realschur,0.001842526,0.000269445,0.0007852240000000001,0.000981354,4.1e-8,0.004198157,25,0,9.790238104484504e-17,3.686438590532417,1,2.220446049250313e-16,1.953852227296739e-20,6.773774443870979e-20,2.246154055500844,diag_5120,4.002881659759157,211.5,344.1596607236965,256
jemc05_55,6,Float64,false,taylor,realschur,0.004309443,0.000245086,0.000925265,0.001295966,6.0e-8,0.007238879,25,0,9.790238104484504e-17,3.686438590532417,1,2.220446049250313e-16,1.953852227296739e-20,6.773774443870979e-20,2.246154055500844,diag_5120,4.002881659759157,211.5,344.1596607236965,851
kela98_ex3,2,Float64,false,scaling_and_squaring,NaN,NaN,NaN,NaN,NaN,NaN,1.5239e-5,NaN,NaN,NaN,NaN,NaN,2.220446049250313e-16,9.712391367746676e-12,3.573098700056045e-12,0.3678794779593901,diag_5120,19999998.99999978,2.0000002e7,2.0000000000000052e7,53
kela98_ex3,2,Float64,false,diagonalcheap,transfree,0.0,0.000136936,0.0038111459999999988,0.000280853,0.000394717,0.004747273,17,21,0,10.85022320590446,20.700447124480508,2.220446049250313e-16,8.026528190731746e-17,3.986634634517581e-17,0.3678794779593901,diag_5120,19999998.99999978,2.0000002e7,2.0000000000000052e7,53
kela98_ex3,2,Float64,false,diagonalcheap,transfree,0.0,8.7458e-5,0.004529547999999999,0.000273172,0.000616746,0.0056425,13,21,7.981314797527767e-22,10.85022320590447,20.700447124480522,2.220446049250313e-16,8.283058301970801e-78,3.974197854166833e-78,0.3678794779593901,diag_5120,19999998.99999978,2.0000002e7,2.0000000000000052e7,256
kela98_ex3,2,Float64,false,diagonalcheap,transfree,0.0,8.992599999999999e-5,0.004028685,0.00035563600000000005,0.001646435,0.006269387,13,21,7.981314797527767e-22,10.85022320590447,20.700447124480522,2.220446049250313e-16,8.377900445434393e-257,4.343927199950203e-257,0.3678794779593901,diag_5120,19999998.99999978,2.0000002e7,2.0000000000000052e7,851
kela98_ex3,2,Float64,false,diagonalcheap,complexschur,0.0,0.00015349799999999999,0.0034534619999999996,0.000275573,0.000388134,0.004404338,17,21,0,10.85022320590446,20.700447124480508,2.220446049250313e-16,8.026528190731746e-17,3.986634634517581e-17,0.3678794779593901,diag_5120,19999998.99999978,2.0000002e7,2.0000000000000052e7,53
kela98_ex3,2,Float64,false,diagonalcheap,complexschur,0.0,7.6136e-5,0.0030351159999999987,0.000262539,0.000641746,0.004150294,13,21,7.981314797527767e-22,10.85022320590447,20.700447124480522,2.220446049250313e-16,8.283058301970801e-78,3.974197854166833e-78,0.3678794779593901,diag_5120,19999998.99999978,2.0000002e7,2.0000000000000052e7,256
kela98_ex3,2,Float64,false,diagonalcheap,complexschur,0.0,7.658699999999999e-5,0.004054239999999998,0.000341713,0.001621396,0.006245541,13,21,7.981314797527767e-22,10.85022320590447,20.700447124480522,2.220446049250313e-16,8.377900445434393e-257,4.343927199950203e-257,0.3678794779593901,diag_5120,19999998.99999978,2.0000002e7,2.0000000000000052e7,851
kela98_ex3,2,Float64,false,diagonalcheap,realschur,0.0,0.000144814,0.0034366909999999987,0.000251108,0.000338357,0.004291619,17,21,0,10.85022320590446,20.700447124480508,2.220446049250313e-16,8.026528190731746e-17,3.986634634517581e-17,0.3678794779593901,diag_5120,19999998.99999978,2.0000002e7,2.0000000000000052e7,53
kela98_ex3,2,Float64,false,diagonalcheap,realschur,0.0,8.7059e-5,0.0025501289999999986,0.000189879,0.000375649,0.003315935,13,21,7.981314797527767e-22,10.85022320590447,20.700447124480522,2.220446049250313e-16,8.283058301970801e-78,3.974197854166833e-78,0.3678794779593901,diag_5120,19999998.99999978,2.0000002e7,2.0000000000000052e7,256
kela98_ex3,2,Float64,false,diagonalcheap,realschur,0.0,8.550599999999999e-5,0.0035072729999999987,0.000341563,0.001589756,0.005682017,13,21,7.981314797527767e-22,10.85022320590447,20.700447124480522,2.220446049250313e-16,8.377900445434393e-257,4.343927199950203e-257,0.3678794779593901,diag_5120,19999998.99999978,2.0000002e7,2.0000000000000052e7,851
kela98_ex3,2,Float64,false,taylor,transfree,0.0,0.00046487,0.0045753239999999995,0.00020896100000000002,0.000380468,0.005599567,56,22,0,3.293967643323135,1,2.220446049250313e-16,8.026528190731746e-17,3.986634634517581e-17,0.3678794779593901,diag_5120,19999998.99999978,2.0000002e7,2.0000000000000052e7,53
kela98_ex3,2,Float64,false,taylor,transfree,0.0,0.00024389699999999997,0.0030135369999999993,0.000152045,0.000353586,0.003755138,36,20,3.560498092581963e-16,116.5548811465389,1,2.220446049250313e-16,8.283058301970801e-78,3.974197854166833e-78,0.3678794779593901,diag_5120,19999998.99999978,2.0000002e7,2.0000000000000052e7,256
kela98_ex3,2,Float64,false,taylor,transfree,0.0,0.000343974,0.0043056579999999995,0.00027742800000000003,0.001523907,0.00650804,36,20,3.560498092581963e-16,116.5548811465389,1,2.220446049250313e-16,8.377900445434393e-257,4.343927199950203e-257,0.3678794779593901,diag_5120,19999998.99999978,2.0000002e7,2.0000000000000052e7,851
kela98_ex3,2,Float64,false,taylor,complexschur,0.0,0.00046250600000000006,0.004538729000000001,0.00021291299999999999,0.000389205,0.00559638,56,22,0,3.293967643323135,1,2.220446049250313e-16,8.026528190731746e-17,3.986634634517581e-17,0.3678794779593901,diag_5120,19999998.99999978,2.0000002e7,2.0000000000000052e7,53
kela98_ex3,2,Float64,false,taylor,complexschur,0.0,0.000252959,0.004052224,0.00015697800000000003,0.000454232,0.004912253,36,20,3.560498092581963e-16,116.5548811465389,1,2.220446049250313e-16,8.283058301970801e-78,3.974197854166833e-78,0.3678794779593901,diag_5120,19999998.99999978,2.0000002e7,2.0000000000000052e7,256
kela98_ex3,2,Float64,false,taylor,complexschur,0.0,0.000366388,0.006009202,0.000267089,0.001532093,0.008220824,36,20,3.560498092581963e-16,116.5548811465389,1,2.220446049250313e-16,8.377900445434393e-257,4.343927199950203e-257,0.3678794779593901,diag_5120,19999998.99999978,2.0000002e7,2.0000000000000052e7,851
kela98_ex3,2,Float64,false,taylor,realschur,0.0,0.0006175490000000001,0.005441464000000002,0.00027375699999999996,0.000383485,0.006601762,56,22,0,3.293967643323135,1,2.220446049250313e-16,8.026528190731746e-17,3.986634634517581e-17,0.3678794779593901,diag_5120,19999998.99999978,2.0000002e7,2.0000000000000052e7,53
kela98_ex3,2,Float64,false,taylor,realschur,0.0,0.000268722,0.002894338000000001,0.00013981100000000002,0.000369918,0.003696654,36,20,3.560498092581963e-16,116.5548811465389,1,2.220446049250313e-16,8.283058301970801e-78,3.974197854166833e-78,0.3678794779593901,diag_5120,19999998.99999978,2.0000002e7,2.0000000000000052e7,256
kela98_ex3,2,Float64,false,taylor,realschur,0.0,0.000344372,0.0056977730000000015,0.00026529799999999997,0.001581058,0.007944999,36,20,3.560498092581963e-16,116.5548811465389,1,2.220446049250313e-16,8.377900445434393e-257,4.343927199950203e-257,0.3678794779593901,diag_5120,19999998.99999978,2.0000002e7,2.0000000000000052e7,851
mopa03_21,4,Float64,false,scaling_and_squaring,NaN,NaN,NaN,NaN,NaN,NaN,4.3485e-5,NaN,NaN,NaN,NaN,NaN,2.220446049250313e-16,5.470863763154404e-16,5.71988835218701e-16,0.9984925139314272,diag_5120,17.12948427704917,3584.2838709677426,2516.039607902103,53
mopa03_21,4,Float64,false,diagonalcheap,transfree,0.0,0.00047623200000000004,0.00415684,0.0010120830000000002,3.9667e-5,0.005837017,57,2,0,0.999974475893087,10.227311958735402,2.220446049250313e-16,4.495997728097292e-16,5.446945220676894e-16,0.9984925139314272,diag_5120,17.12948427704917,3584.2838709677426,2516.039607902103,53
mopa03_21,4,Float64,false,diagonalcheap,transfree,0.0,7.025799999999999e-5,0.001358064,0.00041206,4.3554e-5,0.002011283,13,2,9.180719534940747e-19,0.999974475893087,9.714545788307198,2.220446049250313e-16,1.234660163560926e-26,2.070314165537247e-26,0.9984925139314272,diag_5120,17.12948427704917,3584.2838709677426,2516.039607902103,256
mopa03_21,4,Float64,false,diagonalcheap,transfree,0.0,7.141899999999999e-5,0.0015540220000000002,0.00033040399999999996,3.8805e-5,0.002103643,13,2,9.180719534940747e-19,0.999974475893087,9.714545788307198,2.220446049250313e-16,1.234660163560926e-26,2.070314165537247e-26,0.9984925139314272,diag_5120,17.12948427704917,3584.2838709677426,2516.039607902103,851
mopa03_21,4,Float64,false,diagonalcheap,complexschur,0.000238032,0.0005895829999999999,0.007532402000000001,0.002291373,0.000284963,0.011197651,91,4,2.961443302058438e-16,1.534972053774797,2.0273415718487042,2.220446049250313e-16,1.114851933114272e-15,1.278725424430701e-15,0.9984925139314272,diag_5120,17.12948427704917,3584.2838709677426,2516.039607902103,53
mopa03_21,4,Float64,false,diagonalcheap,complexschur,0.000344789,0.000119802,0.001203597,0.00153011,0.000162515,0.003784284,17,1,4.321936818854228e-19,1.303636741906626,46.6323867532251,2.220446049250313e-16,2.545812310103539e-24,3.210520984657853e-24,0.9984925139314272,diag_5120,17.12948427704917,3584.2838709677426,2516.039607902103,256
mopa03_21,4,Float64,false,diagonalcheap,complexschur,0.000723724,0.00021169,0.02872145799999999,0.001820233,0.000173957,0.032049939,17,1,4.321936818854228e-19,1.303636741906626,39.97102669707231,2.220446049250313e-16,2.545812310103539e-24,3.210520984657853e-24,0.9984925139314272,diag_5120,17.12948427704917,3584.2838709677426,2516.039607902103,851
mopa03_21,4,Float64,false,diagonalcheap,realschur,0.000402511,0.0008035279999999999,0.009495715000000002,0.0014544949999999999,0.000109242,0.012470501,91,4,2.961443302058438e-16,1.534972053774797,2.0273415718487042,2.220446049250313e-16,1.114851933114272e-15,1.278725424430701e-15,0.9984925139314272,diag_5120,17.12948427704917,3584.2838709677426,2516.039607902103,53
mopa03_21,4,Float64,false,diagonalcheap,realschur,0.000320692,0.000116275,0.001192124,0.000390287,4.8725e-5,0.002217734,17,1,4.321936818854228e-19,1.303636741906626,46.6323867532251,2.220446049250313e-16,2.545812310103539e-24,3.210520984657853e-24,0.9984925139314272,diag_5120,17.12948427704917,3584.2838709677426,2516.039607902103,256
mopa03_21,4,Float64,false,diagonalcheap,realschur,0.000511683,9.9062e-5,0.0011310340000000002,0.000492007,0.000105284,0.002517356,17,1,4.321936818854228e-19,1.303636741906626,39.97102669707231,2.220446049250313e-16,2.545812310103539e-24,3.210520984657853e-24,0.9984925139314272,diag_5120,17.12948427704917,3584.2838709677426,2516.039607902103,851
mopa03_21,4,Float64,false,taylor,transfree,0.0,0.000327605,0.0008909509999999999,0.000490832,4.2362e-5,0.001857214,72,2,0,4.572653309792149,1,2.220446049250313e-16,4.484758402987789e-16,5.725259071320976e-16,0.9984925139314272,diag_5120,17.12948427704917,3584.2838709677426,2516.039607902103,53
mopa03_21,4,Float64,false,taylor,transfree,0.0,0.000200017,0.0005796849999999999,0.0002583299999999999,2.3736e-5,0.00116476,30,2,1.938798544205016e-16,4.572653309792149,1,2.220446049250313e-16,5.018618107031322e-22,8.415365187163873e-22,0.9984925139314272,diag_5120,17.12948427704917,3584.2838709677426,2516.039607902103,256
mopa03_21,4,Float64,false,taylor,transfree,0.0,0.00017982800000000004,0.0006673010000000002,0.00040088900000000003,3.2182e-5,0.001388444,30,2,1.938798544205016e-16,4.572653309792149,1,2.220446049250313e-16,5.018618107031322e-22,8.415365187163873e-22,0.9984925139314272,diag_5120,17.12948427704917,3584.2838709677426,2516.039607902103,851
mopa03_21,4,Float64,false,taylor,complexschur,0.000241399,0.000449414,0.0009871759999999998,0.001237851,0.000143048,0.003302038,72,2,0,2.796288397617364,1,2.220446049250313e-16,1.102501122944284e-15,1.278074903127209e-15,0.9984925139314272,diag_5120,17.12948427704917,3584.2838709677426,2516.039607902103,53
mopa03_21,4,Float64,false,taylor,complexschur,0.000316645,0.00019390599999999998,0.000623518,0.0007103700000000001,0.000184939,0.002269354,30,2,5.053504584677663e-18,2.796288397617365,1,2.220446049250313e-16,6.314389469575301e-19,7.962218831427946e-19,0.9984925139314272,diag_5120,17.12948427704917,3584.2838709677426,2516.039607902103,256
mopa03_21,4,Float64,false,taylor,complexschur,0.000490141,0.000225728,0.0008216930000000001,0.00136474,0.000511713,0.003867395,30,2,5.053504584677663e-18,2.796288397617365,1,2.220446049250313e-16,6.314389469575301e-19,7.962218831427946e-19,0.9984925139314272,diag_5120,17.12948427704917,3584.2838709677426,2516.039607902103,851
mopa03_21,4,Float64,false,taylor,realschur,0.000387893,0.000570769,0.0015355509999999998,0.0007976989999999999,0.000101076,0.003606348,72,2,0,2.796288397617364,1,2.220446049250313e-16,1.102501122944284e-15,1.278074903127209e-15,0.9984925139314272,diag_5120,17.12948427704917,3584.2838709677426,2516.039607902103,53
mopa03_21,4,Float64,false,taylor,realschur,0.000527294,0.00025715000000000004,0.000883697,0.000476483,0.00015446,0.002500603,30,2,5.053504584677663e-18,2.796288397617365,1,2.220446049250313e-16,6.314389469575301e-19,7.962218831427946e-19,0.9984925139314272,diag_5120,17.12948427704917,3584.2838709677426,2516.039607902103,256
mopa03_21,4,Float64,false,taylor,realschur,0.000818819,0.000295933,0.001099966,0.000651624,0.000339058,0.00345764,30,2,5.053504584677663e-18,2.796288397617365,1,2.220446049250313e-16,6.314389469575301e-19,7.962218831427946e-19,0.9984925139314272,diag_5120,17.12948427704917,3584.2838709677426,2516.039607902103,851
mopa03_26,3,Float64,false,scaling_and_squaring,NaN,NaN,NaN,NaN,NaN,NaN,1.6102e-5,NaN,NaN,NaN,NaN,NaN,2.220446049250313e-16,1.999526600826771e-17,2.775557561562891e-17,1,diag_5120,0.2065784013396638,Inf,Inf,53
mopa03_26,3,Float64,false,diagonalcheap,transfree,0.0,2.776e-6,0.00049952,0.00017870600000000002,6.0e-8,0.000760125,5,0,0,1,1.080558036425934,2.220446049250313e-16,1.999498218328376e-17,2.775557561562891e-17,1,diag_5120,0.2065784013396638,Inf,Inf,53
mopa03_26,3,Float64,false,diagonalcheap,transfree,0.0,1.533e-6,0.00040485600000000004,0.000156634,3.0e-8,0.000620885,5,0,1.202128636881951e-16,1,1.080558036425934,2.220446049250313e-16,5.679797048814488e-18,1.308275704089657e-17,1,diag_5120,0.2065784013396638,Inf,Inf,256
mopa03_26,3,Float64,false,diagonalcheap,transfree,0.0,1.133e-6,0.00037129999999999997,0.00014117400000000001,4.0e-8,0.000567231,5,0,1.202128636881951e-16,1,1.080558036425934,2.220446049250313e-16,5.679797048814488e-18,1.308275704089657e-17,1,diag_5120,0.2065784013396638,Inf,Inf,851
mopa03_26,3,Float64,false,diagonalcheap,complexschur,9.3792e-5,6.3033e-5,0.0005348980000000001,0.000325162,4.0e-8,0.001130063,7,0,2.318364315337474e-16,1.083796267726694,1.100821094392229,2.220446049250313e-16,4.084297655015516e-16,7.546096587977724e-16,1,diag_5120,0.2065784013396638,Inf,Inf,53
mopa03_26,3,Float64,false,diagonalcheap,complexschur,9.8912e-5,5.3955e-5,0.00047485199999999995,0.00031394,4.0e-8,0.001059466,7,0,1.600114727721241e-24,1.083796267726694,1.100821094392229,2.220446049250313e-16,2.389810576155574e-26,3.967356339878309e-26,1,diag_5120,0.2065784013396638,Inf,Inf,256
mopa03_26,3,Float64,false,diagonalcheap,complexschur,0.000128629,4.9277e-5,0.00049479,0.000416998,4.0e-8,0.001224777,7,0,1.600114727721241e-24,1.083796267726694,1.100821094392229,2.220446049250313e-16,2.389810576155574e-26,3.967356339878309e-26,1,diag_5120,0.2065784013396638,Inf,Inf,851
mopa03_26,3,Float64,false,diagonalcheap,realschur,7.9885e-5,5.7119999999999995e-5,0.000464742,0.000160454,3.0e-8,0.000834449,7,0,2.318364315337474e-16,1.083796267726694,1.100821094392229,2.220446049250313e-16,4.084297655015516e-16,7.546096587977724e-16,1,diag_5120,0.2065784013396638,Inf,Inf,53
mopa03_26,3,Float64,false,diagonalcheap,realschur,9.1308e-5,4.1109e-5,0.00041140199999999995,0.000162936,3.0e-8,0.000780695,7,0,1.600114727721241e-24,1.083796267726694,1.100821094392229,2.220446049250313e-16,2.389810576155574e-26,3.967356339878309e-26,1,diag_5120,0.2065784013396638,Inf,Inf,256
mopa03_26,3,Float64,false,diagonalcheap,realschur,0.000119873,3.8885000000000005e-5,0.000427068,0.000220369,4.0e-8,0.000882172,7,0,1.600114727721241e-24,1.083796267726694,1.100821094392229,2.220446049250313e-16,2.389810576155574e-26,3.967356339878309e-26,1,diag_5120,0.2065784013396638,Inf,Inf,851
mopa03_26,3,Float64,false,taylor,transfree,0.0,0.000140732,0.0002611979999999999,0.000104082,4.0e-8,0.000550448,20,0,2.220446049250313e-16,1,1,2.220446049250313e-16,1.926528207542955e-17,2.606052575776854e-17,1,diag_5120,0.2065784013396638,Inf,Inf,53
mopa03_26,3,Float64,false,taylor,transfree,0.0,7.8171e-5,0.000193498,7.4153e-5,4.0e-8,0.000389335,12,0,6.61984915588218e-18,1,1,2.220446049250313e-16,5.830780172671524e-19,1.343052924291732e-18,1,diag_5120,0.2065784013396638,Inf,Inf,256
mopa03_26,3,Float64,false,taylor,transfree,0.0,7.632900000000002e-5,0.000230286,8.112700000000001e-5,3.0e-8,0.00043302,12,0,6.61984915588218e-18,1,1,2.220446049250313e-16,5.830780172671524e-19,1.343052924291732e-18,1,diag_5120,0.2065784013396638,Inf,Inf,851
mopa03_26,3,Float64,false,taylor,complexschur,8.8371e-5,9.3812e-5,0.00022721000000000002,0.00019563300000000002,4.0e-8,0.000716952,12,0,0,1.083840083852329,1,2.220446049250313e-16,4.088980785693962e-16,7.53742297059784e-16,1,diag_5120,0.2065784013396638,Inf,Inf,53
mopa03_26,3,Float64,false,taylor,complexschur,9.4734e-5,9.182899999999999e-5,0.00022528700000000004,0.000210929,3.0e-8,0.000728144,12,0,1.221514180860959e-17,1.083840083852329,1,2.220446049250313e-16,4.123735225621777e-19,6.845867724658119e-19,1,diag_5120,0.2065784013396638,Inf,Inf,256
mopa03_26,3,Float64,false,taylor,complexschur,0.000126195,9.426299999999999e-5,0.0002638039999999999,0.00026319,4.0e-8,0.000878615,12,0,1.221514180860959e-17,1.083840083852329,1,2.220446049250313e-16,4.123735225621777e-19,6.845867724658119e-19,1,diag_5120,0.2065784013396638,Inf,Inf,851
mopa03_26,3,Float64,false,taylor,realschur,7.9744e-5,8.339299999999999e-5,0.00020371099999999995,8.3223e-5,4.0e-8,0.000505741,12,0,0,1.083840083852329,1,2.220446049250313e-16,4.088980785693962e-16,7.53742297059784e-16,1,diag_5120,0.2065784013396638,Inf,Inf,53
mopa03_26,3,Float64,false,taylor,realschur,8.9974e-5,7.961500000000002e-5,0.00020790500000000004,0.000128838,4.0e-8,0.000572861,12,0,1.221514180860959e-17,1.083840083852329,1,2.220446049250313e-16,4.123735225621777e-19,6.845867724658119e-19,1,diag_5120,0.2065784013396638,Inf,Inf,256
mopa03_26,3,Float64,false,taylor,realschur,0.00012885,8.1138e-5,0.000262933,0.000139309,4.0e-8,0.000685089,12,0,1.221514180860959e-17,1.083840083852329,1,2.220446049250313e-16,4.123735225621777e-19,6.845867724658119e-19,1,diag_5120,0.2065784013396638,Inf,Inf,851
kase99_table1,10,Float64,false,scaling_and_squaring,NaN,NaN,NaN,NaN,NaN,NaN,2.5439e-5,NaN,NaN,NaN,NaN,NaN,2.220446049250313e-16,5.531727639932654e-17,8.921394191911552e-17,1,diag_5120,1.189873915481938e-06,Inf,Inf,53
kase99_table1,10,Float64,false,diagonalcheap,transfree,0.0,0.00012949100000000002,0.00107682,0.0015024370000000001,7.0e-8,0.002973301,7,0,0,1,1.0000004393874238,2.220446049250313e-16,2.427901545687191e-17,4.422385935732283e-17,1,diag_5120,1.189873915481938e-06,Inf,Inf,53
kase99_table1,10,Float64,false,diagonalcheap,transfree,0.0,7.01e-7,0.000457047,0.000826574,5.0e-8,0.001500472,3,0,8.962320119603481e-45,1,1.0000004393874,2.220446049250313e-16,8.032599254369868e-46,3.555573848814955e-45,1,diag_5120,1.189873915481938e-06,Inf,Inf,256
kase99_table1,10,Float64,false,diagonalcheap,transfree,0.0,7.01e-7,0.000485531,0.000991816,5.0e-8,0.001717062,3,0,8.962320119603481e-45,1,1.0000004393874,2.220446049250313e-16,8.032599254369868e-46,3.555573848814955e-45,1,diag_5120,1.189873915481938e-06,Inf,Inf,851
kase99_table1,10,Float64,false,diagonalcheap,complexschur,0.003049478,1.002e-6,0.000667655,0.003413485,4.0e-8,0.009725394,3,0,2.220448812613889e-16,1.000001833399011,1.0000022935100625,2.220446049250313e-16,7.834301978740652e-16,2.653490416053702e-15,1,diag_5120,1.189873915481938e-06,Inf,Inf,53
kase99_table1,10,Float64,false,diagonalcheap,complexschur,0.004734107,1.553e-6,0.000796045,0.003524028,8.1e-8,0.011775241,3,0,1.815397470626382e-45,1.000001833396426,1.0000022935100625,2.220446049250313e-16,5.659365970987939e-46,1.778412270770086e-45,1,diag_5120,1.189873915481938e-06,Inf,Inf,256
kase99_table1,10,Float64,false,diagonalcheap,complexschur,0.009529113,2.685e-6,0.0009220289999999999,0.004689089,5.0e-8,0.018647409,3,0,1.815397470626382e-45,1.000001242709154,1.0000022935100625,2.220446049250313e-16,5.683660657169274e-46,1.778381466279074e-45,1,diag_5120,1.189873915481938e-06,Inf,Inf,851
kase99_table1,10,Float64,false,diagonalcheap,realschur,0.003131097,8.91e-7,0.000593813,0.000927888,4.0e-8,0.005346626,3,0,2.220448812613889e-16,1.000001833399011,1.0000022935100625,2.220446049250313e-16,7.834301978740652e-16,2.653490416053702e-15,1,diag_5120,1.189873915481938e-06,Inf,Inf,53
kase99_table1,10,Float64,false,diagonalcheap,realschur,0.004749477,1.273e-6,0.0006635979999999999,0.001070117,4.0e-8,0.00731709,3,0,1.815397470626382e-45,1.000001833396426,1.0000022935100625,2.220446049250313e-16,5.659365970987939e-46,1.778412270770086e-45,1,diag_5120,1.189873915481938e-06,Inf,Inf,256
kase99_table1,10,Float64,false,diagonalcheap,realschur,0.009448837,1.032e-6,0.000690909,0.023881989,5.0e-8,0.035295527,3,0,1.815397470626382e-45,1.000001242709154,1.0000022935100625,2.220446049250313e-16,5.683660657169274e-46,1.778381466279074e-45,1,diag_5120,1.189873915481938e-06,Inf,Inf,851
kase99_table1,10,Float64,false,taylor,transfree,0.0,9.71e-7,0.000465012,0.000527455,5.0e-8,0.001232983,4,0,0,1,1,2.220446049250313e-16,2.427901545663099e-17,4.422371510414173e-17,1,diag_5120,1.189873915481938e-06,Inf,Inf,53
kase99_table1,10,Float64,false,taylor,transfree,0.0,6.71e-7,0.00040491599999999996,0.000533495,4.0e-8,0.001166113,4,0,1.918363952189899e-30,1,1,2.220446049250313e-16,1.566977468723612e-31,6.78347768858199e-31,1,diag_5120,1.189873915481938e-06,Inf,Inf,256
kase99_table1,10,Float64,false,taylor,transfree,0.0,5.21e-7,0.00043657700000000006,0.000594704,5.0e-8,0.001273772,4,0,1.918363952189899e-30,1,1,2.220446049250313e-16,1.566977468723612e-31,6.78347768858199e-31,1,diag_5120,1.189873915481938e-06,Inf,Inf,851
kase99_table1,10,Float64,false,taylor,complexschur,0.003135825,1.002e-6,0.0004985369999999999,0.001467658,5.0e-8,0.006767042,4,0,0,1.000002489015681,1,2.220446049250313e-16,7.834301978740652e-16,2.653490416053702e-15,1,diag_5120,1.189873915481938e-06,Inf,Inf,53
kase99_table1,10,Float64,false,taylor,complexschur,0.005012428,1.543e-6,0.000752793,0.0027838529999999998,7.0e-8,0.011776664,4,0,3.387242775019829e-31,1.000002489015681,1,2.220446049250313e-16,1.096193601116674e-31,3.392637293949736e-31,1,diag_5120,1.189873915481938e-06,Inf,Inf,256
kase99_table1,10,Float64,false,taylor,complexschur,0.01163524,1.403e-6,0.0006487700000000001,0.002073031,4.0e-8,0.016869588,4,0,4.132567013080837e-31,1.000002489015681,1,2.220446049250313e-16,1.109613517167458e-31,3.392543922801809e-31,1,diag_5120,1.189873915481938e-06,Inf,Inf,851
kase99_table1,10,Float64,false,taylor,realschur,0.001997467,1.082e-6,0.000471295,0.000542603,5.0e-8,0.003602321,4,0,0,1.000002489015681,1,2.220446049250313e-16,7.834301978740652e-16,2.653490416053702e-15,1,diag_5120,1.189873915481938e-06,Inf,Inf,53
kase99_table1,10,Float64,false,taylor,realschur,0.005733297,1.132e-6,0.0005659090000000001,0.00084029,4.0e-8,0.008095571,4,0,3.387242775019829e-31,1.000002489015681,1,2.220446049250313e-16,1.096193601116674e-31,3.392637293949736e-31,1,diag_5120,1.189873915481938e-06,Inf,Inf,256
kase99_table1,10,Float64,false,taylor,realschur,0.007965999,1.042e-6,0.00046644400000000005,0.0007036060000000001,3.0e-8,0.009987823,4,0,4.132567013080837e-31,1.000002489015681,1,2.220446049250313e-16,1.109613517167458e-31,3.392543922801809e-31,1,diag_5120,1.189873915481938e-06,Inf,Inf,851
niesen_example,2,ComplexF64,false,scaling_and_squaring,NaN,NaN,NaN,NaN,NaN,NaN,2.4337e-5,NaN,NaN,NaN,NaN,NaN,2.220446049250313e-16,2.371408617636014e-13,1.186891858157482e-10,500.5001768079688,diag_5120,499647572.3617147,6.016815107717086e21,8.79610621946402e18,53
niesen_example,2,ComplexF64,false,diagonalcheap,transfree,0.0,7.058000000000001e-6,0.0026072549999999997,0.006413809,0.00015965,0.009319737,5,16,0,16.2587967011846,74.4664499837492,2.220446049250313e-16,5.391259335113348e-12,2.698326588366023e-09,500.5001768079688,diag_5120,499647572.3617147,6.016815107717086e21,8.79610621946402e18,53
niesen_example,2,ComplexF64,false,diagonalcheap,transfree,0.0,5.7730000000000005e-6,0.002096097,0.000353113,0.000378355,0.002965586,5,16,9.668900458589293e-19,16.2587967011846,74.4664499837492,2.220446049250313e-16,6.802122281268715e-26,3.404463404444416e-23,500.5001768079688,diag_5120,499647572.3617147,6.016815107717086e21,8.79610621946402e18,256
niesen_example,2,ComplexF64,false,diagonalcheap,transfree,0.0,6.3320000000000005e-6,0.0027428039999999997,0.00039504599999999997,0.000588923,0.003860253,5,16,9.668900458589293e-19,16.2587967011846,74.4664499837492,2.220446049250313e-16,6.802122281268715e-26,3.404463404444416e-23,500.5001768079688,diag_5120,499647572.3617147,6.016815107717086e21,8.79610621946402e18,851
niesen_example,2,ComplexF64,false,diagonalcheap,complexschur,0.000207202,5.752999999999999e-6,0.0022121209999999996,0.000335701,0.000787438,0.003703808,5,16,0,16.24804221278393,74.4665403497224,2.220446049250313e-16,8.807233831428449e-11,4.408024021513051e-08,500.5001768079688,diag_5120,499647572.3617147,6.016815107717086e21,8.79610621946402e18,53
niesen_example,2,ComplexF64,false,diagonalcheap,complexschur,0.000241148,4.170000000000001e-6,0.0015554999999999998,0.000239434,0.000747641,0.002937421,5,16,9.698531335588608e-19,16.24804221278394,74.46654034972244,2.220446049250313e-16,6.447048453579759e-72,3.226751418973439e-69,500.5001768079688,diag_5120,499647572.3617147,6.016815107717086e21,8.79610621946402e18,256
niesen_example,2,ComplexF64,false,diagonalcheap,complexschur,0.000251067,5.8729999999999995e-6,0.002055299,0.000508757,0.002664822,0.005730162,5,16,9.698531335588608e-19,16.24804221278394,74.46654034972242,2.220446049250313e-16,7.264578423760535e-251,3.635926025018077e-248,500.5001768079688,diag_5120,499647572.3617147,6.016815107717086e21,8.79610621946402e18,851
niesen_example,2,ComplexF64,false,taylor,transfree,0.0,0.000516521,0.0022228129999999997,0.000492275,0.00015436,0.003542966,56,8,9.094947017729282e-13,8074.516196840977,1,2.220446049250313e-16,3.883351444629627e-14,1.943635893715097e-11,500.5001768079688,diag_5120,499647572.3617147,6.016815107717086e21,8.79610621946402e18,53
niesen_example,2,ComplexF64,false,taylor,transfree,0.0,0.00036084099999999993,0.0017958250000000002,0.000399705,0.000106978,0.002799403,49,8,4.293846247777266e-14,10600.45504450968,1,2.220446049250313e-16,2.173019144833801e-34,1.087596466196418e-31,500.5001768079688,diag_5120,499647572.3617147,6.016815107717086e21,8.79610621946402e18,256
niesen_example,2,ComplexF64,false,taylor,transfree,0.0,0.00025140000000000004,0.001560866,0.00037304399999999995,0.000160632,0.002475575,49,8,4.293846247777266e-14,8074.516196840977,1,2.220446049250313e-16,2.173019144833801e-34,1.087596466196418e-31,500.5001768079688,diag_5120,499647572.3617147,6.016815107717086e21,8.79610621946402e18,851
niesen_example,2,ComplexF64,false,taylor,complexschur,0.000277098,0.000446325,0.0018239180000000001,0.000500241,0.000441257,0.003692166,56,8,9.094947017729282e-13,8066.445161672195,1,2.220446049250313e-16,8.807233831428449e-11,4.408024021513051e-08,500.5001768079688,diag_5120,499647572.3617147,6.016815107717086e21,8.79610621946402e18,53
niesen_example,2,ComplexF64,false,taylor,complexschur,0.000268,0.00036897800000000006,0.0019899009999999996,0.000567071,0.000678066,0.004083726,49,8,4.324722177546422e-14,8066.445161673031,1,2.220446049250313e-16,6.447048453579759e-72,3.226751418973439e-69,500.5001768079688,diag_5120,499647572.3617147,6.016815107717086e21,8.79610621946402e18,256
niesen_example,2,ComplexF64,false,taylor,complexschur,0.000326814,0.00036029799999999994,0.0022758890000000006,0.000515458,0.001027013,0.004692868,49,8,4.324722177546422e-14,8066.445161673031,1,2.220446049250313e-16,7.264578423760535e-251,3.635926025018077e-248,500.5001768079688,diag_5120,499647572.3617147,6.016815107717086e21,8.79610621946402e18,851
awad_25,2,Float64,false,scaling_and_squaring,NaN,NaN,NaN,NaN,NaN,NaN,2.1502e-5,NaN,NaN,NaN,NaN,NaN,2.220446049250313e-16,0.99326205320146,2.69996619011545e+17,2.718281828459045e+17,exp_mp_5120,1.666666666666666e+33,1.0e34,1.0e34,53
awad_25,2,Float64,false,diagonalcheap,transfree,0.0,1.2271e-5,0.003011404999999997,0.00011023099999999998,0.000374156,0.003601179,3,53,0,12.10223024625157,42.91710935644734,2.220446049250313e-16,4.243867808833815e-17,11.53602874713527,2.718281828459045e+17,exp_mp_5120,1.666666666666666e+33,1.0e34,1.0e34,53
awad_25,2,Float64,false,diagonalcheap,transfree,0.0,1.0974e-5,0.0030903819999999974,0.00011530200000000002,0.000629582,0.003928615,3,53,7.920714819799958e-76,12.10223024625157,42.91710935644734,2.220446049250313e-16,3.243699873920911e-78,8.817290424254108e-61,2.718281828459045e+17,exp_mp_5120,1.666666666666666e+33,1.0e34,1.0e34,256
awad_25,2,Float64,false,diagonalcheap,transfree,0.0,1.8747e-5,0.005361878000000003,0.00020483599999999996,0.002659772,0.008356138,3,53,8.140965275332041e-76,12.10223024625157,42.91710935644734,2.220446049250313e-16,6.0685360360665e-258,1.649599123218845e-240,2.718281828459045e+17,exp_mp_5120,1.666666666666666e+33,1.0e34,1.0e34,851
awad_25,2,Float64,false,diagonalcheap,complexschur,0.0,1.9059e-5,0.005005433000000003,0.00011191399999999999,0.000383825,0.005637352,3,53,0,12.10223024625157,42.91710935644734,2.220446049250313e-16,4.243867808833815e-17,11.53602874713527,2.718281828459045e+17,exp_mp_5120,1.666666666666666e+33,1.0e34,1.0e34,53
awad_25,2,Float64,false,diagonalcheap,complexschur,0.0,1.4883999999999995e-5,0.003517943999999997,0.000147748,0.000640353,0.004461449,3,53,7.920714819799958e-76,12.10223024625157,42.91710935644734,2.220446049250313e-16,3.243699873920911e-78,8.817290424254108e-61,2.718281828459045e+17,exp_mp_5120,1.666666666666666e+33,1.0e34,1.0e34,256
awad_25,2,Float64,false,diagonalcheap,complexschur,0.0,1.3155999999999997e-5,0.003717488999999996,0.00013949599999999997,0.001628822,0.00561603,3,53,8.140965275332041e-76,12.10223024625157,42.91710935644734,2.220446049250313e-16,6.0685360360665e-258,1.649599123218845e-240,2.718281828459045e+17,exp_mp_5120,1.666666666666666e+33,1.0e34,1.0e34,851
awad_25,2,Float64,false,diagonalcheap,realschur,0.0,1.1968000000000001e-5,0.0031742919999999983,0.00011870199999999999,0.000377082,0.003794645,3,53,0,12.10223024625157,42.91710935644734,2.220446049250313e-16,4.243867808833815e-17,11.53602874713527,2.718281828459045e+17,exp_mp_5120,1.666666666666666e+33,1.0e34,1.0e34,53
awad_25,2,Float64,false,diagonalcheap,realschur,0.0,1.2584999999999997e-5,0.0031796669999999963,0.00011564599999999998,0.000633619,0.004037977,3,53,7.920714819799958e-76,12.10223024625157,42.91710935644734,2.220446049250313e-16,3.243699873920911e-78,8.817290424254108e-61,2.718281828459045e+17,exp_mp_5120,1.666666666666666e+33,1.0e34,1.0e34,256
awad_25,2,Float64,false,diagonalcheap,realschur,0.0,1.9197e-5,0.0056720530000000016,0.000200487,0.002588705,0.008630712,3,53,8.140965275332041e-76,12.10223024625157,42.91710935644734,2.220446049250313e-16,6.0685360360665e-258,1.649599123218845e-240,2.718281828459045e+17,exp_mp_5120,1.666666666666666e+33,1.0e34,1.0e34,851
awad_25,2,Float64,false,taylor,transfree,0.0,0.00017891699999999998,0.0013786500000000001,0.00017405399999999998,7.5336e-5,0.001846814,42,5,1.749140210449696e-08,3224198148434696,1,2.220446049250313e-16,4.243867808833815e-17,11.53602874713527,2.718281828459045e+17,exp_mp_5120,1.666666666666666e+33,1.0e34,1.0e34,53
awad_25,2,Float64,false,taylor,transfree,0.0,0.00023527800000000006,0.0015765299999999996,0.000169308,0.000132197,0.00214345,42,6,1.70291306722093e-21,1587105794666697,1,2.220446049250313e-16,3.243699873920911e-78,8.817290424254108e-61,2.718281828459045e+17,exp_mp_5120,1.666666666666666e+33,1.0e34,1.0e34,256
awad_25,2,Float64,false,taylor,transfree,0.0,0.000231097,0.0013109159999999999,0.000159569,0.000172765,0.0018906,42,5,1.746222743772883e-08,3224198148434697,1,2.220446049250313e-16,6.0685360360665e-258,1.649599123218845e-240,2.718281828459045e+17,exp_mp_5120,1.666666666666666e+33,1.0e34,1.0e34,851
awad_25,2,Float64,false,taylor,complexschur,0.0,0.00010433399999999998,0.0007331750000000002,0.000106728,3.8384e-5,0.001027535,42,5,1.749140210449696e-08,3224198148434696,1,2.220446049250313e-16,4.243867808833815e-17,11.53602874713527,2.718281828459045e+17,exp_mp_5120,1.666666666666666e+33,1.0e34,1.0e34,53
awad_25,2,Float64,false,taylor,complexschur,0.0,0.00014740699999999998,0.0009676580000000001,0.00011530500000000001,8.6318e-5,0.001357875,42,6,1.70291306722093e-21,1587105794666697,1,2.220446049250313e-16,3.243699873920911e-78,8.817290424254108e-61,2.718281828459045e+17,exp_mp_5120,1.666666666666666e+33,1.0e34,1.0e34,256
awad_25,2,Float64,false,taylor,complexschur,0.0,0.00020364300000000002,0.0011703209999999998,0.00016938099999999997,0.000208885,0.00179801,42,5,1.746222743772883e-08,3224198148434697,1,2.220446049250313e-16,6.0685360360665e-258,1.649599123218845e-240,2.718281828459045e+17,exp_mp_5120,1.666666666666666e+33,1.0e34,1.0e34,851
awad_25,2,Float64,false,taylor,realschur,0.0,0.00016746399999999998,0.0016846100000000015,0.021766963999999996,6.7411e-5,0.023766989,42,5,1.749140210449696e-08,3224198148434696,1,2.220446049250313e-16,4.243867808833815e-17,11.53602874713527,2.718281828459045e+17,exp_mp_5120,1.666666666666666e+33,1.0e34,1.0e34,53
awad_25,2,Float64,false,taylor,realschur,0.0,0.000162595,0.0010510890000000003,0.00013716900000000003,0.000101798,0.001483669,42,6,1.70291306722093e-21,1587105794666697,1,2.220446049250313e-16,3.243699873920911e-78,8.817290424254108e-61,2.718281828459045e+17,exp_mp_5120,1.666666666666666e+33,1.0e34,1.0e34,256
awad_25,2,Float64,false,taylor,realschur,0.0,0.00023232799999999996,0.0012990809999999999,0.000161695,0.000177174,0.00188057,42,5,1.746222743772883e-08,3224198148434697,1,2.220446049250313e-16,6.0685360360665e-258,1.649599123218845e-240,2.718281828459045e+17,exp_mp_5120,1.666666666666666e+33,1.0e34,1.0e34,851
awad_26,4,Float64,false,scaling_and_squaring,NaN,NaN,NaN,NaN,NaN,NaN,2.0891e-5,NaN,NaN,NaN,NaN,NaN,2.220446049250313e-16,1.27105119134225e-10,1033.060938313738,8096721548964.715,exp_mp_5120,6.325249279659764e+21,4.004000200562144e23,1.803358506785291e24,53
awad_26,4,Float64,false,diagonalcheap,transfree,0.0,1.0633000000000001e-5,0.003454581999999998,0.00017622500000000001,0.000332416,0.004088546,3,31,0,10.31322837975475,31.997277962843064,2.220446049250313e-16,1.988700157514439e-06,16190657.56458383,8096721548964.715,exp_mp_5120,6.325249279659764e+21,4.004000200562144e23,1.803358506785291e24,53
awad_26,4,Float64,false,diagonalcheap,transfree,0.0,9.287000000000004e-6,0.002726283999999998,0.00020112700000000003,0.00039677,0.003444495,3,31,2.899607296675076e-39,10.31322837975475,31.997277962843064,2.220446049250313e-16,7.592554636440144e-68,6.140523634043046e-55,8096721548964.715,exp_mp_5120,6.325249279659764e+21,4.004000200562144e23,1.803358506785291e24,256
awad_26,4,Float64,false,diagonalcheap,transfree,0.0,1.2301e-5,0.004132800999999999,0.00030592300000000005,0.001024829,0.005647401,3,31,2.899607296675076e-39,10.31322837975475,31.997277962843064,2.220446049250313e-16,3.891923410490481e-247,3.17069536745335e-234,8096721548964.715,exp_mp_5120,6.325249279659764e+21,4.004000200562144e23,1.803358506785291e24,851
awad_26,4,Float64,false,diagonalcheap,complexschur,0.000214556,1.2264000000000002e-5,0.004446335000000002,0.000551611,0.002946037,0.008555625,3,31,1.25602037080823e-15,10.31322574788339,31.997269208277007,2.220446049250313e-16,1.910742660763363e-14,0.1556648687842503,8096721548964.715,exp_mp_5120,6.325249279659764e+21,4.004000200562144e23,1.803358506785291e24,53
awad_26,4,Float64,false,diagonalcheap,complexschur,0.000177895,7.784e-6,0.0026902979999999985,0.0005950759999999999,0.00522454,0.009137014,3,31,2.892852348453665e-39,10.31322574568912,31.997269195864874,2.220446049250313e-16,6.990718379124826e-61,5.644527092733333e-48,8096721548964.715,exp_mp_5120,6.325249279659764e+21,4.004000200562144e23,1.803358506785291e24,256
awad_26,4,Float64,false,diagonalcheap,complexschur,0.000191212,1.3715999999999999e-5,0.005217796000000003,0.000719056,0.004530253,0.011076678,3,31,2.892852348453665e-39,10.31322574568912,31.997269195864874,2.220446049250313e-16,6.990718379118681e-61,5.644527092728347e-48,8096721548964.715,exp_mp_5120,6.325249279659764e+21,4.004000200562144e23,1.803358506785291e24,851
awad_26,4,Float64,false,diagonalcheap,realschur,9.9112e-5,1.2546000000000002e-5,0.0037707379999999983,0.000294871,0.001351012,0.005741354,3,31,1.25602037080823e-15,10.31322574788339,31.997269208277007,2.220446049250313e-16,1.922838429132846e-14,0.1566414312842503,8096721548964.715,exp_mp_5120,6.325249279659764e+21,4.004000200562144e23,1.803358506785291e24,53
awad_26,4,Float64,false,diagonalcheap,realschur,0.000134662,1.3233e-5,0.004139682000000001,0.000325022,0.002000303,0.006823183,3,31,2.892852348453665e-39,10.31322574568912,31.997269195864874,2.220446049250313e-16,6.990718379124826e-61,5.644527092733333e-48,8096721548964.715,exp_mp_5120,6.325249279659764e+21,4.004000200562144e23,1.803358506785291e24,256
awad_26,4,Float64,false,diagonalcheap,realschur,0.00016997,1.7458999999999997e-5,0.003397784999999998,0.00025431100000000007,0.002654873,0.006697228,3,31,2.892852348453665e-39,10.31322574568912,31.997269195864874,2.220446049250313e-16,6.990718379118681e-61,5.644527092728347e-48,8096721548964.715,exp_mp_5120,6.325249279659764e+21,4.004000200562144e23,1.803358506785291e24,851
awad_26,4,Float64,false,taylor,transfree,0.0,0.0005459890000000001,0.0020644070000000007,0.000562262,8.3772e-5,0.003258254,42,4,5.684341886080801e-14,39524630284.19243,1,2.220446049250313e-16,6.544222435586425e-11,531.1309562381416,8096721548964.715,exp_mp_5120,6.325249279659764e+21,4.004000200562144e23,1.803358506785291e24,53
awad_26,4,Float64,false,taylor,transfree,0.0,0.00047967400000000003,0.002257713,0.000629331,9.3732e-5,0.00349305,42,4,1.383839240593236e-20,39524630284.19242,1,2.220446049250313e-16,8.321712957715927e-62,6.74947195888062e-49,8096721548964.715,exp_mp_5120,6.325249279659764e+21,4.004000200562144e23,1.803358506785291e24,256
awad_26,4,Float64,false,taylor,transfree,0.0,0.000511791,0.0027661050000000005,0.000742564,8.2861e-5,0.004176035,42,4,1.383839240593236e-20,39524630284.19242,1,2.220446049250313e-16,8.321712956498969e-62,6.749471957907377e-49,8096721548964.715,exp_mp_5120,6.325249279659764e+21,4.004000200562144e23,1.803358506785291e24,851
awad_26,4,Float64,false,taylor,complexschur,0.000132277,0.0005340069999999999,0.0018491470000000002,0.0011222699999999999,0.000311986,0.004110919,42,4,5.684341886080801e-14,38273816332.16621,1,2.220446049250313e-16,1.959125771564992e-14,0.1595711187842503,8096721548964.715,exp_mp_5120,6.325249279659764e+21,4.004000200562144e23,1.803358506785291e24,53
awad_26,4,Float64,false,taylor,complexschur,0.000177805,0.000606598,0.0031734140000000007,0.0019342889999999998,0.000768882,0.00705893,42,4,1.380999107947595e-20,38273816323.14858,1,2.220446049250313e-16,8.321712956437524e-62,6.749471957858022e-49,8096721548964.715,exp_mp_5120,6.325249279659764e+21,4.004000200562144e23,1.803358506785291e24,256
awad_26,4,Float64,false,taylor,complexschur,0.00018588,0.0007100159999999998,0.004236354,0.001826394,0.000900658,0.00812497,42,4,1.380999107947595e-20,38273816323.14858,1,2.220446049250313e-16,8.321712956498969e-62,6.749471957907377e-49,8096721548964.715,exp_mp_5120,6.325249279659764e+21,4.004000200562144e23,1.803358506785291e24,851
awad_26,4,Float64,false,taylor,realschur,0.000146053,0.000420515,0.0013965100000000001,0.00038518900000000003,0.000118811,0.002498139,42,4,5.684341886080801e-14,38273816332.16621,1,2.220446049250313e-16,1.995413167607073e-14,0.1625008062842503,8096721548964.715,exp_mp_5120,6.325249279659764e+21,4.004000200562144e23,1.803358506785291e24,53
awad_26,4,Float64,false,taylor,realschur,0.000167725,0.000468981,0.0021204740000000007,0.000713325,0.000310273,0.00387457,42,4,1.380999107947595e-20,38273816323.14858,1,2.220446049250313e-16,8.321712956437524e-62,6.749471957858022e-49,8096721548964.715,exp_mp_5120,6.325249279659764e+21,4.004000200562144e23,1.803358506785291e24,256
awad_26,4,Float64,false,taylor,realschur,0.000160842,0.00045212,0.00258624,0.000900828,0.000531602,0.004768856,42,4,1.380999107947595e-20,38273816323.14858,1,2.220446049250313e-16,8.321712956498969e-62,6.749471957907377e-49,8096721548964.715,exp_mp_5120,6.325249279659764e+21,4.004000200562144e23,1.803358506785291e24,851
awad_27,2,Float64,false,scaling_and_squaring,NaN,NaN,NaN,NaN,NaN,NaN,1.575e-5,NaN,NaN,NaN,NaN,NaN,2.220446049250313e-16,1.228208791841004e-07,0.00333926329475503,27185.53656641891,exp_mp_5120,16666668.33535996,1.0002000125252622e8,1.0000000188343377e8,53
awad_27,2,Float64,false,diagonalcheap,transfree,0.0,2.494e-6,0.0008099520000000001,9.9415e-5,2.1261e-5,0.000991224,3,10,1.306990710951139e-15,10.77614344078556,34.61309342463025,2.220446049250313e-16,5.599288197273524e-08,0.001522927303802818,27185.53656641891,exp_mp_5120,16666668.33535996,1.0002000125252622e8,1.0000000188343377e8,53
awad_27,2,Float64,false,diagonalcheap,transfree,0.0,3.0170000000000005e-6,0.0009221890000000001,0.000100925,2.8135e-5,0.001118561,3,10,1.404484153754467e-15,10.77614344078556,34.61309342463025,2.220446049250313e-16,4.428184761707801e-69,1.203904309337169e-64,27185.53656641891,exp_mp_5120,16666668.33535996,1.0002000125252622e8,1.0000000188343377e8,256
awad_27,2,Float64,false,diagonalcheap,transfree,0.0,3.698e-6,0.0014803099999999994,0.000167193,9.264e-5,0.001833449,3,10,1.404484153754467e-15,10.77614344078556,34.61309342463025,2.220446049250313e-16,4.428925217504267e-249,1.213566669866029e-244,27185.53656641891,exp_mp_5120,16666668.33535996,1.0002000125252622e8,1.0000000188343377e8,851
awad_27,2,Float64,false,diagonalcheap,complexschur,9.79e-5,5.760000000000001e-6,0.0017268000000000001,0.000317344,0.0003815,0.002671124,7,10,0,10.77614344078554,34.609640746552984,2.220446049250313e-16,5.36172996349819e-10,1.457906110886016e-05,27185.53656641891,exp_mp_5120,16666668.33535996,1.0002000125252622e8,1.0000000188343377e8,53
awad_27,2,Float64,false,diagonalcheap,complexschur,7.6138e-5,4.798e-6,0.18767714799999993,0.000165089,0.000255206,0.188273598,3,10,1.404484153754466e-15,10.77614344078555,34.61309342463022,2.220446049250313e-16,6.883823568733972e-23,1.87124066035622e-18,27185.53656641891,exp_mp_5120,16666668.33535996,1.0002000125252622e8,1.0000000188343377e8,256
awad_27,2,Float64,false,diagonalcheap,complexschur,0.000128229,2.352e-6,0.001024118,0.00023356400000000002,0.000993529,0.002577913,3,10,1.404484153754466e-15,10.77614344078555,34.61309342463022,2.220446049250313e-16,6.883823568733972e-23,1.87124066035622e-18,27185.53656641891,exp_mp_5120,16666668.33535996,1.0002000125252622e8,1.0000000188343377e8,851
awad_27,2,Float64,false,diagonalcheap,realschur,4.1921e-5,2.847e-6,0.0009696920000000002,0.000150674,0.00010827,0.001343428,3,10,1.306990710951137e-15,10.77614344078554,34.61309342463021,2.220446049250313e-16,5.361730298082694e-10,1.457906110886016e-05,27185.53656641891,exp_mp_5120,16666668.33535996,1.0002000125252622e8,1.0000000188343377e8,53
awad_27,2,Float64,false,diagonalcheap,realschur,4.8033e-5,2.6349999999999998e-6,0.0007433440000000001,8.832000000000001e-5,0.000160672,0.001096147,3,10,1.404484153754466e-15,10.77614344078555,34.61309342463022,2.220446049250313e-16,6.883823568733972e-23,1.87124066035622e-18,27185.53656641891,exp_mp_5120,16666668.33535996,1.0002000125252622e8,1.0000000188343377e8,256
awad_27,2,Float64,false,diagonalcheap,realschur,5.4967e-5,2.374e-6,0.0009015290000000002,0.00014883099999999999,0.000558484,0.001728565,3,10,1.404484153754466e-15,10.77614344078555,34.61309342463022,2.220446049250313e-16,6.883823568733972e-23,1.87124066035622e-18,27185.53656641891,exp_mp_5120,16666668.33535996,1.0002000125252622e8,1.0000000188343377e8,851
awad_27,2,Float64,false,taylor,transfree,0.0,0.000173407,0.000453751,7.488400000000001e-5,2.254e-6,0.000759654,30,1,3.552713678800501e-15,8230.815104166668,1,2.220446049250313e-16,1.574895816420539e-13,3.493177020021565e-09,27185.53656641891,exp_mp_5120,16666668.33535996,1.0002000125252622e8,1.0000000188343377e8,53
awad_27,2,Float64,false,taylor,transfree,0.0,0.00014609500000000003,0.00043332299999999994,7.453400000000002e-5,3.066e-6,0.000711631,30,1,3.053008598402866e-19,8230.815104166667,1,2.220446049250313e-16,6.883823568733972e-23,1.87124066035622e-18,27185.53656641891,exp_mp_5120,16666668.33535996,1.0002000125252622e8,1.0000000188343377e8,256
awad_27,2,Float64,false,taylor,transfree,0.0,0.00014036299999999996,0.00051296,8.6897e-5,5.551e-6,0.000808459,30,1,3.053008598402866e-19,8230.815104166667,1,2.220446049250313e-16,6.883823568733972e-23,1.87124066035622e-18,27185.53656641891,exp_mp_5120,16666668.33535996,1.0002000125252622e8,1.0000000188343377e8,851
awad_27,2,Float64,false,taylor,complexschur,9.0024e-5,0.000169629,0.0004783199999999999,0.00017510899999999998,2.3826e-5,0.001027855,30,1,0,8230.815103160479,1,2.220446049250313e-16,5.36172996349819e-10,1.457906110886016e-05,27185.53656641891,exp_mp_5120,16666668.33535996,1.0002000125252622e8,1.0000000188343377e8,53
awad_27,2,Float64,false,taylor,complexschur,7.5296e-5,0.00026137700000000003,0.000601076,0.00029648500000000003,4.7653e-5,0.0014065,30,1,3.053008598402866e-19,8230.815104166667,1,2.220446049250313e-16,6.883823568733972e-23,1.87124066035622e-18,27185.53656641891,exp_mp_5120,16666668.33535996,1.0002000125252622e8,1.0000000188343377e8,256
awad_27,2,Float64,false,taylor,complexschur,0.000131585,0.00037501799999999997,0.0010585220000000003,0.000538334,0.000183015,0.002587572,30,1,3.053008598402866e-19,8230.815104166667,1,2.220446049250313e-16,6.883823568733972e-23,1.87124066035622e-18,27185.53656641891,exp_mp_5120,16666668.33535996,1.0002000125252622e8,1.0000000188343377e8,851
awad_27,2,Float64,false,taylor,realschur,4.5428e-5,0.00023662000000000002,0.0006007880000000001,0.000136917,2.1542e-5,0.001125645,30,1,3.552713678800501e-15,8230.815103159819,1,2.220446049250313e-16,5.361730298082694e-10,1.457906110886016e-05,27185.53656641891,exp_mp_5120,16666668.33535996,1.0002000125252622e8,1.0000000188343377e8,53
awad_27,2,Float64,false,taylor,realschur,6.2612e-5,0.000140102,0.000601389,0.00014754600000000003,3.3075e-5,0.00107155,30,1,3.053008598402866e-19,8230.815104166667,1,2.220446049250313e-16,6.883823568733972e-23,1.87124066035622e-18,27185.53656641891,exp_mp_5120,16666668.33535996,1.0002000125252622e8,1.0000000188343377e8,256
awad_27,2,Float64,false,taylor,realschur,7.2621e-5,0.00023361600000000002,0.0008227369999999999,0.00026010599999999997,9.9673e-5,0.001598824,30,1,3.053008598402866e-19,8230.815104166667,1,2.220446049250313e-16,6.883823568733972e-23,1.87124066035622e-18,27185.53656641891,exp_mp_5120,16666668.33535996,1.0002000125252622e8,1.0000000188343377e8,851
awad_28,2,Float64,false,scaling_and_squaring,NaN,NaN,NaN,NaN,NaN,NaN,1.4909e-5,NaN,NaN,NaN,NaN,NaN,2.220446049250313e-16,1.623210735037257e-12,4.416667876511966e-09,2715.898536067871,diag_5120,1073277981.199697,1.000002999603998e6,1.0000009996029995e6,53
awad_28,2,Float64,false,diagonalcheap,transfree,0.0,5.388000000000001e-6,0.0015602200000000008,0.000149558,0.000249434,0.002046472,5,22,1.545517631967751e-15,12.92056671954599,48.447328249949656,2.220446049250313e-16,6.431736646921547e-14,1.786500370700782e-10,2715.898536067871,diag_5120,1073277981.199697,1.000002999603998e6,1.0000009996029995e6,53
awad_28,2,Float64,false,diagonalcheap,transfree,0.0,7.36e-6,0.002027568,0.00015770699999999996,0.000379988,0.002646616,5,22,5.074973628157181e-20,12.92056671954599,48.447328249949656,2.220446049250313e-16,7.923412701579533e-76,2.200265516630329e-72,2715.898536067871,diag_5120,1073277981.199697,1.000002999603998e6,1.0000009996029995e6,256
awad_28,2,Float64,false,diagonalcheap,transfree,0.0,6.5480000000000015e-6,0.002407801000000001,0.000269553,0.001292189,0.004075199,5,22,5.074973628157181e-20,12.92056671954599,48.447328249949656,2.220446049250313e-16,3.134526507953201e-254,8.706421988315415e-251,2715.898536067871,diag_5120,1073277981.199697,1.000002999603998e6,1.0000009996029995e6,851
awad_28,2,Float64,false,diagonalcheap,complexschur,0.000100104,7.74e-6,0.0026684699999999987,0.000273358,0.000897031,0.004092613,5,22,0,12.92063777294784,48.447492558728285,2.220446049250313e-16,3.797860730641371e-13,1.054699714315383e-09,2715.898536067871,diag_5120,1073277981.199697,1.000002999603998e6,1.0000009996029995e6,53
awad_28,2,Float64,false,diagonalcheap,complexschur,0.000104172,8.738e-6,0.0028044139999999994,0.00030980000000000005,0.00097908,0.004371555,5,22,5.093684900141603e-20,12.92063777294784,48.4474925587283,2.220446049250313e-16,2.524405394684472e-74,7.083170810777874e-71,2715.898536067871,diag_5120,1073277981.199697,1.000002999603998e6,1.0000009996029995e6,256
awad_28,2,Float64,false,diagonalcheap,complexschur,0.000125775,6.251e-6,0.002001829999999999,0.000258039,0.001500462,0.004079598,5,22,5.093684900141603e-20,12.92063777294784,48.4474925587283,2.220446049250313e-16,4.050225566595494e-253,1.119363787333329e-249,2715.898536067871,diag_5120,1073277981.199697,1.000002999603998e6,1.0000009996029995e6,851
awad_28,2,Float64,false,diagonalcheap,realschur,0.0,8.707e-6,0.0026663869999999992,0.000219054,0.000479801,0.003494021,5,22,1.545517631967751e-15,12.92056671954599,48.447328249949656,2.220446049250313e-16,6.431736646921547e-14,1.786500370700782e-10,2715.898536067871,diag_5120,1073277981.199697,1.000002999603998e6,1.0000009996029995e6,53
awad_28,2,Float64,false,diagonalcheap,realschur,0.0,8.917999999999997e-6,0.0026931149999999985,0.000205668,0.000529538,0.003545101,5,22,5.074973628157181e-20,12.92056671954599,48.447328249949656,2.220446049250313e-16,7.923412701579533e-76,2.200265516630329e-72,2715.898536067871,diag_5120,1073277981.199697,1.000002999603998e6,1.0000009996029995e6,256
awad_28,2,Float64,false,diagonalcheap,realschur,0.0,5.5e-6,0.0019327650000000006,0.000183674,0.000776517,0.002991606,5,22,5.074973628157181e-20,12.92056671954599,48.447328249949656,2.220446049250313e-16,3.134526507953201e-254,8.706421988315415e-251,2715.898536067871,diag_5120,1073277981.199697,1.000002999603998e6,1.0000009996029995e6,851
awad_28,2,Float64,false,taylor,transfree,0.0,0.000400548,0.0023446700000000005,0.00015612500000000001,0.000341473,0.003242954,30,15,7.105427357601002e-15,999.0688168954774,1,2.220446049250313e-16,6.431736646921547e-14,1.786500370700782e-10,2715.898536067871,diag_5120,1073277981.199697,1.000002999603998e6,1.0000009996029995e6,53
awad_28,2,Float64,false,taylor,transfree,0.0,0.00036622799999999996,0.0035321119999999996,0.000197729,0.000510381,0.004608104,30,15,1.315154107292277e-15,999.0688168954776,1,2.220446049250313e-16,7.923412701579533e-76,2.200265516630329e-72,2715.898536067871,diag_5120,1073277981.199697,1.000002999603998e6,1.0000009996029995e6,256
awad_28,2,Float64,false,taylor,transfree,0.0,0.00024833,0.0035097379999999997,0.00019580300000000004,0.000515501,0.0044572,30,15,1.315154107292277e-15,999.0688168954776,1,2.220446049250313e-16,3.134526507953201e-254,8.706421988315415e-251,2715.898536067871,diag_5120,1073277981.199697,1.000002999603998e6,1.0000009996029995e6,851
awad_28,2,Float64,false,taylor,complexschur,8.228e-5,0.00036722400000000003,0.002186926,0.00047801499999999993,0.000653428,0.003807059,30,15,7.105427357601002e-15,1000.023945852473,1,2.220446049250313e-16,3.797860730641371e-13,1.054699714315383e-09,2715.898536067871,diag_5120,1073277981.199697,1.000002999603998e6,1.0000009996029995e6,53
awad_28,2,Float64,false,taylor,complexschur,0.000122608,0.00046377800000000003,0.004249444999999998,0.00044249299999999997,0.000965194,0.006328633,30,15,1.321004820169016e-15,1000.023945852473,1,2.220446049250313e-16,2.524405394684472e-74,7.083170810777874e-71,2715.898536067871,diag_5120,1073277981.199697,1.000002999603998e6,1.0000009996029995e6,256
awad_28,2,Float64,false,taylor,complexschur,0.000132117,0.000311385,0.0043504319999999996,0.037116120999999995,0.001438001,0.043401958,30,15,1.321004820169016e-15,1000.023945852473,1,2.220446049250313e-16,4.050225566595494e-253,1.119363787333329e-249,2715.898536067871,diag_5120,1073277981.199697,1.000002999603998e6,1.0000009996029995e6,851
awad_28,2,Float64,false,taylor,realschur,0.0,0.000282536,0.001967024,0.000126179,0.000188816,0.00253994,30,15,7.105427357601002e-15,999.0688168954774,1,2.220446049250313e-16,6.431736646921547e-14,1.786500370700782e-10,2715.898536067871,diag_5120,1073277981.199697,1.000002999603998e6,1.0000009996029995e6,53
awad_28,2,Float64,false,taylor,realschur,0.0,0.00021923900000000003,0.0019400570000000005,0.000113137,0.000281697,0.002559157,30,15,1.315154107292277e-15,999.0688168954776,1,2.220446049250313e-16,7.923412701579533e-76,2.200265516630329e-72,2715.898536067871,diag_5120,1073277981.199697,1.000002999603998e6,1.0000009996029995e6,256
awad_28,2,Float64,false,taylor,realschur,0.0,0.000223226,0.00262941,0.000140203,0.000527795,0.00352916,30,15,1.315154107292277e-15,999.0688168954776,1,2.220446049250313e-16,3.134526507953201e-254,8.706421988315415e-251,2715.898536067871,diag_5120,1073277981.199697,1.000002999603998e6,1.0000009996029995e6,851
godunov_eigtool,7,Float64,false,scaling_and_squaring,NaN,NaN,NaN,NaN,NaN,NaN,2.4417e-5,NaN,NaN,NaN,NaN,NaN,2.220446049250313e-16,1.355437347709559e-13,7.379253560991615e-09,46099.5649627587,exp_mp_5120,2087.295512630797,5.87732208556782e16,2.3359313205878028e16,53
godunov_eigtool,7,Float64,false,diagonalcheap,transfree,0.0,0.000104914,0.001537642,0.000972638,0.00015464,0.002956348,17,3,0,24.18454713772511,28.632388183359485,2.220446049250313e-16,4.30203603169866e-14,2.44660610687126e-09,46099.5649627587,exp_mp_5120,2087.295512630797,5.87732208556782e16,2.3359313205878028e16,53
godunov_eigtool,7,Float64,false,diagonalcheap,transfree,0.0,5.2493e-5,0.0011695420000000002,0.000871501,0.000210138,0.002460104,13,3,7.432731038480899e-24,24.1845471377251,28.78068012329825,2.220446049250313e-16,5.362524137466346e-75,2.928696503493905e-70,46099.5649627587,exp_mp_5120,2087.295512630797,5.87732208556782e16,2.3359313205878028e16,256
godunov_eigtool,7,Float64,false,diagonalcheap,transfree,0.0,5.3132e-5,0.001189338,0.0012321349999999999,0.000367213,0.003039269,13,3,7.432731038480899e-24,24.1845471377251,28.78068012329825,2.220446049250313e-16,3.352826697118382e-254,1.850257678530329e-249,46099.5649627587,exp_mp_5120,2087.295512630797,5.87732208556782e16,2.3359313205878028e16,851
godunov_eigtool,7,Float64,false,diagonalcheap,complexschur,0.005385994,0.000255707,0.002719969,0.004726805,0.000837084,0.015011876,17,3,4.052511637213282e-15,29.76378011853117,38.54717436350795,2.220446049250313e-16,4.757082738824791e-15,2.563752738003454e-10,46099.5649627587,exp_mp_5120,2087.295512630797,5.87732208556782e16,2.3359313205878028e16,53
godunov_eigtool,7,Float64,false,diagonalcheap,complexschur,0.003846566,0.000155492,0.0026306649999999995,0.0041733529999999994,0.001837697,0.014488261,13,3,1.059127566195189e-23,29.74764178106251,45.40953182259042,2.220446049250313e-16,4.771527829978417e-75,2.529636426900101e-70,46099.5649627587,exp_mp_5120,2087.295512630797,5.87732208556782e16,2.3359313205878028e16,256
godunov_eigtool,7,Float64,false,diagonalcheap,complexschur,0.006953817,0.000112527,0.0017836339999999997,0.003357947,0.001522275,0.015236272,13,3,1.059127072430739e-23,29.74764255248792,45.408289838086276,2.220446049250313e-16,3.269014494212692e-91,1.55139895654488e-86,46099.5649627587,exp_mp_5120,2087.295512630797,5.87732208556782e16,2.3359313205878028e16,851
godunov_eigtool,7,Float64,false,diagonalcheap,realschur,0.003021184,0.000122257,0.0015368200000000004,0.0012725409999999999,0.00044331,0.006781422,17,3,0,29.76293709081867,38.5469682674529,2.220446049250313e-16,4.338311043957123e-15,2.369348245499491e-10,46099.5649627587,exp_mp_5120,2087.295512630797,5.87732208556782e16,2.3359313205878028e16,53
godunov_eigtool,7,Float64,false,diagonalcheap,realschur,0.006416514,9.1627e-5,0.002034292,0.0014179510000000002,0.000540619,0.011043745,13,3,1.059093077450948e-23,29.74632560756347,45.407134499428764,2.220446049250313e-16,4.766759046708962e-75,2.526894961553972e-70,46099.5649627587,exp_mp_5120,2087.295512630797,5.87732208556782e16,2.3359313205878028e16,256
godunov_eigtool,7,Float64,false,diagonalcheap,realschur,0.006294096,6.5609e-5,0.0014697240000000002,0.00184604,0.000976645,0.011347164,13,3,1.059093077450948e-23,29.74632560756347,45.407134499428764,2.220446049250313e-16,5.529993562381836e-91,2.313239379150112e-86,46099.5649627587,exp_mp_5120,2087.295512630797,5.87732208556782e16,2.3359313205878028e16,851
godunov_eigtool,7,Float64,false,taylor,transfree,0.0,0.000362656,0.00130564,0.0015681559999999998,0.000207333,0.003739117,30,2,3.552713678800501e-15,150.2258698381233,1,2.220446049250313e-16,1.59533956775972e-14,1.004809660464402e-09,46099.5649627587,exp_mp_5120,2087.295512630797,5.87732208556782e16,2.3359313205878028e16,53
godunov_eigtool,7,Float64,false,taylor,transfree,0.0,0.000389917,0.001428184,0.0019237819999999997,0.000276015,0.004340164,30,2,7.901284111853535e-19,150.2258698381234,1,2.220446049250313e-16,1.034947254189801e-75,6.16182049667937e-71,46099.5649627587,exp_mp_5120,2087.295512630797,5.87732208556782e16,2.3359313205878028e16,256
godunov_eigtool,7,Float64,false,taylor,transfree,0.0,0.00032243600000000006,0.0012854129999999985,0.020684859,0.000247099,0.022802477,30,2,7.901284111853535e-19,150.2258698381234,1,2.220446049250313e-16,2.520681256292322e-81,1.019571038830609e-76,46099.5649627587,exp_mp_5120,2087.295512630797,5.87732208556782e16,2.3359313205878028e16,851
godunov_eigtool,7,Float64,false,taylor,complexschur,0.004924869,0.000500753,0.001518466,0.004579239000000001,0.001021122,0.014093545,30,2,0,165.4659165198915,1,2.220446049250313e-16,4.619955530323513e-15,2.495540635370485e-10,46099.5649627587,exp_mp_5120,2087.295512630797,5.87732208556782e16,2.3359313205878028e16,53
godunov_eigtool,7,Float64,false,taylor,complexschur,0.006706177,0.00057284,0.0018950919999999997,0.005127611999999999,0.001264635,0.017489068,30,2,7.975709549829474e-19,164.7905628220021,1,2.220446049250313e-16,4.756675049164196e-75,2.522937523675285e-70,46099.5649627587,exp_mp_5120,2087.295512630797,5.87732208556782e16,2.3359313205878028e16,256
godunov_eigtool,7,Float64,false,taylor,complexschur,0.010740008,0.000630402,0.002042808,0.006289144,0.001867866,0.024294588,30,2,7.975709654011553e-19,164.790559186508,1,2.220446049250313e-16,2.52068123921333e-81,1.019571031105192e-76,46099.5649627587,exp_mp_5120,2087.295512630797,5.87732208556782e16,2.3359313205878028e16,851
godunov_eigtool,7,Float64,false,taylor,realschur,0.004488904,0.000260195,0.000955933,0.0008422959999999999,0.000163788,0.007046698,30,2,7.105427357601002e-15,165.4660021924241,1,2.220446049250313e-16,4.499365293020199e-15,2.446939512244494e-10,46099.5649627587,exp_mp_5120,2087.295512630797,5.87732208556782e16,2.3359313205878028e16,53
godunov_eigtool,7,Float64,false,taylor,realschur,0.003478272,0.000227381,0.0008378270000000001,0.001348437,0.000361762,0.006704574,30,2,7.969732742575172e-19,164.7906087423313,1,2.220446049250313e-16,4.738409550317353e-75,2.514447824538885e-70,46099.5649627587,exp_mp_5120,2087.295512630797,5.87732208556782e16,2.3359313205878028e16,256
godunov_eigtool,7,Float64,false,taylor,realschur,0.010531443,0.000286897,0.0011780650000000003,0.001276398,0.000338478,0.014107534,30,2,7.969732742575172e-19,164.7906087423313,1,2.220446049250313e-16,2.520681234652883e-81,1.019571029619396e-76,46099.5649627587,exp_mp_5120,2087.295512630797,5.87732208556782e16,2.3359313205878028e16,851
trem05_14.17,3,Float64,false,scaling_and_squaring,NaN,NaN,NaN,NaN,NaN,NaN,2.2484e-5,NaN,NaN,NaN,NaN,NaN,2.220446049250313e-16,5.517409479002716e-16,9.976036539408092e-14,180.0634620916892,diag_5120,337.7128275024127,Inf,Inf,53
trem05_14.17,3,Float64,false,diagonalcheap,transfree,0.0,3.1369999999999998e-6,0.000699529,0.00019632999999999999,3.3746e-5,0.001011504,7,2,2.16110065122402e-15,22.634296292954,49.54098286624896,2.220446049250313e-16,1.821744663101085e-16,3.257821914123774e-14,180.0634620916892,diag_5120,337.7128275024127,Inf,Inf,53
trem05_14.17,3,Float64,false,diagonalcheap,transfree,0.0,2.124e-6,0.000670523,0.00018382599999999997,6.3663e-5,0.000981736,9,2,6.088381977953926e-21,22.634296292954,48.9187125693752,2.220446049250313e-16,2.909839380004874e-33,5.079055944596767e-31,180.0634620916892,diag_5120,337.7128275024127,Inf,Inf,256
trem05_14.17,3,Float64,false,diagonalcheap,transfree,0.0,2.6949999999999996e-6,0.0010533710000000002,0.000352458,0.000116426,0.001626958,9,2,6.088381977953926e-21,22.634296292954,48.9187125693752,2.220446049250313e-16,2.909839380004874e-33,5.079055944596767e-31,180.0634620916892,diag_5120,337.7128275024127,Inf,Inf,851
trem05_14.17,3,Float64,false,diagonalcheap,complexschur,0.000115424,3.338e-6,0.001208766,0.0005650869999999999,0.000128048,0.002247573,9,2,2.15281190164876e-15,22.68226148349817,50.520930521237496,2.220446049250313e-16,1.80289337585017e-16,2.902550546243723e-14,180.0634620916892,diag_5120,337.7128275024127,Inf,Inf,53
trem05_14.17,3,Float64,false,diagonalcheap,complexschur,0.000120915,3.3870000000000004e-6,0.001154692,0.000578672,0.000162515,0.002263494,9,2,9.17573140996369e-21,22.68226148349817,50.52093052123751,2.220446049250313e-16,2.909839380004874e-33,5.079055944596767e-31,180.0634620916892,diag_5120,337.7128275024127,Inf,Inf,256
trem05_14.17,3,Float64,false,diagonalcheap,complexschur,0.00012905,3.176e-6,0.0011698899999999998,0.000511744,0.000254714,0.002302599,9,2,9.17573140996369e-21,22.68226148349817,50.52093052123751,2.220446049250313e-16,2.909839380004874e-33,5.079055944596767e-31,180.0634620916892,diag_5120,337.7128275024127,Inf,Inf,851
trem05_14.17,3,Float64,false,diagonalcheap,realschur,0.0,2.886e-6,0.000882215,0.000266425,5.5768e-5,0.001308059,7,2,2.16110065122402e-15,22.634296292954,49.54098286624896,2.220446049250313e-16,1.821744663101085e-16,3.257821914123774e-14,180.0634620916892,diag_5120,337.7128275024127,Inf,Inf,53
trem05_14.17,3,Float64,false,diagonalcheap,realschur,0.0,3.3779999999999997e-6,0.0009638610000000002,0.000190799,4.135e-5,0.001274584,9,2,6.088381977953926e-21,22.634296292954,48.9187125693752,2.220446049250313e-16,2.909839380004874e-33,5.079055944596767e-31,180.0634620916892,diag_5120,337.7128275024127,Inf,Inf,256
trem05_14.17,3,Float64,false,diagonalcheap,realschur,0.0,2.565e-6,0.0008798689999999999,0.000242131,7.0797e-5,0.001284032,9,2,6.088381977953926e-21,22.634296292954,48.9187125693752,2.220446049250313e-16,2.909839380004874e-33,5.079055944596767e-31,180.0634620916892,diag_5120,337.7128275024127,Inf,Inf,851
trem05_14.17,3,Float64,false,taylor,transfree,0.0,0.000192934,0.0005457380000000001,0.000144772,3.0e-8,0.000952599,25,0,0,191.6666666666667,1,2.220446049250313e-16,6.102011118552039e-18,9.631785152660012e-16,180.0634620916892,diag_5120,337.7128275024127,Inf,Inf,53
trem05_14.17,3,Float64,false,taylor,transfree,0.0,0.00012305900000000002,0.000354439,0.000140423,3.0e-8,0.000668527,25,0,1.530049224591275e-16,191.6666666666667,1,2.220446049250313e-16,4.7243073454257e-27,7.487659215389275e-25,180.0634620916892,diag_5120,337.7128275024127,Inf,Inf,256
trem05_14.17,3,Float64,false,taylor,transfree,0.0,0.000117737,0.00043841299999999996,0.000161602,4.1e-8,0.000774153,25,0,1.530049224591275e-16,191.6666666666667,1,2.220446049250313e-16,4.7243073454257e-27,7.487659215389275e-25,180.0634620916892,diag_5120,337.7128275024127,Inf,Inf,851
trem05_14.17,3,Float64,false,taylor,complexschur,8.792e-5,0.000134723,0.000364525,0.00031704599999999997,3.0e-8,0.001018176,25,0,3.552713678800501e-15,195.9311903525789,1,2.220446049250313e-16,1.825771007638301e-16,2.938488794567001e-14,180.0634620916892,diag_5120,337.7128275024127,Inf,Inf,53
trem05_14.17,3,Float64,false,taylor,complexschur,7.75e-5,0.00013450000000000002,0.000362472,0.00040023699999999996,3.0e-8,0.001090888,25,0,2.20409442183498e-16,195.9311903525789,1,2.220446049250313e-16,4.7243073454257e-27,7.487659215389275e-25,180.0634620916892,diag_5120,337.7128275024127,Inf,Inf,256
trem05_14.17,3,Float64,false,taylor,complexschur,8.8953e-5,0.000140633,0.00046569299999999993,0.00040203,3.0e-8,0.001232823,25,0,2.20409442183498e-16,195.9311903525789,1,2.220446049250313e-16,4.7243073454257e-27,7.487659215389275e-25,180.0634620916892,diag_5120,337.7128275024127,Inf,Inf,851
trem05_14.17,3,Float64,false,taylor,realschur,0.0,0.00010692700000000001,0.000304353,0.000127739,4.0e-8,0.000599884,25,0,0,191.6666666666667,1,2.220446049250313e-16,6.102011118552039e-18,9.631785152660012e-16,180.0634620916892,diag_5120,337.7128275024127,Inf,Inf,53
trem05_14.17,3,Float64,false,taylor,realschur,0.0,0.00010363099999999998,0.00031009999999999995,0.000129214,4.0e-8,0.000599374,25,0,1.530049224591275e-16,191.6666666666667,1,2.220446049250313e-16,4.7243073454257e-27,7.487659215389275e-25,180.0634620916892,diag_5120,337.7128275024127,Inf,Inf,256
trem05_14.17,3,Float64,false,taylor,realschur,0.0,0.00010301100000000002,0.000380456,0.000153748,3.0e-8,0.000697373,25,0,1.530049224591275e-16,191.6666666666667,1,2.220446049250313e-16,4.7243073454257e-27,7.487659215389275e-25,180.0634620916892,diag_5120,337.7128275024127,Inf,Inf,851
invol_13_complex,13,ComplexF64,false,scaling_and_squaring,NaN,NaN,NaN,NaN,NaN,NaN,6.3353e-5,NaN,NaN,NaN,NaN,NaN,2.220446049250313e-16,5.960464183315707e-08,2893806089678.733,4.855001225388538e+19,exp_mp_5120,6.546122949258669e+25,Inf,Inf,53
invol_13_complex,13,ComplexF64,false,diagonalcheap,transfree,0.0,8.497999999999999e-6,0.0053250180000000025,0.004229998,0.04637079,0.056684139,3,27,2.075897442001302e-15,17.6980219158482,87.40400539446581,2.220446049250313e-16,1.38751674215049e-15,57563.2101695155,4.855001225388538e+19,exp_mp_5120,6.546122949258669e+25,Inf,Inf,53
invol_13_complex,13,ComplexF64,false,diagonalcheap,transfree,0.0,8.467e-6,0.005376807000000001,0.004311425999999999,0.055861062,0.066340312,3,27,3.66714070649702e-23,17.6980219158482,87.40400539446581,2.220446049250313e-16,9.427119598888575e-77,4.07986516679498e-57,4.855001225388538e+19,exp_mp_5120,6.546122949258669e+25,Inf,Inf,256
invol_13_complex,13,ComplexF64,false,diagonalcheap,transfree,0.0,9.728999999999998e-6,0.006700898000000004,0.006479576,0.059569369,0.073723043,3,27,3.66714070649702e-23,17.6980219158482,87.40400539446581,2.220446049250313e-16,1.947085931456973e-256,8.561752017976671e-237,4.855001225388538e+19,exp_mp_5120,6.546122949258669e+25,Inf,Inf,851
invol_13_complex,13,ComplexF64,false,diagonalcheap,complexschur,0.0,8.008e-6,0.005479319,0.004114055999999999,0.044452847,0.054809761,3,27,2.075897442001302e-15,17.6980219158482,87.40400539446581,2.220446049250313e-16,1.38751674215049e-15,57563.2101695155,4.855001225388538e+19,exp_mp_5120,6.546122949258669e+25,Inf,Inf,53
invol_13_complex,13,ComplexF64,false,diagonalcheap,complexschur,0.0,8.929e-6,0.005472623000000003,0.004447191000000001,0.055142426,0.065889838,3,27,3.66714070649702e-23,17.6980219158482,87.40400539446581,2.220446049250313e-16,9.427119598888575e-77,4.07986516679498e-57,4.855001225388538e+19,exp_mp_5120,6.546122949258669e+25,Inf,Inf,256
invol_13_complex,13,ComplexF64,false,diagonalcheap,complexschur,0.0,1.0614000000000002e-5,0.007126408000000005,0.006734704000000002,0.061259761,0.076166075,3,27,3.66714070649702e-23,17.6980219158482,87.40400539446581,2.220446049250313e-16,1.947085931456973e-256,8.561752017976671e-237,4.855001225388538e+19,exp_mp_5120,6.546122949258669e+25,Inf,Inf,851
invol_13_complex,13,ComplexF64,false,taylor,transfree,0.0,0.0013797369999999996,0.016316984000000003,0.020747262,0.007898091,0.046702214,42,6,4.440892098500626e-16,25532941007.98615,1,2.220446049250313e-16,7.106377131511016e-16,35955.8696865763,4.855001225388538e+19,exp_mp_5120,6.546122949258669e+25,Inf,Inf,53
invol_13_complex,13,ComplexF64,false,taylor,transfree,0.0,0.0013820110000000003,0.01665576,0.031612353999999995,0.007958598,0.057988491,42,6,6.243466001767945e-58,25532941007.97428,1,2.220446049250313e-16,3.731723154860129e-62,1.417647537928443e-42,4.855001225388538e+19,exp_mp_5120,6.546122949258669e+25,Inf,Inf,256
invol_13_complex,13,ComplexF64,false,taylor,transfree,0.0,0.0014047759999999997,0.024076476,0.022607771999999998,0.011449735,0.060356578,42,6,6.243466001767945e-58,25532941007.97428,1,2.220446049250313e-16,3.731723154860131e-62,1.417647537928443e-42,4.855001225388538e+19,exp_mp_5120,6.546122949258669e+25,Inf,Inf,851
invol_13_complex,13,ComplexF64,false,taylor,complexschur,0.0,0.0014456129999999999,0.022410057,0.021172756000000004,0.007637244,0.052992673,42,6,4.440892098500626e-16,25532941007.98615,1,2.220446049250313e-16,7.106377131511016e-16,35955.8696865763,4.855001225388538e+19,exp_mp_5120,6.546122949258669e+25,Inf,Inf,53
invol_13_complex,13,ComplexF64,false,taylor,complexschur,0.0,0.0012211200000000002,0.012011014,0.023983762000000002,0.015617468,0.053770173,42,6,6.243466001767945e-58,25532941007.97428,1,2.220446049250313e-16,3.731723154860129e-62,1.417647537928443e-42,4.855001225388538e+19,exp_mp_5120,6.546122949258669e+25,Inf,Inf,256
invol_13_complex,13,ComplexF64,false,taylor,complexschur,0.0,0.0014707349999999995,0.025989491999999996,0.021982559000000002,0.009687796,0.059722098,42,6,6.243466001767945e-58,25532941007.97428,1,2.220446049250313e-16,3.731723154860131e-62,1.417647537928443e-42,4.855001225388538e+19,exp_mp_5120,6.546122949258669e+25,Inf,Inf,851
kuda10,4,Float64,false,scaling_and_squaring,NaN,NaN,NaN,NaN,NaN,NaN,2.094e-5,NaN,NaN,NaN,NaN,NaN,2.220446049250313e-16,1.666641936659956e-16,2.415450100383746e-16,1.258956613283857,diag_5120,2.214978024970287,Inf,Inf,53
kuda10,4,Float64,false,diagonalcheap,transfree,0.0,8.6109e-5,0.001133953,0.00032519,9.0e-8,0.0016278,17,0,0,1.258956613283857,3.690724788656007,2.220446049250313e-16,2.751952756678488e-16,4.497118271555915e-16,1.258956613283857,diag_5120,2.214978024970287,Inf,Inf,53
kuda10,4,Float64,false,diagonalcheap,transfree,0.0,4.4216000000000005e-5,0.0007011100000000002,0.000280645,4.0e-8,0.001074045,13,0,1.931776649430316e-26,1.258956613283857,3.669284379926003,2.220446049250313e-16,1.419711615617486e-28,2.219629579281041e-28,1.258956613283857,diag_5120,2.214978024970287,Inf,Inf,256
kuda10,4,Float64,false,diagonalcheap,transfree,0.0,4.5919000000000005e-5,0.0007816479999999999,0.000349829,4.0e-8,0.00123103,13,0,1.931776649430316e-26,1.258956613283857,3.669284379926003,2.220446049250313e-16,1.419711615617486e-28,2.219629579281041e-28,1.258956613283857,diag_5120,2.214978024970287,Inf,Inf,851
kuda10,4,Float64,false,diagonalcheap,complexschur,0.000351623,9.9393e-5,0.000977046,0.000785667,4.0e-8,0.002398697,17,0,0,1.258956613283857,3.1447184881479453,2.220446049250313e-16,8.343110606827149e-16,1.142054852749402e-15,1.258956613283857,diag_5120,2.214978024970287,Inf,Inf,53
kuda10,4,Float64,false,diagonalcheap,complexschur,0.000520841,5.0528e-5,0.0007525919999999998,0.000713495,3.0e-8,0.002229107,13,0,3.848140779299422e-27,1.258956613283857,3.128385187403118,2.220446049250313e-16,4.489522325948731e-29,5.5490739482026e-29,1.258956613283857,diag_5120,2.214978024970287,Inf,Inf,256
kuda10,4,Float64,false,diagonalcheap,complexschur,0.000801977,5.3784e-5,0.0008783689999999999,0.000837896,4.0e-8,0.002800366,13,0,1.645329245901478e-26,1,2.4577716458849763,2.220446049250313e-16,4.489522325948731e-29,6.65888873784312e-29,1.258956613283857,diag_5120,2.214978024970287,Inf,Inf,851
kuda10,4,Float64,false,diagonalcheap,realschur,0.00034516,0.00013202800000000002,0.001144279,0.000484251,4.0e-8,0.002235119,17,0,0,1.258956613283856,3.1447184881479453,2.220446049250313e-16,8.343110606827149e-16,1.142054852749402e-15,1.258956613283857,diag_5120,2.214978024970287,Inf,Inf,53
kuda10,4,Float64,false,diagonalcheap,realschur,0.000873606,6.9083e-5,0.001078033,0.00046946100000000006,5.0e-8,0.002641338,13,0,3.848140779299422e-27,1.258956613283857,3.128385187403118,2.220446049250313e-16,4.489522325948731e-29,5.5490739482026e-29,1.258956613283857,diag_5120,2.214978024970287,Inf,Inf,256
kuda10,4,Float64,false,diagonalcheap,realschur,0.001382423,6.8723e-5,0.0012597139999999999,0.000622871,4.1e-8,0.00352333,13,0,1.645329245901478e-26,1,2.4577716458849763,2.220446049250313e-16,4.489522325948731e-29,6.65888873784312e-29,1.258956613283857,diag_5120,2.214978024970287,Inf,Inf,851
kuda10,4,Float64,false,taylor,transfree,0.0,0.00022239200000000002,0.0005882109999999999,0.000354178,4.0e-8,0.001239116,25,0,0,1.3125,1,2.220446049250313e-16,1.358644860614953e-16,1.849476704072721e-16,1.258956613283857,diag_5120,2.214978024970287,Inf,Inf,53
kuda10,4,Float64,false,taylor,transfree,0.0,0.00022281299999999996,0.000589233,0.000416019,5.1e-8,0.00130335,25,0,8.047561380962918e-19,1.3125,1,2.220446049250313e-16,1.321023400893656e-19,2.065336925398316e-19,1.258956613283857,diag_5120,2.214978024970287,Inf,Inf,256
kuda10,4,Float64,false,taylor,transfree,0.0,0.00023081899999999997,0.0007048490000000001,0.000460995,4.0e-8,0.001482077,25,0,8.047561380962918e-19,1.3125,1,2.220446049250313e-16,1.321023400893656e-19,2.065336925398316e-19,1.258956613283857,diag_5120,2.214978024970287,Inf,Inf,851
kuda10,4,Float64,false,taylor,complexschur,0.000398223,0.000415608,0.0014568219999999998,0.001453408,0.000146324,0.004128815,90,2,0,1.104236907069509,1,2.220446049250313e-16,8.424882226357036e-16,1.169810428365031e-15,1.258956613283857,diag_5120,2.214978024970287,Inf,Inf,53
kuda10,4,Float64,false,taylor,complexschur,0.00095777,0.000258231,0.000699668,0.001165073,4.0e-8,0.003455388,25,0,1.796745132770597e-19,1.3125,1,2.220446049250313e-16,4.177442789205664e-20,5.163342313495789e-20,1.258956613283857,diag_5120,2.214978024970287,Inf,Inf,256
kuda10,4,Float64,false,taylor,complexschur,0.001425808,0.000342846,0.001128191,0.01075537,5.0e-8,0.013960101,25,0,8.047561380962918e-19,1,1,2.220446049250313e-16,4.177442789205664e-20,6.196010776194946e-20,1.258956613283857,diag_5120,2.214978024970287,Inf,Inf,851
kuda10,4,Float64,false,taylor,realschur,0.000625294,0.0006003450000000001,0.002659818,0.0009319850000000001,9.4994e-5,0.005112304,90,2,0,1.104236907069509,1,2.220446049250313e-16,8.424882226357036e-16,1.169810428365031e-15,1.258956613283857,diag_5120,2.214978024970287,Inf,Inf,53
kuda10,4,Float64,false,taylor,realschur,0.000887573,0.00020505699999999997,0.0005656149999999999,0.000416993,4.0e-8,0.002226042,25,0,1.796745132770597e-19,1.3125,1,2.220446049250313e-16,4.177442789205664e-20,5.163342313495789e-20,1.258956613283857,diag_5120,2.214978024970287,Inf,Inf,256
kuda10,4,Float64,false,taylor,realschur,0.00137021,0.000205579,0.0006897510000000001,0.000555798,4.0e-8,0.003038599,25,0,8.047561380962918e-19,1,1,2.220446049250313e-16,4.177442789205664e-20,6.196010776194946e-20,1.258956613283857,diag_5120,2.214978024970287,Inf,Inf,851
kuda10,24,Float64,false,scaling_and_squaring,NaN,NaN,NaN,NaN,NaN,NaN,6.655e-5,NaN,NaN,NaN,NaN,NaN,2.220446049250313e-16,2.094510779827256e-16,3.327657056940944e-16,1.207910415349708,diag_5120,2.20623777204715,Inf,1.6554225586061014e16,53
kuda10,24,Float64,false,diagonalcheap,transfree,0.0,0.0013955699999999998,0.010841929000000002,0.034853136,3.0e-8,0.048361194,37,0,0,1.207910415349708,3.606600334926025,2.220446049250313e-16,4.352753007809522e-16,6.020432991108066e-16,1.207910415349708,diag_5120,2.20623777204715,Inf,1.6554225586061014e16,53
kuda10,24,Float64,false,diagonalcheap,transfree,0.0,0.000351212,0.004444526,0.024286854,5.0e-8,0.030350846,13,0,1.077690446056376e-26,1.207910415349708,3.5523273915506937,2.220446049250313e-16,9.28404067781312e-29,1.844037331009085e-28,1.207910415349708,diag_5120,2.20623777204715,Inf,1.6554225586061014e16,256
kuda10,24,Float64,false,diagonalcheap,transfree,0.0,0.000225898,0.004717257,0.036855989,4.0e-8,0.042609276,13,0,1.077690446056376e-26,1.207910415349708,3.5523273915506937,2.220446049250313e-16,9.28404067781312e-29,1.844037331009085e-28,1.207910415349708,diag_5120,2.20623777204715,Inf,1.6554225586061014e16,851
kuda10,24,Float64,false,diagonalcheap,complexschur,0.040811876,0.000906279,0.008367588000000002,0.093178724,4.0e-8,0.161537705,21,0,0,1.29601931972781,3.3336401894907293,2.220446049250313e-16,1.454055947043243e-15,4.099747394010376e-15,1.207910415349708,diag_5120,2.20623777204715,Inf,1.6554225586061014e16,53
kuda10,24,Float64,false,diagonalcheap,complexschur,0.07232077,0.00039320500000000004,0.0060958340000000005,0.065007451,3.0e-8,0.163989174,13,0,4.065736801022826e-27,1.360668238426785,3.3052820865132584,2.220446049250313e-16,1.551910732004422e-29,7.39142385032987e-29,1.207910415349708,diag_5120,2.20623777204715,Inf,1.6554225586061014e16,256
kuda10,24,Float64,false,diagonalcheap,complexschur,0.116191045,0.00042096699999999996,0.006923453999999999,0.075920458,4.0e-8,0.230062856,13,0,3.018988743891722e-26,1,3.3003434024205305,2.220446049250313e-16,1.551910732004422e-29,3.860616067787488e-29,1.207910415349708,diag_5120,2.20623777204715,Inf,1.6554225586061014e16,851
kuda10,24,Float64,false,diagonalcheap,realschur,0.037361831,0.000608093,0.005003568999999999,0.016997531,4.0e-8,0.064135769,21,0,0,1.29601931972781,3.3336401894907293,2.220446049250313e-16,1.454055947043243e-15,4.099747394010376e-15,1.207910415349708,diag_5120,2.20623777204715,Inf,1.6554225586061014e16,53
kuda10,24,Float64,false,diagonalcheap,realschur,0.081936375,0.000227292,0.0032194109999999993,0.012114029,2.41e-7,0.102636138,13,0,4.065736801022826e-27,1.360668238426785,3.3052820865132584,2.220446049250313e-16,1.551910732004422e-29,7.39142385032987e-29,1.207910415349708,diag_5120,2.20623777204715,Inf,1.6554225586061014e16,256
kuda10,24,Float64,false,diagonalcheap,realschur,0.1149045,0.000248661,0.003928386999999999,0.016385427,3.0e-8,0.143420439,13,0,3.018988743891722e-26,1,3.30034340242053,2.220446049250313e-16,1.551910732004422e-29,3.860616067787488e-29,1.207910415349708,diag_5120,2.20623777204715,Inf,1.6554225586061014e16,851
kuda10,24,Float64,false,taylor,transfree,0.0,0.0008179070000000001,0.0019013519999999998,0.022542379999999997,2.7e-7,0.025958072,30,0,0,1.3125,1,2.220446049250313e-16,8.44457747339694e-17,1.387879722711874e-16,1.207910415349708,diag_5120,2.20623777204715,Inf,1.6554225586061014e16,53
kuda10,24,Float64,false,taylor,transfree,0.0,0.000651917,0.0019200129999999995,0.017124243,5.0e-8,0.020404579,25,0,4.754228766018196e-19,1.3125,1,2.220446049250313e-16,8.583964911936788e-20,1.713451380191902e-19,1.207910415349708,diag_5120,2.20623777204715,Inf,1.6554225586061014e16,256
kuda10,24,Float64,false,taylor,transfree,0.0,0.0007493459999999999,0.0024940109999999995,0.034005218,6.0e-8,0.038159564,25,0,4.754228766018196e-19,1.3125,1,2.220446049250313e-16,8.583964911936788e-20,1.713451380191902e-19,1.207910415349708,diag_5120,2.20623777204715,Inf,1.6554225586061014e16,851
kuda10,24,Float64,false,taylor,complexschur,0.051752478,0.003975952000000002,0.015948060000000003,0.164606985,0.030095126,0.285159314,90,4,0,1.041194234853046,1,2.220446049250313e-16,1.446520997187183e-15,4.054721330198762e-15,1.207910415349708,diag_5120,2.20623777204715,Inf,1.6554225586061014e16,53
kuda10,24,Float64,false,taylor,complexschur,0.070058613,0.001256711,0.0031796040000000004,0.07119509800000001,3.0e-8,0.168057738,25,0,1.796745132770597e-19,1.452596657233256,1,2.220446049250313e-16,1.43439502862519e-20,6.891065069560861e-20,1.207910415349708,diag_5120,2.20623777204715,Inf,1.6554225586061014e16,256
kuda10,24,Float64,false,taylor,complexschur,0.127027289,0.001402323,0.0038516669999999974,0.086128451,4.0e-8,0.241513743,25,0,1.413471136695217e-18,1,1,2.220446049250313e-16,1.43439502862519e-20,3.554151235877896e-20,1.207910415349708,diag_5120,2.20623777204715,Inf,1.6554225586061014e16,851
kuda10,24,Float64,false,taylor,realschur,0.035829898,0.0018005500000000004,0.008582966000000001,0.032600348,0.006790477,0.091371855,90,4,0,1.041194234853046,1,2.220446049250313e-16,1.446520997187183e-15,4.054721330198762e-15,1.207910415349708,diag_5120,2.20623777204715,Inf,1.6554225586061014e16,53
kuda10,24,Float64,false,taylor,realschur,0.075563566,0.00064977,0.0020999359999999993,0.014230545,4.0e-8,0.102803644,25,0,1.796745132770597e-19,1.452596657233256,1,2.220446049250313e-16,1.43439502862519e-20,6.891065069560861e-20,1.207910415349708,diag_5120,2.20623777204715,Inf,1.6554225586061014e16,256
kuda10,24,Float64,false,taylor,realschur,0.10472795,0.0007319210000000001,0.0024918570000000005,0.025481694000000003,4.0e-8,0.141157263,25,0,1.413471136695217e-18,1,1,2.220446049250313e-16,1.43439502862519e-20,3.554151235877896e-20,1.207910415349708,diag_5120,2.20623777204715,Inf,1.6554225586061014e16,851
lara17_benchmark1,2,Float64,false,scaling_and_squaring,NaN,NaN,NaN,NaN,NaN,NaN,1.6632e-5,NaN,NaN,NaN,NaN,NaN,2.220446049250313e-16,4.553365434831494e-17,6.420638063908386e-17,1,diag_5120,2.35385523913026e-07,6.771522821676763e10,6.771522821576764e10,53
lara17_benchmark1,2,Float64,false,diagonalcheap,transfree,0.0,6.21e-7,0.00033424899999999995,0.00011854899999999999,4.0e-8,0.00050958,3,0,0,1,1.0000001664426836,2.220446049250313e-16,3.328586738631787e-17,4.68159218234318e-17,1,diag_5120,2.35385523913026e-07,6.771522821676763e10,6.771522821576764e10,53
lara17_benchmark1,2,Float64,false,diagonalcheap,transfree,0.0,6.21e-7,0.00022468499999999997,0.000115505,4.0e-8,0.000369728,3,0,4.493681340246139e-51,1,1.0000001664426836,2.220446049250313e-16,2.699439850500073e-78,3.742439491346836e-78,1,diag_5120,2.35385523913026e-07,6.771522821676763e10,6.771522821576764e10,256
lara17_benchmark1,2,Float64,false,diagonalcheap,transfree,0.0,4.81e-7,0.000240075,0.000142948,4.0e-8,0.000414966,3,0,4.493681340246139e-51,1,1.0000001664426836,2.220446049250313e-16,1.946490256323077e-257,2.156413356253155e-257,1,diag_5120,2.35385523913026e-07,6.771522821676763e10,6.771522821576764e10,851
lara17_benchmark1,2,Float64,false,diagonalcheap,complexschur,0.0,4.91e-7,0.00020973599999999997,8.807e-5,3.0e-8,0.000343908,3,0,0,1,1.0000001664426836,2.220446049250313e-16,3.328586738631787e-17,4.68159218234318e-17,1,diag_5120,2.35385523913026e-07,6.771522821676763e10,6.771522821576764e10,53
lara17_benchmark1,2,Float64,false,diagonalcheap,complexschur,0.0,5.11e-7,0.00020285300000000002,9.713899999999999e-5,3.0e-8,0.000335231,3,0,4.493681340246139e-51,1,1.0000001664426836,2.220446049250313e-16,2.699439850500073e-78,3.742439491346836e-78,1,diag_5120,2.35385523913026e-07,6.771522821676763e10,6.771522821576764e10,256
lara17_benchmark1,2,Float64,false,diagonalcheap,complexschur,0.0,4.8e-7,0.000209566,0.00012535299999999998,3.0e-8,0.000373054,3,0,4.493681340246139e-51,1,1.0000001664426836,2.220446049250313e-16,1.946490256323077e-257,2.156413356253155e-257,1,diag_5120,2.35385523913026e-07,6.771522821676763e10,6.771522821576764e10,851
lara17_benchmark1,2,Float64,false,diagonalcheap,realschur,0.0,5.11e-7,0.000177095,7.5717e-5,3.0e-8,0.000286165,3,0,0,1,1.0000001664426836,2.220446049250313e-16,3.328586738631787e-17,4.68159218234318e-17,1,diag_5120,2.35385523913026e-07,6.771522821676763e10,6.771522821576764e10,53
lara17_benchmark1,2,Float64,false,diagonalcheap,realschur,0.0,4.71e-7,0.00018009899999999997,8.876199999999999e-5,4.0e-8,0.000310113,3,0,4.493681340246139e-51,1,1.0000001664426836,2.220446049250313e-16,2.699439850500073e-78,3.742439491346836e-78,1,diag_5120,2.35385523913026e-07,6.771522821676763e10,6.771522821576764e10,256
lara17_benchmark1,2,Float64,false,diagonalcheap,realschur,0.0,5.51e-7,0.000193175,0.000122498,3.0e-8,0.000354298,3,0,4.493681340246139e-51,1,1.0000001664426836,2.220446049250313e-16,1.946490256323077e-257,2.156413356253155e-257,1,diag_5120,2.35385523913026e-07,6.771522821676763e10,6.771522821576764e10,851
lara17_benchmark1,2,Float64,false,taylor,transfree,0.0,3.7e-7,0.00013777799999999997,3.5129e-5,4.0e-8,0.000201211,4,0,0,1,1,2.220446049250313e-16,3.328586738631787e-17,4.68159218234318e-17,1,diag_5120,2.35385523913026e-07,6.771522821676763e10,6.771522821576764e10,53
lara17_benchmark1,2,Float64,false,taylor,transfree,0.0,4.51e-7,0.000104744,4.1791999999999996e-5,4.0e-8,0.00017509,4,0,3.406372656873119e-35,1,1,2.220446049250313e-16,2.699439850500073e-78,3.742439491346836e-78,1,diag_5120,2.35385523913026e-07,6.771522821676763e10,6.771522821576764e10,256
lara17_benchmark1,2,Float64,false,taylor,transfree,0.0,3.51e-7,0.00011306700000000001,6.9095e-5,3.0e-8,0.000212072,4,0,3.406372656873119e-35,1,1,2.220446049250313e-16,1.946490256323077e-257,2.156413356253155e-257,1,diag_5120,2.35385523913026e-07,6.771522821676763e10,6.771522821576764e10,851
lara17_benchmark1,2,Float64,false,taylor,complexschur,0.0,4.11e-7,9.562500000000001e-5,2.9978e-5,4.0e-8,0.000156825,4,0,0,1,1,2.220446049250313e-16,3.328586738631787e-17,4.68159218234318e-17,1,diag_5120,2.35385523913026e-07,6.771522821676763e10,6.771522821576764e10,53
lara17_benchmark1,2,Float64,false,taylor,complexschur,0.0,3.81e-7,9.998400000000001e-5,4.1231e-5,3.0e-8,0.000174288,4,0,3.406372656873119e-35,1,1,2.220446049250313e-16,2.699439850500073e-78,3.742439491346836e-78,1,diag_5120,2.35385523913026e-07,6.771522821676763e10,6.771522821576764e10,256
lara17_benchmark1,2,Float64,false,taylor,complexschur,0.0,3.81e-7,0.000110457,6.7098e-5,3.0e-8,0.000213294,4,0,3.406372656873119e-35,1,1,2.220446049250313e-16,1.946490256323077e-257,2.156413356253155e-257,1,diag_5120,2.35385523913026e-07,6.771522821676763e10,6.771522821576764e10,851
lara17_benchmark1,2,Float64,false,taylor,realschur,0.0,4.1e-7,9.324199999999999e-5,2.9024999999999994e-5,3.0e-8,0.000155182,4,0,0,1,1,2.220446049250313e-16,3.328586738631787e-17,4.68159218234318e-17,1,diag_5120,2.35385523913026e-07,6.771522821676763e10,6.771522821576764e10,53
lara17_benchmark1,2,Float64,false,taylor,realschur,0.0,3.61e-7,0.000100103,4.0058e-5,3.0e-8,0.000172885,4,0,3.406372656873119e-35,1,1,2.220446049250313e-16,2.699439850500073e-78,3.742439491346836e-78,1,diag_5120,2.35385523913026e-07,6.771522821676763e10,6.771522821576764e10,256
lara17_benchmark1,2,Float64,false,taylor,realschur,0.0,3.6e-7,0.000110795,6.6039e-5,4.0e-8,0.000212983,4,0,3.406372656873119e-35,1,1,2.220446049250313e-16,1.946490256323077e-257,2.156413356253155e-257,1,diag_5120,2.35385523913026e-07,6.771522821676763e10,6.771522821576764e10,851
lara17_benchmark2,3,Float64,false,scaling_and_squaring,NaN,NaN,NaN,NaN,NaN,NaN,2.532e-5,NaN,NaN,NaN,NaN,NaN,2.220446049250313e-16,1.189480107902884e-16,1.437246300239e-16,1,diag_5120,2.428313227150349e-07,6.237210950695089e7,4.116951302068447e7,53
lara17_benchmark2,3,Float64,false,diagonalcheap,transfree,0.0,6.51e-7,0.00026506200000000004,0.000111537,4.1e-8,0.000416218,3,0,2.220446049250313e-16,1,1.0000000660903312,2.220446049250313e-16,3.531101800925624e-17,4.165948689323569e-17,1,diag_5120,2.428313227150349e-07,6.237210950695089e7,4.116951302068447e7,53
lara17_benchmark2,3,Float64,false,diagonalcheap,transfree,0.0,5.71e-7,0.000224767,0.00011801800000000001,3.0e-8,0.000382973,3,0,1.028951640695839e-50,1,1.0000000660903312,2.220446049250313e-16,1.667038805393359e-51,4.083394049823229e-51,1,diag_5120,2.428313227150349e-07,6.237210950695089e7,4.116951302068447e7,256
lara17_benchmark2,3,Float64,false,diagonalcheap,transfree,0.0,6.21e-7,0.00029379,0.000171915,5.0e-8,0.000519619,3,0,1.028951640695839e-50,1,1.0000000660903312,2.220446049250313e-16,1.667038805393359e-51,4.083394049823229e-51,1,diag_5120,2.428313227150349e-07,6.237210950695089e7,4.116951302068447e7,851
lara17_benchmark2,3,Float64,false,diagonalcheap,complexschur,6.2752e-5,6.51e-7,0.00036492,0.00029796,4.0e-8,0.000891581,3,0,2.220446049250313e-16,1,1.000000297406387,2.220446049250313e-16,3.531101800924348e-17,4.165943580418028e-17,1,diag_5120,2.428313227150349e-07,6.237210950695089e7,4.116951302068447e7,53
lara17_benchmark2,3,Float64,false,diagonalcheap,complexschur,6.2602e-5,6.71e-7,0.000326954,0.000317307,4.0e-8,0.000860531,3,0,1.028951640695839e-50,1,1.000000297406387,2.220446049250313e-16,5.742383223065077e-59,1.40659074095973e-58,1,diag_5120,2.428313227150349e-07,6.237210950695089e7,4.116951302068447e7,256
lara17_benchmark2,3,Float64,false,diagonalcheap,complexschur,6.739e-5,7.11e-7,0.00032328799999999997,0.00039625,4.0e-8,0.000950987,3,0,1.028951640695839e-50,1,1.000000297406387,2.220446049250313e-16,5.742383223065077e-59,1.40659074095973e-58,1,diag_5120,2.428313227150349e-07,6.237210950695089e7,4.116951302068447e7,851
lara17_benchmark2,3,Float64,false,diagonalcheap,realschur,4.6019e-5,6.02e-7,0.00028868,0.000146434,5.0e-8,0.000549447,3,0,2.220446049250313e-16,1,1.000000297406387,2.220446049250313e-16,3.531101800924348e-17,4.165943580418028e-17,1,diag_5120,2.428313227150349e-07,6.237210950695089e7,4.116951302068447e7,53
lara17_benchmark2,3,Float64,false,diagonalcheap,realschur,5.4937e-5,5.81e-7,0.000309582,0.00018998,4.0e-8,0.000625635,3,0,1.028951640695839e-50,1,1.000000297406387,2.220446049250313e-16,5.742383223065077e-59,1.40659074095973e-58,1,diag_5120,2.428313227150349e-07,6.237210950695089e7,4.116951302068447e7,256
lara17_benchmark2,3,Float64,false,diagonalcheap,realschur,6.1188e-5,6.01e-7,0.000331174,0.00025362400000000004,4.0e-8,0.000727222,3,0,1.028951640695839e-50,1,1.000000297406387,2.220446049250313e-16,5.742383223065077e-59,1.40659074095973e-58,1,diag_5120,2.428313227150349e-07,6.237210950695089e7,4.116951302068447e7,851
lara17_benchmark2,3,Float64,false,taylor,transfree,0.0,6.72e-7,0.00018564000000000002,5.3295000000000004e-5,4.0e-8,0.000287539,4,0,0,1,1,2.220446049250313e-16,3.531101800924348e-17,4.165943580418028e-17,1,diag_5120,2.428313227150349e-07,6.237210950695089e7,4.116951302068447e7,53
lara17_benchmark2,3,Float64,false,taylor,transfree,0.0,5.41e-7,0.00015445799999999998,5.127900000000001e-5,4.0e-8,0.000258752,4,0,1.096845231361894e-34,1,1,2.220446049250313e-16,1.583159140635262e-35,3.877931691738794e-35,1,diag_5120,2.428313227150349e-07,6.237210950695089e7,4.116951302068447e7,256
lara17_benchmark2,3,Float64,false,taylor,transfree,0.0,6.51e-7,0.00018431899999999995,5.8673000000000006e-5,4.0e-8,0.000300314,4,0,1.096845231361894e-34,1,1,2.220446049250313e-16,1.583159140635262e-35,3.877931691738794e-35,1,diag_5120,2.428313227150349e-07,6.237210950695089e7,4.116951302068447e7,851
lara17_benchmark2,3,Float64,false,taylor,complexschur,5.3564e-5,5.51e-7,0.00019407799999999998,0.000150462,4.0e-8,0.000545369,4,0,0,1,1,2.220446049250313e-16,3.531101800924348e-17,4.165943580418028e-17,1,diag_5120,2.428313227150349e-07,6.237210950695089e7,4.116951302068447e7,53
lara17_benchmark2,3,Float64,false,taylor,complexschur,5.8594e-5,4.71e-7,0.00017170199999999998,0.000168247,5.0e-8,0.000548686,4,0,1.096845231361894e-34,1,1,2.220446049250313e-16,5.45344623005395e-43,1.33581592790689e-42,1,diag_5120,2.428313227150349e-07,6.237210950695089e7,4.116951302068447e7,256
lara17_benchmark2,3,Float64,false,taylor,complexschur,6.7311e-5,4.91e-7,0.000191292,0.00022916499999999998,4.0e-8,0.000650893,4,0,1.096845231361894e-34,1,1,2.220446049250313e-16,5.45344623005395e-43,1.33581592790689e-42,1,diag_5120,2.428313227150349e-07,6.237210950695089e7,4.116951302068447e7,851
lara17_benchmark2,3,Float64,false,taylor,realschur,4.4787e-5,6.41e-7,0.000158228,6.8654e-5,5.0e-8,0.000335321,4,0,0,1,1,2.220446049250313e-16,3.531101800924348e-17,4.165943580418028e-17,1,diag_5120,2.428313227150349e-07,6.237210950695089e7,4.116951302068447e7,53
lara17_benchmark2,3,Float64,false,taylor,realschur,5.1791e-5,4.51e-7,0.000172815,8.6919e-5,4.0e-8,0.000382783,4,0,1.096845231361894e-34,1,1,2.220446049250313e-16,5.45344623005395e-43,1.33581592790689e-42,1,diag_5120,2.428313227150349e-07,6.237210950695089e7,4.116951302068447e7,256
lara17_benchmark2,3,Float64,false,taylor,realschur,5.9044e-5,4.91e-7,0.000170882,0.000137497,4.1e-8,0.000443551,4,0,1.096845231361894e-34,1,1,2.220446049250313e-16,5.45344623005395e-43,1.33581592790689e-42,1,diag_5120,2.428313227150349e-07,6.237210950695089e7,4.116951302068447e7,851
lara17_benchmark3,3,Float64,false,scaling_and_squaring,NaN,NaN,NaN,NaN,NaN,NaN,1.1903e-5,NaN,NaN,NaN,NaN,NaN,2.220446049250313e-16,1.337938800771005e-16,1.847875286354342e-16,0.9999999969265547,diag_5120,0.004636909152883403,40.128503895304675,24.717508167778725,53
lara17_benchmark3,3,Float64,false,diagonalcheap,transfree,0.0,9.82e-7,0.0003824929999999999,0.000138599,7.0e-8,0.000617169,3,0,0,0.9999999969265546,1.0012115347758817,2.220446049250313e-16,2.785669939809824e-17,3.824340955858888e-17,0.9999999969265547,diag_5120,0.004636909152883403,40.128503895304675,24.717508167778725,53
lara17_benchmark3,3,Float64,false,diagonalcheap,transfree,0.0,5.81e-7,0.00023723,0.00010776000000000001,3.0e-8,0.000386991,3,0,1.287601668654575e-20,0.9999999969265546,1.0012115347758817,2.220446049250313e-16,1.575966045046299e-21,3.693974055861946e-21,0.9999999969265547,diag_5120,0.004636909152883403,40.128503895304675,24.717508167778725,256
lara17_benchmark3,3,Float64,false,diagonalcheap,transfree,0.0,4.61e-7,0.000210919,0.000131065,3.0e-8,0.000380909,3,0,1.287601668654575e-20,0.9999999969265546,1.0012115347758817,2.220446049250313e-16,1.575966045046299e-21,3.693974055861946e-21,0.9999999969265547,diag_5120,0.004636909152883403,40.128503895304675,24.717508167778725,851
lara17_benchmark3,3,Float64,false,diagonalcheap,complexschur,4.9096e-5,5.01e-7,0.00030446199999999997,0.00019759299999999998,4.0e-8,0.000641947,3,0,0,0.9999786386111544,1.0020684160079993,2.220446049250313e-16,2.785669939809824e-17,3.824340955858888e-17,0.9999999969265547,diag_5120,0.004636909152883403,40.128503895304675,24.717508167778725,53
lara17_benchmark3,3,Float64,false,diagonalcheap,complexschur,4.0899e-5,5.71e-7,0.00023095899999999998,0.000187945,3.0e-8,0.000549808,3,0,1.287601668654575e-20,0.9999786386111544,1.0020684160079993,2.220446049250313e-16,9.871986691017211e-23,2.319962435967573e-22,0.9999999969265547,diag_5120,0.004636909152883403,40.128503895304675,24.717508167778725,256
lara17_benchmark3,3,Float64,false,diagonalcheap,complexschur,4.4627e-5,4.41e-7,0.000221119,0.000235558,3.0e-8,0.0006177,3,0,1.287601668654575e-20,0.9999786386111544,1.0020684160079993,2.220446049250313e-16,9.871986691017211e-23,2.319962435967573e-22,0.9999999969265547,diag_5120,0.004636909152883403,40.128503895304675,24.717508167778725,851
lara17_benchmark3,3,Float64,false,diagonalcheap,realschur,3.7784e-5,5.11e-7,0.000264664,0.000121605,4.0e-8,0.000496133,3,0,0,0.9999786386111544,1.0020684160079993,2.220446049250313e-16,2.785669939809824e-17,3.824340955858888e-17,0.9999999969265547,diag_5120,0.004636909152883403,40.128503895304675,24.717508167778725,53
lara17_benchmark3,3,Float64,false,diagonalcheap,realschur,5.3835e-5,5.41e-7,0.000235787,0.00014294699999999999,4.0e-8,0.000497677,3,0,1.287601668654575e-20,0.9999786386111544,1.0020684160079993,2.220446049250313e-16,9.871986691017211e-23,2.319962435967573e-22,0.9999999969265547,diag_5120,0.004636909152883403,40.128503895304675,24.717508167778725,256
lara17_benchmark3,3,Float64,false,diagonalcheap,realschur,5.3835e-5,5.11e-7,0.00022596,0.00024304,5.0e-8,0.000591629,3,0,1.287601668654575e-20,0.9999786386111544,1.0020684160079993,2.220446049250313e-16,9.871986691017211e-23,2.319962435967573e-22,0.9999999969265547,diag_5120,0.004636909152883403,40.128503895304675,24.717508167778725,851
lara17_benchmark3,3,Float64,false,taylor,transfree,0.0,4.2854e-5,0.000162974,4.7375000000000006e-5,4.0e-8,0.000290955,6,0,0,0.9999999969251475,1,2.220446049250313e-16,2.78566994510574e-17,3.824340955858888e-17,0.9999999969265547,diag_5120,0.004636909152883403,40.128503895304675,24.717508167778725,53
lara17_benchmark3,3,Float64,false,taylor,transfree,0.0,3.7784e-5,0.00014930000000000002,5.2140999999999994e-5,3.0e-8,0.000273681,6,0,2.568002368662643e-19,0.9999999969251474,1,2.220446049250313e-16,3.166875876430646e-20,7.42296661565606e-20,0.9999999969265547,diag_5120,0.004636909152883403,40.128503895304675,24.717508167778725,256
lara17_benchmark3,3,Float64,false,taylor,transfree,0.0,3.6599999999999995e-5,0.00017062000000000002,4.8866e-5,3.0e-8,0.000294111,6,0,2.568002368662643e-19,0.9999999969251474,1,2.220446049250313e-16,3.166875876430646e-20,7.42296661565606e-20,0.9999999969265547,diag_5120,0.004636909152883403,40.128503895304675,24.717508167778725,851
lara17_benchmark3,3,Float64,false,taylor,complexschur,3.9226e-5,4.3465000000000005e-5,0.00016848600000000003,0.00012430199999999996,3.0e-8,0.000467598,6,0,0,0.9999999969251475,1,2.220446049250313e-16,2.78566994510574e-17,3.824340955858888e-17,0.9999999969265547,diag_5120,0.004636909152883403,40.128503895304675,24.717508167778725,53
lara17_benchmark3,3,Float64,false,taylor,complexschur,3.9347e-5,4.0959e-5,0.000165734,0.000132506,4.0e-8,0.000470844,6,0,2.568002368662643e-19,0.9999999969251474,1,2.220446049250313e-16,1.983778852772915e-21,4.661958771487579e-21,0.9999999969265547,diag_5120,0.004636909152883403,40.128503895304675,24.717508167778725,256
lara17_benchmark3,3,Float64,false,taylor,complexschur,4.5408e-5,4.2462e-5,0.00019366700000000004,0.000178747,3.0e-8,0.000561711,6,0,2.568002368662643e-19,0.9999999969251474,1,2.220446049250313e-16,1.983778852772915e-21,4.661958771487579e-21,0.9999999969265547,diag_5120,0.004636909152883403,40.128503895304675,24.717508167778725,851
lara17_benchmark3,3,Float64,false,taylor,realschur,2.8576e-5,3.8415e-5,0.00013527199999999997,5.221099999999999e-5,3.0e-8,0.000299873,6,0,0,0.9999999969251475,1,2.220446049250313e-16,2.78566994510574e-17,3.824340955858888e-17,0.9999999969265547,diag_5120,0.004636909152883403,40.128503895304675,24.717508167778725,53
lara17_benchmark3,3,Float64,false,taylor,realschur,3.2914e-5,3.5619e-5,0.000143569,6.6329e-5,3.0e-8,0.00032445,6,0,2.568002368662643e-19,0.9999999969251474,1,2.220446049250313e-16,1.983778852772915e-21,4.661958771487579e-21,0.9999999969265547,diag_5120,0.004636909152883403,40.128503895304675,24.717508167778725,256
lara17_benchmark3,3,Float64,false,taylor,realschur,3.8454e-5,3.4848e-5,0.000175167,0.0001017,4.0e-8,0.000401239,6,0,2.568002368662643e-19,0.9999999969251474,1,2.220446049250313e-16,1.983778852772915e-21,4.661958771487579e-21,0.9999999969265547,diag_5120,0.004636909152883403,40.128503895304675,24.717508167778725,851
lara17_benchmark4,4,Float64,false,scaling_and_squaring,NaN,NaN,NaN,NaN,NaN,NaN,1.055e-5,NaN,NaN,NaN,NaN,NaN,2.220446049250313e-16,8.13810338492006e-17,1.416107397310424e-16,1,diag_5120,0.0001000108748900367,1.9522403580165237e10,3.3813927281753216e10,53
lara17_benchmark4,4,Float64,false,diagonalcheap,transfree,0.0,4.91e-7,0.00029421100000000006,0.00012911,7.0e-8,0.000474712,3,0,0,1,1.0000392201509225,2.220446049250313e-16,4.215821900554161e-17,5.432974484878633e-17,1,diag_5120,0.0001000108748900367,1.9522403580165237e10,3.3813927281753216e10,53
lara17_benchmark4,4,Float64,false,diagonalcheap,transfree,0.0,5.41e-7,0.000240949,0.00012288900000000002,4.0e-8,0.000412561,3,0,6.550462257158303e-32,1,1.0000392201509225,2.220446049250313e-16,4.672715183076052e-33,1.400632769407453e-32,1,diag_5120,0.0001000108748900367,1.9522403580165237e10,3.3813927281753216e10,256
lara17_benchmark4,4,Float64,false,diagonalcheap,transfree,0.0,5.82e-7,0.00026020500000000006,0.00014288600000000003,4.0e-8,0.000455614,3,0,6.550462257158303e-32,1,1.0000392201509225,2.220446049250313e-16,4.672715183076052e-33,1.400632769407453e-32,1,diag_5120,0.0001000108748900367,1.9522403580165237e10,3.3813927281753216e10,851
lara17_benchmark4,4,Float64,false,diagonalcheap,complexschur,0.000263121,9.42e-7,0.0004109389999999999,0.000514448,5.0e-8,0.001485555,3,0,2.22055489779575e-16,1.000054953079581,1.000156759143587,2.220446049250313e-16,6.249351289471215e-16,1.379170061317419e-15,1,diag_5120,0.0001000108748900367,1.9522403580165237e10,3.3813927281753216e10,53
lara17_benchmark4,4,Float64,false,diagonalcheap,complexschur,0.000528978,7.52e-7,0.000417351,0.000552522,4.0e-8,0.001813472,3,0,3.255125700504215e-32,1.000098041515698,1.0001567591441913,2.220446049250313e-16,2.296135390146354e-33,4.105649923053458e-33,1,diag_5120,0.0001000108748900367,1.9522403580165237e10,3.3813927281753216e10,256
lara17_benchmark4,4,Float64,false,diagonalcheap,complexschur,0.000821445,6.92e-7,0.0004015509999999999,0.000683719,4.0e-8,0.002272964,3,0,3.255125700504215e-32,1.000098041515698,1.0001567591441913,2.220446049250313e-16,2.296135390146354e-33,4.105649923053458e-33,1,diag_5120,0.0001000108748900367,1.9522403580165237e10,3.3813927281753216e10,851
lara17_benchmark4,4,Float64,false,diagonalcheap,realschur,0.000401059,6.51e-7,0.00038816199999999995,0.000230901,5.0e-8,0.001131527,3,0,2.22055489779575e-16,1.000054953079581,1.000156759143587,2.220446049250313e-16,6.249351289471215e-16,1.379170061317419e-15,1,diag_5120,0.0001000108748900367,1.9522403580165237e10,3.3813927281753216e10,53
lara17_benchmark4,4,Float64,false,diagonalcheap,realschur,0.000513878,8.31e-7,0.000340632,0.000255938,5.0e-8,0.001233285,3,0,3.255125700504215e-32,1.000098041515698,1.0001567591441913,2.220446049250313e-16,2.296135390146354e-33,4.105649923053458e-33,1,diag_5120,0.0001000108748900367,1.9522403580165237e10,3.3813927281753216e10,256
lara17_benchmark4,4,Float64,false,diagonalcheap,realschur,0.000766459,6.41e-7,0.00035553,0.000380118,4.0e-8,0.001665103,3,0,3.255125700504215e-32,1.000098041515698,1.0001567591441913,2.220446049250313e-16,2.296135390146354e-33,4.105649923053458e-33,1,diag_5120,0.0001000108748900367,1.9522403580165237e10,3.3813927281753216e10,851
lara17_benchmark4,4,Float64,false,taylor,transfree,0.0,5.31e-7,0.00020747400000000003,8.3012e-5,4.0e-8,0.000350641,4,0,0,1,1,2.220446049250313e-16,4.21582189680797e-17,5.432974484878633e-17,1,diag_5120,0.0001000108748900367,1.9522403580165237e10,3.3813927281753216e10,53
lara17_benchmark4,4,Float64,false,taylor,transfree,0.0,6.41e-7,0.00020404499999999998,8.7441e-5,4.0e-8,0.000354428,4,0,2.666755558112495e-21,1,1,2.220446049250313e-16,2.773796219342589e-22,8.393065196999162e-22,1,diag_5120,0.0001000108748900367,1.9522403580165237e10,3.3813927281753216e10,256
lara17_benchmark4,4,Float64,false,taylor,transfree,0.0,6.51e-7,0.00021142999999999997,9.6849e-5,4.0e-8,0.000379176,4,0,2.666755558112495e-21,1,1,2.220446049250313e-16,2.773796219342589e-22,8.393065196999162e-22,1,diag_5120,0.0001000108748900367,1.9522403580165237e10,3.3813927281753216e10,851
lara17_benchmark4,4,Float64,false,taylor,complexschur,0.000408704,6.01e-7,0.000225439,0.000280333,4.0e-8,0.001194429,4,0,0,1.000098041515552,1,2.220446049250313e-16,6.249351289471215e-16,1.379170061317419e-15,1,diag_5120,0.0001000108748900367,1.9522403580165237e10,3.3813927281753216e10,53
lara17_benchmark4,4,Float64,false,taylor,complexschur,0.000512325,6.01e-7,0.000229926,0.00031357900000000003,4.0e-8,0.001303241,4,0,1.660096181006063e-21,1.000098041515772,1,2.220446049250313e-16,1.249165662205639e-22,2.297154477730982e-22,1,diag_5120,0.0001000108748900367,1.9522403580165237e10,3.3813927281753216e10,256
lara17_benchmark4,4,Float64,false,taylor,complexschur,0.000541842,4.81e-7,0.00020000799999999997,0.00033754499999999997,6.0e-8,0.001306207,4,0,1.660096181006063e-21,1.000098041515772,1,2.220446049250313e-16,1.249165662205639e-22,2.297154477730982e-22,1,diag_5120,0.0001000108748900367,1.9522403580165237e10,3.3813927281753216e10,851
lara17_benchmark4,4,Float64,false,taylor,realschur,0.000247491,4.5e-7,0.00018620300000000002,7.6107e-5,3.0e-8,0.000598563,4,0,0,1.000098041515552,1,2.220446049250313e-16,6.249351289471215e-16,1.379170061317419e-15,1,diag_5120,0.0001000108748900367,1.9522403580165237e10,3.3813927281753216e10,53
lara17_benchmark4,4,Float64,false,taylor,realschur,0.000312848,4.01e-7,0.00014305600000000002,0.000104965,4.0e-8,0.00066965,4,0,1.660096181006063e-21,1.000098041515772,1,2.220446049250313e-16,1.249165662205639e-22,2.297154477730982e-22,1,diag_5120,0.0001000108748900367,1.9522403580165237e10,3.3813927281753216e10,256
lara17_benchmark4,4,Float64,false,taylor,realschur,0.000503057,4.51e-7,0.00021329400000000002,0.000178698,4.0e-8,0.001003189,4,0,1.660096181006063e-21,1.000098041515772,1,2.220446049250313e-16,1.249165662205639e-22,2.297154477730982e-22,1,diag_5120,0.0001000108748900367,1.9522403580165237e10,3.3813927281753216e10,851
lara17_benchmark5,12,Float64,false,scaling_and_squaring,NaN,NaN,NaN,NaN,NaN,NaN,2.6462e-5,NaN,NaN,NaN,NaN,NaN,2.220446049250313e-16,7.582355998195138e-17,1.373003448430124e-16,1,diag_5120,0.0002253518219794541,5.2765795464175674e10,1.2433868819352815e11,53
lara17_benchmark5,12,Float64,false,diagonalcheap,transfree,0.0,7.21e-7,0.000516232,0.001029629,1.8e-7,0.0017455,3,0,0,1,1.0000790773806758,2.220446049250313e-16,3.222909188404656e-17,4.91739564730762e-17,1,diag_5120,0.0002253518219794541,5.2765795464175674e10,1.2433868819352815e11,53
lara17_benchmark5,12,Float64,false,diagonalcheap,transfree,0.0,5.51e-7,0.000384627,0.0012211719999999998,3.0e-8,0.001808542,3,0,3.591176745447988e-28,1,1.0000790773806758,2.220446049250313e-16,2.952415170755458e-29,1.409612924742588e-28,1,diag_5120,0.0002253518219794541,5.2765795464175674e10,1.2433868819352815e11,256
lara17_benchmark5,12,Float64,false,diagonalcheap,transfree,0.0,5.41e-7,0.000411831,0.001775837,5.0e-8,0.002384872,3,0,3.591176745447988e-28,1,1.0000790773806758,2.220446049250313e-16,2.952415170755458e-29,1.409612924742588e-28,1,diag_5120,0.0002253518219794541,5.2765795464175674e10,1.2433868819352815e11,851
lara17_benchmark5,12,Float64,false,diagonalcheap,complexschur,0.008700145,9.32e-7,0.001002976,0.006187888000000001,7.1e-8,0.020935354,3,0,2.220937325792095e-16,1.000332690175243,1.000467651019539,2.220446049250313e-16,1.346757446051236e-15,5.549308126504048e-15,1,diag_5120,0.0002253518219794541,5.2765795464175674e10,1.2433868819352815e11,53
lara17_benchmark5,12,Float64,false,diagonalcheap,complexschur,0.011980074,7.61e-7,0.000840844,0.0056732480000000005,4.0e-8,0.024372048,3,0,6.989756844726829e-29,1.000442474541676,1.000467651019514,2.220446049250313e-16,2.15694070724193e-29,7.097258845348416e-29,1,diag_5120,0.0002253518219794541,5.2765795464175674e10,1.2433868819352815e11,256
lara17_benchmark5,12,Float64,false,diagonalcheap,complexschur,0.021039938,1.102e-6,0.001082671,0.008366026,4.0e-8,0.038759257,3,0,6.989756844726829e-29,1.000332690175306,1.000467651019514,2.220446049250313e-16,2.15694070724193e-29,7.097258845348416e-29,1,diag_5120,0.0002253518219794541,5.2765795464175674e10,1.2433868819352815e11,851
lara17_benchmark5,12,Float64,false,diagonalcheap,realschur,0.00497968,8.72e-7,0.000528737,0.001143892,8.0e-8,0.007381003,3,0,2.220929925369599e-16,1.000332417623002,1.000464317344507,2.220446049250313e-16,1.327435102912011e-15,5.327263521579016e-15,1,diag_5120,0.0002253518219794541,5.2765795464175674e10,1.2433868819352815e11,53
lara17_benchmark5,12,Float64,false,diagonalcheap,realschur,0.008812583,8.61e-7,0.00056656,0.001347808,5.0e-8,0.012098824,3,0,6.989733554040812e-29,1.000435809125159,1.000464317344474,2.220446049250313e-16,2.156940714522266e-29,7.097173916148448e-29,1,diag_5120,0.0002253518219794541,5.2765795464175674e10,1.2433868819352815e11,256
lara17_benchmark5,12,Float64,false,diagonalcheap,realschur,0.037436528,8.71e-7,0.000916381,0.0030673460000000003,4.0e-8,0.043358137,3,0,6.989733554040812e-29,1.000332417623064,1.000464317344474,2.220446049250313e-16,2.156940714522266e-29,7.097173916148448e-29,1,diag_5120,0.0002253518219794541,5.2765795464175674e10,1.2433868819352815e11,851
lara17_benchmark5,12,Float64,false,taylor,transfree,0.0,6.91e-7,0.0006665029999999999,0.0009430640000000001,5.0e-8,0.001973312,4,0,2.220446049250313e-16,1,1,2.220446049250313e-16,3.222917981629412e-17,4.916933037536543e-17,1,diag_5120,0.0002253518219794541,5.2765795464175674e10,1.2433868819352815e11,53
lara17_benchmark5,12,Float64,false,taylor,transfree,0.0,8.82e-7,0.0004910540000000001,0.000751451,3.0e-8,0.001496817,4,0,1.391810090433526e-18,1,1,2.220446049250313e-16,1.022237078230989e-19,4.880199388481184e-19,1,diag_5120,0.0002253518219794541,5.2765795464175674e10,1.2433868819352815e11,256
lara17_benchmark5,12,Float64,false,taylor,transfree,0.0,5.01e-7,0.0005335059999999999,0.00096314,5.0e-8,0.001827298,4,0,1.391810090433526e-18,1,1,2.220446049250313e-16,1.022237078230989e-19,4.880199388481184e-19,1,diag_5120,0.0002253518219794541,5.2765795464175674e10,1.2433868819352815e11,851
lara17_benchmark5,12,Float64,false,taylor,complexschur,0.008207649,2.435e-6,0.0007916760000000001,0.00373292,4.0e-8,0.017792702,4,0,2.220446049250313e-16,1.000442474531402,1,2.220446049250313e-16,1.346757446051236e-15,5.549308126504048e-15,1,diag_5120,0.0002253518219794541,5.2765795464175674e10,1.2433868819352815e11,53
lara17_benchmark5,12,Float64,false,taylor,complexschur,0.01242098,8.22e-7,0.00077242,0.002677038,4.0e-8,0.019165036,4,0,2.418305878999236e-19,1.000442474531352,1,2.220446049250313e-16,7.467808057093275e-20,2.458236067126895e-19,1,diag_5120,0.0002253518219794541,5.2765795464175674e10,1.2433868819352815e11,256
lara17_benchmark5,12,Float64,false,taylor,complexschur,0.024425943,2.525e-6,0.001120085,0.004004446,4.0e-8,0.03421401,4,0,2.418305878999236e-19,1.000442474531352,1,2.220446049250313e-16,7.467808057093275e-20,2.458236067126895e-19,1,diag_5120,0.0002253518219794541,5.2765795464175674e10,1.2433868819352815e11,851
lara17_benchmark5,12,Float64,false,taylor,realschur,0.00800792,7.12e-7,0.0006735880000000001,0.001099053,4.0e-8,0.011010982,4,0,2.220446049250313e-16,1.000435809114933,1,2.220446049250313e-16,1.327435102912011e-15,5.327263521579016e-15,1,diag_5120,0.0002253518219794541,5.2765795464175674e10,1.2433868819352815e11,53
lara17_benchmark5,12,Float64,false,taylor,realschur,0.014124461,6.81e-7,0.0007198969999999999,0.001282111,4.0e-8,0.017673042,4,0,2.418305878999236e-19,1.000435809114868,1,2.220446049250313e-16,7.467815664158048e-20,2.457416490283212e-19,1,diag_5120,0.0002253518219794541,5.2765795464175674e10,1.2433868819352815e11,256
lara17_benchmark5,12,Float64,false,taylor,realschur,0.01703829,5.01e-7,0.0005002909999999999,0.000987948,3.0e-8,0.019861874,4,0,2.418305878999236e-19,1.000435809114868,1,2.220446049250313e-16,7.467815664158048e-20,2.457416490283212e-19,1,diag_5120,0.0002253518219794541,5.2765795464175674e10,1.2433868819352815e11,851
lara17_benchmark6,8,Float64,false,scaling_and_squaring,NaN,NaN,NaN,NaN,NaN,NaN,1.8857e-5,NaN,NaN,NaN,NaN,NaN,2.220446049250313e-16,6.374042019010892e-17,1.22584164031611e-16,1,diag_5120,0.0002525490807590554,1.031733902386695e11,1.2045010832905667e11,53
lara17_benchmark6,8,Float64,false,diagonalcheap,transfree,0.0,1.573e-6,0.000647157,0.00075676,4.0e-8,0.00159076,3,0,0,1,1.0004926907960978,2.220446049250313e-16,3.427940582764028e-17,5.146452800624004e-17,1,diag_5120,0.0002525490807590554,1.031733902386695e11,1.2045010832905667e11,53
lara17_benchmark6,8,Float64,false,diagonalcheap,transfree,0.0,6.71e-7,0.000527575,0.000775294,4.0e-8,0.001480756,3,0,3.580691718573182e-28,1,1.0004926907960978,2.220446049250313e-16,3.621698605197385e-29,1.406531711891111e-28,1,diag_5120,0.0002525490807590554,1.031733902386695e11,1.2045010832905667e11,256
lara17_benchmark6,8,Float64,false,diagonalcheap,transfree,0.0,6.42e-7,0.000478689,0.000934206,4.0e-8,0.001586451,3,0,3.580691718573182e-28,1,1.0004926907960978,2.220446049250313e-16,3.621698605197385e-29,1.406531711891111e-28,1,diag_5120,0.0002525490807590554,1.031733902386695e11,1.2045010832905667e11,851
lara17_benchmark6,8,Float64,false,diagonalcheap,complexschur,0.001275227,1.673e-6,0.0006733790000000001,0.001865712,4.0e-8,0.004855981,3,0,2.22083132382222e-16,1.000346998338201,1.0004199002160503,2.220446049250313e-16,4.629954078616661e-16,1.083714974579646e-15,1,diag_5120,0.0002525490807590554,1.031733902386695e11,1.2045010832905667e11,53
lara17_benchmark6,8,Float64,false,diagonalcheap,complexschur,0.00139025,7.41e-7,0.00046405100000000005,0.015468532,4.0e-8,0.018884615,3,0,6.98942323423498e-29,1.000346998338201,1.0004199002160503,2.220446049250313e-16,2.64958764395163e-29,7.08167705779109e-29,1,diag_5120,0.0002525490807590554,1.031733902386695e11,1.2045010832905667e11,256
lara17_benchmark6,8,Float64,false,diagonalcheap,complexschur,0.002415862,1.153e-6,0.0007328139999999999,0.002862047,4.1e-8,0.007894061,3,0,6.98942323423498e-29,1.000346998338201,1.0004199002160503,2.220446049250313e-16,2.64958764395163e-29,7.08167705779109e-29,1,diag_5120,0.0002525490807590554,1.031733902386695e11,1.2045010832905667e11,851
lara17_benchmark6,8,Float64,false,diagonalcheap,realschur,0.001192607,1.283e-6,0.000468791,0.00042549799999999996,3.0e-8,0.002393388,3,0,2.22083132382222e-16,1.000346998338201,1.0004199002160503,2.220446049250313e-16,4.629954078616661e-16,1.083714974579646e-15,1,diag_5120,0.0002525490807590554,1.031733902386695e11,1.2045010832905667e11,53
lara17_benchmark6,8,Float64,false,diagonalcheap,realschur,0.000976857,1.162e-6,0.0004674989999999999,0.000490009,3.0e-8,0.002233378,3,0,6.98942323423498e-29,1.000346998338201,1.0004199002160503,2.220446049250313e-16,2.64958764395163e-29,7.08167705779109e-29,1,diag_5120,0.0002525490807590554,1.031733902386695e11,1.2045010832905667e11,256
lara17_benchmark6,8,Float64,false,diagonalcheap,realschur,0.001446009,7.72e-7,0.00043908299999999994,0.000685601,3.0e-8,0.002936213,3,0,6.98942323423498e-29,1.000346998338201,1.0004199002160503,2.220446049250313e-16,2.64958764395163e-29,7.08167705779109e-29,1,diag_5120,0.0002525490807590554,1.031733902386695e11,1.2045010832905667e11,851
lara17_benchmark6,8,Float64,false,taylor,transfree,0.0,5.61e-7,0.00026359200000000005,0.0002164,4.0e-8,0.000588583,4,0,2.220446049250313e-16,1,1,2.220446049250313e-16,3.42795328832031e-17,5.146452800624004e-17,1,diag_5120,0.0002525490807590554,1.031733902386695e11,1.2045010832905667e11,53
lara17_benchmark6,8,Float64,false,taylor,transfree,0.0,4.81e-7,0.000239536,0.000212432,4.0e-8,0.000554827,4,0,1.391810090433526e-18,1,1,2.220446049250313e-16,1.253909276324047e-19,4.870172862059746e-19,1,diag_5120,0.0002525490807590554,1.031733902386695e11,1.2045010832905667e11,256
lara17_benchmark6,8,Float64,false,taylor,transfree,0.0,4.0e-7,0.00025558600000000003,0.000319831,5.0e-8,0.000708546,4,0,1.391810090433526e-18,1,1,2.220446049250313e-16,1.253909276324047e-19,4.870172862059746e-19,1,diag_5120,0.0002525490807590554,1.031733902386695e11,1.2045010832905667e11,851
lara17_benchmark6,8,Float64,false,taylor,complexschur,0.000687755,5.51e-7,0.0003008260000000001,0.000812365,3.0e-8,0.002684925,4,0,2.220446049250313e-16,1.000346998328182,1,2.220446049250313e-16,4.629954078616655e-16,1.083714974579646e-15,1,diag_5120,0.0002525490807590554,1.031733902386695e11,1.2045010832905667e11,53
lara17_benchmark6,8,Float64,false,taylor,complexschur,0.001446369,7.11e-7,0.000404617,0.0010596359999999999,8.0e-8,0.003845879,4,0,2.418305878999289e-19,1.000346998328182,1,2.220446049250313e-16,9.172683247360174e-20,2.452491556806931e-19,1,diag_5120,0.0002525490807590554,1.031733902386695e11,1.2045010832905667e11,256
lara17_benchmark6,8,Float64,false,taylor,complexschur,0.001491917,1.001e-6,0.00051993,0.001815857,5.0e-8,0.005713456,4,0,2.418305878999289e-19,1.000346998328182,1,2.220446049250313e-16,9.172683247360174e-20,2.452491556806931e-19,1,diag_5120,0.0002525490807590554,1.031733902386695e11,1.2045010832905667e11,851
lara17_benchmark6,8,Float64,false,taylor,realschur,0.001203317,7.72e-7,0.00039894500000000005,0.000441307,5.0e-8,0.002493433,4,0,2.220446049250313e-16,1.000346998328182,1,2.220446049250313e-16,4.629954078616655e-16,1.083714974579646e-15,1,diag_5120,0.0002525490807590554,1.031733902386695e11,1.2045010832905667e11,53
lara17_benchmark6,8,Float64,false,taylor,realschur,0.001742214,7.21e-7,0.000394717,0.0005204509999999999,4.0e-8,0.003150488,4,0,2.418305878999289e-19,1.000346998328182,1,2.220446049250313e-16,9.172683247360174e-20,2.452491556806931e-19,1,diag_5120,0.0002525490807590554,1.031733902386695e11,1.2045010832905667e11,256
lara17_benchmark6,8,Float64,false,taylor,realschur,0.002650948,9.52e-7,0.0004479,0.000806066,5.0e-8,0.00455195,4,0,2.418305878999289e-19,1.000346998328182,1,2.220446049250313e-16,9.172683247360174e-20,2.452491556806931e-19,1,diag_5120,0.0002525490807590554,1.031733902386695e11,1.2045010832905667e11,851
cauchy_10,10,Rational{Int64},true,scaling_and_squaring,NaN,NaN,NaN,NaN,NaN,NaN,5.728e-5,NaN,NaN,NaN,NaN,NaN,2.220446049250313e-16,4.722900471407368e-16,2.439183222143246e-15,5.238622722076758,diag_5120,0.9906696414891242,1.3281672796450564e14,6.230916431854037e13,53
cauchy_10,10,Rational{Int64},true,diagonalcheap,transfree,0.002624772,0.0,0.0,0.0,0.0,0.00334758,NaN,NaN,NaN,NaN,NaN,2.220446049250313e-16,4.449175672038462e-16,3.598885752012445e-15,5.238622722076758,diag_5120,0.9906696414891242,1.3281672796450564e14,6.230916431854037e13,53
cauchy_10,10,Rational{Int64},true,diagonalcheap,transfree,0.00510164,0.0,0.0,0.0,0.0,0.006053508,NaN,NaN,NaN,NaN,NaN,2.220446049250313e-16,4.155977730494111e-77,2.345852052816973e-76,5.238622722076758,diag_5120,0.9906696414891242,1.3281672796450564e14,6.230916431854037e13,256
cauchy_10,10,Rational{Int64},true,diagonalcheap,transfree,0.011701617,0.0,0.0,0.0,0.0,0.013038144,NaN,NaN,NaN,NaN,NaN,2.220446049250313e-16,3.862303081728751e-256,2.984210282961039e-255,5.238622722076758,diag_5120,0.9906696414891242,1.3281672796450564e14,6.230916431854037e13,851
cauchy_10,10,Rational{Int64},true,diagonalcheap,complexschur,0.002850435,0.00016958700000000001,0.002833805,0.008097894999999999,5.0e-8,0.01651857,13,0,4.262376412398877e-16,3.624305617093813,1.9196036822592175,2.220446049250313e-16,2.446131283222686e-15,1.841128571118129e-14,5.238622722076758,diag_5120,0.9906696414891242,1.3281672796450564e14,6.230916431854037e13,53
cauchy_10,10,Rational{Int64},true,diagonalcheap,complexschur,0.004484424,4.4380000000000005e-6,0.0019000000000000002,0.006876658,4.0e-8,0.0159979,9,0,7.64065294642954e-20,3.624305617093808,1.9270940668473682,2.220446049250313e-16,8.064349358509332e-77,5.698318445635019e-76,5.238622722076758,diag_5120,0.9906696414891242,1.3281672796450564e14,6.230916431854037e13,256
cauchy_10,10,Rational{Int64},true,diagonalcheap,complexschur,0.008727975,4.568e-6,0.002277417,0.00850695,5.0e-8,0.022996182,9,0,7.64065294642954e-20,3.624305617093808,1.9270940668473682,2.220446049250313e-16,6.6363593186459e-256,3.82367060162492e-255,5.238622722076758,diag_5120,0.9906696414891242,1.3281672796450564e14,6.230916431854037e13,851
cauchy_10,10,Rational{Int64},true,diagonalcheap,realschur,0.002839475,0.000118397,0.0017714320000000003,0.002021101,4.0e-8,0.007560652,13,0,4.262376412398877e-16,3.624305617093813,1.9196036822592175,2.220446049250313e-16,2.446131283222686e-15,1.841128571118129e-14,5.238622722076758,diag_5120,0.9906696414891242,1.3281672796450564e14,6.230916431854037e13,53
cauchy_10,10,Rational{Int64},true,diagonalcheap,realschur,0.004448735,2.324e-6,0.0012355830000000002,0.001812653,7.0e-8,0.00840772,9,0,7.64065294642954e-20,3.624305617093808,1.9270940668473682,2.220446049250313e-16,8.064349358509332e-77,5.698318445635019e-76,5.238622722076758,diag_5120,0.9906696414891242,1.3281672796450564e14,6.230916431854037e13,256
cauchy_10,10,Rational{Int64},true,diagonalcheap,realschur,0.008695903,2.6950000000000005e-6,0.0015212110000000002,0.002526703,7.0e-8,0.014132927,9,0,7.64065294642954e-20,3.624305617093808,1.9270940668473682,2.220446049250313e-16,6.6363593186459e-256,3.82367060162492e-255,5.238622722076758,diag_5120,0.9906696414891242,1.3281672796450564e14,6.230916431854037e13,851
cauchy_10,10,Rational{Int64},true,taylor,transfree,0.002705467,0.0,0.0,0.0,0.0,0.003444186,NaN,NaN,NaN,NaN,NaN,2.220446049250313e-16,4.449175672038462e-16,3.598885752012445e-15,5.238622722076758,diag_5120,0.9906696414891242,1.3281672796450564e14,6.230916431854037e13,53
cauchy_10,10,Rational{Int64},true,taylor,transfree,0.005227331,0.0,0.0,0.0,0.0,0.00613247,NaN,NaN,NaN,NaN,NaN,2.220446049250313e-16,4.155977730494111e-77,2.345852052816973e-76,5.238622722076758,diag_5120,0.9906696414891242,1.3281672796450564e14,6.230916431854037e13,256
cauchy_10,10,Rational{Int64},true,taylor,transfree,0.012018456,0.0,0.0,0.0,0.0,0.013401723,NaN,NaN,NaN,NaN,NaN,2.220446049250313e-16,3.862303081728751e-256,2.984210282961039e-255,5.238622722076758,diag_5120,0.9906696414891242,1.3281672796450564e14,6.230916431854037e13,851
cauchy_10,10,Rational{Int64},true,taylor,complexschur,0.002917654,0.0012388990000000001,0.002895642,0.020536637,0.000662132,0.030345859,90,1,2.220446049250313e-16,1.903760913639055,1,2.220446049250313e-16,2.446131283222686e-15,1.841128571118129e-14,5.238622722076758,diag_5120,0.9906696414891242,1.3281672796450564e14,6.230916431854037e13,53
cauchy_10,10,Rational{Int64},true,taylor,complexschur,0.003305058,0.000315276,0.0008969719999999999,0.005065221,4.0e-8,0.011325695,20,0,4.203605895585383e-18,3.472540635540448,1,2.220446049250313e-16,8.064349358509332e-77,5.698318445635019e-76,5.238622722076758,diag_5120,0.9906696414891242,1.3281672796450564e14,6.230916431854037e13,256
cauchy_10,10,Rational{Int64},true,taylor,complexschur,0.005791845,0.000345812,0.001017916,0.006595156,5.0e-8,0.016254643,20,0,4.203605895585383e-18,3.472540635540448,1,2.220446049250313e-16,6.6363593186459e-256,3.82367060162492e-255,5.238622722076758,diag_5120,0.9906696414891242,1.3281672796450564e14,6.230916431854037e13,851
cauchy_10,10,Rational{Int64},true,taylor,realschur,0.002151052,0.000596316,0.002099232,0.006237461999999999,0.000327529,0.012550818,90,1,2.220446049250313e-16,1.903760913639055,1,2.220446049250313e-16,2.446131283222686e-15,1.841128571118129e-14,5.238622722076758,diag_5120,0.9906696414891242,1.3281672796450564e14,6.230916431854037e13,53
cauchy_10,10,Rational{Int64},true,taylor,realschur,0.002902135,0.00019593399999999998,0.0006659999999999998,0.001357728,3.0e-8,0.005722592,20,0,4.203605895585383e-18,3.472540635540448,1,2.220446049250313e-16,8.064349358509332e-77,5.698318445635019e-76,5.238622722076758,diag_5120,0.9906696414891242,1.3281672796450564e14,6.230916431854037e13,256
cauchy_10,10,Rational{Int64},true,taylor,realschur,0.008183759,0.00032180999999999996,0.0011975610000000002,0.0024158889999999996,4.0e-8,0.013110463,20,0,4.203605895585383e-18,3.472540635540448,1,2.220446049250313e-16,6.6363593186459e-256,3.82367060162492e-255,5.238622722076758,diag_5120,0.9906696414891242,1.3281672796450564e14,6.230916431854037e13,851
condex__2_4_6,2,Float64,true,scaling_and_squaring,NaN,NaN,NaN,NaN,NaN,NaN,1.8546e-5,NaN,NaN,NaN,NaN,NaN,2.220446049250313e-16,2.331237464452423e-16,5.886538990229876e-16,2.718281828459045,diag_5120,1.369516158094779,1.0464929912752123,1.0464929912752123,53
condex__2_4_6,2,Float64,true,diagonalcheap,transfree,3.134e-5,0.0,0.0,0.0,0.0,7.5915e-5,NaN,NaN,NaN,NaN,NaN,2.220446049250313e-16,1.339593827518955e-16,3.666092940979563e-16,2.718281828459045,diag_5120,1.369516158094779,1.0464929912752123,1.0464929912752123,53
condex__2_4_6,2,Float64,true,diagonalcheap,transfree,3.9897e-5,0.0,0.0,0.0,0.0,8.9552e-5,NaN,NaN,NaN,NaN,NaN,2.220446049250313e-16,9.638811855425565e-78,2.421141398168356e-77,2.718281828459045,diag_5120,1.369516158094779,1.0464929912752123,1.0464929912752123,256
condex__2_4_6,2,Float64,true,diagonalcheap,transfree,4.8132e-5,0.0,0.0,0.0,0.0,0.000124209,NaN,NaN,NaN,NaN,NaN,2.220446049250313e-16,7.985933086547046e-257,2.604967738894998e-256,2.718281828459045,diag_5120,1.369516158094779,1.0464929912752123,1.0464929912752123,851
condex__2_4_6,2,Float64,true,diagonalcheap,complexschur,6.4534e-5,0.0,0.0,0.0,0.0,0.00016131,0,0,NaN,NaN,1,2.220446049250313e-16,2.331237464452423e-16,5.886538990229876e-16,2.718281828459045,diag_5120,1.369516158094779,1.0464929912752123,1.0464929912752123,53
condex__2_4_6,2,Float64,true,diagonalcheap,complexschur,4.5648e-5,0.0,0.0,0.0,0.0,9.2057e-5,0,0,NaN,NaN,1,2.220446049250313e-16,1.033821035982573e-77,2.760559734888311e-77,2.718281828459045,diag_5120,1.369516158094779,1.0464929912752123,1.0464929912752123,256
condex__2_4_6,2,Float64,true,diagonalcheap,complexschur,4.8713e-5,0.0,0.0,0.0,0.0,0.000111424,0,0,NaN,NaN,1,2.220446049250313e-16,5.147334433608586e-257,1.272969392699864e-256,2.718281828459045,diag_5120,1.369516158094779,1.0464929912752123,1.0464929912752123,851
condex__2_4_6,2,Float64,true,diagonalcheap,realschur,3.7933e-5,0.0,0.0,0.0,0.0,8.1978e-5,0,0,NaN,NaN,1,2.220446049250313e-16,2.331237464452423e-16,5.886538990229876e-16,2.718281828459045,diag_5120,1.369516158094779,1.0464929912752123,1.0464929912752123,53
condex__2_4_6,2,Float64,true,diagonalcheap,realschur,3.152e-5,0.0,0.0,0.0,0.0,6.7429e-5,0,0,NaN,NaN,1,2.220446049250313e-16,1.033821035982573e-77,2.760559734888311e-77,2.718281828459045,diag_5120,1.369516158094779,1.0464929912752123,1.0464929912752123,256
condex__2_4_6,2,Float64,true,diagonalcheap,realschur,4.0868e-5,0.0,0.0,0.0,0.0,8.7047e-5,0,0,NaN,NaN,1,2.220446049250313e-16,5.147334433608586e-257,1.272969392699864e-256,2.718281828459045,diag_5120,1.369516158094779,1.0464929912752123,1.0464929912752123,851
condex__2_4_6,2,Float64,true,taylor,transfree,3.4446e-5,0.0,0.0,0.0,0.0,6.9493e-5,NaN,NaN,NaN,NaN,NaN,2.220446049250313e-16,1.339593827518955e-16,3.666092940979563e-16,2.718281828459045,diag_5120,1.369516158094779,1.0464929912752123,1.0464929912752123,53
condex__2_4_6,2,Float64,true,taylor,transfree,2.4337e-5,0.0,0.0,0.0,0.0,5.4905e-5,NaN,NaN,NaN,NaN,NaN,2.220446049250313e-16,9.638811855425565e-78,2.421141398168356e-77,2.718281828459045,diag_5120,1.369516158094779,1.0464929912752123,1.0464929912752123,256
condex__2_4_6,2,Float64,true,taylor,transfree,3.6089e-5,0.0,0.0,0.0,0.0,9.0023e-5,NaN,NaN,NaN,NaN,NaN,2.220446049250313e-16,7.985933086547046e-257,2.604967738894998e-256,2.718281828459045,diag_5120,1.369516158094779,1.0464929912752123,1.0464929912752123,851
condex__2_4_6,2,Float64,true,taylor,complexschur,3.4396e-5,0.0,0.0,0.0,0.0,8.1306e-5,0,0,NaN,NaN,1,2.220446049250313e-16,2.331237464452423e-16,5.886538990229876e-16,2.718281828459045,diag_5120,1.369516158094779,1.0464929912752123,1.0464929912752123,53
condex__2_4_6,2,Float64,true,taylor,complexschur,3.4887e-5,0.0,0.0,0.0,0.0,7.7789e-5,0,0,NaN,NaN,1,2.220446049250313e-16,1.033821035982573e-77,2.760559734888311e-77,2.718281828459045,diag_5120,1.369516158094779,1.0464929912752123,1.0464929912752123,256
condex__2_4_6,2,Float64,true,taylor,complexschur,4.8994e-5,0.0,0.0,0.0,0.0,0.000112917,0,0,NaN,NaN,1,2.220446049250313e-16,5.147334433608586e-257,1.272969392699864e-256,2.718281828459045,diag_5120,1.369516158094779,1.0464929912752123,1.0464929912752123,851
condex__2_4_6,2,Float64,true,taylor,realschur,4.0317e-5,0.0,0.0,0.0,0.0,7.9593e-5,0,0,NaN,NaN,1,2.220446049250313e-16,2.331237464452423e-16,5.886538990229876e-16,2.718281828459045,diag_5120,1.369516158094779,1.0464929912752123,1.0464929912752123,53
condex__2_4_6,2,Float64,true,taylor,realschur,5.1969e-5,0.0,0.0,0.0,0.0,9.3841e-5,0,0,NaN,NaN,1,2.220446049250313e-16,1.033821035982573e-77,2.760559734888311e-77,2.718281828459045,diag_5120,1.369516158094779,1.0464929912752123,1.0464929912752123,256
condex__2_4_6,2,Float64,true,taylor,realschur,5.725e-5,0.0,0.0,0.0,0.0,0.000118698,0,0,NaN,NaN,1,2.220446049250313e-16,5.147334433608586e-257,1.272969392699864e-256,2.718281828459045,diag_5120,1.369516158094779,1.0464929912752123,1.0464929912752123,851
condex__3_2_100,3,Float64,false,scaling_and_squaring,NaN,NaN,NaN,NaN,NaN,NaN,1.8215e-5,NaN,NaN,NaN,NaN,NaN,2.220446049250313e-16,2.372304708663929e-16,1.866920887153213e-15,8.181928021308007,exp_mp_5120,2.63067088980871,595.9799999999999,361.5145982211523,53
condex__3_2_100,3,Float64,false,diagonalcheap,transfree,0.0,2.4039999999999998e-6,0.0007543809999999999,0.000243598,4.0e-8,0.001052541,9,0,0,8.181928021308007,4.139317848653796,2.220446049250313e-16,1.033139640176802e-16,8.237826359488755e-16,8.181928021308007,exp_mp_5120,2.63067088980871,595.9799999999999,361.5145982211523,53
condex__3_2_100,3,Float64,false,diagonalcheap,transfree,0.0,1.793e-6,0.0006258520000000001,0.00019784000000000002,5.0e-8,0.000892274,9,0,4.818507880357496e-17,8.181928021308007,4.139317848653797,2.220446049250313e-16,1.665837263887236e-77,1.181778066471717e-76,8.181928021308007,exp_mp_5120,2.63067088980871,595.9799999999999,361.5145982211523,256
condex__3_2_100,3,Float64,false,diagonalcheap,transfree,0.0,1.944e-6,0.000593929,0.000242786,3.0e-8,0.000887955,9,0,4.818507880357496e-17,8.181928021308007,4.139317848653797,2.220446049250313e-16,1.183737957681888e-256,8.677830426333536e-256,8.181928021308007,exp_mp_5120,2.63067088980871,595.9799999999999,361.5145982211523,851
condex__3_2_100,3,Float64,false,diagonalcheap,complexschur,0.0,1.914e-6,0.000507917,0.00026606000000000004,4.0e-8,0.002143758,9,0,0,8.181928021308007,4.139317848653796,2.220446049250313e-16,1.033139640176802e-16,8.237826359488755e-16,8.181928021308007,exp_mp_5120,2.63067088980871,595.9799999999999,361.5145982211523,53
condex__3_2_100,3,Float64,false,diagonalcheap,complexschur,0.0,2.274e-6,0.000690177,0.00018271000000000002,4.0e-8,0.000961026,9,0,4.818507880357496e-17,8.181928021308007,4.139317848653797,2.220446049250313e-16,1.665837263887236e-77,1.181778066471717e-76,8.181928021308007,exp_mp_5120,2.63067088980871,595.9799999999999,361.5145982211523,256
condex__3_2_100,3,Float64,false,diagonalcheap,complexschur,0.0,1.734e-6,0.000558432,0.00021719800000000002,4.0e-8,0.00083277,9,0,4.818507880357496e-17,8.181928021308007,4.139317848653797,2.220446049250313e-16,1.183737957681888e-256,8.677830426333536e-256,8.181928021308007,exp_mp_5120,2.63067088980871,595.9799999999999,361.5145982211523,851
condex__3_2_100,3,Float64,false,diagonalcheap,realschur,0.0,1.793e-6,0.000455485,0.000216236,4.0e-8,0.000724992,9,0,0,8.181928021308007,4.139317848653796,2.220446049250313e-16,1.033139640176802e-16,8.237826359488755e-16,8.181928021308007,exp_mp_5120,2.63067088980871,595.9799999999999,361.5145982211523,53
condex__3_2_100,3,Float64,false,diagonalcheap,realschur,0.0,2.3639999999999997e-6,0.000797103,0.000267994,4.0e-8,0.001132977,9,0,4.818507880357496e-17,8.181928021308007,4.139317848653797,2.220446049250313e-16,1.665837263887236e-77,1.181778066471717e-76,8.181928021308007,exp_mp_5120,2.63067088980871,595.9799999999999,361.5145982211523,256
condex__3_2_100,3,Float64,false,diagonalcheap,realschur,0.0,2.244e-6,0.000907553,0.000357979,4.0e-8,0.001343771,9,0,4.818507880357496e-17,8.181928021308007,4.139317848653797,2.220446049250313e-16,1.183737957681888e-256,8.677830426333536e-256,8.181928021308007,exp_mp_5120,2.63067088980871,595.9799999999999,361.5145982211523,851
condex__3_2_100,3,Float64,false,taylor,transfree,0.0,0.00018649900000000002,0.0004605639999999999,0.000180037,4.0e-8,0.000884659,20,0,8.881784197001252e-16,7.691583166666666,1,2.220446049250313e-16,4.557849509032637e-17,3.560982992702667e-16,8.181928021308007,exp_mp_5120,2.63067088980871,595.9799999999999,361.5145982211523,53
condex__3_2_100,3,Float64,false,taylor,transfree,0.0,0.000167731,0.000451549,0.000200616,4.0e-8,0.000876965,20,0,5.090322228031348e-16,7.691583166666667,1,2.220446049250313e-16,1.274399566523733e-19,8.86090839564881e-19,8.181928021308007,exp_mp_5120,2.63067088980871,595.9799999999999,361.5145982211523,256
condex__3_2_100,3,Float64,false,taylor,transfree,0.0,0.000146322,0.0004516670000000001,0.00024969,5.0e-8,0.000908435,20,0,5.090322228031348e-16,7.691583166666667,1,2.220446049250313e-16,1.274399566523733e-19,8.86090839564881e-19,8.181928021308007,exp_mp_5120,2.63067088980871,595.9799999999999,361.5145982211523,851
condex__3_2_100,3,Float64,false,taylor,complexschur,0.0,0.00011249599999999999,0.00027920600000000005,0.00010898900000000001,3.0e-8,0.000561238,20,0,8.881784197001252e-16,7.691583166666666,1,2.220446049250313e-16,4.557849509032637e-17,3.560982992702667e-16,8.181928021308007,exp_mp_5120,2.63067088980871,595.9799999999999,361.5145982211523,53
condex__3_2_100,3,Float64,false,taylor,complexschur,0.0,0.00012115399999999999,0.0002880940000000001,0.00013141999999999999,5.0e-8,0.000590434,20,0,5.090322228031348e-16,7.691583166666667,1,2.220446049250313e-16,1.274399566523733e-19,8.86090839564881e-19,8.181928021308007,exp_mp_5120,2.63067088980871,595.9799999999999,361.5145982211523,256
condex__3_2_100,3,Float64,false,taylor,complexschur,0.0,0.000166148,0.0004959550000000001,0.000213268,4.0e-8,0.000933303,20,0,5.090322228031348e-16,7.691583166666667,1,2.220446049250313e-16,1.274399566523733e-19,8.86090839564881e-19,8.181928021308007,exp_mp_5120,2.63067088980871,595.9799999999999,361.5145982211523,851
condex__3_2_100,3,Float64,false,taylor,realschur,0.0,0.000111913,0.0002603399999999999,0.00010345899999999999,3.0e-8,0.000525178,20,0,8.881784197001252e-16,7.691583166666666,1,2.220446049250313e-16,4.557849509032637e-17,3.560982992702667e-16,8.181928021308007,exp_mp_5120,2.63067088980871,595.9799999999999,361.5145982211523,53
condex__3_2_100,3,Float64,false,taylor,realschur,0.0,0.00010393,0.00028359500000000004,0.00011821600000000001,3.0e-8,0.000555197,20,0,5.090322228031348e-16,7.691583166666667,1,2.220446049250313e-16,1.274399566523733e-19,8.86090839564881e-19,8.181928021308007,exp_mp_5120,2.63067088980871,595.9799999999999,361.5145982211523,256
condex__3_2_100,3,Float64,false,taylor,realschur,0.0,0.00010714600000000001,0.00034931100000000004,0.000170716,4.0e-8,0.000680407,20,0,5.090322228031348e-16,7.691583166666667,1,2.220446049250313e-16,1.274399566523733e-19,8.86090839564881e-19,8.181928021308007,exp_mp_5120,2.63067088980871,595.9799999999999,361.5145982211523,851
condex__10_3_100,10,Float64,false,scaling_and_squaring,NaN,NaN,NaN,NaN,NaN,NaN,2.1912e-5,NaN,NaN,NaN,NaN,NaN,2.220446049250313e-16,2.479211969977962e-16,3.494668356072863e-15,9.902911643581508,exp_mp_5120,2.621097957529903,5120.0,1918.486880661562,53
condex__10_3_100,10,Float64,false,diagonalcheap,transfree,0.0,0.000204753,0.001497728,0.0014095479999999998,4.0e-8,0.003306061,17,0,1.884687778847764e-15,9.479535952822371,30.908085342644817,2.220446049250313e-16,4.206171914288668e-16,5.508125473136999e-15,9.902911643581508,exp_mp_5120,2.621097957529903,5120.0,1918.486880661562,53
condex__10_3_100,10,Float64,false,diagonalcheap,transfree,0.0,0.000138336,0.0016228159999999998,0.0019940609999999997,4.0e-8,0.004078765,13,0,2.124672034557484e-25,9.479535952822365,30.78404967381539,2.220446049250313e-16,1.211097441513524e-77,2.285195914643857e-76,9.902911643581508,exp_mp_5120,2.621097957529903,5120.0,1918.486880661562,256
condex__10_3_100,10,Float64,false,diagonalcheap,transfree,0.0,0.000206168,0.002296782,0.00266146,5.1e-8,0.005555521,13,0,2.124672034557484e-25,9.479535952822365,30.78404967381539,2.220446049250313e-16,1.965963837423524e-256,2.781133208372868e-255,9.902911643581508,exp_mp_5120,2.621097957529903,5120.0,1918.486880661562,851
condex__10_3_100,10,Float64,false,diagonalcheap,complexschur,7.1578e-5,0.00056717,0.005012321000000001,0.016564475999999998,4.0e-8,0.023947199,37,0,0,6.795704571147613,31.120788256160154,2.220446049250313e-16,2.326143687924112e-16,4.564129592899841e-15,9.902911643581508,exp_mp_5120,2.621097957529903,5120.0,1918.486880661562,53
condex__10_3_100,10,Float64,false,diagonalcheap,complexschur,5.1729e-5,0.00018982399999999998,0.002430788,0.009516441,5.0e-8,0.014330296,13,0,1.202992821054818e-25,9.479535952822363,30.78404967381538,2.220446049250313e-16,1.198919057966794e-34,7.030280629717042e-34,9.902911643581508,exp_mp_5120,2.621097957529903,5120.0,1918.486880661562,256
condex__10_3_100,10,Float64,false,diagonalcheap,complexschur,7.824e-5,0.000151,0.042572274999999986,0.006449691,3.0e-8,0.051034629,13,0,1.202992821054818e-25,9.479535952822363,30.78404967381538,2.220446049250313e-16,1.198919057966794e-34,7.030280629717042e-34,9.902911643581508,exp_mp_5120,2.621097957529903,5120.0,1918.486880661562,851
condex__10_3_100,10,Float64,false,diagonalcheap,realschur,1.1863e-5,0.00031107700000000004,0.0024937720000000004,0.00253971,3.0e-8,0.005766106,37,0,0,6.795704571147613,31.120788256160154,2.220446049250313e-16,2.326143687924112e-16,4.564129592899841e-15,9.902911643581508,exp_mp_5120,2.621097957529903,5120.0,1918.486880661562,53
condex__10_3_100,10,Float64,false,diagonalcheap,realschur,1.3747e-5,7.3039e-5,0.0011925599999999998,0.001479101,3.0e-8,0.00315003,13,0,2.124672034557484e-25,9.479535952822365,30.78404967381538,2.220446049250313e-16,1.198919057966794e-34,7.030280629717042e-34,9.902911643581508,exp_mp_5120,2.621097957529903,5120.0,1918.486880661562,256
condex__10_3_100,10,Float64,false,diagonalcheap,realschur,2.059e-5,0.000101294,0.0013024299999999998,0.001847331,4.0e-8,0.003710638,13,0,2.124672034557484e-25,9.479535952822365,30.78404967381538,2.220446049250313e-16,1.198919057966794e-34,7.030280629717042e-34,9.902911643581508,exp_mp_5120,2.621097957529903,5120.0,1918.486880661562,851
condex__10_3_100,10,Float64,false,taylor,transfree,0.0,0.000391802,0.0007056979999999999,0.001875091,4.0e-8,0.003145803,30,0,1.77635683940025e-15,11.5,1,2.220446049250313e-16,7.450898597470438e-17,1.115102611684356e-15,9.902911643581508,exp_mp_5120,2.621097957529903,5120.0,1918.486880661562,53
condex__10_3_100,10,Float64,false,taylor,transfree,0.0,0.0005208799999999999,0.0010952140000000002,0.0022238220000000003,4.0e-8,0.004108222,25,0,2.261822617492825e-18,11.5,1,2.220446049250313e-16,1.893030332425675e-23,2.847703789567423e-22,9.902911643581508,exp_mp_5120,2.621097957529903,5120.0,1918.486880661562,256
condex__10_3_100,10,Float64,false,taylor,transfree,0.0,0.000382956,0.0010449569999999998,0.001630955,4.0e-8,0.003286222,25,0,2.261822617492825e-18,11.5,1,2.220446049250313e-16,1.893030332425675e-23,2.847703789567423e-22,9.902911643581508,exp_mp_5120,2.621097957529903,5120.0,1918.486880661562,851
condex__10_3_100,10,Float64,false,taylor,complexschur,4.4325e-5,0.00030648900000000007,0.0010191979999999998,0.005788869,8.1e-8,0.00973505,25,0,1.77635683940025e-15,11.5,1,2.220446049250313e-16,7.450898597470438e-17,1.115102611684356e-15,9.902911643581508,exp_mp_5120,2.621097957529903,5120.0,1918.486880661562,53
condex__10_3_100,10,Float64,false,taylor,complexschur,6.5696e-5,0.00048502,0.0014431409999999991,0.008177816,6.0e-8,0.011871343,25,0,1.334698663665877e-18,11.5,1,2.220446049250313e-16,1.893029961911112e-23,2.84700759793806e-22,9.902911643581508,exp_mp_5120,2.621097957529903,5120.0,1918.486880661562,256
condex__10_3_100,10,Float64,false,taylor,complexschur,4.7461e-5,0.0005163930000000001,0.0016007450000000004,0.010445864000000001,4.0e-8,0.014682994,25,0,1.334698663665877e-18,11.5,1,2.220446049250313e-16,1.893029961911112e-23,2.84700759793806e-22,9.902911643581508,exp_mp_5120,2.621097957529903,5120.0,1918.486880661562,851
condex__10_3_100,10,Float64,false,taylor,realschur,1.037e-5,0.000229541,0.0007227579999999999,0.001461015,4.0e-8,0.002831108,25,0,1.77635683940025e-15,11.5,1,2.220446049250313e-16,7.450898597470438e-17,1.115102611684356e-15,9.902911643581508,exp_mp_5120,2.621097957529903,5120.0,1918.486880661562,53
condex__10_3_100,10,Float64,false,taylor,realschur,1.4518e-5,0.00020153699999999998,0.0005970280000000001,0.002413355,4.0e-8,0.003803676,25,0,1.334698663665877e-18,11.5,1,2.220446049250313e-16,1.893029961911112e-23,2.84700759793806e-22,9.902911643581508,exp_mp_5120,2.621097957529903,5120.0,1918.486880661562,256
condex__10_3_100,10,Float64,false,taylor,realschur,1.6912e-5,0.000355103,0.0012029449999999998,0.003633597,5.0e-8,0.005993753,25,0,1.334698663665877e-18,11.5,1,2.220446049250313e-16,1.893029961911112e-23,2.84700759793806e-22,9.902911643581508,exp_mp_5120,2.621097957529903,5120.0,1918.486880661562,851
condex__10_4_100,10,Float64,false,scaling_and_squaring,NaN,NaN,NaN,NaN,NaN,NaN,3.2242e-5,NaN,NaN,NaN,NaN,NaN,2.220446049250313e-16,7.660507402385852e-15,2.178120808138147e-14,2.718281828459055,diag_5120,319.9793934119776,198.99999999999974,146.32743800437626,53
condex__10_4_100,10,Float64,false,diagonalcheap,transfree,0.0,0.00017361299999999998,0.0025742159999999994,0.003046621,0.001047512,0.007302126,17,5,0,17.36740344478658,12.795480419166486,2.220446049250313e-16,5.790819856499755e-15,1.643529851208571e-14,2.718281828459055,diag_5120,319.9793934119776,198.99999999999974,146.32743800437626,53
condex__10_4_100,10,Float64,false,diagonalcheap,transfree,0.0,9.4651e-5,0.002357029,0.003111949,0.001404378,0.007430804,13,5,3.298343763996514e-22,17.3674034447866,14.37184130935359,2.220446049250313e-16,6.077304577131308e-22,1.651982659802708e-21,2.718281828459055,diag_5120,319.9793934119776,198.99999999999974,146.32743800437626,256
condex__10_4_100,10,Float64,false,diagonalcheap,transfree,0.0,0.000101585,0.0027528369999999993,0.004605066999999999,0.002451268,0.010522953,13,5,3.298343763996514e-22,17.3674034447866,14.37184130935359,2.220446049250313e-16,6.077304577131308e-22,1.651982659802708e-21,2.718281828459055,diag_5120,319.9793934119776,198.99999999999974,146.32743800437626,851
condex__10_4_100,10,Float64,false,diagonalcheap,complexschur,0.00561229,0.000287504,0.0037021829999999986,0.011150827,0.005701342,0.055162111,17,5,3.817327612876409e-15,17.36740344478663,13.669755278483112,2.220446049250313e-16,1.202705912964646e-14,3.436861064270558e-14,2.718281828459055,diag_5120,319.9793934119776,198.99999999999974,146.32743800437626,53
condex__10_4_100,10,Float64,false,diagonalcheap,complexschur,0.007453628,0.00015178200000000002,0.002901482,0.008469883,0.00595006,0.027409252,13,5,3.29834376399651e-22,17.36740344478658,16.353137094411643,2.220446049250313e-16,9.491911507020486e-40,4.875667871434223e-39,2.718281828459055,diag_5120,319.9793934119776,198.99999999999974,146.32743800437626,256
condex__10_4_100,10,Float64,false,diagonalcheap,complexschur,0.01093225,0.000180969,0.002860146,0.010798331,0.007355219,0.035637238,13,5,3.29834376399651e-22,17.36740344478658,14.473208526542521,2.220446049250313e-16,9.491911507020486e-40,4.875667871434223e-39,2.718281828459055,diag_5120,319.9793934119776,198.99999999999974,146.32743800437626,851
condex__10_4_100,10,Float64,false,diagonalcheap,realschur,0.005161294,0.00019861199999999997,0.0026791280000000007,0.0028682480000000003,0.001327861,0.013144329,17,5,3.817327612876409e-15,17.36740344478663,12.704802492080402,2.220446049250313e-16,1.202801077580191e-14,3.436861064270558e-14,2.718281828459055,diag_5120,319.9793934119776,198.99999999999974,146.32743800437626,53
condex__10_4_100,10,Float64,false,diagonalcheap,realschur,0.00898034,0.00010394,0.002506425999999999,0.0026001740000000002,0.00164982,0.016908691,13,5,3.29834376399651e-22,17.36740344478658,15.449238783346361,2.220446049250313e-16,9.491911507020499e-40,4.875667871434238e-39,2.718281828459055,diag_5120,319.9793934119776,198.99999999999974,146.32743800437626,256
condex__10_4_100,10,Float64,false,diagonalcheap,realschur,0.016293328,0.00014113,0.0029623130000000003,0.0035198409999999997,0.002586258,0.027078015,13,5,3.29834376399651e-22,17.36740344478658,15.44923878334636,2.220446049250313e-16,9.491911507020499e-40,4.875667871434238e-39,2.718281828459055,diag_5120,319.9793934119776,198.99999999999974,146.32743800437626,851
condex__10_4_100,10,Float64,false,taylor,transfree,0.0,0.00038244600000000004,0.0024582609999999998,0.003418036,0.000868489,0.007601812,36,4,0,148.8358594187339,1,2.220446049250313e-16,5.861041131342238e-16,1.727094633303624e-15,2.718281828459055,diag_5120,319.9793934119776,198.99999999999974,146.32743800437626,53
condex__10_4_100,10,Float64,false,taylor,transfree,0.0,0.00045813,0.002714794999999999,0.002982357,0.000688443,0.007229137,36,4,8.411687675663313e-16,148.835859418734,1,2.220446049250313e-16,4.462038729777056e-17,1.212907879703349e-16,2.718281828459055,diag_5120,319.9793934119776,198.99999999999974,146.32743800437626,256
condex__10_4_100,10,Float64,false,taylor,transfree,0.0,0.000305676,0.0020531769999999998,0.003860522,0.001337158,0.007950092,36,4,8.411687675663313e-16,148.835859418734,1,2.220446049250313e-16,4.462038729777056e-17,1.212907879703349e-16,2.718281828459055,diag_5120,319.9793934119776,198.99999999999974,146.32743800437626,851
condex__10_4_100,10,Float64,false,taylor,complexschur,0.00642928,0.0009677209999999998,0.003264352,0.015230704000000001,0.005116147,0.03339985,72,4,0,148.8358594187342,1,2.220446049250313e-16,1.202705912964646e-14,3.436861064270558e-14,2.718281828459055,diag_5120,319.9793934119776,198.99999999999974,146.32743800437626,53
condex__10_4_100,10,Float64,false,taylor,complexschur,0.006974147,0.0007738679999999999,0.004505133,0.011201327,0.003684869,0.030186196,36,4,8.411687675663313e-16,148.835859418734,1,2.220446049250313e-16,1.342953544330672e-34,7.181570298814553e-34,2.718281828459055,diag_5120,319.9793934119776,198.99999999999974,146.32743800437626,256
condex__10_4_100,10,Float64,false,taylor,complexschur,0.010381112,0.000932881,0.005875064999999999,0.012041179999999999,0.004470297,0.037121248,36,4,8.411687675663313e-16,148.835859418734,1,2.220446049250313e-16,1.342953544330672e-34,7.181570298814553e-34,2.718281828459055,diag_5120,319.9793934119776,198.99999999999974,146.32743800437626,851
condex__10_4_100,10,Float64,false,taylor,realschur,0.003375123,0.00047899800000000006,0.0018716739999999996,0.003491157,0.000683563,0.010730773,72,4,0,148.8358594187342,1,2.220446049250313e-16,1.202801077580191e-14,3.436861064270558e-14,2.718281828459055,diag_5120,319.9793934119776,198.99999999999974,146.32743800437626,53
condex__10_4_100,10,Float64,false,taylor,realschur,0.009274886,0.000294417,0.0017872279999999999,0.002180899,0.00081718,0.015074928,36,4,8.411687675663313e-16,148.835859418734,1,2.220446049250313e-16,1.342953544330672e-34,7.181570298814553e-34,2.718281828459055,diag_5120,319.9793934119776,198.99999999999974,146.32743800437626,256
condex__10_4_100,10,Float64,false,taylor,realschur,0.013975156,0.0003513140000000001,0.0025365030000000046,0.027353002,0.001292734,0.04650357,36,4,8.411687675663313e-16,148.835859418734,1,2.220446049250313e-16,1.342953544330672e-34,7.181570298814553e-34,2.718281828459055,diag_5120,319.9793934119776,198.99999999999974,146.32743800437626,851
dorr_10_100.0,10,Float64,false,scaling_and_squaring,NaN,NaN,NaN,NaN,NaN,NaN,2.7673e-5,NaN,NaN,NaN,NaN,NaN,2.220446049250313e-16,Inf,Inf,6.882154283082583e+20595,diag_5120,NaN,60.04464312134238,48.39832069208171,53
dorr_10_100.0,10,Float64,false,diagonalcheap,transfree,0.0,0.000254299,0.00441576,0.003215527,0.002558144,0.010980623,21,13,0,19.0246421032319,19.164154398314263,2.220446049250313e-16,1.630165321624039e-12,1.121984380973297e+20584,6.882154283082583e+20595,diag_5120,NaN,60.04464312134238,48.39832069208171,53
dorr_10_100.0,10,Float64,false,diagonalcheap,transfree,0.0,0.000131911,0.0035679349999999995,0.0026294689999999997,0.00418533,0.011097447,13,13,7.733459127041817e-22,19.02464210323192,19.163494702508544,2.220446049250313e-16,1.285341325482346e-19,8.845917308391368e+20576,6.882154283082583e+20595,diag_5120,NaN,60.04464312134238,48.39832069208171,256
dorr_10_100.0,10,Float64,false,diagonalcheap,transfree,0.0,0.000136021,0.004685707999999998,0.003829259,0.006804942,0.016157337,13,13,7.733459127041817e-22,19.02464210323192,19.163494702508544,2.220446049250313e-16,1.285341325482346e-19,8.845917308391368e+20576,6.882154283082583e+20595,diag_5120,NaN,60.04464312134238,48.39832069208171,851
dorr_10_100.0,10,Float64,false,diagonalcheap,complexschur,0.004638029,0.00029060800000000003,0.005670027000000001,0.009939083,0.009897212,0.033886674,17,13,0,17.02415960147359,17.025713285759476,2.220446049250313e-16,2.122268143662292e-11,1.460559119402787e+20585,6.882154283082583e+20595,diag_5120,NaN,60.04464312134238,48.39832069208171,53
dorr_10_100.0,10,Float64,false,diagonalcheap,complexschur,0.006993293,0.000146681,0.0035935799999999994,0.005646297,0.012277745,0.032016291,13,13,2.676674570216601e-22,17.02415960147365,17.025690906607423,2.220446049250313e-16,6.241005261450034e-27,4.234954196327379e+20569,6.882154283082583e+20595,diag_5120,NaN,60.04464312134238,48.39832069208171,256
dorr_10_100.0,10,Float64,false,diagonalcheap,complexschur,0.009009617,0.000198853,0.006427386000000001,0.008029485,0.012451127,0.039139124,13,13,2.676674570216601e-22,17.02415960147365,17.025690906607423,2.220446049250313e-16,6.241005261450034e-27,4.234954196327379e+20569,6.882154283082583e+20595,diag_5120,NaN,60.04464312134238,48.39832069208171,851
dorr_10_100.0,10,Float64,false,diagonalcheap,realschur,0.00272776,0.000168118,0.002614972,0.0017802090000000003,0.002422683,0.010449703,17,13,0,17.02415960147359,17.025713285759476,2.220446049250313e-16,2.122268143662292e-11,1.460559119402787e+20585,6.882154283082583e+20595,diag_5120,NaN,60.04464312134238,48.39832069208171,53
dorr_10_100.0,10,Float64,false,diagonalcheap,realschur,0.00476842,0.00014889599999999998,0.0036871549999999997,0.00257096,0.004808667,0.016979507,13,13,2.676674570216601e-22,17.02415960147365,17.025690906607423,2.220446049250313e-16,6.241005261450034e-27,4.234954196327379e+20569,6.882154283082583e+20595,diag_5120,NaN,60.04464312134238,48.39832069208171,256
dorr_10_100.0,10,Float64,false,diagonalcheap,realschur,0.010149837,0.00015202199999999998,0.005090426000000001,0.002969325,0.004805091,0.02459242,13,13,2.676674570216601e-22,17.02415960147365,17.025690906607423,2.220446049250313e-16,6.241005261450034e-27,4.234954196327379e+20569,6.882154283082583e+20595,diag_5120,NaN,60.04464312134238,48.39832069208171,851
dorr_10_100.0,10,Float64,false,taylor,transfree,0.0,0.000995771,0.007542186999999999,0.004998553,0.001784318,0.015828836,90,13,0,19.02079321735294,1,2.220446049250313e-16,1.791803629041319e-13,1.233350113077454e+20583,6.882154283082583e+20595,diag_5120,NaN,60.04464312134238,48.39832069208171,53
dorr_10_100.0,10,Float64,false,taylor,transfree,0.0,0.000798026,0.007194901,0.03059036,0.001955246,0.041231303,56,11,1.844998820451167e-16,12470.25213793868,1,2.220446049250313e-16,9.611468674132242e-19,6.614761030239329e+20577,6.882154283082583e+20595,diag_5120,NaN,60.04464312134238,48.39832069208171,256
dorr_10_100.0,10,Float64,false,taylor,transfree,0.0,0.0005196380000000001,0.004797828,0.0044661300000000004,0.003491316,0.013802393,56,11,1.844998820451167e-16,12470.25213793868,1,2.220446049250313e-16,9.611468674132242e-19,6.614761030239329e+20577,6.882154283082583e+20595,diag_5120,NaN,60.04464312134238,48.39832069208171,851
dorr_10_100.0,10,Float64,false,taylor,complexschur,0.002590166,0.001052725,0.007958187,0.015263998999999997,0.008395196,0.037473223,90,13,3.552713678800501e-15,17.02106661466252,1,2.220446049250313e-16,2.122268143662292e-11,1.460559119402787e+20585,6.882154283082583e+20595,diag_5120,NaN,60.04464312134238,48.39832069208171,53
dorr_10_100.0,10,Float64,false,taylor,complexschur,0.004764101,0.0005752239999999999,0.006071794,0.010706104,0.009929584,0.034118439,49,11,2.262309544535595e-12,10301.17615045056,1,2.220446049250313e-16,6.548524151773224e-21,4.396644076320144e+20575,6.882154283082583e+20595,diag_5120,NaN,60.04464312134238,48.39832069208171,256
dorr_10_100.0,10,Float64,false,taylor,complexschur,0.008717456,0.0010793920000000002,0.010312611000000003,0.016357742999999998,0.009428481,0.048422567,81,10,4.178506845248254e-12,2598307.296743359,1,2.220446049250313e-16,1.399348016546549e-25,9.386255634044708e+20570,6.882154283082583e+20595,diag_5120,NaN,60.04464312134238,48.39832069208171,851
dorr_10_100.0,10,Float64,false,taylor,realschur,0.002530621,0.0006209989999999999,0.004328334999999999,0.003933727000000001,0.002028276,0.014135063,90,13,3.552713678800501e-15,17.02106661466252,1,2.220446049250313e-16,2.122268143662292e-11,1.460559119402787e+20585,6.882154283082583e+20595,diag_5120,NaN,60.04464312134238,48.39832069208171,53
dorr_10_100.0,10,Float64,false,taylor,realschur,0.004684519,0.0006252019999999999,0.006825903999999999,0.0031667680000000004,0.002350084,0.018537229,49,11,2.262309544535595e-12,10301.17615045056,1,2.220446049250313e-16,6.548524151773224e-21,4.396644076320144e+20575,6.882154283082583e+20595,diag_5120,NaN,60.04464312134238,48.39832069208171,256
dorr_10_100.0,10,Float64,false,taylor,realschur,0.012467559,0.0006991640000000001,0.007083576,0.006958425999999999,0.003651634,0.032282684,81,10,4.178506845248254e-12,2598307.296743359,1,2.220446049250313e-16,1.399348016546549e-25,9.386255634044708e+20570,6.882154283082583e+20595,diag_5120,NaN,60.04464312134238,48.39832069208171,851
dramadah_10_2,10,Int64,false,scaling_and_squaring,NaN,NaN,NaN,NaN,NaN,NaN,2.4878e-5,NaN,NaN,NaN,NaN,NaN,2.220446049250313e-16,2.415558630133318e-16,9.791027284390126e-15,41.16748238563359,exp_mp_5120,5.986432228136159,534.0,221.12569600654436,53
dramadah_10_2,10,Int64,false,diagonalcheap,transfree,0.0,0.00040259400000000004,0.0019397759999999994,0.002505823,4.1e-8,0.005208074,17,0,7.930194984910022e-15,41.16748238563362,28.184669730750176,2.220446049250313e-16,8.341250134168047e-16,3.475206324745778e-14,41.16748238563359,exp_mp_5120,5.986432228136159,534.0,221.12569600654436,53
dramadah_10_2,10,Int64,false,diagonalcheap,transfree,0.0,0.00020493500000000003,0.0015004130000000001,0.001508377,3.0e-8,0.003486097,13,0,6.716694672716011e-20,41.16748238563355,28.516936436403064,2.220446049250313e-16,2.31460947379131e-77,9.741711361548756e-76,41.16748238563359,exp_mp_5120,5.986432228136159,534.0,221.12569600654436,256
dramadah_10_2,10,Int64,false,diagonalcheap,transfree,0.0,0.000151872,0.0012974310000000001,0.001769931,4.1e-8,0.003491457,13,0,6.716694672716011e-20,41.16748238563355,28.516936436403064,2.220446049250313e-16,2.343110118570252e-256,9.290451049062193e-255,41.16748238563359,exp_mp_5120,5.986432228136159,534.0,221.12569600654436,851
dramadah_10_2,10,Int64,false,diagonalcheap,complexschur,0.0,0.000238428,0.001202182,0.001546199,4.0e-8,0.003233541,17,0,7.930194984910022e-15,41.16748238563362,28.184669730750176,2.220446049250313e-16,8.341250134168047e-16,3.475206324745778e-14,41.16748238563359,exp_mp_5120,5.986432228136159,534.0,221.12569600654436,53
dramadah_10_2,10,Int64,false,diagonalcheap,complexschur,0.0,0.000125059,0.001743781,0.0021735049999999996,4.0e-8,0.004368431,13,0,6.716694672716011e-20,41.16748238563355,28.516936436403064,2.220446049250313e-16,2.31460947379131e-77,9.741711361548756e-76,41.16748238563359,exp_mp_5120,5.986432228136159,534.0,221.12569600654436,256
dramadah_10_2,10,Int64,false,diagonalcheap,complexschur,0.0,0.000281912,0.0022044259999999998,0.0032093639999999997,5.0e-8,0.006138772,13,0,6.716694672716011e-20,41.16748238563355,28.516936436403064,2.220446049250313e-16,2.343110118570252e-256,9.290451049062193e-255,41.16748238563359,exp_mp_5120,5.986432228136159,534.0,221.12569600654436,851
dramadah_10_2,10,Int64,false,diagonalcheap,realschur,0.0,0.00024544,0.0014046,0.0016083789999999998,4.0e-8,0.003617519,17,0,7.930194984910022e-15,41.16748238563362,28.184669730750176,2.220446049250313e-16,8.341250134168047e-16,3.475206324745778e-14,41.16748238563359,exp_mp_5120,5.986432228136159,534.0,221.12569600654436,53
dramadah_10_2,10,Int64,false,diagonalcheap,realschur,0.0,0.00012910799999999998,0.001104443,0.001356997,3.0e-8,0.002843943,13,0,6.716694672716011e-20,41.16748238563355,28.516936436403064,2.220446049250313e-16,2.31460947379131e-77,9.741711361548756e-76,41.16748238563359,exp_mp_5120,5.986432228136159,534.0,221.12569600654436,256
dramadah_10_2,10,Int64,false,diagonalcheap,realschur,0.0,0.00015712199999999996,0.0013598120000000002,0.00174924,4.0e-8,0.003536193,13,0,6.716694672716011e-20,41.16748238563355,28.516936436403064,2.220446049250313e-16,2.343110118570252e-256,9.290451049062193e-255,41.16748238563359,exp_mp_5120,5.986432228136159,534.0,221.12569600654436,851
dramadah_10_2,10,Int64,false,taylor,transfree,0.0,0.0005500049999999999,0.000631814,0.0018831170000000001,4.1e-8,0.003301762,30,0,0,28.5,1,2.220446049250313e-16,1.14768668390334e-16,3.997922972731352e-15,41.16748238563359,exp_mp_5120,5.986432228136159,534.0,221.12569600654436,53
dramadah_10_2,10,Int64,false,taylor,transfree,0.0,0.030847267000000005,0.000782495,0.002044375,1.6e-7,0.033993371,30,0,3.078153338553816e-19,28.5,1,2.220446049250313e-16,2.392721649516794e-28,8.029032310520022e-27,41.16748238563359,exp_mp_5120,5.986432228136159,534.0,221.12569600654436,256
dramadah_10_2,10,Int64,false,taylor,transfree,0.0,0.000702469,0.0009482549999999998,0.0022278569999999998,4.0e-8,0.004184739,30,0,3.078153338553816e-19,28.5,1,2.220446049250313e-16,2.392721649516794e-28,8.029032310520022e-27,41.16748238563359,exp_mp_5120,5.986432228136159,534.0,221.12569600654436,851
dramadah_10_2,10,Int64,false,taylor,complexschur,0.0,0.000484722,0.000821148,0.001720896,3.0e-8,0.003319156,30,0,0,28.5,1,2.220446049250313e-16,1.14768668390334e-16,3.997922972731352e-15,41.16748238563359,exp_mp_5120,5.986432228136159,534.0,221.12569600654436,53
dramadah_10_2,10,Int64,false,taylor,complexschur,0.0,0.000547572,0.000765551,0.001919049,4.0e-8,0.003502057,30,0,3.078153338553816e-19,28.5,1,2.220446049250313e-16,2.392721649516794e-28,8.029032310520022e-27,41.16748238563359,exp_mp_5120,5.986432228136159,534.0,221.12569600654436,256
dramadah_10_2,10,Int64,false,taylor,complexschur,0.0,0.000629032,0.0008120299999999999,0.002198633,4.0e-8,0.003914901,30,0,3.078153338553816e-19,28.5,1,2.220446049250313e-16,2.392721649516794e-28,8.029032310520022e-27,41.16748238563359,exp_mp_5120,5.986432228136159,534.0,221.12569600654436,851
dramadah_10_2,10,Int64,false,taylor,realschur,0.0,0.000467109,0.0006285969999999999,0.001614673,4.0e-8,0.003002498,30,0,0,28.5,1,2.220446049250313e-16,1.14768668390334e-16,3.997922972731352e-15,41.16748238563359,exp_mp_5120,5.986432228136159,534.0,221.12569600654436,53
dramadah_10_2,10,Int64,false,taylor,realschur,0.0,0.000524718,0.0006358609999999997,0.0018420490000000003,4.0e-8,0.003239533,30,0,3.078153338553816e-19,28.5,1,2.220446049250313e-16,2.392721649516794e-28,8.029032310520022e-27,41.16748238563359,exp_mp_5120,5.986432228136159,534.0,221.12569600654436,256
dramadah_10_2,10,Int64,false,taylor,realschur,0.0,0.001155401,0.0013769559999999997,0.003919288,4.0e-8,0.006823278,30,0,3.078153338553816e-19,28.5,1,2.220446049250313e-16,2.392721649516794e-28,8.029032310520022e-27,41.16748238563359,exp_mp_5120,5.986432228136159,534.0,221.12569600654436,851
frank_10,10,Int64,false,scaling_and_squaring,NaN,NaN,NaN,NaN,NaN,NaN,3.3875e-5,NaN,NaN,NaN,NaN,NaN,2.220446049250313e-16,6.66525811195424e-15,0.001695013618166279,245316055550.1183,diag_5120,76.07143353284282,3.8360384996437006e7,2.8543218328297913e7,53
frank_10,10,Int64,false,diagonalcheap,transfree,0.0,0.0018192459999999998,0.006622004000000002,0.006255426,0.000633266,0.01582981,65,3,6.374710098957677e-15,40.57609509276197,11.064066303076117,2.220446049250313e-16,3.508121331602891e-15,0.0008467405830190044,245316055550.1183,diag_5120,76.07143353284282,3.8360384996437006e7,2.8543218328297913e7,53
frank_10,10,Int64,false,diagonalcheap,transfree,0.0,0.00020753900000000002,0.002073594,0.002653768,0.000818092,0.006274985,13,3,4.943858731314151e-19,40.57609509276203,11.66720524640248,2.220446049250313e-16,3.296298873151708e-21,8.086289516026015e-10,245316055550.1183,diag_5120,76.07143353284282,3.8360384996437006e7,2.8543218328297913e7,256
frank_10,10,Int64,false,diagonalcheap,transfree,0.0,0.000239451,0.002408087999999999,0.0038107880000000003,0.001496124,0.008558922,13,3,4.943858731314151e-19,40.57609509276203,11.66720524640248,2.220446049250313e-16,3.296298873151708e-21,8.086289516026015e-10,245316055550.1183,diag_5120,76.07143353284282,3.8360384996437006e7,2.8543218328297913e7,851
frank_10,10,Int64,false,diagonalcheap,complexschur,0.004614074,0.0006972300000000001,0.006839629000000001,0.019575225,0.003411614,0.038051348,49,3,5.942246298488848e-15,36.7125977211595,7.192456618847298,2.220446049250313e-16,1.921444232269273e-14,0.004816679678322095,245316055550.1183,diag_5120,76.07143353284282,3.8360384996437006e7,2.8543218328297913e7,53
frank_10,10,Int64,false,diagonalcheap,complexschur,0.00830296,0.000164416,0.0029213140000000004,0.009149825,0.002377797,0.025242842,13,3,2.275484087055247e-19,36.71259772115946,10.142193646478658,2.220446049250313e-16,2.553966736243315e-22,7.92005761833097e-11,245316055550.1183,diag_5120,76.07143353284282,3.8360384996437006e7,2.8543218328297913e7,256
frank_10,10,Int64,false,diagonalcheap,complexschur,0.010953622,0.00010454,0.0022804929999999998,0.007981672,0.005182616,0.029436028,13,3,2.275484087055247e-19,36.71259772115946,10.730592524112923,2.220446049250313e-16,2.553966736243315e-22,7.92005761833097e-11,245316055550.1183,diag_5120,76.07143353284282,3.8360384996437006e7,2.8543218328297913e7,851
frank_10,10,Int64,false,diagonalcheap,realschur,0.002950849,0.00039001700000000004,0.003542786,0.024620115999999997,0.000859231,0.033260314,49,3,5.942246298488848e-15,36.7125977211595,7.192456618847298,2.220446049250313e-16,1.921444232269273e-14,0.004816679678322095,245316055550.1183,diag_5120,76.07143353284282,3.8360384996437006e7,2.8543218328297913e7,53
frank_10,10,Int64,false,diagonalcheap,realschur,0.006732153,8.2308e-5,0.0019071029999999998,0.0015594559999999999,0.000613879,0.011678445,13,3,2.275484087055247e-19,36.71259772115946,10.142193646478656,2.220446049250313e-16,2.553966736243315e-22,7.92005761833097e-11,245316055550.1183,diag_5120,76.07143353284282,3.8360384996437006e7,2.8543218328297913e7,256
frank_10,10,Int64,false,diagonalcheap,realschur,0.00929179,0.000135077,0.0027472959999999998,0.0033769969999999996,0.00189981,0.01914545,13,3,2.275484087055247e-19,36.71259772115946,10.730592524112923,2.220446049250313e-16,2.553966736243315e-22,7.92005761833097e-11,245316055550.1183,diag_5120,76.07143353284282,3.8360384996437006e7,2.8543218328297913e7,851
frank_10,10,Int64,false,taylor,transfree,0.0,0.000658755,0.001321551,0.0026418139999999997,0.000574664,0.005607031,42,3,0,30.66432698567708,1,2.220446049250313e-16,2.709505984676538e-16,6.757514002718595e-05,245316055550.1183,diag_5120,76.07143353284282,3.8360384996437006e7,2.8543218328297913e7,53
frank_10,10,Int64,false,taylor,transfree,0.0,0.000555075,0.001253146,0.0020601390000000003,0.000531662,0.004786696,30,3,1.554906495180562e-17,30.66432698567708,1,2.220446049250313e-16,1.958256168268017e-19,4.803880634766549e-08,245316055550.1183,diag_5120,76.07143353284282,3.8360384996437006e7,2.8543218328297913e7,256
frank_10,10,Int64,false,taylor,transfree,0.0,0.000674857,0.00164616,0.003046304,0.000931871,0.006815473,30,3,1.554906495180562e-17,30.66432698567708,1,2.220446049250313e-16,1.958256168268017e-19,4.803880634766549e-08,245316055550.1183,diag_5120,76.07143353284282,3.8360384996437006e7,2.8543218328297913e7,851
frank_10,10,Int64,false,taylor,complexschur,0.004645595,0.0007043010000000001,0.0026787509999999987,0.012756444,0.003153829,0.026830282,42,3,0,27.91221271967624,1,2.220446049250313e-16,1.909268934034144e-14,0.004809042804106417,245316055550.1183,diag_5120,76.07143353284282,3.8360384996437006e7,2.8543218328297913e7,53
frank_10,10,Int64,false,taylor,complexschur,0.00843274,0.000600185,0.002765472999999999,0.010902104,0.003637318,0.029024858,30,3,8.063320483914297e-18,27.91221271967623,1,2.220446049250313e-16,1.517253534126602e-20,4.705126046206094e-09,245316055550.1183,diag_5120,76.07143353284282,3.8360384996437006e7,2.8543218328297913e7,256
frank_10,10,Int64,false,taylor,complexschur,0.011011563,0.0006998910000000001,0.00298261,0.009894960000000001,0.002766975,0.029951488,30,3,8.063320483914297e-18,27.91221271967623,1,2.220446049250313e-16,1.517253534126602e-20,4.705126046206094e-09,245316055550.1183,diag_5120,76.07143353284282,3.8360384996437006e7,2.8543218328297913e7,851
frank_10,10,Int64,false,taylor,realschur,0.00289439,0.00034173400000000006,0.0012537090000000002,0.0022994580000000003,0.000457349,0.007895938,42,3,0,27.91221271967624,1,2.220446049250313e-16,1.909268934034144e-14,0.004809042804106417,245316055550.1183,diag_5120,76.07143353284282,3.8360384996437006e7,2.8543218328297913e7,53
frank_10,10,Int64,false,taylor,realschur,0.005300873,0.00030071499999999996,0.0012944970000000004,0.0018246450000000002,0.000950737,0.010680157,30,3,8.063320483914297e-18,27.91221271967623,1,2.220446049250313e-16,1.517253534126602e-20,4.705126046206094e-09,245316055550.1183,diag_5120,76.07143353284282,3.8360384996437006e7,2.8543218328297913e7,256
frank_10,10,Int64,false,taylor,realschur,0.011602098,0.000460335,0.0020942519999999996,0.004020426,0.001914057,0.021663867,30,3,8.063320483914297e-18,27.91221271967623,1,2.220446049250313e-16,1.517253534126602e-20,4.705126046206094e-09,245316055550.1183,diag_5120,76.07143353284282,3.8360384996437006e7,2.8543218328297913e7,851
gcdmat_10,10,Int64,true,scaling_and_squaring,NaN,NaN,NaN,NaN,NaN,NaN,6.0556e-5,NaN,NaN,NaN,NaN,NaN,2.220446049250313e-16,6.4897028587333e-15,5.5760871168888e-06,978252855.0300817,diag_5120,25.59296776055704,211.5,109.46979850012478,53
gcdmat_10,10,Int64,true,diagonalcheap,transfree,0.003113552,0.0,0.0,0.0,0.0,0.003811091,NaN,NaN,NaN,NaN,NaN,2.220446049250313e-16,1.188639232438971e-15,1.051535717486005e-06,978252855.0300817,diag_5120,25.59296776055704,211.5,109.46979850012478,53
gcdmat_10,10,Int64,true,diagonalcheap,transfree,0.007457176,0.0,0.0,0.0,0.0,0.00828188,NaN,NaN,NaN,NaN,NaN,2.220446049250313e-16,1.826859645448771e-76,2.19665190447582e-67,978252855.0300817,diag_5120,25.59296776055704,211.5,109.46979850012478,256
gcdmat_10,10,Int64,true,diagonalcheap,transfree,0.017108787,0.0,0.0,0.0,0.0,0.018400227,NaN,NaN,NaN,NaN,NaN,2.220446049250313e-16,1.054336772118738e-254,1.044963666372362e-245,978252855.0300817,diag_5120,25.59296776055704,211.5,109.46979850012478,851
gcdmat_10,10,Int64,true,diagonalcheap,complexschur,0.003632237,0.001202471,0.013506504,0.023217233,0.002569436,0.046267993,91,4,4.193541357977109e-16,3.55889152012878,1.8776841972702785,2.220446049250313e-16,2.09507342546879e-14,2.103198517179622e-05,978252855.0300817,diag_5120,25.59296776055704,211.5,109.46979850012478,53
gcdmat_10,10,Int64,true,diagonalcheap,complexschur,0.004339717,0.000112346,0.002196347,0.005458599,0.001411892,0.015468906,13,2,2.033416224520594e-14,160.4201807247589,14.068015486409044,2.220446049250313e-16,1.484477576630507e-75,1.470921425420419e-66,978252855.0300817,diag_5120,25.59296776055704,211.5,109.46979850012478,256
gcdmat_10,10,Int64,true,diagonalcheap,complexschur,0.007593246,0.000113148,0.0020785319999999997,0.009007062000000001,0.003359384,0.024664692,13,2,2.033416224520594e-14,160.4201807247589,14.068015486409044,2.220446049250313e-16,8.819209146589241e-256,9.7064904902845e-247,978252855.0300817,diag_5120,25.59296776055704,211.5,109.46979850012478,851
gcdmat_10,10,Int64,true,diagonalcheap,realschur,0.00362288,0.0007460219999999999,0.037939396,0.004821863,0.000654137,0.048550788,91,4,4.193541357977109e-16,3.55889152012878,1.8776841972702785,2.220446049250313e-16,2.09507342546879e-14,2.103198517179622e-05,978252855.0300817,diag_5120,25.59296776055704,211.5,109.46979850012478,53
gcdmat_10,10,Int64,true,diagonalcheap,realschur,0.004248431,7.1318e-5,0.0016423740000000003,0.001511214,0.000408094,0.00858922,13,2,2.033416224520594e-14,160.4201807247589,14.068015486409044,2.220446049250313e-16,1.484477576630507e-75,1.470921425420419e-66,978252855.0300817,diag_5120,25.59296776055704,211.5,109.46979850012478,256
gcdmat_10,10,Int64,true,diagonalcheap,realschur,0.007651068,7.6608e-5,0.0016343010000000001,0.001956589,0.000758697,0.013064267,13,2,2.033416224520594e-14,160.4201807247589,14.068015486409044,2.220446049250313e-16,8.819209146589241e-256,9.7064904902845e-247,978252855.0300817,diag_5120,25.59296776055704,211.5,109.46979850012478,851
gcdmat_10,10,Int64,true,taylor,transfree,0.0039044,0.0,0.0,0.0,0.0,0.004727061,NaN,NaN,NaN,NaN,NaN,2.220446049250313e-16,1.188639232438971e-15,1.051535717486005e-06,978252855.0300817,diag_5120,25.59296776055704,211.5,109.46979850012478,53
gcdmat_10,10,Int64,true,taylor,transfree,0.007671657,0.0,0.0,0.0,0.0,0.008649716,NaN,NaN,NaN,NaN,NaN,2.220446049250313e-16,1.826859645448771e-76,2.19665190447582e-67,978252855.0300817,diag_5120,25.59296776055704,211.5,109.46979850012478,256
gcdmat_10,10,Int64,true,taylor,transfree,0.011969674,0.0,0.0,0.0,0.0,0.012871577,NaN,NaN,NaN,NaN,NaN,2.220446049250313e-16,1.054336772118738e-254,1.044963666372362e-245,978252855.0300817,diag_5120,25.59296776055704,211.5,109.46979850012478,851
gcdmat_10,10,Int64,true,taylor,complexschur,0.002976297,0.0012099930000000001,0.0038595530000000004,0.021050849999999996,0.00288876,0.035104377,90,3,0,12.66481561809789,1,2.220446049250313e-16,2.09507342546879e-14,2.103198517179622e-05,978252855.0300817,diag_5120,25.59296776055704,211.5,109.46979850012478,53
gcdmat_10,10,Int64,true,taylor,complexschur,0.004366759,0.000419796,0.001686551,0.007613743,0.002651944,0.020015811,36,2,1.079650242992517e-17,68.49145187530236,1,2.220446049250313e-16,1.484477576630507e-75,1.470921425420419e-66,978252855.0300817,diag_5120,25.59296776055704,211.5,109.46979850012478,256
gcdmat_10,10,Int64,true,taylor,complexschur,0.008523915,0.000662584,0.003099747000000001,0.011329074000000001,0.001896353,0.028021651,36,2,1.079650242992517e-17,68.49145187530236,1,2.220446049250313e-16,8.819209146589241e-256,9.7064904902845e-247,978252855.0300817,diag_5120,25.59296776055704,211.5,109.46979850012478,851
gcdmat_10,10,Int64,true,taylor,realschur,0.002467079,0.000560786,0.0020858170000000002,0.0038897540000000005,0.000467027,0.010116715,90,3,0,12.66481561809789,1,2.220446049250313e-16,2.09507342546879e-14,2.103198517179622e-05,978252855.0300817,diag_5120,25.59296776055704,211.5,109.46979850012478,53
gcdmat_10,10,Int64,true,taylor,realschur,0.004217702,0.000429188,0.0020224649999999998,0.003723212,0.000728449,0.012286903,36,2,1.079650242992517e-17,68.49145187530236,1,2.220446049250313e-16,1.484477576630507e-75,1.470921425420419e-66,978252855.0300817,diag_5120,25.59296776055704,211.5,109.46979850012478,256
gcdmat_10,10,Int64,true,taylor,realschur,0.0076523,0.000340648,0.001538385,0.0033747300000000003,0.001287764,0.015684059,36,2,1.079650242992517e-17,68.49145187530236,1,2.220446049250313e-16,8.819209146589241e-256,9.7064904902845e-247,978252855.0300817,diag_5120,25.59296776055704,211.5,109.46979850012478,851
grcar_10,10,Int64,false,scaling_and_squaring,NaN,NaN,NaN,NaN,NaN,NaN,3.0779e-5,NaN,NaN,NaN,NaN,NaN,2.220446049250313e-16,2.42876421592867e-16,6.034249498779159e-15,23.31589524986434,diag_5120,4.977804507230434,8.503740648379052,2.885940149695911,53
grcar_10,10,Int64,false,diagonalcheap,transfree,0.0,0.00029260200000000004,0.00264937,0.003434149,7.0e-8,0.006614568,43,0,0,23.31589524986434,11.239194878960916,2.220446049250313e-16,2.248977937063551e-16,5.142449766454218e-15,23.31589524986434,diag_5120,4.977804507230434,8.503740648379052,2.885940149695911,53
grcar_10,10,Int64,false,diagonalcheap,transfree,0.0,6.865099999999999e-5,0.001080256,0.001726988,4.0e-8,0.003103723,13,0,4.307928787435278e-21,23.31589524986434,11.735261662675788,2.220446049250313e-16,2.482318610978549e-27,5.057909071064397e-26,23.31589524986434,diag_5120,4.977804507230434,8.503740648379052,2.885940149695911,256
grcar_10,10,Int64,false,diagonalcheap,transfree,0.0,9.8409e-5,0.001283285,0.002600797,4.0e-8,0.004229676,13,0,4.307928787435278e-21,23.31589524986434,11.735261662675788,2.220446049250313e-16,2.482318610978549e-27,5.057909071064397e-26,23.31589524986434,diag_5120,4.977804507230434,8.503740648379052,2.885940149695911,851
grcar_10,10,Int64,false,diagonalcheap,complexschur,0.003898379,0.00027972699999999996,0.001979403,0.010654649,2.2e-7,0.018989431,17,0,0,20.15606766458667,7.969015531122586,2.220446049250313e-16,2.508393892883004e-15,4.889600117339843e-14,23.31589524986434,diag_5120,4.977804507230434,8.503740648379052,2.885940149695911,53
grcar_10,10,Int64,false,diagonalcheap,complexschur,0.009202729,0.00023473,0.0025813079999999996,0.0073916,4.0e-8,0.022767911,13,0,1.358692061494985e-21,20.07558063689587,7.593764192589731,2.220446049250313e-16,2.354638449229204e-27,4.941128253528956e-26,23.31589524986434,diag_5120,4.977804507230434,8.503740648379052,2.885940149695911,256
grcar_10,10,Int64,false,diagonalcheap,complexschur,0.016356563,0.0003067,0.003030903,0.009566749,4.0e-8,0.032815854,13,0,3.301682629049007e-21,20.11692545078306,6.064503646161014,2.220446049250313e-16,2.354638449229204e-27,4.941128253528956e-26,23.31589524986434,diag_5120,4.977804507230434,8.503740648379052,2.885940149695911,851
grcar_10,10,Int64,false,diagonalcheap,realschur,0.003557815,0.0004629690000000001,0.003590511,0.0034943519999999996,6.0e-8,0.011630674,57,0,2.677471406332508e-15,23.33252676906934,9.333496417274201,2.220446049250313e-16,2.466542467106505e-15,4.625922148991368e-14,23.31589524986434,diag_5120,4.977804507230434,8.503740648379052,2.885940149695911,53
grcar_10,10,Int64,false,diagonalcheap,realschur,0.009354752,0.00015058100000000003,0.002081108,0.002281061,4.0e-8,0.014596442,13,0,6.766485948174597e-21,23.33252676906934,9.615851768650925,2.220446049250313e-16,2.354638449229204e-27,4.941128253528956e-26,23.31589524986434,diag_5120,4.977804507230434,8.503740648379052,2.885940149695911,256
grcar_10,10,Int64,false,diagonalcheap,realschur,0.016190464,0.00017640800000000002,0.002337574,0.0035628429999999996,6.0e-8,0.023652771,13,0,6.766485948174597e-21,23.33252676906934,8.11274767713042,2.220446049250313e-16,2.354638449229204e-27,4.941128253528956e-26,23.31589524986434,diag_5120,4.977804507230434,8.503740648379052,2.885940149695911,851
grcar_10,10,Int64,false,taylor,transfree,0.0,0.000402284,0.0009742270000000001,0.002790561,5.0e-8,0.004478804,30,0,0,18,1,2.220446049250313e-16,6.755604078022991e-17,1.086522319940148e-15,23.31589524986434,diag_5120,4.977804507230434,8.503740648379052,2.885940149695911,53
grcar_10,10,Int64,false,taylor,transfree,0.0,0.00040628099999999993,0.000970426,0.003490175,4.0e-8,0.005193127,30,0,4.463944223674902e-20,18,1,2.220446049250313e-16,6.265812831397303e-25,1.279305139595235e-23,23.31589524986434,diag_5120,4.977804507230434,8.503740648379052,2.885940149695911,256
grcar_10,10,Int64,false,taylor,transfree,0.0,0.000459693,0.0012512040000000001,0.004545271,4.0e-8,0.006679061,30,0,4.463944223674902e-20,18,1,2.220446049250313e-16,6.265812831397303e-25,1.279305139595235e-23,23.31589524986434,diag_5120,4.977804507230434,8.503740648379052,2.885940149695911,851
grcar_10,10,Int64,false,taylor,complexschur,0.006436887,0.0008372169999999999,0.0015760280000000004,0.011265932000000001,5.0e-8,0.02321017,30,0,3.552713678800501e-15,19.03215229569967,1,2.220446049250313e-16,2.537533404631153e-15,4.964540171502041e-14,23.31589524986434,diag_5120,4.977804507230434,8.503740648379052,2.885940149695911,53
grcar_10,10,Int64,false,taylor,complexschur,0.010876585,0.0010116049999999998,0.0018161679999999997,0.012816923999999999,8.0e-8,0.030166514,30,0,1.04307590955405e-20,18.96538925048826,1,2.220446049250313e-16,5.962169462607129e-25,1.252682573292968e-23,23.31589524986434,diag_5120,4.977804507230434,8.503740648379052,2.885940149695911,256
grcar_10,10,Int64,false,taylor,complexschur,0.012482781,0.0007582280000000001,0.0014998190000000001,0.012703354000000002,4.0e-8,0.031953597,30,0,1.481863323420916e-20,18.89256282879367,1,2.220446049250313e-16,5.962169462607129e-25,1.252682573292968e-23,23.31589524986434,diag_5120,4.977804507230434,8.503740648379052,2.885940149695911,851
grcar_10,10,Int64,false,taylor,realschur,0.004316593,0.00031204,0.0007329259999999997,0.001804176,4.0e-8,0.007704361,30,0,0,20.85991543753857,1,2.220446049250313e-16,2.409507348963397e-15,4.620371033868242e-14,23.31589524986434,diag_5120,4.977804507230434,8.503740648379052,2.885940149695911,53
grcar_10,10,Int64,false,taylor,realschur,0.006274023,0.000244841,0.000739842,0.0014449550000000002,0.000212799,0.009623769,20,1,2.660135461712874e-16,6.189151623752461,1,2.220446049250313e-16,5.378859851391018e-20,9.871753980189661e-19,23.31589524986434,diag_5120,4.977804507230434,8.503740648379052,2.885940149695911,256
grcar_10,10,Int64,false,taylor,realschur,0.01486637,0.000575126,0.0010214550000000003,0.002754747,4.0e-8,0.020585047,30,0,1.106717487304772e-20,20.85991543753857,1,2.220446049250313e-16,5.962169462607129e-25,1.252682573292968e-23,23.31589524986434,diag_5120,4.977804507230434,8.503740648379052,2.885940149695911,851
hanowa_10,10,Int64,false,scaling_and_squaring,NaN,NaN,NaN,NaN,NaN,NaN,3.1721e-5,NaN,NaN,NaN,NaN,NaN,2.220446049250313e-16,2.219832146426982e-16,1.750546679432155e-16,0.5188741290196174,diag_5120,3.464101615137755,6.0,3.60555127546399,53
hanowa_10,10,Int64,false,diagonalcheap,transfree,0.0,0.00058303,0.006997945000000002,0.004367829,0.000561609,0.012869825,91,4,2.46060847028595e-16,1.182727117159849,1.3073871734563256,2.220446049250313e-16,3.885482246963752,2.425899424205108,0.5188741290196174,diag_5120,3.464101615137755,6.0,3.60555127546399,53
hanowa_10,10,Int64,false,diagonalcheap,transfree,0.0,0.000197208,0.001913178,0.0030100120000000003,7.0e-8,0.005458697,17,0,1.475891379536574e-23,0.5188741290196173,2.1112900004929704,2.220446049250313e-16,1.37291959404307,0.7320773275847352,0.5188741290196174,diag_5120,3.464101615137755,6.0,3.60555127546399,256
hanowa_10,10,Int64,false,diagonalcheap,transfree,0.0,0.00023916,0.002381956,0.003260584,1.91e-7,0.006291126,17,0,1.475891379536574e-23,0.5188741290196173,2.1112900004929704,2.220446049250313e-16,1.37291959404307,0.7320773275847352,0.5188741290196174,diag_5120,3.464101615137755,6.0,3.60555127546399,851
hanowa_10,10,Int64,false,diagonalcheap,complexschur,0.000826148,0.0,0.0,0.0,0.0,0.002245073,0,0,NaN,NaN,1,2.220446049250313e-16,6.241390485402503e-16,4.498186625947744e-16,0.5188741290196174,diag_5120,3.464101615137755,6.0,3.60555127546399,53
hanowa_10,10,Int64,false,diagonalcheap,complexschur,0.000868117,0.0,0.0,0.0,0.0,0.002512818,0,0,NaN,NaN,1,2.220446049250313e-16,4.74441645406894e-77,3.501904020148319e-77,0.5188741290196174,diag_5120,3.464101615137755,6.0,3.60555127546399,256
hanowa_10,10,Int64,false,diagonalcheap,complexschur,0.001793175,0.0,0.0,0.0,0.0,0.038887929,0,0,NaN,NaN,1,2.220446049250313e-16,1.161964867635811e-256,1.101069953330206e-256,0.5188741290196174,diag_5120,3.464101615137755,6.0,3.60555127546399,851
hanowa_10,10,Int64,false,diagonalcheap,realschur,0.0,0.0008632780000000001,0.009596388000000003,0.008007845,0.001081237,0.020211319,91,4,2.46060847028595e-16,1.182727117159849,1.3073871734563256,2.220446049250313e-16,3.885482246963752,2.425899424205108,0.5188741290196174,diag_5120,3.464101615137755,6.0,3.60555127546399,53
hanowa_10,10,Int64,false,diagonalcheap,realschur,0.0,0.000162182,0.0016832340000000002,0.0019013519999999998,3.0e-8,0.004138882,17,0,1.475891379536574e-23,0.5188741290196173,2.1112900004929704,2.220446049250313e-16,1.37291959404307,0.7320773275847352,0.5188741290196174,diag_5120,3.464101615137755,6.0,3.60555127546399,256
hanowa_10,10,Int64,false,diagonalcheap,realschur,0.0,0.00019878099999999998,0.00184778,0.002637726,4.1e-8,0.004973424,17,0,1.475891379536574e-23,0.5188741290196173,2.1112900004929704,2.220446049250313e-16,1.37291959404307,0.7320773275847352,0.5188741290196174,diag_5120,3.464101615137755,6.0,3.60555127546399,851
hanowa_10,10,Int64,false,taylor,transfree,0.0,0.000202389,0.0006860870000000002,0.0013807239999999998,0.000142664,0.00281604,25,1,0,2,1,2.220446049250313e-16,2.225044702305946,1.555777228669584,0.5188741290196174,diag_5120,3.464101615137755,6.0,3.60555127546399,53
hanowa_10,10,Int64,false,taylor,transfree,0.0,0.00025928999999999997,0.0007101139999999999,0.002098883,0.00017703,0.003631537,30,1,2.074467343490157e-21,2,1,2.220446049250313e-16,2.225044702305947,1.555777228669584,0.5188741290196174,diag_5120,3.464101615137755,6.0,3.60555127546399,256
hanowa_10,10,Int64,false,taylor,transfree,0.0,0.0003878440000000001,0.0009394749999999998,0.002167256,0.000288143,0.004237681,30,1,2.074467343490157e-21,2,1,2.220446049250313e-16,2.225044702305947,1.555777228669584,0.5188741290196174,diag_5120,3.464101615137755,6.0,3.60555127546399,851
hanowa_10,10,Int64,false,taylor,complexschur,0.000879109,0.0,0.0,0.0,0.0,0.003050882,0,0,NaN,NaN,1,2.220446049250313e-16,6.241390485402503e-16,4.498186625947744e-16,0.5188741290196174,diag_5120,3.464101615137755,6.0,3.60555127546399,53
hanowa_10,10,Int64,false,taylor,complexschur,0.001586808,0.0,0.0,0.0,0.0,0.004214767,0,0,NaN,NaN,1,2.220446049250313e-16,4.74441645406894e-77,3.501904020148319e-77,0.5188741290196174,diag_5120,3.464101615137755,6.0,3.60555127546399,256
hanowa_10,10,Int64,false,taylor,complexschur,0.001771894,0.0,0.0,0.0,0.0,0.004422978,0,0,NaN,NaN,1,2.220446049250313e-16,1.161964867635811e-256,1.101069953330206e-256,0.5188741290196174,diag_5120,3.464101615137755,6.0,3.60555127546399,851
hanowa_10,10,Int64,false,taylor,realschur,0.0,0.000259756,0.0010272969999999997,0.001379056,0.000143456,0.003233482,25,1,0,2,1,2.220446049250313e-16,2.225044702305946,1.555777228669584,0.5188741290196174,diag_5120,3.464101615137755,6.0,3.60555127546399,53
hanowa_10,10,Int64,false,taylor,realschur,0.0,0.00031795899999999993,0.0008844969999999999,0.001713724,0.00017725,0.003483643,30,1,2.074467343490157e-21,2,1,2.220446049250313e-16,2.225044702305947,1.555777228669584,0.5188741290196174,diag_5120,3.464101615137755,6.0,3.60555127546399,256
hanowa_10,10,Int64,false,taylor,realschur,0.0,0.000460956,0.0014370079999999998,0.0036476099999999995,0.000528605,0.006671647,30,1,2.074467343490157e-21,2,1,2.220446049250313e-16,2.225044702305947,1.555777228669584,0.5188741290196174,diag_5120,3.464101615137755,6.0,3.60555127546399,851
hilbert_10,10,Rational{Int64},true,scaling_and_squaring,NaN,NaN,NaN,NaN,NaN,NaN,6.6618e-5,NaN,NaN,NaN,NaN,NaN,2.220446049250313e-16,5.482399318630567e-16,4.57958085513947e-15,9.490802135784818,diag_5120,1.564345405905481,3.53568436158517e13,1.602441698742836e13,53
hilbert_10,10,Rational{Int64},true,diagonalcheap,transfree,0.001653216,0.0,0.0,0.0,0.0,0.002175048,NaN,NaN,NaN,NaN,NaN,2.220446049250313e-16,5.395503342459803e-16,4.923415071313133e-15,9.490802135784818,diag_5120,1.564345405905481,3.53568436158517e13,1.602441698742836e13,53
hilbert_10,10,Rational{Int64},true,diagonalcheap,transfree,0.003383911,0.0,0.0,0.0,0.0,0.004019632,NaN,NaN,NaN,NaN,NaN,2.220446049250313e-16,8.319023751167636e-77,9.157187033266194e-76,9.490802135784818,diag_5120,1.564345405905481,3.53568436158517e13,1.602441698742836e13,256
hilbert_10,10,Rational{Int64},true,diagonalcheap,transfree,0.011668297,0.0,0.0,0.0,0.0,0.013080821,NaN,NaN,NaN,NaN,NaN,2.220446049250313e-16,2.576315021004718e-256,2.172880840530128e-255,9.490802135784818,diag_5120,1.564345405905481,3.53568436158517e13,1.602441698742836e13,851
hilbert_10,10,Rational{Int64},true,diagonalcheap,complexschur,0.002930991,2.714e-6,0.001721726,0.006751581999999999,9.0e-8,0.014072916,9,0,0,5.76566022567973,2.4559013686478584,2.220446049250313e-16,2.874432333044983e-15,3.320133798938641e-14,9.490802135784818,diag_5120,1.564345405905481,3.53568436158517e13,1.602441698742836e13,53
hilbert_10,10,Rational{Int64},true,diagonalcheap,complexschur,0.0045337,2.6250000000000003e-6,0.001796322,0.007000357,4.1e-8,0.016174484,9,0,4.299553635425206e-17,5.765660225679718,2.455901368647856,2.220446049250313e-16,8.550880461239659e-77,9.511190839874793e-76,9.490802135784818,diag_5120,1.564345405905481,3.53568436158517e13,1.602441698742836e13,256
hilbert_10,10,Rational{Int64},true,diagonalcheap,complexschur,0.008742706,2.885e-6,0.002089264,0.008485592,4.0e-8,0.022995458,9,0,4.299553635425206e-17,5.765660225679718,2.455901368647856,2.220446049250313e-16,5.691969367443705e-256,5.017625602079258e-255,9.490802135784818,diag_5120,1.564345405905481,3.53568436158517e13,1.602441698742836e13,851
hilbert_10,10,Rational{Int64},true,diagonalcheap,realschur,0.002965627,2.3040000000000003e-6,0.0012912100000000003,0.0017894970000000001,5.0e-8,0.006926055,9,0,0,5.76566022567973,2.4559013686478584,2.220446049250313e-16,2.874432333044983e-15,3.320133798938641e-14,9.490802135784818,diag_5120,1.564345405905481,3.53568436158517e13,1.602441698742836e13,53
hilbert_10,10,Rational{Int64},true,diagonalcheap,realschur,0.004547476,2.606e-6,0.0016000829999999998,0.0018696920000000003,4.0e-8,0.009000731,9,0,4.299553635425206e-17,5.765660225679718,2.455901368647856,2.220446049250313e-16,8.550880461239659e-77,9.511190839874793e-76,9.490802135784818,diag_5120,1.564345405905481,3.53568436158517e13,1.602441698742836e13,256
hilbert_10,10,Rational{Int64},true,diagonalcheap,realschur,0.010277214,5.7000000000000005e-6,0.003022608,0.002113288,4.0e-8,0.016523975,9,0,4.299553635425206e-17,5.765660225679718,2.455901368647856,2.220446049250313e-16,5.691969367443705e-256,5.017625602079258e-255,9.490802135784818,diag_5120,1.564345405905481,3.53568436158517e13,1.602441698742836e13,851
hilbert_10,10,Rational{Int64},true,taylor,transfree,0.002528518,0.0,0.0,0.0,0.0,0.003276575,NaN,NaN,NaN,NaN,NaN,2.220446049250313e-16,5.395503342459803e-16,4.923415071313133e-15,9.490802135784818,diag_5120,1.564345405905481,3.53568436158517e13,1.602441698742836e13,53
hilbert_10,10,Rational{Int64},true,taylor,transfree,0.003871959,0.0,0.0,0.0,0.0,0.004532498,NaN,NaN,NaN,NaN,NaN,2.220446049250313e-16,8.319023751167636e-77,9.157187033266194e-76,9.490802135784818,diag_5120,1.564345405905481,3.53568436158517e13,1.602441698742836e13,256
hilbert_10,10,Rational{Int64},true,taylor,transfree,0.00846903,0.0,0.0,0.0,0.0,0.010063664,NaN,NaN,NaN,NaN,NaN,2.220446049250313e-16,2.576315021004718e-256,2.172880840530128e-255,9.490802135784818,diag_5120,1.564345405905481,3.53568436158517e13,1.602441698742836e13,851
hilbert_10,10,Rational{Int64},true,taylor,complexschur,0.003770053,0.00030055699999999996,0.0010043480000000004,0.006507051,4.0e-8,0.014574359,25,0,8.881784197001252e-16,5.182702823227659,1,2.220446049250313e-16,2.874432333044983e-15,3.320133798938641e-14,9.490802135784818,diag_5120,1.564345405905481,3.53568436158517e13,1.602441698742836e13,53
hilbert_10,10,Rational{Int64},true,taylor,complexschur,0.004181313,0.00038257500000000007,0.0009778499999999997,0.008647442,5.0e-8,0.016469781,25,0,5.68605869711043e-21,5.182702823227648,1,2.220446049250313e-16,8.550880461239659e-77,9.511190839874793e-76,9.490802135784818,diag_5120,1.564345405905481,3.53568436158517e13,1.602441698742836e13,256
hilbert_10,10,Rational{Int64},true,taylor,complexschur,0.006332936,0.00040501999999999997,0.0011878209999999997,0.007126039000000001,3.0e-8,0.017459202,25,0,5.68605869711043e-21,5.182702823227648,1,2.220446049250313e-16,5.691969367443705e-256,5.017625602079258e-255,9.490802135784818,diag_5120,1.564345405905481,3.53568436158517e13,1.602441698742836e13,851
hilbert_10,10,Rational{Int64},true,taylor,realschur,0.002375534,0.000332519,0.0010203929999999999,0.002623599,4.0e-8,0.00725646,25,0,8.881784197001252e-16,5.182702823227659,1,2.220446049250313e-16,2.874432333044983e-15,3.320133798938641e-14,9.490802135784818,diag_5120,1.564345405905481,3.53568436158517e13,1.602441698742836e13,53
hilbert_10,10,Rational{Int64},true,taylor,realschur,0.003733452,0.00023567300000000002,0.0007372690000000001,0.001671587,4.0e-8,0.00715172,25,0,5.68605869711043e-21,5.182702823227648,1,2.220446049250313e-16,8.550880461239659e-77,9.511190839874793e-76,9.490802135784818,diag_5120,1.564345405905481,3.53568436158517e13,1.602441698742836e13,256
hilbert_10,10,Rational{Int64},true,taylor,realschur,0.008490662,0.000389558,0.0013131660000000002,0.002770261,4.0e-8,0.013983605,25,0,5.68605869711043e-21,5.182702823227648,1,2.220446049250313e-16,5.691969367443705e-256,5.017625602079258e-255,9.490802135784818,diag_5120,1.564345405905481,3.53568436158517e13,1.602441698742836e13,851
invhess_10,10,Int64,false,scaling_and_squaring,NaN,NaN,NaN,NaN,NaN,NaN,3.4116e-5,NaN,NaN,NaN,NaN,NaN,2.220446049250313e-16,1.813143040552056e-15,8.308260405957289e-12,3729.716758954511,diag_5120,34.5524738524913,54.99999999999999,21.887598458218704,53
invhess_10,10,Int64,false,diagonalcheap,transfree,0.0,0.0006870719999999998,0.007675166000000003,0.005184288,0.00085855,0.014734518,91,6,3.183582350237936e-16,1.4376710385699,1.7981897613937523,2.220446049250313e-16,4.704953198507258e-15,2.125279442464605e-11,3729.716758954511,diag_5120,34.5524738524913,54.99999999999999,21.887598458218704,53
invhess_10,10,Int64,false,diagonalcheap,transfree,0.0,7.1788e-5,0.001376432,0.0019632660000000004,0.000620893,0.00436717,13,3,4.581997872490018e-19,4.903270679725938,5.50746178084438,2.220446049250313e-16,1.510480706668872e-20,5.378519478311728e-17,3729.716758954511,diag_5120,34.5524738524913,54.99999999999999,21.887598458218704,256
invhess_10,10,Int64,false,diagonalcheap,transfree,0.0,7.4774e-5,0.001603671,0.003859295,0.001804086,0.007750932,13,3,4.581997872490018e-19,4.903270679725938,5.50746178084438,2.220446049250313e-16,1.510480706668872e-20,5.378519478311728e-17,3729.716758954511,diag_5120,34.5524738524913,54.99999999999999,21.887598458218704,851
invhess_10,10,Int64,false,diagonalcheap,complexschur,0.005843136,0.0015947759999999996,0.016553787,0.02323069,0.004912939,0.054780737,91,7,0,1.203785068332202,1.1250320439484764,2.220446049250313e-16,1.347072544345839e-14,5.12807375221639e-11,3729.716758954511,diag_5120,34.5524738524913,54.99999999999999,21.887598458218704,53
invhess_10,10,Int64,false,diagonalcheap,complexschur,0.005765447,0.00014166300000000002,0.002694808999999999,0.006511491,0.002308806,0.021362813,13,3,5.639628854247711e-20,4.497916976356667,5.010206066957957,2.220446049250313e-16,1.679259946851758e-22,1.091782186859876e-18,3729.716758954511,diag_5120,34.5524738524913,54.99999999999999,21.887598458218704,256
invhess_10,10,Int64,false,diagonalcheap,complexschur,0.017848391,0.000282732,0.004142293000000001,0.009713920999999999,0.003272998,0.039367284,13,3,5.637439826540164e-20,2.948544531639208,3.8915292320178687,2.220446049250313e-16,1.679259946851758e-22,1.091782186859876e-18,3729.716758954511,diag_5120,34.5524738524913,54.99999999999999,21.887598458218704,851
invhess_10,10,Int64,false,diagonalcheap,realschur,0.003321572,0.000481675,0.004589468000000001,0.005089778,0.000977718,0.015523594,49,3,0,3.597388406519564,3.201140424966258,2.220446049250313e-16,1.434413974582305e-14,5.48201285246689e-11,3729.716758954511,diag_5120,34.5524738524913,54.99999999999999,21.887598458218704,53
invhess_10,10,Int64,false,diagonalcheap,realschur,0.00815625,0.000122965,0.0024339070000000003,0.002981768,0.001266443,0.016196317,13,3,1.491141845970707e-19,3.597388406519576,4.726591498256967,2.220446049250313e-16,1.679259946851758e-22,1.091782186859876e-18,3729.716758954511,diag_5120,34.5524738524913,54.99999999999999,21.887598458218704,256
invhess_10,10,Int64,false,diagonalcheap,realschur,0.013992173,0.000131725,0.0028597539999999995,0.003697154,0.0017849,0.024247686,13,3,1.491141845970707e-19,3.712116210964505,3.6977323352411204,2.220446049250313e-16,1.679259946851758e-22,1.091782186859876e-18,3729.716758954511,diag_5120,34.5524738524913,54.99999999999999,21.887598458218704,851
invhess_10,10,Int64,false,taylor,transfree,0.0,0.000446308,0.0017667170000000005,0.003194274,0.000786642,0.006754237,30,3,0,13.1680908203125,1,2.220446049250313e-16,6.4102505252554e-16,2.723622349238344e-12,3729.716758954511,diag_5120,34.5524738524913,54.99999999999999,21.887598458218704,53
invhess_10,10,Int64,false,taylor,transfree,0.0,0.000465876,0.0023113129999999997,0.004244151999999999,0.001036812,0.008633678,30,3,8.151077622176457e-17,13.1680908203125,1,2.220446049250313e-16,1.329295167665183e-17,5.334653915146672e-14,3729.716758954511,diag_5120,34.5524738524913,54.99999999999999,21.887598458218704,256
invhess_10,10,Int64,false,taylor,transfree,0.0,0.00045607600000000003,0.0025789809999999997,0.006531619,0.001723261,0.012034471,30,3,8.151077622176457e-17,13.1680908203125,1,2.220446049250313e-16,1.329295167665183e-17,5.334653915146672e-14,3729.716758954511,diag_5120,34.5524738524913,54.99999999999999,21.887598458218704,851
invhess_10,10,Int64,false,taylor,complexschur,0.005339548,0.0017160140000000003,0.006937442,0.022403447,0.007298081,0.047534124,90,6,2.220446049250313e-16,1.423775290523674,1,2.220446049250313e-16,1.347276694644673e-14,5.090681440747015e-11,3729.716758954511,diag_5120,34.5524738524913,54.99999999999999,21.887598458218704,53
invhess_10,10,Int64,false,taylor,complexschur,0.006117694,0.0005583329999999999,0.0022342070000000006,0.007117609,0.002254,0.048461135,30,3,7.190807929525006e-18,7.589077273761579,1,2.220446049250313e-16,1.462369541822766e-19,8.853450748800367e-16,3729.716758954511,diag_5120,34.5524738524913,54.99999999999999,21.887598458218704,256
invhess_10,10,Int64,false,taylor,complexschur,0.01015488,0.0006417929999999999,0.0029241479999999997,0.011524102,0.004255847,0.03309323,30,3,7.190807929525006e-18,7.586981948054452,1,2.220446049250313e-16,1.462369541822766e-19,8.853450748800367e-16,3729.716758954511,diag_5120,34.5524738524913,54.99999999999999,21.887598458218704,851
invhess_10,10,Int64,false,taylor,realschur,0.002941852,0.0005669210000000001,0.0028500849999999996,0.0037286140000000003,0.001125472,0.011841901,90,6,2.220446049250313e-16,1.492248055740093,1,2.220446049250313e-16,1.436384883854461e-14,5.395060185178248e-11,3729.716758954511,diag_5120,34.5524738524913,54.99999999999999,21.887598458218704,53
invhess_10,10,Int64,false,taylor,realschur,0.005043711,0.00028782099999999995,0.001316467,0.001900341,0.000699875,0.010262597,30,3,1.937083032903547e-17,9.045001939799329,1,2.220446049250313e-16,1.462369541822766e-19,8.853450748800367e-16,3729.716758954511,diag_5120,34.5524738524913,54.99999999999999,21.887598458218704,256
invhess_10,10,Int64,false,taylor,realschur,0.01191445,0.00040425399999999994,0.0019639149999999997,0.0041511460000000005,0.001853381,0.022087796,30,3,1.937083032903547e-17,9.045001939799329,1,2.220446049250313e-16,1.462369541822766e-19,8.853450748800367e-16,3729.716758954511,diag_5120,34.5524738524913,54.99999999999999,21.887598458218704,851
jordbloc_10_1,10,Int64,false,scaling_and_squaring,NaN,NaN,NaN,NaN,NaN,NaN,5.2981e-5,NaN,NaN,NaN,NaN,NaN,2.220446049250313e-16,5.653086660178612e-17,5.29127923463571e-16,7.38905527560154,exp_mp_5120,2.457489166124581,20.0,13.232029812481906,53
jordbloc_10_1,10,Int64,false,diagonalcheap,transfree,0.0,2.204e-6,0.0009685700000000002,0.000994904,4.0e-8,0.002192032,9,0,0,7.389055275601541,2.703510110522506,2.220446049250313e-16,1.964264145192319e-16,1.876476940483761e-15,7.38905527560154,exp_mp_5120,2.457489166124581,20.0,13.232029812481906,53
jordbloc_10_1,10,Int64,false,diagonalcheap,transfree,0.0,2.524e-6,0.0017936359999999997,0.0019083860000000002,6.0e-8,0.00400283,9,0,6.907604181411531e-16,7.389055275601542,2.703510110522506,2.220446049250313e-16,6.112644434128022e-78,5.992363863037708e-77,7.38905527560154,exp_mp_5120,2.457489166124581,20.0,13.232029812481906,256
jordbloc_10_1,10,Int64,false,diagonalcheap,transfree,0.0,2.765e-6,0.001731103,0.0025134099999999998,5.0e-8,0.004603074,9,0,6.907604181411531e-16,7.389055275601542,2.703510110522506,2.220446049250313e-16,7.135881171180655e-257,7.914052493713958e-256,7.38905527560154,exp_mp_5120,2.457489166124581,20.0,13.232029812481906,851
jordbloc_10_1,10,Int64,false,diagonalcheap,complexschur,0.0,2.494e-6,0.001520122,0.0010968559999999998,4.0e-8,0.002875284,9,0,0,7.389055275601541,2.703510110522506,2.220446049250313e-16,1.964264145192319e-16,1.876476940483761e-15,7.38905527560154,exp_mp_5120,2.457489166124581,20.0,13.232029812481906,53
jordbloc_10_1,10,Int64,false,diagonalcheap,complexschur,0.0,2.144e-6,0.0008902109999999999,0.001098681,4.0e-8,0.002201099,9,0,6.907604181411531e-16,7.389055275601542,2.703510110522506,2.220446049250313e-16,6.112644434128022e-78,5.992363863037708e-77,7.38905527560154,exp_mp_5120,2.457489166124581,20.0,13.232029812481906,256
jordbloc_10_1,10,Int64,false,diagonalcheap,complexschur,0.0,2.2540000000000004e-6,0.001068324,0.0014102669999999998,4.0e-8,0.002712791,9,0,6.907604181411531e-16,7.389055275601542,2.703510110522506,2.220446049250313e-16,7.135881171180655e-257,7.914052493713958e-256,7.38905527560154,exp_mp_5120,2.457489166124581,20.0,13.232029812481906,851
jordbloc_10_1,10,Int64,false,diagonalcheap,realschur,0.0,1.9540000000000003e-6,0.000836898,0.0009721390000000001,3.0e-8,0.002021524,9,0,0,7.389055275601541,2.703510110522506,2.220446049250313e-16,1.964264145192319e-16,1.876476940483761e-15,7.38905527560154,exp_mp_5120,2.457489166124581,20.0,13.232029812481906,53
jordbloc_10_1,10,Int64,false,diagonalcheap,realschur,0.0,1.784e-6,0.0008464880000000002,0.0012862300000000002,4.0e-8,0.00233153,9,0,6.907604181411531e-16,7.389055275601542,2.703510110522506,2.220446049250313e-16,6.112644434128022e-78,5.992363863037708e-77,7.38905527560154,exp_mp_5120,2.457489166124581,20.0,13.232029812481906,256
jordbloc_10_1,10,Int64,false,diagonalcheap,realschur,0.0,2.3740000000000005e-6,0.001353964,0.002468863,5.0e-8,0.004078786,9,0,6.907604181411531e-16,7.389055275601542,2.703510110522506,2.220446049250313e-16,7.135881171180655e-257,7.914052493713958e-256,7.38905527560154,exp_mp_5120,2.457489166124581,20.0,13.232029812481906,851
jordbloc_10_1,10,Int64,false,taylor,transfree,0.0,0.002209194,0.0017116689999999996,0.004726732000000001,4.0e-8,0.008963091,90,0,8.881784197001252e-16,6.333333333333334,1,2.220446049250313e-16,6.214741939609611e-17,6.960054052637121e-16,7.38905527560154,exp_mp_5120,2.457489166124581,20.0,13.232029812481906,53
jordbloc_10_1,10,Int64,false,taylor,transfree,0.0,0.000323122,0.000563242,0.001502767,4.0e-8,0.002622629,25,0,1.796745132770597e-19,6.333333333333333,1,2.220446049250313e-16,1.251612289281655e-17,2.313702374863338e-16,7.38905527560154,exp_mp_5120,2.457489166124581,20.0,13.232029812481906,256
jordbloc_10_1,10,Int64,false,taylor,transfree,0.0,0.000386804,0.0006420019999999999,0.002073083,4.0e-8,0.00333083,25,0,1.796745132770597e-19,6.333333333333333,1,2.220446049250313e-16,1.251612289281655e-17,2.313702374863338e-16,7.38905527560154,exp_mp_5120,2.457489166124581,20.0,13.232029812481906,851
jordbloc_10_1,10,Int64,false,taylor,complexschur,0.0,0.0012055440000000002,0.0009281420000000002,0.003556292,4.0e-8,0.005920815,90,0,8.881784197001252e-16,6.333333333333334,1,2.220446049250313e-16,6.214741939609611e-17,6.960054052637121e-16,7.38905527560154,exp_mp_5120,2.457489166124581,20.0,13.232029812481906,53
jordbloc_10_1,10,Int64,false,taylor,complexschur,0.0,0.000351236,0.0005900829999999998,0.002496556,4.1e-8,0.003669179,25,0,1.796745132770597e-19,6.333333333333333,1,2.220446049250313e-16,1.251612289281655e-17,2.313702374863338e-16,7.38905527560154,exp_mp_5120,2.457489166124581,20.0,13.232029812481906,256
jordbloc_10_1,10,Int64,false,taylor,complexschur,0.0,0.000716627,0.0011654510000000003,0.0035053650000000003,5.0e-8,0.005779754,25,0,1.796745132770597e-19,6.333333333333333,1,2.220446049250313e-16,1.251612289281655e-17,2.313702374863338e-16,7.38905527560154,exp_mp_5120,2.457489166124581,20.0,13.232029812481906,851
jordbloc_10_1,10,Int64,false,taylor,realschur,0.0,0.00130093,0.001208583,0.004405241999999999,2.41e-7,0.007180836,90,0,8.881784197001252e-16,6.333333333333334,1,2.220446049250313e-16,6.214741939609611e-17,6.960054052637121e-16,7.38905527560154,exp_mp_5120,2.457489166124581,20.0,13.232029812481906,53
jordbloc_10_1,10,Int64,false,taylor,realschur,0.0,0.000628709,0.0010260610000000002,0.002813935,4.1e-8,0.004836632,25,0,1.796745132770597e-19,6.333333333333333,1,2.220446049250313e-16,1.251612289281655e-17,2.313702374863338e-16,7.38905527560154,exp_mp_5120,2.457489166124581,20.0,13.232029812481906,256
jordbloc_10_1,10,Int64,false,taylor,realschur,0.0,0.0006845340000000001,0.0011135720000000004,0.0028898599999999997,3.0e-8,0.00511653,25,0,1.796745132770597e-19,6.333333333333333,1,2.220446049250313e-16,1.251612289281655e-17,2.313702374863338e-16,7.38905527560154,exp_mp_5120,2.457489166124581,20.0,13.232029812481906,851
kahan_10,10,Float64,false,scaling_and_squaring,NaN,NaN,NaN,NaN,NaN,NaN,2.3315e-5,NaN,NaN,NaN,NaN,NaN,2.220446049250313e-16,1.4342378167715e-16,9.497010628791811e-16,4.507097919017023,diag_5120,1.345100236310036,92.37047056626557,29.852624720016145,53
kahan_10,10,Float64,false,diagonalcheap,transfree,0.0,2.9959999999999998e-6,0.0010329929999999998,0.0013119030000000001,3.0e-8,0.002689337,9,0,5.793475669449625e-16,4.503197440806563,5.067902629976462,2.220446049250313e-16,9.59715658986789e-17,8.068047368659817e-16,4.507097919017023,diag_5120,1.345100236310036,92.37047056626557,29.852624720016145,53
kahan_10,10,Float64,false,diagonalcheap,transfree,0.0,2.364e-6,0.0013616439999999997,0.0021862350000000003,4.0e-8,0.003896195,9,0,5.702201949780934e-21,4.503197440806563,5.067902629976462,2.220446049250313e-16,3.444863259878839e-22,2.808588463198121e-21,4.507097919017023,diag_5120,1.345100236310036,92.37047056626557,29.852624720016145,256
kahan_10,10,Float64,false,diagonalcheap,transfree,0.0,3.888e-6,0.001812944,0.002905722,4.0e-8,0.005139224,9,0,5.702201949780934e-21,4.503197440806563,5.067902629976462,2.220446049250313e-16,3.444863259878839e-22,2.808588463198121e-21,4.507097919017023,diag_5120,1.345100236310036,92.37047056626557,29.852624720016145,851
kahan_10,10,Float64,false,diagonalcheap,complexschur,0.0,2.064e-6,0.0008957919999999999,0.001202881,4.0e-8,0.002397566,9,0,5.793475669449625e-16,4.503197440806563,5.067902629976462,2.220446049250313e-16,9.59715658986789e-17,8.068047368659817e-16,4.507097919017023,diag_5120,1.345100236310036,92.37047056626557,29.852624720016145,53
kahan_10,10,Float64,false,diagonalcheap,complexschur,0.0,2.415e-6,0.0009809649999999999,0.001424236,4.0e-8,0.002647587,9,0,5.702201949780934e-21,4.503197440806563,5.067902629976462,2.220446049250313e-16,3.444863259878839e-22,2.808588463198121e-21,4.507097919017023,diag_5120,1.345100236310036,92.37047056626557,29.852624720016145,256
kahan_10,10,Float64,false,diagonalcheap,complexschur,0.0,2.344e-6,0.001053845,0.001623731,4.0e-8,0.002958634,9,0,5.702201949780934e-21,4.503197440806563,5.067902629976462,2.220446049250313e-16,3.444863259878839e-22,2.808588463198121e-21,4.507097919017023,diag_5120,1.345100236310036,92.37047056626557,29.852624720016145,851
kahan_10,10,Float64,false,diagonalcheap,realschur,0.0,2.024e-6,0.000948735,0.001662131,5.1e-8,0.002936722,9,0,5.793475669449625e-16,4.503197440806563,5.067902629976462,2.220446049250313e-16,9.59715658986789e-17,8.068047368659817e-16,4.507097919017023,diag_5120,1.345100236310036,92.37047056626557,29.852624720016145,53
kahan_10,10,Float64,false,diagonalcheap,realschur,0.0,2.7740000000000005e-6,0.001282185,0.002052734,4.0e-8,0.003650343,9,0,5.702201949780934e-21,4.503197440806563,5.067902629976462,2.220446049250313e-16,3.444863259878839e-22,2.808588463198121e-21,4.507097919017023,diag_5120,1.345100236310036,92.37047056626557,29.852624720016145,256
kahan_10,10,Float64,false,diagonalcheap,realschur,0.0,2.735e-6,0.0015410089999999999,0.0019892910000000002,4.0e-8,0.003897808,9,0,5.702201949780934e-21,4.503197440806563,5.067902629976462,2.220446049250313e-16,3.444863259878839e-22,2.808588463198121e-21,4.507097919017023,diag_5120,1.345100236310036,92.37047056626557,29.852624720016145,851
kahan_10,10,Float64,false,taylor,transfree,0.0,0.000234852,0.000619291,0.001262406,4.0e-8,0.002354343,20,0,4.440892098500626e-16,4.516030141321018,1,2.220446049250313e-16,4.864172424564526e-17,2.60596767061081e-16,4.507097919017023,diag_5120,1.345100236310036,92.37047056626557,29.852624720016145,53
kahan_10,10,Float64,false,taylor,transfree,0.0,0.000312469,0.0008426379999999999,0.002385223,4.0e-8,0.003864534,20,0,5.048959831513173e-19,4.516030141321017,1,2.220446049250313e-16,1.624853786730422e-20,1.298063884258905e-19,4.507097919017023,diag_5120,1.345100236310036,92.37047056626557,29.852624720016145,256
kahan_10,10,Float64,false,taylor,transfree,0.0,0.00039622099999999993,0.0011629949999999998,0.0034922480000000003,4.0e-8,0.005481191,20,0,5.048959831513173e-19,4.516030141321017,1,2.220446049250313e-16,1.624853786730422e-20,1.298063884258905e-19,4.507097919017023,diag_5120,1.345100236310036,92.37047056626557,29.852624720016145,851
kahan_10,10,Float64,false,taylor,complexschur,0.0,0.00021208799999999998,0.00059915,0.001331659,3.1e-8,0.002427705,20,0,4.440892098500626e-16,4.516030141321018,1,2.220446049250313e-16,4.864172424564526e-17,2.60596767061081e-16,4.507097919017023,diag_5120,1.345100236310036,92.37047056626557,29.852624720016145,53
kahan_10,10,Float64,false,taylor,complexschur,0.0,0.000217488,0.0005913389999999999,0.0015108720000000001,4.0e-8,0.002609384,20,0,5.048959831513173e-19,4.516030141321017,1,2.220446049250313e-16,1.624853786730422e-20,1.298063884258905e-19,4.507097919017023,diag_5120,1.345100236310036,92.37047056626557,29.852624720016145,256
kahan_10,10,Float64,false,taylor,complexschur,0.0,0.000226054,0.0007170869999999999,0.0018750430000000003,4.0e-8,0.003100036,20,0,5.048959831513173e-19,4.516030141321017,1,2.220446049250313e-16,1.624853786730422e-20,1.298063884258905e-19,4.507097919017023,diag_5120,1.345100236310036,92.37047056626557,29.852624720016145,851
kahan_10,10,Float64,false,taylor,realschur,0.0,0.000319845,0.0007757480000000001,0.0022214080000000002,5.0e-8,0.003631166,20,0,4.440892098500626e-16,4.516030141321018,1,2.220446049250313e-16,4.864172424564526e-17,2.60596767061081e-16,4.507097919017023,diag_5120,1.345100236310036,92.37047056626557,29.852624720016145,53
kahan_10,10,Float64,false,taylor,realschur,0.0,0.000373137,0.001008819,0.002608582,2.31e-7,0.004366809,20,0,5.048959831513173e-19,4.516030141321017,1,2.220446049250313e-16,1.624853786730422e-20,1.298063884258905e-19,4.507097919017023,diag_5120,1.345100236310036,92.37047056626557,29.852624720016145,256
kahan_10,10,Float64,false,taylor,realschur,0.0,0.000246563,0.0008160590000000002,0.0019124460000000002,4.0e-8,0.003307935,20,0,5.048959831513173e-19,4.516030141321017,1,2.220446049250313e-16,1.624853786730422e-20,1.298063884258905e-19,4.507097919017023,diag_5120,1.345100236310036,92.37047056626557,29.852624720016145,851
lehmer_10,10,Rational{Int64},true,scaling_and_squaring,NaN,NaN,NaN,NaN,NaN,NaN,5.4244e-5,NaN,NaN,NaN,NaN,NaN,2.220446049250313e-16,1.912146231843408e-15,7.344586110285223e-13,360.1006183755074,diag_5120,6.133785043551848,114.72857142857151,86.38931620332264,53
lehmer_10,10,Rational{Int64},true,diagonalcheap,transfree,0.00197234,0.0,0.0,0.0,0.0,0.002494503,NaN,NaN,NaN,NaN,NaN,2.220446049250313e-16,6.750461046457415e-16,3.223438242876642e-13,360.1006183755074,diag_5120,6.133785043551848,114.72857142857151,86.38931620332264,53
lehmer_10,10,Rational{Int64},true,diagonalcheap,transfree,0.004842864,0.0,0.0,0.0,0.0,0.005477664,NaN,NaN,NaN,NaN,NaN,2.220446049250313e-16,1.732482278624779e-76,6.159445617829052e-74,360.1006183755074,diag_5120,6.133785043551848,114.72857142857151,86.38931620332264,256
lehmer_10,10,Rational{Int64},true,diagonalcheap,transfree,0.01469894,0.0,0.0,0.0,0.0,0.015781941,NaN,NaN,NaN,NaN,NaN,2.220446049250313e-16,6.920341932062036e-256,3.007711926829555e-253,360.1006183755074,diag_5120,6.133785043551848,114.72857142857151,86.38931620332264,851
lehmer_10,10,Rational{Int64},true,diagonalcheap,complexschur,0.002950479,0.001225935,0.013715874000000005,0.021160615999999997,0.001303113,0.042584034,91,2,9.134849848735368e-16,4.219093907759968,2.0399169878706176,2.220446049250313e-16,5.078514532842467e-15,1.79423190225513e-12,360.1006183755074,diag_5120,6.133785043551848,114.72857142857151,86.38931620332264,53
lehmer_10,10,Rational{Int64},true,diagonalcheap,complexschur,0.003694548,0.000201407,0.002010343,0.006910325,4.0e-8,0.014632863,17,0,6.795817235055247e-21,316.8668216965101,19.511394062438118,2.220446049250313e-16,1.150631503811117e-75,4.335990796571714e-73,360.1006183755074,diag_5120,6.133785043551848,114.72857142857151,86.38931620332264,256
lehmer_10,10,Rational{Int64},true,diagonalcheap,complexschur,0.01022763,0.000200996,0.002432241,0.008929076000000001,3.1e-8,0.024835648,17,0,6.795817235055247e-21,316.8668216965101,19.511394062438118,2.220446049250313e-16,3.824699790358348e-255,1.497670660172547e-252,360.1006183755074,diag_5120,6.133785043551848,114.72857142857151,86.38931620332264,851
lehmer_10,10,Rational{Int64},true,diagonalcheap,realschur,0.004201954,0.000730573,0.007366742,0.007329844,0.000608119,0.02133423,91,2,9.134849848735368e-16,4.219093907759968,2.0399169878706176,2.220446049250313e-16,5.078514532842467e-15,1.79423190225513e-12,360.1006183755074,diag_5120,6.133785043551848,114.72857142857151,86.38931620332264,53
lehmer_10,10,Rational{Int64},true,diagonalcheap,realschur,0.004749766,0.00012956,0.001570267,0.001761574,3.0e-8,0.008972388,17,0,6.795817235055247e-21,316.8668216965101,19.511394062438118,2.220446049250313e-16,1.150631503811117e-75,4.335990796571714e-73,360.1006183755074,diag_5120,6.133785043551848,114.72857142857151,86.38931620332264,256
lehmer_10,10,Rational{Int64},true,diagonalcheap,realschur,0.006899276,0.000131654,0.0016046930000000001,0.003561954,5.0e-8,0.013657741,17,0,6.795817235055247e-21,316.8668216965101,19.511394062438118,2.220446049250313e-16,3.824699790358348e-255,1.497670660172547e-252,360.1006183755074,diag_5120,6.133785043551848,114.72857142857151,86.38931620332264,851
lehmer_10,10,Rational{Int64},true,taylor,transfree,0.003966912,0.0,0.0,0.0,0.0,0.004795042,NaN,NaN,NaN,NaN,NaN,2.220446049250313e-16,6.750461046457415e-16,3.223438242876642e-13,360.1006183755074,diag_5120,6.133785043551848,114.72857142857151,86.38931620332264,53
lehmer_10,10,Rational{Int64},true,taylor,transfree,0.005112493,0.0,0.0,0.0,0.0,0.005811726,NaN,NaN,NaN,NaN,NaN,2.220446049250313e-16,1.732482278624779e-76,6.159445617829052e-74,360.1006183755074,diag_5120,6.133785043551848,114.72857142857151,86.38931620332264,256
lehmer_10,10,Rational{Int64},true,taylor,transfree,0.018702885,0.0,0.0,0.0,0.0,0.020338998,NaN,NaN,NaN,NaN,NaN,2.220446049250313e-16,6.920341932062036e-256,3.007711926829555e-253,360.1006183755074,diag_5120,6.133785043551848,114.72857142857151,86.38931620332264,851
lehmer_10,10,Rational{Int64},true,taylor,complexschur,0.004493273,0.0011413419999999998,0.002916371,0.016458023999999998,0.002289068,0.030885011,90,2,8.881784197001252e-16,4.219092342892237,1,2.220446049250313e-16,5.078514532842467e-15,1.79423190225513e-12,360.1006183755074,diag_5120,6.133785043551848,114.72857142857151,86.38931620332264,53
lehmer_10,10,Rational{Int64},true,taylor,complexschur,0.005378123,0.000376323,0.00122276,0.005872853,0.000701608,0.01568746,25,1,2.423060024921559e-15,12.00241872652853,1,2.220446049250313e-16,1.150631503811117e-75,4.335990796571714e-73,360.1006183755074,diag_5120,6.133785043551848,114.72857142857151,86.38931620332264,256
lehmer_10,10,Rational{Int64},true,taylor,complexschur,0.006864208,0.000590974,0.0019159910000000004,0.009596629999999998,0.000925117,0.022955155,25,1,2.423060024921559e-15,12.00241872652853,1,2.220446049250313e-16,3.824699790358348e-255,1.497670660172547e-252,360.1006183755074,diag_5120,6.133785043551848,114.72857142857151,86.38931620332264,851
lehmer_10,10,Rational{Int64},true,taylor,realschur,0.004016687,0.000687149,0.00194153,0.003864184,0.000359201,0.011703376,90,2,8.881784197001252e-16,4.219092342892237,1,2.220446049250313e-16,5.078514532842467e-15,1.79423190225513e-12,360.1006183755074,diag_5120,6.133785043551848,114.72857142857151,86.38931620332264,53
lehmer_10,10,Rational{Int64},true,taylor,realschur,0.006850021,0.00026330900000000004,0.0008935760000000001,0.001660589,0.000210074,0.010703535,25,1,2.423060024921559e-15,12.00241872652853,1,2.220446049250313e-16,1.150631503811117e-75,4.335990796571714e-73,360.1006183755074,diag_5120,6.133785043551848,114.72857142857151,86.38931620332264,256
lehmer_10,10,Rational{Int64},true,taylor,realschur,0.010508451,0.00032038600000000003,0.0011320859999999998,0.002199976,0.000358057,0.015664197,25,1,2.423060024921559e-15,12.00241872652853,1,2.220446049250313e-16,3.824699790358348e-255,1.497670660172547e-252,360.1006183755074,diag_5120,6.133785043551848,114.72857142857151,86.38931620332264,851
minij_10,10,Int64,true,scaling_and_squaring,NaN,NaN,NaN,NaN,NaN,NaN,5.9043e-5,NaN,NaN,NaN,NaN,NaN,2.220446049250313e-16,1.669662414174376e-14,597862.5039169847,3.503802468654952e+19,diag_5120,45.11097427455984,220.0,175.08661295841006,53
minij_10,10,Int64,true,diagonalcheap,transfree,0.002867349,0.0,0.0,0.0,0.0,0.00356005,NaN,NaN,NaN,NaN,NaN,2.220446049250313e-16,1.132311493808962e-14,402201.4960830153,3.503802468654952e+19,diag_5120,45.11097427455984,220.0,175.08661295841006,53
minij_10,10,Int64,true,diagonalcheap,transfree,0.006143203,0.0,0.0,0.0,0.0,0.006785277,NaN,NaN,NaN,NaN,NaN,2.220446049250313e-16,1.36649112010039e-75,4.849131869464424e-56,3.503802468654952e+19,diag_5120,45.11097427455984,220.0,175.08661295841006,256
minij_10,10,Int64,true,diagonalcheap,transfree,0.015538816,0.0,0.0,0.0,0.0,0.048731129,NaN,NaN,NaN,NaN,NaN,2.220446049250313e-16,1.374046776717754e-254,4.837822516613873e-235,3.503802468654952e+19,diag_5120,45.11097427455984,220.0,175.08661295841006,851
minij_10,10,Int64,true,diagonalcheap,complexschur,0.002459025,0.0009265489999999999,0.012165757000000006,0.021214659,0.003553718,0.042577355,91,5,0,4.050902295825439,2.0073718250675037,2.220446049250313e-16,1.004266866659734e-14,350054.5039169847,3.503802468654952e+19,diag_5120,45.11097427455984,220.0,175.08661295841006,53
minij_10,10,Int64,true,diagonalcheap,complexschur,0.003931092,0.000182891,0.002629791,0.007509879999999999,0.003848554,0.021231273,17,3,2.089993416886067e-21,269.2818448831532,18.175136352632183,2.220446049250313e-16,1.338354110997447e-75,4.740602483018525e-56,3.503802468654952e+19,diag_5120,45.11097427455984,220.0,175.08661295841006,256
minij_10,10,Int64,true,diagonalcheap,complexschur,0.00741648,0.00030555000000000003,0.003644133,0.010851949,0.002829557,0.027811625,17,3,2.089993416886067e-21,269.2818448831532,18.175136352632183,2.220446049250313e-16,2.979503332871333e-254,1.049387500417862e-234,3.503802468654952e+19,diag_5120,45.11097427455984,220.0,175.08661295841006,851
minij_10,10,Int64,true,diagonalcheap,realschur,0.002798296,0.000597508,0.006916508000000001,0.004524052000000001,0.000777063,0.016258648,91,5,0,4.050902295825439,2.0073718250675037,2.220446049250313e-16,1.004266866659734e-14,350054.5039169847,3.503802468654952e+19,diag_5120,45.11097427455984,220.0,175.08661295841006,53
minij_10,10,Int64,true,diagonalcheap,realschur,0.0067037,0.000195407,0.0029499380000000005,0.003076461,0.001105924,0.015234892,17,3,2.089993416886067e-21,269.2818448831532,18.175136352632183,2.220446049250313e-16,1.338354110997447e-75,4.740602483018525e-56,3.503802468654952e+19,diag_5120,45.11097427455984,220.0,175.08661295841006,256
minij_10,10,Int64,true,diagonalcheap,realschur,0.012217504,0.00025653599999999997,0.003432015000000001,0.0036583129999999994,0.001246805,0.022110181,17,3,2.089993416886067e-21,269.2818448831532,18.175136352632183,2.220446049250313e-16,2.979503332871333e-254,1.049387500417862e-234,3.503802468654952e+19,diag_5120,45.11097427455984,220.0,175.08661295841006,851
minij_10,10,Int64,true,taylor,transfree,0.001916051,0.0,0.0,0.0,0.0,0.002426893,NaN,NaN,NaN,NaN,NaN,2.220446049250313e-16,1.132311493808962e-14,402201.4960830153,3.503802468654952e+19,diag_5120,45.11097427455984,220.0,175.08661295841006,53
minij_10,10,Int64,true,taylor,transfree,0.00594903,0.0,0.0,0.0,0.0,0.006976805,NaN,NaN,NaN,NaN,NaN,2.220446049250313e-16,1.36649112010039e-75,4.849131869464424e-56,3.503802468654952e+19,diag_5120,45.11097427455984,220.0,175.08661295841006,256
minij_10,10,Int64,true,taylor,transfree,0.018214196,0.0,0.0,0.0,0.0,0.019250557,NaN,NaN,NaN,NaN,NaN,2.220446049250313e-16,1.374046776717754e-254,4.837822516613873e-235,3.503802468654952e+19,diag_5120,45.11097427455984,220.0,175.08661295841006,851
minij_10,10,Int64,true,taylor,complexschur,0.003551012,0.0006991649999999999,0.002462562,0.011907399,0.003677506,0.025530653,36,3,0,92.30795802910626,1,2.220446049250313e-16,1.004266866659734e-14,350054.5039169847,3.503802468654952e+19,diag_5120,45.11097427455984,220.0,175.08661295841006,53
minij_10,10,Int64,true,taylor,complexschur,0.004090068,0.000688902,0.0030458430000000003,0.008972549000000002,0.003540393,0.02360853,36,3,3.989337829946623e-16,92.30795802910631,1,2.220446049250313e-16,1.338354110997447e-75,4.740602483018525e-56,3.503802468654952e+19,diag_5120,45.11097427455984,220.0,175.08661295841006,256
minij_10,10,Int64,true,taylor,complexschur,0.008223069,0.000564947,0.0030328249999999994,0.010721350000000001,0.002759142,0.028144324,36,3,3.989337829946623e-16,92.30795802910631,1,2.220446049250313e-16,2.979503332871333e-254,1.049387500417862e-234,3.503802468654952e+19,diag_5120,45.11097427455984,220.0,175.08661295841006,851
minij_10,10,Int64,true,taylor,realschur,0.002398198,0.00027793699999999996,0.0012150049999999997,0.0019027829999999997,0.000462499,0.006875039,36,3,0,92.30795802910626,1,2.220446049250313e-16,1.004266866659734e-14,350054.5039169847,3.503802468654952e+19,diag_5120,45.11097427455984,220.0,175.08661295841006,53
minij_10,10,Int64,true,taylor,realschur,0.003860247,0.000283954,0.0012772640000000002,0.0020607090000000004,0.000607617,0.008776913,36,3,3.989337829946623e-16,92.30795802910631,1,2.220446049250313e-16,1.338354110997447e-75,4.740602483018525e-56,3.503802468654952e+19,diag_5120,45.11097427455984,220.0,175.08661295841006,256
minij_10,10,Int64,true,taylor,realschur,0.010492099,0.000372895,0.001698854,0.0027893989999999997,0.001802463,0.018673057,36,3,3.989337829946623e-16,92.30795802910631,1,2.220446049250313e-16,2.979503332871333e-254,1.049387500417862e-234,3.503802468654952e+19,diag_5120,45.11097427455984,220.0,175.08661295841006,851
moler_10,10,Float64,true,scaling_and_squaring,NaN,NaN,NaN,NaN,NaN,NaN,6.8842e-5,NaN,NaN,NaN,NaN,NaN,2.220446049250313e-16,1.67425553019161e-15,0.1392721326294838,67944521770975.79,diag_5120,32.78719262151001,6.815757e6,3.6805919110181164e6,53
moler_10,10,Float64,true,diagonalcheap,transfree,0.00339851,0.0,0.0,0.0,0.0,0.004213285,NaN,NaN,NaN,NaN,NaN,2.220446049250313e-16,1.284807061503349e-15,0.08836383611075,67944521770975.79,diag_5120,32.78719262151001,6.815757e6,3.6805919110181164e6,53
moler_10,10,Float64,true,diagonalcheap,transfree,0.006504808,0.0,0.0,0.0,0.0,0.007091706,NaN,NaN,NaN,NaN,NaN,2.220446049250313e-16,1.008700450994789e-75,6.728390048899958e-62,67944521770975.79,diag_5120,32.78719262151001,6.815757e6,3.6805919110181164e6,256
moler_10,10,Float64,true,diagonalcheap,transfree,0.015138305,0.0,0.0,0.0,0.0,0.016660711,NaN,NaN,NaN,NaN,NaN,2.220446049250313e-16,2.036291566453921e-255,1.429384055303738e-241,67944521770975.79,diag_5120,32.78719262151001,6.815757e6,3.6805919110181164e6,851
moler_10,10,Float64,true,diagonalcheap,complexschur,0.003780073,0.001333842,0.01363645,0.05554364000000002,0.003825109,0.080033521,91,6,0,1.638188039738399,1.2801324836678614,2.220446049250313e-16,2.545287579307696e-15,0.1840818426001875,67944521770975.79,diag_5120,32.78719262151001,6.815757e6,3.6805919110181164e6,53
moler_10,10,Float64,true,diagonalcheap,complexschur,0.004038409,0.000123125,0.002681521999999999,0.005449924,0.002109744,0.016361025,13,3,6.730988004829977e-18,51.86925460097554,7.783943436328836,2.220446049250313e-16,1.280240455124531e-75,8.932196716504349e-62,67944521770975.79,diag_5120,32.78719262151001,6.815757e6,3.6805919110181164e6,256
moler_10,10,Float64,true,diagonalcheap,complexschur,0.010040731,0.00013460900000000003,0.003985487,0.008904281000000002,0.004147098,0.031394451,13,3,6.730988004829977e-18,51.86925460097554,7.783943436328836,2.220446049250313e-16,2.450631765902749e-254,1.673793471101424e-240,67944521770975.79,diag_5120,32.78719262151001,6.815757e6,3.6805919110181164e6,851
moler_10,10,Float64,true,diagonalcheap,realschur,0.003553067,0.0009438030000000001,0.010578767000000003,0.0049607900000000005,0.00093649,0.021658045,91,6,0,1.638188039738399,1.2801324836678614,2.220446049250313e-16,2.545287579307696e-15,0.1840818426001875,67944521770975.79,diag_5120,32.78719262151001,6.815757e6,3.6805919110181164e6,53
moler_10,10,Float64,true,diagonalcheap,realschur,0.005993136,0.000115722,0.0026344999999999993,0.00275747,0.000929265,0.013338078,13,3,6.730988004829977e-18,51.86925460097554,7.783943436328836,2.220446049250313e-16,1.280240455124531e-75,8.932196716504349e-62,67944521770975.79,diag_5120,32.78719262151001,6.815757e6,3.6805919110181164e6,256
moler_10,10,Float64,true,diagonalcheap,realschur,0.009944618,0.000134618,0.003069195,0.003429973,0.001274189,0.019145507,13,3,6.730988004829977e-18,51.86925460097554,7.783943436328836,2.220446049250313e-16,2.450631765902749e-254,1.673793471101424e-240,67944521770975.79,diag_5120,32.78719262151001,6.815757e6,3.6805919110181164e6,851
moler_10,10,Float64,true,taylor,transfree,0.001989363,0.0,0.0,0.0,0.0,0.002478983,NaN,NaN,NaN,NaN,NaN,2.220446049250313e-16,1.284807061503349e-15,0.08836383611075,67944521770975.79,diag_5120,32.78719262151001,6.815757e6,3.6805919110181164e6,53
moler_10,10,Float64,true,taylor,transfree,0.00455387,0.0,0.0,0.0,0.0,0.005126521,NaN,NaN,NaN,NaN,NaN,2.220446049250313e-16,1.008700450994789e-75,6.728390048899958e-62,67944521770975.79,diag_5120,32.78719262151001,6.815757e6,3.6805919110181164e6,256
moler_10,10,Float64,true,taylor,transfree,0.011094517,0.0,0.0,0.0,0.0,0.012093267,NaN,NaN,NaN,NaN,NaN,2.220446049250313e-16,2.036291566453921e-255,1.429384055303738e-241,67944521770975.79,diag_5120,32.78719262151001,6.815757e6,3.6805919110181164e6,851
moler_10,10,Float64,true,taylor,complexschur,0.00456941,0.000626903,0.0028910249999999998,0.010631354999999999,0.003883722,0.025417348,30,3,7.105427357601002e-15,33.1368302802794,1,2.220446049250313e-16,2.545287579307696e-15,0.1840818426001875,67944521770975.79,diag_5120,32.78719262151001,6.815757e6,3.6805919110181164e6,53
moler_10,10,Float64,true,taylor,complexschur,0.004088465,0.0005005529999999999,0.0019886410000000006,0.006752844,0.00209781,0.017381608,30,3,4.286344990035231e-16,33.13683028027941,1,2.220446049250313e-16,1.280240455124531e-75,8.932196716504349e-62,67944521770975.79,diag_5120,32.78719262151001,6.815757e6,3.6805919110181164e6,256
moler_10,10,Float64,true,taylor,complexschur,0.011851952,0.0006465829999999999,0.0023885479999999995,0.010450611,0.004708848,0.032648031,30,3,4.286344990035231e-16,33.13683028027941,1,2.220446049250313e-16,2.450631765902749e-254,1.673793471101424e-240,67944521770975.79,diag_5120,32.78719262151001,6.815757e6,3.6805919110181164e6,851
moler_10,10,Float64,true,taylor,realschur,0.002407546,0.00032490399999999994,0.0012661520000000004,0.0017137430000000002,0.000461496,0.006806077,30,3,7.105427357601002e-15,33.1368302802794,1,2.220446049250313e-16,2.545287579307696e-15,0.1840818426001875,67944521770975.79,diag_5120,32.78719262151001,6.815757e6,3.6805919110181164e6,53
moler_10,10,Float64,true,taylor,realschur,0.003850068,0.0002962,0.001349883,0.001878347,0.00060867,0.008733701,30,3,4.286344990035231e-16,33.13683028027941,1,2.220446049250313e-16,1.280240455124531e-75,8.932196716504349e-62,67944521770975.79,diag_5120,32.78719262151001,6.815757e6,3.6805919110181164e6,256
moler_10,10,Float64,true,taylor,realschur,0.010724527,0.000369442,0.0016226679999999999,0.0024777400000000004,0.001088481,0.017592102,30,3,4.286344990035231e-16,33.13683028027941,1,2.220446049250313e-16,2.450631765902749e-254,1.673793471101424e-240,67944521770975.79,diag_5120,32.78719262151001,6.815757e6,3.6805919110181164e6,851
parter_10,10,Rational{Int64},false,scaling_and_squaring,NaN,NaN,NaN,NaN,NaN,NaN,3.0268e-5,NaN,NaN,NaN,NaN,NaN,2.220446049250313e-16,5.877918980638754e-16,2.438432632989808e-14,26.1713688171766,diag_5120,5.246889943546,12.596690828838046,2.4148096414912876,53
parter_10,10,Rational{Int64},false,diagonalcheap,transfree,0.0,0.00056033,0.005159062000000001,0.00475163,4.0e-8,0.010765265,81,0,0,26.17136881717666,9.075506542368473,2.220446049250313e-16,7.291020649147789e-16,2.838398296948318e-14,26.1713688171766,diag_5120,5.246889943546,12.596690828838046,2.4148096414912876,53
parter_10,10,Rational{Int64},false,diagonalcheap,transfree,0.0,7.0695e-5,0.001111175,0.001994613,4.0e-8,0.003451852,13,0,5.170457244619891e-19,26.17136881717663,9.150945855568056,2.220446049250313e-16,1.695825454671057e-23,4.952851055106667e-22,26.1713688171766,diag_5120,5.246889943546,12.596690828838046,2.4148096414912876,256
parter_10,10,Rational{Int64},false,diagonalcheap,transfree,0.0,7.8541e-5,0.001328946,0.00355024,4.01e-7,0.005296106,13,0,5.170457244619891e-19,26.17136881717663,9.150945855568056,2.220446049250313e-16,1.695825454671057e-23,4.952851055106667e-22,26.1713688171766,diag_5120,5.246889943546,12.596690828838046,2.4148096414912876,851
parter_10,10,Rational{Int64},false,diagonalcheap,complexschur,0.006027261,0.0005556879999999999,0.0033853029999999992,0.012126752,3.0e-8,0.025087283,21,0,0,37.83576251723286,5.157680662177872,2.220446049250313e-16,2.595584327407424e-15,1.295267017948988e-13,26.1713688171766,diag_5120,5.246889943546,12.596690828838046,2.4148096414912876,53
parter_10,10,Rational{Int64},false,diagonalcheap,complexschur,0.01021103,0.00021894000000000001,0.002589535,0.009197834,5.0e-8,0.025849097,13,0,4.259321578779045e-19,37.07667290519914,8.465083944042702,2.220446049250313e-16,1.224394061004112e-23,5.314052808432009e-22,26.1713688171766,diag_5120,5.246889943546,12.596690828838046,2.4148096414912876,256
parter_10,10,Rational{Int64},false,diagonalcheap,complexschur,0.018213717,0.00023876000000000002,0.002828022,0.012010386,6.1e-8,0.038897659,13,0,9.086068565745709e-19,37.88977116364036,5.76536666425184,2.220446049250313e-16,1.224394061004112e-23,5.314052808432009e-22,26.1713688171766,diag_5120,5.246889943546,12.596690828838046,2.4148096414912876,851
parter_10,10,Rational{Int64},false,diagonalcheap,realschur,0.005472936,0.000580767,0.005571492,0.007455016,5.0e-8,0.01999515,81,0,0,35.22544596113077,6.820222580503727,2.220446049250313e-16,2.683603669481614e-15,1.214941856276887e-13,26.1713688171766,diag_5120,5.246889943546,12.596690828838046,2.4148096414912876,53
parter_10,10,Rational{Int64},false,diagonalcheap,realschur,0.007391031,7.708699999999999e-5,0.001287614,0.0017559750000000001,3.0e-8,0.01129345,13,0,4.119328994417241e-19,35.22544596113076,9.843727281900918,2.220446049250313e-16,1.224394061004112e-23,5.314052808432009e-22,26.1713688171766,diag_5120,5.246889943546,12.596690828838046,2.4148096414912876,256
parter_10,10,Rational{Int64},false,diagonalcheap,realschur,0.015936521,7.8982e-5,0.001386066,0.002295189,4.0e-8,0.02068222,13,0,1.495229179226701e-18,35.22544596113076,7.164827183327784,2.220446049250313e-16,1.224394061004112e-23,5.314052808432009e-22,26.1713688171766,diag_5120,5.246889943546,12.596690828838046,2.4148096414912876,851
parter_10,10,Rational{Int64},false,taylor,transfree,0.0,0.000257084,0.000821899,0.002060989,0.000143897,0.003735798,25,1,8.881784197001252e-16,5.928925889187153,1,2.220446049250313e-16,1.764615296039418e-16,7.483403154900994e-15,26.1713688171766,diag_5120,5.246889943546,12.596690828838046,2.4148096414912876,53
parter_10,10,Rational{Int64},false,taylor,transfree,0.0,0.000303213,0.0011638330000000002,0.0036062719999999998,0.000360082,0.006029506,25,1,1.551290417218045e-20,5.928925889187153,1,2.220446049250313e-16,1.364785873460052e-23,3.917531268700563e-22,26.1713688171766,diag_5120,5.246889943546,12.596690828838046,2.4148096414912876,256
parter_10,10,Rational{Int64},false,taylor,transfree,0.0,0.000286471,0.0013379689999999996,0.004680964,0.000338831,0.007360142,25,1,1.551290417218045e-20,5.928925889187153,1,2.220446049250313e-16,1.364785873460052e-23,3.917531268700563e-22,26.1713688171766,diag_5120,5.246889943546,12.596690828838046,2.4148096414912876,851
parter_10,10,Rational{Int64},false,taylor,complexschur,0.005036958,0.0005695380000000001,0.0018582990000000005,0.01087144,0.001268768,0.023209265,25,1,8.881784197001252e-16,7.266635602513933,1,2.220446049250313e-16,2.593265173171686e-15,1.137347335745613e-13,26.1713688171766,diag_5120,5.246889943546,12.596690828838046,2.4148096414912876,53
parter_10,10,Rational{Int64},false,taylor,complexschur,0.011012911,0.0005758679999999999,0.001188083,0.007428593,3.0e-8,0.022724163,30,0,2.402999518444952e-17,25.96149136025229,1,2.220446049250313e-16,1.596784506600162e-21,6.771626224845788e-20,26.1713688171766,diag_5120,5.246889943546,12.596690828838046,2.4148096414912876,256
parter_10,10,Rational{Int64},false,taylor,complexschur,0.015942041,0.000804055,0.0026492610000000004,0.011088295000000001,0.001109952,0.035529407,25,1,2.047861248710099e-20,7.273353360388653,1,2.220446049250313e-16,6.956099683094897e-24,3.075963400429348e-22,26.1713688171766,diag_5120,5.246889943546,12.596690828838046,2.4148096414912876,851
parter_10,10,Rational{Int64},false,taylor,realschur,0.00340378,0.000214532,0.0007320969999999998,0.0015251430000000003,0.000177681,0.006748407,25,1,8.881784197001252e-16,8.443616408515172,1,2.220446049250313e-16,2.650600311577895e-15,1.110799457387477e-13,26.1713688171766,diag_5120,5.246889943546,12.596690828838046,2.4148096414912876,53
parter_10,10,Rational{Int64},false,taylor,realschur,0.007828211,0.0004941489999999999,0.001236476,0.0033856460000000004,4.1e-8,0.013778314,30,0,4.377293765190776e-17,30.45410579210239,1,2.220446049250313e-16,1.596784506600162e-21,6.771626224845788e-20,26.1713688171766,diag_5120,5.246889943546,12.596690828838046,2.4148096414912876,256
parter_10,10,Rational{Int64},false,taylor,realschur,0.014901101,0.000578251,0.001278535,0.0031134839999999997,4.0e-8,0.021032733,30,0,1.397511061155571e-17,30.45410579210239,1,2.220446049250313e-16,1.596784506600162e-21,6.771626224845788e-20,26.1713688171766,diag_5120,5.246889943546,12.596690828838046,2.4148096414912876,851
pei_10,10,Int64,true,scaling_and_squaring,NaN,NaN,NaN,NaN,NaN,NaN,6.5576e-5,NaN,NaN,NaN,NaN,NaN,2.220446049250313e-16,1.799694206934613e-14,1.103187660335908e-09,59874.14171519782,diag_5120,11.40175414523793,18.999999999999996,11.000000000000005,53
pei_10,10,Int64,true,diagonalcheap,transfree,0.00044218,0.0,0.0,0.0,0.0,0.000915469,NaN,NaN,NaN,NaN,NaN,2.220446049250313e-16,1.809832767223829e-15,1.318473188424204e-10,59874.14171519782,diag_5120,11.40175414523793,18.999999999999996,11.000000000000005,53
pei_10,10,Int64,true,diagonalcheap,transfree,0.000606746,0.0,0.0,0.0,0.0,0.001148738,NaN,NaN,NaN,NaN,NaN,2.220446049250313e-16,1.386144377561464e-76,1.047388675179634e-71,59874.14171519782,diag_5120,11.40175414523793,18.999999999999996,11.000000000000005,256
pei_10,10,Int64,true,diagonalcheap,transfree,0.000761824,0.0,0.0,0.0,0.0,0.001604563,NaN,NaN,NaN,NaN,NaN,2.220446049250313e-16,1.859999995212305e-256,1.766893967131273e-251,59874.14171519782,diag_5120,11.40175414523793,18.999999999999996,11.000000000000005,851
pei_10,10,Int64,true,diagonalcheap,complexschur,0.001036882,0.0006297179999999999,0.005874609000000001,0.044956762,0.000685948,0.054971003,65,1,2.861324727144002e-14,244.6919322642241,12.541749096046964,2.220446049250313e-16,3.774331935144596e-15,2.564480929853116e-10,59874.14171519782,diag_5120,11.40175414523793,18.999999999999996,11.000000000000005,53
pei_10,10,Int64,true,diagonalcheap,complexschur,0.000674226,0.000197459,0.002300857999999999,0.006737417,0.000689976,0.012494438,17,1,1.030153737149391e-21,244.6919322642156,13.642872978583073,2.220446049250313e-16,2.733058342858365e-76,1.874482777598047e-71,59874.14171519782,diag_5120,11.40175414523793,18.999999999999996,11.000000000000005,256
pei_10,10,Int64,true,diagonalcheap,complexschur,0.000650179,0.000183502,0.002414428999999999,0.011480378000000001,0.001331909,0.019578398,17,1,1.030153737149391e-21,244.6919322642156,13.642872978583073,2.220446049250313e-16,2.356071970468443e-255,1.58101582029672e-250,59874.14171519782,diag_5120,11.40175414523793,18.999999999999996,11.000000000000005,851
pei_10,10,Int64,true,diagonalcheap,realschur,0.001093571,0.0004896209999999999,0.0054423480000000005,0.006102693,0.000287402,0.014448402,65,1,2.861324727144002e-14,244.6919322642241,12.541749096046965,2.220446049250313e-16,3.774331935144596e-15,2.564480929853116e-10,59874.14171519782,diag_5120,11.40175414523793,18.999999999999996,11.000000000000005,53
pei_10,10,Int64,true,diagonalcheap,realschur,0.000646262,0.000137866,0.0015712900000000004,0.002510663,0.000300357,0.007184715,17,1,1.030153737149391e-21,244.6919322642156,13.642872978583073,2.220446049250313e-16,2.733058342858365e-76,1.874482777598047e-71,59874.14171519782,diag_5120,11.40175414523793,18.999999999999996,11.000000000000005,256
pei_10,10,Int64,true,diagonalcheap,realschur,0.001011994,0.000171309,0.002312013,0.002900672,0.000460003,0.008116806,17,1,1.030153737149391e-21,244.6919322642156,13.642872978583073,2.220446049250313e-16,2.356071970468443e-255,1.58101582029672e-250,59874.14171519782,diag_5120,11.40175414523793,18.999999999999996,11.000000000000005,851
pei_10,10,Int64,true,taylor,transfree,0.000698592,0.0,0.0,0.0,0.0,0.001403186,NaN,NaN,NaN,NaN,NaN,2.220446049250313e-16,1.809832767223829e-15,1.318473188424204e-10,59874.14171519782,diag_5120,11.40175414523793,18.999999999999996,11.000000000000005,53
pei_10,10,Int64,true,taylor,transfree,0.000911631,0.0,0.0,0.0,0.0,0.001730225,NaN,NaN,NaN,NaN,NaN,2.220446049250313e-16,1.386144377561464e-76,1.047388675179634e-71,59874.14171519782,diag_5120,11.40175414523793,18.999999999999996,11.000000000000005,256
pei_10,10,Int64,true,taylor,transfree,0.001179146,0.0,0.0,0.0,0.0,0.002400483,NaN,NaN,NaN,NaN,NaN,2.220446049250313e-16,1.859999995212305e-256,1.766893967131273e-251,59874.14171519782,diag_5120,11.40175414523793,18.999999999999996,11.000000000000005,851
pei_10,10,Int64,true,taylor,complexschur,0.001656422,0.0004140550000000001,0.002204034000000001,0.009058967,0.002131867,0.01837118,25,2,0,13.38037109374999,1,2.220446049250313e-16,3.774331935144596e-15,2.564480929853116e-10,59874.14171519782,diag_5120,11.40175414523793,18.999999999999996,11.000000000000005,53
pei_10,10,Int64,true,taylor,complexschur,0.001086417,0.00043567900000000007,0.0023551030000000003,0.009505006,0.002350777,0.018412328,25,2,7.302756486378526e-16,13.38037109375,1,2.220446049250313e-16,2.733058342858365e-76,1.874482777598047e-71,59874.14171519782,diag_5120,11.40175414523793,18.999999999999996,11.000000000000005,256
pei_10,10,Int64,true,taylor,complexschur,0.000772725,0.00029731099999999997,0.0017157460000000004,0.006575274000000001,0.001749402,0.013437188,25,2,7.302756486378526e-16,13.38037109375,1,2.220446049250313e-16,2.356071970468443e-255,1.58101582029672e-250,59874.14171519782,diag_5120,11.40175414523793,18.999999999999996,11.000000000000005,851
pei_10,10,Int64,true,taylor,realschur,0.001891805,0.00032795999999999997,0.0018147059999999997,0.0026975949999999997,0.000518196,0.008205446,25,2,0,13.38037109374999,1,2.220446049250313e-16,3.774331935144596e-15,2.564480929853116e-10,59874.14171519782,diag_5120,11.40175414523793,18.999999999999996,11.000000000000005,53
pei_10,10,Int64,true,taylor,realschur,0.000863329,0.000213519,0.0011196210000000001,0.001791843,0.000580044,0.005571385,25,2,7.302756486378526e-16,13.38037109375,1,2.220446049250313e-16,2.733058342858365e-76,1.874482777598047e-71,59874.14171519782,diag_5120,11.40175414523793,18.999999999999996,11.000000000000005,256
pei_10,10,Int64,true,taylor,realschur,0.001176821,0.000323201,0.002121476,0.00325777,0.000761503,0.00886829,25,2,7.302756486378526e-16,13.38037109375,1,2.220446049250313e-16,2.356071970468443e-255,1.58101582029672e-250,59874.14171519782,diag_5120,11.40175414523793,18.999999999999996,11.000000000000005,851
poisson_4,4,Int64,true,scaling_and_squaring,NaN,NaN,NaN,NaN,NaN,NaN,4.4636e-5,NaN,NaN,NaN,NaN,NaN,2.220446049250313e-16,1.540333327908208e-15,9.360651845125806e-13,403.4287934927351,diag_5120,8.332663321854087,3.0,3.000000000000001,53
poisson_4,4,Int64,true,diagonalcheap,transfree,0.000143055,0.0,0.0,0.0,0.0,0.000236765,NaN,NaN,NaN,NaN,NaN,2.220446049250313e-16,9.513894973978747e-16,4.528961241957125e-13,403.4287934927351,diag_5120,8.332663321854087,3.0,3.000000000000001,53
poisson_4,4,Int64,true,diagonalcheap,transfree,0.00037963,0.0,0.0,0.0,0.0,0.000459052,NaN,NaN,NaN,NaN,NaN,2.220446049250313e-16,2.050480962794165e-77,9.262097694410488e-75,403.4287934927351,diag_5120,8.332663321854087,3.0,3.000000000000001,256
poisson_4,4,Int64,true,diagonalcheap,transfree,0.000793835,0.0,0.0,0.0,0.0,0.000913775,NaN,NaN,NaN,NaN,NaN,2.220446049250313e-16,2.953241169740136e-256,1.396429169290977e-253,403.4287934927351,diag_5120,8.332663321854087,3.0,3.000000000000001,851
poisson_4,4,Int64,true,diagonalcheap,complexschur,0.000162852,0.000450296,0.004861028000000001,0.0023325539999999997,0.000223369,0.008322441,91,3,0,2.117000016612674,1.2844688711195107,2.220446049250313e-16,2.264233788854864e-15,1.220282278816621e-12,403.4287934927351,diag_5120,8.332663321854087,3.0,3.000000000000001,53
poisson_4,4,Int64,true,diagonalcheap,complexschur,0.000242125,9.3568e-5,0.0009089599999999999,0.0007942040000000001,3.0e-8,0.002253961,17,0,3.7189580329183e-20,403.4287934927365,8.33636325258529,2.220446049250313e-16,4.506444322732582e-77,1.952209547208959e-74,403.4287934927351,diag_5120,8.332663321854087,3.0,3.000000000000001,256
poisson_4,4,Int64,true,diagonalcheap,complexschur,0.000449664,0.00010154499999999999,0.0012615029999999998,0.00106172,4.0e-8,0.003131036,17,0,3.7189580329183e-20,403.4287934927365,8.33636325258529,2.220446049250313e-16,5.34980337670808e-256,2.676742529748624e-253,403.4287934927351,diag_5120,8.332663321854087,3.0,3.000000000000001,851
poisson_4,4,Int64,true,diagonalcheap,realschur,0.000285138,0.0005528200000000002,0.010554791000000003,0.001431181,0.000143336,0.0131724,91,3,0,2.117000016612674,1.2844688711195107,2.220446049250313e-16,2.264233788854864e-15,1.220282278816621e-12,403.4287934927351,diag_5120,8.332663321854087,3.0,3.000000000000001,53
poisson_4,4,Int64,true,diagonalcheap,realschur,0.00042148,0.000141052,0.0014042190000000002,0.000566408,3.0e-8,0.002725326,17,0,3.7189580329183e-20,403.4287934927365,8.33636325258529,2.220446049250313e-16,4.506444322732582e-77,1.952209547208959e-74,403.4287934927351,diag_5120,8.332663321854087,3.0,3.000000000000001,256
poisson_4,4,Int64,true,diagonalcheap,realschur,0.000628047,0.000140428,0.0015139669999999997,0.000702982,4.0e-8,0.00319588,17,0,3.7189580329183e-20,403.4287934927365,8.33636325258529,2.220446049250313e-16,5.34980337670808e-256,2.676742529748624e-253,403.4287934927351,diag_5120,8.332663321854087,3.0,3.000000000000001,851
poisson_4,4,Int64,true,taylor,transfree,0.000227627,0.0,0.0,0.0,0.0,0.000348089,NaN,NaN,NaN,NaN,NaN,2.220446049250313e-16,9.513894973978747e-16,4.528961241957125e-13,403.4287934927351,diag_5120,8.332663321854087,3.0,3.000000000000001,53
poisson_4,4,Int64,true,taylor,transfree,0.000589272,0.0,0.0,0.0,0.0,0.00072341,NaN,NaN,NaN,NaN,NaN,2.220446049250313e-16,2.050480962794165e-77,9.262097694410488e-75,403.4287934927351,diag_5120,8.332663321854087,3.0,3.000000000000001,256
poisson_4,4,Int64,true,taylor,transfree,0.00119184,0.0,0.0,0.0,0.0,0.0013843,NaN,NaN,NaN,NaN,NaN,2.220446049250313e-16,2.953241169740136e-256,1.396429169290977e-253,403.4287934927351,diag_5120,8.332663321854087,3.0,3.000000000000001,851
poisson_4,4,Int64,true,taylor,complexschur,0.000246444,0.000584684,0.0018710129999999997,0.002316415,0.000375501,0.005777182,90,3,4.440892098500626e-16,2.117000015484436,1,2.220446049250313e-16,2.264233788854864e-15,1.220282278816621e-12,403.4287934927351,diag_5120,8.332663321854087,3.0,3.000000000000001,53
poisson_4,4,Int64,true,taylor,complexschur,0.000364611,0.000263987,0.0006657050000000002,0.001113912,0.000139388,0.002927435,30,1,8.286097842982756e-20,13,1,2.220446049250313e-16,4.506444322732582e-77,1.952209547208959e-74,403.4287934927351,diag_5120,8.332663321854087,3.0,3.000000000000001,256
poisson_4,4,Int64,true,taylor,complexschur,0.000549236,0.000281464,0.000890831,0.001411391,0.000224,0.003830741,30,1,8.286097842982756e-20,13,1,2.220446049250313e-16,5.34980337670808e-256,2.676742529748624e-253,403.4287934927351,diag_5120,8.332663321854087,3.0,3.000000000000001,851
poisson_4,4,Int64,true,taylor,realschur,0.000223569,0.0004970370000000001,0.0015784449999999997,0.000788373,0.000121343,0.003409021,90,3,4.440892098500626e-16,2.117000015484436,1,2.220446049250313e-16,2.264233788854864e-15,1.220282278816621e-12,403.4287934927351,diag_5120,8.332663321854087,3.0,3.000000000000001,53
poisson_4,4,Int64,true,taylor,realschur,0.00035368,0.000228209,0.0005918869999999998,0.000404938,6.5696e-5,0.001855886,30,1,8.286097842982756e-20,13,1,2.220446049250313e-16,4.506444322732582e-77,1.952209547208959e-74,403.4287934927351,diag_5120,8.332663321854087,3.0,3.000000000000001,256
poisson_4,4,Int64,true,taylor,realschur,0.000521021,0.00022584500000000002,0.000765217,0.000535471,0.000142354,0.002425621,30,1,8.286097842982756e-20,13,1,2.220446049250313e-16,5.34980337670808e-256,2.676742529748624e-253,403.4287934927351,diag_5120,8.332663321854087,3.0,3.000000000000001,851
prolate_10_1.0,10,Float64,true,scaling_and_squaring,NaN,NaN,NaN,NaN,NaN,NaN,5.7931e-5,NaN,NaN,NaN,NaN,NaN,2.220446049250313e-16,1.915203060999837e-15,4.897383458299434e-14,7.389056098930871,diag_5120,2.000000000000017,1.0000000000000302,1.000000000000004,53
prolate_10_1.0,10,Float64,true,diagonalcheap,transfree,0.00071829,0.0,0.0,0.0,0.0,0.001228341,NaN,NaN,NaN,NaN,NaN,2.220446049250313e-16,1.124654690694628e-15,2.94269063694898e-14,7.389056098930871,diag_5120,2.000000000000017,1.0000000000000302,1.000000000000004,53
prolate_10_1.0,10,Float64,true,diagonalcheap,transfree,0.006404266,0.0,0.0,0.0,0.0,0.00702065,NaN,NaN,NaN,NaN,NaN,2.220446049250313e-16,1.011338890881135e-76,3.158433139297133e-75,7.389056098930871,diag_5120,2.000000000000017,1.0000000000000302,1.000000000000004,256
prolate_10_1.0,10,Float64,true,diagonalcheap,transfree,0.013651752,0.0,0.0,0.0,0.0,0.014550039,NaN,NaN,NaN,NaN,NaN,2.220446049250313e-16,9.629399377339452e-256,2.598917800559124e-254,7.389056098930871,diag_5120,2.000000000000017,1.0000000000000302,1.000000000000004,851
prolate_10_1.0,10,Float64,true,diagonalcheap,complexschur,0.000644418,3.6779999999999998e-6,0.001418966,0.006819364,3.91e-7,0.011824832,9,0,1.243120344369543e-15,7.389056098930763,1.0000000000000187,2.220446049250313e-16,8.477501571767916e-16,1.936597738332618e-14,7.389056098930871,diag_5120,2.000000000000017,1.0000000000000302,1.000000000000004,53
prolate_10_1.0,10,Float64,true,diagonalcheap,complexschur,0.004202655,5.711e-6,0.0020911190000000002,0.007589193999999999,4.0e-8,0.016569108,9,0,6.907604189913326e-16,7.389056098930762,1.0000000000000187,2.220446049250313e-16,2.969560816818208e-76,7.07060792292082e-75,7.389056098930871,diag_5120,2.000000000000017,1.0000000000000302,1.000000000000004,256
prolate_10_1.0,10,Float64,true,diagonalcheap,complexschur,0.01006489,6.192e-6,0.0023772869999999996,0.00654195,3.1e-8,0.022365135,9,0,6.907604189913326e-16,7.389056098930762,1.0000000000000187,2.220446049250313e-16,2.018474472160453e-255,5.270141285510001e-254,7.389056098930871,diag_5120,2.000000000000017,1.0000000000000302,1.000000000000004,851
prolate_10_1.0,10,Float64,true,diagonalcheap,realschur,0.001106507,4.488e-6,0.0015585649999999998,0.001938085,4.0e-8,0.005520317,9,0,1.243120344369543e-15,7.389056098930764,1.0000000000000187,2.220446049250313e-16,8.477501571767916e-16,1.936597738332618e-14,7.389056098930871,diag_5120,2.000000000000017,1.0000000000000302,1.000000000000004,53
prolate_10_1.0,10,Float64,true,diagonalcheap,realschur,0.004188308,3.0060000000000005e-6,0.000983192,0.001723913,5.0e-8,0.007954635,9,0,6.907604189913326e-16,7.389056098930763,1.0000000000000187,2.220446049250313e-16,2.969560816818208e-76,7.07060792292082e-75,7.389056098930871,diag_5120,2.000000000000017,1.0000000000000302,1.000000000000004,256
prolate_10_1.0,10,Float64,true,diagonalcheap,realschur,0.011923241,4.699e-6,0.0012869750000000003,0.0017265669999999998,4.1e-8,0.015949227,9,0,6.907604189913326e-16,7.389056098930763,1.0000000000000187,2.220446049250313e-16,2.018474472160453e-255,5.270141285510001e-254,7.389056098930871,diag_5120,2.000000000000017,1.0000000000000302,1.000000000000004,851
prolate_10_1.0,10,Float64,true,taylor,transfree,0.000901082,0.0,0.0,0.0,0.0,0.001487197,NaN,NaN,NaN,NaN,NaN,2.220446049250313e-16,1.124654690694628e-15,2.94269063694898e-14,7.389056098930871,diag_5120,2.000000000000017,1.0000000000000302,1.000000000000004,53
prolate_10_1.0,10,Float64,true,taylor,transfree,0.041183626,0.0,0.0,0.0,0.0,0.042093774,NaN,NaN,NaN,NaN,NaN,2.220446049250313e-16,1.011338890881135e-76,3.158433139297133e-75,7.389056098930871,diag_5120,2.000000000000017,1.0000000000000302,1.000000000000004,256
prolate_10_1.0,10,Float64,true,taylor,transfree,0.017209488,0.0,0.0,0.0,0.0,0.018155446,NaN,NaN,NaN,NaN,NaN,2.220446049250313e-16,9.629399377339452e-256,2.598917800559124e-254,7.389056098930871,diag_5120,2.000000000000017,1.0000000000000302,1.000000000000004,851
prolate_10_1.0,10,Float64,true,taylor,complexschur,0.000839382,0.000300647,0.0011579570000000003,0.006145548,4.0e-8,0.01017943,25,0,0,6.333333333333414,1,2.220446049250313e-16,8.477501571767916e-16,1.936597738332618e-14,7.389056098930871,diag_5120,2.000000000000017,1.0000000000000302,1.000000000000004,53
prolate_10_1.0,10,Float64,true,taylor,complexschur,0.005376912,0.000474062,0.0016650089999999998,0.009121819000000001,9.1e-8,0.018618055,25,0,1.796745132770971e-19,6.333333333333414,1,2.220446049250313e-16,2.969560816818208e-76,7.07060792292082e-75,7.389056098930871,diag_5120,2.000000000000017,1.0000000000000302,1.000000000000004,256
prolate_10_1.0,10,Float64,true,taylor,complexschur,0.008851628,0.00038498,0.001559007,0.008023766000000002,4.0e-8,0.021098822,25,0,1.796745132770971e-19,6.333333333333414,1,2.220446049250313e-16,2.018474472160453e-255,5.270141285510001e-254,7.389056098930871,diag_5120,2.000000000000017,1.0000000000000302,1.000000000000004,851
prolate_10_1.0,10,Float64,true,taylor,realschur,0.000720144,0.000250893,0.000854319,0.002402587,5.0e-8,0.0050947,25,0,0,6.333333333333414,1,2.220446049250313e-16,8.477501571767916e-16,1.936597738332618e-14,7.389056098930871,diag_5120,2.000000000000017,1.0000000000000302,1.000000000000004,53
prolate_10_1.0,10,Float64,true,taylor,realschur,0.005625359,0.000243268,0.0007712230000000001,0.0017083209999999998,4.0e-8,0.009071151,25,0,1.796745132770971e-19,6.333333333333414,1,2.220446049250313e-16,2.969560816818208e-76,7.07060792292082e-75,7.389056098930871,diag_5120,2.000000000000017,1.0000000000000302,1.000000000000004,256
prolate_10_1.0,10,Float64,true,taylor,realschur,0.01071018,0.000326388,0.0009948440000000002,0.002313577,4.0e-8,0.015260954,25,0,1.796745132770971e-19,6.333333333333414,1,2.220446049250313e-16,2.018474472160453e-255,5.270141285510001e-254,7.389056098930871,diag_5120,2.000000000000017,1.0000000000000302,1.000000000000004,851
randcorr_10,10,Float64,true,scaling_and_squaring,NaN,NaN,NaN,NaN,NaN,NaN,4.7652e-5,NaN,NaN,NaN,NaN,NaN,2.220446049250313e-16,1.323372022941783e-15,1.483060906503759e-14,8.248799244044889,diag_5120,1.812693319846825,17.14888919142249,7.6008621769658244,53
randcorr_10,10,Float64,true,diagonalcheap,transfree,0.002246317,0.0,0.0,0.0,0.0,0.002721179,NaN,NaN,NaN,NaN,NaN,2.220446049250313e-16,6.523358306967829e-16,8.971569071456873e-15,8.248799244044889,diag_5120,1.812693319846825,17.14888919142249,7.6008621769658244,53
randcorr_10,10,Float64,true,diagonalcheap,transfree,0.005343668,0.0,0.0,0.0,0.0,0.005929894,NaN,NaN,NaN,NaN,NaN,2.220446049250313e-16,6.01626419322572e-77,7.670309906415639e-76,8.248799244044889,diag_5120,1.812693319846825,17.14888919142249,7.6008621769658244,256
randcorr_10,10,Float64,true,diagonalcheap,transfree,0.014175839,0.0,0.0,0.0,0.0,0.015709125,NaN,NaN,NaN,NaN,NaN,2.220446049250313e-16,5.821376779884759e-256,9.584392650731168e-255,8.248799244044889,diag_5120,1.812693319846825,17.14888919142249,7.6008621769658244,851
randcorr_10,10,Float64,true,diagonalcheap,complexschur,0.004118664,5.411e-6,0.0019011330000000004,0.006808263,4.0e-8,0.015443145,9,0,0,5.621828086915444,2.162480197641007,2.220446049250313e-16,3.177264703443728e-15,4.400467390076346e-14,8.248799244044889,diag_5120,1.812693319846825,17.14888919142249,7.6008621769658244,53
randcorr_10,10,Float64,true,diagonalcheap,complexschur,0.006164044,5.161e-6,0.001917954,0.0070630929999999995,6.0e-8,0.017905887,9,0,3.177536660234803e-17,5.621828086915437,2.1624801976410044,2.220446049250313e-16,2.835862614893058e-76,3.867209323785695e-75,8.248799244044889,diag_5120,1.812693319846825,17.14888919142249,7.6008621769658244,256
randcorr_10,10,Float64,true,diagonalcheap,complexschur,0.011504967,4.148e-6,0.0020762580000000005,0.008481219,4.0e-8,0.02555256,9,0,3.177536660234803e-17,5.621828086915437,2.1624801976410044,2.220446049250313e-16,3.234428235039065e-255,4.674911563452097e-254,8.248799244044889,diag_5120,1.812693319846825,17.14888919142249,7.6008621769658244,851
randcorr_10,10,Float64,true,diagonalcheap,realschur,0.002689428,3.145e-6,0.0009798329999999998,0.001079404,3.0e-8,0.005385238,9,0,0,5.621828086915444,2.162480197641007,2.220446049250313e-16,3.177264703443728e-15,4.400467390076346e-14,8.248799244044889,diag_5120,1.812693319846825,17.14888919142249,7.6008621769658244,53
randcorr_10,10,Float64,true,diagonalcheap,realschur,0.004124375,2.414e-6,0.001025593,0.001807483,4.0e-8,0.007892326,9,0,3.177536660234803e-17,5.621828086915437,2.1624801976410044,2.220446049250313e-16,2.835862614893058e-76,3.867209323785695e-75,8.248799244044889,diag_5120,1.812693319846825,17.14888919142249,7.6008621769658244,256
randcorr_10,10,Float64,true,diagonalcheap,realschur,0.013430808,4.639e-6,0.001874852,0.00295571,4.0e-8,0.019839331,9,0,3.177536660234803e-17,5.621828086915437,2.1624801976410044,2.220446049250313e-16,3.234428235039065e-255,4.674911563452097e-254,8.248799244044889,diag_5120,1.812693319846825,17.14888919142249,7.6008621769658244,851
randcorr_10,10,Float64,true,taylor,transfree,0.00395516,0.0,0.0,0.0,0.0,0.004866441,NaN,NaN,NaN,NaN,NaN,2.220446049250313e-16,6.523358306967829e-16,8.971569071456873e-15,8.248799244044889,diag_5120,1.812693319846825,17.14888919142249,7.6008621769658244,53
randcorr_10,10,Float64,true,taylor,transfree,0.010043118,0.0,0.0,0.0,0.0,0.011047187,NaN,NaN,NaN,NaN,NaN,2.220446049250313e-16,6.01626419322572e-77,7.670309906415639e-76,8.248799244044889,diag_5120,1.812693319846825,17.14888919142249,7.6008621769658244,256
randcorr_10,10,Float64,true,taylor,transfree,0.020596997,0.0,0.0,0.0,0.0,0.021648819,NaN,NaN,NaN,NaN,NaN,2.220446049250313e-16,5.821376779884759e-256,9.584392650731168e-255,8.248799244044889,diag_5120,1.812693319846825,17.14888919142249,7.6008621769658244,851
randcorr_10,10,Float64,true,taylor,complexschur,0.002835328,0.000511822,0.0010011719999999998,0.007361126,3.0e-8,0.013512775,25,0,8.881784197001252e-16,5.075288609874565,1,2.220446049250313e-16,3.177264703443728e-15,4.400467390076346e-14,8.248799244044889,diag_5120,1.812693319846825,17.14888919142249,7.6008621769658244,53
randcorr_10,10,Float64,true,taylor,complexschur,0.003961943,0.000497856,0.001167854,0.009211801,3.0e-8,0.018007432,25,0,3.893745531784061e-21,5.075288609874562,1,2.220446049250313e-16,2.835862614893058e-76,3.867209323785695e-75,8.248799244044889,diag_5120,1.812693319846825,17.14888919142249,7.6008621769658244,256
randcorr_10,10,Float64,true,taylor,complexschur,0.011681076,0.000372578,0.0011191000000000003,0.007169727,1.0e-7,0.024070432,25,0,3.893745531784061e-21,5.075288609874562,1,2.220446049250313e-16,3.234428235039065e-255,4.674911563452097e-254,8.248799244044889,diag_5120,1.812693319846825,17.14888919142249,7.6008621769658244,851
randcorr_10,10,Float64,true,taylor,realschur,0.00400228,0.000236556,0.000691327,0.001509753,4.0e-8,0.007023285,25,0,8.881784197001252e-16,5.075288609874565,1,2.220446049250313e-16,3.177264703443728e-15,4.400467390076346e-14,8.248799244044889,diag_5120,1.812693319846825,17.14888919142249,7.6008621769658244,53
randcorr_10,10,Float64,true,taylor,realschur,0.004248022,0.000341034,0.0011028900000000003,0.002970296,5.1e-8,0.00970065,25,0,3.893745531784061e-21,5.075288609874562,1,2.220446049250313e-16,2.835862614893058e-76,3.867209323785695e-75,8.248799244044889,diag_5120,1.812693319846825,17.14888919142249,7.6008621769658244,256
randcorr_10,10,Float64,true,taylor,realschur,0.035550631,0.00023399899999999998,0.0008967459999999999,0.0024006009999999996,3.0e-8,0.039967629,25,0,3.893745531784061e-21,5.075288609874562,1,2.220446049250313e-16,3.234428235039065e-255,4.674911563452097e-254,8.248799244044889,diag_5120,1.812693319846825,17.14888919142249,7.6008621769658244,851
sampling_10,10,Float64,false,scaling_and_squaring,NaN,NaN,NaN,NaN,NaN,NaN,2.3294e-5,NaN,NaN,NaN,NaN,NaN,2.220446049250313e-16,1.218132965676704e-14,3.949989828602005e-07,26798951.37612844,diag_5120,855.6189837051888,1.7383713330276808e18,5.8481529760586856e16,53
sampling_10,10,Float64,false,diagonalcheap,transfree,0.0,0.00035397999999999994,0.003752701999999999,0.003638551,0.000415017,0.008658077,43,3,3.576297488110399e-15,34.4004368773818,12.835848911175285,2.220446049250313e-16,3.49357161481181e-15,1.056236617729026e-07,26798951.37612844,diag_5120,855.6189837051888,1.7383713330276808e18,5.8481529760586856e16,53
sampling_10,10,Float64,false,diagonalcheap,transfree,0.0,7.8441e-5,0.00204143,0.003431675,0.00107743,0.007071779,13,3,6.562152438546672e-20,34.40043687738195,13.342230567585617,2.220446049250313e-16,2.255975818708803e-32,4.995556365511699e-25,26798951.37612844,diag_5120,855.6189837051888,1.7383713330276808e18,5.8481529760586856e16,256
sampling_10,10,Float64,false,diagonalcheap,transfree,0.0,0.000119179,0.002462581,0.004300494,0.000991074,0.00845607,13,3,6.562152438546672e-20,34.40043687738195,13.342230567585617,2.220446049250313e-16,2.255975818708803e-32,4.995556365511699e-25,26798951.37612844,diag_5120,855.6189837051888,1.7383713330276808e18,5.8481529760586856e16,851
sampling_10,10,Float64,false,diagonalcheap,complexschur,0.005689573,0.00026694200000000005,0.002738553999999999,0.007360954,0.001983301,0.019976257,21,3,6.232552715467942e-15,33.75501979845532,13.170730501133418,2.220446049250313e-16,4.220002910726698e-14,1.485991080673923e-06,26798951.37612844,diag_5120,855.6189837051888,1.7383713330276808e18,5.8481529760586856e16,53
sampling_10,10,Float64,false,diagonalcheap,complexschur,0.011815676,0.000143665,0.0022400139999999994,0.005428303000000001,0.002144621,0.023806938,13,3,7.308980040621314e-20,34.46530620482612,12.93396708653075,2.220446049250313e-16,2.122274760400298e-32,4.690345034352938e-25,26798951.37612844,diag_5120,855.6189837051888,1.7383713330276808e18,5.8481529760586856e16,256
sampling_10,10,Float64,false,diagonalcheap,complexschur,0.018804315,0.00025906599999999996,0.0037210219999999996,0.010658118999999999,0.003224497,0.039578295,13,3,7.308980040621314e-20,33.75501979870154,13.507484271129295,2.220446049250313e-16,2.122274760400298e-32,4.690345034352938e-25,26798951.37612844,diag_5120,855.6189837051888,1.7383713330276808e18,5.8481529760586856e16,851
sampling_10,10,Float64,false,diagonalcheap,realschur,0.004470261,0.000218089,0.0019353470000000005,0.001915842,0.000469091,0.009786396,21,3,6.232552715467942e-15,33.75501979845532,13.17073050113342,2.220446049250313e-16,4.220002910726698e-14,1.485991080673923e-06,26798951.37612844,diag_5120,855.6189837051888,1.7383713330276808e18,5.8481529760586856e16,53
sampling_10,10,Float64,false,diagonalcheap,realschur,0.009861099,0.000156081,0.0029658590000000004,0.024903024000000003,0.00128522,0.040453777,13,3,7.308980040621342e-20,34.46530620482613,12.93396708653075,2.220446049250313e-16,2.122274760400298e-32,4.690345034352938e-25,26798951.37612844,diag_5120,855.6189837051888,1.7383713330276808e18,5.8481529760586856e16,256
sampling_10,10,Float64,false,diagonalcheap,realschur,0.021456712,0.000160348,0.003434306,0.0035820049999999997,0.001995975,0.032472019,13,3,7.308980040621342e-20,33.75501979870154,13.507484271129293,2.220446049250313e-16,2.122274760400298e-32,4.690345034352938e-25,26798951.37612844,diag_5120,855.6189837051888,1.7383713330276808e18,5.8481529760586856e16,851
sampling_10,10,Float64,false,taylor,transfree,0.0,0.000884459,0.0028025479999999998,0.005551916,0.000790499,0.010744317,56,3,3.552713678800501e-15,30.79960435870673,1,2.220446049250313e-16,1.556964169556e-14,5.002173433859991e-07,26798951.37612844,diag_5120,855.6189837051888,1.7383713330276808e18,5.8481529760586856e16,53
sampling_10,10,Float64,false,taylor,transfree,0.0,0.000594703,0.0024597190000000004,0.004481529,0.001072612,0.009389252,30,3,3.390092453384276e-19,30.79960435870673,1,2.220446049250313e-16,1.703682990278849e-31,3.764547392512939e-24,26798951.37612844,diag_5120,855.6189837051888,1.7383713330276808e18,5.8481529760586856e16,256
sampling_10,10,Float64,false,taylor,transfree,0.0,0.000575104,0.002529571,0.006326148,0.001830868,0.011842968,30,3,3.390092453384276e-19,30.79960435870673,1,2.220446049250313e-16,1.703682990278849e-31,3.764547392512939e-24,26798951.37612844,diag_5120,855.6189837051888,1.7383713330276808e18,5.8481529760586856e16,851
sampling_10,10,Float64,false,taylor,complexschur,0.004758795,0.0008538819999999999,0.0022469269999999993,0.012132143000000001,0.002035943,0.024327028,72,3,1.77635683940025e-15,28.85344094736115,1,2.220446049250313e-16,4.193679919194418e-14,1.478137265631382e-06,26798951.37612844,diag_5120,855.6189837051888,1.7383713330276808e18,5.8481529760586856e16,53
sampling_10,10,Float64,false,taylor,complexschur,0.011874439,0.000942359,0.003083650999999999,0.009607681000000002,0.00386129,0.032018427,30,3,5.387089029919459e-19,28.85344094757442,1,2.220446049250313e-16,1.604886300639804e-31,3.558152292047405e-24,26798951.37612844,diag_5120,855.6189837051888,1.7383713330276808e18,5.8481529760586856e16,256
sampling_10,10,Float64,false,taylor,complexschur,0.015907689,0.000574602,0.0025049150000000004,0.011602735000000001,0.002808176,0.036282601,30,3,5.387089029919459e-19,28.85344094757442,1,2.220446049250313e-16,1.604886300639804e-31,3.558152292047405e-24,26798951.37612844,diag_5120,855.6189837051888,1.7383713330276808e18,5.8481529760586856e16,851
sampling_10,10,Float64,false,taylor,realschur,0.004632321,0.000565227,0.001632476,0.003359156,0.000476746,0.011414975,72,3,1.77635683940025e-15,28.85344094736115,1,2.220446049250313e-16,4.193679919194418e-14,1.478137265631382e-06,26798951.37612844,diag_5120,855.6189837051888,1.7383713330276808e18,5.8481529760586856e16,53
sampling_10,10,Float64,false,taylor,realschur,0.011208619,0.0003873030000000001,0.0014942850000000001,0.0018468360000000001,0.000609171,0.016448909,30,3,5.387089029919459e-19,28.85344094757442,1,2.220446049250313e-16,1.604886300639804e-31,3.558152292047405e-24,26798951.37612844,diag_5120,855.6189837051888,1.7383713330276808e18,5.8481529760586856e16,256
sampling_10,10,Float64,false,taylor,realschur,0.016644114,0.000344922,0.0016574530000000001,0.003778522,0.001910391,0.026172985,30,3,5.387089029919459e-19,28.85344094757442,1,2.220446049250313e-16,1.604886300639804e-31,3.558152292047405e-24,26798951.37612844,diag_5120,855.6189837051888,1.7383713330276808e18,5.8481529760586856e16,851
toeppd_10,10,Float64,true,scaling_and_squaring,NaN,NaN,NaN,NaN,NaN,NaN,6.5936e-5,NaN,NaN,NaN,NaN,NaN,2.220446049250313e-16,1.136768894786863e-15,1.003584418522478e-09,877058.1206264562,diag_5120,22.34990844782103,29.708407058256267,16.989501900825758,53
toeppd_10,10,Float64,true,diagonalcheap,transfree,0.00245623,0.0,0.0,0.0,0.0,0.002891516,NaN,NaN,NaN,NaN,NaN,2.220446049250313e-16,2.908372448030033e-15,2.371846815002849e-09,877058.1206264562,diag_5120,22.34990844782103,29.708407058256267,16.989501900825758,53
toeppd_10,10,Float64,true,diagonalcheap,transfree,0.007865534,0.0,0.0,0.0,0.0,0.008461289,NaN,NaN,NaN,NaN,NaN,2.220446049250313e-16,1.897739931054578e-76,1.935361827519816e-70,877058.1206264562,diag_5120,22.34990844782103,29.708407058256267,16.989501900825758,256
toeppd_10,10,Float64,true,diagonalcheap,transfree,0.018085785,0.0,0.0,0.0,0.0,0.019148697,NaN,NaN,NaN,NaN,NaN,2.220446049250313e-16,1.738383872830534e-255,1.712966485553491e-249,877058.1206264562,diag_5120,22.34990844782103,29.708407058256267,16.989501900825758,851
toeppd_10,10,Float64,true,diagonalcheap,complexschur,0.003801335,0.000322729,0.003798179999999999,0.008426131,0.001871948,0.021417897,17,2,4.967046586407418e-15,28.71821578771888,5.065476259891486,2.220446049250313e-16,8.834779159422303e-15,8.166442297196528e-09,877058.1206264562,diag_5120,22.34990844782103,29.708407058256267,16.989501900825758,53
toeppd_10,10,Float64,true,diagonalcheap,complexschur,0.007275611,0.000123988,0.0022692000000000007,0.007791703,0.002625185,0.023293041,13,2,4.488987888143246e-20,28.71821578771906,5.1345208280560755,2.220446049250313e-16,1.912379222028637e-75,1.755867295705632e-69,877058.1206264562,diag_5120,22.34990844782103,29.708407058256267,16.989501900825758,256
toeppd_10,10,Float64,true,diagonalcheap,complexschur,0.010519064,0.000122025,0.0022462269999999995,0.006589642000000001,0.001923326,0.024631182,13,2,4.488987888143246e-20,28.71821578771906,5.1345208280560755,2.220446049250313e-16,3.332935724670594e-255,2.793295585579391e-249,877058.1206264562,diag_5120,22.34990844782103,29.708407058256267,16.989501900825758,851
toeppd_10,10,Float64,true,diagonalcheap,realschur,0.004403031,0.00023032100000000002,0.0024432369999999996,0.002752449,0.000565146,0.011217606,17,2,4.967046586407418e-15,28.71821578771888,5.065476259891487,2.220446049250313e-16,8.834779159422303e-15,8.166442297196528e-09,877058.1206264562,diag_5120,22.34990844782103,29.708407058256267,16.989501900825758,53
toeppd_10,10,Float64,true,diagonalcheap,realschur,0.036812449,8.7799e-5,0.0018500369999999997,0.0014524890000000002,0.000410229,0.041289463,13,2,4.488987888143246e-20,28.71821578771907,5.1345208280560755,2.220446049250313e-16,1.912379222028637e-75,1.755867295705632e-69,877058.1206264562,diag_5120,22.34990844782103,29.708407058256267,16.989501900825758,256
toeppd_10,10,Float64,true,diagonalcheap,realschur,0.007628719,8.4522e-5,0.0017745280000000003,0.002094866,0.000755051,0.01329602,13,2,4.488987888143246e-20,28.71821578771907,5.1345208280560755,2.220446049250313e-16,3.332935724670594e-255,2.793295585579391e-249,877058.1206264562,diag_5120,22.34990844782103,29.708407058256267,16.989501900825758,851
toeppd_10,10,Float64,true,taylor,transfree,0.002595027,0.0,0.0,0.0,0.0,0.003054179,NaN,NaN,NaN,NaN,NaN,2.220446049250313e-16,2.908372448030033e-15,2.371846815002849e-09,877058.1206264562,diag_5120,22.34990844782103,29.708407058256267,16.989501900825758,53
toeppd_10,10,Float64,true,taylor,transfree,0.006204302,0.0,0.0,0.0,0.0,0.006867407,NaN,NaN,NaN,NaN,NaN,2.220446049250313e-16,1.897739931054578e-76,1.935361827519816e-70,877058.1206264562,diag_5120,22.34990844782103,29.708407058256267,16.989501900825758,256
toeppd_10,10,Float64,true,taylor,transfree,0.018892193,0.0,0.0,0.0,0.0,0.019782735,NaN,NaN,NaN,NaN,NaN,2.220446049250313e-16,1.738383872830534e-255,1.712966485553491e-249,877058.1206264562,diag_5120,22.34990844782103,29.708407058256267,16.989501900825758,851
toeppd_10,10,Float64,true,taylor,complexschur,0.002479755,0.000631833,0.0018592219999999994,0.007851677,0.001593081,0.017512843,30,2,0,21.59733309240608,1,2.220446049250313e-16,8.834779159422303e-15,8.166442297196528e-09,877058.1206264562,diag_5120,22.34990844782103,29.708407058256267,16.989501900825758,53
toeppd_10,10,Float64,true,taylor,complexschur,0.008308135,0.0005437739999999999,0.0018488010000000004,0.00680716,0.001449385,0.020974425,30,2,2.751458620239026e-18,21.59733309240611,1,2.220446049250313e-16,1.912379222028637e-75,1.755867295705632e-69,877058.1206264562,diag_5120,22.34990844782103,29.708407058256267,16.989501900825758,256
toeppd_10,10,Float64,true,taylor,complexschur,0.01016312,0.0006730320000000002,0.0026659350000000012,0.012892423000000002,0.00262272,0.031563664,30,2,2.751458620239026e-18,21.59733309240611,1,2.220446049250313e-16,3.332935724670594e-255,2.793295585579391e-249,877058.1206264562,diag_5120,22.34990844782103,29.708407058256267,16.989501900825758,851
toeppd_10,10,Float64,true,taylor,realschur,0.002343253,0.00030254100000000003,0.001223042,0.002667834,0.000574354,0.008105606,30,2,0,21.59733309240608,1,2.220446049250313e-16,8.834779159422303e-15,8.166442297196528e-09,877058.1206264562,diag_5120,22.34990844782103,29.708407058256267,16.989501900825758,53
toeppd_10,10,Float64,true,taylor,realschur,0.006055726,0.00034839800000000003,0.0013177230000000002,0.0019210909999999998,0.000415108,0.010748745,30,2,2.751458620239026e-18,21.59733309240611,1,2.220446049250313e-16,1.912379222028637e-75,1.755867295705632e-69,877058.1206264562,diag_5120,22.34990844782103,29.708407058256267,16.989501900825758,256
toeppd_10,10,Float64,true,taylor,realschur,0.007648457,0.000431398,0.0017651720000000004,0.003970231,0.001298335,0.016889456,30,2,2.751458620239026e-18,21.59733309240611,1,2.220446049250313e-16,3.332935724670594e-255,2.793295585579391e-249,877058.1206264562,diag_5120,22.34990844782103,29.708407058256267,16.989501900825758,851
symtridiagonal_10_2_-1,10,Float64,true,scaling_and_squaring,NaN,NaN,NaN,NaN,NaN,NaN,6.0797e-5,NaN,NaN,NaN,NaN,NaN,2.220446049250313e-16,1.358287787472328e-15,1.102124345996409e-13,54.48251828315611,diag_5120,5.2687093546015,60.00000000000001,48.37415007870835,53
symtridiagonal_10_2_-1,10,Float64,true,diagonalcheap,transfree,0.003211501,0.0,0.0,0.0,0.0,0.003846853,NaN,NaN,NaN,NaN,NaN,2.220446049250313e-16,1.13156284318921e-15,9.654167760174789e-14,54.48251828315611,diag_5120,5.2687093546015,60.00000000000001,48.37415007870835,53
symtridiagonal_10_2_-1,10,Float64,true,diagonalcheap,transfree,0.008108011,0.0,0.0,0.0,0.0,0.008902568,NaN,NaN,NaN,NaN,NaN,2.220446049250313e-16,1.022951820711676e-76,1.068816664767344e-74,54.48251828315611,diag_5120,5.2687093546015,60.00000000000001,48.37415007870835,256
symtridiagonal_10_2_-1,10,Float64,true,diagonalcheap,transfree,0.014926865,0.0,0.0,0.0,0.0,0.015857814,NaN,NaN,NaN,NaN,NaN,2.220446049250313e-16,6.357156884032203e-256,5.467384120771024e-254,54.48251828315611,diag_5120,5.2687093546015,60.00000000000001,48.37415007870835,851
symtridiagonal_10_2_-1,10,Float64,true,diagonalcheap,complexschur,0.002692865,0.0009337430000000001,0.007515163,0.016342746999999998,4.0e-8,0.029284397,57,0,6.410242989068596e-15,50.34936197208612,6.930732617774628,2.220446049250313e-16,3.313194517945555e-15,2.559755652528972e-13,54.48251828315611,diag_5120,5.2687093546015,60.00000000000001,48.37415007870835,53
symtridiagonal_10_2_-1,10,Float64,true,diagonalcheap,complexschur,0.005186707,0.000184154,0.0028256419999999997,0.009695242,3.0e-8,0.020378091,13,0,5.315845439613007e-18,50.34936197208623,7.355817195326264,2.220446049250313e-16,3.444013472261666e-76,2.681733080154031e-74,54.48251828315611,diag_5120,5.2687093546015,60.00000000000001,48.37415007870835,256
symtridiagonal_10_2_-1,10,Float64,true,diagonalcheap,complexschur,0.013234403,0.000131342,0.002176784,0.007198352999999999,4.0e-8,0.024875875,13,0,5.315845439613007e-18,50.34936197208623,7.355817195326264,2.220446049250313e-16,4.928433068786625e-255,4.216171515771108e-253,54.48251828315611,diag_5120,5.2687093546015,60.00000000000001,48.37415007870835,851
symtridiagonal_10_2_-1,10,Float64,true,diagonalcheap,realschur,0.003209398,0.000765921,0.0062831560000000015,0.004496581,8.1e-8,0.01534574,57,0,6.410242989068596e-15,50.34936197208612,6.930732617774628,2.220446049250313e-16,3.313194517945555e-15,2.559755652528972e-13,54.48251828315611,diag_5120,5.2687093546015,60.00000000000001,48.37415007870835,53
symtridiagonal_10_2_-1,10,Float64,true,diagonalcheap,realschur,0.00528184,0.000137233,0.002025482,0.002571032,5.0e-8,0.010998336,13,0,5.315845439613007e-18,50.34936197208623,7.355817195326264,2.220446049250313e-16,3.444013472261666e-76,2.681733080154031e-74,54.48251828315611,diag_5120,5.2687093546015,60.00000000000001,48.37415007870835,256
symtridiagonal_10_2_-1,10,Float64,true,diagonalcheap,realschur,0.013953675,0.000133126,0.002500183,0.002497109,9.0e-8,0.020056623,13,0,5.315845439613007e-18,50.34936197208623,7.355817195326264,2.220446049250313e-16,4.928433068786625e-255,4.216171515771108e-253,54.48251828315611,diag_5120,5.2687093546015,60.00000000000001,48.37415007870835,851
symtridiagonal_10_2_-1,10,Float64,true,taylor,transfree,0.002145433,0.0,0.0,0.0,0.0,0.002574647,NaN,NaN,NaN,NaN,NaN,2.220446049250313e-16,1.13156284318921e-15,9.654167760174789e-14,54.48251828315611,diag_5120,5.2687093546015,60.00000000000001,48.37415007870835,53
symtridiagonal_10_2_-1,10,Float64,true,taylor,transfree,0.009718356,0.0,0.0,0.0,0.0,0.010701796,NaN,NaN,NaN,NaN,NaN,2.220446049250313e-16,1.022951820711676e-76,1.068816664767344e-74,54.48251828315611,diag_5120,5.2687093546015,60.00000000000001,48.37415007870835,256
symtridiagonal_10_2_-1,10,Float64,true,taylor,transfree,0.022574211,0.0,0.0,0.0,0.0,0.024127095,NaN,NaN,NaN,NaN,NaN,2.220446049250313e-16,6.357156884032203e-256,5.467384120771024e-254,54.48251828315611,diag_5120,5.2687093546015,60.00000000000001,48.37415007870835,851
symtridiagonal_10_2_-1,10,Float64,true,taylor,complexschur,0.003134304,0.00055627,0.0011544290000000002,0.007870776,0.000674486,0.016409294,30,1,0,6.1332483527347,1,2.220446049250313e-16,3.313194517945555e-15,2.559755652528972e-13,54.48251828315611,diag_5120,5.2687093546015,60.00000000000001,48.37415007870835,53
symtridiagonal_10_2_-1,10,Float64,true,taylor,complexschur,0.040076726,0.000344513,0.0012668110000000005,0.005718561,0.001034628,0.050309371,25,1,1.053765968627496e-19,6.1332483527347,1,2.220446049250313e-16,3.444013472261666e-76,2.681733080154031e-74,54.48251828315611,diag_5120,5.2687093546015,60.00000000000001,48.37415007870835,256
symtridiagonal_10_2_-1,10,Float64,true,taylor,complexschur,0.007438164,0.00039057100000000004,0.0013782280000000002,0.008065649000000001,0.001619532,0.022621482,25,1,1.053765968627496e-19,6.1332483527347,1,2.220446049250313e-16,4.928433068786625e-255,4.216171515771108e-253,54.48251828315611,diag_5120,5.2687093546015,60.00000000000001,48.37415007870835,851
symtridiagonal_10_2_-1,10,Float64,true,taylor,realschur,0.002566683,0.000294516,0.0009626689999999999,0.001697082,0.000156551,0.00628585,30,1,0,6.1332483527347,1,2.220446049250313e-16,3.313194517945555e-15,2.559755652528972e-13,54.48251828315611,diag_5120,5.2687093546015,60.00000000000001,48.37415007870835,53
symtridiagonal_10_2_-1,10,Float64,true,taylor,realschur,0.004269254,0.00030121999999999994,0.0009638510000000002,0.002660001,0.000369631,0.009707084,25,1,1.053765968627496e-19,6.1332483527347,1,2.220446049250313e-16,3.444013472261666e-76,2.681733080154031e-74,54.48251828315611,diag_5120,5.2687093546015,60.00000000000001,48.37415007870835,256
symtridiagonal_10_2_-1,10,Float64,true,taylor,realschur,0.009610789,0.000436809,0.0016569949999999999,0.0037936610000000003,0.000633117,0.017362816,25,1,1.053765968627496e-19,6.1332483527347,1,2.220446049250313e-16,4.928433068786625e-255,4.216171515771108e-253,54.48251828315611,diag_5120,5.2687093546015,60.00000000000001,48.37415007870835,851
wathen_2_2,21,Float64,true,scaling_and_squaring,NaN,NaN,NaN,NaN,NaN,NaN,9.4211e-5,NaN,NaN,NaN,NaN,NaN,2.220446049250313e-16,1.650945495370193e-14,3.155786584589291e+38,1.863046918216349e+52,diag_5120,167.2480345623448,174.71947485939694,70.02743724510474,53
wathen_2_2,21,Float64,true,diagonalcheap,transfree,0.021663423,0.0,0.0,0.0,0.0,0.027503817,NaN,NaN,NaN,NaN,NaN,2.220446049250313e-16,2.450379469720027e-15,4.511023611823894e+37,1.863046918216349e+52,diag_5120,167.2480345623448,174.71947485939694,70.02743724510474,53
wathen_2_2,21,Float64,true,diagonalcheap,transfree,0.0472725,0.0,0.0,0.0,0.0,0.05195105,NaN,NaN,NaN,NaN,NaN,2.220446049250313e-16,3.636270795068356e-75,6.703674192051249e-23,1.863046918216349e+52,diag_5120,167.2480345623448,174.71947485939694,70.02743724510474,256
wathen_2_2,21,Float64,true,diagonalcheap,transfree,0.077003727,0.0,0.0,0.0,0.0,0.083388177,NaN,NaN,NaN,NaN,NaN,2.220446049250313e-16,2.426620906333723e-255,4.373138142415688e-203,1.863046918216349e+52,diag_5120,167.2480345623448,174.71947485939694,70.02743724510474,851
wathen_2_2,21,Float64,true,diagonalcheap,complexschur,0.019233965,0.0012590820000000001,0.015339340000000002,0.12203153200000003,0.03846892,0.214876824,43,5,4.205590470205679e-15,21.80328940577538,6.401542280699089,2.220446049250313e-16,1.775525660973618e-13,3.314709151529149e+39,1.863046918216349e+52,diag_5120,167.2480345623448,174.71947485939694,70.02743724510474,53
wathen_2_2,21,Float64,true,diagonalcheap,complexschur,0.047584598,0.000352587,0.011420009,0.078014469,0.027175437,0.179922218,13,5,3.323048457227723e-21,21.80328940577521,6.610649562446241,2.220446049250313e-16,2.938372770877352e-74,5.486473589346307e-22,1.863046918216349e+52,diag_5120,167.2480345623448,174.71947485939694,70.02743724510474,256
wathen_2_2,21,Float64,true,diagonalcheap,complexschur,0.063972824,0.000490244,0.010172532000000005,0.077590245,0.043702533,0.221901004,13,5,3.323048457227723e-21,21.80328940577521,6.610649562446241,2.220446049250313e-16,2.435081391178737e-254,4.563607934059073e-202,1.863046918216349e+52,diag_5120,167.2480345623448,174.71947485939694,70.02743724510474,851
wathen_2_2,21,Float64,true,diagonalcheap,realschur,0.020259447,0.0012317970000000002,0.012880446,0.029960370999999996,0.009224609,0.079398998,43,5,4.205590470205679e-15,21.80328940577538,6.40154228069909,2.220446049250313e-16,1.775525660973618e-13,3.314709151529149e+39,1.863046918216349e+52,diag_5120,167.2480345623448,174.71947485939694,70.02743724510474,53
wathen_2_2,21,Float64,true,diagonalcheap,realschur,0.050559621,0.00031714000000000004,0.006218273,0.013659791,0.010178002,0.087913943,13,5,3.323048457227723e-21,21.80328940577521,6.610649562446241,2.220446049250313e-16,2.938372770877352e-74,5.486473589346307e-22,1.863046918216349e+52,diag_5120,167.2480345623448,174.71947485939694,70.02743724510474,256
wathen_2_2,21,Float64,true,diagonalcheap,realschur,0.094912875,0.000278535,0.0063331329999999995,0.016792964,0.00912116,0.134638895,13,5,3.323048457227723e-21,21.80328940577521,6.610649562446241,2.220446049250313e-16,2.435081391178737e-254,4.563607934059073e-202,1.863046918216349e+52,diag_5120,167.2480345623448,174.71947485939694,70.02743724510474,851
wathen_2_2,21,Float64,true,taylor,transfree,0.016317801,0.0,0.0,0.0,0.0,0.022596799,NaN,NaN,NaN,NaN,NaN,2.220446049250313e-16,2.450379469720027e-15,4.511023611823894e+37,1.863046918216349e+52,diag_5120,167.2480345623448,174.71947485939694,70.02743724510474,53
wathen_2_2,21,Float64,true,taylor,transfree,0.037836148,0.0,0.0,0.0,0.0,0.042326739,NaN,NaN,NaN,NaN,NaN,2.220446049250313e-16,3.636270795068356e-75,6.703674192051249e-23,1.863046918216349e+52,diag_5120,167.2480345623448,174.71947485939694,70.02743724510474,256
wathen_2_2,21,Float64,true,taylor,transfree,0.091660905,0.0,0.0,0.0,0.0,0.100385963,NaN,NaN,NaN,NaN,NaN,2.220446049250313e-16,2.426620906333723e-255,4.373138142415688e-203,1.863046918216349e+52,diag_5120,167.2480345623448,174.71947485939694,70.02743724510474,851
wathen_2_2,21,Float64,true,taylor,complexschur,0.030606193,0.004516668999999999,0.017019942,0.13333785099999998,0.023854316,0.222374665,90,5,3.552713678800501e-15,21.79531996493147,1,2.220446049250313e-16,1.775525660973618e-13,3.314709151529149e+39,1.863046918216349e+52,diag_5120,167.2480345623448,174.71947485939694,70.02743724510474,53
wathen_2_2,21,Float64,true,taylor,complexschur,0.037822451,0.0012607010000000001,0.010340165,0.092477002,0.030357935,0.192781029,36,4,1.455310686218538e-14,199.5141735725827,1,2.220446049250313e-16,2.938372770877352e-74,5.486473589346307e-22,1.863046918216349e+52,diag_5120,167.2480345623448,174.71947485939694,70.02743724510474,256
wathen_2_2,21,Float64,true,taylor,complexschur,0.073191544,0.0014657360000000003,0.010283381999999999,0.08563784800000002,0.024468749,0.212344799,36,4,1.455310686218538e-14,199.5141735725827,1,2.220446049250313e-16,2.435081391178737e-254,4.563607934059073e-202,1.863046918216349e+52,diag_5120,167.2480345623448,174.71947485939694,70.02743724510474,851
wathen_2_2,21,Float64,true,taylor,realschur,0.022255435,0.001432875,0.008113289000000001,0.024717062,0.005300878,0.065677012,90,5,3.552713678800501e-15,21.79531996493147,1,2.220446049250313e-16,1.775525660973618e-13,3.314709151529149e+39,1.863046918216349e+52,diag_5120,167.2480345623448,174.71947485939694,70.02743724510474,53
wathen_2_2,21,Float64,true,taylor,realschur,0.056214375,0.0008400039999999999,0.005763778999999999,0.013155606,0.004737716,0.085038184,36,4,1.455310686218538e-14,199.5141735725827,1,2.220446049250313e-16,2.938372770877352e-74,5.486473589346307e-22,1.863046918216349e+52,diag_5120,167.2480345623448,174.71947485939694,70.02743724510474,256
wathen_2_2,21,Float64,true,taylor,realschur,0.06364186,0.000809367,0.006477888999999999,0.016892799000000003,0.007051162,0.101322904,36,4,1.455310686218538e-14,199.5141735725827,1,2.220446049250313e-16,2.435081391178737e-254,4.563607934059073e-202,1.863046918216349e+52,diag_5120,167.2480345623448,174.71947485939694,70.02743724510474,851
wilkinson_3,3,Float64,true,scaling_and_squaring,NaN,NaN,NaN,NaN,NaN,NaN,3.643e-5,NaN,NaN,NaN,NaN,NaN,2.220446049250313e-16,5.35708787704052e-16,4.758670607050906e-15,7.38905609893065,diag_5120,2.296360045026237,3.0,2.0000000000000004,53
wilkinson_3,3,Float64,true,diagonalcheap,transfree,0.000163204,0.0,0.0,0.0,0.0,0.000239631,NaN,NaN,NaN,NaN,NaN,2.220446049250313e-16,2.621679104166334e-16,2.16122012137135e-15,7.38905609893065,diag_5120,2.296360045026237,3.0,2.0000000000000004,53
wilkinson_3,3,Float64,true,diagonalcheap,transfree,0.000345775,0.0,0.0,0.0,0.0,0.00041131,NaN,NaN,NaN,NaN,NaN,2.220446049250313e-16,1.492427096955733e-77,1.147319177991214e-76,7.38905609893065,diag_5120,2.296360045026237,3.0,2.0000000000000004,256
wilkinson_3,3,Float64,true,diagonalcheap,transfree,0.000744321,0.0,0.0,0.0,0.0,0.00083724,NaN,NaN,NaN,NaN,NaN,2.220446049250313e-16,1.797798415298571e-256,1.759010078210835e-255,7.38905609893065,diag_5120,2.296360045026237,3.0,2.0000000000000004,851
wilkinson_3,3,Float64,true,diagonalcheap,complexschur,0.000134889,1.9140000000000002e-6,0.0007249139999999999,0.000320194,3.0e-8,0.001304667,9,0,1.243120344369534e-15,7.38905609893065,4.581402147183758,2.220446049250313e-16,3.297096960707666e-16,3.150957678897078e-15,7.38905609893065,diag_5120,2.296360045026237,3.0,2.0000000000000004,53
wilkinson_3,3,Float64,true,diagonalcheap,complexschur,0.000172291,1.674e-6,0.0005580430000000001,0.000324633,4.0e-8,0.001173946,9,0,6.907604189912163e-16,7.389056098930648,4.581402147183757,2.220446049250313e-16,5.924053288664019e-77,6.28614843741298e-76,7.38905609893065,diag_5120,2.296360045026237,3.0,2.0000000000000004,256
wilkinson_3,3,Float64,true,diagonalcheap,complexschur,0.000290449,1.874e-6,0.000610774,0.00046698700000000003,4.0e-8,0.001516344,9,0,6.907604189912163e-16,7.389056098930648,4.581402147183757,2.220446049250313e-16,1.648181983606824e-256,1.847870624321929e-255,7.38905609893065,diag_5120,2.296360045026237,3.0,2.0000000000000004,851
wilkinson_3,3,Float64,true,diagonalcheap,realschur,0.000109841,2.075e-6,0.000570756,0.00015569899999999997,3.0e-8,0.000916181,9,0,1.243120344369534e-15,7.38905609893065,4.581402147183758,2.220446049250313e-16,3.297096960707666e-16,3.150957678897078e-15,7.38905609893065,diag_5120,2.296360045026237,3.0,2.0000000000000004,53
wilkinson_3,3,Float64,true,diagonalcheap,realschur,0.000167562,1.8350000000000002e-6,0.0005067950000000001,0.000171689,4.0e-8,0.000919738,9,0,6.907604189912163e-16,7.389056098930648,4.581402147183757,2.220446049250313e-16,5.924053288664019e-77,6.28614843741298e-76,7.38905609893065,diag_5120,2.296360045026237,3.0,2.0000000000000004,256
wilkinson_3,3,Float64,true,diagonalcheap,realschur,0.000282784,1.833e-6,0.000569064,0.000286,3.0e-8,0.001222971,9,0,6.907604189912163e-16,7.389056098930648,4.581402147183757,2.220446049250313e-16,1.648181983606824e-256,1.847870624321929e-255,7.38905609893065,diag_5120,2.296360045026237,3.0,2.0000000000000004,851
wilkinson_3,3,Float64,true,taylor,transfree,0.000144799,0.0,0.0,0.0,0.0,0.000203802,NaN,NaN,NaN,NaN,NaN,2.220446049250313e-16,2.621679104166334e-16,2.16122012137135e-15,7.38905609893065,diag_5120,2.296360045026237,3.0,2.0000000000000004,53
wilkinson_3,3,Float64,true,taylor,transfree,0.000338711,0.0,0.0,0.0,0.0,0.000402383,NaN,NaN,NaN,NaN,NaN,2.220446049250313e-16,1.492427096955733e-77,1.147319177991214e-76,7.38905609893065,diag_5120,2.296360045026237,3.0,2.0000000000000004,256
wilkinson_3,3,Float64,true,taylor,transfree,0.000726766,0.0,0.0,0.0,0.0,0.000819064,NaN,NaN,NaN,NaN,NaN,2.220446049250313e-16,1.797798415298571e-256,1.759010078210835e-255,7.38905609893065,diag_5120,2.296360045026237,3.0,2.0000000000000004,851
wilkinson_3,3,Float64,true,taylor,complexschur,0.00011987,0.000350163,0.0008878660000000002,0.0007094849999999999,3.7292e-5,0.002260255,90,1,4.440892098500626e-16,2.718281801146385,1,2.220446049250313e-16,3.297096960707666e-16,3.150957678897078e-15,7.38905609893065,diag_5120,2.296360045026237,3.0,2.0000000000000004,53
wilkinson_3,3,Float64,true,taylor,complexschur,0.000179104,0.00019731799999999998,0.00048721200000000005,0.00060756,4.0e-8,0.001673386,25,0,1.796745132770597e-19,6.333333333333333,1,2.220446049250313e-16,5.924053288664019e-77,6.28614843741298e-76,7.38905609893065,diag_5120,2.296360045026237,3.0,2.0000000000000004,256
wilkinson_3,3,Float64,true,taylor,complexschur,0.00052044,0.000209084,0.000619238,0.000828804,4.0e-8,0.00240893,25,0,1.796745132770597e-19,6.333333333333333,1,2.220446049250313e-16,1.648181983606824e-256,1.847870624321929e-255,7.38905609893065,diag_5120,2.296360045026237,3.0,2.0000000000000004,851
wilkinson_3,3,Float64,true,taylor,realschur,0.000165829,0.00040269800000000005,0.001146011,0.0006248709999999999,2.2804e-5,0.002479546,90,1,4.440892098500626e-16,2.718281801146385,1,2.220446049250313e-16,3.297096960707666e-16,3.150957678897078e-15,7.38905609893065,diag_5120,2.296360045026237,3.0,2.0000000000000004,53
wilkinson_3,3,Float64,true,taylor,realschur,0.000248778,0.000143868,0.00040988399999999995,0.000209524,4.0e-8,0.001105365,25,0,1.796745132770597e-19,6.333333333333333,1,2.220446049250313e-16,5.924053288664019e-77,6.28614843741298e-76,7.38905609893065,diag_5120,2.296360045026237,3.0,2.0000000000000004,256
wilkinson_3,3,Float64,true,taylor,realschur,0.000422231,0.000151481,0.0004733090000000001,0.00038540199999999997,5.0e-8,0.001544398,25,0,1.796745132770597e-19,6.333333333333333,1,2.220446049250313e-16,1.648181983606824e-256,1.847870624321929e-255,7.38905609893065,diag_5120,2.296360045026237,3.0,2.0000000000000004,851
wilkinson_4,4,Float64,true,scaling_and_squaring,NaN,NaN,NaN,NaN,NaN,NaN,4.9896e-5,NaN,NaN,NaN,NaN,NaN,2.220446049250313e-16,8.406490787329837e-16,1.592366870988066e-14,12.18249396070347,diag_5120,2.87666003244479,5.0,5.0,53
wilkinson_4,4,Float64,true,diagonalcheap,transfree,0.000345704,0.0,0.0,0.0,0.0,0.000466968,NaN,NaN,NaN,NaN,NaN,2.220446049250313e-16,6.900433058954287e-16,1.112093482944312e-14,12.18249396070347,diag_5120,2.87666003244479,5.0,5.0,53
wilkinson_4,4,Float64,true,diagonalcheap,transfree,0.000683564,0.0,0.0,0.0,0.0,0.000792623,NaN,NaN,NaN,NaN,NaN,2.220446049250313e-16,2.945746082738263e-77,4.139015075934834e-76,12.18249396070347,diag_5120,2.87666003244479,5.0,5.0,256
wilkinson_4,4,Float64,true,diagonalcheap,transfree,0.001544669,0.0,0.0,0.0,0.0,0.001704707,NaN,NaN,NaN,NaN,NaN,2.220446049250313e-16,4.659253331936051e-256,7.156929728297136e-255,12.18249396070347,diag_5120,2.87666003244479,5.0,5.0,851
wilkinson_4,4,Float64,true,diagonalcheap,complexschur,0.000313964,0.00026981899999999997,0.002271091,0.0015422289999999998,4.0e-8,0.004633976,49,0,1.562557070985085e-15,12.18249396070344,5.5515834315931025,2.220446049250313e-16,1.647631711729897e-15,2.795891563736239e-14,12.18249396070347,diag_5120,2.87666003244479,5.0,5.0,53
wilkinson_4,4,Float64,true,diagonalcheap,complexschur,0.000397564,5.5307000000000004e-5,0.0008068789999999998,0.000701979,4.0e-8,0.002177906,13,0,6.328753604169891e-24,12.18249396070347,5.6640337559695455,2.220446049250313e-16,1.843925497645956e-76,3.540121028751963e-75,12.18249396070347,diag_5120,2.87666003244479,5.0,5.0,256
wilkinson_4,4,Float64,true,diagonalcheap,complexschur,0.000648476,5.1358e-5,0.0008302359999999999,0.000826681,3.0e-8,0.002595298,13,0,6.328753604169891e-24,12.18249396070347,5.6640337559695455,2.220446049250313e-16,1.58771033750414e-255,2.627622876120074e-254,12.18249396070347,diag_5120,2.87666003244479,5.0,5.0,851
wilkinson_4,4,Float64,true,diagonalcheap,realschur,0.00022894,0.000235023,0.0019359930000000002,0.00053672,3.0e-8,0.003049081,49,0,1.562557070985085e-15,12.18249396070344,5.5515834315931025,2.220446049250313e-16,1.647631711729897e-15,2.795891563736239e-14,12.18249396070347,diag_5120,2.87666003244479,5.0,5.0,53
wilkinson_4,4,Float64,true,diagonalcheap,realschur,0.000373317,4.4987e-5,0.00070268,0.000283535,4.0e-8,0.001530081,13,0,6.328753604169891e-24,12.18249396070347,5.6640337559695455,2.220446049250313e-16,1.843925497645956e-76,3.540121028751963e-75,12.18249396070347,diag_5120,2.87666003244479,5.0,5.0,256
wilkinson_4,4,Float64,true,diagonalcheap,realschur,0.00065531,6.218e-5,0.0010641630000000001,0.000650922,4.0e-8,0.002634914,13,0,6.328753604169891e-24,12.18249396070347,5.6640337559695455,2.220446049250313e-16,1.58771033750414e-255,2.627622876120074e-254,12.18249396070347,diag_5120,2.87666003244479,5.0,5.0,851
wilkinson_4,4,Float64,true,taylor,transfree,0.00055667,0.0,0.0,0.0,0.0,0.000684455,NaN,NaN,NaN,NaN,NaN,2.220446049250313e-16,6.900433058954287e-16,1.112093482944312e-14,12.18249396070347,diag_5120,2.87666003244479,5.0,5.0,53
wilkinson_4,4,Float64,true,taylor,transfree,0.0012489,0.0,0.0,0.0,0.0,0.001387647,NaN,NaN,NaN,NaN,NaN,2.220446049250313e-16,2.945746082738263e-77,4.139015075934834e-76,12.18249396070347,diag_5120,2.87666003244479,5.0,5.0,256
wilkinson_4,4,Float64,true,taylor,transfree,0.002402157,0.0,0.0,0.0,0.0,0.002625777,NaN,NaN,NaN,NaN,NaN,2.220446049250313e-16,4.659253331936051e-256,7.156929728297136e-255,12.18249396070347,diag_5120,2.87666003244479,5.0,5.0,851
wilkinson_4,4,Float64,true,taylor,complexschur,0.000424836,0.000241695,0.0006777010000000002,0.0010832020000000001,5.0e-8,0.002770245,25,0,1.77635683940025e-15,9.229166666666663,1,2.220446049250313e-16,1.647631711729897e-15,2.795891563736239e-14,12.18249396070347,diag_5120,2.87666003244479,5.0,5.0,53
wilkinson_4,4,Float64,true,taylor,complexschur,0.000656391,0.000223259,0.0006268740000000001,0.000842329,3.0e-8,0.002592713,25,0,6.065404055233708e-17,9.229166666666667,1,2.220446049250313e-16,1.843925497645956e-76,3.540121028751963e-75,12.18249396070347,diag_5120,2.87666003244479,5.0,5.0,256
wilkinson_4,4,Float64,true,taylor,complexschur,0.000708282,0.00016443500000000002,0.00051287,0.0007679450000000001,3.0e-8,0.002448606,25,0,6.065404055233708e-17,9.229166666666667,1,2.220446049250313e-16,1.58771033750414e-255,2.627622876120074e-254,12.18249396070347,diag_5120,2.87666003244479,5.0,5.0,851
wilkinson_4,4,Float64,true,taylor,realschur,0.000253036,0.000143125,0.00040575100000000004,0.00023568,3.0e-8,0.001157886,25,0,1.77635683940025e-15,9.229166666666663,1,2.220446049250313e-16,1.647631711729897e-15,2.795891563736239e-14,12.18249396070347,diag_5120,2.87666003244479,5.0,5.0,53
wilkinson_4,4,Float64,true,taylor,realschur,0.000663025,0.00020274000000000003,0.000597931,0.00044198900000000005,5.0e-8,0.002091019,25,0,6.065404055233708e-17,9.229166666666667,1,2.220446049250313e-16,1.843925497645956e-76,3.540121028751963e-75,12.18249396070347,diag_5120,2.87666003244479,5.0,5.0,256
wilkinson_4,4,Float64,true,taylor,realschur,0.001211508,0.00021139899999999997,0.0007302809999999999,0.0006110359999999999,4.0e-8,0.002990097,25,0,6.065404055233708e-17,9.229166666666667,1,2.220446049250313e-16,1.58771033750414e-255,2.627622876120074e-254,12.18249396070347,diag_5120,2.87666003244479,5.0,5.0,851
wilkinson_5,5,Float64,true,scaling_and_squaring,NaN,NaN,NaN,NaN,NaN,NaN,4.0708e-5,NaN,NaN,NaN,NaN,NaN,2.220446049250313e-16,6.387099046952493e-16,1.392775002728889e-14,19.13549674692646,diag_5120,3.289992698718796,10.499999999999998,7.489686958661079,53
wilkinson_5,5,Float64,true,diagonalcheap,transfree,0.00067119,0.0,0.0,0.0,0.0,0.000865293,NaN,NaN,NaN,NaN,NaN,2.220446049250313e-16,4.882231903368238e-16,1.161037059282347e-14,19.13549674692646,diag_5120,3.289992698718796,10.499999999999998,7.489686958661079,53
wilkinson_5,5,Float64,true,diagonalcheap,transfree,0.001460857,0.0,0.0,0.0,0.0,0.00168029,NaN,NaN,NaN,NaN,NaN,2.220446049250313e-16,5.418090746116016e-77,1.627792867409127e-75,19.13549674692646,diag_5120,3.289992698718796,10.499999999999998,7.489686958661079,256
wilkinson_5,5,Float64,true,diagonalcheap,transfree,0.002867441,0.0,0.0,0.0,0.0,0.003196113,NaN,NaN,NaN,NaN,NaN,2.220446049250313e-16,1.595510949199984e-256,3.901784673964286e-255,19.13549674692646,diag_5120,3.289992698718796,10.499999999999998,7.489686958661079,851
wilkinson_5,5,Float64,true,diagonalcheap,complexschur,0.000614241,0.000187258,0.0019371230000000002,0.002337611,1.7e-7,0.005649007,17,0,0,17.47560403367138,7.494121324748067,2.220446049250313e-16,9.615993293974876e-16,2.912413880628531e-14,19.13549674692646,diag_5120,3.289992698718796,10.499999999999998,7.489686958661079,53
wilkinson_5,5,Float64,true,diagonalcheap,complexschur,0.000883488,6.7911e-5,0.0009442060000000001,0.001078302,3.0e-8,0.003347664,13,0,3.520633970886017e-22,17.47560403367143,7.557133121460971,2.220446049250313e-16,1.23093703217538e-76,3.442834373541567e-75,19.13549674692646,diag_5120,3.289992698718796,10.499999999999998,7.489686958661079,256
wilkinson_5,5,Float64,true,diagonalcheap,complexschur,0.00080104,9.7428e-5,0.0015199749999999998,0.002116746,5.0e-8,0.005079482,13,0,3.520633970886017e-22,17.47560403367143,7.557133121460971,2.220446049250313e-16,6.860739038510492e-256,2.070087125777373e-254,19.13549674692646,diag_5120,3.289992698718796,10.499999999999998,7.489686958661079,851
wilkinson_5,5,Float64,true,diagonalcheap,realschur,0.00048917,9.8219e-5,0.0009686430000000003,0.000422351,4.0e-8,0.00213822,17,0,0,17.47560403367138,7.494121324748067,2.220446049250313e-16,9.615993293974876e-16,2.912413880628531e-14,19.13549674692646,diag_5120,3.289992698718796,10.499999999999998,7.489686958661079,53
wilkinson_5,5,Float64,true,diagonalcheap,realschur,0.000529518,7.590400000000001e-5,0.0008041659999999999,0.0005315519999999999,4.1e-8,0.002145564,13,0,3.520633970886017e-22,17.47560403367143,7.557133121460971,2.220446049250313e-16,1.23093703217538e-76,3.442834373541567e-75,19.13549674692646,diag_5120,3.289992698718796,10.499999999999998,7.489686958661079,256
wilkinson_5,5,Float64,true,diagonalcheap,realschur,0.028108575,7.8722e-5,0.0016736449999999999,0.000948905,8.0e-8,0.031166122,13,0,3.520633970886017e-22,17.47560403367143,7.557133121460971,2.220446049250313e-16,6.860739038510492e-256,2.070087125777373e-254,19.13549674692646,diag_5120,3.289992698718796,10.499999999999998,7.489686958661079,851
wilkinson_5,5,Float64,true,taylor,transfree,0.000371254,0.0,0.0,0.0,0.0,0.000510581,NaN,NaN,NaN,NaN,NaN,2.220446049250313e-16,4.882231903368238e-16,1.161037059282347e-14,19.13549674692646,diag_5120,3.289992698718796,10.499999999999998,7.489686958661079,53
wilkinson_5,5,Float64,true,taylor,transfree,0.000830516,0.0,0.0,0.0,0.0,0.000976947,NaN,NaN,NaN,NaN,NaN,2.220446049250313e-16,5.418090746116016e-77,1.627792867409127e-75,19.13549674692646,diag_5120,3.289992698718796,10.499999999999998,7.489686958661079,256
wilkinson_5,5,Float64,true,taylor,transfree,0.001804408,0.0,0.0,0.0,0.0,0.002017768,NaN,NaN,NaN,NaN,NaN,2.220446049250313e-16,1.595510949199984e-256,3.901784673964286e-255,19.13549674692646,diag_5120,3.289992698718796,10.499999999999998,7.489686958661079,851
wilkinson_5,5,Float64,true,taylor,complexschur,0.000347598,0.000755644,0.0023499449999999996,0.004286609,0.000212068,0.008620979,90,1,0,4.180381783174985,1,2.220446049250313e-16,9.615993293974876e-16,2.912413880628531e-14,19.13549674692646,diag_5120,3.289992698718796,10.499999999999998,7.489686958661079,53
wilkinson_5,5,Float64,true,taylor,complexschur,0.000952511,0.00027270399999999997,0.000744201,0.0018261700000000002,4.0e-8,0.004251632,25,0,2.048829712710765e-15,11.85515029116183,1,2.220446049250313e-16,1.23093703217538e-76,3.442834373541567e-75,19.13549674692646,diag_5120,3.289992698718796,10.499999999999998,7.489686958661079,256
wilkinson_5,5,Float64,true,taylor,complexschur,0.001080637,0.000179174,0.000622227,0.0012960299999999999,4.0e-8,0.00360583,25,0,2.048829712710765e-15,11.85515029116183,1,2.220446049250313e-16,6.860739038510492e-256,2.070087125777373e-254,19.13549674692646,diag_5120,3.289992698718796,10.499999999999998,7.489686958661079,851
wilkinson_5,5,Float64,true,taylor,realschur,0.000534327,0.0005852349999999999,0.00181209,0.001088395,4.0298e-5,0.004332226,90,1,0,4.180381783174985,1,2.220446049250313e-16,9.615993293974876e-16,2.912413880628531e-14,19.13549674692646,diag_5120,3.289992698718796,10.499999999999998,7.489686958661079,53
wilkinson_5,5,Float64,true,taylor,realschur,0.000562982,0.00014153199999999999,0.00040926699999999994,0.000568712,5.0e-8,0.001920391,25,0,2.048829712710765e-15,11.85515029116183,1,2.220446049250313e-16,1.23093703217538e-76,3.442834373541567e-75,19.13549674692646,diag_5120,3.289992698718796,10.499999999999998,7.489686958661079,256
wilkinson_5,5,Float64,true,taylor,realschur,0.000859863,0.000156641,0.000497576,0.000531683,4.0e-8,0.002270645,25,0,2.048829712710765e-15,11.85515029116183,1,2.220446049250313e-16,6.860739038510492e-256,2.070087125777373e-254,19.13549674692646,diag_5120,3.289992698718796,10.499999999999998,7.489686958661079,851
binomial_10,10,Int64,false,scaling_and_squaring,NaN,NaN,NaN,NaN,NaN,NaN,2.5799e-5,NaN,NaN,NaN,NaN,NaN,2.220446049250313e-16,5.212163022839033e-15,0.0002585375971977106,52610166297.89982,diag_5120,1029.584991471387,215.28124999999997,95.30907509382511,53
binomial_10,10,Int64,false,diagonalcheap,transfree,0.0,0.000201676,0.002103242,0.001840588,0.000747987,0.005278174,21,5,0,12.52204886472465,40.44202109952059,2.220446049250313e-16,7.006210486930225e-15,0.0004566547819855261,52610166297.89982,diag_5120,1029.584991471387,215.28124999999997,95.30907509382511,53
binomial_10,10,Int64,false,diagonalcheap,transfree,0.0,3.0260000000000003e-6,0.0012242429999999999,0.001351687,0.001002357,0.00397014,7,5,1.124279416443911e-17,12.52204886472465,40.44202109952058,2.220446049250313e-16,3.972478227500786e-17,2.089927401636027e-06,52610166297.89982,diag_5120,1029.584991471387,215.28124999999997,95.30907509382511,256
binomial_10,10,Int64,false,diagonalcheap,transfree,0.0,3.2259999999999997e-6,0.001402007,0.0017297039999999999,0.001668467,0.005268155,7,5,1.124279416443911e-17,12.52204886472465,40.44202109952058,2.220446049250313e-16,3.972478227500786e-17,2.089927401636027e-06,52610166297.89982,diag_5120,1029.584991471387,215.28124999999997,95.30907509382511,851
binomial_10,10,Int64,false,diagonalcheap,complexschur,0.001010884,0.000481402,0.004991136,0.016163785000000003,0.003645256,0.028718898,31,5,1.201246008443471e-15,9.656707052860387,22.122952010422,2.220446049250313e-16,1.446970064607641e-14,0.0007604492590082359,52610166297.89982,diag_5120,1029.584991471387,215.28124999999997,95.30907509382511,53
binomial_10,10,Int64,false,diagonalcheap,complexschur,0.001652786,3.6360000000000004e-6,0.002388232,0.006868620000000001,0.006134591,0.020375372,7,5,9.194105083265348e-18,9.006934666809251,21.288641110732456,2.220446049250313e-16,2.671482326099529e-17,9.880433674323028e-07,52610166297.89982,diag_5120,1029.584991471387,215.28124999999997,95.30907509382511,256
binomial_10,10,Int64,false,diagonalcheap,complexschur,0.002811474,5.75e-6,0.0028695629999999995,0.008759158,0.00823064,0.026863111,7,5,1.06295031406883e-17,11.78442518593437,24.612257038414132,2.220446049250313e-16,2.288331219017081e-18,1.261947199323323e-07,52610166297.89982,diag_5120,1029.584991471387,215.28124999999997,95.30907509382511,851
binomial_10,10,Int64,false,diagonalcheap,realschur,0.001491035,0.000207068,0.002568278,0.0028610880000000003,0.001011354,0.009171909,17,4,4.451779568642999e-15,23.34633215702802,76.64685823675393,2.220446049250313e-16,1.415204238529484e-14,0.0007885826513422203,52610166297.89982,diag_5120,1029.584991471387,215.28124999999997,95.30907509382511,53
binomial_10,10,Int64,false,diagonalcheap,realschur,0.001579095,3.596e-6,0.0018234570000000001,0.002024167,0.001838864,0.008443879,7,5,9.194105083265348e-18,9.006934666809251,21.288641110732456,2.220446049250313e-16,2.671482326099529e-17,9.880433674323028e-07,52610166297.89982,diag_5120,1029.584991471387,215.28124999999997,95.30907509382511,256
binomial_10,10,Int64,false,diagonalcheap,realschur,0.002298078,3.216e-6,0.0014882230000000003,0.001808015,0.002268139,0.008968187,7,5,1.06295031406883e-17,11.78442518593437,24.612257038414132,2.220446049250313e-16,2.288331219017081e-18,1.261947199323323e-07,52610166297.89982,diag_5120,1029.584991471387,215.28124999999997,95.30907509382511,851
binomial_10,10,Int64,false,taylor,transfree,0.0,0.0005109820000000001,0.0021347700000000002,0.002874195,0.00078049,0.006871938,30,3,0,104.5,1,2.220446049250313e-16,2.307209432255664e-16,1.605267038100291e-05,52610166297.89982,diag_5120,1029.584991471387,215.28124999999997,95.30907509382511,53
binomial_10,10,Int64,false,taylor,transfree,0.0,0.00046878900000000005,0.002188088,0.003542818,0.001063033,0.00794462,30,3,2.036451209875705e-15,104.5,1,2.220446049250313e-16,6.275677290033043e-21,3.301644258605916e-10,52610166297.89982,diag_5120,1029.584991471387,215.28124999999997,95.30907509382511,256
binomial_10,10,Int64,false,taylor,transfree,0.0,0.000303814,0.001597129,0.0026539109999999997,0.001196339,0.006334094,30,3,2.036451209875705e-15,104.5,1,2.220446049250313e-16,6.275677290033043e-21,3.301644258605916e-10,52610166297.89982,diag_5120,1029.584991471387,215.28124999999997,95.30907509382511,851
binomial_10,10,Int64,false,taylor,complexschur,0.001508179,0.0011916680000000001,0.0037534540000000007,0.016317201999999996,0.004035877,0.030368478,56,3,7.105427357601002e-15,87.03913714310281,1,2.220446049250313e-16,1.030552743409566e-14,0.0006877315923822594,52610166297.89982,diag_5120,1029.584991471387,215.28124999999997,95.30907509382511,53
binomial_10,10,Int64,false,taylor,complexschur,0.002000796,0.0005617689999999999,0.002241038,0.011210156999999998,0.004304874,0.023888244,30,3,5.035517024240653e-16,83.31274994288297,1,2.220446049250313e-16,5.715100572728784e-21,2.072122129523919e-10,52610166297.89982,diag_5120,1029.584991471387,215.28124999999997,95.30907509382511,256
binomial_10,10,Int64,false,taylor,complexschur,0.002894403,0.000600564,0.002489484,0.012642109,0.00300229,0.025284657,30,3,2.761132438322738e-15,98.15743177068671,1,2.220446049250313e-16,1.623591296586876e-21,8.953627309483634e-11,52610166297.89982,diag_5120,1029.584991471387,215.28124999999997,95.30907509382511,851
binomial_10,10,Int64,false,taylor,realschur,0.001682874,0.000726749,0.0024703069999999997,0.004769748999999999,0.000490904,0.011107839,56,3,0,82.37420680826517,1,2.220446049250313e-16,1.099777073822596e-14,0.00070155986997015,52610166297.89982,diag_5120,1029.584991471387,215.28124999999997,95.30907509382511,53
binomial_10,10,Int64,false,taylor,realschur,0.001048355,0.0003588,0.001471522,0.0028975620000000002,0.001341639,0.008261419,30,3,5.035517024240653e-16,83.31274994288297,1,2.220446049250313e-16,5.715100572728784e-21,2.072122129523919e-10,52610166297.89982,diag_5120,1029.584991471387,215.28124999999997,95.30907509382511,256
binomial_10,10,Int64,false,taylor,realschur,0.003185182,0.000511764,0.0026018499999999997,0.003665718,0.001275421,0.012676756,30,3,2.761132438322738e-15,98.15743177068671,1,2.220446049250313e-16,1.623591296586876e-21,8.953627309483634e-11,52610166297.89982,diag_5120,1029.584991471387,215.28124999999997,95.30907509382511,851
fiedler_10,10,Int64,true,scaling_and_squaring,NaN,NaN,NaN,NaN,NaN,NaN,7.1247e-5,NaN,NaN,NaN,NaN,NaN,2.220446049250313e-16,9.744411213538388e-15,10.4206010513953,1041599933981322,diag_5120,40.62019202317984,90.0000000000003,67.00488372234285,53
fiedler_10,10,Int64,true,diagonalcheap,transfree,0.004254788,0.0,0.0,0.0,0.0,0.005080115,NaN,NaN,NaN,NaN,NaN,2.220446049250313e-16,3.383149090446863e-15,3.639351051395297,1041599933981322,diag_5120,40.62019202317984,90.0000000000003,67.00488372234285,53
fiedler_10,10,Int64,true,diagonalcheap,transfree,0.009196016,0.0,0.0,0.0,0.0,0.009790909,NaN,NaN,NaN,NaN,NaN,2.220446049250313e-16,6.188069639046872e-76,6.565293726998503e-61,1041599933981322,diag_5120,40.62019202317984,90.0000000000003,67.00488372234285,256
fiedler_10,10,Int64,true,diagonalcheap,transfree,0.020427343,0.0,0.0,0.0,0.0,0.021337764,NaN,NaN,NaN,NaN,NaN,2.220446049250313e-16,2.194120030196377e-254,2.297344249917311e-239,1041599933981322,diag_5120,40.62019202317984,90.0000000000003,67.00488372234285,851
fiedler_10,10,Int64,true,diagonalcheap,complexschur,0.002548589,0.000477208,0.005148528,0.011048753,0.002216831,0.023667371,21,3,0,73.17537586950031,31.805541104320774,2.220446049250313e-16,3.964322395314e-14,40.9700239486047,1041599933981322,diag_5120,40.62019202317984,90.0000000000003,67.00488372234285,53
fiedler_10,10,Int64,true,diagonalcheap,complexschur,0.003990179,0.00011966,0.002232940999999999,0.006922936,0.003926047,0.020434948,13,3,9.305745505257178e-17,73.17537586949926,32.54498159265859,2.220446049250313e-16,5.100389866565443e-75,5.444118665569975e-60,1041599933981322,diag_5120,40.62019202317984,90.0000000000003,67.00488372234285,256
fiedler_10,10,Int64,true,diagonalcheap,complexschur,0.009725804,0.00017762,0.0027110380000000002,0.006536795000000001,0.003905436,0.02709054,13,3,9.305745505257178e-17,73.17537586949926,32.54498159265859,2.220446049250313e-16,2.57676760702183e-254,2.671331142882534e-239,1041599933981322,diag_5120,40.62019202317984,90.0000000000003,67.00488372234285,851
fiedler_10,10,Int64,true,diagonalcheap,realschur,0.00450006,0.00030190999999999996,0.0030104279999999995,0.0022135919999999995,0.000484392,0.011237971,21,3,0,73.17537586950031,31.805541104320774,2.220446049250313e-16,3.964322395314e-14,40.9700239486047,1041599933981322,diag_5120,40.62019202317984,90.0000000000003,67.00488372234285,53
fiedler_10,10,Int64,true,diagonalcheap,realschur,0.004006101,9.5266e-5,0.0017699900000000001,0.001745394,0.000624681,0.008976944,13,3,9.305745505257178e-17,73.17537586949926,32.54498159265859,2.220446049250313e-16,5.100389866565443e-75,5.444118665569975e-60,1041599933981322,diag_5120,40.62019202317984,90.0000000000003,67.00488372234285,256
fiedler_10,10,Int64,true,diagonalcheap,realschur,0.008644175,0.000144539,0.0030671250000000004,0.0035799919999999997,0.00200324,0.019231976,13,3,9.305745505257178e-17,73.17537586949926,32.54498159265859,2.220446049250313e-16,2.57676760702183e-254,2.671331142882534e-239,1041599933981322,diag_5120,40.62019202317984,90.0000000000003,67.00488372234285,851
fiedler_10,10,Int64,true,taylor,transfree,0.003424964,0.0,0.0,0.0,0.0,0.003934402,NaN,NaN,NaN,NaN,NaN,2.220446049250313e-16,3.383149090446863e-15,3.639351051395297,1041599933981322,diag_5120,40.62019202317984,90.0000000000003,67.00488372234285,53
fiedler_10,10,Int64,true,taylor,transfree,0.011087171,0.0,0.0,0.0,0.0,0.012161736,NaN,NaN,NaN,NaN,NaN,2.220446049250313e-16,6.188069639046872e-76,6.565293726998503e-61,1041599933981322,diag_5120,40.62019202317984,90.0000000000003,67.00488372234285,256
fiedler_10,10,Int64,true,taylor,transfree,0.023188631,0.0,0.0,0.0,0.0,0.024808244,NaN,NaN,NaN,NaN,NaN,2.220446049250313e-16,2.194120030196377e-254,2.297344249917311e-239,1041599933981322,diag_5120,40.62019202317984,90.0000000000003,67.00488372234285,851
fiedler_10,10,Int64,true,taylor,complexschur,0.0047084,0.001371279,0.0045480089999999996,0.018918385,0.006270583,0.038979432,90,5,0,2.924766714678271,1,2.220446049250313e-16,3.964322395314e-14,40.9700239486047,1041599933981322,diag_5120,40.62019202317984,90.0000000000003,67.00488372234285,53
fiedler_10,10,Int64,true,taylor,complexschur,0.00420906,0.0005082769999999999,0.0019451200000000003,0.00684084,0.002165232,0.017697626,30,3,5.785913521953356e-15,41.84304808425199,1,2.220446049250313e-16,5.100389866565443e-75,5.444118665569975e-60,1041599933981322,diag_5120,40.62019202317984,90.0000000000003,67.00488372234285,256
fiedler_10,10,Int64,true,taylor,complexschur,0.011130534,0.000627786,0.0027689040000000017,0.012359469,0.005360073,0.034933967,30,3,5.785913521953356e-15,41.84304808425199,1,2.220446049250313e-16,2.57676760702183e-254,2.671331142882534e-239,1041599933981322,diag_5120,40.62019202317984,90.0000000000003,67.00488372234285,851
fiedler_10,10,Int64,true,taylor,realschur,0.002581953,0.0005744449999999998,0.002316301,0.0037793460000000003,0.000792584,0.010699796,90,5,0,2.924766714678271,1,2.220446049250313e-16,3.964322395314e-14,40.9700239486047,1041599933981322,diag_5120,40.62019202317984,90.0000000000003,67.00488372234285,53
fiedler_10,10,Int64,true,taylor,realschur,0.003927029,0.0005248290000000001,0.0020628750000000005,0.003268511,0.001118279,0.012109696,30,3,5.785913521953356e-15,41.84304808425199,1,2.220446049250313e-16,5.100389866565443e-75,5.444118665569975e-60,1041599933981322,diag_5120,40.62019202317984,90.0000000000003,67.00488372234285,256
fiedler_10,10,Int64,true,taylor,realschur,0.009678313,0.0005058010000000001,0.0023605910000000004,0.004107772,0.001955178,0.020429327,30,3,5.785913521953356e-15,41.84304808425199,1,2.220446049250313e-16,2.57676760702183e-254,2.671331142882534e-239,1041599933981322,diag_5120,40.62019202317984,90.0000000000003,67.00488372234285,851
householder_10,10,Float64,true,scaling_and_squaring,NaN,NaN,NaN,NaN,NaN,NaN,5.1228e-5,NaN,NaN,NaN,NaN,NaN,2.220446049250313e-16,3.919072785536621e-16,1.992340297213902e-15,4.892907286744044,diag_5120,6.411794687223787,35.000000000000014,19.000000000000004,53
householder_10,10,Float64,true,diagonalcheap,transfree,0.000480894,0.0,0.0,0.0,0.0,0.001355957,NaN,NaN,NaN,NaN,NaN,2.220446049250313e-16,3.694655464145019e-16,2.493568214046258e-15,4.892907286744044,diag_5120,6.411794687223787,35.000000000000014,19.000000000000004,53
householder_10,10,Float64,true,diagonalcheap,transfree,0.000582019,0.0,0.0,0.0,0.0,0.001493159,NaN,NaN,NaN,NaN,NaN,2.220446049250313e-16,3.812696881810391e-77,2.51528812795822e-76,4.892907286744044,diag_5120,6.411794687223787,35.000000000000014,19.000000000000004,256
householder_10,10,Float64,true,diagonalcheap,transfree,0.000781402,0.0,0.0,0.0,0.0,0.001643529,NaN,NaN,NaN,NaN,NaN,2.220446049250313e-16,7.203094857210435e-256,1.020749587096622e-254,4.892907286744044,diag_5120,6.411794687223787,35.000000000000014,19.000000000000004,851
householder_10,10,Float64,true,diagonalcheap,complexschur,0.001047253,0.001502377,0.016933849,0.052646179999999994,0.005297853,0.080633386,91,5,2.255414507666143e-16,1.031743407499103,1.366506124890002,2.220446049250313e-16,6.922607107284465e-16,6.612967027348898e-15,4.892907286744044,diag_5120,6.411794687223787,35.000000000000014,19.000000000000004,53
householder_10,10,Float64,true,diagonalcheap,complexschur,0.001154209,0.000115314,0.002166666,0.007969025,0.00223181,0.015851237,13,2,2.211377049530434e-16,1.284025416687741,10.892185121390469,2.220446049250313e-16,3.450373723011521e-77,3.524898349337628e-76,4.892907286744044,diag_5120,6.411794687223787,35.000000000000014,19.000000000000004,256
householder_10,10,Float64,true,diagonalcheap,complexschur,0.001125844,0.00017619899999999998,0.0038337079999999995,0.010880805,0.002780645,0.021524533,13,2,2.211377049530434e-16,1.284025416687741,10.892185121390469,2.220446049250313e-16,2.083010018811818e-256,2.735702877975565e-255,4.892907286744044,diag_5120,6.411794687223787,35.000000000000014,19.000000000000004,851
householder_10,10,Float64,true,diagonalcheap,realschur,0.001085416,0.000871486,0.011369951000000001,0.007785776,0.001349253,0.023467737,91,5,2.255414507666143e-16,1.031743407499103,1.366506124890002,2.220446049250313e-16,6.922607107284465e-16,6.612967027348898e-15,4.892907286744044,diag_5120,6.411794687223787,35.000000000000014,19.000000000000004,53
householder_10,10,Float64,true,diagonalcheap,realschur,0.001155651,9.3931e-5,0.0020923,0.001963684,0.000664437,0.006911274,13,2,2.211377049530434e-16,1.284025416687741,10.892185121390469,2.220446049250313e-16,3.450373723011521e-77,3.524898349337628e-76,4.892907286744044,diag_5120,6.411794687223787,35.000000000000014,19.000000000000004,256
householder_10,10,Float64,true,diagonalcheap,realschur,0.001093352,7.4793e-5,0.0016582880000000002,0.00163342,0.000637235,0.006214384,13,2,2.211377049530434e-16,1.284025416687741,10.892185121390469,2.220446049250313e-16,2.083010018811818e-256,2.735702877975565e-255,4.892907286744044,diag_5120,6.411794687223787,35.000000000000014,19.000000000000004,851
householder_10,10,Float64,true,taylor,transfree,0.00043693,0.0,0.0,0.0,0.0,0.001173957,NaN,NaN,NaN,NaN,NaN,2.220446049250313e-16,3.694655464145019e-16,2.493568214046258e-15,4.892907286744044,diag_5120,6.411794687223787,35.000000000000014,19.000000000000004,53
householder_10,10,Float64,true,taylor,transfree,0.000543505,0.0,0.0,0.0,0.0,0.00146194,NaN,NaN,NaN,NaN,NaN,2.220446049250313e-16,3.812696881810391e-77,2.51528812795822e-76,4.892907286744044,diag_5120,6.411794687223787,35.000000000000014,19.000000000000004,256
householder_10,10,Float64,true,taylor,transfree,0.000670669,0.0,0.0,0.0,0.0,0.001746106,NaN,NaN,NaN,NaN,NaN,2.220446049250313e-16,7.203094857210435e-256,1.020749587096622e-254,4.892907286744044,diag_5120,6.411794687223787,35.000000000000014,19.000000000000004,851
householder_10,10,Float64,true,taylor,complexschur,0.00180491,0.0006805790000000001,0.0026079950000000005,0.01317882,0.002325219,0.023676578,36,2,0,10.88037109374998,1,2.220446049250313e-16,6.922607107284465e-16,6.612967027348898e-15,4.892907286744044,diag_5120,6.411794687223787,35.000000000000014,19.000000000000004,53
householder_10,10,Float64,true,taylor,complexschur,0.001292174,0.000822911,0.003105948,0.013836638,0.002564369,0.024992758,36,2,9.050963555020741e-19,10.88037109375,1,2.220446049250313e-16,3.450373723011521e-77,3.524898349337628e-76,4.892907286744044,diag_5120,6.411794687223787,35.000000000000014,19.000000000000004,256
householder_10,10,Float64,true,taylor,complexschur,0.001207391,0.000636843,0.0024007450000000006,0.013910468,0.003157539,0.025183425,36,2,9.050963555020741e-19,10.88037109375,1,2.220446049250313e-16,2.083010018811818e-256,2.735702877975565e-255,4.892907286744044,diag_5120,6.411794687223787,35.000000000000014,19.000000000000004,851
householder_10,10,Float64,true,taylor,realschur,0.001734013,0.000331178,0.0012411749999999997,0.00203432,0.000303243,0.006231207,36,2,0,10.88037109374998,1,2.220446049250313e-16,6.922607107284465e-16,6.612967027348898e-15,4.892907286744044,diag_5120,6.411794687223787,35.000000000000014,19.000000000000004,53
householder_10,10,Float64,true,taylor,realschur,0.000685658,0.00025388000000000006,0.0011246399999999999,0.002033499,0.000385301,0.005092278,36,2,9.050963555020741e-19,10.88037109375,1,2.220446049250313e-16,3.450373723011521e-77,3.524898349337628e-76,4.892907286744044,diag_5120,6.411794687223787,35.000000000000014,19.000000000000004,256
householder_10,10,Float64,true,taylor,realschur,0.00059835,0.00030609999999999996,0.0014052409999999998,0.002215879,0.000627146,0.005958493,36,2,9.050963555020741e-19,10.88037109375,1,2.220446049250313e-16,2.083010018811818e-256,2.735702877975565e-255,4.892907286744044,diag_5120,6.411794687223787,35.000000000000014,19.000000000000004,851
jordbloc_10_2,10,Int64,false,scaling_and_squaring,NaN,NaN,NaN,NaN,NaN,NaN,3.8173e-5,NaN,NaN,NaN,NaN,NaN,2.220446049250313e-16,2.439311091156094e-17,5.608469172276236e-16,20.08553468514711,exp_mp_5120,3.946506763677976,2.9970703125,2.7854972896927994,53
jordbloc_10_2,10,Int64,false,diagonalcheap,transfree,0.0,0.00061389,0.002189130999999999,0.002849254,4.1e-8,0.00594633,21,0,4.091195083074568e-15,20.08553468514717,2.6887872409107216,2.220446049250313e-16,6.795963144232802e-16,1.818861838823291e-14,20.08553468514711,exp_mp_5120,3.946506763677976,2.9970703125,2.7854972896927994,53
jordbloc_10_2,10,Int64,false,diagonalcheap,transfree,0.0,0.000196878,0.0017339020000000003,0.0021227900000000003,4.1e-8,0.004372555,13,0,1.470442284337676e-21,20.08553468514712,2.730167613227799,2.220446049250313e-16,2.021652796552742e-77,5.302199137046656e-76,20.08553468514711,exp_mp_5120,3.946506763677976,2.9970703125,2.7854972896927994,256
jordbloc_10_2,10,Int64,false,diagonalcheap,transfree,0.0,0.00023203700000000001,0.0019061629999999998,0.0026525999999999997,4.0e-8,0.005105333,13,0,1.470442284337676e-21,20.08553468514712,2.730167613227799,2.220446049250313e-16,4.499521404083103e-256,1.212483545913406e-254,20.08553468514711,exp_mp_5120,3.946506763677976,2.9970703125,2.7854972896927994,851
jordbloc_10_2,10,Int64,false,diagonalcheap,complexschur,0.0,0.000720414,0.0022320699999999996,0.002869053,5.0e-8,0.006119302,21,0,4.091195083074568e-15,20.08553468514717,2.6887872409107216,2.220446049250313e-16,6.795963144232802e-16,1.818861838823291e-14,20.08553468514711,exp_mp_5120,3.946506763677976,2.9970703125,2.7854972896927994,53
jordbloc_10_2,10,Int64,false,diagonalcheap,complexschur,0.0,0.000195436,0.001644559,0.002191143,5.0e-8,0.004344951,13,0,1.470442284337676e-21,20.08553468514712,2.730167613227799,2.220446049250313e-16,2.021652796552742e-77,5.302199137046656e-76,20.08553468514711,exp_mp_5120,3.946506763677976,2.9970703125,2.7854972896927994,256
jordbloc_10_2,10,Int64,false,diagonalcheap,complexschur,0.0,0.00023242600000000001,0.002359787,0.0029424269999999996,5.0e-8,0.005856998,13,0,1.470442284337676e-21,20.08553468514712,2.730167613227799,2.220446049250313e-16,4.499521404083103e-256,1.212483545913406e-254,20.08553468514711,exp_mp_5120,3.946506763677976,2.9970703125,2.7854972896927994,851
jordbloc_10_2,10,Int64,false,diagonalcheap,realschur,0.0,0.000680307,0.0023018559999999997,0.002945632,4.0e-8,0.006234904,21,0,4.091195083074568e-15,20.08553468514717,2.6887872409107216,2.220446049250313e-16,6.795963144232802e-16,1.818861838823291e-14,20.08553468514711,exp_mp_5120,3.946506763677976,2.9970703125,2.7854972896927994,53
jordbloc_10_2,10,Int64,false,diagonalcheap,realschur,0.0,0.000196227,0.001648781,0.002124353,4.0e-8,0.004286379,13,0,1.470442284337676e-21,20.08553468514712,2.730167613227799,2.220446049250313e-16,2.021652796552742e-77,5.302199137046656e-76,20.08553468514711,exp_mp_5120,3.946506763677976,2.9970703125,2.7854972896927994,256
jordbloc_10_2,10,Int64,false,diagonalcheap,realschur,0.0,0.000226577,0.0018286459999999997,0.002629553,5.0e-8,0.00501522,13,0,1.470442284337676e-21,20.08553468514712,2.730167613227799,2.220446049250313e-16,4.499521404083103e-256,1.212483545913406e-254,20.08553468514711,exp_mp_5120,3.946506763677976,2.9970703125,2.7854972896927994,851
jordbloc_10_2,10,Int64,false,taylor,transfree,0.0,0.001966911,0.0020779880000000007,0.005869248999999999,0.000238078,0.010616376,90,1,8.881784197001252e-16,4.481686597282504,1,2.220446049250313e-16,4.705419725281427e-17,1.020050376976868e-15,20.08553468514711,exp_mp_5120,3.946506763677976,2.9970703125,2.7854972896927994,53
jordbloc_10_2,10,Int64,false,taylor,transfree,0.0,0.000799615,0.000931544,0.0028584720000000004,5.0e-8,0.004887104,30,0,8.286097842982794e-20,13,1,2.220446049250313e-16,6.276076268657324e-22,3.198827857902244e-20,20.08553468514711,exp_mp_5120,3.946506763677976,2.9970703125,2.7854972896927994,256
jordbloc_10_2,10,Int64,false,taylor,transfree,0.0,0.000990783,0.0012189639999999995,0.0036762559999999997,4.1e-8,0.006209435,30,0,8.286097842982794e-20,13,1,2.220446049250313e-16,6.276076268657324e-22,3.198827857902244e-20,20.08553468514711,exp_mp_5120,3.946506763677976,2.9970703125,2.7854972896927994,851
jordbloc_10_2,10,Int64,false,taylor,complexschur,0.0,0.001947195,0.0020305280000000006,0.004767679,0.000150429,0.009391422,90,1,8.881784197001252e-16,4.481686597282504,1,2.220446049250313e-16,4.705419725281427e-17,1.020050376976868e-15,20.08553468514711,exp_mp_5120,3.946506763677976,2.9970703125,2.7854972896927994,53
jordbloc_10_2,10,Int64,false,taylor,complexschur,0.0,0.000702692,0.0007062640000000001,0.002524143,4.0e-8,0.004186387,30,0,8.286097842982794e-20,13,1,2.220446049250313e-16,6.276076268657324e-22,3.198827857902244e-20,20.08553468514711,exp_mp_5120,3.946506763677976,2.9970703125,2.7854972896927994,256
jordbloc_10_2,10,Int64,false,taylor,complexschur,0.0,0.0011408809999999998,0.001447002,0.004033995,5.0e-8,0.007027598,30,0,8.286097842982794e-20,13,1,2.220446049250313e-16,6.276076268657324e-22,3.198827857902244e-20,20.08553468514711,exp_mp_5120,3.946506763677976,2.9970703125,2.7854972896927994,851
jordbloc_10_2,10,Int64,false,taylor,realschur,0.0,0.0019301009999999998,0.002199279,0.005537641,0.000239019,0.010450527,90,1,8.881784197001252e-16,4.481686597282504,1,2.220446049250313e-16,4.705419725281427e-17,1.020050376976868e-15,20.08553468514711,exp_mp_5120,3.946506763677976,2.9970703125,2.7854972896927994,53
jordbloc_10_2,10,Int64,false,taylor,realschur,0.0,0.000815427,0.0010040520000000003,0.00278994,4.0e-8,0.004957379,30,0,8.286097842982794e-20,13,1,2.220446049250313e-16,6.276076268657324e-22,3.198827857902244e-20,20.08553468514711,exp_mp_5120,3.946506763677976,2.9970703125,2.7854972896927994,256
jordbloc_10_2,10,Int64,false,taylor,realschur,0.0,0.000971566,0.0011652680000000003,0.0034353639999999998,4.0e-8,0.005916332,30,0,8.286097842982794e-20,13,1,2.220446049250313e-16,6.276076268657324e-22,3.198827857902244e-20,20.08553468514711,exp_mp_5120,3.946506763677976,2.9970703125,2.7854972896927994,851
kms_10,10,Float64,true,scaling_and_squaring,NaN,NaN,NaN,NaN,NaN,NaN,7.4072e-5,NaN,NaN,NaN,NaN,NaN,2.220446049250313e-16,1.568338715857598e-15,3.823394190684546e-14,16.68899489695451,diag_5120,3.292538440316186,8.718749999999998,7.884472867533711,53
kms_10,10,Float64,true,diagonalcheap,transfree,0.003227704,0.0,0.0,0.0,0.0,0.003927921,NaN,NaN,NaN,NaN,NaN,2.220446049250313e-16,7.41131579746382e-16,1.674386007292761e-14,16.68899489695451,diag_5120,3.292538440316186,8.718749999999998,7.884472867533711,53
kms_10,10,Float64,true,diagonalcheap,transfree,0.007451945,0.0,0.0,0.0,0.0,0.008308681,NaN,NaN,NaN,NaN,NaN,2.220446049250313e-16,6.924280850721137e-77,1.599154393386991e-75,16.68899489695451,diag_5120,3.292538440316186,8.718749999999998,7.884472867533711,256
kms_10,10,Float64,true,diagonalcheap,transfree,0.016704038,0.0,0.0,0.0,0.0,0.017824352,NaN,NaN,NaN,NaN,NaN,2.220446049250313e-16,4.247468338262762e-256,1.079145706988685e-254,16.68899489695451,diag_5120,3.292538440316186,8.718749999999998,7.884472867533711,851
kms_10,10,Float64,true,diagonalcheap,complexschur,0.004280458,0.00028379499999999993,0.003355501,0.011841710000000002,5.1e-8,0.022752595,17,0,0,14.62622467498587,3.3137350851536946,2.220446049250313e-16,2.814956963112066e-15,7.498801211594834e-14,16.68899489695451,diag_5120,3.292538440316186,8.718749999999998,7.884472867533711,53
kms_10,10,Float64,true,diagonalcheap,complexschur,0.013257804,0.000185065,0.005923838000000002,0.012716713,3.0e-8,0.034097402,13,0,5.153596327274966e-23,14.62622467498581,3.3421949269700653,2.220446049250313e-16,1.805128092664626e-76,4.184525315481447e-75,16.68899489695451,diag_5120,3.292538440316186,8.718749999999998,7.884472867533711,256
kms_10,10,Float64,true,diagonalcheap,complexschur,0.008497795,0.000164015,0.002909141000000001,0.009788518,2.21e-7,0.023787745,13,0,5.153596327274966e-23,14.62622467498581,3.3421949269700653,2.220446049250313e-16,1.722031197585374e-255,4.203610194954011e-254,16.68899489695451,diag_5120,3.292538440316186,8.718749999999998,7.884472867533711,851
kms_10,10,Float64,true,diagonalcheap,realschur,0.002451863,0.000122686,0.0014314909999999996,0.001787025,4.0e-8,0.006332201,17,0,0,14.62622467498587,3.3137350851536946,2.220446049250313e-16,2.814956963112066e-15,7.498801211594834e-14,16.68899489695451,diag_5120,3.292538440316186,8.718749999999998,7.884472867533711,53
kms_10,10,Float64,true,diagonalcheap,realschur,0.004249989,7.1349e-5,0.0012814109999999997,0.0015072780000000001,4.0e-8,0.007736181,13,0,5.153596327274966e-23,14.62622467498581,3.3421949269700653,2.220446049250313e-16,1.805128092664626e-76,4.184525315481447e-75,16.68899489695451,diag_5120,3.292538440316186,8.718749999999998,7.884472867533711,256
kms_10,10,Float64,true,diagonalcheap,realschur,0.011453606,7.443400000000001e-5,0.0015158840000000003,0.002144361,4.0e-8,0.016111128,13,0,5.153596327274966e-23,14.62622467498581,3.3421949269700653,2.220446049250313e-16,1.722031197585374e-255,4.203610194954011e-254,16.68899489695451,diag_5120,3.292538440316186,8.718749999999998,7.884472867533711,851
kms_10,10,Float64,true,taylor,transfree,0.00214373,0.0,0.0,0.0,0.0,0.002624775,NaN,NaN,NaN,NaN,NaN,2.220446049250313e-16,7.41131579746382e-16,1.674386007292761e-14,16.68899489695451,diag_5120,3.292538440316186,8.718749999999998,7.884472867533711,53
kms_10,10,Float64,true,taylor,transfree,0.006637779,0.0,0.0,0.0,0.0,0.007239877,NaN,NaN,NaN,NaN,NaN,2.220446049250313e-16,6.924280850721137e-77,1.599154393386991e-75,16.68899489695451,diag_5120,3.292538440316186,8.718749999999998,7.884472867533711,256
kms_10,10,Float64,true,taylor,transfree,0.018786522,0.0,0.0,0.0,0.0,0.01975357,NaN,NaN,NaN,NaN,NaN,2.220446049250313e-16,4.247468338262762e-256,1.079145706988685e-254,16.68899489695451,diag_5120,3.292538440316186,8.718749999999998,7.884472867533711,851
kms_10,10,Float64,true,taylor,complexschur,0.002871259,0.0005894529999999999,0.0015852780000000005,0.010959528000000001,7.0e-8,0.018976947,25,0,1.77635683940025e-15,10.49982989309284,1,2.220446049250313e-16,2.814956963112066e-15,7.498801211594834e-14,16.68899489695451,diag_5120,3.292538440316186,8.718749999999998,7.884472867533711,53
kms_10,10,Float64,true,taylor,complexschur,0.006495245,0.000552611,0.001578704,0.010659341,4.0e-8,0.022122694,25,0,3.828329224117195e-16,10.49982989309283,1,2.220446049250313e-16,1.805128092664626e-76,4.184525315481447e-75,16.68899489695451,diag_5120,3.292538440316186,8.718749999999998,7.884472867533711,256
kms_10,10,Float64,true,taylor,complexschur,0.012486812,0.000487146,0.0014387150000000001,0.009917513000000001,4.0e-8,0.027916641,25,0,3.828329224117195e-16,10.49982989309283,1,2.220446049250313e-16,1.722031197585374e-255,4.203610194954011e-254,16.68899489695451,diag_5120,3.292538440316186,8.718749999999998,7.884472867533711,851
kms_10,10,Float64,true,taylor,realschur,0.004532853,0.000257997,0.0007849490000000001,0.001618071,4.0e-8,0.007784974,25,0,1.77635683940025e-15,10.49982989309284,1,2.220446049250313e-16,2.814956963112066e-15,7.498801211594834e-14,16.68899489695451,diag_5120,3.292538440316186,8.718749999999998,7.884472867533711,53
kms_10,10,Float64,true,taylor,realschur,0.004209702,0.00022947099999999997,0.000744,0.001668145,4.0e-8,0.0074758,25,0,3.828329224117195e-16,10.49982989309283,1,2.220446049250313e-16,1.805128092664626e-76,4.184525315481447e-75,16.68899489695451,diag_5120,3.292538440316186,8.718749999999998,7.884472867533711,256
kms_10,10,Float64,true,taylor,realschur,0.012526509,0.000338269,0.001081327,0.0034530179999999995,5.0e-8,0.018759509,25,0,3.828329224117195e-16,10.49982989309283,1,2.220446049250313e-16,1.722031197585374e-255,4.203610194954011e-254,16.68899489695451,diag_5120,3.292538440316186,8.718749999999998,7.884472867533711,851
lesp_10,10,Float64,false,scaling_and_squaring,NaN,NaN,NaN,NaN,NaN,NaN,3.7452e-5,NaN,NaN,NaN,NaN,NaN,2.220446049250313e-16,2.084832702992328e-15,2.612427737387611e-17,0.01080312886619892,diag_5120,51.98851071542212,7.30970817216349,6.694545265994159,53
lesp_10,10,Float64,false,diagonalcheap,transfree,0.0,0.000140671,0.0016073810000000002,0.001863581,0.000272083,0.004245911,17,2,0,10.72497451781742,27.94661084555525,2.220446049250313e-16,1.727321732594902e-15,1.814108677978266e-17,0.01080312886619892,diag_5120,51.98851071542212,7.30970817216349,6.694545265994159,53
lesp_10,10,Float64,false,diagonalcheap,transfree,0.0,8.930300000000001e-5,0.0017044340000000003,0.002016087,0.000371364,0.00456747,13,2,4.120790494672066e-18,10.72497451781743,27.62417865657607,2.220446049250313e-16,4.706170141546602e-25,4.867345444659488e-27,0.01080312886619892,diag_5120,51.98851071542212,7.30970817216349,6.694545265994159,256
lesp_10,10,Float64,false,diagonalcheap,transfree,0.0,8.8621e-5,0.001745756,0.030330692000000003,0.000682111,0.033291734,13,2,4.120790494672066e-18,10.72497451781743,27.62417865657607,2.220446049250313e-16,4.706170141546602e-25,4.867345444659488e-27,0.01080312886619892,diag_5120,51.98851071542212,7.30970817216349,6.694545265994159,851
lesp_10,10,Float64,false,diagonalcheap,complexschur,0.003190262,0.0014786509999999999,0.016609934,0.029446425,0.005475095,0.059329373,91,5,2.573941023143405e-16,1.343582720328481,1.283813944512657,2.220446049250313e-16,5.682941890861481e-15,7.458485257314926e-17,0.01080312886619892,diag_5120,51.98851071542212,7.30970817216349,6.694545265994159,53
lesp_10,10,Float64,false,diagonalcheap,complexschur,0.004682651,0.00011978,0.002420101,0.008364607999999999,0.002675323,0.02184486,13,2,4.25185252662754e-18,10.61977409125889,27.722297380327046,2.220446049250313e-16,9.092961829014555e-26,8.568112202798114e-28,0.01080312886619892,diag_5120,51.98851071542212,7.30970817216349,6.694545265994159,256
lesp_10,10,Float64,false,diagonalcheap,complexschur,0.012497513,0.00010933000000000001,0.0021649219999999992,0.008739045,0.00430754,0.031935957,13,2,4.25185252662754e-18,10.61977409125889,27.722297380327046,2.220446049250313e-16,9.092961829014555e-26,8.568112202798114e-28,0.01080312886619892,diag_5120,51.98851071542212,7.30970817216349,6.694545265994159,851
lesp_10,10,Float64,false,diagonalcheap,realschur,0.005339143,0.0012168020000000001,0.011344374999999999,0.007678719999999999,0.001672485,0.028412073,91,5,2.573941023143405e-16,1.343582720328481,1.283813944512657,2.220446049250313e-16,5.682941890861481e-15,7.458485257314926e-17,0.01080312886619892,diag_5120,51.98851071542212,7.30970817216349,6.694545265994159,53
lesp_10,10,Float64,false,diagonalcheap,realschur,0.009409507,9.4693e-5,0.0017456160000000002,0.0017173709999999999,0.000473951,0.014284437,13,2,4.25185252662754e-18,10.61977409125889,27.72229738032704,2.220446049250313e-16,9.092961829014555e-26,8.568112202798114e-28,0.01080312886619892,diag_5120,51.98851071542212,7.30970817216349,6.694545265994159,256
lesp_10,10,Float64,false,diagonalcheap,realschur,0.009817331,0.000130982,0.0025232410000000003,0.0044182019999999995,0.00131099,0.020021345,13,2,4.25185252662754e-18,10.61977409125889,27.72229738032704,2.220446049250313e-16,9.092961829014555e-26,8.568112202798114e-28,0.01080312886619892,diag_5120,51.98851071542212,7.30970817216349,6.694545265994159,851
lesp_10,10,Float64,false,taylor,transfree,0.0,0.000567051,0.002425423,0.003259363,0.000280058,0.007026156,30,2,0,9.738092719184028,1,2.220446049250313e-16,1.946847773418995e-16,2.195413799909569e-18,0.01080312886619892,diag_5120,51.98851071542212,7.30970817216349,6.694545265994159,53
lesp_10,10,Float64,false,taylor,transfree,0.0,0.000344022,0.0017923129999999998,0.002507141,0.000358218,0.005430168,30,2,1.63813735225363e-16,9.738092719184028,1,2.220446049250313e-16,1.949407742643735e-23,2.016151563998536e-25,0.01080312886619892,diag_5120,51.98851071542212,7.30970817216349,6.694545265994159,256
lesp_10,10,Float64,false,taylor,transfree,0.0,0.00027900699999999995,0.0012662230000000006,0.003033572,0.000708091,0.005687613,30,2,1.63813735225363e-16,9.738092719184028,1,2.220446049250313e-16,1.949407742643735e-23,2.016151563998536e-25,0.01080312886619892,diag_5120,51.98851071542212,7.30970817216349,6.694545265994159,851
lesp_10,10,Float64,false,taylor,complexschur,0.002475088,0.000937712,0.0024577179999999994,0.012360422000000001,0.002289711,0.023604403,56,2,0,9.650704321349973,1,2.220446049250313e-16,5.663937270663882e-15,7.458485257314926e-17,0.01080312886619892,diag_5120,51.98851071542212,7.30970817216349,6.694545265994159,53
lesp_10,10,Float64,false,taylor,complexschur,0.006257088,0.000847769,0.0029670349999999994,0.013027032999999999,0.003583007,0.029873322,30,2,1.645339392247473e-16,9.650704321349968,1,2.220446049250313e-16,3.770036732593336e-24,3.549047687844942e-26,0.01080312886619892,diag_5120,51.98851071542212,7.30970817216349,6.694545265994159,256
lesp_10,10,Float64,false,taylor,complexschur,0.009451668,0.00045804000000000005,0.001905944,0.010829846,0.003344017,0.029793589,30,2,1.645339392247473e-16,9.650704321349968,1,2.220446049250313e-16,3.770036732593336e-24,3.549047687844942e-26,0.01080312886619892,diag_5120,51.98851071542212,7.30970817216349,6.694545265994159,851
lesp_10,10,Float64,false,taylor,realschur,0.003499627,0.000526253,0.0013875380000000002,0.002861469,0.000313823,0.009281792,56,2,0,9.650704321349973,1,2.220446049250313e-16,5.663937270663882e-15,7.458485257314926e-17,0.01080312886619892,diag_5120,51.98851071542212,7.30970817216349,6.694545265994159,53
lesp_10,10,Float64,false,taylor,realschur,0.004513877,0.000300778,0.001122665,0.0019201519999999998,0.000406942,0.008996343,30,2,1.645339392247473e-16,9.650704321349968,1,2.220446049250313e-16,3.770036732593336e-24,3.549047687844942e-26,0.01080312886619892,diag_5120,51.98851071542212,7.30970817216349,6.694545265994159,256
lesp_10,10,Float64,false,taylor,realschur,0.013507364,0.000332699,0.001554419,0.0025240419999999998,0.000847058,0.020053908,30,2,1.645339392247473e-16,9.650704321349968,1,2.220446049250313e-16,3.770036732593336e-24,3.549047687844942e-26,0.01080312886619892,diag_5120,51.98851071542212,7.30970817216349,6.694545265994159,851
lotkin_10,10,Rational{Int64},false,scaling_and_squaring,NaN,NaN,NaN,NaN,NaN,NaN,2.6832e-5,NaN,NaN,NaN,NaN,NaN,2.220446049250313e-16,1.422830277170423e-16,1.891961112459659e-15,13.32017997457215,diag_5120,3.493049942322684,3.3822546773563918e13,2.7673395684266797e13,53
lotkin_10,10,Rational{Int64},false,diagonalcheap,transfree,0.0,0.0008596730000000001,0.003362471999999999,0.003514295,3.0e-8,0.008066436,43,0,0,13.32017997457215,5.302126278691714,2.220446049250313e-16,3.097461540066395e-16,3.953748734212471e-15,13.32017997457215,diag_5120,3.493049942322684,3.3822546773563918e13,2.7673395684266797e13,53
lotkin_10,10,Rational{Int64},false,diagonalcheap,transfree,0.0,0.00014499899999999999,0.0013985690000000001,0.0019996930000000003,3.0e-8,0.003891721,13,0,8.078524117762721e-24,13.32017997457215,5.421617906146216,2.220446049250313e-16,2.365471531456559e-25,3.18731315073083e-24,13.32017997457215,diag_5120,3.493049942322684,3.3822546773563918e13,2.7673395684266797e13,256
lotkin_10,10,Rational{Int64},false,diagonalcheap,transfree,0.0,0.000362246,0.001881096,0.005096507,9.0e-8,0.007800265,13,0,8.078524117762721e-24,13.32017997457215,5.421617906146216,2.220446049250313e-16,2.365471531456559e-25,3.18731315073083e-24,13.32017997457215,diag_5120,3.493049942322684,3.3822546773563918e13,2.7673395684266797e13,851
lotkin_10,10,Rational{Int64},false,diagonalcheap,complexschur,0.003450052,0.000206075,0.002319598,0.010333043,5.0e-8,0.019152697,17,0,0,11.34247442943037,5.240867788171361,2.220446049250313e-16,1.370168738477647e-15,2.473055870336318e-14,13.32017997457215,diag_5120,3.493049942322684,3.3822546773563918e13,2.7673395684266797e13,53
lotkin_10,10,Rational{Int64},false,diagonalcheap,complexschur,0.004747957,0.00017067900000000002,0.002883695000000001,0.010947694999999999,5.0e-8,0.021991905,13,0,2.684607775331114e-24,11.34247442943035,6.633301826117489,2.220446049250313e-16,1.135920044120547e-25,1.405419594675016e-24,13.32017997457215,diag_5120,3.493049942322684,3.3822546773563918e13,2.7673395684266797e13,256
lotkin_10,10,Rational{Int64},false,diagonalcheap,complexschur,0.008195434,0.00018476600000000003,0.0032323530000000003,0.012518253,5.0e-8,0.028784222,13,0,2.684607775331114e-24,11.34247442943035,6.633301826117489,2.220446049250313e-16,1.135920044120547e-25,1.405419594675016e-24,13.32017997457215,diag_5120,3.493049942322684,3.3822546773563918e13,2.7673395684266797e13,851
lotkin_10,10,Rational{Int64},false,diagonalcheap,realschur,0.002012278,0.000191427,0.0018336980000000004,0.001813165,4.0e-8,0.006440721,17,0,0,11.34247442943037,5.240867788171361,2.220446049250313e-16,1.370168738477647e-15,2.473055870336318e-14,13.32017997457215,diag_5120,3.493049942322684,3.3822546773563918e13,2.7673395684266797e13,53
lotkin_10,10,Rational{Int64},false,diagonalcheap,realschur,0.003751091,7.5746e-5,0.001237702,0.0014730099999999999,4.0e-8,0.007245298,13,0,2.684607775331114e-24,11.34247442943035,6.633301826117489,2.220446049250313e-16,1.135920044120547e-25,1.405419594675016e-24,13.32017997457215,diag_5120,3.493049942322684,3.3822546773563918e13,2.7673395684266797e13,256
lotkin_10,10,Rational{Int64},false,diagonalcheap,realschur,0.012636712,0.000142884,0.002928067,0.003669764,5.0e-8,0.021255419,13,0,2.684607775331114e-24,11.34247442943035,6.633301826117489,2.220446049250313e-16,1.135920044120547e-25,1.405419594675016e-24,13.32017997457215,diag_5120,3.493049942322684,3.3822546773563918e13,2.7673395684266797e13,851
lotkin_10,10,Rational{Int64},false,taylor,transfree,0.0,0.000353799,0.0006190090000000001,0.0016910809999999999,4.0e-8,0.002971662,25,0,0,10.2597363956153,1,2.220446049250313e-16,1.010098915138084e-16,1.638970102960274e-15,13.32017997457215,diag_5120,3.493049942322684,3.3822546773563918e13,2.7673395684266797e13,53
lotkin_10,10,Rational{Int64},false,taylor,transfree,0.0,0.000533546,0.0010113359999999998,0.003023752,1.2e-7,0.004998829,25,0,6.971544222371255e-17,10.25973639561529,1,2.220446049250313e-16,2.507527138288107e-18,3.378723488064479e-17,13.32017997457215,diag_5120,3.493049942322684,3.3822546773563918e13,2.7673395684266797e13,256
lotkin_10,10,Rational{Int64},false,taylor,transfree,0.0,0.001101729,0.0014682330000000002,0.0057111290000000006,8.0e-8,0.008947109,25,0,6.971544222371255e-17,10.25973639561529,1,2.220446049250313e-16,2.507527138288107e-18,3.378723488064479e-17,13.32017997457215,diag_5120,3.493049942322684,3.3822546773563918e13,2.7673395684266797e13,851
lotkin_10,10,Rational{Int64},false,taylor,complexschur,0.003272611,0.0013682219999999997,0.003542044,0.024734350999999998,0.001266905,0.038025396,90,1,0,3.367858791899456,1,2.220446049250313e-16,1.410182833850675e-15,2.411993603981934e-14,13.32017997457215,diag_5120,3.493049942322684,3.3822546773563918e13,2.7673395684266797e13,53
lotkin_10,10,Rational{Int64},false,taylor,complexschur,0.005282886,0.00045624699999999996,0.0015073769999999994,0.010801996,8.0e-8,0.021354189,25,0,2.845828733418287e-17,8.764712112115651,1,2.220446049250313e-16,1.204136384513493e-18,1.489820413167037e-17,13.32017997457215,diag_5120,3.493049942322684,3.3822546773563918e13,2.7673395684266797e13,256
lotkin_10,10,Rational{Int64},false,taylor,complexschur,0.006957625,0.000508147,0.0017462680000000003,0.010990766999999999,4.0e-8,0.022690017,25,0,2.845828733418287e-17,8.764712112115651,1,2.220446049250313e-16,1.204136384513493e-18,1.489820413167037e-17,13.32017997457215,diag_5120,3.493049942322684,3.3822546773563918e13,2.7673395684266797e13,851
lotkin_10,10,Rational{Int64},false,taylor,realschur,0.001850848,0.0005407210000000001,0.001398536,0.0036543470000000005,0.000164006,0.008290967,90,1,0,3.367858791899456,1,2.220446049250313e-16,1.410182833850675e-15,2.411993603981934e-14,13.32017997457215,diag_5120,3.493049942322684,3.3822546773563918e13,2.7673395684266797e13,53
lotkin_10,10,Rational{Int64},false,taylor,realschur,0.002925795,0.00023348,0.0008241319999999999,0.0025510959999999997,1.81e-7,0.007619877,25,0,2.845828733418287e-17,8.764712112115651,1,2.220446049250313e-16,1.204136384513493e-18,1.489820413167037e-17,13.32017997457215,diag_5120,3.493049942322684,3.3822546773563918e13,2.7673395684266797e13,256
lotkin_10,10,Rational{Int64},false,taylor,realschur,0.01027413,0.000234884,0.0009279619999999998,0.00222101,4.0e-8,0.014799589,25,0,2.845828733418287e-17,8.764712112115651,1,2.220446049250313e-16,1.204136384513493e-18,1.489820413167037e-17,13.32017997457215,diag_5120,3.493049942322684,3.3822546773563918e13,2.7673395684266797e13,851
orthog_10_1,10,Float64,true,scaling_and_squaring,NaN,NaN,NaN,NaN,NaN,NaN,6.5877e-5,NaN,NaN,NaN,NaN,NaN,2.220446049250313e-16,9.832820216808825e-16,7.301635978270048e-15,5.028359662476911,diag_5120,1.401437683265231,8.795300014310591,1.0000000000000007,53
orthog_10_1,10,Float64,true,diagonalcheap,transfree,0.001177393,0.0,0.0,0.0,0.0,0.001679278,NaN,NaN,NaN,NaN,NaN,2.220446049250313e-16,5.146066213809635e-16,3.455497091847032e-15,5.028359662476911,diag_5120,1.401437683265231,8.795300014310591,1.0000000000000007,53
orthog_10_1,10,Float64,true,diagonalcheap,transfree,0.004316507,0.0,0.0,0.0,0.0,0.00492116,NaN,NaN,NaN,NaN,NaN,2.220446049250313e-16,6.798665703155006e-77,4.910806325710188e-76,5.028359662476911,diag_5120,1.401437683265231,8.795300014310591,1.0000000000000007,256
orthog_10_1,10,Float64,true,diagonalcheap,transfree,0.017077939,0.0,0.0,0.0,0.0,0.018666763,NaN,NaN,NaN,NaN,NaN,2.220446049250313e-16,4.037373541889749e-256,3.946773793586167e-255,5.028359662476911,diag_5120,1.401437683265231,8.795300014310591,1.0000000000000007,851
orthog_10_1,10,Float64,true,diagonalcheap,complexschur,0.001236117,1.8740000000000002e-6,0.001084724,0.004156961,4.0e-8,0.008952159,7,0,3.69623636082573e-16,2.718281828459047,2.7182818284590473,2.220446049250313e-16,9.181673352525134e-16,6.740060346734342e-15,5.028359662476911,diag_5120,1.401437683265231,8.795300014310591,1.0000000000000007,53
orthog_10_1,10,Float64,true,diagonalcheap,complexschur,0.005703113,3.077e-6,0.0022026039999999995,0.006834277000000001,3.0e-8,0.016801688,9,0,4.657588358181991e-22,2.718281828459047,2.718281828459047,2.220446049250313e-16,1.417603822926807e-76,1.21094962513358e-75,5.028359662476911,diag_5120,1.401437683265231,8.795300014310591,1.0000000000000007,256
orthog_10_1,10,Float64,true,diagonalcheap,complexschur,0.006865227,2.6150000000000004e-6,0.0015414220000000002,0.005406204,4.1e-8,0.01751052,9,0,4.657588358181991e-22,2.718281828459047,2.718281828459047,2.220446049250313e-16,1.400343114072922e-255,1.187855220773992e-254,5.028359662476911,diag_5120,1.401437683265231,8.795300014310591,1.0000000000000007,851
orthog_10_1,10,Float64,true,diagonalcheap,realschur,0.001126786,2.0649999999999997e-6,0.0012993370000000002,0.00193495,4.0e-8,0.005296622,7,0,3.69623636082573e-16,2.718281828459047,2.7182818284590473,2.220446049250313e-16,9.181673352525134e-16,6.740060346734342e-15,5.028359662476911,diag_5120,1.401437683265231,8.795300014310591,1.0000000000000007,53
orthog_10_1,10,Float64,true,diagonalcheap,realschur,0.005897888,2.675e-6,0.0014328659999999999,0.001470656,4.0e-8,0.009637235,9,0,4.657588358181991e-22,2.718281828459047,2.718281828459047,2.220446049250313e-16,1.417603822926807e-76,1.21094962513358e-75,5.028359662476911,diag_5120,1.401437683265231,8.795300014310591,1.0000000000000007,256
orthog_10_1,10,Float64,true,diagonalcheap,realschur,0.007404934,2.757e-6,0.0013368789999999996,0.032993053,3.0e-8,0.042672949,9,0,4.657588358181991e-22,2.718281828459047,2.718281828459047,2.220446049250313e-16,1.400343114072922e-255,1.187855220773992e-254,5.028359662476911,diag_5120,1.401437683265231,8.795300014310591,1.0000000000000007,851
orthog_10_1,10,Float64,true,taylor,transfree,0.001162725,0.0,0.0,0.0,0.0,0.001687664,NaN,NaN,NaN,NaN,NaN,2.220446049250313e-16,5.146066213809635e-16,3.455497091847032e-15,5.028359662476911,diag_5120,1.401437683265231,8.795300014310591,1.0000000000000007,53
orthog_10_1,10,Float64,true,taylor,transfree,0.00487961,0.0,0.0,0.0,0.0,0.005500774,NaN,NaN,NaN,NaN,NaN,2.220446049250313e-16,6.798665703155006e-77,4.910806325710188e-76,5.028359662476911,diag_5120,1.401437683265231,8.795300014310591,1.0000000000000007,256
orthog_10_1,10,Float64,true,taylor,transfree,0.015417206,0.0,0.0,0.0,0.0,0.016955673,NaN,NaN,NaN,NaN,NaN,2.220446049250313e-16,4.037373541889749e-256,3.946773793586167e-255,5.028359662476911,diag_5120,1.401437683265231,8.795300014310591,1.0000000000000007,851
orthog_10_1,10,Float64,true,taylor,complexschur,0.001570529,0.0010275039999999998,0.003225805,0.015615404000000003,0.000893267,0.025428381,90,1,2.220446049250313e-16,1.648721270687366,1,2.220446049250313e-16,9.181673352525134e-16,6.740060346734342e-15,5.028359662476911,diag_5120,1.401437683265231,8.795300014310591,1.0000000000000007,53
orthog_10_1,10,Float64,true,taylor,complexschur,0.005726808,0.00046692699999999996,0.0014717510000000003,0.006327622,9.1e-8,0.017069903,20,0,2.05029806862468e-20,2.666666666666667,1,2.220446049250313e-16,1.417603822926807e-76,1.21094962513358e-75,5.028359662476911,diag_5120,1.401437683265231,8.795300014310591,1.0000000000000007,256
orthog_10_1,10,Float64,true,taylor,complexschur,0.011503423,0.00041172199999999995,0.0014823590000000002,0.006807055,4.0e-8,0.022576138,20,0,2.05029806862468e-20,2.666666666666667,1,2.220446049250313e-16,1.400343114072922e-255,1.187855220773992e-254,5.028359662476911,diag_5120,1.401437683265231,8.795300014310591,1.0000000000000007,851
orthog_10_1,10,Float64,true,taylor,realschur,0.000876655,0.0006174649999999999,0.0020737019999999998,0.005865708,0.000279417,0.010749695,90,1,2.220446049250313e-16,1.648721270687366,1,2.220446049250313e-16,9.181673352525134e-16,6.740060346734342e-15,5.028359662476911,diag_5120,1.401437683265231,8.795300014310591,1.0000000000000007,53
orthog_10_1,10,Float64,true,taylor,realschur,0.00552488,0.000223449,0.0007710330000000001,0.0014185449999999998,3.0e-8,0.00869271,20,0,2.05029806862468e-20,2.666666666666667,1,2.220446049250313e-16,1.417603822926807e-76,1.21094962513358e-75,5.028359662476911,diag_5120,1.401437683265231,8.795300014310591,1.0000000000000007,256
orthog_10_1,10,Float64,true,taylor,realschur,0.010268409,0.00036041400000000004,0.0012877959999999997,0.0029946160000000003,4.0e-8,0.015966272,20,0,2.05029806862468e-20,2.666666666666667,1,2.220446049250313e-16,1.400343114072922e-255,1.187855220773992e-254,5.028359662476911,diag_5120,1.401437683265231,8.795300014310591,1.0000000000000007,851
orthog_10_2,10,Float64,true,scaling_and_squaring,NaN,NaN,NaN,NaN,NaN,NaN,6.9965e-5,NaN,NaN,NaN,NaN,NaN,2.220446049250313e-16,1.121496121645038e-15,8.082715990204315e-15,4.965167063499091,diag_5120,1.401437683265231,8.47925117194573,1.0000000000000007,53
orthog_10_2,10,Float64,true,diagonalcheap,transfree,0.001500754,0.0,0.0,0.0,0.0,0.002275935,NaN,NaN,NaN,NaN,NaN,2.220446049250313e-16,5.797609325663818e-16,3.448492731840327e-15,4.965167063499091,diag_5120,1.401437683265231,8.47925117194573,1.0000000000000007,53
orthog_10_2,10,Float64,true,diagonalcheap,transfree,0.006263791,0.0,0.0,0.0,0.0,0.007182617,NaN,NaN,NaN,NaN,NaN,2.220446049250313e-16,4.321810067923697e-77,3.768524698401049e-76,4.965167063499091,diag_5120,1.401437683265231,8.47925117194573,1.0000000000000007,256
orthog_10_2,10,Float64,true,diagonalcheap,transfree,0.016841915,0.0,0.0,0.0,0.0,0.018243349,NaN,NaN,NaN,NaN,NaN,2.220446049250313e-16,4.721587820532668e-256,3.684824890858097e-255,4.965167063499091,diag_5120,1.401437683265231,8.47925117194573,1.0000000000000007,851
orthog_10_2,10,Float64,true,diagonalcheap,complexschur,0.002355668,2.365e-6,0.002440953,0.006828054,2.7e-7,0.014245815,9,0,0,2.71828182845905,2.718281828459049,2.220446049250313e-16,1.428945574213522e-15,1.246129777545383e-14,4.965167063499091,diag_5120,1.401437683265231,8.47925117194573,1.0000000000000007,53
orthog_10_2,10,Float64,true,diagonalcheap,complexschur,0.004706998,2.905e-6,0.0018067030000000004,0.007123292000000001,4.0e-8,0.016426997,9,0,4.657588358182052e-22,2.718281828459047,2.7182818284590478,2.220446049250313e-16,1.345180482655401e-76,9.325313079401183e-76,4.965167063499091,diag_5120,1.401437683265231,8.47925117194573,1.0000000000000007,256
orthog_10_2,10,Float64,true,diagonalcheap,complexschur,0.00980041,3.1050000000000003e-6,0.00148877,0.005573706,3.0e-8,0.019116587,9,0,4.657588358182052e-22,2.718281828459047,2.7182818284590478,2.220446049250313e-16,1.423218253900489e-255,1.26716234134523e-254,4.965167063499091,diag_5120,1.401437683265231,8.47925117194573,1.0000000000000007,851
orthog_10_2,10,Float64,true,diagonalcheap,realschur,0.001486317,1.9540000000000003e-6,0.0009524190000000001,0.001069316,3.0e-8,0.004124419,9,0,0,2.718281828459049,2.7182818284590495,2.220446049250313e-16,1.428945574213522e-15,1.246129777545383e-14,4.965167063499091,diag_5120,1.401437683265231,8.47925117194573,1.0000000000000007,53
orthog_10_2,10,Float64,true,diagonalcheap,realschur,0.005111897,3.188e-6,0.001817703,0.0022072240000000003,4.0e-8,0.0101695,9,0,4.657588358182052e-22,2.718281828459047,2.7182818284590478,2.220446049250313e-16,1.345180482655401e-76,9.325313079401183e-76,4.965167063499091,diag_5120,1.401437683265231,8.47925117194573,1.0000000000000007,256
orthog_10_2,10,Float64,true,diagonalcheap,realschur,0.009777897,2.7359999999999997e-6,0.001356557,0.001793648,1.8e-7,0.013929247,9,0,4.657588358182052e-22,2.718281828459047,2.7182818284590478,2.220446049250313e-16,1.423218253900489e-255,1.26716234134523e-254,4.965167063499091,diag_5120,1.401437683265231,8.47925117194573,1.0000000000000007,851
orthog_10_2,10,Float64,true,taylor,transfree,0.001147476,0.0,0.0,0.0,0.0,0.001704226,NaN,NaN,NaN,NaN,NaN,2.220446049250313e-16,5.797609325663818e-16,3.448492731840327e-15,4.965167063499091,diag_5120,1.401437683265231,8.47925117194573,1.0000000000000007,53
orthog_10_2,10,Float64,true,taylor,transfree,0.004293284,0.0,0.0,0.0,0.0,0.004928124,NaN,NaN,NaN,NaN,NaN,2.220446049250313e-16,4.321810067923697e-77,3.768524698401049e-76,4.965167063499091,diag_5120,1.401437683265231,8.47925117194573,1.0000000000000007,256
orthog_10_2,10,Float64,true,taylor,transfree,0.019426295,0.0,0.0,0.0,0.0,0.020678763,NaN,NaN,NaN,NaN,NaN,2.220446049250313e-16,4.721587820532668e-256,3.684824890858097e-255,4.965167063499091,diag_5120,1.401437683265231,8.47925117194573,1.0000000000000007,851
orthog_10_2,10,Float64,true,taylor,complexschur,0.001575469,0.0008435929999999999,0.0032700459999999995,0.016448380999999998,0.003822228,0.029191457,90,3,2.220446049250313e-16,1.133148453066826,1,2.220446049250313e-16,1.428945574213522e-15,1.246129777545383e-14,4.965167063499091,diag_5120,1.401437683265231,8.47925117194573,1.0000000000000007,53
orthog_10_2,10,Float64,true,taylor,complexschur,0.004284697,0.000315455,0.0009452649999999998,0.005217761,4.0e-8,0.012742947,20,0,2.050298068624699e-20,2.666666666666668,1,2.220446049250313e-16,1.345180482655401e-76,9.325313079401183e-76,4.965167063499091,diag_5120,1.401437683265231,8.47925117194573,1.0000000000000007,256
orthog_10_2,10,Float64,true,taylor,complexschur,0.009630885,0.000502416,0.0016406049999999996,0.00853659,4.0e-8,0.022855848,20,0,2.050298068624699e-20,2.666666666666668,1,2.220446049250313e-16,1.423218253900489e-255,1.26716234134523e-254,4.965167063499091,diag_5120,1.401437683265231,8.47925117194573,1.0000000000000007,851
orthog_10_2,10,Float64,true,taylor,realschur,0.002641447,0.0009279350000000002,0.0040720240000000005,0.0055514150000000005,0.000494871,0.014619755,90,3,2.220446049250313e-16,1.133148453066826,1,2.220446049250313e-16,1.428945574213522e-15,1.246129777545383e-14,4.965167063499091,diag_5120,1.401437683265231,8.47925117194573,1.0000000000000007,53
orthog_10_2,10,Float64,true,taylor,realschur,0.003078087,0.00023491400000000002,0.0007174000000000001,0.001425839,4.0e-8,0.00612276,20,0,2.050298068624699e-20,2.666666666666668,1,2.220446049250313e-16,1.345180482655401e-76,9.325313079401183e-76,4.965167063499091,diag_5120,1.401437683265231,8.47925117194573,1.0000000000000007,256
orthog_10_2,10,Float64,true,taylor,realschur,0.006427195,0.000424789,0.001276222,0.003370049,4.0e-8,0.013007315,20,0,2.050298068624699e-20,2.666666666666668,1,2.220446049250313e-16,1.423218253900489e-255,1.26716234134523e-254,4.965167063499091,diag_5120,1.401437683265231,8.47925117194573,1.0000000000000007,851
orthog_10_5,10,Float64,true,scaling_and_squaring,NaN,NaN,NaN,NaN,NaN,NaN,8.1216e-5,NaN,NaN,NaN,NaN,NaN,2.220446049250313e-16,8.247940918824389e-16,5.402633468099208e-15,5.259393115678251,diag_5120,1.401437683265231,10.000000000000005,1.000000000000001,53
orthog_10_5,10,Float64,true,diagonalcheap,transfree,0.001919881,0.0,0.0,0.0,0.0,0.002639955,NaN,NaN,NaN,NaN,NaN,2.220446049250313e-16,5.644191662907933e-16,4.606059598118712e-15,5.259393115678251,diag_5120,1.401437683265231,10.000000000000005,1.000000000000001,53
orthog_10_5,10,Float64,true,diagonalcheap,transfree,0.005543156,0.0,0.0,0.0,0.0,0.006514674,NaN,NaN,NaN,NaN,NaN,2.220446049250313e-16,5.970153703663145e-77,4.22252734428953e-76,5.259393115678251,diag_5120,1.401437683265231,10.000000000000005,1.000000000000001,256
orthog_10_5,10,Float64,true,diagonalcheap,transfree,0.01892446,0.0,0.0,0.0,0.0,0.020163102,NaN,NaN,NaN,NaN,NaN,2.220446049250313e-16,5.554858057387963e-256,3.903260818819507e-255,5.259393115678251,diag_5120,1.401437683265231,10.000000000000005,1.000000000000001,851
orthog_10_5,10,Float64,true,diagonalcheap,complexschur,0.001229825,1.5630000000000001e-6,0.0011607520000000001,0.004508548,4.0e-8,0.008625441,7,0,3.696236360825731e-16,2.718281828459048,2.7182818284590473,2.220446049250313e-16,8.574421690652359e-16,7.936371292191483e-15,5.259393115678251,diag_5120,1.401437683265231,10.000000000000005,1.000000000000001,53
orthog_10_5,10,Float64,true,diagonalcheap,complexschur,0.005187091,2.886e-6,0.002271987,0.0077510899999999995,4.0e-8,0.017861156,9,0,4.657588358182051e-22,2.718281828459047,2.7182818284590473,2.220446049250313e-16,1.27910687838738e-76,1.082844852581027e-75,5.259393115678251,diag_5120,1.401437683265231,10.000000000000005,1.000000000000001,256
orthog_10_5,10,Float64,true,diagonalcheap,complexschur,0.007091803,2.304e-6,0.001483603,0.005384883,4.0e-8,0.017440147,9,0,4.657588358182051e-22,2.718281828459047,2.7182818284590473,2.220446049250313e-16,1.503591938999209e-255,1.471920202726789e-254,5.259393115678251,diag_5120,1.401437683265231,10.000000000000005,1.000000000000001,851
orthog_10_5,10,Float64,true,diagonalcheap,realschur,0.001983413,2.183e-6,0.0013611589999999998,0.001896004,5.0e-8,0.006204047,7,0,3.696236360825731e-16,2.718281828459048,2.7182818284590473,2.220446049250313e-16,8.574421690652359e-16,7.936371292191483e-15,5.259393115678251,diag_5120,1.401437683265231,10.000000000000005,1.000000000000001,53
orthog_10_5,10,Float64,true,diagonalcheap,realschur,0.004325255,2.896e-6,0.001589763,0.001606439,4.0e-8,0.008462788,9,0,4.657588358182051e-22,2.718281828459047,2.7182818284590473,2.220446049250313e-16,1.27910687838738e-76,1.082844852581027e-75,5.259393115678251,diag_5120,1.401437683265231,10.000000000000005,1.000000000000001,256
orthog_10_5,10,Float64,true,diagonalcheap,realschur,0.011769555,2.284e-6,0.0014901130000000002,0.002828669,8.0e-8,0.017669848,9,0,4.657588358182051e-22,2.718281828459047,2.7182818284590473,2.220446049250313e-16,1.503591938999209e-255,1.471920202726789e-254,5.259393115678251,diag_5120,1.401437683265231,10.000000000000005,1.000000000000001,851
orthog_10_5,10,Float64,true,taylor,transfree,0.001420471,0.0,0.0,0.0,0.0,0.001990847,NaN,NaN,NaN,NaN,NaN,2.220446049250313e-16,5.644191662907933e-16,4.606059598118712e-15,5.259393115678251,diag_5120,1.401437683265231,10.000000000000005,1.000000000000001,53
orthog_10_5,10,Float64,true,taylor,transfree,0.004340664,0.0,0.0,0.0,0.0,0.004981827,NaN,NaN,NaN,NaN,NaN,2.220446049250313e-16,5.970153703663145e-77,4.22252734428953e-76,5.259393115678251,diag_5120,1.401437683265231,10.000000000000005,1.000000000000001,256
orthog_10_5,10,Float64,true,taylor,transfree,0.017698864,0.0,0.0,0.0,0.0,0.018696421,NaN,NaN,NaN,NaN,NaN,2.220446049250313e-16,5.554858057387963e-256,3.903260818819507e-255,5.259393115678251,diag_5120,1.401437683265231,10.000000000000005,1.000000000000001,851
orthog_10_5,10,Float64,true,taylor,complexschur,0.00115468,0.00035487500000000005,0.0009009790000000002,0.0051929969999999995,4.0e-8,0.009364512,20,0,4.440892098500626e-16,2.666666666666669,1,2.220446049250313e-16,8.574421690652359e-16,7.936371292191483e-15,5.259393115678251,diag_5120,1.401437683265231,10.000000000000005,1.000000000000001,53
orthog_10_5,10,Float64,true,taylor,complexschur,0.00304847,0.000431378,0.0010695150000000005,0.008094121,4.0e-8,0.015996852,20,0,2.050298068624709e-20,2.666666666666668,1,2.220446049250313e-16,1.27910687838738e-76,1.082844852581027e-75,5.259393115678251,diag_5120,1.401437683265231,10.000000000000005,1.000000000000001,256
orthog_10_5,10,Float64,true,taylor,complexschur,0.009393298,0.00043158,0.0011871899999999999,0.006149683,3.0e-8,0.019511449,20,0,2.050298068624709e-20,2.666666666666668,1,2.220446049250313e-16,1.503591938999209e-255,1.471920202726789e-254,5.259393115678251,diag_5120,1.401437683265231,10.000000000000005,1.000000000000001,851
orthog_10_5,10,Float64,true,taylor,realschur,0.001123189,0.000237106,0.000699145,0.00204345,4.0e-8,0.005016563,20,0,4.440892098500626e-16,2.666666666666669,1,2.220446049250313e-16,8.574421690652359e-16,7.936371292191483e-15,5.259393115678251,diag_5120,1.401437683265231,10.000000000000005,1.000000000000001,53
orthog_10_5,10,Float64,true,taylor,realschur,0.00536833,0.000379411,0.0010823080000000001,0.002588296,5.0e-8,0.010297275,20,0,2.050298068624709e-20,2.666666666666668,1,2.220446049250313e-16,1.27910687838738e-76,1.082844852581027e-75,5.259393115678251,diag_5120,1.401437683265231,10.000000000000005,1.000000000000001,256
orthog_10_5,10,Float64,true,taylor,realschur,0.01013809,0.000447159,0.0015431660000000001,0.0037506610000000006,7.0e-8,0.017062801,20,0,2.050298068624709e-20,2.666666666666668,1,2.220446049250313e-16,1.503591938999209e-255,1.471920202726789e-254,5.259393115678251,diag_5120,1.401437683265231,10.000000000000005,1.000000000000001,851
orthog_10_6,10,Float64,true,scaling_and_squaring,NaN,NaN,NaN,NaN,NaN,NaN,7.2399e-5,NaN,NaN,NaN,NaN,NaN,2.220446049250313e-16,8.015938390890177e-16,6.322566377053473e-15,4.97650567230082,diag_5120,1.401437683265232,8.535533905932741,1.000000000000001,53
orthog_10_6,10,Float64,true,diagonalcheap,transfree,0.001283337,0.0,0.0,0.0,0.0,0.002064508,NaN,NaN,NaN,NaN,NaN,2.220446049250313e-16,6.452585237540154e-16,5.343214665479889e-15,4.97650567230082,diag_5120,1.401437683265232,8.535533905932741,1.000000000000001,53
orthog_10_6,10,Float64,true,diagonalcheap,transfree,0.006379805,0.0,0.0,0.0,0.0,0.007288161,NaN,NaN,NaN,NaN,NaN,2.220446049250313e-16,6.465412394403985e-77,5.130477527586178e-76,4.97650567230082,diag_5120,1.401437683265232,8.535533905932741,1.000000000000001,256
orthog_10_6,10,Float64,true,diagonalcheap,transfree,0.015446975,0.0,0.0,0.0,0.0,0.017048925,NaN,NaN,NaN,NaN,NaN,2.220446049250313e-16,3.786609610152638e-256,3.12954513965215e-255,4.97650567230082,diag_5120,1.401437683265232,8.535533905932741,1.000000000000001,851
orthog_10_6,10,Float64,true,diagonalcheap,complexschur,0.00188842,2.876e-6,0.0013191340000000002,0.004675138,3.0e-8,0.009861969,9,0,0,2.718281828459049,2.718281828459048,2.220446049250313e-16,6.123224562938833e-16,3.875451875498787e-15,4.97650567230082,diag_5120,1.401437683265232,8.535533905932741,1.000000000000001,53
orthog_10_6,10,Float64,true,diagonalcheap,complexschur,0.00308973,1.993e-6,0.00124309,0.004442161,4.0e-8,0.010566794,9,0,4.657588358182031e-22,2.718281828459047,2.7182818284590473,2.220446049250313e-16,2.444899651996873e-76,2.162762103798853e-75,4.97650567230082,diag_5120,1.401437683265232,8.535533905932741,1.000000000000001,256
orthog_10_6,10,Float64,true,diagonalcheap,complexschur,0.010932497,3.816e-6,0.0024599800000000005,0.009683034,4.0e-8,0.026585608,9,0,4.657588358182031e-22,2.718281828459047,2.7182818284590473,2.220446049250313e-16,1.101510253366144e-255,8.098698746046959e-255,4.97650567230082,diag_5120,1.401437683265232,8.535533905932741,1.000000000000001,851
orthog_10_6,10,Float64,true,diagonalcheap,realschur,0.002151837,2.3550000000000003e-6,0.0013095480000000002,0.00171703,5.0e-8,0.006173909,9,0,0,2.718281828459049,2.718281828459048,2.220446049250313e-16,6.123224562938833e-16,3.875451875498787e-15,4.97650567230082,diag_5120,1.401437683265232,8.535533905932741,1.000000000000001,53
orthog_10_6,10,Float64,true,diagonalcheap,realschur,0.004901804,2.2959999999999997e-6,0.001731233,0.002166528,9.0e-8,0.010047375,9,0,4.657588358182031e-22,2.718281828459047,2.7182818284590473,2.220446049250313e-16,2.444899651996873e-76,2.162762103798853e-75,4.97650567230082,diag_5120,1.401437683265232,8.535533905932741,1.000000000000001,256
orthog_10_6,10,Float64,true,diagonalcheap,realschur,0.011760368,2.446e-6,0.0015574129999999997,0.0028040409999999997,5.0e-8,0.017440488,9,0,4.657588358182031e-22,2.718281828459047,2.7182818284590473,2.220446049250313e-16,1.101510253366144e-255,8.098698746046959e-255,4.97650567230082,diag_5120,1.401437683265232,8.535533905932741,1.000000000000001,851
orthog_10_6,10,Float64,true,taylor,transfree,0.001504542,0.0,0.0,0.0,0.0,0.002359977,NaN,NaN,NaN,NaN,NaN,2.220446049250313e-16,6.452585237540154e-16,5.343214665479889e-15,4.97650567230082,diag_5120,1.401437683265232,8.535533905932741,1.000000000000001,53
orthog_10_6,10,Float64,true,taylor,transfree,0.006510867,0.0,0.0,0.0,0.0,0.007458979,NaN,NaN,NaN,NaN,NaN,2.220446049250313e-16,6.465412394403985e-77,5.130477527586178e-76,4.97650567230082,diag_5120,1.401437683265232,8.535533905932741,1.000000000000001,256
orthog_10_6,10,Float64,true,taylor,transfree,0.017485574,0.0,0.0,0.0,0.0,0.018927846,NaN,NaN,NaN,NaN,NaN,2.220446049250313e-16,3.786609610152638e-256,3.12954513965215e-255,4.97650567230082,diag_5120,1.401437683265232,8.535533905932741,1.000000000000001,851
orthog_10_6,10,Float64,true,taylor,complexschur,0.002004543,0.0012981450000000003,0.004844672000000004,0.04542778200000001,0.001931553,0.057685594,90,3,2.220446049250313e-16,1.133148453066826,1,2.220446049250313e-16,6.123224562938833e-16,3.875451875498787e-15,4.97650567230082,diag_5120,1.401437683265232,8.535533905932741,1.000000000000001,53
orthog_10_6,10,Float64,true,taylor,complexschur,0.002989336,0.000351016,0.0010168850000000001,0.005208663,3.0e-8,0.011389826,20,0,2.050298068624699e-20,2.666666666666668,1,2.220446049250313e-16,2.444899651996873e-76,2.162762103798853e-75,4.97650567230082,diag_5120,1.401437683265232,8.535533905932741,1.000000000000001,256
orthog_10_6,10,Float64,true,taylor,complexschur,0.009647316,0.000496495,0.0017363660000000003,0.008532545,4.0e-8,0.022716189,20,0,2.050298068624699e-20,2.666666666666668,1,2.220446049250313e-16,1.101510253366144e-255,8.098698746046959e-255,4.97650567230082,diag_5120,1.401437683265232,8.535533905932741,1.000000000000001,851
orthog_10_6,10,Float64,true,taylor,realschur,0.001420661,0.0006439589999999998,0.003217174999999999,0.004057548,0.000455065,0.010574197,90,3,2.220446049250313e-16,1.133148453066826,1,2.220446049250313e-16,6.123224562938833e-16,3.875451875498787e-15,4.97650567230082,diag_5120,1.401437683265232,8.535533905932741,1.000000000000001,53
orthog_10_6,10,Float64,true,taylor,realschur,0.004990614,0.000348079,0.0013734069999999997,0.0028164540000000004,4.0e-8,0.01061714,20,0,2.050298068624699e-20,2.666666666666668,1,2.220446049250313e-16,2.444899651996873e-76,2.162762103798853e-75,4.97650567230082,diag_5120,1.401437683265232,8.535533905932741,1.000000000000001,256
orthog_10_6,10,Float64,true,taylor,realschur,0.0087546,0.000356765,0.0012556359999999999,0.003298829,4.0e-8,0.015239236,20,0,2.050298068624699e-20,2.666666666666668,1,2.220446049250313e-16,1.101510253366144e-255,8.098698746046959e-255,4.97650567230082,diag_5120,1.401437683265232,8.535533905932741,1.000000000000001,851
orthog_10_-1,10,Float64,true,scaling_and_squaring,NaN,NaN,NaN,NaN,NaN,NaN,6.3152e-5,NaN,NaN,NaN,NaN,NaN,2.220446049250313e-16,1.281754523536287e-15,5.401605130848691e-14,58.58556268626876,diag_5120,6.558348997237998,13.333333333333336,1.5906672908862565,53
orthog_10_-1,10,Float64,true,diagonalcheap,transfree,0.001413547,0.0,0.0,0.0,0.0,0.001963584,NaN,NaN,NaN,NaN,NaN,2.220446049250313e-16,1.001365639650071e-15,5.271884370631576e-14,58.58556268626876,diag_5120,6.558348997237998,13.333333333333336,1.5906672908862565,53
orthog_10_-1,10,Float64,true,diagonalcheap,transfree,0.003653453,0.0,0.0,0.0,0.0,0.004384779,NaN,NaN,NaN,NaN,NaN,2.220446049250313e-16,8.874167149348027e-77,4.014353611176766e-75,58.58556268626876,diag_5120,6.558348997237998,13.333333333333336,1.5906672908862565,256
orthog_10_-1,10,Float64,true,diagonalcheap,transfree,0.014264263,0.0,0.0,0.0,0.0,0.015861293,NaN,NaN,NaN,NaN,NaN,2.220446049250313e-16,7.582875659368593e-256,5.687206230531876e-254,58.58556268626876,diag_5120,6.558348997237998,13.333333333333336,1.5906672908862565,851
orthog_10_-1,10,Float64,true,diagonalcheap,complexschur,0.002269994,0.00040792499999999995,0.002688789999999999,0.007993165,4.0e-8,0.015147431,21,0,0,29.20426861373043,29.204268613730434,2.220446049250313e-16,2.158384873083775e-15,1.406485072566282e-13,58.58556268626876,diag_5120,6.558348997237998,13.333333333333336,1.5906672908862565,53
orthog_10_-1,10,Float64,true,diagonalcheap,complexschur,0.004470484,0.000169736,0.0027377649999999996,0.009191741,7.0e-8,0.01859572,13,0,5.22830237775881e-20,29.2042686137305,29.20426861373051,2.220446049250313e-16,1.469125501795804e-76,8.379273760292126e-75,58.58556268626876,diag_5120,6.558348997237998,13.333333333333336,1.5906672908862565,256
orthog_10_-1,10,Float64,true,diagonalcheap,complexschur,0.007118525,0.00011682399999999999,0.0019275299999999996,0.007453708,5.1e-8,0.02036478,13,0,5.22830237775881e-20,29.2042686137305,29.20426861373051,2.220446049250313e-16,1.718621392800977e-255,5.869798045971601e-254,58.58556268626876,diag_5120,6.558348997237998,13.333333333333336,1.5906672908862565,851
orthog_10_-1,10,Float64,true,diagonalcheap,realschur,0.002276226,0.000320136,0.0027649639999999995,0.0033684270000000002,4.0e-8,0.009660272,21,0,0,29.20426861373043,29.204268613730434,2.220446049250313e-16,2.158384873083775e-15,1.406485072566282e-13,58.58556268626876,diag_5120,6.558348997237998,13.333333333333336,1.5906672908862565,53
orthog_10_-1,10,Float64,true,diagonalcheap,realschur,0.002951303,7.8139e-5,0.0012991979999999999,0.0016585480000000001,9.0e-8,0.006856442,13,0,5.22830237775881e-20,29.20426861373049,29.20426861373051,2.220446049250313e-16,1.469125501795804e-76,8.379273760292126e-75,58.58556268626876,diag_5120,6.558348997237998,13.333333333333336,1.5906672908862565,256
orthog_10_-1,10,Float64,true,diagonalcheap,realschur,0.007297179,8.7149e-5,0.0014608109999999998,0.002110237,4.0e-8,0.012122436,13,0,5.22830237775881e-20,29.20426861373049,29.20426861373051,2.220446049250313e-16,1.718621392800977e-255,5.869798045971601e-254,58.58556268626876,diag_5120,6.558348997237998,13.333333333333336,1.5906672908862565,851
orthog_10_-1,10,Float64,true,taylor,transfree,0.002704308,0.0,0.0,0.0,0.0,0.0036046,NaN,NaN,NaN,NaN,NaN,2.220446049250313e-16,1.001365639650071e-15,5.271884370631576e-14,58.58556268626876,diag_5120,6.558348997237998,13.333333333333336,1.5906672908862565,53
orthog_10_-1,10,Float64,true,taylor,transfree,0.006783431,0.0,0.0,0.0,0.0,0.007897052,NaN,NaN,NaN,NaN,NaN,2.220446049250313e-16,8.874167149348027e-77,4.014353611176766e-75,58.58556268626876,diag_5120,6.558348997237998,13.333333333333336,1.5906672908862565,256
orthog_10_-1,10,Float64,true,taylor,transfree,0.010204308,0.0,0.0,0.0,0.0,0.011285156,NaN,NaN,NaN,NaN,NaN,2.220446049250313e-16,7.582875659368593e-256,5.687206230531876e-254,58.58556268626876,diag_5120,6.558348997237998,13.333333333333336,1.5906672908862565,851
orthog_10_-1,10,Float64,true,taylor,complexschur,0.001440219,0.00057222,0.0011399410000000004,0.010463295999999999,7.0e-8,0.016701999,30,0,3.552713678800501e-15,16.47064075692365,1,2.220446049250313e-16,2.158384873083775e-15,1.406485072566282e-13,58.58556268626876,diag_5120,6.558348997237998,13.333333333333336,1.5906672908862565,53
orthog_10_-1,10,Float64,true,taylor,complexschur,0.004952451,0.0005382259999999999,0.0012276769999999997,0.00697903,4.0e-8,0.015597716,30,0,3.213260589276225e-18,16.47064075692363,1,2.220446049250313e-16,1.469125501795804e-76,8.379273760292126e-75,58.58556268626876,diag_5120,6.558348997237998,13.333333333333336,1.5906672908862565,256
orthog_10_-1,10,Float64,true,taylor,complexschur,0.0072356,0.0008260009999999999,0.0017832459999999998,0.013912067,4.0e-8,0.026726582,30,0,3.213260589276225e-18,16.47064075692363,1,2.220446049250313e-16,1.718621392800977e-255,5.869798045971601e-254,58.58556268626876,diag_5120,6.558348997237998,13.333333333333336,1.5906672908862565,851
orthog_10_-1,10,Float64,true,taylor,realschur,0.001490746,0.000341329,0.000823952,0.0018349290000000003,3.0e-8,0.005114302,30,0,3.552713678800501e-15,16.47064075692365,1,2.220446049250313e-16,2.158384873083775e-15,1.406485072566282e-13,58.58556268626876,diag_5120,6.558348997237998,13.333333333333336,1.5906672908862565,53
orthog_10_-1,10,Float64,true,taylor,realschur,0.002706333,0.000343442,0.000819542,0.0028976030000000003,1.2e-7,0.007741894,30,0,3.213260589276225e-18,16.47064075692363,1,2.220446049250313e-16,1.469125501795804e-76,8.379273760292126e-75,58.58556268626876,diag_5120,6.558348997237998,13.333333333333336,1.5906672908862565,256
orthog_10_-1,10,Float64,true,taylor,realschur,0.011312649,0.000322522,0.00095798,0.002614981,4.0e-8,0.016214822,30,0,3.213260589276225e-18,16.47064075692363,1,2.220446049250313e-16,1.718621392800977e-255,5.869798045971601e-254,58.58556268626876,diag_5120,6.558348997237998,13.333333333333336,1.5906672908862565,851
redheff_10,10,Int64,false,scaling_and_squaring,NaN,NaN,NaN,NaN,NaN,NaN,3.103e-5,NaN,NaN,NaN,NaN,NaN,2.220446049250313e-16,5.17377772602016e-16,7.910176540566217e-14,157.9162118326071,exp_mp_5120,6.079842903390619,120.0,46.77181691292625,53
redheff_10,10,Int64,false,diagonalcheap,transfree,0.0,0.00038219400000000003,0.0024347,0.00293962,0.00021294,0.006440301,17,1,2.363382163509773e-15,17.17567239685026,14.378950962248743,2.220446049250313e-16,4.345414198391769e-16,6.686562712644136e-14,157.9162118326071,exp_mp_5120,6.079842903390619,120.0,46.77181691292625,53
redheff_10,10,Int64,false,diagonalcheap,transfree,0.0,0.000131584,0.002044961,0.0030395030000000003,0.000300468,0.006034962,13,1,1.078592449534099e-23,17.17567239685025,14.472739998403709,2.220446049250313e-16,7.370895751841473e-77,9.850439658938082e-75,157.9162118326071,exp_mp_5120,6.079842903390619,120.0,46.77181691292625,256
redheff_10,10,Int64,false,diagonalcheap,transfree,0.0,0.000161541,0.0016569750000000002,0.0031802450000000004,0.000383828,0.005843344,13,1,1.078592449534099e-23,17.17567239685025,14.472739998403709,2.220446049250313e-16,4.813672690728727e-256,6.601777632172283e-254,157.9162118326071,exp_mp_5120,6.079842903390619,120.0,46.77181691292625,851
redheff_10,10,Int64,false,diagonalcheap,complexschur,0.002060782,0.001240226,0.0076738180000000015,0.017743346,4.0e-8,0.030800033,57,0,1.624550984901705e-14,80.15733563869546,21.034120203269893,2.220446049250313e-16,5.896889660298629e-16,1.021286626833419e-13,157.9162118326071,exp_mp_5120,6.079842903390619,120.0,46.77181691292625,53
redheff_10,10,Int64,false,diagonalcheap,complexschur,0.001968315,0.000188813,0.0027623109999999995,0.008899459,5.0e-8,0.016934787,13,0,1.810623978840943e-16,80.15733563869611,22.49163438112385,2.220446049250313e-16,7.132275629995916e-19,1.103928083660628e-16,157.9162118326071,exp_mp_5120,6.079842903390619,120.0,46.77181691292625,256
redheff_10,10,Int64,false,diagonalcheap,complexschur,0.002842194,0.00015580099999999998,0.0020883839999999996,0.006574969,3.0e-8,0.014017098,13,0,1.810623978840943e-16,80.15733563869611,22.49163438112385,2.220446049250313e-16,7.132275629995916e-19,1.103928083660628e-16,157.9162118326071,exp_mp_5120,6.079842903390619,120.0,46.77181691292625,851
redheff_10,10,Int64,false,diagonalcheap,realschur,0.00187772,0.0008036540000000001,0.006313829,0.006383511000000001,4.0e-8,0.016120141,57,0,1.624550984901705e-14,80.15733563869546,21.034120203269893,2.220446049250313e-16,5.839716277211639e-16,1.021286626833419e-13,157.9162118326071,exp_mp_5120,6.079842903390619,120.0,46.77181691292625,53
redheff_10,10,Int64,false,diagonalcheap,realschur,0.003018854,0.000101584,0.0016220489999999998,0.001651415,4.0e-8,0.00733428,13,0,1.810623978840943e-16,80.15733563869611,22.49163438112385,2.220446049250313e-16,7.132275629995916e-19,1.103928083660628e-16,157.9162118326071,exp_mp_5120,6.079842903390619,120.0,46.77181691292625,256
redheff_10,10,Int64,false,diagonalcheap,realschur,0.002347012,9.7908e-5,0.0014025469999999999,0.00207544,4.0e-8,0.006771639,13,0,1.810623978840943e-16,80.15733563869611,22.49163438112385,2.220446049250313e-16,7.132275629995916e-19,1.103928083660628e-16,157.9162118326071,exp_mp_5120,6.079842903390619,120.0,46.77181691292625,851
redheff_10,10,Int64,false,taylor,transfree,0.0,0.000568613,0.0010694160000000003,0.0025526280000000004,0.000222528,0.004902775,25,1,0,14.02083333333333,1,2.220446049250313e-16,1.191108344327574e-16,1.486718843149418e-14,157.9162118326071,exp_mp_5120,6.079842903390619,120.0,46.77181691292625,53
redheff_10,10,Int64,false,taylor,transfree,0.0,0.001018065,0.0011333700000000003,0.00294431,0.000277894,0.006103293,25,1,6.876017695960053e-17,14.02083333333333,1,2.220446049250313e-16,4.365906527114209e-19,6.935093174315308e-17,157.9162118326071,exp_mp_5120,6.079842903390619,120.0,46.77181691292625,256
redheff_10,10,Int64,false,taylor,transfree,0.0,0.000726756,0.0013540420000000004,0.0041213249999999995,0.000512255,0.007290606,25,1,6.876017695960053e-17,14.02083333333333,1,2.220446049250313e-16,4.365906527114209e-19,6.935093174315308e-17,157.9162118326071,exp_mp_5120,6.079842903390619,120.0,46.77181691292625,851
redheff_10,10,Int64,false,taylor,complexschur,0.002085669,0.0005889319999999999,0.001760683,0.009774742,0.001119281,0.018487552,25,1,0,7.349784921791763,1,2.220446049250313e-16,3.482463444452474e-16,5.197871783343757e-14,157.9162118326071,exp_mp_5120,6.079842903390619,120.0,46.77181691292625,53
redheff_10,10,Int64,false,taylor,complexschur,0.002831183,0.00048468100000000004,0.0016980839999999994,0.00980953,0.001188815,0.019263383,25,1,1.962752237138777e-18,7.349784921791762,1,2.220446049250313e-16,7.678714535210035e-20,1.215992770395519e-17,157.9162118326071,exp_mp_5120,6.079842903390619,120.0,46.77181691292625,256
redheff_10,10,Int64,false,taylor,complexschur,0.00360991,0.0005516420000000001,0.0018461880000000001,0.011555225,0.001400883,0.021880545,25,1,1.962752237138777e-18,7.349784921791762,1,2.220446049250313e-16,7.678714535210035e-20,1.215992770395519e-17,157.9162118326071,exp_mp_5120,6.079842903390619,120.0,46.77181691292625,851
redheff_10,10,Int64,false,taylor,realschur,0.001330918,0.00027863500000000006,0.0008402879999999998,0.001588182,0.000164737,0.004915279,25,1,0,7.349784921791763,1,2.220446049250313e-16,3.418343145242976e-16,5.197871783343757e-14,157.9162118326071,exp_mp_5120,6.079842903390619,120.0,46.77181691292625,53
redheff_10,10,Int64,false,taylor,realschur,0.002436634,0.000433412,0.001397187,0.002925243,0.000357437,0.008757797,25,1,1.962752237138777e-18,7.349784921791762,1,2.220446049250313e-16,7.678714535210035e-20,1.215992770395519e-17,157.9162118326071,exp_mp_5120,6.079842903390619,120.0,46.77181691292625,256
redheff_10,10,Int64,false,taylor,realschur,0.00406746,0.000285247,0.001023616,0.002458186,0.000381183,0.009328404,25,1,1.962752237138777e-18,7.349784921791762,1,2.220446049250313e-16,7.678714535210035e-20,1.215992770395519e-17,157.9162118326071,exp_mp_5120,6.079842903390619,120.0,46.77181691292625,851
riemann_10,10,Int64,false,scaling_and_squaring,NaN,NaN,NaN,NaN,NaN,NaN,2.615e-5,NaN,NaN,NaN,NaN,NaN,2.220446049250313e-16,2.501823884389193e-15,2.371356102288949e-10,84214.15598986159,diag_5120,21.32723789970713,25084.50000000087,6276.127812157695,53
riemann_10,10,Int64,false,diagonalcheap,transfree,0.0,0.000199352,0.0024149030000000004,0.0030590609999999996,0.000436118,0.006582134,17,2,6.286329112378771e-15,29.24935134290768,13.972062615292403,2.220446049250313e-16,2.569416637492341e-15,2.22583695000528e-10,84214.15598986159,diag_5120,21.32723789970713,25084.50000000087,6276.127812157695,53
riemann_10,10,Int64,false,diagonalcheap,transfree,0.0,0.000107306,0.002958155,0.003052028,0.000599042,0.007201014,13,2,3.768678085120407e-21,29.24935134290766,14.115803779202846,2.220446049250313e-16,1.704461640862129e-23,1.543172514065381e-18,84214.15598986159,diag_5120,21.32723789970713,25084.50000000087,6276.127812157695,256
riemann_10,10,Int64,false,diagonalcheap,transfree,0.0,0.000111313,0.0021681789999999997,0.004670448,0.001040611,0.008627326,13,2,3.768678085120407e-21,29.24935134290766,14.115803779202846,2.220446049250313e-16,1.704461640862129e-23,1.543172514065381e-18,84214.15598986159,diag_5120,21.32723789970713,25084.50000000087,6276.127812157695,851
riemann_10,10,Int64,false,diagonalcheap,complexschur,0.003459901,0.000269907,0.003098639,0.01038762,0.00209112,0.022174259,17,2,0,16.91509803513571,7.127345434136042,2.220446049250313e-16,7.39161403021015e-15,6.512133397278128e-10,84214.15598986159,diag_5120,21.32723789970713,25084.50000000087,6276.127812157695,53
riemann_10,10,Int64,false,diagonalcheap,complexschur,0.005754703,0.00014024000000000003,0.0027075959999999996,0.0086443,0.002353655,0.02274648,13,2,1.899038624692413e-22,16.91509803513571,7.184655334183934,2.220446049250313e-16,1.540528413518042e-24,1.102238670688804e-19,84214.15598986159,diag_5120,21.32723789970713,25084.50000000087,6276.127812157695,256
riemann_10,10,Int64,false,diagonalcheap,complexschur,0.010456142,0.000153045,0.0030571170000000003,0.010436124000000001,0.002998685,0.030956554,13,2,1.899038624692413e-22,16.91509803513571,7.184655334183934,2.220446049250313e-16,1.540528413518042e-24,1.102238670688804e-19,84214.15598986159,diag_5120,21.32723789970713,25084.50000000087,6276.127812157695,851
riemann_10,10,Int64,false,diagonalcheap,realschur,0.003557499,0.000185316,0.0022199279999999995,0.002612451,0.000513287,0.01006509,17,2,0,16.91509803513571,7.127345434136042,2.220446049250313e-16,7.39161403021015e-15,6.512133397278128e-10,84214.15598986159,diag_5120,21.32723789970713,25084.50000000087,6276.127812157695,53
riemann_10,10,Int64,false,diagonalcheap,realschur,0.005895534,0.000107226,0.0020130709999999995,0.002302745,0.000661602,0.012066046,13,2,1.899038624692422e-22,16.91509803513571,7.184655334183934,2.220446049250313e-16,1.540528413518042e-24,1.102238670688804e-19,84214.15598986159,diag_5120,21.32723789970713,25084.50000000087,6276.127812157695,256
riemann_10,10,Int64,false,diagonalcheap,realschur,0.010726992,0.00011462100000000001,0.002350276,0.003188543,0.001224163,0.01920424,13,2,1.899038624692422e-22,16.91509803513571,7.184655334183934,2.220446049250313e-16,1.540528413518042e-24,1.102238670688804e-19,84214.15598986159,diag_5120,21.32723789970713,25084.50000000087,6276.127812157695,851
riemann_10,10,Int64,false,taylor,transfree,0.0,0.00041667299999999995,0.0016320170000000004,0.003076242,0.000496845,0.006112661,30,2,3.552713678800501e-15,25.65006510416666,1,2.220446049250313e-16,2.70442176882488e-16,2.279510244763354e-11,84214.15598986159,diag_5120,21.32723789970713,25084.50000000087,6276.127812157695,53
riemann_10,10,Int64,false,taylor,transfree,0.0,0.000466156,0.0017669150000000002,0.004584642,0.000619351,0.008174987,30,2,4.777801504058077e-20,25.65006510416667,1,2.220446049250313e-16,8.590549351300226e-22,7.777703995905125e-17,84214.15598986159,diag_5120,21.32723789970713,25084.50000000087,6276.127812157695,256
riemann_10,10,Int64,false,taylor,transfree,0.0,0.0004939020000000001,0.0022209070000000003,0.006109015999999999,0.000737668,0.010270144,30,2,4.777801504058077e-20,25.65006510416667,1,2.220446049250313e-16,8.590549351300226e-22,7.777703995905125e-17,84214.15598986159,diag_5120,21.32723789970713,25084.50000000087,6276.127812157695,851
riemann_10,10,Int64,false,taylor,complexschur,0.002310843,0.00034787800000000003,0.0017109469999999998,0.008889049999999999,0.002552056,0.01928731,25,2,3.552713678800501e-15,16.42510897113804,1,2.220446049250313e-16,7.373751231125964e-15,6.507585923769263e-10,84214.15598986159,diag_5120,21.32723789970713,25084.50000000087,6276.127812157695,53
riemann_10,10,Int64,false,taylor,complexschur,0.005008869,0.00041743099999999995,0.0017736090000000004,0.006536416,0.001492379,0.01773732,25,2,9.949797691423296e-16,16.42510897113803,1,2.220446049250313e-16,1.103837162058238e-17,7.881110009833991e-13,84214.15598986159,diag_5120,21.32723789970713,25084.50000000087,6276.127812157695,256
riemann_10,10,Int64,false,taylor,complexschur,0.01155238,0.000353238,0.001997701,0.008055066,0.001899693,0.026482603,25,2,9.949797691423296e-16,16.42510897113803,1,2.220446049250313e-16,1.103837162058238e-17,7.881110009833991e-13,84214.15598986159,diag_5120,21.32723789970713,25084.50000000087,6276.127812157695,851
riemann_10,10,Int64,false,taylor,realschur,0.002244566,0.00022085399999999998,0.0010733730000000003,0.0017513659999999999,0.000385361,0.006553169,25,2,3.552713678800501e-15,16.42510897113804,1,2.220446049250313e-16,7.373751231125964e-15,6.507585923769263e-10,84214.15598986159,diag_5120,21.32723789970713,25084.50000000087,6276.127812157695,53
riemann_10,10,Int64,false,taylor,realschur,0.006822257,0.00039454999999999997,0.0019397219999999998,0.00210699,0.000436309,0.012693785,25,2,9.949797691423296e-16,16.42510897113803,1,2.220446049250313e-16,1.103837162058238e-17,7.881110009833991e-13,84214.15598986159,diag_5120,21.32723789970713,25084.50000000087,6276.127812157695,256
riemann_10,10,Int64,false,taylor,realschur,0.009660052,0.00041717200000000005,0.002329671,0.0034940769999999995,0.000830507,0.018075171,25,2,9.949797691423296e-16,16.42510897113803,1,2.220446049250313e-16,1.103837162058238e-17,7.881110009833991e-13,84214.15598986159,diag_5120,21.32723789970713,25084.50000000087,6276.127812157695,851
ris_10,10,Rational{Int64},true,scaling_and_squaring,NaN,NaN,NaN,NaN,NaN,NaN,6.4935e-5,NaN,NaN,NaN,NaN,NaN,2.220446049250313e-16,4.62422271853093e-15,4.398809397139463e-14,7.505111848133102,diag_5120,2.309621414971629,12.596690828838046,2.414809641491288,53
ris_10,10,Rational{Int64},true,diagonalcheap,transfree,0.003369758,0.0,0.0,0.0,0.0,0.004292402,NaN,NaN,NaN,NaN,NaN,2.220446049250313e-16,1.01724334479871e-15,1.352480648139402e-14,7.505111848133102,diag_5120,2.309621414971629,12.596690828838046,2.414809641491288,53
ris_10,10,Rational{Int64},true,diagonalcheap,transfree,0.007586906,0.0,0.0,0.0,0.0,0.008662354,NaN,NaN,NaN,NaN,NaN,2.220446049250313e-16,7.568438998913531e-77,8.395864273442839e-76,7.505111848133102,diag_5120,2.309621414971629,12.596690828838046,2.414809641491288,256
ris_10,10,Rational{Int64},true,diagonalcheap,transfree,0.018530847,0.0,0.0,0.0,0.0,0.020110544,NaN,NaN,NaN,NaN,NaN,2.220446049250313e-16,1.117022779301113e-255,1.223844483873961e-254,7.505111848133102,diag_5120,2.309621414971629,12.596690828838046,2.414809641491288,851
ris_10,10,Rational{Int64},true,diagonalcheap,complexschur,0.003045966,4.35e-6,0.0018533319999999999,0.006982446,4.0e-8,0.014732615,9,0,9.918227593630843e-16,4.810477380909716,4.810477380936126,2.220446049250313e-16,1.883993787565401e-15,2.477150968888082e-14,7.505111848133102,diag_5120,2.309621414971629,12.596690828838046,2.414809641491288,53
ris_10,10,Rational{Int64},true,diagonalcheap,complexschur,0.004857309,3.998e-6,0.0019390210000000002,0.007378845,2.5e-7,0.016363359,9,0,4.475075871855257e-18,4.810477380909711,4.8104773809361205,2.220446049250313e-16,2.05995148146776e-76,3.053318243540636e-75,7.505111848133102,diag_5120,2.309621414971629,12.596690828838046,2.414809641491288,256
ris_10,10,Rational{Int64},true,diagonalcheap,complexschur,0.005804199,4.619e-6,0.0017824669999999998,0.035891666,3.0e-8,0.045802068,9,0,4.475075871855257e-18,4.810477380909711,4.8104773809361205,2.220446049250313e-16,1.02650743134297e-255,1.255443897786059e-254,7.505111848133102,diag_5120,2.309621414971629,12.596690828838046,2.414809641491288,851
ris_10,10,Rational{Int64},true,diagonalcheap,realschur,0.001890785,3.0659999999999995e-6,0.001053574,0.0010808380000000002,3.0e-8,0.004638378,9,0,9.918227593630843e-16,4.810477380909716,4.810477380936126,2.220446049250313e-16,1.883993787565401e-15,2.477150968888082e-14,7.505111848133102,diag_5120,2.309621414971629,12.596690828838046,2.414809641491288,53
ris_10,10,Rational{Int64},true,diagonalcheap,realschur,0.003164113,2.725e-6,0.0011679160000000002,0.001537587,3.0e-8,0.006820443,9,0,4.475075871855257e-18,4.810477380909711,4.8104773809361205,2.220446049250313e-16,2.05995148146776e-76,3.053318243540636e-75,7.505111848133102,diag_5120,2.309621414971629,12.596690828838046,2.414809641491288,256
ris_10,10,Rational{Int64},true,diagonalcheap,realschur,0.010692266,3.6560000000000002e-6,0.0016740489999999995,0.002006057,4.0e-8,0.015802652,9,0,4.475075871855257e-18,4.810477380909711,4.8104773809361205,2.220446049250313e-16,1.02650743134297e-255,1.255443897786059e-254,7.505111848133102,diag_5120,2.309621414971629,12.596690828838046,2.414809641491288,851
ris_10,10,Rational{Int64},true,taylor,transfree,0.002130266,0.0,0.0,0.0,0.0,0.002794863,NaN,NaN,NaN,NaN,NaN,2.220446049250313e-16,1.01724334479871e-15,1.352480648139402e-14,7.505111848133102,diag_5120,2.309621414971629,12.596690828838046,2.414809641491288,53
ris_10,10,Rational{Int64},true,taylor,transfree,0.004782785,0.0,0.0,0.0,0.0,0.005789911,NaN,NaN,NaN,NaN,NaN,2.220446049250313e-16,7.568438998913531e-77,8.395864273442839e-76,7.505111848133102,diag_5120,2.309621414971629,12.596690828838046,2.414809641491288,256
ris_10,10,Rational{Int64},true,taylor,transfree,0.018212194,0.0,0.0,0.0,0.0,0.019629219,NaN,NaN,NaN,NaN,NaN,2.220446049250313e-16,1.117022779301113e-255,1.223844483873961e-254,7.505111848133102,diag_5120,2.309621414971629,12.596690828838046,2.414809641491288,851
ris_10,10,Rational{Int64},true,taylor,complexschur,0.001890815,0.00040966700000000006,0.0010562990000000001,0.005962835,4.0e-8,0.011600593,20,0,0,4.450460974393314,1,2.220446049250313e-16,1.883993787565401e-15,2.477150968888082e-14,7.505111848133102,diag_5120,2.309621414971629,12.596690828838046,2.414809641491288,53
ris_10,10,Rational{Int64},true,taylor,complexschur,0.006544763,0.0006189500000000001,0.0015464519999999996,0.008894441,4.0e-8,0.020352459,20,0,2.76843660063475e-16,4.450460974393309,1,2.220446049250313e-16,2.05995148146776e-76,3.053318243540636e-75,7.505111848133102,diag_5120,2.309621414971629,12.596690828838046,2.414809641491288,256
ris_10,10,Rational{Int64},true,taylor,complexschur,0.007457839,0.000518799,0.0015438919999999998,0.011260034999999998,4.0e-8,0.024388338,20,0,2.76843660063475e-16,4.450460974393309,1,2.220446049250313e-16,1.02650743134297e-255,1.255443897786059e-254,7.505111848133102,diag_5120,2.309621414971629,12.596690828838046,2.414809641491288,851
ris_10,10,Rational{Int64},true,taylor,realschur,0.002025133,0.00023027300000000002,0.000674305,0.001298859,4.0e-8,0.004892506,20,0,0,4.450460974393314,1,2.220446049250313e-16,1.883993787565401e-15,2.477150968888082e-14,7.505111848133102,diag_5120,2.309621414971629,12.596690828838046,2.414809641491288,53
ris_10,10,Rational{Int64},true,taylor,realschur,0.002999356,0.000214132,0.0006005580000000003,0.00139531,4.0e-8,0.00590335,20,0,2.76843660063475e-16,4.450460974393309,1,2.220446049250313e-16,2.05995148146776e-76,3.053318243540636e-75,7.505111848133102,diag_5120,2.309621414971629,12.596690828838046,2.414809641491288,256
ris_10,10,Rational{Int64},true,taylor,realschur,0.010541437,0.000365713,0.001158207,0.0023272939999999997,4.0e-8,0.015586375,20,0,2.76843660063475e-16,4.450460974393309,1,2.220446049250313e-16,1.02650743134297e-255,1.255443897786059e-254,7.505111848133102,diag_5120,2.309621414971629,12.596690828838046,2.414809641491288,851
wilkinson_21,21,Float64,true,scaling_and_squaring,NaN,NaN,NaN,NaN,NaN,NaN,0.000103839,NaN,NaN,NaN,NaN,NaN,2.220446049250313e-16,1.077734547691019e-15,6.702152001669951e-11,55994.3359109645,diag_5120,19.62584090841154,59.59037865827256,42.34022019601692,53
wilkinson_21,21,Float64,true,diagonalcheap,transfree,0.015682402,0.0,0.0,0.0,0.0,0.021065913,NaN,NaN,NaN,NaN,NaN,2.220446049250313e-16,2.335489883412894e-15,2.328688451937784e-10,55994.3359109645,diag_5120,19.62584090841154,59.59037865827256,42.34022019601692,53
wilkinson_21,21,Float64,true,diagonalcheap,transfree,0.036318989,0.0,0.0,0.0,0.0,0.040682559,NaN,NaN,NaN,NaN,NaN,2.220446049250313e-16,1.975743707773673e-76,1.869999820804473e-71,55994.3359109645,diag_5120,19.62584090841154,59.59037865827256,42.34022019601692,256
wilkinson_21,21,Float64,true,diagonalcheap,transfree,0.062494826,0.0,0.0,0.0,0.0,0.068657175,NaN,NaN,NaN,NaN,NaN,2.220446049250313e-16,9.336820206994845e-256,9.062487672797141e-251,55994.3359109645,diag_5120,19.62584090841154,59.59037865827256,42.34022019601692,851
wilkinson_21,21,Float64,true,diagonalcheap,complexschur,0.018564904,0.0025399959999999997,0.051445810999999994,0.13638565500000002,0.037988259,0.260399621,91,4,0,1.95743929406779,1.449613151825405,2.220446049250313e-16,9.727448850882082e-15,9.913807901995469e-10,55994.3359109645,diag_5120,19.62584090841154,59.59037865827256,42.34022019601692,53
wilkinson_21,21,Float64,true,diagonalcheap,complexschur,0.034475715,0.000563816,0.006626229,0.055188718,0.021122772,0.132257176,17,1,3.969088610540061e-22,215.5293491995212,21.664701739062707,2.220446049250313e-16,6.104119132613225e-76,7.601119175998936e-71,55994.3359109645,diag_5120,19.62584090841154,59.59037865827256,42.34022019601692,256
wilkinson_21,21,Float64,true,diagonalcheap,complexschur,0.055114778,0.00055193,0.006881160000000002,0.076054585,0.006616071,0.16308636,17,1,3.969088610540061e-22,215.5293491995212,21.664701739062707,2.220446049250313e-16,5.217201148133889e-255,5.877946969778548e-250,55994.3359109645,diag_5120,19.62584090841154,59.59037865827256,42.34022019601692,851
wilkinson_21,21,Float64,true,diagonalcheap,realschur,0.015240993,0.0023492680000000003,0.021696458999999998,0.030085436999999996,0.004226216,0.077251039,91,4,0,1.95743929406779,1.449613151825405,2.220446049250313e-16,9.727448850882082e-15,9.913807901995469e-10,55994.3359109645,diag_5120,19.62584090841154,59.59037865827256,42.34022019601692,53
wilkinson_21,21,Float64,true,diagonalcheap,realschur,0.037143979,0.000562963,0.004825538,0.017875961,0.002133081,0.067925785,17,1,3.969088610540061e-22,215.5293491995212,21.664701739062707,2.220446049250313e-16,6.104119132613225e-76,7.601119175998936e-71,55994.3359109645,diag_5120,19.62584090841154,59.59037865827256,42.34022019601692,256
wilkinson_21,21,Float64,true,diagonalcheap,realschur,0.061966056,0.000504529,0.005681792999999998,0.047640392,0.002667599,0.128203304,17,1,3.969088610540061e-22,215.5293491995212,21.664701739062707,2.220446049250313e-16,5.217201148133889e-255,5.877946969778548e-250,55994.3359109645,diag_5120,19.62584090841154,59.59037865827256,42.34022019601692,851
wilkinson_21,21,Float64,true,taylor,transfree,0.01595651,0.0,0.0,0.0,0.0,0.021308271,NaN,NaN,NaN,NaN,NaN,2.220446049250313e-16,2.335489883412894e-15,2.328688451937784e-10,55994.3359109645,diag_5120,19.62584090841154,59.59037865827256,42.34022019601692,53
wilkinson_21,21,Float64,true,taylor,transfree,0.036326928,0.0,0.0,0.0,0.0,0.040601758,NaN,NaN,NaN,NaN,NaN,2.220446049250313e-16,1.975743707773673e-76,1.869999820804473e-71,55994.3359109645,diag_5120,19.62584090841154,59.59037865827256,42.34022019601692,256
wilkinson_21,21,Float64,true,taylor,transfree,0.060507652,0.0,0.0,0.0,0.0,0.066567724,NaN,NaN,NaN,NaN,NaN,2.220446049250313e-16,9.336820206994845e-256,9.062487672797141e-251,55994.3359109645,diag_5120,19.62584090841154,59.59037865827256,42.34022019601692,851
wilkinson_21,21,Float64,true,taylor,complexschur,0.017575483,0.0029737359999999994,0.008403329000000003,0.11798798300000002,0.014643746,0.174394288,90,3,0,3.831567866021499,1,2.220446049250313e-16,9.727448850882082e-15,9.913807901995469e-10,55994.3359109645,diag_5120,19.62584090841154,59.59037865827256,42.34022019601692,53
wilkinson_21,21,Float64,true,taylor,complexschur,0.034293247,0.0009441660000000001,0.005474895,0.046233757,0.028681768,0.132072444,25,2,3.969846929097654e-16,12.69757208115905,1,2.220446049250313e-16,6.104119132613225e-76,7.601119175998936e-71,55994.3359109645,diag_5120,19.62584090841154,59.59037865827256,42.34022019601692,256
wilkinson_21,21,Float64,true,taylor,complexschur,0.053352655,0.0010384980000000001,0.0060936160000000005,0.068453498,0.013014354,0.159565956,25,2,3.969846929097654e-16,12.69757208115905,1,2.220446049250313e-16,5.217201148133889e-255,5.877946969778548e-250,55994.3359109645,diag_5120,19.62584090841154,59.59037865827256,42.34022019601692,851
wilkinson_21,21,Float64,true,taylor,realschur,0.019254532,0.001436239,0.005292033000000001,0.023903370999999996,0.002963328,0.056321572,90,3,0,3.831567866021499,1,2.220446049250313e-16,9.727448850882082e-15,9.913807901995469e-10,55994.3359109645,diag_5120,19.62584090841154,59.59037865827256,42.34022019601692,53
wilkinson_21,21,Float64,true,taylor,realschur,0.034276746,0.0005660859999999999,0.003369889,0.010194963,0.002424201,0.055055008,25,2,3.969846929097654e-16,12.69757208115905,1,2.220446049250313e-16,6.104119132613225e-76,7.601119175998936e-71,55994.3359109645,diag_5120,19.62584090841154,59.59037865827256,42.34022019601692,256
wilkinson_21,21,Float64,true,taylor,realschur,0.054541019,0.0009288860000000001,0.024982583000000003,0.014213403999999999,0.003495411,0.104492357,25,2,3.969846929097654e-16,12.69757208115905,1,2.220446049250313e-16,5.217201148133889e-255,5.877946969778548e-250,55994.3359109645,diag_5120,19.62584090841154,59.59037865827256,42.34022019601692,851
clement_10_1,10,Float64,true,scaling_and_squaring,NaN,NaN,NaN,NaN,NaN,NaN,6.1579e-5,NaN,NaN,NaN,NaN,NaN,2.220446049250313e-16,1.548463305187554e-15,1.691027841952884e-11,10726.51024817475,diag_5120,17.99877326838465,16.041101142185465,9.0,53
clement_10_1,10,Float64,true,diagonalcheap,transfree,0.002124726,0.0,0.0,0.0,0.0,0.002580832,NaN,NaN,NaN,NaN,NaN,2.220446049250313e-16,3.427929439743087e-15,4.155569320194622e-11,10726.51024817475,diag_5120,17.99877326838465,16.041101142185465,9.0,53
clement_10_1,10,Float64,true,diagonalcheap,transfree,0.005234425,0.0,0.0,0.0,0.0,0.005785524,NaN,NaN,NaN,NaN,NaN,2.220446049250313e-16,2.968778370884703e-76,3.198635740311657e-72,10726.51024817475,diag_5120,17.99877326838465,16.041101142185465,9.0,256
clement_10_1,10,Float64,true,diagonalcheap,transfree,0.013397692,0.0,0.0,0.0,0.0,0.014879902,NaN,NaN,NaN,NaN,NaN,2.220446049250313e-16,8.218417152975549e-256,9.808169368880463e-252,10726.51024817475,diag_5120,17.99877326838465,16.041101142185465,9.0,851
clement_10_1,10,Float64,true,diagonalcheap,complexschur,0.004782837,0.000257466,0.003193689999999999,0.0073891,0.001297796,0.018761615,17,2,0,9.48773583635853,9.487735836358548,2.220446049250313e-16,2.431705914915084e-15,2.359000307319573e-11,10726.51024817475,diag_5120,17.99877326838465,16.041101142185465,9.0,53
clement_10_1,10,Float64,true,diagonalcheap,complexschur,0.003897234,0.000172292,0.0024668240000000003,0.008879752999999999,0.002642952,0.02152492,13,2,2.834657164385594e-25,9.487735836358517,9.487735836358517,2.220446049250313e-16,1.147151341737395e-75,1.224421542316603e-71,10726.51024817475,diag_5120,17.99877326838465,16.041101142185465,9.0,256
clement_10_1,10,Float64,true,diagonalcheap,complexschur,0.008025151,0.00011034499999999999,0.00213973,0.0068918420000000005,0.003030217,0.024254447,13,2,2.834657164385594e-25,9.487735836358517,9.487735836358517,2.220446049250313e-16,7.184577883811731e-255,8.237207122736804e-251,10726.51024817475,diag_5120,17.99877326838465,16.041101142185465,9.0,851
clement_10_1,10,Float64,true,diagonalcheap,realschur,0.004887919,0.00017947400000000002,0.0023741640000000002,0.0022899260000000003,0.00032793,0.010896933,17,2,0,9.48773583635853,9.487735836358548,2.220446049250313e-16,2.431705914915084e-15,2.359000307319573e-11,10726.51024817475,diag_5120,17.99877326838465,16.041101142185465,9.0,53
clement_10_1,10,Float64,true,diagonalcheap,realschur,0.003985865,7.7098e-5,0.001462615,0.0014838820000000002,0.000446298,0.008170491,13,2,2.834657164385594e-25,9.487735836358517,9.487735836358517,2.220446049250313e-16,1.147151341737395e-75,1.224421542316603e-71,10726.51024817475,diag_5120,17.99877326838465,16.041101142185465,9.0,256
clement_10_1,10,Float64,true,diagonalcheap,realschur,0.008233913,0.000130131,0.0027386780000000005,0.0037489599999999995,0.001614204,0.018219273,13,2,2.834657164385594e-25,9.487735836358517,9.487735836358517,2.220446049250313e-16,7.184577883811731e-255,8.237207122736804e-251,10726.51024817475,diag_5120,17.99877326838465,16.041101142185465,9.0,851
clement_10_1,10,Float64,true,taylor,transfree,0.003321837,0.0,0.0,0.0,0.0,0.003864911,NaN,NaN,NaN,NaN,NaN,2.220446049250313e-16,3.427929439743087e-15,4.155569320194622e-11,10726.51024817475,diag_5120,17.99877326838465,16.041101142185465,9.0,53
clement_10_1,10,Float64,true,taylor,transfree,0.00531007,0.0,0.0,0.0,0.0,0.005928229,NaN,NaN,NaN,NaN,NaN,2.220446049250313e-16,2.968778370884703e-76,3.198635740311657e-72,10726.51024817475,diag_5120,17.99877326838465,16.041101142185465,9.0,256
clement_10_1,10,Float64,true,taylor,transfree,0.013369056,0.0,0.0,0.0,0.0,0.014938395,NaN,NaN,NaN,NaN,NaN,2.220446049250313e-16,8.218417152975549e-256,9.808169368880463e-252,10726.51024817475,diag_5120,17.99877326838465,16.041101142185465,9.0,851
clement_10_1,10,Float64,true,taylor,complexschur,0.004967592,0.001244102,0.0029410360000000006,0.016138952,0.002359858,0.03106353,90,2,0,9.487506026050875,1,2.220446049250313e-16,2.431705914915084e-15,2.359000307319573e-11,10726.51024817475,diag_5120,17.99877326838465,16.041101142185465,9.0,53
clement_10_1,10,Float64,true,taylor,complexschur,0.007692501,0.000744201,0.0018903570000000005,0.012100497,0.001381277,0.027419944,36,1,1.215253407056576e-19,30.8125,1,2.220446049250313e-16,1.147151341737395e-75,1.224421542316603e-71,10726.51024817475,diag_5120,17.99877326838465,16.041101142185465,9.0,256
clement_10_1,10,Float64,true,taylor,complexschur,0.008367079,0.0005221230000000001,0.0014396930000000006,0.011198662000000002,0.001866399,0.027401529,36,1,1.215253407056576e-19,30.8125,1,2.220446049250313e-16,7.184577883811731e-255,8.237207122736804e-251,10726.51024817475,diag_5120,17.99877326838465,16.041101142185465,9.0,851
clement_10_1,10,Float64,true,taylor,realschur,0.003473138,0.000656143,0.001715036,0.003948653,0.000333682,0.010843059,90,2,0,9.487506026050875,1,2.220446049250313e-16,2.431705914915084e-15,2.359000307319573e-11,10726.51024817475,diag_5120,17.99877326838465,16.041101142185465,9.0,53
clement_10_1,10,Float64,true,taylor,realschur,0.004117647,0.000273044,0.0008549830000000001,0.002133304,0.00022385,0.008321972,36,1,1.215253407056576e-19,30.8125,1,2.220446049250313e-16,1.147151341737395e-75,1.224421542316603e-71,10726.51024817475,diag_5120,17.99877326838465,16.041101142185465,9.0,256
clement_10_1,10,Float64,true,taylor,realschur,0.012078966,0.00043186300000000005,0.001790771,0.031765272,0.000467289,0.047565712,36,1,1.215253407056576e-19,30.8125,1,2.220446049250313e-16,7.184577883811731e-255,8.237207122736804e-251,10726.51024817475,diag_5120,17.99877326838465,16.041101142185465,9.0,851
chebspec_10,10,Float64,false,scaling_and_squaring,NaN,NaN,NaN,NaN,NaN,NaN,4.0839e-5,NaN,NaN,NaN,NaN,NaN,2.220446049250313e-16,9.374078565925816e-14,2.653447465564321e-09,26492.49374497338,exp_mp_5120,1710.555031880105,Inf,3.633647495988732e16,53
chebspec_10,10,Float64,false,diagonalcheap,transfree,0.0,0.00021236600000000002,0.0024936859999999997,0.003086627,0.000422542,0.006689463,17,3,2.326171248536882e-15,18.97451879669955,26.66756028486389,2.220446049250313e-16,1.053140783311632e-13,2.960493252154626e-09,26492.49374497338,exp_mp_5120,1710.555031880105,Inf,3.633647495988732e16,53
chebspec_10,10,Float64,false,diagonalcheap,transfree,0.0,7.9461e-5,0.001594216,0.002035074,0.000573392,0.004609403,13,3,3.79475078578279e-26,18.97451879669955,26.664762434973106,2.220446049250313e-16,1.931045932387949e-75,5.546035052320303e-71,26492.49374497338,exp_mp_5120,1710.555031880105,Inf,3.633647495988732e16,256
chebspec_10,10,Float64,false,diagonalcheap,transfree,0.0,0.00012092199999999999,0.002386507,0.003763557,0.000990274,0.007636504,13,3,3.79475078578279e-26,18.97451879669955,26.664762434973106,2.220446049250313e-16,1.195936692022182e-254,2.877565553834393e-250,26492.49374497338,exp_mp_5120,1710.555031880105,Inf,3.633647495988732e16,851
chebspec_10,10,Float64,false,diagonalcheap,complexschur,0.013747855,4.729e-6,0.0029918059999999996,0.0075245780000000005,0.005067514,0.032886866,9,4,0,10.51957639832353,18.529619378307196,2.220446049250313e-16,5.360272580342242e-15,1.472018146948181e-10,26492.49374497338,exp_mp_5120,1710.555031880105,Inf,3.633647495988732e16,53
chebspec_10,10,Float64,false,diagonalcheap,complexschur,0.016212484,4.489e-6,0.0025045379999999997,0.007716895999999999,0.005824029,0.035807433,9,4,2.508136388498818e-18,10.53722353946675,18.72905426072184,2.220446049250313e-16,2.010461827744376e-48,6.670255347401796e-44,26492.49374497338,exp_mp_5120,1710.555031880105,Inf,3.633647495988732e16,256
chebspec_10,10,Float64,false,diagonalcheap,complexschur,0.026720971,4.76e-6,0.0032395629999999987,0.007087927,0.004533157,0.045254587,9,4,2.799737728470687e-18,10.51855150555645,18.077592412595514,2.220446049250313e-16,2.010461827386433e-48,6.670255346726312e-44,26492.49374497338,exp_mp_5120,1710.555031880105,Inf,3.633647495988732e16,851
chebspec_10,10,Float64,false,diagonalcheap,realschur,0.008852622,3.5870000000000006e-6,0.001455559,0.001352622,0.00063431,0.012875979,9,4,1.962904655404434e-15,10.51951362961452,18.70379778396965,2.220446049250313e-16,5.159851610734166e-15,1.440296810647979e-10,26492.49374497338,exp_mp_5120,1710.555031880105,Inf,3.633647495988732e16,53
chebspec_10,10,Float64,false,diagonalcheap,realschur,0.017262554,5.7199999999999994e-6,0.0024473859999999997,0.002561296,0.001484444,0.024685085,9,4,2.326137135816291e-18,9.668140845501133,18.724121138781417,2.220446049250313e-16,2.010461827258502e-48,6.670255346423518e-44,26492.49374497338,exp_mp_5120,1710.555031880105,Inf,3.633647495988732e16,256
chebspec_10,10,Float64,false,diagonalcheap,realschur,0.02835388,5.771e-6,0.002096121,0.002174963,0.001284731,0.034963199,9,4,2.7250632913109e-18,10.51830066787766,18.059804801484002,2.220446049250313e-16,2.010461826481823e-48,6.670255345044117e-44,26492.49374497338,exp_mp_5120,1710.555031880105,Inf,3.633647495988732e16,851
chebspec_10,10,Float64,false,taylor,transfree,0.0,0.000327569,0.0011452750000000003,0.001965348,0.000309875,0.004047172,30,2,7.105427357601002e-15,97.23918060565197,1,2.220446049250313e-16,9.547644488729529e-15,3.425852914805696e-10,26492.49374497338,exp_mp_5120,1710.555031880105,Inf,3.633647495988732e16,53
chebspec_10,10,Float64,false,taylor,transfree,0.0,0.000375193,0.0012758210000000001,0.0024831360000000004,0.000387776,0.004833754,30,2,5.332543232344315e-18,97.23918060565199,1,2.220446049250313e-16,1.594708750425117e-68,5.15731307976616e-64,26492.49374497338,exp_mp_5120,1710.555031880105,Inf,3.633647495988732e16,256
chebspec_10,10,Float64,false,taylor,transfree,0.0,0.00038547199999999993,0.001562958,0.005555401,0.001226979,0.009409623,30,2,5.332543232344315e-18,97.23918060565199,1,2.220446049250313e-16,1.594708747215955e-68,5.1573130134137e-64,26492.49374497338,exp_mp_5120,1710.555031880105,Inf,3.633647495988732e16,851
chebspec_10,10,Float64,false,taylor,complexschur,0.013722797,0.000570167,0.0019744759999999997,0.006866692999999999,0.001381657,0.026742873,30,2,0,200.307740091774,1,2.220446049250313e-16,5.726956865553358e-15,1.534571539564748e-10,26492.49374497338,exp_mp_5120,1710.555031880105,Inf,3.633647495988732e16,53
chebspec_10,10,Float64,false,taylor,complexschur,0.049434548,0.0006439369999999999,0.0026331060000000005,0.007137705,0.001687295,0.064028942,30,2,8.395740931120444e-17,201.1772213507395,1,2.220446049250313e-16,1.594708673309026e-68,5.157311222108092e-64,26492.49374497338,exp_mp_5120,1710.555031880105,Inf,3.633647495988732e16,256
chebspec_10,10,Float64,false,taylor,complexschur,0.024219233,0.0009082469999999999,0.004067343999999999,0.010712269,0.002256119,0.045832473,30,2,9.54242374756667e-17,201.4753801781379,1,2.220446049250313e-16,1.594710664368472e-68,5.157317250006518e-64,26492.49374497338,exp_mp_5120,1710.555031880105,Inf,3.633647495988732e16,851
chebspec_10,10,Float64,false,taylor,realschur,0.008485447,0.00029531999999999996,0.0012059949999999999,0.0017619600000000001,0.000315697,0.01270415,30,2,7.105427357601002e-15,200.3107001154198,1,2.220446049250313e-16,5.484201930371062e-15,1.533241782888653e-10,26492.49374497338,exp_mp_5120,1710.555031880105,Inf,3.633647495988732e16,53
chebspec_10,10,Float64,false,taylor,realschur,0.014979745,0.0005029059999999999,0.0022647550000000002,0.003441405,0.000714564,0.023107304,30,2,7.679549770476305e-17,201.0474043575006,1,2.220446049250313e-16,1.594708869604789e-68,5.157314240463499e-64,26492.49374497338,exp_mp_5120,1710.555031880105,Inf,3.633647495988732e16,256
chebspec_10,10,Float64,false,taylor,realschur,0.026394585,0.0004811359999999999,0.0022031600000000004,0.002993822,0.000612258,0.033719751,30,2,9.331053348924247e-17,201.4801346109091,1,2.220446049250313e-16,1.594710643281433e-68,5.157316784586784e-64,26492.49374497338,exp_mp_5120,1710.555031880105,Inf,3.633647495988732e16,851
chebvand_10,10,Float64,false,scaling_and_squaring,NaN,NaN,NaN,NaN,NaN,NaN,3.3875e-5,NaN,NaN,NaN,NaN,NaN,2.220446049250313e-16,3.668903305182774e-16,1.063372329844446e-14,29.01198674458368,diag_5120,7.35742303113814,4.8462552322574705e7,1.326442174998281e7,53
chebvand_10,10,Float64,false,diagonalcheap,transfree,0.0,0.0009058629999999999,0.009470942000000003,0.007165348,0.000295839,0.018285913,91,2,5.261604738549017e-16,4.012604228110654,4.567723307199927,2.220446049250313e-16,2.950069360306119e-16,5.67066776273575e-15,29.01198674458368,diag_5120,7.35742303113814,4.8462552322574705e7,1.326442174998281e7,53
chebvand_10,10,Float64,false,diagonalcheap,transfree,0.0,7.1428e-5,0.0011684859999999998,0.0020100260000000003,4.0e-8,0.003424364,13,0,6.885109209446114e-20,29.01198674458368,42.78832236900574,2.220446049250313e-16,1.130181225441967e-23,1.895844682061861e-22,29.01198674458368,diag_5120,7.35742303113814,4.8462552322574705e7,1.326442174998281e7,256
chebvand_10,10,Float64,false,diagonalcheap,transfree,0.0,8.5064e-5,0.0018747450000000001,0.0050756199999999994,5.0e-8,0.007381975,13,0,6.885109209446114e-20,29.01198674458368,42.78832236900574,2.220446049250313e-16,1.130181225441967e-23,1.895844682061861e-22,29.01198674458368,diag_5120,7.35742303113814,4.8462552322574705e7,1.326442174998281e7,851
chebvand_10,10,Float64,false,diagonalcheap,complexschur,0.005747161,0.0016558560000000003,0.03596537399999999,0.021223598,0.002062846,0.068850295,91,3,0,1.645427618488284,1.6041240288068874,2.220446049250313e-16,1.556432070045246e-15,4.331073576039811e-14,29.01198674458368,diag_5120,7.35742303113814,4.8462552322574705e7,1.326442174998281e7,53
chebvand_10,10,Float64,false,diagonalcheap,complexschur,0.005082955,0.00014762299999999997,0.001857963,0.0059604129999999995,4.0e-8,0.015233453,13,0,1.357584967115805e-20,20.85316691683938,24.3491442594164,2.220446049250313e-16,2.916184690606278e-24,5.456935340205584e-23,29.01198674458368,diag_5120,7.35742303113814,4.8462552322574705e7,1.326442174998281e7,256
chebvand_10,10,Float64,false,diagonalcheap,complexschur,0.009347104,0.00025756499999999996,0.003094422,0.012239213,1.31e-7,0.028533629,13,0,1.241405895652821e-20,20.85879192561251,24.327664582771686,2.220446049250313e-16,2.916184690606278e-24,5.456935340205584e-23,29.01198674458368,diag_5120,7.35742303113814,4.8462552322574705e7,1.326442174998281e7,851
chebvand_10,10,Float64,false,diagonalcheap,realschur,0.003537232,0.00012593199999999999,0.00149736,0.0027843129999999996,1.3e-7,0.008707284,17,0,0,17.47274887616211,30.47592015532369,2.220446049250313e-16,1.539132999836513e-15,4.192295697961666e-14,29.01198674458368,diag_5120,7.35742303113814,4.8462552322574705e7,1.326442174998281e7,53
chebvand_10,10,Float64,false,diagonalcheap,realschur,0.007257145,0.000126735,0.002045565,0.003009014,8.0e-8,0.013434434,13,0,5.476938297117892e-20,17.47274887616219,30.379532467444424,2.220446049250313e-16,2.916184690606278e-24,5.456935340205584e-23,29.01198674458368,diag_5120,7.35742303113814,4.8462552322574705e7,1.326442174998281e7,256
chebvand_10,10,Float64,false,diagonalcheap,realschur,0.015507711,0.000130371,0.0023613389999999996,0.0042415479999999995,5.0e-8,0.023727396,13,0,5.476938297117892e-20,17.47274887616219,26.85695545706622,2.220446049250313e-16,2.916184690606278e-24,5.456935340205584e-23,29.01198674458368,diag_5120,7.35742303113814,4.8462552322574705e7,1.326442174998281e7,851
chebvand_10,10,Float64,false,taylor,transfree,0.0,0.001081992,0.0026414489999999997,0.007779891,0.000268947,0.012295794,90,1,8.881784197001252e-16,8.395488901418762,1,2.220446049250313e-16,1.230592659347173e-16,2.825977515118345e-15,29.01198674458368,diag_5120,7.35742303113814,4.8462552322574705e7,1.326442174998281e7,53
chebvand_10,10,Float64,false,taylor,transfree,0.0,0.000581399,0.001312733,0.004517388999999999,4.0e-8,0.006730653,30,0,1.47509401708376e-18,29.60275567634362,1,2.220446049250313e-16,1.110426494697576e-20,1.970253119086306e-19,29.01198674458368,diag_5120,7.35742303113814,4.8462552322574705e7,1.326442174998281e7,256
chebvand_10,10,Float64,false,taylor,transfree,0.0,0.000505682,0.0013941710000000003,0.006645170000000001,4.0e-8,0.008921897,30,0,1.47509401708376e-18,29.60275567634362,1,2.220446049250313e-16,1.110426494697576e-20,1.970253119086306e-19,29.01198674458368,diag_5120,7.35742303113814,4.8462552322574705e7,1.326442174998281e7,851
chebvand_10,10,Float64,false,taylor,complexschur,0.005918491,0.0008776479999999999,0.0017266450000000004,0.01257971,7.0e-8,0.024513898,30,0,3.552713678800501e-15,21.04054177063494,1,2.220446049250313e-16,1.575524053105653e-15,4.369931381901692e-14,29.01198674458368,diag_5120,7.35742303113814,4.8462552322574705e7,1.326442174998281e7,53
chebvand_10,10,Float64,false,taylor,complexschur,0.00960506,0.000960449,0.0019690949999999997,0.010546181,4.0e-8,0.025748082,30,0,5.213621050050394e-19,21.14353625170153,1,2.220446049250313e-16,2.859669082286698e-21,4.915700562519729e-20,29.01198674458368,diag_5120,7.35742303113814,4.8462552322574705e7,1.326442174998281e7,256
chebvand_10,10,Float64,false,taylor,complexschur,0.014429196,0.001108933,0.001984596,0.013275528,4.0e-8,0.034230624,30,0,5.148492713940593e-19,21.13139536058999,1,2.220446049250313e-16,2.859669082286698e-21,4.915700562519729e-20,29.01198674458368,diag_5120,7.35742303113814,4.8462552322574705e7,1.326442174998281e7,851
chebvand_10,10,Float64,false,taylor,realschur,0.003236143,0.000278275,0.0006904360000000001,0.001802556,4.1e-8,0.006480161,30,0,0,19.49682145926172,1,2.220446049250313e-16,1.481839261187476e-15,3.953597747667258e-14,29.01198674458368,diag_5120,7.35742303113814,4.8462552322574705e7,1.326442174998281e7,53
chebvand_10,10,Float64,false,taylor,realschur,0.004669228,0.000293977,0.0007918789999999999,0.0022575309999999997,8.0e-8,0.008856331,30,0,1.603414516109769e-18,19.49682145926176,1,2.220446049250313e-16,2.859669082286698e-21,4.915700562519729e-20,29.01198674458368,diag_5120,7.35742303113814,4.8462552322574705e7,1.326442174998281e7,256
chebvand_10,10,Float64,false,taylor,realschur,0.013196967,0.00042028799999999994,0.0010370029999999999,0.003165355,4.0e-8,0.018758531,30,0,1.603414516109769e-18,19.49682145926176,1,2.220446049250313e-16,2.859669082286698e-21,4.915700562519729e-20,29.01198674458368,diag_5120,7.35742303113814,4.8462552322574705e7,1.326442174998281e7,851
chow_10,10,Int64,false,scaling_and_squaring,NaN,NaN,NaN,NaN,NaN,NaN,3.0539e-5,NaN,NaN,NaN,NaN,NaN,2.220446049250313e-16,5.632051784248948e-16,1.812695005110264e-13,307.1747528206736,exp_mp_5120,10.5997098114867,Inf,1.4673762389364598e21,53
chow_10,10,Int64,false,diagonalcheap,transfree,0.0,0.000381433,0.0023315549999999995,0.0028740459999999995,0.00021317,0.006283403,17,1,6.139210343114991e-15,27.80687491508753,10.953904214761204,2.220446049250313e-16,4.392987417061779e-16,1.17057315691892e-13,307.1747528206736,exp_mp_5120,10.5997098114867,Inf,1.4673762389364598e21,53
chow_10,10,Int64,false,diagonalcheap,transfree,0.0,0.000199604,0.0018966769999999998,0.002676639,0.000278906,0.005519234,13,1,1.156774093662622e-21,27.80687491508752,11.074381747899471,2.220446049250313e-16,6.987256124743438e-77,2.248073474507068e-74,307.1747528206736,exp_mp_5120,10.5997098114867,Inf,1.4673762389364598e21,256
chow_10,10,Int64,false,diagonalcheap,transfree,0.0,0.000212478,0.0020488139999999995,0.003705615,0.000572581,0.006995112,13,1,1.156774093662622e-21,27.80687491508752,11.074381747899471,2.220446049250313e-16,2.378290176856262e-256,6.595669716196195e-254,307.1747528206736,exp_mp_5120,10.5997098114867,Inf,1.4673762389364598e21,851
chow_10,10,Int64,false,diagonalcheap,complexschur,0.005520306,0.001443117,0.016553855,0.030883917999999996,0.006044644,0.063118058,91,5,2.483043589379935e-16,1.123699748071891,1.1377773811666378,2.220446049250313e-16,4.320871813058062e-15,1.535579384769316e-12,307.1747528206736,exp_mp_5120,10.5997098114867,Inf,1.4673762389364598e21,53
chow_10,10,Int64,false,diagonalcheap,complexschur,0.011473283,0.00022388,0.002383442,0.011233833000000002,7.0e-8,0.028358254,17,0,7.224000383040849e-23,191.1446394717694,27.39101954186884,2.220446049250313e-16,8.75235786926983e-28,2.509653933797261e-25,307.1747528206736,exp_mp_5120,10.5997098114867,Inf,1.4673762389364598e21,256
chow_10,10,Int64,false,diagonalcheap,complexschur,0.042698841,0.00021872099999999998,0.0021518289999999996,0.008807667,4.0e-8,0.056344362,17,0,7.224000383040849e-23,191.1446394717694,29.907708625630654,2.220446049250313e-16,8.75235786926983e-28,2.509653933797261e-25,307.1747528206736,exp_mp_5120,10.5997098114867,Inf,1.4673762389364598e21,851
chow_10,10,Int64,false,diagonalcheap,realschur,0.003038303,0.000637888,0.007945208000000002,0.008166096,0.001517568,0.02221998,91,5,2.483043589379935e-16,1.123699748071891,1.1377773811666378,2.220446049250313e-16,4.322803219815434e-15,1.527585778992015e-12,307.1747528206736,exp_mp_5120,10.5997098114867,Inf,1.4673762389364598e21,53
chow_10,10,Int64,false,diagonalcheap,realschur,0.013566138,0.000154256,0.001514142,0.002017098,4.0e-8,0.017910172,17,0,7.224000383040849e-23,191.1446394717694,27.39101954186884,2.220446049250313e-16,8.75235786926983e-28,2.509653933797261e-25,307.1747528206736,exp_mp_5120,10.5997098114867,Inf,1.4673762389364598e21,256
chow_10,10,Int64,false,diagonalcheap,realschur,0.050885765,0.000162845,0.0017072650000000001,0.002776248,4.0e-8,0.056412483,17,0,7.224000383040849e-23,191.1446394717694,29.90770862563065,2.220446049250313e-16,8.75235786926983e-28,2.509653933797261e-25,307.1747528206736,exp_mp_5120,10.5997098114867,Inf,1.4673762389364598e21,851
chow_10,10,Int64,false,taylor,transfree,0.0,0.000648147,0.000817241,0.002329911,0.000138426,0.00424858,42,1,0,21,1,2.220446049250313e-16,7.145935368443438e-17,2.006951422975177e-14,307.1747528206736,exp_mp_5120,10.5997098114867,Inf,1.4673762389364598e21,53
chow_10,10,Int64,false,taylor,transfree,0.0,0.00037843499999999994,0.0006844349999999998,0.001796057,0.000177732,0.003355492,25,1,3.953207483617592e-15,21,1,2.220446049250313e-16,2.137105047020997e-20,6.137955282470069e-18,307.1747528206736,exp_mp_5120,10.5997098114867,Inf,1.4673762389364598e21,256
chow_10,10,Int64,false,taylor,transfree,0.0,0.000456007,0.0008486619999999999,0.002556277,0.000316929,0.004600076,25,1,3.953207483617592e-15,21,1,2.220446049250313e-16,2.137105047020997e-20,6.137955282470069e-18,307.1747528206736,exp_mp_5120,10.5997098114867,Inf,1.4673762389364598e21,851
chow_10,10,Int64,false,taylor,complexschur,0.004932285,0.001055169,0.0022464110000000002,0.013787974999999997,0.000709694,0.024775193,56,1,1.77635683940025e-15,14.08759789104958,1,2.220446049250313e-16,4.116065242625361e-15,1.49383499904341e-12,307.1747528206736,exp_mp_5120,10.5997098114867,Inf,1.4673762389364598e21,53
chow_10,10,Int64,false,taylor,complexschur,0.010074143,0.000634219,0.002079469,0.011961493,0.001205368,0.057629363,25,1,3.035251829070059e-16,14.08759789104954,1,2.220446049250313e-16,1.344523377043711e-20,4.181632538265661e-18,307.1747528206736,exp_mp_5120,10.5997098114867,Inf,1.4673762389364598e21,256
chow_10,10,Int64,false,taylor,complexschur,0.040960418,0.000378107,0.001872834,0.007400832999999999,0.000947692,0.054210769,25,1,3.035251829070059e-16,14.08759789104954,1,2.220446049250313e-16,1.344523377043711e-20,4.181632538265661e-18,307.1747528206736,exp_mp_5120,10.5997098114867,Inf,1.4673762389364598e21,851
chow_10,10,Int64,false,taylor,realschur,0.002815905,0.0004352480000000001,0.001212766,0.002850121,0.000164676,0.008173939,56,1,1.77635683940025e-15,14.08759789104958,1,2.220446049250313e-16,4.116437276024401e-15,1.485841393266109e-12,307.1747528206736,exp_mp_5120,10.5997098114867,Inf,1.4673762389364598e21,53
chow_10,10,Int64,false,taylor,realschur,0.015083137,0.00030987599999999994,0.001155283,0.0017326930000000002,0.000206968,0.019274367,25,1,3.035251829070059e-16,14.08759789104954,1,2.220446049250313e-16,1.344523377043711e-20,4.181632538265661e-18,307.1747528206736,exp_mp_5120,10.5997098114867,Inf,1.4673762389364598e21,256
chow_10,10,Int64,false,taylor,realschur,0.051030008,0.00050875,0.0018336849999999998,0.00392086,0.000600746,0.059666456,25,1,3.035251829070059e-16,14.08759789104954,1,2.220446049250313e-16,1.344523377043711e-20,4.181632538265661e-18,307.1747528206736,exp_mp_5120,10.5997098114867,Inf,1.4673762389364598e21,851
circulant_10,10,Int64,false,scaling_and_squaring,NaN,NaN,NaN,NaN,NaN,NaN,3.3895e-5,NaN,NaN,NaN,NaN,NaN,2.220446049250313e-16,1.242359634432467e-14,9702360413.440987,7.694785265142017e+23,diag_5120,62.04836822995432,11.800000000000002,10.999999999999996,53
circulant_10,10,Int64,false,diagonalcheap,transfree,0.0,0.0011674760000000002,0.004509510000000001,0.004151383,0.000529037,0.010714285,65,4,0,31.10908815096763,10.978609613157191,2.220446049250313e-16,1.046773290554427e-14,8198929058.559013,7.694785265142017e+23,diag_5120,62.04836822995432,11.800000000000002,10.999999999999996,53
circulant_10,10,Int64,false,diagonalcheap,transfree,0.0,0.00014307199999999997,0.0015874129999999998,0.0018652679999999998,0.000673054,0.004616759,13,4,9.22733720005161e-20,31.1090881509676,11.54857167102348,2.220446049250313e-16,4.745796292207702e-20,36517.88338064545,7.694785265142017e+23,diag_5120,62.04836822995432,11.800000000000002,10.999999999999996,256
circulant_10,10,Int64,false,diagonalcheap,transfree,0.0,0.000314316,0.003315155,0.005273531,0.002286838,0.011948699,13,4,9.22733720005161e-20,31.1090881509676,11.54857167102348,2.220446049250313e-16,4.745796292207702e-20,36517.88338064545,7.694785265142017e+23,diag_5120,62.04836822995432,11.800000000000002,10.999999999999996,851
circulant_10,10,Int64,false,diagonalcheap,complexschur,0.002852456,0.001287304,0.009673813000000003,0.01849535,0.00281845,0.037985351,65,4,5.010904014912957e-15,31.1090881509677,6.601194905535855,2.220446049250313e-16,1.532606245517203e-14,12101502301.44098,7.694785265142017e+23,diag_5120,62.04836822995432,11.800000000000002,10.999999999999996,53
circulant_10,10,Int64,false,diagonalcheap,complexschur,0.008983226,0.000163985,0.0030125939999999995,0.032932143,0.003455375,0.051072889,13,4,9.227337200051636e-20,31.1090881509677,6.945323283742372,2.220446049250313e-16,3.308012972424495e-75,2.59711891207067e-51,7.694785265142017e+23,diag_5120,62.04836822995432,11.800000000000002,10.999999999999996,256
circulant_10,10,Int64,false,diagonalcheap,complexschur,0.008378843,0.000267023,0.003858351,0.012577227,0.005154523,0.034339199,13,4,9.227337200051636e-20,31.1090881509677,6.945323283742372,2.220446049250313e-16,6.105559406160841e-254,4.771626499849302e-230,7.694785265142017e+23,diag_5120,62.04836822995432,11.800000000000002,10.999999999999996,851
circulant_10,10,Int64,false,diagonalcheap,realschur,0.002581856,0.00047269700000000006,0.004712362,0.004307976,0.001242639,0.014210398,65,4,5.010904014912957e-15,31.1090881509677,8.904378017242722,2.220446049250313e-16,1.532786140353452e-14,12218942813.44099,7.694785265142017e+23,diag_5120,62.04836822995432,11.800000000000002,10.999999999999996,53
circulant_10,10,Int64,false,diagonalcheap,realschur,0.008382661,0.000100033,0.0026881189999999992,0.002013051,0.000814767,0.014810452,13,4,9.227337200051636e-20,31.1090881509677,9.361394413562007,2.220446049250313e-16,3.309907704875762e-75,2.599729033857869e-51,7.694785265142017e+23,diag_5120,62.04836822995432,11.800000000000002,10.999999999999996,256
circulant_10,10,Int64,false,diagonalcheap,realschur,0.008323347,0.000143707,0.0027961690000000003,0.0030398260000000002,0.001485357,0.017455038,13,4,9.227337200051636e-20,31.1090881509677,9.361394413562007,2.220446049250313e-16,6.09972983036784e-254,4.765587922877805e-230,7.694785265142017e+23,diag_5120,62.04836822995432,11.800000000000002,10.999999999999996,851
circulant_10,10,Int64,false,taylor,transfree,0.0,0.002313298,0.004038885000000001,0.006732288999999999,0.000667775,0.014366068,90,5,8.881784197001252e-16,5.577540881617992,1,2.220446049250313e-16,2.193704043201502e-16,206456157.4409871,7.694785265142017e+23,diag_5120,62.04836822995432,11.800000000000002,10.999999999999996,53
circulant_10,10,Int64,false,taylor,transfree,0.0,0.00096294,0.001469373,0.0030603680000000004,0.000520672,0.006415017,42,3,1.97260693764296e-17,178.7513122558594,1,2.220446049250313e-16,1.630632072517134e-19,125473.6364447283,7.694785265142017e+23,diag_5120,62.04836822995432,11.800000000000002,10.999999999999996,256
circulant_10,10,Int64,false,taylor,transfree,0.0,0.0009661690000000001,0.0017357329999999997,0.00468971,0.001644452,0.009523965,42,3,1.97260693764296e-17,178.7513122558594,1,2.220446049250313e-16,1.630632072517134e-19,125473.6364447283,7.694785265142017e+23,diag_5120,62.04836822995432,11.800000000000002,10.999999999999996,851
circulant_10,10,Int64,false,taylor,complexschur,0.005450673,0.0012816469999999997,0.006952705000000001,0.021658551999999998,0.010532024,0.049880817,90,8,2.220446049250313e-16,1.239668183678904,1,2.220446049250313e-16,1.532606245517203e-14,12101502301.44098,7.694785265142017e+23,diag_5120,62.04836822995432,11.800000000000002,10.999999999999996,53
circulant_10,10,Int64,false,taylor,complexschur,0.006592588,0.0009963139999999999,0.002681566,0.013939037999999999,0.002449561,0.02961325,42,3,1.97260693764296e-17,178.7513122558594,1,2.220446049250313e-16,3.308012972424495e-75,2.59711891207067e-51,7.694785265142017e+23,diag_5120,62.04836822995432,11.800000000000002,10.999999999999996,256
circulant_10,10,Int64,false,taylor,complexschur,0.008389093,0.001127219,0.003235393,0.016183913,0.003599782,0.036654652,42,3,1.97260693764296e-17,178.7513122558594,1,2.220446049250313e-16,6.105559406160841e-254,4.771626499849302e-230,7.694785265142017e+23,diag_5120,62.04836822995432,11.800000000000002,10.999999999999996,851
circulant_10,10,Int64,false,taylor,realschur,0.002687028,0.000598552,0.0031962770000000004,0.004032396,0.002423751,0.013833143,90,8,2.220446049250313e-16,1.239668183678904,1,2.220446049250313e-16,1.532786140353452e-14,12218942813.44099,7.694785265142017e+23,diag_5120,62.04836822995432,11.800000000000002,10.999999999999996,53
circulant_10,10,Int64,false,taylor,realschur,0.007756387,0.00042168100000000003,0.0016085339999999998,0.0024642780000000003,0.000606486,0.013652205,42,3,1.97260693764296e-17,178.7513122558594,1,2.220446049250313e-16,3.309907704875762e-75,2.599729033857869e-51,7.694785265142017e+23,diag_5120,62.04836822995432,11.800000000000002,10.999999999999996,256
circulant_10,10,Int64,false,taylor,realschur,0.013370172,0.0005167110000000001,0.001866731999999999,0.003353432,0.000969755,0.021229377,42,3,1.97260693764296e-17,178.7513122558594,1,2.220446049250313e-16,6.09972983036784e-254,4.765587922877805e-230,7.694785265142017e+23,diag_5120,62.04836822995432,11.800000000000002,10.999999999999996,851
cycol_10,10,Float64,false,scaling_and_squaring,NaN,NaN,NaN,NaN,NaN,NaN,2.6341e-5,NaN,NaN,NaN,NaN,NaN,2.220446049250313e-16,5.565925706787673e-16,6.117556684367317e-15,6.379585444267606,diag_5120,8.987226886089214,Inf,8.64350598150053e64,53
cycol_10,10,Float64,false,diagonalcheap,transfree,0.0,0.000620252,0.006712374000000001,0.00502714,0.000417933,0.013134108,91,3,3.387888781086674e-16,1.993045990184843,2.4299659100805857,2.220446049250313e-16,5.411638674964212e-16,4.003421887547415e-15,6.379585444267606,diag_5120,8.987226886089214,Inf,8.64350598150053e64,53
cycol_10,10,Float64,false,diagonalcheap,transfree,0.0,6.5696e-5,0.0010583049999999998,0.001910476,3.0e-8,0.003292843,13,0,8.073707042483249e-23,6.379585444267606,32.27542002090174,2.220446049250313e-16,2.195786593480362e-28,1.582730179680352e-27,6.379585444267606,diag_5120,8.987226886089214,Inf,8.64350598150053e64,256
cycol_10,10,Float64,false,diagonalcheap,transfree,0.0,8.088599999999998e-5,0.0014260630000000002,0.034863757,2.21e-7,0.036776957,13,0,8.073707042483249e-23,6.379585444267606,32.27542002090174,2.220446049250313e-16,2.195786593480362e-28,1.582730179680352e-27,6.379585444267606,diag_5120,8.987226886089214,Inf,8.64350598150053e64,851
cycol_10,10,Float64,false,diagonalcheap,complexschur,0.002005888,0.000194594,0.0023110459999999998,0.007271574,4.0e-8,0.013567452,17,0,0,5.268937537254609,14.683525814467314,2.220446049250313e-16,1.27098480616594e-15,7.172294465396412e-15,6.379585444267606,diag_5120,8.987226886089214,Inf,8.64350598150053e64,53
cycol_10,10,Float64,false,diagonalcheap,complexschur,0.003829654,0.000203603,0.0029726180000000002,0.010027393,4.0e-8,0.019634119,13,0,7.223147077151276e-25,3.302312180053955,12.679654430976244,2.220446049250313e-16,2.091259027311996e-28,1.801620062310688e-27,6.379585444267606,diag_5120,8.987226886089214,Inf,8.64350598150053e64,256
cycol_10,10,Float64,false,diagonalcheap,complexschur,0.006902915,0.00012600399999999998,0.0019224259999999999,0.007357089000000001,4.0e-8,0.019702591,13,0,6.56757609904217e-25,3.803893294150756,13.07693719795102,2.220446049250313e-16,2.066560396575629e-28,1.633589927031102e-27,6.379585444267606,diag_5120,8.987226886089214,Inf,8.64350598150053e64,851
cycol_10,10,Float64,false,diagonalcheap,realschur,0.003602929,0.00021867,0.0023538400000000003,0.003192648,1.5e-7,0.010261745,17,0,0,5.268937537254608,14.683525814467314,2.220446049250313e-16,1.305908113958082e-15,7.172294465396412e-15,6.379585444267606,diag_5120,8.987226886089214,Inf,8.64350598150053e64,53
cycol_10,10,Float64,false,diagonalcheap,realschur,0.003517965,9.375199999999999e-5,0.00140899,0.001699105,4.0e-8,0.00737347,13,0,7.223147077151276e-25,3.592025706919803,12.679654430976244,2.220446049250313e-16,2.091259027311996e-28,1.801620062310688e-27,6.379585444267606,diag_5120,8.987226886089214,Inf,8.64350598150053e64,256
cycol_10,10,Float64,false,diagonalcheap,realschur,0.006496755,7.719799999999999e-5,0.0015257049999999998,0.0022795940000000002,3.0e-8,0.011257339,13,0,6.761194319867852e-25,3.803893294150756,13.462457407528145,2.220446049250313e-16,2.066560396575629e-28,1.633589927031102e-27,6.379585444267606,diag_5120,8.987226886089214,Inf,8.64350598150053e64,851
cycol_10,10,Float64,false,taylor,transfree,0.0,0.00033265,0.0010305509999999998,0.002966535,4.0e-8,0.004710579,25,0,0,7.246864786032884,1,2.220446049250313e-16,1.331764937895932e-16,7.662853142997893e-16,6.379585444267606,diag_5120,8.987226886089214,Inf,8.64350598150053e64,53
cycol_10,10,Float64,false,taylor,transfree,0.0,0.00035373899999999994,0.001077805,0.003929085,4.0e-8,0.005726282,25,0,5.909255824644701e-16,7.246864786032884,1,2.220446049250313e-16,2.107538680771474e-19,1.51912079470967e-18,6.379585444267606,diag_5120,8.987226886089214,Inf,8.64350598150053e64,256
cycol_10,10,Float64,false,taylor,transfree,0.0,0.00038250500000000005,0.0013163429999999998,0.004516715,3.0e-8,0.006554626,25,0,5.909255824644701e-16,7.246864786032884,1,2.220446049250313e-16,2.107538680771474e-19,1.51912079470967e-18,6.379585444267606,diag_5120,8.987226886089214,Inf,8.64350598150053e64,851
cycol_10,10,Float64,false,taylor,complexschur,0.002140536,0.000901913,0.0014891649999999995,0.015384057000000001,4.0e-8,0.023033146,90,0,0,5.178072287082928,1,2.220446049250313e-16,1.237137990186302e-15,7.394234563339619e-15,6.379585444267606,diag_5120,8.987226886089214,Inf,8.64350598150053e64,53
cycol_10,10,Float64,false,taylor,complexschur,0.006376443,0.0005846450000000001,0.0019147510000000003,0.007764493,4.0e-8,0.018764787,25,0,1.069064615207394e-17,4.594089408726104,1,2.220446049250313e-16,2.007212041761643e-19,1.729213567769989e-18,6.379585444267606,diag_5120,8.987226886089214,Inf,8.64350598150053e64,256
cycol_10,10,Float64,false,taylor,complexschur,0.007277275,0.00048254799999999996,0.0013505359999999998,0.011838768999999999,5.0e-8,0.025331475,25,0,8.435518519731663e-18,5.386990408508127,1,2.220446049250313e-16,1.983506040552992e-19,1.567936506197404e-18,6.379585444267606,diag_5120,8.987226886089214,Inf,8.64350598150053e64,851
cycol_10,10,Float64,false,taylor,realschur,0.002100109,0.0006228760000000001,0.0013572609999999998,0.004977963,5.0e-8,0.00990607,90,0,0,5.178072287082928,1,2.220446049250313e-16,1.24660387260681e-15,7.644034743880279e-15,6.379585444267606,diag_5120,8.987226886089214,Inf,8.64350598150053e64,53
cycol_10,10,Float64,false,taylor,realschur,0.005824801,0.000383507,0.001184459,0.002940824,4.0e-8,0.011380896,25,0,1.069064615207394e-17,4.594089408726104,1,2.220446049250313e-16,2.007212041761643e-19,1.729213567769989e-18,6.379585444267606,diag_5120,8.987226886089214,Inf,8.64350598150053e64,256
cycol_10,10,Float64,false,taylor,realschur,0.008623604,0.000223932,0.000845335,0.002260488,6.0e-8,0.012865723,25,0,8.435518519731663e-18,5.556844883279064,1,2.220446049250313e-16,1.983506040552992e-19,1.567936506197404e-18,6.379585444267606,diag_5120,8.987226886089214,Inf,8.64350598150053e64,851
dramadah_10_1,10,Int64,false,scaling_and_squaring,NaN,NaN,NaN,NaN,NaN,NaN,2.4718e-5,NaN,NaN,NaN,NaN,NaN,2.220446049250313e-16,2.115581858901517e-16,1.89186343456214e-14,98.4089040883864,diag_5120,6.695476258165029,1026.0,504.97133313997983,53
dramadah_10_1,10,Int64,false,diagonalcheap,transfree,0.0,0.00258908,0.007816402000000004,0.008175284000000001,5.0e-8,0.018959634,81,0,2.100918259202374e-14,98.40890408838644,28.215367986207056,2.220446049250313e-16,0.335596999148734,17.53308105561831,98.4089040883864,diag_5120,6.695476258165029,1026.0,504.97133313997983,53
dramadah_10_1,10,Int64,false,diagonalcheap,transfree,0.0,0.000231695,0.00211573,0.0029204390000000004,5.0e-8,0.005590632,13,0,6.509494052726794e-16,98.40890408838663,27.056641925681802,2.220446049250313e-16,0.3355969991487339,17.53308105561828,98.4089040883864,diag_5120,6.695476258165029,1026.0,504.97133313997983,256
dramadah_10_1,10,Int64,false,diagonalcheap,transfree,0.0,0.000188002,0.0018851680000000002,0.003071006,1.3e-7,0.005484488,13,0,6.509494052726794e-16,98.40890408838663,27.056641925681802,2.220446049250313e-16,0.3355969991487339,17.53308105561828,98.4089040883864,diag_5120,6.695476258165029,1026.0,504.97133313997983,851
dramadah_10_1,10,Int64,false,diagonalcheap,complexschur,0.003609502,0.00121105,0.008849437999999998,0.021112928,4.0e-8,0.036804122,65,0,7.244714849592387e-15,64.33538939524747,18.323483228509605,2.220446049250313e-16,2.625242174568665e-15,3.765326721530561e-13,98.4089040883864,diag_5120,6.695476258165029,1026.0,504.97133313997983,53
dramadah_10_1,10,Int64,false,diagonalcheap,complexschur,0.006737428,0.000129179,0.0017618180000000005,0.005984570999999999,3.0e-8,0.016718804,13,0,3.559604302661972e-17,64.33538939524709,16.967341086929483,2.220446049250313e-16,2.603627148158661e-19,3.74684850078207e-17,98.4089040883864,diag_5120,6.695476258165029,1026.0,504.97133313997983,256
dramadah_10_1,10,Int64,false,diagonalcheap,complexschur,0.016101607,0.000234379,0.0026446669999999994,0.009038741999999999,4.1e-8,0.031108498,13,0,3.559604302661972e-17,64.33538939524709,17.54831985451833,2.220446049250313e-16,2.603627148158661e-19,3.746848500791398e-17,98.4089040883864,diag_5120,6.695476258165029,1026.0,504.97133313997983,851
dramadah_10_1,10,Int64,false,diagonalcheap,realschur,0.0,0.002067665,0.006302656000000001,0.008098101,6.0e-8,0.016898629,81,0,2.100918259202374e-14,98.40890408838644,28.215367986207056,2.220446049250313e-16,0.335596999148734,17.53308105561831,98.4089040883864,diag_5120,6.695476258165029,1026.0,504.97133313997983,53
dramadah_10_1,10,Int64,false,diagonalcheap,realschur,0.0,0.000142233,0.001688158,0.002278152,4.0e-8,0.004450309,13,0,6.509494052726794e-16,98.40890408838663,27.056641925681802,2.220446049250313e-16,0.3355969991487339,17.53308105561828,98.4089040883864,diag_5120,6.695476258165029,1026.0,504.97133313997983,256
dramadah_10_1,10,Int64,false,diagonalcheap,realschur,0.0,0.00015876600000000002,0.001501767,0.002864429,4.0e-8,0.004862101,13,0,6.509494052726794e-16,98.40890408838663,27.056641925681802,2.220446049250313e-16,0.3355969991487339,17.53308105561828,98.4089040883864,diag_5120,6.695476258165029,1026.0,504.97133313997983,851
dramadah_10_1,10,Int64,false,taylor,transfree,0.0,0.00045846200000000003,0.0007837170000000001,0.001679288,0.000170407,0.003463271,25,1,1.77635683940025e-15,9.708333333333334,1,2.220446049250313e-16,0.3680183145620197,30.83427194663774,98.4089040883864,diag_5120,6.695476258165029,1026.0,504.97133313997983,53
dramadah_10_1,10,Int64,false,taylor,transfree,0.0,0.00039705400000000004,0.0007051449999999999,0.0018754659999999997,0.000240182,0.003570196,25,1,4.850796713692781e-18,9.708333333333333,1,2.220446049250313e-16,0.3680183145620196,30.83427194663774,98.4089040883864,diag_5120,6.695476258165029,1026.0,504.97133313997983,256
dramadah_10_1,10,Int64,false,taylor,transfree,0.0,0.0004899419999999999,0.0009979969999999996,0.004389423,0.000847751,0.007278338,25,1,4.850796713692781e-18,9.708333333333333,1,2.220446049250313e-16,0.3680183145620196,30.83427194663774,98.4089040883864,diag_5120,6.695476258165029,1026.0,504.97133313997983,851
dramadah_10_1,10,Int64,false,taylor,complexschur,0.007210307,0.0014436249999999998,0.0036156410000000006,0.017938361999999996,0.004039519,0.03782212,90,3,0,1.682891983787471,1,2.220446049250313e-16,1.882503621775852e-15,2.139960213479331e-13,98.4089040883864,diag_5120,6.695476258165029,1026.0,504.97133313997983,53
dramadah_10_1,10,Int64,false,taylor,complexschur,0.008742854,0.000607459,0.0021286110000000003,0.009779471,0.001312564,0.025512917,25,1,5.127696010196882e-19,6.753799578103478,1,2.220446049250313e-16,3.75077602194909e-20,5.358629870979873e-18,98.4089040883864,diag_5120,6.695476258165029,1026.0,504.97133313997983,256
dramadah_10_1,10,Int64,false,taylor,complexschur,0.014146567,0.000581317,0.0017853930000000001,0.008330794,0.001157386,0.029423117,25,1,5.127696010196882e-19,6.753799578103478,1,2.220446049250313e-16,3.750776021974194e-20,5.35862987113032e-18,98.4089040883864,diag_5120,6.695476258165029,1026.0,504.97133313997983,851
dramadah_10_1,10,Int64,false,taylor,realschur,0.0,0.0006311349999999999,0.0013089279999999996,0.002914785,0.00031704,0.005804393,25,1,1.77635683940025e-15,9.708333333333334,1,2.220446049250313e-16,0.3680183145620197,30.83427194663774,98.4089040883864,diag_5120,6.695476258165029,1026.0,504.97133313997983,53
dramadah_10_1,10,Int64,false,taylor,realschur,0.0,0.0006907489999999998,0.001315582,0.003495772,0.000440878,0.006582098,25,1,4.850796713692781e-18,9.708333333333333,1,2.220446049250313e-16,0.3680183145620196,30.83427194663774,98.4089040883864,diag_5120,6.695476258165029,1026.0,504.97133313997983,256
dramadah_10_1,10,Int64,false,taylor,realschur,0.0,0.0005154609999999999,0.0010341909999999998,0.0030847129999999998,0.000472047,0.005586985,25,1,4.850796713692781e-18,9.708333333333333,1,2.220446049250313e-16,0.3680183145620196,30.83427194663774,98.4089040883864,diag_5120,6.695476258165029,1026.0,504.97133313997983,851
dramadah_10_3,10,Int64,false,scaling_and_squaring,NaN,NaN,NaN,NaN,NaN,NaN,2.7102e-5,NaN,NaN,NaN,NaN,NaN,2.220446049250313e-16,2.619843407986101e-16,1.719404465310073e-14,60.50895669867163,diag_5120,6.35635224851983,11.89090909090909,4.215520833463272,53
dramadah_10_3,10,Int64,false,diagonalcheap,transfree,0.0,0.0006029989999999999,0.002569482999999999,0.003292743,7.0e-8,0.006821289,21,0,0,60.50895669867155,19.177731323750454,2.220446049250313e-16,0.1790397920162673,4.97304164894221,60.50895669867163,diag_5120,6.35635224851983,11.89090909090909,4.215520833463272,53
dramadah_10_3,10,Int64,false,diagonalcheap,transfree,0.0,0.000196508,0.001748752,0.002745002,4.0e-8,0.005036105,13,0,7.050200234182242e-18,60.50895669867153,19.744595522600495,2.220446049250313e-16,0.1790397920162673,4.973041648942199,60.50895669867163,diag_5120,6.35635224851983,11.89090909090909,4.215520833463272,256
dramadah_10_3,10,Int64,false,diagonalcheap,transfree,0.0,0.000229762,0.001910565,0.003926081,5.0e-8,0.006442861,13,0,7.050200234182242e-18,60.50895669867153,19.744595522600495,2.220446049250313e-16,0.1790397920162673,4.973041648942199,60.50895669867163,diag_5120,6.35635224851983,11.89090909090909,4.215520833463272,851
dramadah_10_3,10,Int64,false,diagonalcheap,complexschur,0.00598454,0.00051002,0.0034623300000000004,0.012487777999999998,1.1e-7,0.025346176,21,0,7.003260561393813e-15,41.92937030663575,8.379236590386746,2.220446049250313e-16,5.703976913049611e-15,3.314814652295052e-13,60.50895669867163,diag_5120,6.35635224851983,11.89090909090909,4.215520833463272,53
dramadah_10_3,10,Int64,false,diagonalcheap,complexschur,0.010788719,0.000232477,0.0027631530000000004,0.010159489,7.0e-8,0.027629127,13,0,4.48585660750989e-19,41.9293703066356,9.518357775467205,2.220446049250313e-16,7.924500677479979e-23,4.675833342568625e-21,60.50895669867163,diag_5120,6.35635224851983,11.89090909090909,4.215520833463272,256
dramadah_10_3,10,Int64,false,diagonalcheap,complexschur,0.018811368,0.000177111,0.002294582,0.008365239000000002,4.0e-8,0.034718912,13,0,4.48585660750989e-19,41.9293703066356,10.081320801854678,2.220446049250313e-16,7.924500677479979e-23,4.675833342568634e-21,60.50895669867163,diag_5120,6.35635224851983,11.89090909090909,4.215520833463272,851
dramadah_10_3,10,Int64,false,diagonalcheap,realschur,0.0,0.000717441,0.0032982789999999994,0.003917646,5.0e-8,0.00904228,21,0,0,60.50895669867155,19.177731323750454,2.220446049250313e-16,0.1790397920162673,4.97304164894221,60.50895669867163,diag_5120,6.35635224851983,11.89090909090909,4.215520833463272,53
dramadah_10_3,10,Int64,false,diagonalcheap,realschur,0.0,0.000130904,0.001280743,0.0018634640000000002,4.0e-8,0.003602248,13,0,7.050200234182242e-18,60.50895669867153,19.744595522600495,2.220446049250313e-16,0.1790397920162673,4.973041648942199,60.50895669867163,diag_5120,6.35635224851983,11.89090909090909,4.215520833463272,256
dramadah_10_3,10,Int64,false,diagonalcheap,realschur,0.0,0.000162864,0.001725898,0.002710885,4.0e-8,0.004910544,13,0,7.050200234182242e-18,60.50895669867153,19.744595522600495,2.220446049250313e-16,0.1790397920162673,4.973041648942199,60.50895669867163,diag_5120,6.35635224851983,11.89090909090909,4.215520833463272,851
dramadah_10_3,10,Int64,false,taylor,transfree,0.0,0.000317571,0.0006563130000000001,0.0015466529999999998,0.000172241,0.003049886,25,1,8.881784197001252e-16,8.958333333333332,1,2.220446049250313e-16,0.1959494301366824,9.564265656216827,60.50895669867163,diag_5120,6.35635224851983,11.89090909090909,4.215520833463272,53
dramadah_10_3,10,Int64,false,taylor,transfree,0.0,0.0005210000000000001,0.000784656,0.0031601290000000002,0.000469163,0.005499587,25,1,1.004667884377312e-19,8.958333333333333,1,2.220446049250313e-16,0.1959494301366824,9.564265656216831,60.50895669867163,diag_5120,6.35635224851983,11.89090909090909,4.215520833463272,256
dramadah_10_3,10,Int64,false,taylor,transfree,0.0,0.000824124,0.0016366349999999998,0.004913892,0.000871437,0.008971594,25,1,1.004667884377312e-19,8.958333333333333,1,2.220446049250313e-16,0.1959494301366824,9.564265656216831,60.50895669867163,diag_5120,6.35635224851983,11.89090909090909,4.215520833463272,851
dramadah_10_3,10,Int64,false,taylor,complexschur,0.004992982,0.0005653459999999999,0.0011424149999999995,0.007504755,3.0e-8,0.016183855,30,0,0,24.70685601802633,1,2.220446049250313e-16,5.071599511012018e-15,2.975086406759754e-13,60.50895669867163,diag_5120,6.35635224851983,11.89090909090909,4.215520833463272,53
dramadah_10_3,10,Int64,false,taylor,complexschur,0.010487059,0.000924988,0.001994213,0.009388518,4.0e-8,0.02511407,30,0,1.023695703327672e-17,24.70685601802627,1,2.220446049250313e-16,4.40505769827854e-21,2.599180531015299e-19,60.50895669867163,diag_5120,6.35635224851983,11.89090909090909,4.215520833463272,256
dramadah_10_3,10,Int64,false,taylor,complexschur,0.015071516,0.0011114570000000002,0.002494288,0.012398636,3.0e-8,0.034313863,30,0,1.023695703327672e-17,24.70685601802627,1,2.220446049250313e-16,4.40505769827854e-21,2.599180531015231e-19,60.50895669867163,diag_5120,6.35635224851983,11.89090909090909,4.215520833463272,851
dramadah_10_3,10,Int64,false,taylor,realschur,0.0,0.00037474899999999996,0.0007459659999999999,0.001813567,0.000172902,0.003528295,25,1,8.881784197001252e-16,8.958333333333332,1,2.220446049250313e-16,0.1959494301366824,9.564265656216827,60.50895669867163,diag_5120,6.35635224851983,11.89090909090909,4.215520833463272,53
dramadah_10_3,10,Int64,false,taylor,realschur,0.0,0.00036269,0.000708261,0.001816353,0.000237397,0.003490724,25,1,1.004667884377312e-19,8.958333333333333,1,2.220446049250313e-16,0.1959494301366824,9.564265656216831,60.50895669867163,diag_5120,6.35635224851983,11.89090909090909,4.215520833463272,256
dramadah_10_3,10,Int64,false,taylor,realschur,0.0,0.0005838330000000001,0.00100386,0.004324097,0.000831119,0.007406444,25,1,1.004667884377312e-19,8.958333333333333,1,2.220446049250313e-16,0.1959494301366824,9.564265656216831,60.50895669867163,diag_5120,6.35635224851983,11.89090909090909,4.215520833463272,851
forsythe_10,10,Float64,false,scaling_and_squaring,NaN,NaN,NaN,NaN,NaN,NaN,3.6069e-5,NaN,NaN,NaN,NaN,NaN,2.220446049250313e-16,1.913471545895374e-16,7.785170747998506e-16,2.718281525573197,diag_5120,1.691360042031752,6.7108864e7,6.7108864e7,53
forsythe_10,10,Float64,false,diagonalcheap,transfree,0.0,1.6219999999999999e-6,0.001040071,0.001173237,3.0e-8,0.002435014,9,0,0,2.718281525573197,2.718281825640393,2.220446049250313e-16,2.013928584454514e-14,4.570494524958972e-14,2.718281525573197,diag_5120,1.691360042031752,6.7108864e7,6.7108864e7,53
forsythe_10,10,Float64,false,diagonalcheap,transfree,0.0,1.351e-6,0.0009807460000000002,0.00136769,3.0e-8,0.002536949,9,0,4.657588353352383e-22,2.718281525573197,2.718281825640393,2.220446049250313e-16,2.013902353018806e-14,4.516996614096236e-14,2.718281525573197,diag_5120,1.691360042031752,6.7108864e7,6.7108864e7,256
forsythe_10,10,Float64,false,diagonalcheap,transfree,0.0,1.5930000000000002e-6,0.001154922,0.0015974820000000001,3.0e-8,0.002956005,9,0,4.657588353352383e-22,2.718281525573197,2.718281825640393,2.220446049250313e-16,2.013902353018806e-14,4.516996614096236e-14,2.718281525573197,diag_5120,1.691360042031752,6.7108864e7,6.7108864e7,851
forsythe_10,10,Float64,false,diagonalcheap,complexschur,0.00847493,2.194e-6,0.0013095389999999998,0.004375045,3.0e-8,0.015977028,9,0,0,2.738677004148674,2.9189240922156237,2.220446049250313e-16,1.982856575463956e-15,1.146565145236141e-14,2.718281525573197,diag_5120,1.691360042031752,6.7108864e7,6.7108864e7,53
forsythe_10,10,Float64,false,diagonalcheap,complexschur,0.016640565,2.3529999999999997e-6,0.0014311109999999999,0.005486893,4.0e-8,0.02571663,9,0,1.873236511828671e-21,2.989728598267253,2.950367191022581,2.220446049250313e-16,5.471283074403182e-31,2.519479870919997e-30,2.718281525573197,diag_5120,1.691360042031752,6.7108864e7,6.7108864e7,256
forsythe_10,10,Float64,false,diagonalcheap,complexschur,0.025166273,2.435e-6,0.0015810810000000002,0.006145499,4.0e-8,0.036445265,9,0,9.556814715668482e-21,2.742699710889863,2.837474761389923,2.220446049250313e-16,5.47128307440299e-31,2.519479870919647e-30,2.718281525573197,diag_5120,1.691360042031752,6.7108864e7,6.7108864e7,851
forsythe_10,10,Float64,false,diagonalcheap,realschur,0.0,2.435e-6,0.001563444,0.0020805420000000003,4.0e-8,0.004053596,9,0,0,2.718281525573197,2.718281825640393,2.220446049250313e-16,2.013928584454514e-14,4.570494524958972e-14,2.718281525573197,diag_5120,1.691360042031752,6.7108864e7,6.7108864e7,53
forsythe_10,10,Float64,false,diagonalcheap,realschur,0.0,2.234e-6,0.0014917599999999997,0.002305675,4.0e-8,0.004127168,9,0,4.657588353352383e-22,2.718281525573197,2.718281825640393,2.220446049250313e-16,2.013902353018806e-14,4.516996614096236e-14,2.718281525573197,diag_5120,1.691360042031752,6.7108864e7,6.7108864e7,256
forsythe_10,10,Float64,false,diagonalcheap,realschur,0.0,2.2459999999999998e-6,0.001734593,0.002735211,4.0e-8,0.004831743,9,0,4.657588353352383e-22,2.718281525573197,2.718281825640393,2.220446049250313e-16,2.013902353018806e-14,4.516996614096236e-14,2.718281525573197,diag_5120,1.691360042031752,6.7108864e7,6.7108864e7,851
forsythe_10,10,Float64,false,taylor,transfree,0.0,0.00031533600000000005,0.0005388469999999999,0.001212102,3.0e-8,0.002285226,20,0,4.440892098500626e-16,2.666666666666667,1,2.220446049250313e-16,2.013905721422203e-14,4.528619743988463e-14,2.718281525573197,diag_5120,1.691360042031752,6.7108864e7,6.7108864e7,53
forsythe_10,10,Float64,false,taylor,transfree,0.0,0.000305297,0.0005344459999999999,0.001228161,4.0e-8,0.002283712,20,0,2.050298068624661e-20,2.666666666666667,1,2.220446049250313e-16,2.013902353018806e-14,4.516996614096236e-14,2.718281525573197,diag_5120,1.691360042031752,6.7108864e7,6.7108864e7,256
forsythe_10,10,Float64,false,taylor,transfree,0.0,0.00035346199999999997,0.000654709,0.001473763,4.0e-8,0.002719731,20,0,2.050298068624661e-20,2.666666666666667,1,2.220446049250313e-16,2.013902353018806e-14,4.516996614096236e-14,2.718281525573197,diag_5120,1.691360042031752,6.7108864e7,6.7108864e7,851
forsythe_10,10,Float64,false,taylor,complexschur,0.007925694,0.0006054939999999999,0.0015599629999999997,0.009497817,6.0e-8,0.022434969,20,0,0,2.936898378661384,1,2.220446049250313e-16,1.977737607101583e-15,1.146961540739205e-14,2.718281525573197,diag_5120,1.691360042031752,6.7108864e7,6.7108864e7,53
forsythe_10,10,Float64,false,taylor,complexschur,0.012519869,0.000405001,0.0010948250000000007,0.007820833,4.0e-8,0.025581591,20,0,8.018150256683199e-20,2.936898378661376,1,2.220446049250313e-16,1.838813680409096e-36,6.854153598987406e-36,2.718281525573197,diag_5120,1.691360042031752,6.7108864e7,6.7108864e7,256
forsythe_10,10,Float64,false,taylor,complexschur,0.029780257,0.0004604450000000001,0.001323419,0.006980924,4.0e-8,0.041568279,20,0,2.788510203787065e-19,2.936898378661376,1,2.220446049250313e-16,1.838807413914591e-36,6.751014373129644e-36,2.718281525573197,diag_5120,1.691360042031752,6.7108864e7,6.7108864e7,851
forsythe_10,10,Float64,false,taylor,realschur,0.0,0.00030359399999999997,0.0005556170000000001,0.0011997070000000002,4.0e-8,0.002294513,20,0,4.440892098500626e-16,2.666666666666667,1,2.220446049250313e-16,2.013905721422203e-14,4.528619743988463e-14,2.718281525573197,diag_5120,1.691360042031752,6.7108864e7,6.7108864e7,53
forsythe_10,10,Float64,false,taylor,realschur,0.0,0.000316959,0.000521932,0.0012241259999999999,3.0e-8,0.002255708,20,0,2.050298068624661e-20,2.666666666666667,1,2.220446049250313e-16,2.013902353018806e-14,4.516996614096236e-14,2.718281525573197,diag_5120,1.691360042031752,6.7108864e7,6.7108864e7,256
forsythe_10,10,Float64,false,taylor,realschur,0.0,0.000337989,0.0005736140000000001,0.0013696539999999997,3.1e-8,0.002482644,20,0,2.050298068624661e-20,2.666666666666667,1,2.220446049250313e-16,2.013902353018806e-14,4.516996614096236e-14,2.718281525573197,diag_5120,1.691360042031752,6.7108864e7,6.7108864e7,851
leslie_10_1,10,Int64,false,scaling_and_squaring,NaN,NaN,NaN,NaN,NaN,NaN,2.3906e-5,NaN,NaN,NaN,NaN,NaN,2.220446049250313e-16,1.30487581046622e-16,1.428611361829699e-15,7.389055727637594,diag_5120,4.355216783714111,4.0,10.90832691319598,53
leslie_10_1,10,Int64,false,diagonalcheap,transfree,0.0,2.414e-6,0.001392719,0.0018075270000000002,5.0e-8,0.003494902,9,0,0,7.389055727637595,5.775202858683045,2.220446049250313e-16,1.744022941552431e-16,2.150851881365842e-15,7.389055727637594,diag_5120,4.355216783714111,4.0,10.90832691319598,53
leslie_10_1,10,Int64,false,diagonalcheap,transfree,0.0,2.145e-6,0.00134108,0.001999245,4.0e-8,0.003590045,9,0,6.907604185044151e-16,7.389055727637595,5.775202858683046,2.220446049250313e-16,9.68326525424522e-17,6.863404952601399e-16,7.389055727637594,diag_5120,4.355216783714111,4.0,10.90832691319598,256
leslie_10_1,10,Int64,false,diagonalcheap,transfree,0.0,2.2039999999999996e-6,0.0014880730000000001,0.0025465160000000004,4.0e-8,0.004317273,9,0,6.907604185044151e-16,7.389055727637595,5.775202858683046,2.220446049250313e-16,9.68326525424522e-17,6.863404952601399e-16,7.389055727637594,diag_5120,4.355216783714111,4.0,10.90832691319598,851
leslie_10_1,10,Int64,false,diagonalcheap,complexschur,0.007038287,2.9850000000000002e-6,0.001820119,0.006336039,4.1e-8,0.017113995,9,0,0,7.381808277940835,7.247533231563906,2.220446049250313e-16,1.239715637673809e-15,1.749990252661693e-14,7.389055727637594,diag_5120,4.355216783714111,4.0,10.90832691319598,53
leslie_10_1,10,Int64,false,diagonalcheap,complexschur,0.012865635,4.508e-6,0.0024460479999999997,0.006020497,3.0e-8,0.02368846,9,0,6.947485166724445e-16,7.381808277940845,8.1011446480981,2.220446049250313e-16,7.296331764019798e-17,5.422103114538801e-16,7.389055727637594,diag_5120,4.355216783714111,4.0,10.90832691319598,256
leslie_10_1,10,Int64,false,diagonalcheap,complexschur,0.014034101,3.0870000000000003e-6,0.0025840290000000003,0.010705302,1.4e-7,0.031131826,9,0,6.945624483424956e-16,7.381808277940845,7.245592189053879,2.220446049250313e-16,7.296331764019797e-17,5.422103159884891e-16,7.389055727637594,diag_5120,4.355216783714111,4.0,10.90832691319598,851
leslie_10_1,10,Int64,false,diagonalcheap,realschur,0.005283311,2.0939999999999998e-6,0.0010067049999999999,0.0012758150000000002,3.0e-8,0.008104948,9,0,0,7.381808277940835,7.98508647745052,2.220446049250313e-16,1.266865827726913e-15,1.861210422020687e-14,7.389055727637594,diag_5120,4.355216783714111,4.0,10.90832691319598,53
leslie_10_1,10,Int64,false,diagonalcheap,realschur,0.011800285,2.9460000000000003e-6,0.00171176,0.0026288310000000003,4.0e-8,0.016984286,9,0,8.968271552347326e-16,7.381808277940845,10.25353252004461,2.220446049250313e-16,7.770846296694685e-17,6.333944709574962e-16,7.389055727637594,diag_5120,4.355216783714111,4.0,10.90832691319598,256
leslie_10_1,10,Int64,false,diagonalcheap,realschur,0.014074279,2.795e-6,0.0011975540000000002,0.0030834390000000003,4.0e-8,0.019823997,9,0,8.968271552347328e-16,8.040041902105228,7.985086477450528,2.220446049250313e-16,7.770846296694685e-17,6.333944709574962e-16,7.389055727637594,diag_5120,4.355216783714111,4.0,10.90832691319598,851
leslie_10_1,10,Int64,false,taylor,transfree,0.0,0.0022868579999999997,0.001744555,0.007185158,5.1e-8,0.011560624,90,0,8.881784197001252e-16,6.333333333333334,1,2.220446049250313e-16,7.317038294320716e-17,7.148491265398923e-16,7.389055727637594,diag_5120,4.355216783714111,4.0,10.90832691319598,53
leslie_10_1,10,Int64,false,taylor,transfree,0.0,0.00048528399999999994,0.000743929,0.0017629219999999999,4.0e-8,0.003291581,25,0,1.796745132770597e-19,6.333333333333333,1,2.220446049250313e-16,2.512584562166301e-20,1.780895509122174e-19,7.389055727637594,diag_5120,4.355216783714111,4.0,10.90832691319598,256
leslie_10_1,10,Int64,false,taylor,transfree,0.0,0.0005049390000000001,0.0009189890000000004,0.002102994,4.0e-8,0.003797063,25,0,1.796745132770597e-19,6.333333333333333,1,2.220446049250313e-16,2.512584562166301e-20,1.780895509122174e-19,7.389055727637594,diag_5120,4.355216783714111,4.0,10.90832691319598,851
leslie_10_1,10,Int64,false,taylor,complexschur,0.004611269,0.000415628,0.0012455370000000001,0.007061720999999999,4.0e-8,0.016184979,25,0,8.881784197001252e-16,6.32842794134895,1,2.220446049250313e-16,1.276693543835234e-15,1.841952280931913e-14,7.389055727637594,diag_5120,4.355216783714111,4.0,10.90832691319598,53
leslie_10_1,10,Int64,false,taylor,complexschur,0.01325879,0.000466307,0.001239034,0.006953942,4.0e-8,0.024220423,25,0,1.773893497302075e-19,6.328427941348953,1,2.220446049250313e-16,1.893230302217115e-20,1.406911031382933e-19,7.389055727637594,diag_5120,4.355216783714111,4.0,10.90832691319598,256
leslie_10_1,10,Int64,false,taylor,complexschur,0.020263753,0.0005280749999999999,0.001514564,0.008057426,3.0e-8,0.033595465,25,0,1.773893497302075e-19,6.328427941348953,1,2.220446049250313e-16,1.893230302217115e-20,1.406911030635737e-19,7.389055727637594,diag_5120,4.355216783714111,4.0,10.90832691319598,851
leslie_10_1,10,Int64,false,taylor,realschur,0.007769614,0.00038749499999999996,0.001135755,0.002343437,3.0e-8,0.012254118,25,0,8.881784197001252e-16,7.193291205806618,1,2.220446049250313e-16,1.243116189543962e-15,1.798067842747847e-14,7.389055727637594,diag_5120,4.355216783714111,4.0,10.90832691319598,53
leslie_10_1,10,Int64,false,taylor,realschur,0.009851879,0.00038738499999999996,0.0012092559999999997,0.0031516710000000004,5.0e-8,0.015659027,25,0,1.773893497302075e-19,7.193291205806623,1,2.220446049250313e-16,2.016355927156399e-20,1.643512937748674e-19,7.389055727637594,diag_5120,4.355216783714111,4.0,10.90832691319598,256
leslie_10_1,10,Int64,false,taylor,realschur,0.017665937,0.00029634899999999995,0.000960978,0.002561518,3.0e-8,0.022461611,25,0,1.773893497302075e-19,7.193291205806623,1,2.220446049250313e-16,2.016355927156399e-20,1.643512937748674e-19,7.389055727637594,diag_5120,4.355216783714111,4.0,10.90832691319598,851
leslie_10_2,10,Int64,false,scaling_and_squaring,NaN,NaN,NaN,NaN,NaN,NaN,2.7413e-5,NaN,NaN,NaN,NaN,NaN,2.220446049250313e-16,1.30487581046622e-16,1.428611361829699e-15,7.389055727637594,diag_5120,4.355216783714111,4.0,10.90832691319598,53
leslie_10_2,10,Int64,false,diagonalcheap,transfree,0.0,2.123e-6,0.001039457,0.0011559229999999999,4.0e-8,0.002403493,9,0,0,7.389055727637595,5.775202858683045,2.220446049250313e-16,1.744022941552431e-16,2.150851881365842e-15,7.389055727637594,diag_5120,4.355216783714111,4.0,10.90832691319598,53
leslie_10_2,10,Int64,false,diagonalcheap,transfree,0.0,1.634e-6,0.000954315,0.001302534,4.0e-8,0.002435625,9,0,6.907604185044151e-16,7.389055727637595,5.775202858683046,2.220446049250313e-16,9.68326525424522e-17,6.863404952601399e-16,7.389055727637594,diag_5120,4.355216783714111,4.0,10.90832691319598,256
leslie_10_2,10,Int64,false,diagonalcheap,transfree,0.0,1.994e-6,0.001046341,0.001644623,3.0e-8,0.002891231,9,0,6.907604185044151e-16,7.389055727637595,5.775202858683046,2.220446049250313e-16,9.68326525424522e-17,6.863404952601399e-16,7.389055727637594,diag_5120,4.355216783714111,4.0,10.90832691319598,851
leslie_10_2,10,Int64,false,diagonalcheap,complexschur,0.004540874,2.215e-6,0.0013167330000000003,0.005940763,4.0e-8,0.014773794,9,0,0,7.381808277940835,7.247533231563906,2.220446049250313e-16,1.239715637673809e-15,1.749990252661693e-14,7.389055727637594,diag_5120,4.355216783714111,4.0,10.90832691319598,53
leslie_10_2,10,Int64,false,diagonalcheap,complexschur,0.011158141,2.734e-6,0.0014636659999999995,0.005036887,3.0e-8,0.019831723,9,0,6.947485166724445e-16,7.381808277940845,8.1011446480981,2.220446049250313e-16,7.296331764019798e-17,5.422103114538801e-16,7.389055727637594,diag_5120,4.355216783714111,4.0,10.90832691319598,256
leslie_10_2,10,Int64,false,diagonalcheap,complexschur,0.019333194,3.226e-6,0.0016728050000000003,0.006690349,4.0e-8,0.030982488,9,0,6.945624483424956e-16,7.381808277940845,7.245592189053879,2.220446049250313e-16,7.296331764019797e-17,5.422103159884891e-16,7.389055727637594,diag_5120,4.355216783714111,4.0,10.90832691319598,851
leslie_10_2,10,Int64,false,diagonalcheap,realschur,0.004244373,3.1350000000000005e-6,0.001299501,0.002196355,6.0e-8,0.008566155,9,0,0,7.381808277940835,7.98508647745052,2.220446049250313e-16,1.266865827726913e-15,1.861210422020687e-14,7.389055727637594,diag_5120,4.355216783714111,4.0,10.90832691319598,53
leslie_10_2,10,Int64,false,diagonalcheap,realschur,0.013309408,3.396e-6,0.0014701349999999998,0.0018043830000000001,4.0e-8,0.017354758,9,0,8.968271552347326e-16,7.381808277940845,10.25353252004461,2.220446049250313e-16,7.770846296694685e-17,6.333944709574962e-16,7.389055727637594,diag_5120,4.355216783714111,4.0,10.90832691319598,256
leslie_10_2,10,Int64,false,diagonalcheap,realschur,0.013101328,3.988000000000001e-6,0.002018823,0.0035475840000000003,4.0e-8,0.020224738,9,0,8.968271552347328e-16,8.040041902105228,7.985086477450528,2.220446049250313e-16,7.770846296694685e-17,6.333944709574962e-16,7.389055727637594,diag_5120,4.355216783714111,4.0,10.90832691319598,851
leslie_10_2,10,Int64,false,taylor,transfree,0.0,0.0019505310000000004,0.00146082,0.006132171999999999,8.0e-8,0.00983757,90,0,8.881784197001252e-16,6.333333333333334,1,2.220446049250313e-16,7.317038294320716e-17,7.148491265398923e-16,7.389055727637594,diag_5120,4.355216783714111,4.0,10.90832691319598,53
leslie_10_2,10,Int64,false,taylor,transfree,0.0,0.0005415909999999999,0.0008893199999999998,0.0025903420000000003,4.0e-8,0.004328926,25,0,1.796745132770597e-19,6.333333333333333,1,2.220446049250313e-16,2.512584562166301e-20,1.780895509122174e-19,7.389055727637594,diag_5120,4.355216783714111,4.0,10.90832691319598,256
leslie_10_2,10,Int64,false,taylor,transfree,0.0,0.0006152929999999999,0.0009949130000000003,0.0031972590000000005,4.0e-8,0.005112533,25,0,1.796745132770597e-19,6.333333333333333,1,2.220446049250313e-16,2.512584562166301e-20,1.780895509122174e-19,7.389055727637594,diag_5120,4.355216783714111,4.0,10.90832691319598,851
leslie_10_2,10,Int64,false,taylor,complexschur,0.007339446,0.0005011919999999999,0.0013995300000000004,0.009852560000000002,5.1e-8,0.022066461,25,0,8.881784197001252e-16,6.32842794134895,1,2.220446049250313e-16,1.276693543835234e-15,1.841952280931913e-14,7.389055727637594,diag_5120,4.355216783714111,4.0,10.90832691319598,53
leslie_10_2,10,Int64,false,taylor,complexschur,0.012010671,0.000657425,0.0016869750000000003,0.008943822,4.1e-8,0.025733696,25,0,1.773893497302075e-19,6.328427941348953,1,2.220446049250313e-16,1.893230302217115e-20,1.406911031382933e-19,7.389055727637594,diag_5120,4.355216783714111,4.0,10.90832691319598,256
leslie_10_2,10,Int64,false,taylor,complexschur,0.01303462,0.000471075,0.0014900660000000004,0.009707249999999999,4.0e-8,0.028248222,25,0,1.773893497302075e-19,6.328427941348953,1,2.220446049250313e-16,1.893230302217115e-20,1.406911030635737e-19,7.389055727637594,diag_5120,4.355216783714111,4.0,10.90832691319598,851
leslie_10_2,10,Int64,false,taylor,realschur,0.004748874,0.00024300700000000003,0.0007094730000000001,0.001619415,6.0e-8,0.007900465,25,0,8.881784197001252e-16,7.193291205806618,1,2.220446049250313e-16,1.243116189543962e-15,1.798067842747847e-14,7.389055727637594,diag_5120,4.355216783714111,4.0,10.90832691319598,53
leslie_10_2,10,Int64,false,taylor,realschur,0.012101947,0.00033943199999999997,0.0010820520000000002,0.001919151,3.0e-8,0.01608631,25,0,1.773893497302075e-19,7.193291205806623,1,2.220446049250313e-16,2.016355927156399e-20,1.643512937748674e-19,7.389055727637594,diag_5120,4.355216783714111,4.0,10.90832691319598,256
leslie_10_2,10,Int64,false,taylor,realschur,0.018433175,0.000242908,0.00092581,0.002212186,3.0e-8,0.022713928,25,0,1.773893497302075e-19,7.193291205806623,1,2.220446049250313e-16,2.016355927156399e-20,1.643512937748674e-19,7.389055727637594,diag_5120,4.355216783714111,4.0,10.90832691319598,851
randn_xoshiro10_10x10,10,Float64,false,scaling_and_squaring,NaN,NaN,NaN,NaN,NaN,NaN,2.3074e-5,NaN,NaN,NaN,NaN,NaN,2.220446049250313e-16,5.873098925329099e-16,2.088865165095692e-14,40.01460176271689,diag_5120,10.32041256959357,41.3848619534701,15.049166372723016,53
randn_xoshiro10_10x10,10,Float64,false,diagonalcheap,transfree,0.0,0.00030155,0.0028275980000000006,0.003512816,0.000218089,0.007283459,21,1,1.752446614952847e-15,9.635227057573768,14.814229249280237,2.220446049250313e-16,5.659535568631686e-16,2.320360922806308e-14,40.01460176271689,diag_5120,10.32041256959357,41.3848619534701,15.049166372723016,53
randn_xoshiro10_10x10,10,Float64,false,diagonalcheap,transfree,0.0,0.00011677499999999999,0.0018488970000000004,0.003059342,0.000296901,0.005748737,13,1,2.559971122707498e-26,9.635227057573768,14.781416516581926,2.220446049250313e-16,7.565874320148429e-32,2.803359001916131e-30,40.01460176271689,diag_5120,10.32041256959357,41.3848619534701,15.049166372723016,256
randn_xoshiro10_10x10,10,Float64,false,diagonalcheap,transfree,0.0,0.000121185,0.00206942,0.0047286739999999996,0.000508238,0.008015998,13,1,2.559971122707498e-26,9.635227057573768,14.781416516581926,2.220446049250313e-16,7.565874320148429e-32,2.803359001916131e-30,40.01460176271689,diag_5120,10.32041256959357,41.3848619534701,15.049166372723016,851
randn_xoshiro10_10x10,10,Float64,false,diagonalcheap,complexschur,0.00474127,0.0015087109999999998,0.01072055,0.026337377999999998,3.0e-8,0.045219786,81,0,8.440594139815203e-15,44.35464552641518,64.46679704868046,2.220446049250313e-16,2.842235903747185e-15,1.000866576565606e-13,40.01460176271689,diag_5120,10.32041256959357,41.3848619534701,15.049166372723016,53
randn_xoshiro10_10x10,10,Float64,false,diagonalcheap,complexschur,0.010203015,0.00024356899999999998,0.002733444,0.007850555,3.0e-8,0.023419866,13,0,2.61933446135406e-18,44.35464552641525,63.464508574666795,2.220446049250313e-16,3.294384305998785e-24,1.222266121054984e-22,40.01460176271689,diag_5120,10.32041256959357,41.3848619534701,15.049166372723016,256
randn_xoshiro10_10x10,10,Float64,false,diagonalcheap,complexschur,0.01820207,0.00020478300000000002,0.0024339500000000003,0.008462496,4.0e-8,0.032757125,13,0,2.619334461354059e-18,44.35464552641525,63.46450857466678,2.220446049250313e-16,3.294384305998785e-24,1.222266121054984e-22,40.01460176271689,diag_5120,10.32041256959357,41.3848619534701,15.049166372723016,851
randn_xoshiro10_10x10,10,Float64,false,diagonalcheap,realschur,0.004180861,0.0009702469999999998,0.008687078000000003,0.0071617650000000005,4.0e-8,0.021605215,73,0,8.357033367955553e-15,41.41963735757311,71.82713090716426,2.220446049250313e-16,2.918794370348824e-15,1.007960902579782e-13,40.01460176271689,diag_5120,10.32041256959357,41.3848619534701,15.049166372723016,53
randn_xoshiro10_10x10,10,Float64,false,diagonalcheap,realschur,0.006544237,9.6617e-5,0.0014375839999999998,0.0017690440000000002,3.0e-8,0.010448166,13,0,1.219095080489175e-19,41.41963735757318,70.43204659992956,2.220446049250313e-16,3.306288039413319e-24,1.221393958706218e-22,40.01460176271689,diag_5120,10.32041256959357,41.3848619534701,15.049166372723016,256
randn_xoshiro10_10x10,10,Float64,false,diagonalcheap,realschur,0.01829536,0.00010735700000000001,0.00189001,0.002626424,3.0e-8,0.023825085,13,0,2.746390137634537e-18,41.41963735757317,70.43204659992955,2.220446049250313e-16,3.306288039413319e-24,1.221393958706218e-22,40.01460176271689,diag_5120,10.32041256959357,41.3848619534701,15.049166372723016,851
randn_xoshiro10_10x10,10,Float64,false,taylor,transfree,0.0,0.00046621800000000007,0.000987077,0.002384676,3.0e-8,0.004061692,30,0,7.105427357601002e-15,33.01383701135341,1,2.220446049250313e-16,1.688763023724654e-16,5.63353434587539e-15,40.01460176271689,diag_5120,10.32041256959357,41.3848619534701,15.049166372723016,53
randn_xoshiro10_10x10,10,Float64,false,taylor,transfree,0.0,0.00031492399999999995,0.0007216980000000001,0.0025512480000000003,3.0e-8,0.00375383,30,0,3.806644609322578e-16,33.01383701135341,1,2.220446049250313e-16,1.856761301847454e-19,6.05946325949194e-18,40.01460176271689,diag_5120,10.32041256959357,41.3848619534701,15.049166372723016,256
randn_xoshiro10_10x10,10,Float64,false,taylor,transfree,0.0,0.00045563600000000004,0.0010402069999999994,0.02585994,5.0e-8,0.02762311,30,0,3.806644609322578e-16,33.01383701135341,1,2.220446049250313e-16,1.856761301847454e-19,6.05946325949194e-18,40.01460176271689,diag_5120,10.32041256959357,41.3848619534701,15.049166372723016,851
randn_xoshiro10_10x10,10,Float64,false,taylor,complexschur,0.004137678,0.000669296,0.0013311890000000002,0.010174298,4.0e-8,0.019536516,30,0,0,31.7291977755272,1,2.220446049250313e-16,2.942860988571465e-15,1.059708396870739e-13,40.01460176271689,diag_5120,10.32041256959357,41.3848619534701,15.049166372723016,53
randn_xoshiro10_10x10,10,Float64,false,taylor,complexschur,0.009028255,0.0006629460000000001,0.0016367699999999996,0.00793418,4.1e-8,0.02201839,30,0,7.881052071233969e-17,31.72919777552723,1,2.220446049250313e-16,1.040596204289078e-19,3.525374438720048e-18,40.01460176271689,diag_5120,10.32041256959357,41.3848619534701,15.049166372723016,256
randn_xoshiro10_10x10,10,Float64,false,taylor,complexschur,0.016042606,0.000704383,0.001687948,0.009534556000000001,3.0e-8,0.031240277,30,0,7.881052071233969e-17,31.72919777552723,1,2.220446049250313e-16,1.040596204289078e-19,3.525374438720048e-18,40.01460176271689,diag_5120,10.32041256959357,41.3848619534701,15.049166372723016,851
randn_xoshiro10_10x10,10,Float64,false,taylor,realschur,0.005841075,0.00061318,0.001386293,0.003642649,4.0e-8,0.012089062,42,0,0,30.46235534327282,1,2.220446049250313e-16,2.963479311598003e-15,1.032385809121535e-13,40.01460176271689,diag_5120,10.32041256959357,41.3848619534701,15.049166372723016,53
randn_xoshiro10_10x10,10,Float64,false,taylor,realschur,0.00925447,0.00041732399999999995,0.0014728019999999998,0.003231556,0.00039495,0.016032497,25,1,2.188857529275184e-20,8.774531974131822,1,2.220446049250313e-16,1.103317319640558e-22,4.534330327503506e-21,40.01460176271689,diag_5120,10.32041256959357,41.3848619534701,15.049166372723016,256
randn_xoshiro10_10x10,10,Float64,false,taylor,realschur,0.01169772,0.00032836199999999996,0.00106976,0.0022289650000000003,0.000317721,0.016635356,25,1,4.683454783351685e-20,8.774531974131822,1,2.220446049250313e-16,1.103317319640558e-22,4.534330327503506e-21,40.01460176271689,diag_5120,10.32041256959357,41.3848619534701,15.049166372723016,851
orthog_complex_10_3,10,ComplexF64,false,scaling_and_squaring,NaN,NaN,NaN,NaN,NaN,NaN,3.9566e-5,NaN,NaN,NaN,NaN,NaN,2.220446049250313e-16,2.558000072893195e-16,1.436265401773965e-15,5.259393115678251,diag_5120,1.667526579489047,10.000000000000002,1.0000000000000004,53
orthog_complex_10_3,10,ComplexF64,false,diagonalcheap,transfree,0.0,1.724e-6,0.0014225869999999997,0.0057314340000000005,3.0e-8,0.007579248,9,0,0,5.25939311567825,6.7885440894453035,2.220446049250313e-16,1.650991226944663e-16,1.101615199487484e-15,5.259393115678251,diag_5120,1.667526579489047,10.000000000000002,1.0000000000000004,53
orthog_complex_10_3,10,ComplexF64,false,diagonalcheap,transfree,0.0,1.412e-6,0.001240235,0.010393850000000001,4.0e-8,0.012092279,7,0,1.037055241821642e-15,5.259393115678251,6.7885440894453035,2.220446049250313e-16,2.255079621036922e-16,1.372211068012918e-15,5.259393115678251,diag_5120,1.667526579489047,10.000000000000002,1.0000000000000004,256
orthog_complex_10_3,10,ComplexF64,false,diagonalcheap,transfree,0.0,3.296e-6,0.002115168,0.015751136000000002,5.0e-8,0.018780583,7,0,1.037055241821642e-15,5.259393115678251,6.7885440894453035,2.220446049250313e-16,2.255079621036922e-16,1.372211068012918e-15,5.259393115678251,diag_5120,1.667526579489047,10.000000000000002,1.0000000000000004,851
orthog_complex_10_3,10,ComplexF64,false,diagonalcheap,complexschur,0.008541609,2.413e-6,0.0019056750000000001,0.006999613000000001,4.0e-8,0.02042235,9,0,3.687900924354199e-16,2.718281828459053,2.7182818284590526,2.220446049250313e-16,1.736684778284452e-15,1.133005327199619e-14,5.259393115678251,diag_5120,1.667526579489047,10.000000000000002,1.0000000000000004,53
orthog_complex_10_3,10,ComplexF64,false,diagonalcheap,complexschur,0.017793914,3.948e-6,0.0024509949999999996,0.008997056000000002,4.0e-8,0.031968719,9,0,4.657588358182032e-22,2.718281828459048,2.7182818284590473,2.220446049250313e-16,5.438083404866748e-37,4.022111888232201e-36,5.259393115678251,diag_5120,1.667526579489047,10.000000000000002,1.0000000000000004,256
orthog_complex_10_3,10,ComplexF64,false,diagonalcheap,complexschur,0.034727738,2.815e-6,0.0017230319999999993,0.006623419,4.0e-8,0.046643347,9,0,4.657588358182035e-22,2.71828182845905,2.7182818284590504,2.220446049250313e-16,4.805187926319867e-37,3.665208437504558e-36,5.259393115678251,diag_5120,1.667526579489047,10.000000000000002,1.0000000000000004,851
orthog_complex_10_3,10,ComplexF64,false,taylor,transfree,0.0,0.0005833820000000001,0.001646025999999998,0.026789479000000005,4.0e-8,0.029662735,20,0,4.440892098500626e-16,5.18932393686311,1,2.220446049250313e-16,6.56420273138543e-17,3.550629887615364e-16,5.259393115678251,diag_5120,1.667526579489047,10.000000000000002,1.0000000000000004,53
orthog_complex_10_3,10,ComplexF64,false,taylor,transfree,0.0,0.00034632599999999994,0.0012694820000000004,0.007354856999999999,4.0e-8,0.009490365,20,0,2.613236216677277e-18,5.189323936863109,1,2.220446049250313e-16,1.202420571354167e-20,6.290889407065419e-20,5.259393115678251,diag_5120,1.667526579489047,10.000000000000002,1.0000000000000004,256
orthog_complex_10_3,10,ComplexF64,false,taylor,transfree,0.0,0.0005749259999999999,0.002111680999999999,0.017832009000000003,7.0e-8,0.021465208,20,0,2.613236216677277e-18,5.189323936863109,1,2.220446049250313e-16,1.202420571354167e-20,6.290889407065419e-20,5.259393115678251,diag_5120,1.667526579489047,10.000000000000002,1.0000000000000004,851
orthog_complex_10_3,10,ComplexF64,false,taylor,complexschur,0.006244071,0.00042737000000000005,0.001119684,0.006334404,2.41e-7,0.017341296,20,0,0,2.666666666666675,1,2.220446049250313e-16,1.736684778284452e-15,1.133005327199619e-14,5.259393115678251,diag_5120,1.667526579489047,10.000000000000002,1.0000000000000004,53
orthog_complex_10_3,10,ComplexF64,false,taylor,complexschur,0.019837587,0.00053125,0.0016895680000000004,0.006652387,4.0e-8,0.031187409,20,0,2.050298068624699e-20,2.666666666666669,1,2.220446049250313e-16,4.396095975272896e-35,2.564432161143022e-34,5.259393115678251,diag_5120,1.667526579489047,10.000000000000002,1.0000000000000004,256
orthog_complex_10_3,10,ComplexF64,false,taylor,complexschur,0.032355776,0.0005228279999999999,0.001413627,0.007489467,5.0e-8,0.045249907,20,0,2.050298068624709e-20,2.666666666666671,1,2.220446049250313e-16,2.911660508870309e-35,1.873171193412944e-34,5.259393115678251,diag_5120,1.667526579489047,10.000000000000002,1.0000000000000004,851
orthog_10_4,10,Float64,false,scaling_and_squaring,NaN,NaN,NaN,NaN,NaN,NaN,2.3656e-5,NaN,NaN,NaN,NaN,NaN,2.220446049250313e-16,2.383623964747375e-16,1.013006965835226e-15,4.98304800499865,diag_5120,2.910588815126426,8.340928899208869,1.000000000000001,53
orthog_10_4,10,Float64,false,diagonalcheap,transfree,0.0,7.2721e-5,0.001222007,0.0015585590000000002,6.0e-8,0.003120813,13,0,0,4.98304800499865,5.177632718861016,2.220446049250313e-16,1.469192841389567e-16,6.722329936514934e-16,4.98304800499865,diag_5120,2.910588815126426,8.340928899208869,1.000000000000001,53
orthog_10_4,10,Float64,false,diagonalcheap,transfree,0.0,1.8340000000000001e-6,0.000937955,0.00210017,4.0e-8,0.003336057,9,0,1.343457428433351e-19,4.98304800499865,5.193136888782106,2.220446049250313e-16,1.712793004817672e-22,9.288957092664592e-22,4.98304800499865,diag_5120,2.910588815126426,8.340928899208869,1.000000000000001,256
orthog_10_4,10,Float64,false,diagonalcheap,transfree,0.0,2.785e-6,0.0014199710000000001,0.0036741379999999995,4.0e-8,0.005460934,9,0,1.343457428433351e-19,4.98304800499865,5.193136888782106,2.220446049250313e-16,1.712793004817672e-22,9.288957092664592e-22,4.98304800499865,diag_5120,2.910588815126426,8.340928899208869,1.000000000000001,851
orthog_10_4,10,Float64,false,diagonalcheap,complexschur,0.004391457,3.186e-6,0.001786026,0.007042155,1.0e-7,0.016110228,9,0,0,2.718281828459044,2.718281828459046,2.220446049250313e-16,7.846775616719794e-16,3.319575048938639e-15,4.98304800499865,diag_5120,2.910588815126426,8.340928899208869,1.000000000000001,53
orthog_10_4,10,Float64,false,diagonalcheap,complexschur,0.007326112,4.519e-6,0.002034582,0.0077922090000000005,5.0e-8,0.020905902,9,0,4.657588358181989e-22,2.718281828459046,2.7182818284590455,2.220446049250313e-16,4.683855237867465e-38,1.530845677485818e-37,4.98304800499865,diag_5120,2.910588815126426,8.340928899208869,1.000000000000001,256
orthog_10_4,10,Float64,false,diagonalcheap,complexschur,0.010592514,2.2750000000000002e-6,0.0016067499999999999,0.006541040000000001,3.0e-8,0.02256831,9,0,4.657588358181969e-22,2.718281828459046,2.7182818284590455,2.220446049250313e-16,4.82459572041373e-38,1.628115329465944e-37,4.98304800499865,diag_5120,2.910588815126426,8.340928899208869,1.000000000000001,851
orthog_10_4,10,Float64,false,diagonalcheap,realschur,0.0046583,2.925e-6,0.0015396309999999999,0.0022469430000000004,5.0e-8,0.009359944,9,0,0,2.718281828459044,3.091352987164548,2.220446049250313e-16,7.121501551984166e-16,3.014263717166721e-15,4.98304800499865,diag_5120,2.910588815126426,8.340928899208869,1.000000000000001,53
orthog_10_4,10,Float64,false,diagonalcheap,realschur,0.007813198,3.217e-6,0.0015913210000000001,0.002388074,7.0e-8,0.012833796,9,0,2.525477714542313e-21,2.718281828459046,3.09135298716455,2.220446049250313e-16,5.328724292099661e-38,1.861994256039937e-37,4.98304800499865,diag_5120,2.910588815126426,8.340928899208869,1.000000000000001,256
orthog_10_4,10,Float64,false,diagonalcheap,realschur,0.008415667,2.424e-6,0.0012437809999999998,0.003034226,4.0e-8,0.014216826,9,0,2.525477714542313e-21,2.718281828459046,3.09135298716455,2.220446049250313e-16,5.328724292099661e-38,1.861994256039937e-37,4.98304800499865,diag_5120,2.910588815126426,8.340928899208869,1.000000000000001,851
orthog_10_4,10,Float64,false,taylor,transfree,0.0,0.000362158,0.001001257,0.002517262,4.0e-8,0.004244364,20,0,4.440892098500626e-16,4.858273706230999,1,2.220446049250313e-16,5.845370251040408e-17,1.573211121843111e-16,4.98304800499865,diag_5120,2.910588815126426,8.340928899208869,1.000000000000001,53
orthog_10_4,10,Float64,false,taylor,transfree,0.0,0.000375794,0.001011075,0.003104401,4.1e-8,0.00484057,20,0,9.678581448656734e-19,4.858273706230998,1,2.220446049250313e-16,2.027456267933393e-20,5.622451581880306e-20,4.98304800499865,diag_5120,2.910588815126426,8.340928899208869,1.000000000000001,256
orthog_10_4,10,Float64,false,taylor,transfree,0.0,0.000243309,0.0007184109999999999,0.002520669,1.2e-7,0.00378981,20,0,9.678581448656734e-19,4.858273706230998,1,2.220446049250313e-16,2.027456267933393e-20,5.622451581880306e-20,4.98304800499865,diag_5120,2.910588815126426,8.340928899208869,1.000000000000001,851
orthog_10_4,10,Float64,false,taylor,complexschur,0.003203091,0.0010504299999999995,0.0034902889999999993,0.040684222,0.002211524,0.05269597,90,3,2.220446049250313e-16,1.133148453066826,1,2.220446049250313e-16,7.846775616719794e-16,3.319575048938639e-15,4.98304800499865,diag_5120,2.910588815126426,8.340928899208869,1.000000000000001,53
orthog_10_4,10,Float64,false,taylor,complexschur,0.004576482,0.000443474,0.0012216179999999998,0.008468470999999998,1.9e-7,0.018109444,20,0,2.050298068624671e-20,2.666666666666667,1,2.220446049250313e-16,1.40982873811068e-35,4.832162066131228e-35,4.98304800499865,diag_5120,2.910588815126426,8.340928899208869,1.000000000000001,256
orthog_10_4,10,Float64,false,taylor,complexschur,0.010250166,0.000460415,0.0013672100000000002,0.006785640000000001,4.1e-8,0.021893212,20,0,2.050298068624671e-20,2.666666666666667,1,2.220446049250313e-16,1.462154328866507e-35,4.976869664479829e-35,4.98304800499865,diag_5120,2.910588815126426,8.340928899208869,1.000000000000001,851
orthog_10_4,10,Float64,false,taylor,realschur,0.003521404,0.000357358,0.0010503880000000002,0.002318079,5.0e-8,0.00812018,20,0,4.440892098500626e-16,2.666666666666666,1,2.220446049250313e-16,7.121501551984166e-16,3.014263717166721e-15,4.98304800499865,diag_5120,2.910588815126426,8.340928899208869,1.000000000000001,53
orthog_10_4,10,Float64,false,taylor,realschur,0.006287303,0.000292473,0.0008534119999999999,0.0015867519999999999,3.0e-8,0.009699176,20,0,8.356103000113853e-20,2.666666666666667,1,2.220446049250313e-16,1.628284283143146e-35,6.113445501405633e-35,4.98304800499865,diag_5120,2.910588815126426,8.340928899208869,1.000000000000001,256
orthog_10_4,10,Float64,false,taylor,realschur,0.01259169,0.00023472000000000003,0.0008898630000000001,0.002059592,6.0e-8,0.01680796,20,0,8.356103000113853e-20,2.666666666666667,1,2.220446049250313e-16,1.628284283143146e-35,6.113445501405633e-35,4.98304800499865,diag_5120,2.910588815126426,8.340928899208869,1.000000000000001,851
orthog_10_-2,10,Float64,false,scaling_and_squaring,NaN,NaN,NaN,NaN,NaN,NaN,3.3915e-5,NaN,NaN,NaN,NaN,NaN,2.220446049250313e-16,4.511254515697433e-16,1.36956300344888e-14,25.02622090902918,diag_5120,4.984299072939971,9.691750313280313,1.414213562373096,53
orthog_10_-2,10,Float64,false,diagonalcheap,transfree,0.0,0.00046660500000000004,0.0034870909999999995,0.0039532429999999995,1.0e-7,0.008170416,57,0,0,25.02622090902922,31.31820648800184,2.220446049250313e-16,1.108852062630662e-15,3.566450614397064e-14,25.02622090902918,diag_5120,4.984299072939971,9.691750313280313,1.414213562373096,53
orthog_10_-2,10,Float64,false,diagonalcheap,transfree,0.0,7.8761e-5,0.0010734140000000002,0.00215333,4.0e-8,0.003543315,13,0,3.060218245711766e-22,25.02622090902917,31.520021099193677,2.220446049250313e-16,7.287769035338552e-25,2.033459360544761e-23,25.02622090902918,diag_5120,4.984299072939971,9.691750313280313,1.414213562373096,256
orthog_10_-2,10,Float64,false,diagonalcheap,transfree,0.0,0.00012476999999999999,0.0020955239999999997,0.005604369,4.0e-8,0.008273934,13,0,3.060218245711766e-22,25.02622090902917,31.520021099193677,2.220446049250313e-16,7.287769035338552e-25,2.033459360544761e-23,25.02622090902918,diag_5120,4.984299072939971,9.691750313280313,1.414213562373096,851
orthog_10_-2,10,Float64,false,diagonalcheap,complexschur,0.003946551,0.001152717,0.009218201,0.020093360999999997,3.0e-8,0.03647009,65,0,0,17.03058032837802,20.673757581259252,2.220446049250313e-16,5.9674900194011e-15,2.009713974158227e-13,25.02622090902918,diag_5120,4.984299072939971,9.691750313280313,1.414213562373096,53
orthog_10_-2,10,Float64,false,diagonalcheap,complexschur,0.008809225,0.00022419199999999998,0.0029489539999999997,0.009822962000000001,3.0e-8,0.024386387,13,0,7.574016350552379e-22,19.42509585769734,20.788872315271437,2.220446049250313e-16,4.816672685829649e-25,1.450912670197936e-23,25.02622090902918,diag_5120,4.984299072939971,9.691750313280313,1.414213562373096,256
orthog_10_-2,10,Float64,false,diagonalcheap,complexschur,0.012640564,0.000277684,0.003218412000000001,0.011576455999999999,4.0e-8,0.052547544,13,0,7.574016350552379e-22,19.42509585769734,20.788872315271437,2.220446049250313e-16,4.816672912739144e-25,1.451291355179939e-23,25.02622090902918,diag_5120,4.984299072939971,9.691750313280313,1.414213562373096,851
orthog_10_-2,10,Float64,false,diagonalcheap,realschur,0.002770048,0.0008528730000000001,0.007029302000000002,0.007359485,5.0e-8,0.018884814,81,0,2.167297971893727e-15,17.08654014391,21.062001571755975,2.220446049250313e-16,6.017883110336848e-15,1.997293354070233e-13,25.02622090902918,diag_5120,4.984299072939971,9.691750313280313,1.414213562373096,53
orthog_10_-2,10,Float64,false,diagonalcheap,realschur,0.009226938,0.000126503,0.002012131,0.00194923,3.1e-8,0.014043963,13,0,1.303037744474029e-21,21.25105256591137,21.344251962393052,2.220446049250313e-16,6.5311023959007e-25,1.913071841184915e-23,25.02622090902918,diag_5120,4.984299072939971,9.691750313280313,1.414213562373096,256
orthog_10_-2,10,Float64,false,diagonalcheap,realschur,0.012828826,0.00014132300000000003,0.002308001,0.003974283,5.0e-8,0.020801551,13,0,1.303037744474029e-21,12.61406418867773,22.55772562943928,2.220446049250313e-16,6.5311023959007e-25,1.913071841184915e-23,25.02622090902918,diag_5120,4.984299072939971,9.691750313280313,1.414213562373096,851
orthog_10_-2,10,Float64,false,taylor,transfree,0.0,0.000349112,0.001060921,0.00270875,3.0e-8,0.004506779,25,0,3.552713678800501e-15,19.22528952299733,1,2.220446049250313e-16,1.461374887121868e-16,3.93812852803278e-15,25.02622090902918,diag_5120,4.984299072939971,9.691750313280313,1.414213562373096,53
orthog_10_-2,10,Float64,false,taylor,transfree,0.0,0.00050053,0.0010348530000000003,0.003389588,3.0e-8,0.005268193,30,0,7.912337479541997e-20,19.22528952299733,1,2.220446049250313e-16,3.299467049767681e-23,9.113313625666809e-22,25.02622090902918,diag_5120,4.984299072939971,9.691750313280313,1.414213562373096,256
orthog_10_-2,10,Float64,false,taylor,transfree,0.0,0.000318771,0.0007808330000000001,0.004202371999999999,4.0e-8,0.005581245,30,0,7.912337479541997e-20,19.22528952299733,1,2.220446049250313e-16,3.299467049767681e-23,9.113313625666809e-22,25.02622090902918,diag_5120,4.984299072939971,9.691750313280313,1.414213562373096,851
orthog_10_-2,10,Float64,false,taylor,complexschur,0.004483885,0.000773678,0.0016593610000000003,0.012038476000000001,2.1e-7,0.022196275,30,0,0,13.26456171746443,1,2.220446049250313e-16,6.027636501801876e-15,2.036081770993074e-13,25.02622090902918,diag_5120,4.984299072939971,9.691750313280313,1.414213562373096,53
orthog_10_-2,10,Float64,false,taylor,complexschur,0.009897879,0.00082686,0.001890319,0.013051594,7.0e-8,0.029641617,30,0,2.787623213324457e-20,13.26456171746442,1,2.220446049250313e-16,2.174821911901242e-23,6.532023938474145e-22,25.02622090902918,diag_5120,4.984299072939971,9.691750313280313,1.414213562373096,256
orthog_10_-2,10,Float64,false,taylor,complexschur,0.016092645,0.000730836,0.0018367509999999995,0.009879488,4.0e-8,0.03197174,30,0,2.787623213324457e-20,13.26456171746442,1,2.220446049250313e-16,2.174821330809227e-23,6.534468153070773e-22,25.02622090902918,diag_5120,4.984299072939971,9.691750313280313,1.414213562373096,851
orthog_10_-2,10,Float64,false,taylor,realschur,0.004727393,0.0011052299999999998,0.0025059619999999996,0.0057058000000000005,0.000170999,0.015084325,90,1,8.881784197001252e-16,4.846894031746666,1,2.220446049250313e-16,5.941865564401294e-15,1.972105169199049e-13,25.02622090902918,diag_5120,4.984299072939971,9.691750313280313,1.414213562373096,53
orthog_10_-2,10,Float64,false,taylor,realschur,0.005256922,0.00030058800000000007,0.000819514,0.0019249560000000002,4.0e-8,0.008966478,30,0,3.902673942828834e-20,14.39351331404849,1,2.220446049250313e-16,2.948647817581916e-23,8.634294851754162e-22,25.02622090902918,diag_5120,4.984299072939971,9.691750313280313,1.414213562373096,256
orthog_10_-2,10,Float64,false,taylor,realschur,0.011967481,0.000521894,0.0014508289999999998,0.004166845,3.1e-8,0.019347186,30,0,2.454321316751847e-20,14.39351331404849,1,2.220446049250313e-16,2.948647817581916e-23,8.634294851754162e-22,25.02622090902918,diag_5120,4.984299072939971,9.691750313280313,1.414213562373096,851
randcolu_10,10,Float64,false,scaling_and_squaring,NaN,NaN,NaN,NaN,NaN,NaN,2.1291e-5,NaN,NaN,NaN,NaN,NaN,2.220446049250313e-16,1.56884936175679e-16,9.094715851758601e-16,4.853102381454591,diag_5120,2.0546297350755,10.0344205622214,2.901868526762875,53
randcolu_10,10,Float64,false,diagonalcheap,transfree,0.0,2.755e-6,0.001306482,0.02367838,4.0e-8,0.025319313,9,0,0,4.573748691731293,6.374910200849216,2.220446049250313e-16,1.807451734454385e-16,1.19293802179769e-15,4.853102381454591,diag_5120,2.0546297350755,10.0344205622214,2.901868526762875,53
randcolu_10,10,Float64,false,diagonalcheap,transfree,0.0,2.3650000000000002e-6,0.0011275490000000005,0.0018448190000000001,6.0e-8,0.003274839,9,0,4.168486989542677e-19,4.573748691731293,6.3749102008492144,2.220446049250313e-16,1.465539698964871e-21,1.012120005114211e-20,4.853102381454591,diag_5120,2.0546297350755,10.0344205622214,2.901868526762875,256
randcolu_10,10,Float64,false,diagonalcheap,transfree,0.0,2.225e-6,0.001243572,0.0030169629999999997,3.0e-8,0.004571885,9,0,4.168486989542677e-19,4.573748691731293,6.3749102008492144,2.220446049250313e-16,1.465539698964871e-21,1.012120005114211e-20,4.853102381454591,diag_5120,2.0546297350755,10.0344205622214,2.901868526762875,851
randcolu_10,10,Float64,false,diagonalcheap,complexschur,0.003565879,0.0005272419999999999,0.004672931000000002,0.017933978,3.0e-8,0.028813946,43,0,4.196913639493198e-16,2.674537094035141,5.1580597600342895,2.220446049250313e-16,1.48325050959963e-15,9.444006625614738e-15,4.853102381454591,diag_5120,2.0546297350755,10.0344205622214,2.901868526762875,53
randcolu_10,10,Float64,false,diagonalcheap,complexschur,0.006007476,2.466e-6,0.0014525340000000003,0.004816043999999999,4.0e-8,0.014872658,9,0,1.13233291768912e-18,2.674537094035142,5.142504873217827,2.220446049250313e-16,6.137085834125687e-22,4.258613294444581e-21,4.853102381454591,diag_5120,2.0546297350755,10.0344205622214,2.901868526762875,256
randcolu_10,10,Float64,false,diagonalcheap,complexschur,0.017299988,3.596e-6,0.001892762,0.006320748,4.0e-8,0.028896595,9,0,1.13233291768912e-18,3.486534558527956,5.142504873217827,2.220446049250313e-16,6.137085834125687e-22,4.258613294444581e-21,4.853102381454591,diag_5120,2.0546297350755,10.0344205622214,2.901868526762875,851
randcolu_10,10,Float64,false,diagonalcheap,realschur,0.003702191,0.000362399,0.0027823520000000005,0.0037147449999999998,8.1e-8,0.011454594,21,0,0,3.016877029358774,5.8729068691026045,2.220446049250313e-16,1.506995269718341e-15,9.696432291028199e-15,4.853102381454591,diag_5120,2.0546297350755,10.0344205622214,2.901868526762875,53
randcolu_10,10,Float64,false,diagonalcheap,realschur,0.008280168,5.752e-6,0.0013787419999999999,0.001448646,3.0e-8,0.011807072,9,0,1.176118396153963e-18,3.016877029358772,5.846563338290214,2.220446049250313e-16,6.740517494494565e-22,4.529397761565056e-21,4.853102381454591,diag_5120,2.0546297350755,10.0344205622214,2.901868526762875,256
randcolu_10,10,Float64,false,diagonalcheap,realschur,0.011652885,5.34e-6,0.00187665,0.003164648,1.6e-7,0.018245697,9,0,1.176118396153963e-18,3.828874493851586,5.846563338290214,2.220446049250313e-16,6.740517494494565e-22,4.529397761565056e-21,4.853102381454591,diag_5120,2.0546297350755,10.0344205622214,2.901868526762875,851
randcolu_10,10,Float64,false,taylor,transfree,0.0,0.000516624,0.001163217,0.0037476600000000003,4.0e-8,0.00578649,30,0,8.881784197001252e-16,4.735078979946548,1,2.220446049250313e-16,7.086688416502023e-17,3.545276428785795e-16,4.853102381454591,diag_5120,2.0546297350755,10.0344205622214,2.901868526762875,53
randcolu_10,10,Float64,false,taylor,transfree,0.0,0.00033324,0.000983194,0.002419913,1.51e-7,0.004040792,20,0,3.180824247022996e-17,4.735078979946548,1,2.220446049250313e-16,9.480541808816368e-19,6.632966117655064e-18,4.853102381454591,diag_5120,2.0546297350755,10.0344205622214,2.901868526762875,256
randcolu_10,10,Float64,false,taylor,transfree,0.0,0.000351035,0.0009513100000000002,0.003060878,7.1e-8,0.004739597,20,0,3.180824247022996e-17,4.735078979946548,1,2.220446049250313e-16,9.480541808816368e-19,6.632966117655064e-18,4.853102381454591,diag_5120,2.0546297350755,10.0344205622214,2.901868526762875,851
randcolu_10,10,Float64,false,taylor,complexschur,0.003822213,0.00039933,0.0010022520000000001,0.007090585999999999,4.1e-8,0.015480148,20,0,0,3.395561153276938,1,2.220446049250313e-16,1.491041474286597e-15,9.849931918993311e-15,4.853102381454591,diag_5120,2.0546297350755,10.0344205622214,2.901868526762875,53
randcolu_10,10,Float64,false,taylor,complexschur,0.01066244,0.0006333980000000001,0.0016038359999999998,0.006770022,4.0e-8,0.022049604,20,0,5.510247933627518e-17,3.395561153276935,1,2.220446049250313e-16,3.884719246466898e-19,2.448014976332506e-18,4.853102381454591,diag_5120,2.0546297350755,10.0344205622214,2.901868526762875,256
randcolu_10,10,Float64,false,taylor,complexschur,0.018375025,0.000858471,0.0018096100000000001,0.011402513000000001,4.0e-8,0.03802841,20,0,5.510247933627518e-17,3.395561153276935,1,2.220446049250313e-16,3.884719246466898e-19,2.448014976332506e-18,4.853102381454591,diag_5120,2.0546297350755,10.0344205622214,2.901868526762875,851
randcolu_10,10,Float64,false,taylor,realschur,0.003377807,0.00021961299999999999,0.0006489989999999998,0.001306662,4.0e-8,0.006075015,20,0,0,3.807922018224385,1,2.220446049250313e-16,1.508101692335245e-15,9.727657313595782e-15,4.853102381454591,diag_5120,2.0546297350755,10.0344205622214,2.901868526762875,53
randcolu_10,10,Float64,false,taylor,realschur,0.005843761,0.000356847,0.0008088279999999999,0.002093826,1.01e-7,0.010073857,20,0,4.362012034414331e-17,3.807922018224388,1,2.220446049250313e-16,4.296147964779138e-19,2.982676689848078e-18,4.853102381454591,diag_5120,2.0546297350755,10.0344205622214,2.901868526762875,256
randcolu_10,10,Float64,false,taylor,realschur,0.016871814,0.000422984,0.0013579240000000004,0.0034704349999999996,1.1e-7,0.023677385,20,0,4.362012034414331e-17,3.807922018224388,1,2.220446049250313e-16,4.296147964779138e-19,2.982676689848078e-18,4.853102381454591,diag_5120,2.0546297350755,10.0344205622214,2.901868526762875,851
randhess_10,10,Float64,false,scaling_and_squaring,NaN,NaN,NaN,NaN,NaN,NaN,2.9537e-5,NaN,NaN,NaN,NaN,NaN,2.220446049250313e-16,3.071949173930098e-15,5.62311120300447e-13,192.9251480180649,diag_5120,5.667455660163399,1077.479296257713,323.0652347838128,53
randhess_10,10,Float64,false,diagonalcheap,transfree,0.0,0.0006093450000000001,0.0064866620000000015,0.005175363999999999,0.000279838,0.012836322,91,2,4.79290328752112e-16,4.317446643912084,2.528574947532748,2.220446049250313e-16,4.189077490034953e-16,5.9929529283832e-14,192.9251480180649,diag_5120,5.667455660163399,1077.479296257713,323.0652347838128,53
randhess_10,10,Float64,false,diagonalcheap,transfree,0.0,0.000217568,0.002090251,0.003853513,4.0e-8,0.006422895,17,0,1.38268696517436e-22,192.9251480180664,28.742861631455444,2.220446049250313e-16,1.03196906931902e-25,1.995588336139548e-23,192.9251480180649,diag_5120,5.667455660163399,1077.479296257713,323.0652347838128,256
randhess_10,10,Float64,false,diagonalcheap,transfree,0.0,0.00023371,0.0021566389999999997,0.005493126,4.0e-8,0.008206766,17,0,1.38268696517436e-22,192.9251480180664,28.742861631455444,2.220446049250313e-16,1.03196906931902e-25,1.995588336139548e-23,192.9251480180649,diag_5120,5.667455660163399,1077.479296257713,323.0652347838128,851
randhess_10,10,Float64,false,diagonalcheap,complexschur,0.00348817,0.0010996480000000004,0.010350958,0.024663572,0.00143503,0.043454307,91,2,4.128317162407333e-16,3.449419353347532,2.1895605150681745,2.220446049250313e-16,2.094708211554701e-15,4.036560706676126e-13,192.9251480180649,diag_5120,5.667455660163399,1077.479296257713,323.0652347838128,53
randhess_10,10,Float64,false,diagonalcheap,complexschur,0.00614985,0.00016700099999999998,0.001962083,0.006140796,4.0e-8,0.016552981,13,0,9.05153759752499e-15,141.574156499327,22.39080790879953,2.220446049250313e-16,1.15060556928487e-17,1.832380889003676e-15,192.9251480180649,diag_5120,5.667455660163399,1077.479296257713,323.0652347838128,256
randhess_10,10,Float64,false,diagonalcheap,complexschur,0.016410817,0.000296792,0.0035297600000000003,0.010434601,3.0e-8,0.034117537,13,0,9.05153759752499e-15,141.574156499327,28.478160852707596,2.220446049250313e-16,1.143866505006869e-17,1.827109737846356e-15,192.9251480180649,diag_5120,5.667455660163399,1077.479296257713,323.0652347838128,851
randhess_10,10,Float64,false,diagonalcheap,realschur,0.004094787,0.0011743219999999998,0.011563654000000003,0.005608329,0.000328842,0.02357641,91,2,4.128317162407333e-16,3.449419353347532,2.196577012737366,2.220446049250313e-16,2.014214799759649e-15,3.666280430109204e-13,192.9251480180649,diag_5120,5.667455660163399,1077.479296257713,323.0652347838128,53
randhess_10,10,Float64,false,diagonalcheap,realschur,0.010706435,0.000130882,0.0022099100000000003,0.0026317320000000003,3.0e-8,0.016385349,13,0,9.05153759752499e-15,141.574156499327,22.512870907216083,2.220446049250313e-16,1.160636676592016e-17,1.825767743689429e-15,192.9251480180649,diag_5120,5.667455660163399,1077.479296257713,323.0652347838128,256
randhess_10,10,Float64,false,diagonalcheap,realschur,0.013532221,9.400000000000001e-5,0.00196514,0.0038807250000000002,5.0e-8,0.020961852,13,0,9.05153759752499e-15,141.574156499327,20.108868063234183,2.220446049250313e-16,1.160636676592016e-17,1.825767743689429e-15,192.9251480180649,diag_5120,5.667455660163399,1077.479296257713,323.0652347838128,851
randhess_10,10,Float64,false,taylor,transfree,0.0,0.000465526,0.0012382319999999997,0.0034084260000000004,0.000268346,0.005881133,30,1,1.77635683940025e-15,11.98003202072045,1,2.220446049250313e-16,3.145538488752533e-16,5.543202064282693e-14,192.9251480180649,diag_5120,5.667455660163399,1077.479296257713,323.0652347838128,53
randhess_10,10,Float64,false,taylor,transfree,0.0,0.00032997500000000004,0.001158316,0.002926191,0.000350334,0.005073639,25,1,2.409855198088192e-16,11.98003202072045,1,2.220446049250313e-16,7.959114701333073e-18,1.539107802374163e-15,192.9251480180649,diag_5120,5.667455660163399,1077.479296257713,323.0652347838128,256
randhess_10,10,Float64,false,taylor,transfree,0.0,0.00043518800000000004,0.0011732190000000003,0.0030807440000000003,0.000342539,0.00546925,25,1,2.409855198088192e-16,11.98003202072045,1,2.220446049250313e-16,7.959114701333073e-18,1.539107802374163e-15,192.9251480180649,diag_5120,5.667455660163399,1077.479296257713,323.0652347838128,851
randhess_10,10,Float64,false,taylor,complexschur,0.003576088,0.000579243,0.001311011,0.010457104,0.001376759,0.02109649,25,1,1.77635683940025e-15,9.073866536473762,1,2.220446049250313e-16,2.128272243207608e-15,4.037818499780822e-13,192.9251480180649,diag_5120,5.667455660163399,1077.479296257713,323.0652347838128,53
randhess_10,10,Float64,false,taylor,complexschur,0.008588731,0.00045942300000000004,0.0013973969999999997,0.007287788999999999,0.001571573,0.023361949,25,1,4.735866511398186e-17,9.073866536473755,1,2.220446049250313e-16,7.892863394694758e-19,1.25870614818715e-16,192.9251480180649,diag_5120,5.667455660163399,1077.479296257713,323.0652347838128,256
randhess_10,10,Float64,false,taylor,complexschur,0.0173273,0.0005547860000000001,0.001692569,0.009544911,0.00213171,0.036913907,25,1,4.735866511398186e-17,9.073866536473755,1,2.220446049250313e-16,7.847568048170747e-19,1.255224772816563e-16,192.9251480180649,diag_5120,5.667455660163399,1077.479296257713,323.0652347838128,851
randhess_10,10,Float64,false,taylor,realschur,0.004109144,0.000289527,0.0009230639999999997,0.0015539000000000002,0.00016633,0.007645627,25,1,1.77635683940025e-15,9.073866536473762,1,2.220446049250313e-16,2.047513604542152e-15,3.664174515848051e-13,192.9251480180649,diag_5120,5.667455660163399,1077.479296257713,323.0652347838128,53
randhess_10,10,Float64,false,taylor,realschur,0.005927132,0.000236465,0.0008129139999999998,0.0016751140000000001,0.000198602,0.009535262,25,1,4.735866511398186e-17,9.073866536473755,1,2.220446049250313e-16,7.961175167374703e-19,1.255797265841195e-16,192.9251480180649,diag_5120,5.667455660163399,1077.479296257713,323.0652347838128,256
randhess_10,10,Float64,false,taylor,realschur,0.016897996,0.00031776,0.001117965,0.00263656,0.00057205,0.023056823,25,1,4.735866511398186e-17,9.073866536473755,1,2.220446049250313e-16,7.961175167374703e-19,1.255797265841195e-16,192.9251480180649,diag_5120,5.667455660163399,1077.479296257713,323.0652347838128,851
rando_10_1,10,Int64,false,scaling_and_squaring,NaN,NaN,NaN,NaN,NaN,NaN,3.2934e-5,NaN,NaN,NaN,NaN,NaN,2.220446049250313e-16,2.328548848848646e-16,7.431054996453905e-14,316.237717462117,diag_5120,7.439693843551813,104.0,44.15200730733849,53
rando_10_1,10,Int64,false,diagonalcheap,transfree,0.0,0.00024419,0.0018981090000000003,0.0020221820000000004,0.000139588,0.0046783,17,1,0,21.06999193704942,10.88939780080277,2.220446049250313e-16,6.703909251331549e-16,1.883248139655903e-13,316.237717462117,diag_5120,7.439693843551813,104.0,44.15200730733849,53
rando_10_1,10,Int64,false,diagonalcheap,transfree,0.0,0.00020177799999999998,0.0018878109999999997,0.002795848,0.000277363,0.00563473,13,1,6.442288311012159e-22,21.06999193704942,10.999040063638496,2.220446049250313e-16,7.782143249433674e-24,2.462536073586016e-21,316.237717462117,diag_5120,7.439693843551813,104.0,44.15200730733849,256
rando_10_1,10,Int64,false,diagonalcheap,transfree,0.0,0.000236645,0.002139798,0.004091979999999999,0.000492167,0.007557969,13,1,6.442288311012159e-22,21.06999193704942,10.999040063638496,2.220446049250313e-16,7.782143249433674e-24,2.462536073586016e-21,316.237717462117,diag_5120,7.439693843551813,104.0,44.15200730733849,851
rando_10_1,10,Int64,false,diagonalcheap,complexschur,0.005841497,0.0015453930000000002,0.01574104,0.031482742,0.004832526,0.062723859,91,4,2.627614205121325e-16,1.40015074574242,1.3918492113810335,2.220446049250313e-16,1.304629073222914e-14,4.04789673412649e-12,316.237717462117,diag_5120,7.439693843551813,104.0,44.15200730733849,53
rando_10_1,10,Int64,false,diagonalcheap,complexschur,0.009313226,0.000349032,0.002965885,0.011600867,1.5e-7,0.027607397,17,0,4.353196915266599e-22,218.170856597046,56.06544246547471,2.220446049250313e-16,6.521839429461567e-25,2.739299069388399e-22,316.237717462117,diag_5120,7.439693843551813,104.0,44.15200730733849,256
rando_10_1,10,Int64,false,diagonalcheap,complexschur,0.016539135,0.00042005899999999997,0.0032727939999999994,0.015551114,4.0e-8,0.040669404,17,0,4.353196915266599e-22,218.170856597046,62.65839854201252,2.220446049250313e-16,6.521839429461567e-25,2.739299069388399e-22,316.237717462117,diag_5120,7.439693843551813,104.0,44.15200730733849,851
rando_10_1,10,Int64,false,diagonalcheap,realschur,0.005575275,0.0009282740000000001,0.010623492000000002,0.007588991,0.001085829,0.02680304,91,4,2.627614205121325e-16,1.40015074574242,1.3840395893323547,2.220446049250313e-16,1.308461291898491e-14,4.111845580344899e-12,316.237717462117,diag_5120,7.439693843551813,104.0,44.15200730733849,53
rando_10_1,10,Int64,false,diagonalcheap,realschur,0.009153689,0.000204103,0.002088276,0.002387474,3.0e-8,0.014531293,17,0,4.353196915266599e-22,218.170856597046,52.38819425533821,2.220446049250313e-16,6.533618468547722e-25,2.704985560761383e-22,316.237717462117,diag_5120,7.439693843551813,104.0,44.15200730733849,256
rando_10_1,10,Int64,false,diagonalcheap,realschur,0.016019726,0.00017222200000000003,0.0019326090000000003,0.004431323,9.0e-8,0.024154395,17,0,4.353196915266599e-22,218.170856597046,61.980803429699755,2.220446049250313e-16,6.533618468547722e-25,2.704985560761383e-22,316.237717462117,diag_5120,7.439693843551813,104.0,44.15200730733849,851
rando_10_1,10,Int64,false,taylor,transfree,0.0,0.0005883910000000002,0.0011903209999999998,0.002795186,0.000264279,0.005413524,25,1,0,14.97916666666666,1,2.220446049250313e-16,1.100170252540706e-16,3.020687116016284e-14,316.237717462117,diag_5120,7.439693843551813,104.0,44.15200730733849,53
rando_10_1,10,Int64,false,taylor,transfree,0.0,0.000747979,0.0013019340000000003,0.002511641,0.000190767,0.005126551,25,1,2.938171732529781e-15,14.97916666666667,1,2.220446049250313e-16,5.70303093496224e-17,1.804633885034629e-14,316.237717462117,diag_5120,7.439693843551813,104.0,44.15200730733849,256
rando_10_1,10,Int64,false,taylor,transfree,0.0,0.000532192,0.001006907,0.002868167,0.000315377,0.005168482,25,1,2.938171732529781e-15,14.97916666666667,1,2.220446049250313e-16,5.70303093496224e-17,1.804633885034629e-14,316.237717462117,diag_5120,7.439693843551813,104.0,44.15200730733849,851
rando_10_1,10,Int64,false,taylor,complexschur,0.003944658,0.0005255310000000001,0.0012867109999999994,0.010093515999999999,0.001350217,0.020959118,25,1,1.77635683940025e-15,10.57153546510892,1,2.220446049250313e-16,1.303727504909474e-14,4.037238593090089e-12,316.237717462117,diag_5120,7.439693843551813,104.0,44.15200730733849,53
rando_10_1,10,Int64,false,taylor,complexschur,0.00701283,0.000524698,0.0013987310000000003,0.006608212000000001,0.000834986,0.01893804,25,1,4.211648390507873e-16,10.57153546510887,1,2.220446049250313e-16,9.990937151856383e-18,4.174205479520832e-15,316.237717462117,diag_5120,7.439693843551813,104.0,44.15200730733849,256
rando_10_1,10,Int64,false,taylor,complexschur,0.018042768,0.000579144,0.0017593869999999998,0.008507946999999998,0.001292095,0.03585323,25,1,4.211648390507873e-16,10.57153546510887,1,2.220446049250313e-16,9.990937151856383e-18,4.174205479520832e-15,316.237717462117,diag_5120,7.439693843551813,104.0,44.15200730733849,851
rando_10_1,10,Int64,false,taylor,realschur,0.00616538,0.000289559,0.0009119819999999998,0.001581773,0.000173174,0.009830921,25,1,1.77635683940025e-15,10.57153546510892,1,2.220446049250313e-16,1.309693761694409e-14,4.079871157235695e-12,316.237717462117,diag_5120,7.439693843551813,104.0,44.15200730733849,53
rando_10_1,10,Int64,false,taylor,realschur,0.010715793,0.000403837,0.0013690050000000002,0.0022327849999999997,0.000209884,0.015748976,25,1,4.211648390507873e-16,10.57153546510887,1,2.220446049250313e-16,1.002893882644998e-17,4.121685953938725e-15,316.237717462117,diag_5120,7.439693843551813,104.0,44.15200730733849,256
rando_10_1,10,Int64,false,taylor,realschur,0.015894806,0.000339272,0.0011655510000000001,0.002361324,0.000328803,0.02167764,25,1,4.211648390507873e-16,10.57153546510887,1,2.220446049250313e-16,1.002893882644998e-17,4.121685953938725e-15,316.237717462117,diag_5120,7.439693843551813,104.0,44.15200730733849,851
rando_10_2,10,Int64,false,scaling_and_squaring,NaN,NaN,NaN,NaN,NaN,NaN,3.5759e-5,NaN,NaN,NaN,NaN,NaN,2.220446049250313e-16,2.507797610375577e-16,2.992989131073413e-14,125.018721814446,diag_5120,10.27748271810373,Inf,1.185056724824734e17,53
rando_10_2,10,Int64,false,diagonalcheap,transfree,0.0,0.000173685,0.0022725709999999997,0.0029921160000000004,0.000221185,0.006141985,17,1,2.135806132656332e-15,13.54228611138493,19.296657151880144,2.220446049250313e-16,3.936304723112577e-16,4.295402453763536e-14,125.018721814446,diag_5120,10.27748271810373,Inf,1.185056724824734e17,53
rando_10_2,10,Int64,false,diagonalcheap,transfree,0.0,0.000101294,0.0017968060000000002,0.002948614,0.000292713,0.005640049,13,1,2.751209769454266e-24,13.54228611138493,19.35912753745039,2.220446049250313e-16,1.760608193048585e-26,2.234623467696231e-24,125.018721814446,diag_5120,10.27748271810373,Inf,1.185056724824734e17,256
rando_10_2,10,Int64,false,diagonalcheap,transfree,0.0,9.0765e-5,0.001581912,0.0041435299999999994,0.000564947,0.006854405,13,1,2.751209769454266e-24,13.54228611138493,19.35912753745039,2.220446049250313e-16,1.760608193048585e-26,2.234623467696231e-24,125.018721814446,diag_5120,10.27748271810373,Inf,1.185056724824734e17,851
rando_10_2,10,Int64,false,diagonalcheap,complexschur,0.006325418,2.9360000000000003e-6,0.002043228,0.005695407000000001,0.000884491,0.017062332,9,1,1.39659086196806e-15,8.587692076557886,7.902358248989632,2.220446049250313e-16,6.19450722543903e-15,8.324341205324352e-13,125.018721814446,diag_5120,10.27748271810373,Inf,1.185056724824734e17,53
rando_10_2,10,Int64,false,diagonalcheap,complexschur,0.005944745,0.000140992,0.001963416,0.008814387,0.001457373,0.022183183,13,1,7.812001575728311e-26,8.587692076557859,11.677955061952527,2.220446049250313e-16,6.355425602760895e-27,8.935304692233898e-25,125.018721814446,diag_5120,10.27748271810373,Inf,1.185056724824734e17,256
rando_10_2,10,Int64,false,diagonalcheap,complexschur,0.013764578,0.00016370500000000002,0.002127882,0.009410042,0.00206866,0.033066348,13,1,7.812001575728311e-26,8.587692076557859,8.208082169088586,2.220446049250313e-16,6.355425602760895e-27,8.935304692233898e-25,125.018721814446,diag_5120,10.27748271810373,Inf,1.185056724824734e17,851
rando_10_2,10,Int64,false,diagonalcheap,realschur,0.004222924,2.616e-6,0.001122901,0.0013306700000000002,0.00017684,0.007579341,9,1,1.482096734692177e-15,9.046607301512205,8.80187053848151,2.220446049250313e-16,6.280465987887627e-15,8.424376754668261e-13,125.018721814446,diag_5120,10.27748271810373,Inf,1.185056724824734e17,53
rando_10_2,10,Int64,false,diagonalcheap,realschur,0.005761483,7.941099999999999e-5,0.0013782809999999999,0.0016598539999999999,0.000212358,0.009820471,13,1,8.287823858467169e-26,8.587692076557859,11.478471278214375,2.220446049250313e-16,7.203332402100661e-27,1.059104506721613e-24,125.018721814446,diag_5120,10.27748271810373,Inf,1.185056724824734e17,256
rando_10_2,10,Int64,false,diagonalcheap,realschur,0.016719984,9.0114e-5,0.001679502,0.002337383,0.000349011,0.022298525,13,1,8.287823858467168e-26,8.587692076557859,8.908518971837207,2.220446049250313e-16,7.203332402100661e-27,1.059104506721613e-24,125.018721814446,diag_5120,10.27748271810373,Inf,1.185056724824734e17,851
rando_10_2,10,Int64,false,taylor,transfree,0.0,0.0005686949999999999,0.0013846550000000003,0.0034474109999999996,0.000266873,0.006251326,30,1,1.77635683940025e-15,11.91666666666667,1,2.220446049250313e-16,1.102085442844101e-16,1.428015050362891e-14,125.018721814446,diag_5120,10.27748271810373,Inf,1.185056724824734e17,53
rando_10_2,10,Int64,false,taylor,transfree,0.0,0.000440477,0.0013516090000000004,0.004056394999999999,0.000336086,0.006812565,25,1,2.141762926477191e-17,11.91666666666667,1,2.220446049250313e-16,2.785805824128927e-19,3.53583901082979e-17,125.018721814446,diag_5120,10.27748271810373,Inf,1.185056724824734e17,256
rando_10_2,10,Int64,false,taylor,transfree,0.0,0.00034695599999999994,0.001036707,0.003422072,0.000371424,0.005654407,25,1,2.141762926477191e-17,11.91666666666667,1,2.220446049250313e-16,2.785805824128927e-19,3.53583901082979e-17,125.018721814446,diag_5120,10.27748271810373,Inf,1.185056724824734e17,851
rando_10_2,10,Int64,false,taylor,complexschur,0.003649741,0.001342246,0.004244179999999999,0.019113882000000002,0.002228668,0.033225725,90,3,0,2.012855143681659,1,2.220446049250313e-16,6.008579165095875e-15,8.31101852902885e-13,125.018721814446,diag_5120,10.27748271810373,Inf,1.185056724824734e17,53
rando_10_2,10,Int64,false,taylor,complexschur,0.006010192,0.00048786099999999997,0.0014958350000000003,0.009815262,0.001542548,0.023812527,25,1,1.189713775201826e-18,7.348699150028033,1,2.220446049250313e-16,1.005617327450036e-19,1.413830720195923e-17,125.018721814446,diag_5120,10.27748271810373,Inf,1.185056724824734e17,256
rando_10_2,10,Int64,false,taylor,complexschur,0.012542157,0.0007266180000000001,0.0019411940000000003,0.012859757,0.001170993,0.033200196,25,1,1.189713775201826e-18,7.348699150028033,1,2.220446049250313e-16,1.005617327450036e-19,1.413830720195923e-17,125.018721814446,diag_5120,10.27748271810373,Inf,1.185056724824734e17,851
rando_10_2,10,Int64,false,taylor,realschur,0.003270641,0.0005487580000000001,0.001822686,0.003729036,0.000484883,0.010507403,90,3,0,1.956057565240378,1,2.220446049250313e-16,6.032743352503846e-15,8.373191018407858e-13,125.018721814446,diag_5120,10.27748271810373,Inf,1.185056724824734e17,53
rando_10_2,10,Int64,false,taylor,realschur,0.0062953,0.00036024399999999996,0.001354769,0.002989771,0.000382005,0.012614506,25,1,1.189713775201826e-18,7.879826968943725,1,2.220446049250313e-16,1.139781386849022e-19,1.675817927990638e-17,125.018721814446,diag_5120,10.27748271810373,Inf,1.185056724824734e17,256
rando_10_2,10,Int64,false,taylor,realschur,0.014543578,0.00038160399999999996,0.0016044289999999999,0.003626593,0.000355043,0.022057603,25,1,1.189713775201826e-18,7.879826968943725,1,2.220446049250313e-16,1.139781386849022e-19,1.675817927990638e-17,125.018721814446,diag_5120,10.27748271810373,Inf,1.185056724824734e17,851
rando_10_3,10,Int64,false,scaling_and_squaring,NaN,NaN,NaN,NaN,NaN,NaN,3.0979e-5,NaN,NaN,NaN,NaN,NaN,2.220446049250313e-16,2.878337202422091e-16,7.882169460753271e-15,36.6528398503626,diag_5120,7.352631369009353,232.0689655172414,59.26839371997642,53
rando_10_3,10,Int64,false,diagonalcheap,transfree,0.0,0.0006080819999999999,0.007623207000000001,0.00712155,0.001068555,0.016766554,91,4,2.933300823676038e-16,1.403242625600078,1.5825849033276131,2.220446049250313e-16,7.143903927860342e-16,1.595787530479912e-14,36.6528398503626,diag_5120,7.352631369009353,232.0689655172414,59.26839371997642,53
rando_10_3,10,Int64,false,diagonalcheap,transfree,0.0,0.000119209,0.001943722,0.003491426,4.0e-8,0.005934697,13,0,4.236623848346456e-19,36.65283985036261,75.0354904550788,2.220446049250313e-16,4.052224495728647e-25,1.137104533657914e-23,36.6528398503626,diag_5120,7.352631369009353,232.0689655172414,59.26839371997642,256
rando_10_3,10,Int64,false,diagonalcheap,transfree,0.0,7.701000000000001e-5,0.0016497929999999999,0.004442066,4.0e-8,0.006490216,13,0,4.236623848346456e-19,36.65283985036261,75.0354904550788,2.220446049250313e-16,4.052224495728647e-25,1.137104533657914e-23,36.6528398503626,diag_5120,7.352631369009353,232.0689655172414,59.26839371997642,851
rando_10_3,10,Int64,false,diagonalcheap,complexschur,0.006930943,0.0006394580000000001,0.004636256000000002,0.011585702,3.0e-8,0.025727593,31,0,0,9.414442818410448,34.316188492198705,2.220446049250313e-16,2.425305532337009e-15,5.90035430584497e-14,36.6528398503626,diag_5120,7.352631369009353,232.0689655172414,59.26839371997642,53
rando_10_3,10,Int64,false,diagonalcheap,complexschur,0.007955224,0.000232117,0.002890860999999999,0.01004886,4.0e-8,0.023614578,13,0,7.565867782923195e-21,18.34304495890206,27.30059678212255,2.220446049250313e-16,3.200945893807208e-25,1.385755487630479e-23,36.6528398503626,diag_5120,7.352631369009353,232.0689655172414,59.26839371997642,256
rando_10_3,10,Int64,false,diagonalcheap,complexschur,0.020434421,0.00019453500000000002,0.0023562330000000005,0.007845251,4.0e-8,0.036357864,13,0,7.565867782923195e-21,18.34304495890206,33.83842072337308,2.220446049250313e-16,3.200945893807208e-25,1.385755487630479e-23,36.6528398503626,diag_5120,7.352631369009353,232.0689655172414,59.26839371997642,851
rando_10_3,10,Int64,false,diagonalcheap,realschur,0.023145376,0.00089583,0.010347597,0.00722519,0.000336257,0.042837409,91,2,3.778133166225168e-16,2.022821623642402,2.9908050881567547,2.220446049250313e-16,2.456209186400199e-15,5.944763226829976e-14,36.6528398503626,diag_5120,7.352631369009353,232.0689655172414,59.26839371997642,53
rando_10_3,10,Int64,false,diagonalcheap,realschur,0.006131926,9.5194e-5,0.0014128099999999998,0.001676023,3.0e-8,0.009985801,13,0,5.752507924498266e-21,10.22582793580984,26.690174193849877,2.220446049250313e-16,3.202368078781675e-25,1.386622499015558e-23,36.6528398503626,diag_5120,7.352631369009353,232.0689655172414,59.26839371997642,256
rando_10_3,10,Int64,false,diagonalcheap,realschur,0.017472713,0.00015009,0.00249577,0.0032136720000000003,1.4e-7,0.024407444,13,0,5.752507924498266e-21,10.22582793580984,26.690174193849877,2.220446049250313e-16,3.202368078781675e-25,1.386622499015558e-23,36.6528398503626,diag_5120,7.352631369009353,232.0689655172414,59.26839371997642,851
rando_10_3,10,Int64,false,taylor,transfree,0.0,0.000328572,0.000741166,0.001911456,3.0e-8,0.003277716,30,0,0,27,1,2.220446049250313e-16,7.104658101050104e-17,2.38567510109236e-15,36.6528398503626,diag_5120,7.352631369009353,232.0689655172414,59.26839371997642,53
rando_10_3,10,Int64,false,taylor,transfree,0.0,0.0004501450000000001,0.0008489010000000001,0.002845496,5.0e-8,0.004427277,30,0,9.095174398052857e-18,27,1,2.220446049250313e-16,8.012525549873467e-21,2.280653511078278e-19,36.6528398503626,diag_5120,7.352631369009353,232.0689655172414,59.26839371997642,256
rando_10_3,10,Int64,false,taylor,transfree,0.0,0.000401402,0.00083696,0.00382152,4.0e-8,0.005368719,30,0,9.095174398052857e-18,27,1,2.220446049250313e-16,8.012525549873467e-21,2.280653511078278e-19,36.6528398503626,diag_5120,7.352631369009353,232.0689655172414,59.26839371997642,851
rando_10_3,10,Int64,false,taylor,complexschur,0.007120578,0.0013298069999999997,0.005022928,0.020971079,0.002196024,0.03925176,90,3,0,1.805990163105623,1,2.220446049250313e-16,2.397902446664204e-15,5.752599106562341e-14,36.6528398503626,diag_5120,7.352631369009353,232.0689655172414,59.26839371997642,53
rando_10_3,10,Int64,false,taylor,complexschur,0.006491578,0.000875035,0.0014210450000000001,0.012205750000000001,6.0e-8,0.025117279,30,0,4.470321098876521e-19,13.52978948109362,1,2.220446049250313e-16,6.387133445025856e-21,2.793250481204488e-19,36.6528398503626,diag_5120,7.352631369009353,232.0689655172414,59.26839371997642,256
rando_10_3,10,Int64,false,taylor,complexschur,0.011539659,0.000766614,0.0015372699999999992,0.014002905,4.1e-8,0.031354749,30,0,4.470321098876521e-19,13.52978948109362,1,2.220446049250313e-16,6.387133445025856e-21,2.793250481204488e-19,36.6528398503626,diag_5120,7.352631369009353,232.0689655172414,59.26839371997642,851
rando_10_3,10,Int64,false,taylor,realschur,0.003593183,0.000600374,0.0015700450000000006,0.004041808,0.000199744,0.010748197,90,1,0,4.851985718982204,1,2.220446049250313e-16,2.494906091562423e-15,6.300034594710025e-14,36.6528398503626,diag_5120,7.352631369009353,232.0689655172414,59.26839371997642,53
rando_10_3,10,Int64,false,taylor,realschur,0.006101027,0.000533496,0.001234311,0.003496898,5.0e-8,0.012397249,30,0,4.469564025602097e-19,14.29440542093127,1,2.220446049250313e-16,6.390032691719418e-21,2.795021560737582e-19,36.6528398503626,diag_5120,7.352631369009353,232.0689655172414,59.26839371997642,256
rando_10_3,10,Int64,false,taylor,realschur,0.014844377,0.0005396089999999999,0.0015072079999999997,0.004532099,5.0e-8,0.022972824,30,0,4.469564025602097e-19,14.29440542093127,1,2.220446049250313e-16,6.390032691719418e-21,2.795021560737582e-19,36.6528398503626,diag_5120,7.352631369009353,232.0689655172414,59.26839371997642,851
randsvd_10_1.0,10,Float64,false,scaling_and_squaring,NaN,NaN,NaN,NaN,NaN,NaN,3.637e-5,NaN,NaN,NaN,NaN,NaN,2.220446049250313e-16,1.742558854609529e-16,8.637064571261689e-16,4.911466008740758,diag_5120,1.638348627542728,7.904584999074548,1.0000000000000007,53
randsvd_10_1.0,10,Float64,false,diagonalcheap,transfree,0.0,0.00011103400000000001,0.001617692,0.0024710720000000004,1.4e-7,0.004529925,13,0,5.568180945061463e-16,4.465020619992804,6.150917792813976,2.220446049250313e-16,1.956497372949754e-16,1.358260627858426e-15,4.911466008740758,diag_5120,1.638348627542728,7.904584999074548,1.0000000000000007,53
randsvd_10_1.0,10,Float64,false,diagonalcheap,transfree,0.0,1.764e-6,0.0009358000000000001,0.0017709059999999998,4.0e-8,0.002968591,9,0,6.833400771298706e-20,4.465020619992805,6.158183724276257,2.220446049250313e-16,1.70272327101451e-22,9.292736612244661e-22,4.911466008740758,diag_5120,1.638348627542728,7.904584999074548,1.0000000000000007,256
randsvd_10_1.0,10,Float64,false,diagonalcheap,transfree,0.0,2.5960000000000002e-6,0.0011680549999999999,0.0027086510000000003,3.0e-8,0.004139914,9,0,6.833400771298706e-20,4.465020619992805,6.158183724276257,2.220446049250313e-16,1.70272327101451e-22,9.292736612244661e-22,4.911466008740758,diag_5120,1.638348627542728,7.904584999074548,1.0000000000000007,851
randsvd_10_1.0,10,Float64,false,diagonalcheap,complexschur,0.003017956,1.713e-6,0.0012055900000000003,0.004472823999999999,4.0e-8,0.010512052,7,0,3.69025793132959e-16,2.710119399551938,2.661758223106966,2.220446049250313e-16,1.256099321979859e-15,7.935360548716696e-15,4.911466008740758,diag_5120,1.638348627542728,7.904584999074548,1.0000000000000007,53
randsvd_10_1.0,10,Float64,false,diagonalcheap,complexschur,0.00732981,3.396e-6,0.0019223669999999995,0.007597687,5.0e-8,0.019604815,9,0,4.650180310106635e-22,2.710119399551938,2.6608487458066588,2.220446049250313e-16,5.470237857842987e-38,2.752785823677009e-37,4.911466008740758,diag_5120,1.638348627542728,7.904584999074548,1.0000000000000007,256
randsvd_10_1.0,10,Float64,false,diagonalcheap,complexschur,0.010655258,3.648e-6,0.002580103,0.037349901,3.0e-8,0.05432055,9,0,4.650180310106635e-22,2.710119399551938,2.6608487458066588,2.220446049250313e-16,5.470237857842987e-38,2.752785823677009e-37,4.911466008740758,diag_5120,1.638348627542728,7.904584999074548,1.0000000000000007,851
randsvd_10_1.0,10,Float64,false,diagonalcheap,realschur,0.002758827,2.0139999999999997e-6,0.001056882,0.001355859,4.0e-8,0.005727629,9,0,4.148636744903494e-16,3.037895841232674,3.418999266312,2.220446049250313e-16,1.10850063733824e-15,7.107800325457183e-15,4.911466008740758,diag_5120,1.638348627542728,7.904584999074548,1.0000000000000007,53
randsvd_10_1.0,10,Float64,false,diagonalcheap,realschur,0.004469828,2.354e-6,0.001281174,0.0016358780000000001,4.0e-8,0.008017273,9,0,2.024728850905208e-21,3.037895841232674,3.418999266311999,2.220446049250313e-16,5.470237857842987e-38,2.752785823677009e-37,4.911466008740758,diag_5120,1.638348627542728,7.904584999074548,1.0000000000000007,256
randsvd_10_1.0,10,Float64,false,diagonalcheap,realschur,0.011375784,4.519e-6,0.0019827129999999997,0.0033942589999999997,5.0e-8,0.018107124,9,0,2.024728850905208e-21,3.037895841232674,3.4189992663119995,2.220446049250313e-16,5.470237857842987e-38,2.752785823677009e-37,4.911466008740758,diag_5120,1.638348627542728,7.904584999074548,1.0000000000000007,851
randsvd_10_1.0,10,Float64,false,taylor,transfree,0.0,0.00027262499999999997,0.0008838789999999998,0.001522019,1.81e-7,0.002926179,20,0,4.440892098500626e-16,4.859056443774588,1,2.220446049250313e-16,6.588943351892992e-17,3.221011219773155e-16,4.911466008740758,diag_5120,1.638348627542728,7.904584999074548,1.0000000000000007,53
randsvd_10_1.0,10,Float64,false,taylor,transfree,0.0,0.000281372,0.0006937040000000001,0.001963196,3.0e-8,0.00319686,20,0,1.194680688140899e-18,4.859056443774587,1,2.220446049250313e-16,1.187074122173797e-20,5.848671287081641e-20,4.911466008740758,diag_5120,1.638348627542728,7.904584999074548,1.0000000000000007,256
randsvd_10_1.0,10,Float64,false,taylor,transfree,0.0,0.000257904,0.000773522,0.002943951,3.0e-8,0.004242893,20,0,1.194680688140899e-18,4.859056443774587,1,2.220446049250313e-16,1.187074122173797e-20,5.848671287081641e-20,4.911466008740758,diag_5120,1.638348627542728,7.904584999074548,1.0000000000000007,851
randsvd_10_1.0,10,Float64,false,taylor,complexschur,0.003092399,0.000702561,0.0013952250000000006,0.009052406,4.0e-8,0.017599227,20,0,0,2.66018558274587,1,2.220446049250313e-16,1.256099321979859e-15,7.935360548716696e-15,4.911466008740758,diag_5120,1.638348627542728,7.904584999074548,1.0000000000000007,53
randsvd_10_1.0,10,Float64,false,taylor,complexschur,0.006897038,0.0005672810000000001,0.001519372,0.006027795000000001,4.0e-8,0.017467573,20,0,2.05029806862468e-20,2.660185582745868,1,2.220446049250313e-16,4.790246854165296e-36,3.168440802439126e-35,4.911466008740758,diag_5120,1.638348627542728,7.904584999074548,1.0000000000000007,256
randsvd_10_1.0,10,Float64,false,taylor,complexschur,0.012414854,0.000909099,0.002402710999999999,0.009880607000000001,4.0e-8,0.029425266,20,0,2.05029806862468e-20,2.660185582745868,1,2.220446049250313e-16,4.790246854165296e-36,3.168440802439126e-35,4.911466008740758,diag_5120,1.638348627542728,7.904584999074548,1.0000000000000007,851
randsvd_10_1.0,10,Float64,false,taylor,realschur,0.002962799,0.00033330100000000004,0.0007297950000000001,0.001879856,7.0e-8,0.006687996,20,0,0,3.071503076582828,1,2.220446049250313e-16,1.10850063733824e-15,7.107800325457183e-15,4.911466008740758,diag_5120,1.638348627542728,7.904584999074548,1.0000000000000007,53
randsvd_10_1.0,10,Float64,false,taylor,realschur,0.007841284,0.00035427099999999997,0.0010485869999999997,0.0023227589999999998,2.2e-7,0.012371781,20,0,8.567469959173042e-20,3.071503076582829,1,2.220446049250313e-16,4.790246854165296e-36,3.168440802439126e-35,4.911466008740758,diag_5120,1.638348627542728,7.904584999074548,1.0000000000000007,256
randsvd_10_1.0,10,Float64,false,taylor,realschur,0.011739684,0.00038121300000000004,0.0013270129999999997,0.003602332,4.0e-8,0.018121852,20,0,8.567469959173042e-20,3.071503076582829,1,2.220446049250313e-16,4.790246854165296e-36,3.168440802439126e-35,4.911466008740758,diag_5120,1.638348627542728,7.904584999074548,1.0000000000000007,851
randsvd_10_2.0,10,Float64,false,scaling_and_squaring,NaN,NaN,NaN,NaN,NaN,NaN,2.6691e-5,NaN,NaN,NaN,NaN,NaN,2.220446049250313e-16,1.76548632187197e-16,7.193627273409378e-16,3.691059393123987,diag_5120,1.212486768048773,10.429469429845588,1.9999999999999987,53
randsvd_10_2.0,10,Float64,false,diagonalcheap,transfree,0.0,2.444e-6,0.0010931650000000003,0.002091492,4.0e-8,0.003504792,7,0,5.011685802589602e-16,3.202305315681274,4.544177272452392,2.220446049250313e-16,1.426276633021593e-16,5.665686151232952e-16,3.691059393123987,diag_5120,1.212486768048773,10.429469429845588,1.9999999999999987,53
randsvd_10_2.0,10,Float64,false,diagonalcheap,transfree,0.0,1.623e-6,0.001003782,0.002510309,5.0e-8,0.003814569,7,0,1.925915845659602e-16,3.202305315681274,4.544177272452392,2.220446049250313e-16,3.017102385527465e-18,1.626846320979864e-17,3.691059393123987,diag_5120,1.212486768048773,10.429469429845588,1.9999999999999987,256
randsvd_10_2.0,10,Float64,false,diagonalcheap,transfree,0.0,1.5429999999999999e-6,0.000888498,0.002599613,4.0e-8,0.003744534,7,0,1.925915845659602e-16,3.202305315681274,4.544177272452392,2.220446049250313e-16,3.017102385527465e-18,1.626846320979864e-17,3.691059393123987,diag_5120,1.212486768048773,10.429469429845588,1.9999999999999987,851
randsvd_10_2.0,10,Float64,false,diagonalcheap,complexschur,0.007610191,2.1039999999999997e-6,0.0015102759999999998,0.006983956000000001,4.0e-8,0.01899331,7,0,0,2.394945056180683,2.4322874610895053,2.220446049250313e-16,1.730450301522413e-15,7.52863551171871e-15,3.691059393123987,diag_5120,1.212486768048773,10.429469429845588,1.9999999999999987,53
randsvd_10_2.0,10,Float64,false,diagonalcheap,complexschur,0.031430708,2.886e-6,0.001835591,0.006267085,3.1e-8,0.042077961,7,0,5.79212487871048e-17,2.394973009821791,2.3481323039292996,2.220446049250313e-16,1.612218751886394e-18,7.753513056389975e-18,3.691059393123987,diag_5120,1.212486768048773,10.429469429845588,1.9999999999999987,256
randsvd_10_2.0,10,Float64,false,diagonalcheap,complexschur,0.01397237,2.635e-6,0.002374519,0.010300937,4.0e-8,0.030675355,7,0,9.523135872915535e-17,2.565633592696837,2.331225406210083,2.220446049250313e-16,1.612218751886394e-18,7.753513056389975e-18,3.691059393123987,diag_5120,1.212486768048773,10.429469429845588,1.9999999999999987,851
randsvd_10_2.0,10,Float64,false,diagonalcheap,realschur,0.004081012,1.7939999999999999e-6,0.000935641,0.0012871850000000002,3.0e-8,0.006854296,7,0,0,2.621911559903444,3.061652814816207,2.220446049250313e-16,1.75402479285087e-15,7.69169951846053e-15,3.691059393123987,diag_5120,1.212486768048773,10.429469429845588,1.9999999999999987,53
randsvd_10_2.0,10,Float64,false,diagonalcheap,realschur,0.010109469,2.355e-6,0.001448287,0.00252687,4.0e-8,0.015124888,7,0,6.510934709387374e-17,2.621911559903443,3.061652814816207,2.220446049250313e-16,1.612218751886394e-18,7.753513056389975e-18,3.691059393123987,diag_5120,1.212486768048773,10.429469429845588,1.9999999999999987,256
randsvd_10_2.0,10,Float64,false,diagonalcheap,realschur,0.016912066,2.705e-6,0.0015983240000000004,0.003172854,3.0e-8,0.023059523,7,0,2.087526846725484e-16,2.790402818741968,2.8348480489963115,2.220446049250313e-16,1.612218751886394e-18,7.753513056389975e-18,3.691059393123987,diag_5120,1.212486768048773,10.429469429845588,1.9999999999999987,851
randsvd_10_2.0,10,Float64,false,taylor,transfree,0.0,0.000228428,0.0009506410000000001,0.0021843609999999997,5.0e-8,0.003731048,16,0,4.440892098500626e-16,3.709704243750143,1,2.220446049250313e-16,6.798868275466903e-17,3.106818597405269e-16,3.691059393123987,diag_5120,1.212486768048773,10.429469429845588,1.9999999999999987,53
randsvd_10_2.0,10,Float64,false,taylor,transfree,0.0,0.00024071299999999998,0.0009601480000000002,0.002832718,4.0e-8,0.004400426,16,0,5.916896231080459e-16,3.709704243750143,1,2.220446049250313e-16,1.810730517974124e-17,9.809620926361284e-17,3.691059393123987,diag_5120,1.212486768048773,10.429469429845588,1.9999999999999987,256
randsvd_10_2.0,10,Float64,false,taylor,transfree,0.0,0.000266544,0.0011281490000000002,0.00417266,1.21e-7,0.006022456,16,0,5.916896231080459e-16,3.709704243750143,1,2.220446049250313e-16,1.810730517974124e-17,9.809620926361284e-17,3.691059393123987,diag_5120,1.212486768048773,10.429469429845588,1.9999999999999987,851
randsvd_10_2.0,10,Float64,false,taylor,complexschur,0.008079283,0.000405711,0.0015678259999999996,0.008251227000000002,4.0e-8,0.021798747,16,0,0,2.550092468442279,1,2.220446049250313e-16,1.735590504226351e-15,7.681291177604669e-15,3.691059393123987,diag_5120,1.212486768048773,10.429469429845588,1.9999999999999987,53
randsvd_10_2.0,10,Float64,false,taylor,complexschur,0.012977636,0.00047818000000000003,0.001822556,0.008897949,8.0e-8,0.028447879,16,0,2.910742400073146e-16,2.575351130628256,1,2.220446049250313e-16,9.423865437135563e-18,5.146568668851275e-17,3.691059393123987,diag_5120,1.212486768048773,10.429469429845588,1.9999999999999987,256
randsvd_10_2.0,10,Float64,false,taylor,complexschur,0.017131529,0.000393064,0.0014533160000000003,0.007188351000000001,4.0e-8,0.032124572,16,0,3.789122050037777e-16,2.550092468442278,1,2.220446049250313e-16,9.423865437135563e-18,5.146568668851275e-17,3.691059393123987,diag_5120,1.212486768048773,10.429469429845588,1.9999999999999987,851
randsvd_10_2.0,10,Float64,false,taylor,realschur,0.00713197,0.000389958,0.0010834140000000002,0.00211052,4.0e-8,0.011449136,20,0,4.440892098500626e-16,2.768576326350659,1,2.220446049250313e-16,1.732360116652354e-15,7.792313480067186e-15,3.691059393123987,diag_5120,1.212486768048773,10.429469429845588,1.9999999999999987,53
randsvd_10_2.0,10,Float64,false,taylor,realschur,0.010415077,0.00025496000000000004,0.0010817910000000001,0.002243367,5.0e-8,0.015018583,16,0,3.79456267024846e-16,2.768576326350657,1,2.220446049250313e-16,9.423865437135563e-18,5.146568668851275e-17,3.691059393123987,diag_5120,1.212486768048773,10.429469429845588,1.9999999999999987,256
randsvd_10_2.0,10,Float64,false,taylor,realschur,0.01924241,0.00029310400000000003,0.000962611,0.002067377,1.5e-7,0.023535308,20,0,1.105166779752368e-21,2.768576326350657,1,2.220446049250313e-16,2.500504284402353e-23,1.302420209829792e-22,3.691059393123987,diag_5120,1.212486768048773,10.429469429845588,1.9999999999999987,851
randsvd_10_3.0,10,Float64,false,scaling_and_squaring,NaN,NaN,NaN,NaN,NaN,NaN,2.4316e-5,NaN,NaN,NaN,NaN,NaN,2.220446049250313e-16,1.584373286623396e-16,5.749220620140565e-16,3.713123692167578,diag_5120,1.071961596168996,13.913190963143222,2.9999999999999982,53
randsvd_10_3.0,10,Float64,false,diagonalcheap,transfree,0.0,1.8740000000000002e-6,0.0010238209999999998,0.0016162089999999997,9.0e-8,0.002947732,7,0,0,2.642740391486367,4.319022983687143,2.220446049250313e-16,1.543897698148602e-16,6.817574505106296e-16,3.713123692167578,diag_5120,1.071961596168996,13.913190963143222,2.9999999999999982,53
randsvd_10_3.0,10,Float64,false,diagonalcheap,transfree,0.0,2.194e-6,0.0009128140000000001,0.0018957689999999998,7.0e-8,0.003054276,7,0,1.47254526750665e-16,2.642740391486367,4.319022983687144,2.220446049250313e-16,1.318835118562874e-18,6.077475267684402e-18,3.713123692167578,diag_5120,1.071961596168996,13.913190963143222,2.9999999999999982,256
randsvd_10_3.0,10,Float64,false,diagonalcheap,transfree,0.0,1.6140000000000001e-6,0.001000746,0.002560414,3.0e-8,0.003839998,7,0,1.47254526750665e-16,2.642740391486367,4.319022983687144,2.220446049250313e-16,1.318835118562874e-18,6.077475267684402e-18,3.713123692167578,diag_5120,1.071961596168996,13.913190963143222,2.9999999999999982,851
randsvd_10_3.0,10,Float64,false,diagonalcheap,complexschur,0.003619704,2.1850000000000003e-6,0.001381628,0.007023040999999999,5.0e-8,0.015794226,7,0,4.115580150571359e-16,2.927052570862467,2.531672899504581,2.220446049250313e-16,9.521043318633928e-16,3.637100005455131e-15,3.713123692167578,diag_5120,1.071961596168996,13.913190963143222,2.9999999999999982,53
randsvd_10_3.0,10,Float64,false,diagonalcheap,complexschur,0.00791094,2.414e-6,0.00128313,0.004736803,8.0e-8,0.016261104,7,0,1.848936039044831e-17,2.640200666953418,2.7652900174162993,2.220446049250313e-16,7.13982216559449e-19,4.830194853023114e-18,3.713123692167578,diag_5120,1.071961596168996,13.913190963143222,2.9999999999999982,256
randsvd_10_3.0,10,Float64,false,diagonalcheap,complexschur,0.017000236,3.1869999999999997e-6,0.0016377499999999997,0.006979569,4.0e-8,0.029126144,7,0,1.778664468110135e-17,2.225023119209607,2.47471097612401,2.220446049250313e-16,7.13982216559449e-19,4.830194853023114e-18,3.713123692167578,diag_5120,1.071961596168996,13.913190963143222,2.9999999999999982,851
randsvd_10_3.0,10,Float64,false,diagonalcheap,realschur,0.003282515,1.884e-6,0.0008198379999999998,0.001256435,4.0e-8,0.00587876,7,0,4.067959936575373e-16,3.020287595527444,2.4483636126041675,2.220446049250313e-16,9.338779225974879e-16,3.944146060703026e-15,3.713123692167578,diag_5120,1.071961596168996,13.913190963143222,2.9999999999999982,53
randsvd_10_3.0,10,Float64,false,diagonalcheap,realschur,0.007208107,2.4550000000000002e-6,0.00140885,0.0025037059999999996,8.0e-8,0.012135767,7,0,4.297174348420411e-17,2.830445486918109,2.777407595423344,2.220446049250313e-16,7.13982216559449e-19,4.830194853023114e-18,3.713123692167578,diag_5120,1.071961596168996,13.913190963143222,2.9999999999999982,256
randsvd_10_3.0,10,Float64,false,diagonalcheap,realschur,0.013697522,2.175e-6,0.001085369,0.001916777,3.0e-8,0.017645006,7,0,4.29717434842041e-17,2.414952288521245,2.4908432614573552,2.220446049250313e-16,7.13982216559449e-19,4.830194853023114e-18,3.713123692167578,diag_5120,1.071961596168996,13.913190963143222,2.9999999999999982,851
randsvd_10_3.0,10,Float64,false,taylor,transfree,0.0,0.00014979900000000002,0.00057739,0.0012392360000000001,3.0e-8,0.002195354,16,0,0,3.710948765735439,1,2.220446049250313e-16,6.207140522086108e-17,2.524257463642383e-16,3.713123692167578,diag_5120,1.071961596168996,13.913190963143222,2.9999999999999982,53
randsvd_10_3.0,10,Float64,false,taylor,transfree,0.0,0.00021812100000000002,0.0008023329999999999,0.0026579240000000003,6.0e-8,0.004003542,16,0,4.488624816384425e-16,3.710948765735438,1,2.220446049250313e-16,1.062349947050255e-17,4.307738311545305e-17,3.713123692167578,diag_5120,1.071961596168996,13.913190963143222,2.9999999999999982,256
randsvd_10_3.0,10,Float64,false,taylor,transfree,0.0,0.000245484,0.0010919200000000001,0.004108333,4.0e-8,0.005883859,16,0,4.488624816384425e-16,3.710948765735438,1,2.220446049250313e-16,1.062349947050255e-17,4.307738311545305e-17,3.713123692167578,diag_5120,1.071961596168996,13.913190963143222,2.9999999999999982,851
randsvd_10_3.0,10,Float64,false,taylor,complexschur,0.006447013,0.00048349900000000003,0.0010914009999999999,0.007097755,5.0e-8,0.017203387,30,0,0,2.978283036390187,1,2.220446049250313e-16,9.475958628380202e-16,3.603594464388505e-15,3.713123692167578,diag_5120,1.071961596168996,13.913190963143222,2.9999999999999982,53
randsvd_10_3.0,10,Float64,false,taylor,complexschur,0.007711015,0.0005158219999999999,0.0019094229999999995,0.008999084,4.1e-8,0.021979225,16,0,5.719493776746156e-17,2.99285146590006,1,2.220446049250313e-16,5.775748167767284e-18,3.738821711598303e-17,3.713123692167578,diag_5120,1.071961596168996,13.913190963143222,2.9999999999999982,256
randsvd_10_3.0,10,Float64,false,taylor,complexschur,0.011911907,0.00048754800000000003,0.0017196169999999999,0.010168985000000002,5.0e-8,0.030453397,16,0,5.975232378793689e-17,2.984949368614157,1,2.220446049250313e-16,5.775748167767284e-18,3.738821711598303e-17,3.713123692167578,diag_5120,1.071961596168996,13.913190963143222,2.9999999999999982,851
randsvd_10_3.0,10,Float64,false,taylor,realschur,0.003843023,0.000151111,0.0006764119999999999,0.001387018,3.0e-8,0.006629354,20,0,4.440892098500626e-16,3.013027964703286,1,2.220446049250313e-16,9.26218221648612e-16,3.775877883533275e-15,3.713123692167578,diag_5120,1.071961596168996,13.913190963143222,2.9999999999999982,53
randsvd_10_3.0,10,Float64,false,taylor,realschur,0.006035201,0.00015257300000000003,0.0006872130000000001,0.001286124,4.0e-8,0.008782937,16,0,1.413940946672381e-16,3.02598424325066,1,2.220446049250313e-16,5.775748167767284e-18,3.738821711598303e-17,3.713123692167578,diag_5120,1.071961596168996,13.913190963143222,2.9999999999999982,256
randsvd_10_3.0,10,Float64,false,taylor,realschur,0.016263578,7.724899999999999e-5,0.0007761529999999999,0.002219711,1.6e-7,0.020794906,16,0,1.413940946672381e-16,3.02598424325066,1,2.220446049250313e-16,5.775748167767284e-18,3.738821711598303e-17,3.713123692167578,diag_5120,1.071961596168996,13.913190963143222,2.9999999999999982,851
randsvd_10_4.0,10,Float64,false,scaling_and_squaring,NaN,NaN,NaN,NaN,NaN,NaN,2.9146e-5,NaN,NaN,NaN,NaN,NaN,2.220446049250313e-16,2.084197159652043e-16,9.129563897379024e-16,2.587068387066306,diag_5120,0.945863494917092,13.528601840608365,3.999999999999999,53
randsvd_10_4.0,10,Float64,false,diagonalcheap,transfree,0.0,1.593e-6,0.000775771,0.001435402,1.41e-7,0.002439473,7,0,0,2.550235343100028,3.370361249313143,2.220446049250313e-16,1.166247874752988e-16,5.203642118118475e-16,2.587068387066306,diag_5120,0.945863494917092,13.528601840608365,3.999999999999999,53
randsvd_10_4.0,10,Float64,false,diagonalcheap,transfree,0.0,1.382e-6,0.0006927729999999999,0.001648261,4.0e-8,0.002543683,7,0,1.204116407857856e-16,2.550235343100029,3.370361249313143,2.220446049250313e-16,7.939593925881098e-19,3.602758373706356e-18,2.587068387066306,diag_5120,0.945863494917092,13.528601840608365,3.999999999999999,256
randsvd_10_4.0,10,Float64,false,diagonalcheap,transfree,0.0,1.493e-6,0.0008086759999999999,0.002467338,4.0e-8,0.00351404,7,0,1.204116407857856e-16,2.550235343100029,3.370361249313143,2.220446049250313e-16,7.939593925881098e-19,3.602758373706356e-18,2.587068387066306,diag_5120,0.945863494917092,13.528601840608365,3.999999999999999,851
randsvd_10_4.0,10,Float64,false,diagonalcheap,complexschur,0.003778569,1.6140000000000001e-6,0.001111659,0.004405694999999999,3.0e-8,0.01170527,7,0,3.169802026711337e-16,1.856341651436359,2.464795627748079,2.220446049250313e-16,2.057178554498875e-15,8.369205795013912e-15,2.587068387066306,diag_5120,0.945863494917092,13.528601840608365,3.999999999999999,53
randsvd_10_4.0,10,Float64,false,diagonalcheap,complexschur,0.010933956,2.805e-6,0.0017893920000000001,0.005958413,4.0e-8,0.022259363,7,0,3.73026340631575e-17,1.644711890651749,2.394905766012451,2.220446049250313e-16,4.375857693618968e-19,2.84335017838719e-18,2.587068387066306,diag_5120,0.945863494917092,13.528601840608365,3.999999999999999,256
randsvd_10_4.0,10,Float64,false,diagonalcheap,complexschur,0.01763176,2.706e-6,0.002179464,0.010601296,4.0e-8,0.033986155,7,0,9.389718238549301e-17,1.644711890651749,2.737644305266098,2.220446049250313e-16,3.635016917932163e-19,2.24232463676138e-18,2.587068387066306,diag_5120,0.945863494917092,13.528601840608365,3.999999999999999,851
randsvd_10_4.0,10,Float64,false,diagonalcheap,realschur,0.003584166,1.783e-6,0.000899582,0.001732421,4.0e-8,0.006801936,7,0,0,2.052950502285416,2.556282213096437,2.220446049250313e-16,2.128857855878952e-15,8.785539429248346e-15,2.587068387066306,diag_5120,0.945863494917092,13.528601840608365,3.999999999999999,53
randsvd_10_4.0,10,Float64,false,diagonalcheap,realschur,0.006285112,1.6129999999999998e-6,0.00088944,0.0013547079999999998,8.0e-8,0.009170103,7,0,3.460201929419267e-17,1.644711890651749,2.5562822130964404,2.220446049250313e-16,4.613731993811941e-19,2.877183783283612e-18,2.587068387066306,diag_5120,0.945863494917092,13.528601840608365,3.999999999999999,256
randsvd_10_4.0,10,Float64,false,diagonalcheap,realschur,0.01320172,2.404e-6,0.0015944499999999996,0.003381767,5.0e-8,0.01972502,7,0,7.565879337252257e-17,2.052950502285417,2.837994671509841,2.220446049250313e-16,4.613725972952792e-19,2.868477933442911e-18,2.587068387066306,diag_5120,0.945863494917092,13.528601840608365,3.999999999999999,851
randsvd_10_4.0,10,Float64,false,taylor,transfree,0.0,0.00035445100000000004,0.000986695,0.0027319669999999996,4.0e-8,0.004420665,20,0,4.440892098500626e-16,2.591100944639132,1,2.220446049250313e-16,5.349030224310385e-17,1.585542541284316e-16,2.587068387066306,diag_5120,0.945863494917092,13.528601840608365,3.999999999999999,53
randsvd_10_4.0,10,Float64,false,taylor,transfree,0.0,0.000147165,0.0006185800000000002,0.001603556,9.0e-8,0.002599411,16,0,4.581419493526158e-16,2.591100944639132,1,2.220446049250313e-16,1.235744268157826e-17,5.592349080915237e-17,2.587068387066306,diag_5120,0.945863494917092,13.528601840608365,3.999999999999999,256
randsvd_10_4.0,10,Float64,false,taylor,transfree,0.0,0.000165147,0.00069181,0.002449063,7.0e-8,0.003584206,16,0,4.581419493526158e-16,2.591100944639132,1,2.220446049250313e-16,1.235744268157826e-17,5.592349080915237e-17,2.587068387066306,diag_5120,0.945863494917092,13.528601840608365,3.999999999999999,851
randsvd_10_4.0,10,Float64,false,taylor,complexschur,0.004628696,0.00034725599999999994,0.0013316609999999996,0.007590270999999999,4.0e-8,0.017216242,16,0,0,1.859281168357005,1,2.220446049250313e-16,2.065888524974363e-15,8.45767669228873e-15,2.587068387066306,diag_5120,0.945863494917092,13.528601840608365,3.999999999999999,53
randsvd_10_4.0,10,Float64,false,taylor,complexschur,0.009213797,0.000260973,0.001114211,0.004786891999999999,9.0e-8,0.017537992,16,0,1.602737996305403e-16,1.859281168357005,1,2.220446049250313e-16,6.809009718044302e-18,4.43002521483291e-17,2.587068387066306,diag_5120,0.945863494917092,13.528601840608365,3.999999999999999,256
randsvd_10_4.0,10,Float64,false,taylor,complexschur,0.018971139,0.000594515,0.0018443980000000001,0.007989672,3.0e-8,0.032490459,20,0,1.257036610342676e-21,1.859281168357005,1,2.220446049250313e-16,1.425431915029076e-23,8.80267651229993e-23,2.587068387066306,diag_5120,0.945863494917092,13.528601840608365,3.999999999999999,851
randsvd_10_4.0,10,Float64,false,taylor,realschur,0.003770364,0.000116635,0.0006991770000000002,0.001796343,3.7e-7,0.00724005,16,0,0,2.056239142873639,1,2.220446049250313e-16,2.114698926023042e-15,8.83758113352765e-15,2.587068387066306,diag_5120,0.945863494917092,13.528601840608365,3.999999999999999,53
randsvd_10_4.0,10,Float64,false,taylor,realschur,0.009802219,0.00014546899999999999,0.0006855220000000001,0.001311882,4.0e-8,0.012616133,16,0,1.451469461390191e-16,2.05623914287364,1,2.220446049250313e-16,7.178566009861757e-18,4.482107275765492e-17,2.587068387066306,diag_5120,0.945863494917092,13.528601840608365,3.999999999999999,256
randsvd_10_4.0,10,Float64,false,taylor,realschur,0.01778628,0.0002524049999999999,0.0012922569999999996,0.003038675,1.2e-7,0.023928246,16,0,3.236626647990452e-16,2.05623914287364,1,2.220446049250313e-16,7.178565354319207e-18,4.466916632715494e-17,2.587068387066306,diag_5120,0.945863494917092,13.528601840608365,3.999999999999999,851
randsvd_10_5.0,10,Float64,false,scaling_and_squaring,NaN,NaN,NaN,NaN,NaN,NaN,2.9216e-5,NaN,NaN,NaN,NaN,NaN,2.220446049250313e-16,1.670280776766773e-16,6.537577052335232e-16,3.021155899737948,diag_5120,0.9068652700665031,18.995557230965552,5.0000000000000036,53
randsvd_10_5.0,10,Float64,false,diagonalcheap,transfree,0.0,1.5529999999999998e-6,0.0008099690000000001,0.001367942,3.0e-8,0.00240127,7,0,0,2.18842594997896,3.584172979422018,2.220446049250313e-16,1.424731508732597e-16,6.487552757051124e-16,3.021155899737948,diag_5120,0.9068652700665031,18.995557230965552,5.0000000000000036,53
randsvd_10_5.0,10,Float64,false,diagonalcheap,transfree,0.0,1.382e-6,0.0007424400000000001,0.001742242,3.0e-8,0.002700285,7,0,2.636550740097434e-17,2.18842594997896,3.5841729794220187,2.220446049250313e-16,1.498777332791946e-19,6.29217060831235e-19,3.021155899737948,diag_5120,0.9068652700665031,18.995557230965552,5.0000000000000036,256
randsvd_10_5.0,10,Float64,false,diagonalcheap,transfree,0.0,1.894e-6,0.001014039,0.0028285610000000003,4.1e-8,0.004136298,7,0,2.636550740097434e-17,2.18842594997896,3.5841729794220187,2.220446049250313e-16,1.498777332791946e-19,6.29217060831235e-19,3.021155899737948,diag_5120,0.9068652700665031,18.995557230965552,5.0000000000000036,851
randsvd_10_5.0,10,Float64,false,diagonalcheap,complexschur,0.003776956,1.544e-6,0.001073325,0.004276719,6.0e-8,0.010959315,7,0,0,2.414799951437112,2.7473299267031486,2.220446049250313e-16,1.440095016275376e-15,7.773641395353917e-15,3.021155899737948,diag_5120,0.9068652700665031,18.995557230965552,5.0000000000000036,53
randsvd_10_5.0,10,Float64,false,diagonalcheap,complexschur,0.010492146,2.1839999999999998e-6,0.001894397,0.005846319,4.0e-8,0.020753929,7,0,1.130522858337934e-18,2.996812024338128,2.490222151302819,2.220446049250313e-16,9.804481170920857e-20,6.523457486845496e-19,3.021155899737948,diag_5120,0.9068652700665031,18.995557230965552,5.0000000000000036,256
randsvd_10_5.0,10,Float64,false,diagonalcheap,complexschur,0.01746946,2.584e-6,0.001477633,0.006518110000000001,4.0e-8,0.029056422,7,0,1.156225665601e-17,3.076980358190381,2.492311334724943,2.220446049250313e-16,9.474521431572287e-20,4.230745746624315e-19,3.021155899737948,diag_5120,0.9068652700665031,18.995557230965552,5.0000000000000036,851
randsvd_10_5.0,10,Float64,false,diagonalcheap,realschur,0.005787815,2.6750000000000002e-6,0.0014292200000000001,0.002236553,5.0e-8,0.010351395,7,0,4.033325283419948e-16,2.12352753124734,2.592404886780335,2.220446049250313e-16,1.424562519650047e-15,7.39200223063902e-15,3.021155899737948,diag_5120,0.9068652700665031,18.995557230965552,5.0000000000000036,53
randsvd_10_5.0,10,Float64,false,diagonalcheap,realschur,0.007986225,2.094e-6,0.0011261770000000001,0.0014505,4.0e-8,0.011231799,7,0,2.380301357799811e-18,2.62355788499325,2.682404626636737,2.220446049250313e-16,9.804481170920857e-20,6.523457486845496e-19,3.021155899737948,diag_5120,0.9068652700665031,18.995557230965552,5.0000000000000036,256
randsvd_10_5.0,10,Float64,false,diagonalcheap,realschur,0.015033554,2.484e-6,0.001569509,0.0034374640000000003,4.0e-8,0.021608854,7,0,1.035264334363774e-17,2.957405072579618,2.5189776265745056,2.220446049250313e-16,1.002941683236777e-19,4.543954543567394e-19,3.021155899737948,diag_5120,0.9068652700665031,18.995557230965552,5.0000000000000036,851
randsvd_10_5.0,10,Float64,false,taylor,transfree,0.0,0.0003746400000000001,0.0009832670000000001,0.002677651,5.1e-8,0.004392231,20,0,4.440892098500626e-16,3.019982398223016,1,2.220446049250313e-16,5.885771466095085e-17,2.473848331494846e-16,3.021155899737948,diag_5120,0.9068652700665031,18.995557230965552,5.0000000000000036,53
randsvd_10_5.0,10,Float64,false,taylor,transfree,0.0,0.00029123200000000005,0.000943884,0.0027944389999999997,9.1e-8,0.004369818,16,0,7.279100426439291e-17,3.019982398223016,1,2.220446049250313e-16,6.733102054342062e-19,2.86179777576954e-18,3.021155899737948,diag_5120,0.9068652700665031,18.995557230965552,5.0000000000000036,256
randsvd_10_5.0,10,Float64,false,taylor,transfree,0.0,0.000275331,0.0010369849999999998,0.003105596,4.0e-8,0.004752513,16,0,7.279100426439291e-17,3.019982398223016,1,2.220446049250313e-16,6.733102054342062e-19,2.86179777576954e-18,3.021155899737948,diag_5120,0.9068652700665031,18.995557230965552,5.0000000000000036,851
randsvd_10_5.0,10,Float64,false,taylor,complexschur,0.005726708,0.00020135600000000003,0.0015263859999999996,0.008264421999999999,5.0e-8,0.019168709,16,0,0,2.984967705690803,1,2.220446049250313e-16,1.440290966927743e-15,7.808335864873453e-15,3.021155899737948,diag_5120,0.9068652700665031,18.995557230965552,5.0000000000000036,53
randsvd_10_5.0,10,Float64,false,taylor,complexschur,0.011190059,0.00016284300000000003,0.0010965510000000003,0.006468703,5.0e-8,0.022868658,16,0,2.470644362661859e-18,2.984967705690806,1,2.220446049250313e-16,4.396978475056807e-19,3.210698056376299e-18,3.021155899737948,diag_5120,0.9068652700665031,18.995557230965552,5.0000000000000036,256
randsvd_10_5.0,10,Float64,false,taylor,complexschur,0.018107217,0.000149866,0.001312518,0.007364628,4.0e-8,0.031463323,16,0,3.168171160037446e-17,3.065081623208202,1,2.220446049250313e-16,4.271772889869819e-19,2.392773897265786e-18,3.021155899737948,diag_5120,0.9068652700665031,18.995557230965552,5.0000000000000036,851
randsvd_10_5.0,10,Float64,false,taylor,realschur,0.005988361,0.000248209,0.0010207709999999997,0.0024337630000000002,1.6e-7,0.010581198,20,0,0,2.847941500864534,1,2.220446049250313e-16,1.446015583501584e-15,7.583689174734457e-15,3.021155899737948,diag_5120,0.9068652700665031,18.995557230965552,5.0000000000000036,53
randsvd_10_5.0,10,Float64,false,taylor,realschur,0.006208124,7.454400000000001e-5,0.0006910470000000001,0.001278251,5.0e-8,0.008886136,16,0,5.828531125604369e-18,2.847941500864535,1,2.220446049250313e-16,4.396978475056807e-19,3.210698056376299e-18,3.021155899737948,diag_5120,0.9068652700665031,18.995557230965552,5.0000000000000036,256
randsvd_10_5.0,10,Float64,false,taylor,realschur,0.014013561,0.00024163600000000002,0.0012002380000000002,0.002976257,8.1e-8,0.019567627,16,0,2.881916327937076e-17,2.945241174048578,1,2.220446049250313e-16,4.420259310822421e-19,2.543434300345014e-18,3.021155899737948,diag_5120,0.9068652700665031,18.995557230965552,5.0000000000000036,851
smoke_10,10,ComplexF64,false,scaling_and_squaring,NaN,NaN,NaN,NaN,NaN,NaN,3.116e-5,NaN,NaN,NaN,NaN,NaN,2.220446049250313e-16,2.309721485228594e-16,1.785911666576646e-15,6.488128793452632,diag_5120,3.393632683189225,10.000000000000002,6.313751514675041,53
smoke_10,10,ComplexF64,false,diagonalcheap,transfree,0.0,2.405e-6,0.0015652320000000002,0.006518749999999999,4.0e-8,0.008439997,9,0,0,6.488128793452633,6.963103376184819,2.220446049250313e-16,4.066163427685715e-16,3.585184562095732e-15,6.488128793452632,diag_5120,3.393632683189225,10.000000000000002,6.313751514675041,53
smoke_10,10,ComplexF64,false,diagonalcheap,transfree,0.0,2.0440000000000003e-6,0.00138187,0.006747209,5.0e-8,0.008496316,9,0,1.855466036400002e-16,6.488128793452634,6.963103376184819,2.220446049250313e-16,6.290008380374257e-22,4.729248316150361e-21,6.488128793452632,diag_5120,3.393632683189225,10.000000000000002,6.313751514675041,256
smoke_10,10,ComplexF64,false,diagonalcheap,transfree,0.0,2.605e-6,0.0022626609999999996,0.011768691999999999,8.1e-8,0.014632191,9,0,1.855466036400002e-16,6.488128793452634,6.963103376184819,2.220446049250313e-16,6.290008380374257e-22,4.729248316150361e-21,6.488128793452632,diag_5120,3.393632683189225,10.000000000000002,6.313751514675041,851
smoke_10,10,ComplexF64,false,diagonalcheap,complexschur,0.013661605,0.00036733699999999997,0.0030041700000000005,0.011591691999999999,4.0e-8,0.031472423,17,0,0,7.160917893437391,8.488836848188056,2.220446049250313e-16,1.848589749783783e-15,2.000654485655314e-14,6.488128793452632,diag_5120,3.393632683189225,10.000000000000002,6.313751514675041,53
smoke_10,10,ComplexF64,false,diagonalcheap,complexschur,0.020339213,0.00023873,0.0029416279999999995,0.010187231,3.0e-8,0.037714283,13,0,3.386031334686628e-26,4.566896698491576,8.483169938976147,2.220446049250313e-16,1.934229291467127e-34,1.657694073916477e-33,6.488128793452632,diag_5120,3.393632683189225,10.000000000000002,6.313751514675041,256
smoke_10,10,ComplexF64,false,diagonalcheap,complexschur,0.047793505,0.000158484,0.001982835,0.00791035,4.0e-8,0.061349517,13,0,3.285794327264235e-26,6.583607608694628,7.788672488319524,2.220446049250313e-16,1.950627274001576e-34,1.646683662539264e-33,6.488128793452632,diag_5120,3.393632683189225,10.000000000000002,6.313751514675041,851
smoke_10,10,ComplexF64,false,taylor,transfree,0.0,0.000281753,0.0008239350000000001,0.006471402999999999,4.0e-8,0.007929015,25,0,8.881784197001252e-16,6.047695524856813,1,2.220446049250313e-16,7.487120276704883e-17,5.006660666632352e-16,6.488128793452632,diag_5120,3.393632683189225,10.000000000000002,6.313751514675041,53
smoke_10,10,ComplexF64,false,taylor,transfree,0.0,0.00032041600000000007,0.0009476900000000002,0.010635073,5.0e-8,0.012378998,25,0,1.167258086853668e-20,6.047695524856814,1,2.220446049250313e-16,4.773285288235352e-26,2.543101710809341e-25,6.488128793452632,diag_5120,3.393632683189225,10.000000000000002,6.313751514675041,256
smoke_10,10,ComplexF64,false,taylor,transfree,0.0,0.000506998,0.0015062400000000005,0.014041782999999999,5.0e-8,0.01668869,25,0,1.167258086853668e-20,6.047695524856814,1,2.220446049250313e-16,4.773285288235352e-26,2.543101710809341e-25,6.488128793452632,diag_5120,3.393632683189225,10.000000000000002,6.313751514675041,851
smoke_10,10,ComplexF64,false,taylor,complexschur,0.015930821,0.0006706910000000001,0.0013395389999999994,0.01175226,5.0e-8,0.033051943,30,0,8.881784197001252e-16,6.850668107254965,1,2.220446049250313e-16,1.856461329133103e-15,1.972678862278372e-14,6.488128793452632,diag_5120,3.393632683189225,10.000000000000002,6.313751514675041,53
smoke_10,10,ComplexF64,false,taylor,complexschur,0.022703963,0.000662554,0.001833648,0.008183313,4.0e-8,0.058856871,25,0,5.611884329413912e-19,6.850668107254963,1,2.220446049250313e-16,4.594416834756056e-26,2.991071438411345e-25,6.488128793452632,diag_5120,3.393632683189225,10.000000000000002,6.313751514675041,256
smoke_10,10,ComplexF64,false,taylor,complexschur,0.038433877,0.000491565,0.0015471600000000001,0.008337812,4.0e-8,0.052199322,25,0,5.783558271698896e-19,6.29726593556051,1,2.220446049250313e-16,4.631227792565473e-26,3.034389006771237e-25,6.488128793452632,diag_5120,3.393632683189225,10.000000000000002,6.313751514675041,851
smoke_10_1,10,ComplexF64,false,scaling_and_squaring,NaN,NaN,NaN,NaN,NaN,NaN,2.584e-5,NaN,NaN,NaN,NaN,NaN,2.220446049250313e-16,2.314773419669107e-16,1.026209242549568e-15,6.488128459651135,diag_5120,3.033032640705277,19.999999999999996,13.232029812481908,53
smoke_10_1,10,ComplexF64,false,diagonalcheap,transfree,0.0,2.083e-6,0.001307776,0.004273763,4.0e-8,0.005892548,9,0,0,6.488128459651135,6.962753680119446,2.220446049250313e-16,1.485468551984006e-16,1.081604181787089e-15,6.488128459651135,diag_5120,3.033032640705277,19.999999999999996,13.232029812481908,53
smoke_10_1,10,ComplexF64,false,diagonalcheap,transfree,0.0,2.8950000000000002e-6,0.0028719959999999995,0.007225912,4.0e-8,0.0105824,9,0,1.855466035135456e-16,6.488128459651135,6.962753680119448,2.220446049250313e-16,1.727653060883829e-22,1.449293539533239e-21,6.488128459651135,diag_5120,3.033032640705277,19.999999999999996,13.232029812481908,256
smoke_10_1,10,ComplexF64,false,diagonalcheap,transfree,0.0,3.3659999999999996e-6,0.001896058,0.007478088,4.0e-8,0.00981843,9,0,1.855466035135456e-16,6.488128459651135,6.962753680119448,2.220446049250313e-16,1.727653060883829e-22,1.449293539533239e-21,6.488128459651135,diag_5120,3.033032640705277,19.999999999999996,13.232029812481908,851
smoke_10_1,10,ComplexF64,false,diagonalcheap,complexschur,0.0,2.0730000000000003e-6,0.0012107389999999997,0.004381281,4.1e-8,0.005934418,9,0,0,6.488128459651135,6.962753680119446,2.220446049250313e-16,1.485468551984006e-16,1.081604181787089e-15,6.488128459651135,diag_5120,3.033032640705277,19.999999999999996,13.232029812481908,53
smoke_10_1,10,ComplexF64,false,diagonalcheap,complexschur,0.0,2.074e-6,0.001245627,0.0071651760000000005,4.0e-8,0.008759444,9,0,1.855466035135456e-16,6.488128459651135,6.962753680119448,2.220446049250313e-16,1.727653060883829e-22,1.449293539533239e-21,6.488128459651135,diag_5120,3.033032640705277,19.999999999999996,13.232029812481908,256
smoke_10_1,10,ComplexF64,false,diagonalcheap,complexschur,0.0,3.3659999999999996e-6,0.0019397199999999998,0.007458811000000001,4.0e-8,0.009876072,9,0,1.855466035135456e-16,6.488128459651135,6.962753680119448,2.220446049250313e-16,1.727653060883829e-22,1.449293539533239e-21,6.488128459651135,diag_5120,3.033032640705277,19.999999999999996,13.232029812481908,851
smoke_10_1,10,ComplexF64,false,taylor,transfree,0.0,0.000293015,0.0008712660000000002,0.005856589,4.0e-8,0.007355261,25,0,8.881784197001252e-16,6.047695524856813,1,2.220446049250313e-16,1.234478485698436e-16,7.652916560735051e-16,6.488128459651135,diag_5120,3.033032640705277,19.999999999999996,13.232029812481908,53
smoke_10_1,10,ComplexF64,false,taylor,transfree,0.0,0.000486676,0.0013057820000000001,0.010587993,4.0e-8,0.012871936,25,0,1.167258086853668e-20,6.047695524856814,1,2.220446049250313e-16,1.045397773134703e-26,5.87564982106485e-26,6.488128459651135,diag_5120,3.033032640705277,19.999999999999996,13.232029812481908,256
smoke_10_1,10,ComplexF64,false,taylor,transfree,0.0,0.000398857,0.0013527540000000003,0.008429418000000001,4.0e-8,0.010645772,25,0,1.167258086853668e-20,6.047695524856814,1,2.220446049250313e-16,1.045397773134703e-26,5.87564982106485e-26,6.488128459651135,diag_5120,3.033032640705277,19.999999999999996,13.232029812481908,851
smoke_10_1,10,ComplexF64,false,taylor,complexschur,0.0,0.000297092,0.000854956,0.0062162699999999994,4.0e-8,0.007712268,25,0,8.881784197001252e-16,6.047695524856813,1,2.220446049250313e-16,1.234478485698436e-16,7.652916560735051e-16,6.488128459651135,diag_5120,3.033032640705277,19.999999999999996,13.232029812481908,53
smoke_10_1,10,ComplexF64,false,taylor,complexschur,0.0,0.000523186,0.0015525910000000005,0.010417543,4.0e-8,0.013088282,25,0,1.167258086853668e-20,6.047695524856814,1,2.220446049250313e-16,1.045397773134703e-26,5.87564982106485e-26,6.488128459651135,diag_5120,3.033032640705277,19.999999999999996,13.232029812481908,256
smoke_10_1,10,ComplexF64,false,taylor,complexschur,0.0,0.000470005,0.001380455,0.012518947,4.1e-8,0.014962278,25,0,1.167258086853668e-20,6.047695524856814,1,2.220446049250313e-16,1.045397773134703e-26,5.87564982106485e-26,6.488128459651135,diag_5120,3.033032640705277,19.999999999999996,13.232029812481908,851
toeppen_10,10,Float64,false,scaling_and_squaring,NaN,NaN,NaN,NaN,NaN,NaN,3.9305e-5,NaN,NaN,NaN,NaN,NaN,2.220446049250313e-16,3.431717306382492e-16,3.279609021852814e-15,8.428750851945745,diag_5120,25.66520381734778,12.82210457497437,5.967732834378493,53
toeppen_10,10,Float64,false,diagonalcheap,transfree,0.0,0.000651172,0.006987773000000001,0.006012549,0.001036454,0.014981765,91,4,0,1.678619479230362,2.613888350765564,2.220446049250313e-16,6.925224591691113e-16,6.728582997569816e-15,8.428750851945745,diag_5120,25.66520381734778,12.82210457497437,5.967732834378493,53
toeppen_10,10,Float64,false,diagonalcheap,transfree,0.0,0.000201929,0.002226859,0.0034831989999999998,0.000591799,0.006919363,17,2,2.814208883293927e-23,3.093686089765006,6.093168887507242,2.220446049250313e-16,3.527668169730432e-27,3.081148884945201e-26,8.428750851945745,diag_5120,25.66520381734778,12.82210457497437,5.967732834378493,256
toeppen_10,10,Float64,false,diagonalcheap,transfree,0.0,0.00021251799999999997,0.002504048,0.0050137870000000005,0.001038408,0.009249466,17,2,2.814208883293927e-23,3.093686089765006,6.093168887507242,2.220446049250313e-16,3.527668169730432e-27,3.081148884945201e-26,8.428750851945745,diag_5120,25.66520381734778,12.82210457497437,5.967732834378493,851
toeppen_10,10,Float64,false,diagonalcheap,complexschur,0.005511284,0.0015410730000000004,0.013779873,0.031071182,0.002869791,0.057137724,91,4,2.409993174853384e-16,1.172267810336923,1.146131170543704,2.220446049250313e-16,6.83962298644387e-15,6.629705325599059e-14,8.428750851945745,diag_5120,25.66520381734778,12.82210457497437,5.967732834378493,53
toeppen_10,10,Float64,false,diagonalcheap,complexschur,0.005672534,0.00023844,0.002467238,0.007275489,0.001586863,0.020392205,17,2,5.231860563417613e-25,1.655797254380842,1.8097753667247574,2.220446049250313e-16,1.323440180160167e-28,9.526524237318165e-28,8.428750851945745,diag_5120,25.66520381734778,12.82210457497437,5.967732834378493,256
toeppen_10,10,Float64,false,diagonalcheap,complexschur,0.014888766,0.0002862,0.0026923909999999997,0.011032927000000001,0.004264966,0.039390969,17,2,5.231860563417613e-25,1.655797254380842,1.8097753667247574,2.220446049250313e-16,1.323440180160167e-28,9.526524237318165e-28,8.428750851945745,diag_5120,25.66520381734778,12.82210457497437,5.967732834378493,851
toeppen_10,10,Float64,false,diagonalcheap,realschur,0.003970209,0.00111943,0.013070965000000002,0.008801111,0.00200137,0.030038734,91,6,2.493412310042077e-16,1.217724103583795,1.2953187294260513,2.220446049250313e-16,7.491928370234749e-15,7.041181734100759e-14,8.428750851945745,diag_5120,25.66520381734778,12.82210457497437,5.967732834378493,53
toeppen_10,10,Float64,false,diagonalcheap,realschur,0.00807712,0.000171218,0.001891147,0.002194553,0.000440758,0.013495396,17,2,4.976587388600983e-24,2.296688873681751,3.3824956279035483,2.220446049250313e-16,1.323440180160167e-28,9.526524237318165e-28,8.428750851945745,diag_5120,25.66520381734778,12.82210457497437,5.967732834378493,256
toeppen_10,10,Float64,false,diagonalcheap,realschur,0.013836051,0.000255411,0.0033581609999999997,0.0054118529999999995,0.00128887,0.025957713,17,2,4.938421378122945e-24,2.307302952836738,3.356554887091444,2.220446049250313e-16,1.323440180160167e-28,9.526524237318165e-28,8.428750851945745,diag_5120,25.66520381734778,12.82210457497437,5.967732834378493,851
toeppen_10,10,Float64,false,taylor,transfree,0.0,0.00034376999999999997,0.001265235,0.002172859,0.00028633,0.00439175,36,2,0,28.63216145833334,1,2.220446049250313e-16,1.376381760774565e-15,1.026890990925505e-14,8.428750851945745,diag_5120,25.66520381734778,12.82210457497437,5.967732834378493,53
toeppen_10,10,Float64,false,taylor,transfree,0.0,0.000542824,0.001935102,0.0033779720000000004,0.00040504,0.006570983,36,2,3.767863708711528e-17,28.63216145833333,1,2.220446049250313e-16,2.542896687571382e-19,2.45512762657056e-18,8.428750851945745,diag_5120,25.66520381734778,12.82210457497437,5.967732834378493,256
toeppen_10,10,Float64,false,taylor,transfree,0.0,0.00037073399999999995,0.001453696,0.005283955999999999,0.001251979,0.008703947,36,2,3.767863708711528e-17,28.63216145833333,1,2.220446049250313e-16,2.542896687571382e-19,2.45512762657056e-18,8.428750851945745,diag_5120,25.66520381734778,12.82210457497437,5.967732834378493,851
toeppen_10,10,Float64,false,taylor,complexschur,0.006960222,0.0011378709999999997,0.002541661000000001,0.013906654999999999,0.001452956,0.029210231,72,2,0,16.79885848416725,1,2.220446049250313e-16,6.837007893886394e-15,6.599868081812258e-14,8.428750851945745,diag_5120,25.66520381734778,12.82210457497437,5.967732834378493,53
toeppen_10,10,Float64,false,taylor,complexschur,0.010860195,0.0007492989999999999,0.0026135579999999998,0.009161167999999999,0.002055425,0.028143328,36,2,1.511422065674794e-18,16.79885848416729,1,2.220446049250313e-16,9.538819454311404e-21,7.47779793911226e-20,8.428750851945745,diag_5120,25.66520381734778,12.82210457497437,5.967732834378493,256
toeppen_10,10,Float64,false,taylor,complexschur,0.016656617,0.001234055,0.004277980999999999,0.044428171,0.002296318,0.073258643,36,2,1.511422065674794e-18,16.79885848416729,1,2.220446049250313e-16,9.538819454311404e-21,7.47779793911226e-20,8.428750851945745,diag_5120,25.66520381734778,12.82210457497437,5.967732834378493,851
toeppen_10,10,Float64,false,taylor,realschur,0.003031123,0.000659539,0.001817569,0.0039729940000000005,0.000340325,0.010416613,90,2,0,22.48308646689395,1,2.220446049250313e-16,7.494252872623517e-15,7.039426023734218e-14,8.428750851945745,diag_5120,25.66520381734778,12.82210457497437,5.967732834378493,53
toeppen_10,10,Float64,false,taylor,realschur,0.007512354,0.000507606,0.0021915760000000006,0.0038422440000000003,0.000484823,0.015454596,36,2,1.059951243327253e-17,22.48308646689399,1,2.220446049250313e-16,9.538819454311404e-21,7.47779793911226e-20,8.428750851945745,diag_5120,25.66520381734778,12.82210457497437,5.967732834378493,256
toeppen_10,10,Float64,false,taylor,realschur,0.01077901,0.0003531390000000001,0.001552509,0.0029068139999999998,0.000690769,0.017787495,36,2,1.059951243327253e-17,22.48308646689399,1,2.220446049250313e-16,9.538819454311404e-21,7.47779793911226e-20,8.428750851945745,diag_5120,25.66520381734778,12.82210457497437,5.967732834378493,851
uniformdata_10_1000,10,Float64,false,scaling_and_squaring,NaN,NaN,NaN,NaN,NaN,NaN,3.3064e-5,NaN,NaN,NaN,NaN,NaN,2.220446049250313e-16,3.122685022715955e-16,6.49345345189057e-14,164.8956767731772,diag_5120,5.919219508342974,139.88581680161747,66.55942062314672,53
uniformdata_10_1000,10,Float64,false,diagonalcheap,transfree,0.0,0.00041062999999999994,0.002016289,0.002285108,0.000136182,0.005144298,17,1,1.79256173010964e-15,13.94586050769487,6.711357851326075,2.220446049250313e-16,2.993765223050358e-16,5.432163457693884e-14,164.8956767731772,diag_5120,5.919219508342974,139.88581680161747,66.55942062314672,53
uniformdata_10_1000,10,Float64,false,diagonalcheap,transfree,0.0,0.00014109199999999997,0.001311013,0.0018976519999999999,0.000174776,0.003800353,13,1,1.296746250578927e-23,13.94586050769488,6.764306555603619,2.220446049250313e-16,6.692673631937337e-25,1.104161434169091e-22,164.8956767731772,diag_5120,5.919219508342974,139.88581680161747,66.55942062314672,256
uniformdata_10_1000,10,Float64,false,diagonalcheap,transfree,0.0,0.00032282199999999995,0.002746344,0.0052124499999999995,0.000591368,0.009519857,13,1,1.296746250578927e-23,13.94586050769488,6.764306555603619,2.220446049250313e-16,6.692673631937337e-25,1.104161434169091e-22,164.8956767731772,diag_5120,5.919219508342974,139.88581680161747,66.55942062314672,851
uniformdata_10_1000,10,Float64,false,diagonalcheap,complexschur,0.005461268,0.001048265,0.007750384000000001,0.024421997999999997,4.1e-8,0.041963511,81,0,0,136.9410164170041,18.896149263775193,2.220446049250313e-16,6.03235256288803e-15,1.251919095929592e-12,164.8956767731772,diag_5120,5.919219508342974,139.88581680161747,66.55942062314672,53
uniformdata_10_1000,10,Float64,false,diagonalcheap,complexschur,0.009439633,0.000196557,0.0024612379999999993,0.008965589000000001,7.0e-8,0.024221194,13,0,7.276353454683347e-15,136.9410164170069,25.079068509876716,2.220446049250313e-16,1.438311521106223e-17,4.974825169965617e-15,164.8956767731772,diag_5120,5.919219508342974,139.88581680161747,66.55942062314672,256
uniformdata_10_1000,10,Float64,false,diagonalcheap,complexschur,0.016978238,0.00023109499999999998,0.003066643,0.031713199,4.0e-8,0.055090891,13,0,7.276353454683347e-15,136.9410164170069,27.207241634947092,2.220446049250313e-16,1.438311521106223e-17,4.974825169965617e-15,164.8956767731772,diag_5120,5.919219508342974,139.88581680161747,66.55942062314672,851
uniformdata_10_1000,10,Float64,false,diagonalcheap,realschur,0.003164549,0.00058918,0.005315195000000001,0.0044671070000000005,4.0e-8,0.014029203,81,0,0,136.9410164170041,19.51413514581526,2.220446049250313e-16,6.052399389122848e-15,1.21600323474395e-12,164.8956767731772,diag_5120,5.919219508342974,139.88581680161747,66.55942062314672,53
uniformdata_10_1000,10,Float64,false,diagonalcheap,realschur,0.00837254,0.000125041,0.002098799,0.003024259,6.0e-8,0.014592828,13,0,7.276353454683347e-15,136.9410164170069,28.086930711572453,2.220446049250313e-16,1.537336555103642e-17,4.676161145181769e-15,164.8956767731772,diag_5120,5.919219508342974,139.88581680161747,66.55942062314672,256
uniformdata_10_1000,10,Float64,false,diagonalcheap,realschur,0.012469132,7.9653e-5,0.001424231,0.002284715,4.0e-8,0.017090213,13,0,7.276353454683347e-15,136.9410164170069,21.554769630077057,2.220446049250313e-16,1.537336555103642e-17,4.676161145181769e-15,164.8956767731772,diag_5120,5.919219508342974,139.88581680161747,66.55942062314672,851
uniformdata_10_1000,10,Float64,false,taylor,transfree,0.0,0.00051472,0.0007328289999999997,0.002409798,0.000274478,0.004211083,30,1,1.77635683940025e-15,10.64866513523483,1,2.220446049250313e-16,1.119734434323515e-16,1.972802446991314e-14,164.8956767731772,diag_5120,5.919219508342974,139.88581680161747,66.55942062314672,53
uniformdata_10_1000,10,Float64,false,taylor,transfree,0.0,0.000842111,0.0014489470000000001,0.004006699999999999,0.000352899,0.007209802,25,1,1.050206026498513e-16,10.64866513523483,1,2.220446049250313e-16,6.788177942560257e-18,1.119917794390142e-15,164.8956767731772,diag_5120,5.919219508342974,139.88581680161747,66.55942062314672,256
uniformdata_10_1000,10,Float64,false,taylor,transfree,0.0,0.000951129,0.0016690599999999998,0.004793893,0.00034854,0.008449288,25,1,1.050206026498513e-16,10.64866513523483,1,2.220446049250313e-16,6.788177942560257e-18,1.119917794390142e-15,164.8956767731772,diag_5120,5.919219508342974,139.88581680161747,66.55942062314672,851
uniformdata_10_1000,10,Float64,false,taylor,complexschur,0.003665943,0.000567093,0.0018977090000000005,0.007986238000000001,0.000783768,0.018063155,25,1,1.77635683940025e-15,8.965497742421809,1,2.220446049250313e-16,5.983536670529909e-15,9.718491502625972e-13,164.8956767731772,diag_5120,5.919219508342974,139.88581680161747,66.55942062314672,53
uniformdata_10_1000,10,Float64,false,taylor,complexschur,0.01165724,0.00056151,0.001737102,0.007650400000000002,0.000877799,0.025252048,25,1,3.971853714910871e-17,8.965497742421787,1,2.220446049250313e-16,9.986599370625732e-19,3.451286081426991e-16,164.8956767731772,diag_5120,5.919219508342974,139.88581680161747,66.55942062314672,256
uniformdata_10_1000,10,Float64,false,taylor,complexschur,0.018418449,0.00061169,0.0019144880000000006,0.008541327000000001,0.001098313,0.034494911,25,1,3.971853714910871e-17,8.965497742421787,1,2.220446049250313e-16,9.986599370625732e-19,3.451286081426991e-16,164.8956767731772,diag_5120,5.919219508342974,139.88581680161747,66.55942062314672,851
uniformdata_10_1000,10,Float64,false,taylor,realschur,0.005645021,0.00034629699999999997,0.0012393639999999997,0.00280092,0.000315497,0.011411277,25,1,1.77635683940025e-15,8.965497742421809,1,2.220446049250313e-16,5.966138181901697e-15,9.700727934231969e-13,164.8956767731772,diag_5120,5.919219508342974,139.88581680161747,66.55942062314672,53
uniformdata_10_1000,10,Float64,false,taylor,realschur,0.007453772,0.00035845999999999995,0.0013577639999999998,0.002995464,0.000371976,0.013709188,25,1,3.971853714910871e-17,8.965497742421787,1,2.220446049250313e-16,1.061248177151039e-18,3.242203097874185e-16,164.8956767731772,diag_5120,5.919219508342974,139.88581680161747,66.55942062314672,256
uniformdata_10_1000,10,Float64,false,taylor,realschur,0.012836468,0.00022568399999999998,0.0009612780000000001,0.002194225,0.000323362,0.017511935,25,1,3.971853714910871e-17,8.965497742421787,1,2.220446049250313e-16,1.061248177151039e-18,3.242203097874185e-16,164.8956767731772,diag_5120,5.919219508342974,139.88581680161747,66.55942062314672,851
gearmat_10,10,Int64,false,scaling_and_squaring,NaN,NaN,NaN,NaN,NaN,NaN,2.4146e-5,NaN,NaN,NaN,NaN,NaN,2.220446049250313e-16,2.546495757595829e-16,2.550432187449286e-15,7.380746061228714,exp_mp_5120,3.108157548058436,Inf,3.844062731816695e16,53
gearmat_10,10,Int64,false,diagonalcheap,transfree,0.0,1.0319e-5,0.0009451380000000001,0.001229546,8.1e-8,0.002454283,9,0,0,7.380746061228715,7.387704851595193,2.220446049250313e-16,3.204080672463796e-16,3.186901658646441e-15,7.380746061228714,exp_mp_5120,3.108157548058436,Inf,3.844062731816695e16,53
gearmat_10,10,Int64,false,diagonalcheap,transfree,0.0,1.8739999999999998e-6,0.0008092479999999999,0.001312895,3.0e-8,0.002355332,9,0,6.907059171325139e-16,7.380746061228715,7.387704851595193,2.220446049250313e-16,2.05912840856437e-77,1.883147491591003e-76,7.380746061228714,exp_mp_5120,3.108157548058436,Inf,3.844062731816695e16,256
gearmat_10,10,Int64,false,diagonalcheap,transfree,0.0,2.334e-6,0.001461854,0.002563724,4.0e-8,0.004356823,9,0,6.907059171325139e-16,7.380746061228715,7.387704851595193,2.220446049250313e-16,1.385129481926871e-256,1.612130092503088e-255,7.380746061228714,exp_mp_5120,3.108157548058436,Inf,3.844062731816695e16,851
gearmat_10,10,Int64,false,diagonalcheap,complexschur,0.004164564,2.705e-6,0.001659654,0.00683423,4.0e-8,0.015286705,9,0,1.435580124203845e-15,8.568809106536275,9.204726617916704,2.220446049250313e-16,1.087651584730294e-15,1.0135677516846e-14,7.380746061228714,exp_mp_5120,3.108157548058436,Inf,3.844062731816695e16,53
gearmat_10,10,Int64,false,diagonalcheap,complexschur,0.006205671,2.435e-6,0.0017605569999999998,0.007150819,5.0e-8,0.017963585,9,0,9.838161231288398e-16,8.808757617535601,9.036301223355064,2.220446049250313e-16,2.458502840283553e-17,3.034681984459094e-16,7.380746061228714,exp_mp_5120,3.108157548058436,Inf,3.844062731816695e16,256
gearmat_10,10,Int64,false,diagonalcheap,complexschur,0.010166673,0.000162663,0.0025819990000000006,0.007976749,7.0e-8,0.024731337,13,0,1.207410915377124e-26,8.808757617535605,9.028247177574725,2.220446049250313e-16,2.578764687105045e-17,3.190639219702142e-16,7.380746061228714,exp_mp_5120,3.108157548058436,Inf,3.844062731816695e16,851
gearmat_10,10,Int64,false,diagonalcheap,realschur,0.004840885,3.128e-6,0.0016103889999999998,0.0024337219999999997,6.0e-8,0.009858059,9,0,1.435580124203845e-15,8.568809106536275,9.204726617916704,2.220446049250313e-16,1.085722574652515e-15,1.009550782635542e-14,7.380746061228714,exp_mp_5120,3.108157548058436,Inf,3.844062731816695e16,53
gearmat_10,10,Int64,false,diagonalcheap,realschur,0.004099358,3.4270000000000004e-6,0.0014213340000000002,0.0020390829999999997,4.0e-8,0.008669993,9,0,9.838161231288398e-16,8.808757617535601,9.036301223355064,2.220446049250313e-16,2.458502840283553e-17,3.034681984459094e-16,7.380746061228714,exp_mp_5120,3.108157548058436,Inf,3.844062731816695e16,256
gearmat_10,10,Int64,false,diagonalcheap,realschur,0.053822214,0.000121653,0.002393968,0.0035683159999999998,6.0e-8,0.061442487,13,0,1.207410915377124e-26,8.808757617535605,9.028247177574725,2.220446049250313e-16,2.578764687105045e-17,3.190639219702142e-16,7.380746061228714,exp_mp_5120,3.108157548058436,Inf,3.844062731816695e16,851
gearmat_10,10,Int64,false,taylor,transfree,0.0,0.00044562700000000003,0.0012037850000000002,0.0024920760000000006,4.0e-8,0.004491743,30,0,8.881784197001252e-16,6.333333333333334,1,2.220446049250313e-16,6.579227650256143e-17,6.94874675924951e-16,7.380746061228714,exp_mp_5120,3.108157548058436,Inf,3.844062731816695e16,53
gearmat_10,10,Int64,false,taylor,transfree,0.0,0.00021457300000000005,0.0007291760000000001,0.0016140529999999998,2.3e-7,0.002840777,25,0,1.796745132770597e-19,6.333333333333333,1,2.220446049250313e-16,2.579275958326619e-17,3.191269754075343e-16,7.380746061228714,exp_mp_5120,3.108157548058436,Inf,3.844062731816695e16,256
gearmat_10,10,Int64,false,taylor,transfree,0.0,0.000216807,0.000703314,0.0020093850000000003,4.0e-8,0.003195238,25,0,1.796745132770597e-19,6.333333333333333,1,2.220446049250313e-16,2.579275958326619e-17,3.191269754075343e-16,7.380746061228714,exp_mp_5120,3.108157548058436,Inf,3.844062731816695e16,851
gearmat_10,10,Int64,false,taylor,complexschur,0.002716397,0.000414617,0.0009948660000000003,0.00815444,7.0e-8,0.015152466,25,0,8.881784197001252e-16,7.398149896973374,1,2.220446049250313e-16,1.102897482178575e-15,1.165675895473454e-14,7.380746061228714,exp_mp_5120,3.108157548058436,Inf,3.844062731816695e16,53
gearmat_10,10,Int64,false,taylor,complexschur,0.006759817,0.0003999699999999999,0.0010805399999999998,0.006134421999999999,4.1e-8,0.016244849,25,0,3.2083944007321e-19,7.54128886030615,1,2.220446049250313e-16,2.578811930592404e-17,3.190671452466595e-16,7.380746061228714,exp_mp_5120,3.108157548058436,Inf,3.844062731816695e16,256
gearmat_10,10,Int64,false,taylor,complexschur,0.00646489,0.0004599839999999999,0.0012715369999999999,0.011151717,4.0e-8,0.023338718,25,0,3.2083944007321e-19,7.54128886030615,1,2.220446049250313e-16,2.578811930592404e-17,3.190671452466595e-16,7.380746061228714,exp_mp_5120,3.108157548058436,Inf,3.844062731816695e16,851
gearmat_10,10,Int64,false,taylor,realschur,0.003095206,0.000242478,0.0007308859999999999,0.001594217,4.0e-8,0.006299972,25,0,8.881784197001252e-16,7.398149896973374,1,2.220446049250313e-16,1.100796491229424e-15,1.157641957375337e-14,7.380746061228714,exp_mp_5120,3.108157548058436,Inf,3.844062731816695e16,53
gearmat_10,10,Int64,false,taylor,realschur,0.004255678,0.00029161,0.000981226,0.001795846,4.0e-8,0.008101508,25,0,3.2083944007321e-19,7.54128886030615,1,2.220446049250313e-16,2.578811930592404e-17,3.190671452466595e-16,7.380746061228714,exp_mp_5120,3.108157548058436,Inf,3.844062731816695e16,256
gearmat_10,10,Int64,false,taylor,realschur,0.011406729,0.000315486,0.0011905289999999998,0.00268099,9.1e-8,0.016636752,25,0,3.2083944007321e-19,7.54128886030615,1,2.220446049250313e-16,2.578811930592404e-17,3.190671452466595e-16,7.380746061228714,exp_mp_5120,3.108157548058436,Inf,3.844062731816695e16,851
neumann_16,16,Int64,false,scaling_and_squaring,NaN,NaN,NaN,NaN,NaN,NaN,3.1731e-5,NaN,NaN,NaN,NaN,NaN,2.220446049250313e-16,4.355910244887343e-15,2.18035815744275e-11,5168.379063993997,diag_5120,16.74842806347653,1.4411518807585584e17,2.3692064377641136e17,53
neumann_16,16,Int64,false,diagonalcheap,transfree,0.0,0.000368209,0.0034738739999999996,0.006841865999999999,0.000516594,0.118991893,21,1,0,86.53652563034899,14.975487020663213,2.220446049250313e-16,2.970918659776265e-15,1.725610806556286e-11,5168.379063993997,diag_5120,16.74842806347653,1.4411518807585584e17,2.3692064377641136e17,53
neumann_16,16,Int64,false,diagonalcheap,transfree,0.0,0.000131081,0.0023207359999999995,0.005998091,0.000676712,0.009829344,13,1,3.076082100675383e-16,86.53652563034906,15.539643089893344,2.220446049250313e-16,3.275624223395886e-19,1.95591904055338e-15,5168.379063993997,diag_5120,16.74842806347653,1.4411518807585584e17,2.3692064377641136e17,256
neumann_16,16,Int64,false,diagonalcheap,transfree,0.0,0.00013137200000000002,0.0023576,0.009135359,0.002231955,0.014641625,13,1,3.076082100675383e-16,86.53652563034906,15.539643089893344,2.220446049250313e-16,3.275624223395886e-19,1.95591904055338e-15,5168.379063993997,diag_5120,16.74842806347653,1.4411518807585584e17,2.3692064377641136e17,851
neumann_16,16,Int64,false,diagonalcheap,complexschur,0.010646828,0.0011935669999999998,0.012723625000000002,0.046783794,0.002637285,0.080668027,49,1,6.699490315964313e-15,54.59815003314404,7.542955522637284,2.220446049250313e-16,3.731654041229485e-15,1.866417421767724e-11,5168.379063993997,diag_5120,16.74842806347653,1.4411518807585584e17,2.3692064377641136e17,53
neumann_16,16,Int64,false,diagonalcheap,complexschur,0.009617918,0.00031418399999999996,0.005682495,0.025171035999999994,0.003976632,0.052094404,13,1,1.007547450548596e-17,54.59815003314417,8.00226417020058,2.220446049250313e-16,8.801462206670695e-20,5.339200019861814e-16,5168.379063993997,diag_5120,16.74842806347653,1.4411518807585584e17,2.3692064377641136e17,256
neumann_16,16,Int64,false,diagonalcheap,complexschur,0.015624897,0.000342549,0.005416780000000001,0.028533578,0.003389282,0.064091209,13,1,1.007547450548596e-17,54.59815003314417,8.00226417020058,2.220446049250313e-16,8.801414520500813e-20,5.339200019861814e-16,5168.379063993997,diag_5120,16.74842806347653,1.4411518807585584e17,2.3692064377641136e17,851
neumann_16,16,Int64,false,diagonalcheap,realschur,0.006598928,0.001053859,0.008596793000000002,0.049608663,0.00050961,0.068615576,49,1,6.699490315964313e-15,54.59815003314404,7.542955522637284,2.220446049250313e-16,3.731654041229485e-15,1.866417421767724e-11,5168.379063993997,diag_5120,16.74842806347653,1.4411518807585584e17,2.3692064377641136e17,53
neumann_16,16,Int64,false,diagonalcheap,realschur,0.009486534,0.00012783600000000001,0.00243742,0.004418472,0.000629811,0.019234903,13,1,1.007547450548596e-17,54.59815003314418,8.00226417020058,2.220446049250313e-16,8.801462206670695e-20,5.339200019861814e-16,5168.379063993997,diag_5120,16.74842806347653,1.4411518807585584e17,2.3692064377641136e17,256
neumann_16,16,Int64,false,diagonalcheap,realschur,0.021583322,0.000253789,0.0046757660000000005,0.010001326000000001,0.00123681,0.042366215,13,1,1.007547450548596e-17,54.59815003314418,8.00226417020058,2.220446049250313e-16,8.801414520500813e-20,5.339200019861814e-16,5168.379063993997,diag_5120,16.74842806347653,1.4411518807585584e17,2.3692064377641136e17,851
neumann_16,16,Int64,false,taylor,transfree,0.0,0.000692924,0.0016064509999999996,0.0067124770000000005,0.000612629,0.010520324,30,1,0,34.16666666666667,1,2.220446049250313e-16,1.312028229679959e-16,6.055861399903452e-13,5168.379063993997,diag_5120,16.74842806347653,1.4411518807585584e17,2.3692064377641136e17,53
neumann_16,16,Int64,false,taylor,transfree,0.0,0.0006686839999999999,0.0016413769999999999,0.008199241000000001,0.000685629,0.012022184,36,1,4.47108079774141e-20,34.16666666666667,1,2.220446049250313e-16,4.984611068706645e-23,2.976601243450821e-19,5168.379063993997,diag_5120,16.74842806347653,1.4411518807585584e17,2.3692064377641136e17,256
neumann_16,16,Int64,false,taylor,transfree,0.0,0.001042825,0.002747365,0.016466177,0.001238883,0.022951545,36,1,4.47108079774141e-20,34.16666666666667,1,2.220446049250313e-16,4.984611068706645e-23,2.976601243450821e-19,5168.379063993997,diag_5120,16.74842806347653,1.4411518807585584e17,2.3692064377641136e17,851
neumann_16,16,Int64,false,taylor,complexschur,0.012291843,0.0021740929999999998,0.006352486999999997,0.051345580999999994,0.006863257,0.085211801,90,3,4.440892098500626e-16,2.718281801146384,1,2.220446049250313e-16,3.870782204953781e-15,2.099951282776093e-11,5168.379063993997,diag_5120,16.74842806347653,1.4411518807585584e17,2.3692064377641136e17,53
neumann_16,16,Int64,false,taylor,complexschur,0.009275769,0.001186063,0.003445751000000001,0.027480479,0.002449384,0.052433787,30,1,6.405692699412655e-16,23.66666666666667,1,2.220446049250313e-16,5.595696474142944e-18,3.39450822269705e-14,5168.379063993997,diag_5120,16.74842806347653,1.4411518807585584e17,2.3692064377641136e17,256
neumann_16,16,Int64,false,taylor,complexschur,0.015764245,0.001230226,0.0037348679999999993,0.068195005,0.002885373,0.09973636,30,1,6.405692699412655e-16,23.66666666666667,1,2.220446049250313e-16,5.595667165986402e-18,3.39450822269705e-14,5168.379063993997,diag_5120,16.74842806347653,1.4411518807585584e17,2.3692064377641136e17,851
neumann_16,16,Int64,false,taylor,realschur,0.006227513,0.0009432910000000001,0.00358605,0.012943379000000001,0.002725425,0.029052504,90,3,4.440892098500626e-16,2.718281801146384,1,2.220446049250313e-16,3.870782204953781e-15,2.099951282776093e-11,5168.379063993997,diag_5120,16.74842806347653,1.4411518807585584e17,2.3692064377641136e17,53
neumann_16,16,Int64,false,taylor,realschur,0.009874661,0.000516906,0.0015187349999999996,0.005872507999999999,0.00058704,0.020490489,30,1,6.405692699412655e-16,23.66666666666667,1,2.220446049250313e-16,5.595696474142944e-18,3.39450822269705e-14,5168.379063993997,diag_5120,16.74842806347653,1.4411518807585584e17,2.3692064377641136e17,256
neumann_16,16,Int64,false,taylor,realschur,0.020866543,0.000890263,0.002926919,0.010283468999999998,0.000934598,0.03960463,30,1,6.405692699412655e-16,23.66666666666667,1,2.220446049250313e-16,5.595667165986402e-18,3.39450822269705e-14,5168.379063993997,diag_5120,16.74842806347653,1.4411518807585584e17,2.3692064377641136e17,851
