kind,n,eltype,ishermitian,approximant,algorithm,schur_time,alpha_time,eval_bound_time,eval_pade_time,squaring_time,total_time,m,s,delta,psi,cond_q,epsilon,rel_err_F,abs_err_1,nrm1_Ytrue,Ytrue_method,cond_expA_F,condA_1,condA_2,precision
rand,8,Float64,false,scaling_and_squaring,NaN,NaN,NaN,NaN,NaN,NaN,0.000127907,NaN,NaN,NaN,NaN,NaN,2.220446049250313e-16,2.38051418317965e-16,1.731947918415244e-14,80.90624298686493,mpmath_1024,4.871499258013311,416.7109417249069,183.63383834533894,53
rand,8,Float64,false,diagonalcheap,transfree,0.0,0.00018270500000000002,4.038743649,1.241292044,4.3e-8,5.351077143,13,0,1.805282122112958e-15,80.90624298686501,23.98024933935801,2.220446049250313e-16,8.793391113031196e-16,6.927791673660977e-14,80.90624298686493,mpmath_1024,4.871499258013311,416.7109417249069,183.63383834533894,53
rand,8,Float64,false,diagonalcheap,transfree,0.0,0.0006476749999999999,0.030460404000000003,0.004485810000000001,5.4e-8,0.035883611,37,0,5.056417041325344e-82,80.90624298686507,22.67058921555276,1.727233711018889e-77,4.974684438716043e-17,3.872157351653822e-15,80.90624298686493,mpmath_1024,4.871499258013311,416.7109417249069,183.63383834533894,256
rand,8,Float64,false,diagonalcheap,transfree,0.0,0.004135569999999999,0.03846655599999999,0.013537333,5.0e-8,0.056700045,91,0,5.499167977406326e-274,80.90624298686504,22.27573908660911,1.331998346195134e-256,4.974684438716043e-17,3.872157351653822e-15,80.90624298686493,mpmath_1024,4.871499258013311,416.7109417249069,183.63383834533894,851
rand,8,Float64,false,diagonalcheap,complexschur,0.009980264,0.000196028,4.517167325999998,1.202528316,7.7e-8,5.887535625,13,0,3.846374668163403e-15,63.20786453836474,13.82126747402247,2.220446049250313e-16,1.36594892817127e-15,1.27897692436818e-13,80.90624298686493,mpmath_1024,4.871499258013311,416.7109417249069,183.63383834533894,53
rand,8,Float64,false,diagonalcheap,complexschur,0.002947759,0.001253316,0.006942423999999999,0.012807182,5.3e-8,0.025920432,37,0,1.011528871011734e-82,63.20786453836477,13.080648700375168,1.727233711018889e-77,4.974684438716043e-17,3.872157351653822e-15,80.90624298686493,mpmath_1024,4.871499258013311,416.7109417249069,183.63383834533894,256
rand,8,Float64,false,diagonalcheap,complexschur,0.014188282,0.0028124400000000003,0.020255719999999998,0.110012673,3.26e-7,0.150252299,91,0,1.59723016995718e-275,63.20786453836471,12.857519874402211,1.331998346195134e-256,4.974684438716043e-17,3.872157351653822e-15,80.90624298686493,mpmath_1024,4.871499258013311,416.7109417249069,183.63383834533894,851
rand,8,Float64,false,diagonalcheap,realschur,0.002940247,0.00014346400000000002,0.412377393,0.225385216,7.7e-8,0.726723049,13,0,3.846374668163403e-15,63.20786453836475,15.00391846774727,2.220446049250313e-16,1.309692208875185e-15,1.20792265079217e-13,80.90624298686493,mpmath_1024,4.871499258013311,416.7109417249069,183.63383834533894,53
rand,8,Float64,false,diagonalcheap,realschur,0.003923305,0.000564125,0.003796149,0.00210714,4.4e-8,0.010755154,37,0,1.011528871011734e-82,63.20786453836477,14.783175418651918,1.727233711018889e-77,4.974684438716043e-17,3.872157351653822e-15,80.90624298686493,mpmath_1024,4.871499258013311,416.7109417249069,183.63383834533894,256
rand,8,Float64,false,diagonalcheap,realschur,0.00675556,0.0015848009999999996,0.015717019999999998,0.010961371,6.0e-8,0.036020623,91,0,1.59723016995718e-275,63.20786453836471,13.97051146249258,1.331998346195134e-256,4.974684438716043e-17,3.872157351653822e-15,80.90624298686493,mpmath_1024,4.871499258013311,416.7109417249069,183.63383834533894,851
rand,8,Float64,false,taylor,transfree,0.0,0.000317345,1.4666723880000003,0.18013617799999995,8.6957e-5,1.709109281,25,1,1.110223024625157e-16,8.330209253480698,1,2.220446049250313e-16,1.160168269631652e-16,8.881784197001252e-15,80.90624298686493,mpmath_1024,4.871499258013311,416.7109417249069,183.63383834533894,53
rand,8,Float64,false,taylor,transfree,0.0,0.0010882350000000001,0.001538299,0.058048727,0.000198376,0.061200398,72,1,2.388466721513165e-82,8.330209253480697,1,1.727233711018889e-77,4.974684438716043e-17,3.872157351653822e-15,80.90624298686493,mpmath_1024,4.871499258013311,416.7109417249069,183.63383834533894,256
rand,8,Float64,false,taylor,transfree,0.0,0.002688445,0.011122188,0.007852273,0.001404228,0.023671384,90,7,2.054299341577151e-275,1.042442192119185,1,1.331998346195134e-256,4.974684438716043e-17,3.872157351653822e-15,80.90624298686493,mpmath_1024,4.871499258013311,416.7109417249069,183.63383834533894,851
rand,8,Float64,false,taylor,complexschur,0.002934878,0.0006336260000000001,0.42953833800000013,0.015695847,0.000331284,0.450180755,25,1,2.775557561562891e-17,6.707511088247431,1,2.220446049250313e-16,1.332281324696517e-15,1.314504061156185e-13,80.90624298686493,mpmath_1024,4.871499258013311,416.7109417249069,183.63383834533894,53
rand,8,Float64,false,taylor,complexschur,0.003170331,0.010761176,0.002120589,0.007797687,0.000807646,0.026553956,72,1,3.706241464416981e-83,6.707511088247435,1,1.727233711018889e-77,4.974684438716043e-17,3.872157351653822e-15,80.90624298686493,mpmath_1024,4.871499258013311,416.7109417249069,183.63383834533894,256
rand,8,Float64,false,taylor,complexschur,0.011277265,0.017396257,0.013169866000000002,0.04726914,0.010835645,0.103140667,90,7,2.096142728592632e-276,1.032924370985322,1,1.331998346195134e-256,4.974684438716043e-17,3.872157351653822e-15,80.90624298686493,mpmath_1024,4.871499258013311,416.7109417249069,183.63383834533894,851
rand,8,Float64,false,taylor,realschur,0.002658253,0.000264687,0.15874123599999998,0.000736484,9.0963e-5,0.162831351,25,1,2.775557561562891e-17,6.707511088247431,1,2.220446049250313e-16,1.327185883894613e-15,1.35003119794419e-13,80.90624298686493,mpmath_1024,4.871499258013311,416.7109417249069,183.63383834533894,53
rand,8,Float64,false,taylor,realschur,0.002773196,0.0006301659999999999,0.001519849,0.001977566,0.000138705,0.007489828,72,1,3.706241464416981e-83,6.707511088247435,1,1.727233711018889e-77,4.974684438716043e-17,3.872157351653822e-15,80.90624298686493,mpmath_1024,4.871499258013311,416.7109417249069,183.63383834533894,256
rand,8,Float64,false,taylor,realschur,0.005896187,0.0012365160000000002,0.008081250000000002,0.005526598,0.003101406,0.02485023,90,7,2.096142728592632e-276,1.032924370985322,1,1.331998346195134e-256,4.974684438716043e-17,3.872157351653822e-15,80.90624298686493,mpmath_1024,4.871499258013311,416.7109417249069,183.63383834533894,851
rand,24,Float64,false,scaling_and_squaring,NaN,NaN,NaN,NaN,NaN,NaN,0.000110848,NaN,NaN,NaN,NaN,NaN,2.220446049250313e-16,2.331840648945982e-16,3.728928277269006e-11,178874.0415082249,mpmath_1024,14.00211008024811,286.70282481079437,121.87504254467964,53
rand,24,Float64,false,diagonalcheap,transfree,0.0,0.00084865,0.010855174,0.023533918,0.006584556,0.043120985,13,2,3.078825435295897e-16,24.24911240288415,9.277749998268417,2.220446049250313e-16,7.625654989313828e-16,1.355147105641663e-10,178874.0415082249,mpmath_1024,14.00211008024811,286.70282481079437,121.87504254467964,53
rand,24,Float64,false,diagonalcheap,transfree,0.0,0.010298366000000002,0.033716475,0.10979825900000001,0.002262344,0.158485722,43,1,2.903979601318836e-80,475.4071876046449,73.67903510360047,1.727233711018889e-77,4.492455977099233e-17,6.862396953242717e-12,178874.0415082249,mpmath_1024,14.00211008024811,286.70282481079437,121.87504254467964,256
rand,24,Float64,false,diagonalcheap,transfree,0.0,0.03713471199999999,0.07414920400000001,0.183696748,0.008464259,0.305458499,91,2,0,24.24911240288415,8.90781334872764,1.331998346195134e-256,4.492455977099233e-17,6.862396953242717e-12,178874.0415082249,mpmath_1024,14.00211008024811,286.70282481079437,121.87504254467964,851
rand,24,Float64,false,diagonalcheap,complexschur,0.05150494,0.0032573299999999997,0.0349385,0.13808008000000002,0.006854877,0.254179849,31,1,3.007551924720452e-14,376.0216790331949,50.83695464054237,2.220446049250313e-16,1.108432954450386e-14,2.271008270327002e-09,178874.0415082249,mpmath_1024,14.00211008024811,286.70282481079437,121.87504254467964,53
rand,24,Float64,false,diagonalcheap,complexschur,0.123376938,0.007949323,0.04889723400000001,0.181908485,0.007628479,0.395851196,43,1,1.849960228747617e-81,376.0216790332007,51.92778620433112,1.727233711018889e-77,4.492455977099233e-17,6.862396953242717e-12,178874.0415082249,mpmath_1024,14.00211008024811,286.70282481079437,121.87504254467964,256
rand,24,Float64,false,diagonalcheap,complexschur,0.186531369,0.010591834999999999,0.072845879,0.36991027900000006,0.029576098,0.733728288,91,2,0,19.391278426994,7.771901388722905,1.331998346195134e-256,4.492455977099233e-17,6.862396953242717e-12,178874.0415082249,mpmath_1024,14.00211008024811,286.70282481079437,121.87504254467964,851
rand,24,Float64,false,diagonalcheap,realschur,0.048827037,0.002021288,0.021171429000000002,0.045255114000000006,0.003001025,0.129138187,31,1,3.007551924720452e-14,376.0216790331949,38.425533139911586,2.220446049250313e-16,1.108180061848903e-14,2.271917765028775e-09,178874.0415082249,mpmath_1024,14.00211008024811,286.70282481079437,121.87504254467964,53
rand,24,Float64,false,diagonalcheap,realschur,0.131800479,0.002154949,0.018736288,0.057379763,0.00146365,0.218230085,43,1,1.849960228747617e-81,376.0216790332006,49.8297030089709,1.727233711018889e-77,4.492455977099233e-17,6.862396953242717e-12,178874.0415082249,mpmath_1024,14.00211008024811,286.70282481079437,121.87504254467964,256
rand,24,Float64,false,diagonalcheap,realschur,0.169512233,0.004413224,0.044234206000000005,0.08457594400000001,0.004583531,0.316487423,91,2,0,19.391278426994,6.764008872570546,1.331998346195134e-256,4.492455977099233e-17,6.862396953242717e-12,178874.0415082249,mpmath_1024,14.00211008024811,286.70282481079437,121.87504254467964,851
rand,24,Float64,false,taylor,transfree,0.0,0.002220549,0.004536826999999999,0.027133431000000003,0.006784084,0.04180982,30,2,1.110223024625157e-16,19.86133749947565,1,2.220446049250313e-16,1.623162238105754e-16,2.91038304567337e-11,178874.0415082249,mpmath_1024,14.00211008024811,286.70282481079437,121.87504254467964,53
rand,24,Float64,false,taylor,transfree,0.0,0.010898072,0.010896811000000003,0.09266979600000001,0.006284937,0.123349569,81,2,8.236092143148846e-84,19.86133749947565,1,1.727233711018889e-77,4.492455977099233e-17,6.862396953242717e-12,178874.0415082249,mpmath_1024,14.00211008024811,286.70282481079437,121.87504254467964,256
rand,24,Float64,false,taylor,transfree,0.0,0.014639672,0.03060333899999999,0.12188197099999999,0.033895071,0.202899303,90,8,2.443853052476446e-261,1.059676248621908,1,1.331998346195134e-256,4.492455977099233e-17,6.862396953242717e-12,178874.0415082249,mpmath_1024,14.00211008024811,286.70282481079437,121.87504254467964,851
rand,24,Float64,false,taylor,complexschur,0.055019059,0.0033471679999999998,0.011216896999999998,0.08258745900000002,0.032203695,0.203172962,30,2,0,15.92293415859416,1,2.220446049250313e-16,1.102949587269755e-14,1.921762304846197e-09,178874.0415082249,mpmath_1024,14.00211008024811,286.70282481079437,121.87504254467964,53
rand,24,Float64,false,taylor,complexschur,0.105833477,0.009137697,0.012602416,0.16572923,0.013460643,0.329742968,81,2,4.941655285889308e-83,15.92293415859419,1,1.727233711018889e-77,4.492455977099233e-17,6.862396953242717e-12,178874.0415082249,mpmath_1024,14.00211008024811,286.70282481079437,121.87504254467964,256
rand,24,Float64,false,taylor,complexschur,0.19343509,0.012530638,0.054728917,0.235146844,0.100842889,0.636491956,90,8,2.875791623060164e-262,1.047415148395816,1,1.331998346195134e-256,4.492455977099233e-17,6.862396953242717e-12,178874.0415082249,mpmath_1024,14.00211008024811,286.70282481079437,121.87504254467964,851
rand,24,Float64,false,taylor,realschur,0.055779392,0.0031707249999999997,0.009727508,0.033250237,0.005433977,0.116759908,30,2,0,15.92293415859416,1,2.220446049250313e-16,1.103617541401705e-14,1.940861693583429e-09,178874.0415082249,mpmath_1024,14.00211008024811,286.70282481079437,121.87504254467964,53
rand,24,Float64,false,taylor,realschur,0.13063989,0.0043310350000000004,0.013715588000000003,0.07470776200000001,0.002988919,0.231770877,81,2,4.941655285889308e-83,15.92293415859419,1,1.727233711018889e-77,4.492455977099233e-17,6.862396953242717e-12,178874.0415082249,mpmath_1024,14.00211008024811,286.70282481079437,121.87504254467964,256
rand,24,Float64,false,taylor,realschur,0.273218558,0.007480612000000002,0.040657056000000004,0.090564724,0.019535225,0.44240375,90,8,2.875791623060164e-262,1.047415148395816,1,1.331998346195134e-256,4.492455977099233e-17,6.862396953242717e-12,178874.0415082249,mpmath_1024,14.00211008024811,286.70282481079437,121.87504254467964,851
rand_big,8,BigFloat,false,scaling_and_squaring,NaN,NaN,NaN,NaN,NaN,NaN,5.5276e-5,NaN,NaN,NaN,NaN,NaN,2.220446049250313e-16,2.168565270443474e-16,7.993605777301127e-15,34.29779286551375,mpmath_1024,3.940646034755569,106.7679662949289,58.01807917508852,53
rand_big,8,BigFloat,false,diagonalcheap,transfree,0.0,0.000199843,0.021123318,0.003672389,1.28e-7,0.025390201,13,0,9.02158971904358e-16,34.29779286551376,13.595101862374042,2.220446049250313e-16,4.667208597102208e-16,1.865174681370263e-14,34.29779286551375,mpmath_1024,3.940646034755569,106.7679662949289,58.01807917508852,53
rand_big,8,BigFloat,false,diagonalcheap,transfree,0.0,0.001245029,0.005961909999999999,0.005044814000000001,1.37e-7,0.012529392,37,0,1.287312337503506e-83,34.29779286551376,13.047231566252686,1.727233711018889e-77,4.904497171509724e-17,1.845915359690579e-15,34.29779286551375,mpmath_1024,3.940646034755569,106.7679662949289,58.01807917508852,256
rand_big,8,BigFloat,false,diagonalcheap,transfree,0.0,0.005059501,0.018531394000000007,0.017385216,1.18e-7,0.041360289,91,0,5.954535850358195e-280,34.29779286551375,12.880642680690112,1.331998346195134e-256,4.904497171509724e-17,1.845915359690579e-15,34.29779286551375,mpmath_1024,3.940646034755569,106.7679662949289,58.01807917508852,851
rand_big,8,BigFloat,false,diagonalcheap,complexschur,0.004131299,0.000262111,0.007832121,0.006914132,1.05e-7,0.021054407,13,0,3.18213152955096e-16,29.32437471114273,11.897430630842951,2.220446049250313e-16,2.96965229529114e-15,1.412203687323199e-13,34.29779286551375,mpmath_1024,3.940646034755569,106.7679662949289,58.01807917508852,53
rand_big,8,BigFloat,false,diagonalcheap,complexschur,0.007751435,0.001653112,0.011575002,0.014579936,1.12e-7,0.03751997,37,0,3.411005121063915e-83,29.32437471114284,9.975252791961784,1.727233711018889e-77,4.904497171509724e-17,1.845915359690579e-15,34.29779286551375,mpmath_1024,3.940646034755569,106.7679662949289,58.01807917508852,256
rand_big,8,BigFloat,false,diagonalcheap,complexschur,0.014659188,0.0028626180000000004,0.022691137,0.029718916,2.53e-7,0.072811634,91,0,4.510272775302658e-280,29.32437471114277,10.948932516920287,1.331998346195134e-256,4.904497171509724e-17,1.845915359690579e-15,34.29779286551375,mpmath_1024,3.940646034755569,106.7679662949289,58.01807917508852,851
rand_big,8,BigFloat,false,diagonalcheap,realschur,0.003794791,0.001319192,0.004193367,0.0018262859999999999,1.13e-7,0.011687573,13,0,3.18213152955096e-16,29.32437471114273,8.827706276916484,2.220446049250313e-16,2.973054298836906e-15,1.412203687323199e-13,34.29779286551375,mpmath_1024,3.940646034755569,106.7679662949289,58.01807917508852,53
rand_big,8,BigFloat,false,diagonalcheap,realschur,0.006059693,0.0006784930000000001,0.004284279,0.003844516,1.22e-7,0.01566515,37,0,3.411005121063915e-83,29.32437471114284,10.518283593974532,1.727233711018889e-77,4.904497171509724e-17,1.845915359690579e-15,34.29779286551375,mpmath_1024,3.940646034755569,106.7679662949289,58.01807917508852,256
rand_big,8,BigFloat,false,diagonalcheap,realschur,0.012741754,0.0016493380000000002,0.014718962,0.011761515,1.29e-7,0.041907567,91,0,4.510272775302658e-280,29.32437471114277,10.675371472766885,1.331998346195134e-256,4.904497171509724e-17,1.845915359690579e-15,34.29779286551375,mpmath_1024,3.940646034755569,106.7679662949289,58.01807917508852,851
rand_big,8,BigFloat,false,taylor,transfree,0.0,0.0008085879999999998,0.002001583,0.0020740710000000002,1.06e-7,0.005167087,30,0,0,19.14505605264453,1,2.220446049250313e-16,1.018982013188592e-16,3.552713678800501e-15,34.29779286551375,mpmath_1024,3.940646034755569,106.7679662949289,58.01807917508852,53
rand_big,8,BigFloat,false,taylor,transfree,0.0,0.0011872540000000002,0.0020215640000000004,0.002958938,1.25e-7,0.006375327,81,0,2.291198473302578e-79,19.14505605264454,1,1.727233711018889e-77,4.904497171509724e-17,1.845915359690579e-15,34.29779286551375,mpmath_1024,3.940646034755569,106.7679662949289,58.01807917508852,256
rand_big,8,BigFloat,false,taylor,transfree,0.0,0.004503793,0.012858334999999999,0.00969472,0.002710063,0.030550323,90,7,1.721567512383298e-281,1.031189251436991,1,1.331998346195134e-256,4.904497171509724e-17,1.845915359690579e-15,34.29779286551375,mpmath_1024,3.940646034755569,106.7679662949289,58.01807917508852,851
rand_big,8,BigFloat,false,taylor,complexschur,0.004447581,0.0010673920000000001,0.003234195,0.006350949,5.8e-8,0.016769613,30,0,0,16.51199576050842,1,2.220446049250313e-16,2.970170242848107e-15,1.403321903126198e-13,34.29779286551375,mpmath_1024,3.940646034755569,106.7679662949289,58.01807917508852,53
rand_big,8,BigFloat,false,taylor,complexschur,0.0075708,0.0031700860000000003,0.004203694000000002,0.012063532,1.49e-7,0.028950953,81,0,4.96059829781855e-80,16.51199576050845,1,1.727233711018889e-77,4.904497171509724e-17,1.845915359690579e-15,34.29779286551375,mpmath_1024,3.940646034755569,106.7679662949289,58.01807917508852,256
rand_big,8,BigFloat,false,taylor,complexschur,0.015684253,0.0036338269999999996,0.010732799999999999,0.020045681000000003,0.012004167,0.126856083,90,6,4.167012191504371e-257,1.054205916771673,1,1.331998346195134e-256,4.904497171509724e-17,1.845915359690579e-15,34.29779286551375,mpmath_1024,3.940646034755569,106.7679662949289,58.01807917508852,851
rand_big,8,BigFloat,false,taylor,realschur,0.00445511,0.0005346099999999999,0.0011071630000000002,0.0009707610000000001,8.1e-8,0.00739543,30,0,0,16.51199576050842,1,2.220446049250313e-16,2.967246354447911e-15,1.372235658436693e-13,34.29779286551375,mpmath_1024,3.940646034755569,106.7679662949289,58.01807917508852,53
rand_big,8,BigFloat,false,taylor,realschur,0.003052929,0.0009213279999999999,0.0018729060000000008,0.002932522,1.3e-7,0.009172134,81,0,4.96059829781855e-80,16.51199576050845,1,1.727233711018889e-77,4.904497171509724e-17,1.845915359690579e-15,34.29779286551375,mpmath_1024,3.940646034755569,106.7679662949289,58.01807917508852,256
rand_big,8,BigFloat,false,taylor,realschur,0.017036304,0.001324081,0.008823895000000002,0.005045419,0.001750689,0.03486321,90,6,4.167012191504371e-257,1.054205916771673,1,1.331998346195134e-256,4.904497171509724e-17,1.845915359690579e-15,34.29779286551375,mpmath_1024,3.940646034755569,106.7679662949289,58.01807917508852,851
rand_big,24,BigFloat,false,scaling_and_squaring,NaN,NaN,NaN,NaN,NaN,NaN,9.8204e-5,NaN,NaN,NaN,NaN,NaN,2.220446049250313e-16,7.775442725906942e-16,1.718944986350834e-10,219211.0861119392,mpmath_1024,14.13557132900378,430.9317327159973,155.70616965899083,53
rand_big,24,BigFloat,false,diagonalcheap,transfree,0.0,0.000611856,0.00624693,0.023619683,0.00651289,0.038153721,13,2,3.19542443053048e-16,25.70343735879483,12.015044935948886,2.220446049250313e-16,6.322375751949606e-16,1.418811734765768e-10,219211.0861119392,mpmath_1024,14.13557132900378,430.9317327159973,155.70616965899083,53
rand_big,24,BigFloat,false,diagonalcheap,transfree,0.0,0.010132455,0.029998168000000006,0.097025423,0.002505821,0.142112152,43,1,1.452218655704743e-80,528.2673238426637,77.24610653313265,1.727233711018889e-77,4.448830198784629e-17,9.365017906209712e-12,219211.0861119392,mpmath_1024,14.13557132900378,430.9317327159973,155.70616965899083,256
rand_big,24,BigFloat,false,diagonalcheap,transfree,0.0,0.023621114999999998,0.055095203,0.17404929699999996,0.010191669,0.265323352,91,2,1.522113493219378e-280,25.70343735879483,11.511982465643037,1.331998346195134e-256,4.448830198784629e-17,9.365017906209712e-12,219211.0861119392,mpmath_1024,14.13557132900378,430.9317327159973,155.70616965899083,851
rand_big,24,BigFloat,false,diagonalcheap,complexschur,0.037863983,0.00205565,0.020337696999999995,0.11404774200000001,0.006129665,0.200705887,25,1,7.192877122742172e-14,414.7989275849018,33.78951488830218,2.220446049250313e-16,1.426851733937262e-14,2.953129296656698e-09,219211.0861119392,mpmath_1024,14.13557132900378,430.9317327159973,155.70616965899083,53
rand_big,24,BigFloat,false,diagonalcheap,complexschur,0.083114966,0.004179315,0.02883510099999999,0.168471371,0.02120907,0.328917157,43,1,4.60048915743648e-81,414.7989275848713,32.51547692482049,1.727233711018889e-77,4.448830198784629e-17,9.365017906209712e-12,219211.0861119392,mpmath_1024,14.13557132900378,430.9317327159973,155.70616965899083,256
rand_big,24,BigFloat,false,diagonalcheap,complexschur,0.161572168,0.010145677,0.081330918,0.31637956200000006,0.032782496,0.641301019,91,2,1.250914890997412e-280,20.36661306120593,5.617998920533887,1.331998346195134e-256,4.448830198784629e-17,9.365017906209712e-12,219211.0861119392,mpmath_1024,14.13557132900378,430.9317327159973,155.70616965899083,851
rand_big,24,BigFloat,false,diagonalcheap,realschur,0.04479725,0.001759446,0.02509197,0.040807249999999996,0.002820235,0.124143648,25,1,7.192877122742172e-14,414.7989275849018,36.799503863448805,2.220446049250313e-16,1.427412850521261e-14,2.949491317849606e-09,219211.0861119392,mpmath_1024,14.13557132900378,430.9317327159973,155.70616965899083,53
rand_big,24,BigFloat,false,diagonalcheap,realschur,0.11389615,0.0024615430000000005,0.021459431999999997,0.08524207,0.001530447,0.231049457,43,1,4.60048915743648e-81,414.7989275848713,51.096641282763805,1.727233711018889e-77,4.448830198784629e-17,9.365017906209712e-12,219211.0861119392,mpmath_1024,14.13557132900378,430.9317327159973,155.70616965899083,256
rand_big,24,BigFloat,false,diagonalcheap,realschur,0.157506123,0.003664945999999999,0.035071468,0.08094503499999998,0.004585196,0.290872558,91,2,1.250914890997412e-280,20.36661306120593,6.427685135541671,1.331998346195134e-256,4.448830198784629e-17,9.365017906209712e-12,219211.0861119392,mpmath_1024,14.13557132900378,430.9317327159973,155.70616965899083,851
rand_big,24,BigFloat,false,taylor,transfree,0.0,0.0023748719999999997,0.0055568000000000015,0.025069779,0.006540875,0.040881941,30,2,1.110223024625157e-16,20.84912724362443,1,2.220446049250313e-16,1.582554556874749e-16,2.728484105318785e-11,219211.0861119392,mpmath_1024,14.13557132900378,430.9317327159973,155.70616965899083,53
rand_big,24,BigFloat,false,taylor,transfree,0.0,0.0095348,0.011550587000000001,0.08088275900000001,0.004102885,0.108691148,81,2,3.294436857259539e-83,20.84912724362443,1,1.727233711018889e-77,4.448830198784629e-17,9.365017906209712e-12,219211.0861119392,mpmath_1024,14.13557132900378,430.9317327159973,155.70616965899083,256
rand_big,24,BigFloat,false,taylor,transfree,0.0,0.01621987,0.028642745999999997,0.13365725,0.033494325,0.213976752,90,8,1.160815612180872e-260,1.0618584167011,1,1.331998346195134e-256,4.448830198784629e-17,9.365017906209712e-12,219211.0861119392,mpmath_1024,14.13557132900378,430.9317327159973,155.70616965899083,851
rand_big,24,BigFloat,false,taylor,complexschur,0.0467192,0.0035338220000000003,0.011409006999999997,0.09281320200000001,0.0116558,0.184444406,30,2,3.33066907387547e-16,16.55648286376164,1,2.220446049250313e-16,1.448643456959392e-14,3.225977707188576e-09,219211.0861119392,mpmath_1024,14.13557132900378,430.9317327159973,155.70616965899083,53
rand_big,24,BigFloat,false,taylor,complexschur,0.080398849,0.007408591000000002,0.039846466000000004,0.153128876,0.013242405,0.317907414,81,2,4.118046071574423e-83,16.55648286376169,1,1.727233711018889e-77,4.448830198784629e-17,9.365017906209712e-12,219211.0861119392,mpmath_1024,14.13557132900378,430.9317327159973,155.70616965899083,256
rand_big,24,BigFloat,false,taylor,complexschur,0.168223421,0.011336239000000003,0.051539381999999995,0.22429588800000003,0.09328149,0.588003448,90,8,1.281007857754117e-261,1.048218587253165,1,1.331998346195134e-256,4.448830198784629e-17,9.365017906209712e-12,219211.0861119392,mpmath_1024,14.13557132900378,430.9317327159973,155.70616965899083,851
rand_big,24,BigFloat,false,taylor,realschur,0.034695831,0.0020290449999999997,0.006635802999999999,0.027048045,0.005740062,0.083770039,30,2,3.33066907387547e-16,16.55648286376164,1,2.220446049250313e-16,1.447967666056301e-14,3.192326403222978e-09,219211.0861119392,mpmath_1024,14.13557132900378,430.9317327159973,155.70616965899083,53
rand_big,24,BigFloat,false,taylor,realschur,0.086301159,0.0028285709999999998,0.005308567,0.032310146,0.004341754,0.136460661,81,2,4.118046071574423e-83,16.55648286376169,1,1.727233711018889e-77,4.448830198784629e-17,9.365017906209712e-12,219211.0861119392,mpmath_1024,14.13557132900378,430.9317327159973,155.70616965899083,256
rand_big,24,BigFloat,false,taylor,realschur,0.184636018,0.003820786,0.020621300999999998,0.060729011,0.019149079,0.298605952,90,8,1.281007857754117e-261,1.048218587253165,1,1.331998346195134e-256,4.448830198784629e-17,9.365017906209712e-12,219211.0861119392,mpmath_1024,14.13557132900378,430.9317327159973,155.70616965899083,851
Fasi_1,2,Int64,false,scaling_and_squaring,NaN,NaN,NaN,NaN,NaN,NaN,1.7014e-5,NaN,NaN,NaN,NaN,NaN,2.220446049250313e-16,2.175281485822944e-16,4.163336342344337e-17,0.1870026796624277,mpmath_1024,2.23606797749979,1.8000000000000003,1.0,53
Fasi_1,2,Int64,false,diagonalcheap,transfree,0.0,0.000147158,0.004504861,0.001685145,1.16e-7,0.006652222,13,0,1.398029153296158e-17,0.1870026796624276,1.8192214548848382,2.220446049250313e-16,1.450187657215296e-16,2.775557561562891e-17,0.1870026796624277,mpmath_1024,2.23606797749979,1.8000000000000003,1.0,53
Fasi_1,2,Int64,false,diagonalcheap,transfree,0.0,0.00041728500000000004,0.003290439,0.000675599,1.41e-7,0.004514367,31,0,2.336831032884177e-82,0.1870026796624275,1.8325027910172393,1.727233711018889e-77,4.255795746736256e-17,6.704005737915358e-18,0.1870026796624277,mpmath_1024,2.23606797749979,1.8000000000000003,1.0,256
Fasi_1,2,Int64,false,diagonalcheap,transfree,0.0,0.001003977,0.008410245999999998,0.00173627,1.05e-7,0.011325847,81,0,1.721296096398469e-281,0.1870026796624276,1.8380989593100703,1.331998346195134e-256,4.255795746736256e-17,6.704005737915358e-18,0.1870026796624277,mpmath_1024,2.23606797749979,1.8000000000000003,1.0,851
Fasi_1,2,Int64,false,diagonalcheap,complexschur,0.000156765,0.0,0.0,0.0,0.0,0.00036241,0,0,NaN,NaN,1,2.220446049250313e-16,4.227987233860399e-16,6.938893903907228e-17,0.1870026796624277,mpmath_1024,2.23606797749979,1.8000000000000003,1.0,53
Fasi_1,2,Int64,false,diagonalcheap,complexschur,9.3302e-5,0.0,0.0,0.0,0.0,0.000216341,0,0,NaN,NaN,1,1.727233711018889e-77,4.255795746736256e-17,6.704005737915358e-18,0.1870026796624277,mpmath_1024,2.23606797749979,1.8000000000000003,1.0,256
Fasi_1,2,Int64,false,diagonalcheap,complexschur,0.000123525,0.0,0.0,0.0,0.0,0.000339913,0,0,NaN,NaN,1,1.331998346195134e-256,4.255795746736256e-17,6.704005737915358e-18,0.1870026796624277,mpmath_1024,2.23606797749979,1.8000000000000003,1.0,851
Fasi_1,2,Int64,false,diagonalcheap,realschur,0.0,0.00011881,0.0015353329999999998,0.00035993600000000004,1.09e-7,0.002130215,13,0,1.398029153296158e-17,0.1870026796624276,1.8192214548848382,2.220446049250313e-16,1.450187657215296e-16,2.775557561562891e-17,0.1870026796624277,mpmath_1024,2.23606797749979,1.8000000000000003,1.0,53
Fasi_1,2,Int64,false,diagonalcheap,realschur,0.0,0.000468556,0.002702936,0.0007214680000000001,1.14e-7,0.004027142,31,0,2.336831032884177e-82,0.1870026796624275,1.8325027910172393,1.727233711018889e-77,4.255795746736256e-17,6.704005737915358e-18,0.1870026796624277,mpmath_1024,2.23606797749979,1.8000000000000003,1.0,256
Fasi_1,2,Int64,false,diagonalcheap,realschur,0.0,0.001034058,0.008806102000000001,0.001282642,1.11e-7,0.011328823,81,0,1.721296096398469e-281,0.1870026796624276,1.8380989593100703,1.331998346195134e-256,4.255795746736256e-17,6.704005737915358e-18,0.1870026796624277,mpmath_1024,2.23606797749979,1.8000000000000003,1.0,851
Fasi_1,2,Int64,false,taylor,transfree,0.0,0.00027559700000000004,0.0012829669999999999,0.00041324,1.05e-7,0.002102639,25,0,5.551115123125783e-17,1,1,2.220446049250313e-16,1.450187657215296e-16,2.775557561562891e-17,0.1870026796624277,mpmath_1024,2.23606797749979,1.8000000000000003,1.0,53
Fasi_1,2,Int64,false,taylor,transfree,0.0,0.000704368,0.0018937140000000006,0.000426376,1.3e-7,0.003195994,72,0,9.754827534345494e-80,0.9999999999999999,1,1.727233711018889e-77,4.255795746736256e-17,6.704005737915358e-18,0.1870026796624277,mpmath_1024,2.23606797749979,1.8000000000000003,1.0,256
Fasi_1,2,Int64,false,taylor,transfree,0.0,0.0010826219999999999,0.006712536999999999,0.000720639,0.000506129,0.009259254,90,6,1.83326056559681e-272,0.9842585753539435,1,1.331998346195134e-256,4.255795746736256e-17,6.704005737915358e-18,0.1870026796624277,mpmath_1024,2.23606797749979,1.8000000000000003,1.0,851
Fasi_1,2,Int64,false,taylor,complexschur,0.000105691,0.0,0.0,0.0,0.0,0.000221279,0,0,NaN,NaN,1,2.220446049250313e-16,4.227987233860399e-16,6.938893903907228e-17,0.1870026796624277,mpmath_1024,2.23606797749979,1.8000000000000003,1.0,53
Fasi_1,2,Int64,false,taylor,complexschur,0.000102012,0.0,0.0,0.0,0.0,0.000234911,0,0,NaN,NaN,1,1.727233711018889e-77,4.255795746736256e-17,6.704005737915358e-18,0.1870026796624277,mpmath_1024,2.23606797749979,1.8000000000000003,1.0,256
Fasi_1,2,Int64,false,taylor,complexschur,0.000127209,0.0,0.0,0.0,0.0,0.000348869,0,0,NaN,NaN,1,1.331998346195134e-256,4.255795746736256e-17,6.704005737915358e-18,0.1870026796624277,mpmath_1024,2.23606797749979,1.8000000000000003,1.0,851
Fasi_1,2,Int64,false,taylor,realschur,0.0,0.00031608099999999996,0.0007703749999999999,0.000170178,1.1e-7,0.001377731,25,0,5.551115123125783e-17,1,1,2.220446049250313e-16,1.450187657215296e-16,2.775557561562891e-17,0.1870026796624277,mpmath_1024,2.23606797749979,1.8000000000000003,1.0,53
Fasi_1,2,Int64,false,taylor,realschur,0.0,0.000957063,0.00182333,0.000351663,1.24e-7,0.003313157,72,0,9.754827534345494e-80,0.9999999999999999,1,1.727233711018889e-77,4.255795746736256e-17,6.704005737915358e-18,0.1870026796624277,mpmath_1024,2.23606797749979,1.8000000000000003,1.0,256
Fasi_1,2,Int64,false,taylor,realschur,0.0,0.0018463179999999998,0.006886313000000001,0.000883935,0.000573551,0.010516778,90,6,1.83326056559681e-272,0.9842585753539435,1,1.331998346195134e-256,4.255795746736256e-17,6.704005737915358e-18,0.1870026796624277,mpmath_1024,2.23606797749979,1.8000000000000003,1.0,851
Fasi_2,2,Float64,true,scaling_and_squaring,NaN,NaN,NaN,NaN,NaN,NaN,2.5639e-5,NaN,NaN,NaN,NaN,NaN,2.220446049250313e-16,2.063149379385121e-16,1.77635683940025e-15,7.389056098930662,mpmath_1024,1.98193217849442,1.8014398509482025e15,1.8197290492930792e15,53
Fasi_2,2,Float64,true,diagonalcheap,transfree,0.000211331,0.0,0.0,0.0,0.0,0.000299903,NaN,NaN,NaN,NaN,NaN,2.220446049250313e-16,2.382319699132818e-16,1.77635683940025e-15,7.389056098930662,mpmath_1024,1.98193217849442,1.8014398509482025e15,1.8197290492930792e15,53
Fasi_2,2,Float64,true,diagonalcheap,transfree,7.689e-5,0.0,0.0,0.0,0.0,0.000161203,NaN,NaN,NaN,NaN,NaN,1.727233711018889e-77,3.007493908964403e-17,2.281196903982353e-16,7.389056098930662,mpmath_1024,1.98193217849442,1.8014398509482025e15,1.8197290492930792e15,256
Fasi_2,2,Float64,true,diagonalcheap,transfree,9.2593e-5,0.0,0.0,0.0,0.0,0.00024238,NaN,NaN,NaN,NaN,NaN,1.331998346195134e-256,3.007493908964403e-17,2.281196903982353e-16,7.389056098930662,mpmath_1024,1.98193217849442,1.8014398509482025e15,1.8197290492930792e15,851
Fasi_2,2,Float64,true,diagonalcheap,complexschur,8.2147e-5,0.0,0.0,0.0,0.0,0.000176149,0,0,NaN,NaN,1,2.220446049250313e-16,2.72929008771514e-16,2.220446049250313e-15,7.389056098930662,mpmath_1024,1.98193217849442,1.8014398509482025e15,1.8197290492930792e15,53
Fasi_2,2,Float64,true,diagonalcheap,complexschur,8.2324e-5,0.0,0.0,0.0,0.0,0.000174096,0,0,NaN,NaN,1,1.727233711018889e-77,3.007493908964403e-17,2.281196903982353e-16,7.389056098930662,mpmath_1024,1.98193217849442,1.8014398509482025e15,1.8197290492930792e15,256
Fasi_2,2,Float64,true,diagonalcheap,complexschur,0.000240691,0.0,0.0,0.0,0.0,0.000554461,0,0,NaN,NaN,1,1.331998346195134e-256,3.007493908964403e-17,2.281196903982353e-16,7.389056098930662,mpmath_1024,1.98193217849442,1.8014398509482025e15,1.8197290492930792e15,851
Fasi_2,2,Float64,true,diagonalcheap,realschur,6.6369e-5,0.0,0.0,0.0,0.0,0.000212346,0,0,NaN,NaN,1,2.220446049250313e-16,2.72929008771514e-16,2.220446049250313e-15,7.389056098930662,mpmath_1024,1.98193217849442,1.8014398509482025e15,1.8197290492930792e15,53
Fasi_2,2,Float64,true,diagonalcheap,realschur,7.8862e-5,0.0,0.0,0.0,0.0,0.000160279,0,0,NaN,NaN,1,1.727233711018889e-77,3.007493908964403e-17,2.281196903982353e-16,7.389056098930662,mpmath_1024,1.98193217849442,1.8014398509482025e15,1.8197290492930792e15,256
Fasi_2,2,Float64,true,diagonalcheap,realschur,0.000125209,0.0,0.0,0.0,0.0,0.000388658,0,0,NaN,NaN,1,1.331998346195134e-256,3.007493908964403e-17,2.281196903982353e-16,7.389056098930662,mpmath_1024,1.98193217849442,1.8014398509482025e15,1.8197290492930792e15,851
Fasi_2,2,Float64,true,taylor,transfree,6.6972e-5,0.0,0.0,0.0,0.0,0.000154332,NaN,NaN,NaN,NaN,NaN,2.220446049250313e-16,2.382319699132818e-16,1.77635683940025e-15,7.389056098930662,mpmath_1024,1.98193217849442,1.8014398509482025e15,1.8197290492930792e15,53
Fasi_2,2,Float64,true,taylor,transfree,6.3246e-5,0.0,0.0,0.0,0.0,0.000150734,NaN,NaN,NaN,NaN,NaN,1.727233711018889e-77,3.007493908964403e-17,2.281196903982353e-16,7.389056098930662,mpmath_1024,1.98193217849442,1.8014398509482025e15,1.8197290492930792e15,256
Fasi_2,2,Float64,true,taylor,transfree,7.3585e-5,0.0,0.0,0.0,0.0,0.000210456,NaN,NaN,NaN,NaN,NaN,1.331998346195134e-256,3.007493908964403e-17,2.281196903982353e-16,7.389056098930662,mpmath_1024,1.98193217849442,1.8014398509482025e15,1.8197290492930792e15,851
Fasi_2,2,Float64,true,taylor,complexschur,7.7033e-5,0.0,0.0,0.0,0.0,0.000158328,0,0,NaN,NaN,1,2.220446049250313e-16,2.72929008771514e-16,2.220446049250313e-15,7.389056098930662,mpmath_1024,1.98193217849442,1.8014398509482025e15,1.8197290492930792e15,53
Fasi_2,2,Float64,true,taylor,complexschur,9.1182e-5,0.0,0.0,0.0,0.0,0.000192848,0,0,NaN,NaN,1,1.727233711018889e-77,3.007493908964403e-17,2.281196903982353e-16,7.389056098930662,mpmath_1024,1.98193217849442,1.8014398509482025e15,1.8197290492930792e15,256
Fasi_2,2,Float64,true,taylor,complexschur,0.000114232,0.0,0.0,0.0,0.0,0.000259108,0,0,NaN,NaN,1,1.331998346195134e-256,3.007493908964403e-17,2.281196903982353e-16,7.389056098930662,mpmath_1024,1.98193217849442,1.8014398509482025e15,1.8197290492930792e15,851
Fasi_2,2,Float64,true,taylor,realschur,4.9087e-5,0.0,0.0,0.0,0.0,0.00010936,0,0,NaN,NaN,1,2.220446049250313e-16,2.72929008771514e-16,2.220446049250313e-15,7.389056098930662,mpmath_1024,1.98193217849442,1.8014398509482025e15,1.8197290492930792e15,53
Fasi_2,2,Float64,true,taylor,realschur,8.4714e-5,0.0,0.0,0.0,0.0,0.000168895,0,0,NaN,NaN,1,1.727233711018889e-77,3.007493908964403e-17,2.281196903982353e-16,7.389056098930662,mpmath_1024,1.98193217849442,1.8014398509482025e15,1.8197290492930792e15,256
Fasi_2,2,Float64,true,taylor,realschur,0.000120352,0.0,0.0,0.0,0.0,0.000277325,0,0,NaN,NaN,1,1.331998346195134e-256,3.007493908964403e-17,2.281196903982353e-16,7.389056098930662,mpmath_1024,1.98193217849442,1.8014398509482025e15,1.8197290492930792e15,851
Fasi_3,3,Float64,true,scaling_and_squaring,NaN,NaN,NaN,NaN,NaN,NaN,4.7636e-5,NaN,NaN,NaN,NaN,NaN,2.220446049250313e-16,1.757649088847754e-19,3.552713678800501e-15,22026.46579480672,mpmath_1024,10.1980384428567,9.007199254741002e15,9.098645246465392e15,53
Fasi_3,3,Float64,true,diagonalcheap,transfree,8.2126e-5,0.0,0.0,0.0,0.0,0.000191926,NaN,NaN,NaN,NaN,NaN,2.220446049250313e-16,8.064647112098634e-20,1.77635683940025e-15,22026.46579480672,mpmath_1024,10.1980384428567,9.007199254741002e15,9.098645246465392e15,53
Fasi_3,3,Float64,true,diagonalcheap,transfree,0.001225883,0.0,0.0,0.0,0.0,0.001378363,NaN,NaN,NaN,NaN,NaN,1.727233711018889e-77,6.256171199583858e-17,1.378013470051737e-12,22026.46579480672,mpmath_1024,10.1980384428567,9.007199254741002e15,9.098645246465392e15,256
Fasi_3,3,Float64,true,diagonalcheap,transfree,0.000101643,0.0,0.0,0.0,0.0,0.000318453,NaN,NaN,NaN,NaN,NaN,1.331998346195134e-256,6.256171199583858e-17,1.378013470051737e-12,22026.46579480672,mpmath_1024,10.1980384428567,9.007199254741002e15,9.098645246465392e15,851
Fasi_3,3,Float64,true,diagonalcheap,complexschur,9.2745e-5,0.0,0.0,0.0,0.0,0.000246916,0,0,NaN,NaN,1,2.220446049250313e-16,9.239213961074751e-20,2.220446049250313e-15,22026.46579480672,mpmath_1024,10.1980384428567,9.007199254741002e15,9.098645246465392e15,53
Fasi_3,3,Float64,true,diagonalcheap,complexschur,0.00011695,0.0,0.0,0.0,0.0,0.000289874,0,0,NaN,NaN,1,1.727233711018889e-77,6.256171199583858e-17,1.378013470051737e-12,22026.46579480672,mpmath_1024,10.1980384428567,9.007199254741002e15,9.098645246465392e15,256
Fasi_3,3,Float64,true,diagonalcheap,complexschur,0.000150348,0.0,0.0,0.0,0.0,0.000391843,0,0,NaN,NaN,1,1.331998346195134e-256,6.256171199583858e-17,1.378013470051737e-12,22026.46579480672,mpmath_1024,10.1980384428567,9.007199254741002e15,9.098645246465392e15,851
Fasi_3,3,Float64,true,diagonalcheap,realschur,8.9121e-5,0.0,0.0,0.0,0.0,0.000179944,0,0,NaN,NaN,1,2.220446049250313e-16,9.239213961074751e-20,2.220446049250313e-15,22026.46579480672,mpmath_1024,10.1980384428567,9.007199254741002e15,9.098645246465392e15,53
Fasi_3,3,Float64,true,diagonalcheap,realschur,0.000100007,0.0,0.0,0.0,0.0,0.000221837,0,0,NaN,NaN,1,1.727233711018889e-77,6.256171199583858e-17,1.378013470051737e-12,22026.46579480672,mpmath_1024,10.1980384428567,9.007199254741002e15,9.098645246465392e15,256
Fasi_3,3,Float64,true,diagonalcheap,realschur,0.000114984,0.0,0.0,0.0,0.0,0.000297183,0,0,NaN,NaN,1,1.331998346195134e-256,6.256171199583858e-17,1.378013470051737e-12,22026.46579480672,mpmath_1024,10.1980384428567,9.007199254741002e15,9.098645246465392e15,851
Fasi_3,3,Float64,true,taylor,transfree,7.5261e-5,0.0,0.0,0.0,0.0,0.000181164,NaN,NaN,NaN,NaN,NaN,2.220446049250313e-16,8.064647112098634e-20,1.77635683940025e-15,22026.46579480672,mpmath_1024,10.1980384428567,9.007199254741002e15,9.098645246465392e15,53
Fasi_3,3,Float64,true,taylor,transfree,5.2637e-5,0.0,0.0,0.0,0.0,0.000130031,NaN,NaN,NaN,NaN,NaN,1.727233711018889e-77,6.256171199583858e-17,1.378013470051737e-12,22026.46579480672,mpmath_1024,10.1980384428567,9.007199254741002e15,9.098645246465392e15,256
Fasi_3,3,Float64,true,taylor,transfree,5.4386e-5,0.0,0.0,0.0,0.0,0.000176382,NaN,NaN,NaN,NaN,NaN,1.331998346195134e-256,6.256171199583858e-17,1.378013470051737e-12,22026.46579480672,mpmath_1024,10.1980384428567,9.007199254741002e15,9.098645246465392e15,851
Fasi_3,3,Float64,true,taylor,complexschur,8.5277e-5,0.0,0.0,0.0,0.0,0.000219743,0,0,NaN,NaN,1,2.220446049250313e-16,9.239213961074751e-20,2.220446049250313e-15,22026.46579480672,mpmath_1024,10.1980384428567,9.007199254741002e15,9.098645246465392e15,53
Fasi_3,3,Float64,true,taylor,complexschur,0.000103548,0.0,0.0,0.0,0.0,0.000267113,0,0,NaN,NaN,1,1.727233711018889e-77,6.256171199583858e-17,1.378013470051737e-12,22026.46579480672,mpmath_1024,10.1980384428567,9.007199254741002e15,9.098645246465392e15,256
Fasi_3,3,Float64,true,taylor,complexschur,0.00011195,0.0,0.0,0.0,0.0,0.000331273,0,0,NaN,NaN,1,1.331998346195134e-256,6.256171199583858e-17,1.378013470051737e-12,22026.46579480672,mpmath_1024,10.1980384428567,9.007199254741002e15,9.098645246465392e15,851
Fasi_3,3,Float64,true,taylor,realschur,6.2506e-5,0.0,0.0,0.0,0.0,0.000128638,0,0,NaN,NaN,1,2.220446049250313e-16,9.239213961074751e-20,2.220446049250313e-15,22026.46579480672,mpmath_1024,10.1980384428567,9.007199254741002e15,9.098645246465392e15,53
Fasi_3,3,Float64,true,taylor,realschur,9.6076e-5,0.0,0.0,0.0,0.0,0.000195168,0,0,NaN,NaN,1,1.727233711018889e-77,6.256171199583858e-17,1.378013470051737e-12,22026.46579480672,mpmath_1024,10.1980384428567,9.007199254741002e15,9.098645246465392e15,256
Fasi_3,3,Float64,true,taylor,realschur,0.0001103,0.0,0.0,0.0,0.0,0.000269519,0,0,NaN,NaN,1,1.331998346195134e-256,6.256171199583858e-17,1.378013470051737e-12,22026.46579480672,mpmath_1024,10.1980384428567,9.007199254741002e15,9.098645246465392e15,851
Fasi_4,10,Float64,false,scaling_and_squaring,NaN,NaN,NaN,NaN,NaN,NaN,3.7158e-5,NaN,NaN,NaN,NaN,NaN,2.220446049250313e-16,6.575512349695014e-17,7.298487150163711e-15,145.5950667550513,given,7.880038454141526,5.0,4.832333293749307,53
Fasi_4,10,Float64,false,diagonalcheap,transfree,0.0,0.000204981,0.0034712170000000004,0.0023669140000000003,5.9e-8,0.006319937,13,0,9.927490235267199e-15,145.5950667550513,8.302285053394563,2.220446049250313e-16,1.482268985152131e-15,2.523226383411956e-13,145.5950667550513,given,7.880038454141526,5.0,4.832333293749307,53
Fasi_4,10,Float64,false,diagonalcheap,transfree,0.0,0.0008308820000000001,0.003994768,0.004805144,5.5e-8,0.009896696,37,0,4.546616856410616e-77,145.595066755052,7.682757853574171,1.727233711018889e-77,5.475334295560279e-77,7.312674857204295e-75,145.5950667550513,given,7.880038454141526,5.0,4.832333293749307,256
Fasi_4,10,Float64,false,diagonalcheap,transfree,0.0,0.0037308579999999997,0.019472782,0.055588134,1.01e-7,0.079164274,91,0,2.441711290062248e-262,145.5950667550518,7.4983755259705145,1.331998346195134e-256,4.125862353417189e-256,6.259758360883599e-254,145.5950667550513,given,7.880038454141526,5.0,4.832333293749307,851
Fasi_4,10,Float64,false,diagonalcheap,complexschur,0.0,0.003250201,0.0028557150000000004,0.001693121,5.7e-8,0.008041805,13,0,9.927490235267199e-15,145.5950667550513,8.302285053394563,2.220446049250313e-16,1.482268985152131e-15,2.523226383411956e-13,145.5950667550513,given,7.880038454141526,5.0,4.832333293749307,53
Fasi_4,10,Float64,false,diagonalcheap,complexschur,0.0,0.001321073,0.008293097000000001,0.004850301,5.2e-8,0.014731822,37,0,4.546616856410616e-77,145.595066755052,7.682757853574171,1.727233711018889e-77,5.475334295560279e-77,7.312674857204295e-75,145.5950667550513,given,7.880038454141526,5.0,4.832333293749307,256
Fasi_4,10,Float64,false,diagonalcheap,complexschur,0.0,0.00422272,0.022914066,0.009565945999999999,4.2e-8,0.0370211,91,0,2.441711290062248e-262,145.5950667550518,7.4983755259705145,1.331998346195134e-256,4.125862353417189e-256,6.259758360883599e-254,145.5950667550513,given,7.880038454141526,5.0,4.832333293749307,851
Fasi_4,10,Float64,false,diagonalcheap,realschur,0.0,0.000191612,0.0024724499999999997,0.0022911449999999996,5.6e-8,0.005254439,13,0,9.927490235267199e-15,145.5950667550513,8.302285053394563,2.220446049250313e-16,1.482268985152131e-15,2.523226383411956e-13,145.5950667550513,given,7.880038454141526,5.0,4.832333293749307,53
Fasi_4,10,Float64,false,diagonalcheap,realschur,0.0,0.001446016,0.007925017999999999,0.0038471309999999997,3.6e-8,0.01349447,37,0,4.546616856410616e-77,145.595066755052,7.682757853574171,1.727233711018889e-77,5.475334295560279e-77,7.312674857204295e-75,145.5950667550513,given,7.880038454141526,5.0,4.832333293749307,256
Fasi_4,10,Float64,false,diagonalcheap,realschur,0.0,0.0038834949999999994,0.017465405,0.011892651,6.1e-8,0.033641788,91,0,2.441711290062248e-262,145.5950667550518,7.4983755259705145,1.331998346195134e-256,4.125862353417189e-256,6.259758360883599e-254,145.5950667550513,given,7.880038454141526,5.0,4.832333293749307,851
Fasi_4,10,Float64,false,taylor,transfree,0.0,0.0005741739999999999,0.0015168790000000003,0.0025664140000000004,0.000231289,0.00533332,25,1,1.110223024625157e-16,9.229166666666666,1,2.220446049250313e-16,5.912628673397903e-17,8.848658697158598e-15,145.5950667550513,given,7.880038454141526,5.0,4.832333293749307,53
Fasi_4,10,Float64,false,taylor,transfree,0.0,0.0017660080000000001,0.002731697,0.004962978,0.000343202,0.010324008,72,1,1.255107965005024e-77,9.229166666666667,1,1.727233711018889e-77,4.835821826513223e-78,7.268767110199848e-76,145.5950667550513,given,7.880038454141526,5.0,4.832333293749307,256
Fasi_4,10,Float64,false,taylor,transfree,0.0,0.0025347889999999995,0.010871631999999999,0.039716773,0.004288848,0.057927561,90,7,1.62268347717496e-269,1.039835471175832,1,1.331998346195134e-256,5.885969162531994e-257,1.093309392218817e-254,145.5950667550513,given,7.880038454141526,5.0,4.832333293749307,851
Fasi_4,10,Float64,false,taylor,complexschur,0.0,0.0005454310000000001,0.0019431659999999999,0.00257539,0.000237958,0.005826444,25,1,1.110223024625157e-16,9.229166666666666,1,2.220446049250313e-16,5.912628673397903e-17,8.848658697158598e-15,145.5950667550513,given,7.880038454141526,5.0,4.832333293749307,53
Fasi_4,10,Float64,false,taylor,complexschur,0.0,0.001580694,0.00265817,0.004212389,0.000279915,0.009131384,72,1,1.255107965005024e-77,9.229166666666667,1,1.727233711018889e-77,4.835821826513223e-78,7.268767110199848e-76,145.5950667550513,given,7.880038454141526,5.0,4.832333293749307,256
Fasi_4,10,Float64,false,taylor,complexschur,0.0,0.0024582019999999996,0.010420021000000002,0.008149924999999999,0.005039276,0.026645706,90,7,1.62268347717496e-269,1.039835471175832,1,1.331998346195134e-256,5.885969162531994e-257,1.093309392218817e-254,145.5950667550513,given,7.880038454141526,5.0,4.832333293749307,851
Fasi_4,10,Float64,false,taylor,realschur,0.0,0.0006086500000000001,0.0014391809999999999,0.0021820830000000005,0.000232793,0.004749868,25,1,1.110223024625157e-16,9.229166666666666,1,2.220446049250313e-16,5.912628673397903e-17,8.848658697158598e-15,145.5950667550513,given,7.880038454141526,5.0,4.832333293749307,53
Fasi_4,10,Float64,false,taylor,realschur,0.0,0.002015845,0.0026185760000000005,0.004912746,0.000170826,0.010281626,72,1,1.255107965005024e-77,9.229166666666667,1,1.727233711018889e-77,4.835821826513223e-78,7.268767110199848e-76,145.5950667550513,given,7.880038454141526,5.0,4.832333293749307,256
Fasi_4,10,Float64,false,taylor,realschur,0.0,0.0025199989999999998,0.010103761000000003,0.00655943,0.024445311,0.044473812,90,7,1.62268347717496e-269,1.039835471175832,1,1.331998346195134e-256,5.885969162531994e-257,1.093309392218817e-254,145.5950667550513,given,7.880038454141526,5.0,4.832333293749307,851
Fasi_5,10,Float64,false,scaling_and_squaring,NaN,NaN,NaN,NaN,NaN,NaN,2.2499e-5,NaN,NaN,NaN,NaN,NaN,2.220446049250313e-16,2.371366102663977e-16,4.440892098500626e-15,18.18281828459045,mpmath_1024,3.062735480302551,Inf,Inf,53
Fasi_5,10,Float64,false,diagonalcheap,transfree,0.0,3.4799999999999997e-6,0.0016252700000000005,0.0010784280000000002,4.2e-8,0.002938725,9,0,2.111874350036139e-16,18.18281828459045,31.829899749884074,2.220446049250313e-16,0,0,18.18281828459045,mpmath_1024,3.062735480302551,Inf,Inf,53
Fasi_5,10,Float64,false,diagonalcheap,transfree,0.0,0.000753231,0.004407828,0.0032323740000000005,5.6e-8,0.008597227,31,0,3.871494248471391e-84,18.18281828459046,31.27009708310533,1.727233711018889e-77,4.176188101682195e-17,8.418839309418817e-16,18.18281828459045,mpmath_1024,3.062735480302551,Inf,Inf,256
Fasi_5,10,Float64,false,diagonalcheap,transfree,0.0,0.0022293279999999996,0.010040743,0.00514218,3.4e-8,0.0177856,73,0,2.582844278598295e-281,18.18281828459045,31.14546399159968,1.331998346195134e-256,4.176188101682195e-17,8.418839309418817e-16,18.18281828459045,mpmath_1024,3.062735480302551,Inf,Inf,851
Fasi_5,10,Float64,false,diagonalcheap,complexschur,0.0,3.229e-6,0.0010960260000000002,0.0009379589999999999,3.5e-8,0.002229549,9,0,2.111874350036139e-16,18.18281828459045,31.829899749884074,2.220446049250313e-16,0,0,18.18281828459045,mpmath_1024,3.062735480302551,Inf,Inf,53
Fasi_5,10,Float64,false,diagonalcheap,complexschur,0.0,0.00047208099999999995,0.0030006459999999996,0.002258584,4.3e-8,0.00600913,31,0,3.871494248471391e-84,18.18281828459046,31.27009708310533,1.727233711018889e-77,4.176188101682195e-17,8.418839309418817e-16,18.18281828459045,mpmath_1024,3.062735480302551,Inf,Inf,256
Fasi_5,10,Float64,false,diagonalcheap,complexschur,0.0,0.0027733289999999997,0.014363529,0.012801328,5.8e-8,0.030338196,73,0,2.582844278598295e-281,18.18281828459045,31.14546399159968,1.331998346195134e-256,4.176188101682195e-17,8.418839309418817e-16,18.18281828459045,mpmath_1024,3.062735480302551,Inf,Inf,851
Fasi_5,10,Float64,false,diagonalcheap,realschur,0.0,5.2380000000000005e-6,0.0020091809999999996,0.0023238399999999998,5.7e-8,0.004587721,9,0,2.111874350036139e-16,18.18281828459045,31.829899749884074,2.220446049250313e-16,0,0,18.18281828459045,mpmath_1024,3.062735480302551,Inf,Inf,53
Fasi_5,10,Float64,false,diagonalcheap,realschur,0.0,0.00102044,0.004799414000000002,0.004876648,5.4e-8,0.010995006,31,0,3.871494248471391e-84,18.18281828459046,31.27009708310533,1.727233711018889e-77,4.176188101682195e-17,8.418839309418817e-16,18.18281828459045,mpmath_1024,3.062735480302551,Inf,Inf,256
Fasi_5,10,Float64,false,diagonalcheap,realschur,0.0,0.002943346,0.014390555999999999,0.035832958,9.3e-8,0.053557702,73,0,2.582844278598295e-281,18.18281828459045,31.14546399159968,1.331998346195134e-256,4.176188101682195e-17,8.418839309418817e-16,18.18281828459045,mpmath_1024,3.062735480302551,Inf,Inf,851
Fasi_5,10,Float64,false,taylor,transfree,0.0,0.000676583,0.0012131250000000002,0.001851819,4.8e-8,0.004006628,20,0,3.33066907387547e-16,17.66666666666666,1,2.220446049250313e-16,9.5817660106835e-17,1.77635683940025e-15,18.18281828459045,mpmath_1024,3.062735480302551,Inf,Inf,53
Fasi_5,10,Float64,false,taylor,transfree,0.0,0.001381247,0.0022144180000000005,0.0037342330000000004,5.8e-8,0.007632836,64,0,1.85312073220849e-83,17.66666666666667,1,1.727233711018889e-77,4.176188101682195e-17,8.418839309418817e-16,18.18281828459045,mpmath_1024,3.062735480302551,Inf,Inf,256
Fasi_5,10,Float64,false,taylor,transfree,0.0,0.0026338710000000003,0.008523082999999999,0.007829873000000001,0.002105506,0.02164873,90,5,1.001291534071781e-268,1.317434074991027,1,1.331998346195134e-256,4.176188101682195e-17,8.418839309418817e-16,18.18281828459045,mpmath_1024,3.062735480302551,Inf,Inf,851
Fasi_5,10,Float64,false,taylor,complexschur,0.0,0.0007769029999999999,0.0010926699999999998,0.001950755,5.4e-8,0.004087511,20,0,3.33066907387547e-16,17.66666666666666,1,2.220446049250313e-16,9.5817660106835e-17,1.77635683940025e-15,18.18281828459045,mpmath_1024,3.062735480302551,Inf,Inf,53
Fasi_5,10,Float64,false,taylor,complexschur,0.0,0.001410202,0.0021060859999999996,0.004650807,5.7e-8,0.008464462,64,0,1.85312073220849e-83,17.66666666666667,1,1.727233711018889e-77,4.176188101682195e-17,8.418839309418817e-16,18.18281828459045,mpmath_1024,3.062735480302551,Inf,Inf,256
Fasi_5,10,Float64,false,taylor,complexschur,0.0,0.0025550620000000003,0.008793493,0.007212859,0.002091501,0.021247741,90,5,1.001291534071781e-268,1.317434074991027,1,1.331998346195134e-256,4.176188101682195e-17,8.418839309418817e-16,18.18281828459045,mpmath_1024,3.062735480302551,Inf,Inf,851
Fasi_5,10,Float64,false,taylor,realschur,0.0,0.0005337149999999999,0.001062434,0.002274247,5.1e-8,0.004194823,20,0,3.33066907387547e-16,17.66666666666666,1,2.220446049250313e-16,9.5817660106835e-17,1.77635683940025e-15,18.18281828459045,mpmath_1024,3.062735480302551,Inf,Inf,53
Fasi_5,10,Float64,false,taylor,realschur,0.0,0.001183837,0.001573948,0.002675836,4.0e-8,0.00593109,64,0,1.85312073220849e-83,17.66666666666667,1,1.727233711018889e-77,4.176188101682195e-17,8.418839309418817e-16,18.18281828459045,mpmath_1024,3.062735480302551,Inf,Inf,256
Fasi_5,10,Float64,false,taylor,realschur,0.0,0.0012539599999999997,0.00517162,0.022526407000000002,0.002044748,0.03134431,90,5,1.001291534071781e-268,1.317434074991027,1,1.331998346195134e-256,4.176188101682195e-17,8.418839309418817e-16,18.18281828459045,mpmath_1024,3.062735480302551,Inf,Inf,851
Fasi_6,3,Float64,true,scaling_and_squaring,NaN,NaN,NaN,NaN,NaN,NaN,4.457e-6,NaN,NaN,NaN,NaN,NaN,2.220446049250313e-16,Inf,Inf,3.033215396802088e+434294,given,NaN,Inf,Inf,53
Fasi_6,3,Float64,true,diagonalcheap,transfree,1.1795e-5,0.0,0.0,0.0,0.0,6.0849e-5,NaN,NaN,NaN,NaN,NaN,2.220446049250313e-16,3.277326200845959e-18,9.940836292748854e+434276,3.033215396802088e+434294,given,NaN,Inf,Inf,53
Fasi_6,3,Float64,true,diagonalcheap,transfree,7.586e-6,0.0,0.0,0.0,0.0,4.9219e-5,NaN,NaN,NaN,NaN,NaN,1.727233711018889e-77,4.57656483191886e-78,1.388170691263924e+434217,3.033215396802088e+434294,given,NaN,Inf,Inf,256
Fasi_6,3,Float64,true,diagonalcheap,transfree,8.359e-6,0.0,0.0,0.0,0.0,7.168e-5,NaN,NaN,NaN,NaN,NaN,1.331998346195134e-256,6.029542596290472e-258,1.828890143874229e+434037,3.033215396802088e+434294,given,NaN,Inf,Inf,851
Fasi_6,3,Float64,true,diagonalcheap,complexschur,0.0,0.0,0.0,0.0,0.0,6.8124e-5,0,0,NaN,NaN,1,2.220446049250313e-16,5.820766594442145e-11,1.765563885545317e+434284,3.033215396802088e+434294,given,NaN,Inf,Inf,53
Fasi_6,3,Float64,true,diagonalcheap,complexschur,0.0,0.0,0.0,0.0,0.0,4.9443e-5,0,0,NaN,NaN,1,1.727233711018889e-77,4.527835099259185e-72,1.373389913725387e+434223,3.033215396802088e+434294,given,NaN,Inf,Inf,256
Fasi_6,3,Float64,true,diagonalcheap,complexschur,0.0,0.0,0.0,0.0,0.0,9.5577e-5,0,0,NaN,NaN,1,1.331998346195134e-256,3.491753246891917e-251,1.059123971030624e+434044,3.033215396802088e+434294,given,NaN,Inf,Inf,851
Fasi_6,3,Float64,true,diagonalcheap,realschur,0.0,0.0,0.0,0.0,0.0,4.527e-5,0,0,NaN,NaN,1,2.220446049250313e-16,5.820766594442145e-11,1.765563885545317e+434284,3.033215396802088e+434294,given,NaN,Inf,Inf,53
Fasi_6,3,Float64,true,diagonalcheap,realschur,0.0,0.0,0.0,0.0,0.0,4.6534e-5,0,0,NaN,NaN,1,1.727233711018889e-77,4.527835099259185e-72,1.373389913725387e+434223,3.033215396802088e+434294,given,NaN,Inf,Inf,256
Fasi_6,3,Float64,true,diagonalcheap,realschur,0.0,0.0,0.0,0.0,0.0,9.1916e-5,0,0,NaN,NaN,1,1.331998346195134e-256,3.491753246891917e-251,1.059123971030624e+434044,3.033215396802088e+434294,given,NaN,Inf,Inf,851
Fasi_6,3,Float64,true,taylor,transfree,8.736e-6,0.0,0.0,0.0,0.0,3.8324e-5,NaN,NaN,NaN,NaN,NaN,2.220446049250313e-16,3.277326200845959e-18,9.940836292748854e+434276,3.033215396802088e+434294,given,NaN,Inf,Inf,53
Fasi_6,3,Float64,true,taylor,transfree,7.972e-6,0.0,0.0,0.0,0.0,4.9053e-5,NaN,NaN,NaN,NaN,NaN,1.727233711018889e-77,4.57656483191886e-78,1.388170691263924e+434217,3.033215396802088e+434294,given,NaN,Inf,Inf,256
Fasi_6,3,Float64,true,taylor,transfree,7.921e-6,0.0,0.0,0.0,0.0,7.0569e-5,NaN,NaN,NaN,NaN,NaN,1.331998346195134e-256,6.029542596290472e-258,1.828890143874229e+434037,3.033215396802088e+434294,given,NaN,Inf,Inf,851
Fasi_6,3,Float64,true,taylor,complexschur,0.0,0.0,0.0,0.0,0.0,3.5781e-5,0,0,NaN,NaN,1,2.220446049250313e-16,5.820766594442145e-11,1.765563885545317e+434284,3.033215396802088e+434294,given,NaN,Inf,Inf,53
Fasi_6,3,Float64,true,taylor,complexschur,0.0,0.0,0.0,0.0,0.0,5.9766e-5,0,0,NaN,NaN,1,1.727233711018889e-77,4.527835099259185e-72,1.373389913725387e+434223,3.033215396802088e+434294,given,NaN,Inf,Inf,256
Fasi_6,3,Float64,true,taylor,complexschur,0.0,0.0,0.0,0.0,0.0,0.000173898,0,0,NaN,NaN,1,1.331998346195134e-256,3.491753246891917e-251,1.059123971030624e+434044,3.033215396802088e+434294,given,NaN,Inf,Inf,851
Fasi_6,3,Float64,true,taylor,realschur,0.0,0.0,0.0,0.0,0.0,5.2927e-5,0,0,NaN,NaN,1,2.220446049250313e-16,5.820766594442145e-11,1.765563885545317e+434284,3.033215396802088e+434294,given,NaN,Inf,Inf,53
Fasi_6,3,Float64,true,taylor,realschur,0.0,0.0,0.0,0.0,0.0,6.668e-5,0,0,NaN,NaN,1,1.727233711018889e-77,4.527835099259185e-72,1.373389913725387e+434223,3.033215396802088e+434294,given,NaN,Inf,Inf,256
Fasi_6,3,Float64,true,taylor,realschur,0.0,0.0,0.0,0.0,0.0,0.000104846,0,0,NaN,NaN,1,1.331998346195134e-256,3.491753246891917e-251,1.059123971030624e+434044,3.033215396802088e+434294,given,NaN,Inf,Inf,851
Fasi_7,2,Float64,true,scaling_and_squaring,NaN,NaN,NaN,NaN,NaN,NaN,1.897e-6,NaN,NaN,NaN,NaN,NaN,2.220446049250313e-16,NaN,NaN,Inf,mpmath_1024,NaN,1.0e8,1.0e8,53
Fasi_7,2,Float64,true,diagonalcheap,transfree,1.0888e-5,0.0,0.0,0.0,0.0,6.151e-5,NaN,NaN,NaN,NaN,NaN,2.220446049250313e-16,NaN,Inf,Inf,mpmath_1024,NaN,1.0e8,1.0e8,53
Fasi_7,2,Float64,true,diagonalcheap,transfree,1.041e-5,0.0,0.0,0.0,0.0,5.9425e-5,NaN,NaN,NaN,NaN,NaN,1.727233711018889e-77,NaN,Inf,Inf,mpmath_1024,NaN,1.0e8,1.0e8,256
Fasi_7,2,Float64,true,diagonalcheap,transfree,9.267e-6,0.0,0.0,0.0,0.0,9.1851e-5,NaN,NaN,NaN,NaN,NaN,1.331998346195134e-256,NaN,Inf,Inf,mpmath_1024,NaN,1.0e8,1.0e8,851
Fasi_7,2,Float64,true,diagonalcheap,complexschur,0.0,0.0,0.0,0.0,0.0,5.0264e-5,0,0,NaN,NaN,1,2.220446049250313e-16,NaN,Inf,Inf,mpmath_1024,NaN,1.0e8,1.0e8,53
Fasi_7,2,Float64,true,diagonalcheap,complexschur,0.0,0.0,0.0,0.0,0.0,5.4622e-5,0,0,NaN,NaN,1,1.727233711018889e-77,NaN,Inf,Inf,mpmath_1024,NaN,1.0e8,1.0e8,256
Fasi_7,2,Float64,true,diagonalcheap,complexschur,0.0,0.0,0.0,0.0,0.0,8.0402e-5,0,0,NaN,NaN,1,1.331998346195134e-256,NaN,Inf,Inf,mpmath_1024,NaN,1.0e8,1.0e8,851
Fasi_7,2,Float64,true,diagonalcheap,realschur,0.0,0.0,0.0,0.0,0.0,4.3826e-5,0,0,NaN,NaN,1,2.220446049250313e-16,NaN,Inf,Inf,mpmath_1024,NaN,1.0e8,1.0e8,53
Fasi_7,2,Float64,true,diagonalcheap,realschur,0.0,0.0,0.0,0.0,0.0,8.7519e-5,0,0,NaN,NaN,1,1.727233711018889e-77,NaN,Inf,Inf,mpmath_1024,NaN,1.0e8,1.0e8,256
Fasi_7,2,Float64,true,diagonalcheap,realschur,0.0,0.0,0.0,0.0,0.0,0.000115186,0,0,NaN,NaN,1,1.331998346195134e-256,NaN,Inf,Inf,mpmath_1024,NaN,1.0e8,1.0e8,851
Fasi_7,2,Float64,true,taylor,transfree,1.4289e-5,0.0,0.0,0.0,0.0,7.3958e-5,NaN,NaN,NaN,NaN,NaN,2.220446049250313e-16,NaN,Inf,Inf,mpmath_1024,NaN,1.0e8,1.0e8,53
Fasi_7,2,Float64,true,taylor,transfree,1.3918e-5,0.0,0.0,0.0,0.0,8.6026e-5,NaN,NaN,NaN,NaN,NaN,1.727233711018889e-77,NaN,Inf,Inf,mpmath_1024,NaN,1.0e8,1.0e8,256
Fasi_7,2,Float64,true,taylor,transfree,1.0938e-5,0.0,0.0,0.0,0.0,0.000106825,NaN,NaN,NaN,NaN,NaN,1.331998346195134e-256,NaN,Inf,Inf,mpmath_1024,NaN,1.0e8,1.0e8,851
Fasi_7,2,Float64,true,taylor,complexschur,0.0,0.0,0.0,0.0,0.0,5.0301e-5,0,0,NaN,NaN,1,2.220446049250313e-16,NaN,Inf,Inf,mpmath_1024,NaN,1.0e8,1.0e8,53
Fasi_7,2,Float64,true,taylor,complexschur,0.0,0.0,0.0,0.0,0.0,7.3356e-5,0,0,NaN,NaN,1,1.727233711018889e-77,NaN,Inf,Inf,mpmath_1024,NaN,1.0e8,1.0e8,256
Fasi_7,2,Float64,true,taylor,complexschur,0.0,0.0,0.0,0.0,0.0,0.000162024,0,0,NaN,NaN,1,1.331998346195134e-256,NaN,Inf,Inf,mpmath_1024,NaN,1.0e8,1.0e8,851
Fasi_7,2,Float64,true,taylor,realschur,0.0,0.0,0.0,0.0,0.0,5.5536e-5,0,0,NaN,NaN,1,2.220446049250313e-16,NaN,Inf,Inf,mpmath_1024,NaN,1.0e8,1.0e8,53
Fasi_7,2,Float64,true,taylor,realschur,0.0,0.0,0.0,0.0,0.0,7.5998e-5,0,0,NaN,NaN,1,1.727233711018889e-77,NaN,Inf,Inf,mpmath_1024,NaN,1.0e8,1.0e8,256
Fasi_7,2,Float64,true,taylor,realschur,0.0,0.0,0.0,0.0,0.0,0.00016779,0,0,NaN,NaN,1,1.331998346195134e-256,NaN,Inf,Inf,mpmath_1024,NaN,1.0e8,1.0e8,851
Fasi_8,2,Float64,true,scaling_and_squaring,NaN,NaN,NaN,NaN,NaN,NaN,2.3278e-5,NaN,NaN,NaN,NaN,NaN,2.220446049250313e-16,1.883389090986693e-16,1.332267629550188e-15,7.38905609893065,mpmath_1024,1.981932178494418,Inf,Inf,53
Fasi_8,2,Float64,true,diagonalcheap,transfree,6.7657e-5,0.0,0.0,0.0,0.0,0.0001671,NaN,NaN,NaN,NaN,NaN,2.220446049250313e-16,8.422772071055564e-17,4.440892098500626e-16,7.38905609893065,mpmath_1024,1.981932178494418,Inf,Inf,53
Fasi_8,2,Float64,true,diagonalcheap,transfree,7.7488e-5,0.0,0.0,0.0,0.0,0.000208593,NaN,NaN,NaN,NaN,NaN,1.727233711018889e-77,2.410157615404628e-17,1.797113949783915e-16,7.38905609893065,mpmath_1024,1.981932178494418,Inf,Inf,256
Fasi_8,2,Float64,true,diagonalcheap,transfree,8.6214e-5,0.0,0.0,0.0,0.0,0.000322046,NaN,NaN,NaN,NaN,NaN,1.331998346195134e-256,2.410157615404628e-17,1.797113949783915e-16,7.38905609893065,mpmath_1024,1.981932178494418,Inf,Inf,851
Fasi_8,2,Float64,true,diagonalcheap,complexschur,8.1002e-5,0.0,0.0,0.0,0.0,0.000176465,0,0,NaN,NaN,1,2.220446049250313e-16,1.883389090986693e-16,1.332267629550188e-15,7.38905609893065,mpmath_1024,1.981932178494418,Inf,Inf,53
Fasi_8,2,Float64,true,diagonalcheap,complexschur,9.8354e-5,0.0,0.0,0.0,0.0,0.000212822,0,0,NaN,NaN,1,1.727233711018889e-77,2.410157615404628e-17,1.797113949783915e-16,7.38905609893065,mpmath_1024,1.981932178494418,Inf,Inf,256
Fasi_8,2,Float64,true,diagonalcheap,complexschur,8.4082e-5,0.0,0.0,0.0,0.0,0.000192456,0,0,NaN,NaN,1,1.331998346195134e-256,2.410157615404628e-17,1.797113949783915e-16,7.38905609893065,mpmath_1024,1.981932178494418,Inf,Inf,851
Fasi_8,2,Float64,true,diagonalcheap,realschur,0.000178794,0.0,0.0,0.0,0.0,0.000227693,0,0,NaN,NaN,1,2.220446049250313e-16,1.883389090986693e-16,1.332267629550188e-15,7.38905609893065,mpmath_1024,1.981932178494418,Inf,Inf,53
Fasi_8,2,Float64,true,diagonalcheap,realschur,5.1442e-5,0.0,0.0,0.0,0.0,9.3168e-5,0,0,NaN,NaN,1,1.727233711018889e-77,2.410157615404628e-17,1.797113949783915e-16,7.38905609893065,mpmath_1024,1.981932178494418,Inf,Inf,256
Fasi_8,2,Float64,true,diagonalcheap,realschur,6.2223e-5,0.0,0.0,0.0,0.0,0.000148609,0,0,NaN,NaN,1,1.331998346195134e-256,2.410157615404628e-17,1.797113949783915e-16,7.38905609893065,mpmath_1024,1.981932178494418,Inf,Inf,851
Fasi_8,2,Float64,true,taylor,transfree,5.4828e-5,0.0,0.0,0.0,0.0,0.000129301,NaN,NaN,NaN,NaN,NaN,2.220446049250313e-16,8.422772071055564e-17,4.440892098500626e-16,7.38905609893065,mpmath_1024,1.981932178494418,Inf,Inf,53
Fasi_8,2,Float64,true,taylor,transfree,6.6708e-5,0.0,0.0,0.0,0.0,0.000158833,NaN,NaN,NaN,NaN,NaN,1.727233711018889e-77,2.410157615404628e-17,1.797113949783915e-16,7.38905609893065,mpmath_1024,1.981932178494418,Inf,Inf,256
Fasi_8,2,Float64,true,taylor,transfree,8.6291e-5,0.0,0.0,0.0,0.0,0.000231406,NaN,NaN,NaN,NaN,NaN,1.331998346195134e-256,2.410157615404628e-17,1.797113949783915e-16,7.38905609893065,mpmath_1024,1.981932178494418,Inf,Inf,851
Fasi_8,2,Float64,true,taylor,complexschur,7.1116e-5,0.0,0.0,0.0,0.0,0.00015741,0,0,NaN,NaN,1,2.220446049250313e-16,1.883389090986693e-16,1.332267629550188e-15,7.38905609893065,mpmath_1024,1.981932178494418,Inf,Inf,53
Fasi_8,2,Float64,true,taylor,complexschur,8.3196e-5,0.0,0.0,0.0,0.0,0.000179648,0,0,NaN,NaN,1,1.727233711018889e-77,2.410157615404628e-17,1.797113949783915e-16,7.38905609893065,mpmath_1024,1.981932178494418,Inf,Inf,256
Fasi_8,2,Float64,true,taylor,complexschur,8.9819e-5,0.0,0.0,0.0,0.0,0.000210552,0,0,NaN,NaN,1,1.331998346195134e-256,2.410157615404628e-17,1.797113949783915e-16,7.38905609893065,mpmath_1024,1.981932178494418,Inf,Inf,851
Fasi_8,2,Float64,true,taylor,realschur,6.1657e-5,0.0,0.0,0.0,0.0,0.000122333,0,0,NaN,NaN,1,2.220446049250313e-16,1.883389090986693e-16,1.332267629550188e-15,7.38905609893065,mpmath_1024,1.981932178494418,Inf,Inf,53
Fasi_8,2,Float64,true,taylor,realschur,7.1911e-5,0.0,0.0,0.0,0.0,0.000139557,0,0,NaN,NaN,1,1.727233711018889e-77,2.410157615404628e-17,1.797113949783915e-16,7.38905609893065,mpmath_1024,1.981932178494418,Inf,Inf,256
Fasi_8,2,Float64,true,taylor,realschur,8.7992e-5,0.0,0.0,0.0,0.0,0.00019211,0,0,NaN,NaN,1,1.331998346195134e-256,2.410157615404628e-17,1.797113949783915e-16,7.38905609893065,mpmath_1024,1.981932178494418,Inf,Inf,851
Fasi_9,10,ComplexF64,false,scaling_and_squaring,NaN,NaN,NaN,NaN,NaN,NaN,4.7095e-5,NaN,NaN,NaN,NaN,NaN,2.220446049250313e-16,2.679274555534638e-15,2.426839043765587e-06,856571943.0481856,mpmath_1024,45.50689172408396,1.9646986692097146,1.757564233028689,53
Fasi_9,10,ComplexF64,false,diagonalcheap,transfree,0.0,0.00038528300000000004,0.009629585,0.07210290999999999,0.001284825,0.448561636,13,1,4.753276034356841e-17,10.40269736838936,11.04019240526915,2.220446049250313e-16,5.319858098714021e-16,5.943593751090248e-07,856571943.0481856,mpmath_1024,45.50689172408396,1.9646986692097146,1.757564233028689,53
Fasi_9,10,ComplexF64,false,diagonalcheap,transfree,0.0,0.001423683,0.015507605999999998,0.028303041,1.03e-7,0.0464205,43,0,2.206081964374546e-82,96.39447327054282,108.21100484731488,1.727233711018889e-77,5.657244082649538e-17,4.818553321291006e-08,856571943.0481856,mpmath_1024,45.50689172408396,1.9646986692097146,1.757564233028689,256
Fasi_9,10,ComplexF64,false,diagonalcheap,transfree,0.0,0.0030996760000000004,0.023976856000000005,0.089418848,1.09e-7,0.117572534,91,0,9.807612766172094e-262,96.39447327054289,108.21498209780094,1.331998346195134e-256,5.657244082649538e-17,4.818553321291006e-08,856571943.0481856,mpmath_1024,45.50689172408396,1.9646986692097146,1.757564233028689,851
Fasi_9,10,ComplexF64,false,diagonalcheap,complexschur,0.050502322,0.000491372,0.005644647,0.012253921000000001,0.000960307,0.07209388,13,1,2.30126026260472e-16,11.99336670464739,13.65999802009986,2.220446049250313e-16,2.65608232746459e-14,2.326255134352332e-05,856571943.0481856,mpmath_1024,45.50689172408396,1.9646986692097146,1.757564233028689,53
Fasi_9,10,ComplexF64,false,diagonalcheap,complexschur,0.027297159,0.0028985800000000004,0.014206555000000003,0.023131812999999998,1.33e-7,0.0717677,43,0,2.373573362317293e-81,99.37139548358425,126.48564640528481,1.727233711018889e-77,5.657244082649538e-17,4.818553321291006e-08,856571943.0481856,mpmath_1024,45.50689172408396,1.9646986692097146,1.757564233028689,256
Fasi_9,10,ComplexF64,false,diagonalcheap,complexschur,0.100808616,0.0037435509999999995,0.034037783999999995,0.03950883100000001,4.5e-8,0.181876534,91,0,1.459123479535965e-259,99.37139548358391,138.32316551612672,1.331998346195134e-256,5.657244082649538e-17,4.818553321291006e-08,856571943.0481856,mpmath_1024,45.50689172408396,1.9646986692097146,1.757564233028689,851
Fasi_9,10,ComplexF64,false,taylor,transfree,0.0,0.000420663,0.0012919179999999998,0.005956022,0.00122962,0.009602979,25,1,9.992007221626409e-16,8.472866040246457,1,2.220446049250313e-16,1.827569402367276e-16,1.592467356438088e-07,856571943.0481856,mpmath_1024,45.50689172408396,1.9646986692097146,1.757564233028689,53
Fasi_9,10,ComplexF64,false,taylor,transfree,0.0,0.0015496679999999997,0.002441772,0.016449329999999998,0.001673339,0.022939715,81,1,4.118046071574423e-84,8.472866040246457,1,1.727233711018889e-77,5.657244082649538e-17,4.818553321291006e-08,856571943.0481856,mpmath_1024,45.50689172408396,1.9646986692097146,1.757564233028689,256
Fasi_9,10,ComplexF64,false,taylor,transfree,0.0,0.0030729689999999996,0.016509361000000004,0.042571999,0.021259475,0.084542736,90,7,3.96162629842569e-266,1.044574252945616,1,1.331998346195134e-256,5.657244082649538e-17,4.818553321291006e-08,856571943.0481856,mpmath_1024,45.50689172408396,1.9646986692097146,1.757564233028689,851
Fasi_9,10,ComplexF64,false,taylor,complexschur,0.019586233,0.0011629090000000002,0.0017659130000000005,0.005542418,0.000591326,0.031390484,30,1,0,11.21549830996424,1,2.220446049250313e-16,2.664830078300585e-14,2.320938900220699e-05,856571943.0481856,mpmath_1024,45.50689172408396,1.9646986692097146,1.757564233028689,53
Fasi_9,10,ComplexF64,false,taylor,complexschur,0.037266086,0.0035068300000000003,0.004168581,0.041600025000000006,0.001588328,0.093684236,81,1,1.647218428629769e-83,11.21549830996436,1,1.727233711018889e-77,5.657244082649538e-17,4.818553321291006e-08,856571943.0481856,mpmath_1024,45.50689172408396,1.9646986692097146,1.757564233028689,256
Fasi_9,10,ComplexF64,false,taylor,complexschur,0.075828663,0.0036055129999999994,0.012870999,0.019221407000000003,0.016551443,0.132470933,90,7,3.865767103412887e-265,1.065456845188194,1,1.331998346195134e-256,5.657244082649538e-17,4.818553321291006e-08,856571943.0481856,mpmath_1024,45.50689172408396,1.9646986692097146,1.757564233028689,851
Fasi_10,2,Float64,false,scaling_and_squaring,NaN,NaN,NaN,NaN,NaN,NaN,1.4418e-5,NaN,NaN,NaN,NaN,NaN,2.220446049250313e-16,2.270410305911382e-15,6.165163393256685e+28,2.715269840218319e+43,given,100.0148973292867,101.0,100.01000099999996,53
Fasi_10,2,Float64,false,diagonalcheap,transfree,0.0,7.9237e-5,0.0016550690000000001,0.000209605,4.4967e-5,0.002080202,13,4,4.141707869746881e-16,22.28201355699503,22.27237044226383,2.220446049250313e-16,1.2430495675667e-16,3.343047894527104e+27,2.715269840218319e+43,given,100.0148973292867,101.0,100.01000099999996,53
Fasi_10,2,Float64,false,diagonalcheap,transfree,0.0,0.00037082099999999997,0.00349191,0.000625827,0.000118929,0.00474561,43,3,9.706900934383505e-81,491.5434279280412,491.5333476750889,1.727233711018889e-77,6.456376645224432e-46,0.01735638210564692,2.715269840218319e+43,given,100.0148973292867,101.0,100.01000099999996,256
Fasi_10,2,Float64,false,diagonalcheap,transfree,0.0,0.001068219,0.014845153,0.001277417,0.00046133,0.017886138,91,4,2.62973377774667e-280,22.28201355699506,22.27237044226387,1.331998346195134e-256,6.456376645224432e-46,0.01735638210564692,2.715269840218319e+43,given,100.0148973292867,101.0,100.01000099999996,851
Fasi_10,2,Float64,false,diagonalcheap,complexschur,0.0,0.00012331100000000003,0.0019464580000000003,0.00032100499999999997,7.9528e-5,0.002601993,13,4,4.141707869746881e-16,22.28201355699503,22.27237044226383,2.220446049250313e-16,1.2430495675667e-16,3.343047894527104e+27,2.715269840218319e+43,given,100.0148973292867,101.0,100.01000099999996,53
Fasi_10,2,Float64,false,diagonalcheap,complexschur,0.0,0.000515657,0.004252892,0.0007534490000000001,0.00011167,0.005804352,43,3,9.706900934383505e-81,491.5434279280412,491.5333476750889,1.727233711018889e-77,6.456376645224432e-46,0.01735638210564692,2.715269840218319e+43,given,100.0148973292867,101.0,100.01000099999996,256
Fasi_10,2,Float64,false,diagonalcheap,complexschur,0.0,0.0009866889999999998,0.010369572,0.001262009,0.000380853,0.013257691,91,4,2.62973377774667e-280,22.28201355699506,22.27237044226387,1.331998346195134e-256,6.456376645224432e-46,0.01735638210564692,2.715269840218319e+43,given,100.0148973292867,101.0,100.01000099999996,851
Fasi_10,2,Float64,false,diagonalcheap,realschur,0.0,9.7399e-5,0.0019589380000000003,0.00028669099999999994,7.8658e-5,0.002548682,13,4,4.141707869746881e-16,22.28201355699503,22.27237044226383,2.220446049250313e-16,1.2430495675667e-16,3.343047894527104e+27,2.715269840218319e+43,given,100.0148973292867,101.0,100.01000099999996,53
Fasi_10,2,Float64,false,diagonalcheap,realschur,0.0,0.00045318800000000004,0.004030713,0.000677347,0.000111283,0.005439147,43,3,9.706900934383505e-81,491.5434279280412,491.5333476750889,1.727233711018889e-77,6.456376645224432e-46,0.01735638210564692,2.715269840218319e+43,given,100.0148973292867,101.0,100.01000099999996,256
Fasi_10,2,Float64,false,diagonalcheap,realschur,0.0,0.000985561,0.010218395999999998,0.001272133,0.000371402,0.013082408,91,4,2.62973377774667e-280,22.28201355699506,22.27237044226387,1.331998346195134e-256,6.456376645224432e-46,0.01735638210564692,2.715269840218319e+43,given,100.0148973292867,101.0,100.01000099999996,851
Fasi_10,2,Float64,false,taylor,transfree,0.0,0.00033689299999999995,0.0010739299999999996,0.00017021200000000002,5.4182e-5,0.001745358,36,3,1.06581410364015e-14,127.8073024749756,1,2.220446049250313e-16,1.2430495675667e-16,3.343047894527104e+27,2.715269840218319e+43,given,100.0148973292867,101.0,100.01000099999996,53
Fasi_10,2,Float64,false,taylor,transfree,0.0,0.000776507,0.002805366,0.00034520899999999997,0.000139574,0.004200612,90,4,3.294436857259539e-83,22.27356117040359,1,1.727233711018889e-77,6.456376645224432e-46,0.01735638210564692,2.715269840218319e+43,given,100.0148973292867,101.0,100.01000099999996,256
Fasi_10,2,Float64,false,taylor,transfree,0.0,0.001253639,0.007292373000000001,0.000466834,0.00093759,0.010191312,90,10,1.545586529091156e-260,1.050504212880865,1,1.331998346195134e-256,6.456376645224432e-46,0.01735638210564692,2.715269840218319e+43,given,100.0148973292867,101.0,100.01000099999996,851
Fasi_10,2,Float64,false,taylor,complexschur,0.0,0.0007778530000000001,0.0019613449999999998,0.000195996,5.5376e-5,0.003156817,36,3,1.06581410364015e-14,127.8073024749756,1,2.220446049250313e-16,1.2430495675667e-16,3.343047894527104e+27,2.715269840218319e+43,given,100.0148973292867,101.0,100.01000099999996,53
Fasi_10,2,Float64,false,taylor,complexschur,0.0,0.000761902,0.0028699079999999996,0.00034266499999999997,0.000147135,0.004283406,90,4,3.294436857259539e-83,22.27356117040359,1,1.727233711018889e-77,6.456376645224432e-46,0.01735638210564692,2.715269840218319e+43,given,100.0148973292867,101.0,100.01000099999996,256
Fasi_10,2,Float64,false,taylor,complexschur,0.0,0.0008150649999999999,0.006320965,0.000427505,0.001812099,0.009599655,90,10,1.545586529091156e-260,1.050504212880865,1,1.331998346195134e-256,6.456376645224432e-46,0.01735638210564692,2.715269840218319e+43,given,100.0148973292867,101.0,100.01000099999996,851
Fasi_10,2,Float64,false,taylor,realschur,0.0,0.0003370479999999999,0.001072751,0.00017514400000000002,5.5178e-5,0.001768296,36,3,1.06581410364015e-14,127.8073024749756,1,2.220446049250313e-16,1.2430495675667e-16,3.343047894527104e+27,2.715269840218319e+43,given,100.0148973292867,101.0,100.01000099999996,53
Fasi_10,2,Float64,false,taylor,realschur,0.0,0.00072628,0.002935369,0.00032904900000000004,0.000146433,0.004298203,90,4,3.294436857259539e-83,22.27356117040359,1,1.727233711018889e-77,6.456376645224432e-46,0.01735638210564692,2.715269840218319e+43,given,100.0148973292867,101.0,100.01000099999996,256
Fasi_10,2,Float64,false,taylor,realschur,0.0,0.0007394770000000001,0.006271397000000001,0.000426762,0.00091631,0.008571038,90,10,1.545586529091156e-260,1.050504212880865,1,1.331998346195134e-256,6.456376645224432e-46,0.01735638210564692,2.715269840218319e+43,given,100.0148973292867,101.0,100.01000099999996,851
Fasi_11,2,Float64,true,scaling_and_squaring,NaN,NaN,NaN,NaN,NaN,NaN,2.0675e-5,NaN,NaN,NaN,NaN,NaN,2.220446049250313e-16,NaN,NaN,Inf,mpmath_1024,NaN,1.002002002002002,1.002002002002002,53
Fasi_11,2,Float64,true,diagonalcheap,transfree,6.0679e-5,0.0,0.0,0.0,0.0,0.00014743,NaN,NaN,NaN,NaN,NaN,2.220446049250313e-16,NaN,Inf,Inf,mpmath_1024,NaN,1.002002002002002,1.002002002002002,53
Fasi_11,2,Float64,true,diagonalcheap,transfree,0.00090378,0.0,0.0,0.0,0.0,0.001005144,NaN,NaN,NaN,NaN,NaN,1.727233711018889e-77,NaN,Inf,Inf,mpmath_1024,NaN,1.002002002002002,1.002002002002002,256
Fasi_11,2,Float64,true,diagonalcheap,transfree,7.0344e-5,0.0,0.0,0.0,0.0,0.000209032,NaN,NaN,NaN,NaN,NaN,1.331998346195134e-256,NaN,Inf,Inf,mpmath_1024,NaN,1.002002002002002,1.002002002002002,851
Fasi_11,2,Float64,true,diagonalcheap,complexschur,5.9273e-5,0.0,0.0,0.0,0.0,0.000129029,0,0,NaN,NaN,1,2.220446049250313e-16,NaN,Inf,Inf,mpmath_1024,NaN,1.002002002002002,1.002002002002002,53
Fasi_11,2,Float64,true,diagonalcheap,complexschur,6.2229e-5,0.0,0.0,0.0,0.0,0.00015292,0,0,NaN,NaN,1,1.727233711018889e-77,NaN,Inf,Inf,mpmath_1024,NaN,1.002002002002002,1.002002002002002,256
Fasi_11,2,Float64,true,diagonalcheap,complexschur,7.7785e-5,0.0,0.0,0.0,0.0,0.000205856,0,0,NaN,NaN,1,1.331998346195134e-256,NaN,Inf,Inf,mpmath_1024,NaN,1.002002002002002,1.002002002002002,851
Fasi_11,2,Float64,true,diagonalcheap,realschur,4.1328e-5,0.0,0.0,0.0,0.0,9.9146e-5,0,0,NaN,NaN,1,2.220446049250313e-16,NaN,Inf,Inf,mpmath_1024,NaN,1.002002002002002,1.002002002002002,53
Fasi_11,2,Float64,true,diagonalcheap,realschur,5.9428e-5,0.0,0.0,0.0,0.0,0.000122832,0,0,NaN,NaN,1,1.727233711018889e-77,NaN,Inf,Inf,mpmath_1024,NaN,1.002002002002002,1.002002002002002,256
Fasi_11,2,Float64,true,diagonalcheap,realschur,0.000102159,0.0,0.0,0.0,0.0,0.000235938,0,0,NaN,NaN,1,1.331998346195134e-256,NaN,Inf,Inf,mpmath_1024,NaN,1.002002002002002,1.002002002002002,851
Fasi_11,2,Float64,true,taylor,transfree,5.3427e-5,0.0,0.0,0.0,0.0,0.000134313,NaN,NaN,NaN,NaN,NaN,2.220446049250313e-16,NaN,Inf,Inf,mpmath_1024,NaN,1.002002002002002,1.002002002002002,53
Fasi_11,2,Float64,true,taylor,transfree,4.5742e-5,0.0,0.0,0.0,0.0,0.000121318,NaN,NaN,NaN,NaN,NaN,1.727233711018889e-77,NaN,Inf,Inf,mpmath_1024,NaN,1.002002002002002,1.002002002002002,256
Fasi_11,2,Float64,true,taylor,transfree,5.9044e-5,0.0,0.0,0.0,0.0,0.000195282,NaN,NaN,NaN,NaN,NaN,1.331998346195134e-256,NaN,Inf,Inf,mpmath_1024,NaN,1.002002002002002,1.002002002002002,851
Fasi_11,2,Float64,true,taylor,complexschur,0.000272686,0.0,0.0,0.0,0.0,0.000346688,0,0,NaN,NaN,1,2.220446049250313e-16,NaN,Inf,Inf,mpmath_1024,NaN,1.002002002002002,1.002002002002002,53
Fasi_11,2,Float64,true,taylor,complexschur,6.5383e-5,0.0,0.0,0.0,0.0,0.000162087,0,0,NaN,NaN,1,1.727233711018889e-77,NaN,Inf,Inf,mpmath_1024,NaN,1.002002002002002,1.002002002002002,256
Fasi_11,2,Float64,true,taylor,complexschur,8.2452e-5,0.0,0.0,0.0,0.0,0.000220556,0,0,NaN,NaN,1,1.331998346195134e-256,NaN,Inf,Inf,mpmath_1024,NaN,1.002002002002002,1.002002002002002,851
Fasi_11,2,Float64,true,taylor,realschur,5.4434e-5,0.0,0.0,0.0,0.0,0.000105418,0,0,NaN,NaN,1,2.220446049250313e-16,NaN,Inf,Inf,mpmath_1024,NaN,1.002002002002002,1.002002002002002,53
Fasi_11,2,Float64,true,taylor,realschur,6.5546e-5,0.0,0.0,0.0,0.0,0.000136874,0,0,NaN,NaN,1,1.727233711018889e-77,NaN,Inf,Inf,mpmath_1024,NaN,1.002002002002002,1.002002002002002,256
Fasi_11,2,Float64,true,taylor,realschur,8.3211e-5,0.0,0.0,0.0,0.0,0.000210048,0,0,NaN,NaN,1,1.331998346195134e-256,NaN,Inf,Inf,mpmath_1024,NaN,1.002002002002002,1.002002002002002,851
Fasi_12,3,Int64,false,scaling_and_squaring,NaN,NaN,NaN,NaN,NaN,NaN,2.7987e-5,NaN,NaN,NaN,NaN,NaN,2.220446049250313e-16,3.375895507255981e-16,1.804125239761525e-13,604.6431902391027,given,6.71305683241961,Inf,Inf,53
Fasi_12,3,Int64,false,diagonalcheap,transfree,0.0,3.2979e-5,0.0011122419999999998,0.000252823,6.038e-6,0.00150968,13,1,3.625623055544151e-16,29.62830538478148,7.387676378433373,2.220446049250313e-16,1.140231183172244e-16,6.302323287303321e-14,604.6431902391027,given,6.71305683241961,Inf,Inf,53
Fasi_12,3,Int64,false,diagonalcheap,transfree,0.0,0.00020902,0.00236845,0.000625011,8.57e-6,0.00332039,37,1,1.30272614275571e-83,29.62830538478151,7.149709412294152,1.727233711018889e-77,1.84588213586447e-76,1.104676806517443e-73,604.6431902391027,given,6.71305683241961,Inf,Inf,256
Fasi_12,3,Int64,false,diagonalcheap,transfree,0.0,0.0007120560000000001,0.005896768999999999,0.001242268,2.5972e-5,0.008061892,81,1,3.852990994047027e-258,29.62830538478146,7.083080005878933,1.331998346195134e-256,9.558069905736314e-256,5.748162508460485e-253,604.6431902391027,given,6.71305683241961,Inf,Inf,851
Fasi_12,3,Int64,false,diagonalcheap,complexschur,9.3987e-5,0.00012419000000000002,0.004453338,0.00084418,5.8827e-5,0.005810533,13,1,0,26.83329321367382,5.991311016511135,2.220446049250313e-16,2.135475132649299e-15,1.120806295810207e-12,604.6431902391027,given,6.71305683241961,Inf,Inf,53
Fasi_12,3,Int64,false,diagonalcheap,complexschur,0.000187948,0.000565578,0.003923119,0.0017000329999999999,8.7584e-5,0.006721724,37,1,5.622709178180288e-83,20.0855369231877,5.92818428261309,1.727233711018889e-77,2.629807992572678e-76,1.548354173607571e-73,604.6431902391027,given,6.71305683241961,Inf,Inf,256
Fasi_12,3,Int64,false,diagonalcheap,complexschur,0.000415146,0.001283838,0.009569930999999999,0.0041892890000000006,0.00020888,0.016127071,81,1,1.637898902006972e-260,20.0855369231876,5.576120252165664,1.331998346195134e-256,4.181948212961687e-256,2.114965922518635e-253,604.6431902391027,given,6.71305683241961,Inf,Inf,851
Fasi_12,3,Int64,false,diagonalcheap,realschur,7.7303e-5,9.3714e-5,0.0016190599999999996,0.000390132,2.5676e-5,0.002364311,13,1,0,26.83329321367382,5.991311016511135,2.220446049250313e-16,2.135475132649299e-15,1.120806295810207e-12,604.6431902391027,given,6.71305683241961,Inf,Inf,53
Fasi_12,3,Int64,false,diagonalcheap,realschur,0.000197004,0.00044277600000000003,0.0034671169999999996,0.0010234719999999999,5.3789e-5,0.005349501,37,1,5.622709178180288e-83,20.0855369231877,5.92818428261309,1.727233711018889e-77,2.629807992572678e-76,1.548354173607571e-73,604.6431902391027,given,6.71305683241961,Inf,Inf,256
Fasi_12,3,Int64,false,diagonalcheap,realschur,0.000359603,0.00096355,0.008771371000000002,0.001846556,6.6055e-5,0.012254134,81,1,1.637898902006972e-260,20.0855369231876,5.588892963773693,1.331998346195134e-256,4.340373920869706e-256,2.711701181614055e-253,604.6431902391027,given,6.71305683241961,Inf,Inf,851
Fasi_12,3,Int64,false,taylor,transfree,0.0,0.000156326,0.0007128929999999998,0.000230723,1.032e-5,0.00122965,30,1,1.110223024625157e-16,19,1,2.220446049250313e-16,1.103027297630247e-16,6.672568625453644e-14,604.6431902391027,given,6.71305683241961,Inf,Inf,53
Fasi_12,3,Int64,false,taylor,transfree,0.0,0.000447498,0.0019350039999999995,0.000639283,2.1386e-5,0.003182784,81,1,1.317774742903815e-82,19,1,1.727233711018889e-77,1.352267912418689e-77,8.768159746952091e-75,604.6431902391027,given,6.71305683241961,Inf,Inf,256
Fasi_12,3,Int64,false,taylor,transfree,0.0,0.000900815,0.006509120000000001,0.0009568549999999999,0.000198578,0.00887896,90,7,3.36775365422907e-260,1.071986503024949,1,1.331998346195134e-256,1.227408157586591e-255,7.794111968216211e-253,604.6431902391027,given,6.71305683241961,Inf,Inf,851
Fasi_12,3,Int64,false,taylor,complexschur,0.000112868,0.000652777,0.001801524,0.000698705,7.1028e-5,0.003633587,30,1,0,17.24264068711928,1,2.220446049250313e-16,2.138420150171743e-15,1.155407819252836e-12,604.6431902391027,given,6.71305683241961,Inf,Inf,53
Fasi_12,3,Int64,false,taylor,complexschur,0.000198932,0.001001994,0.0024229949999999994,0.001222199,9.365e-5,0.005259043,81,1,1.647218428629769e-83,13,1,1.727233711018889e-77,2.622174597431474e-76,1.526245582106529e-73,604.6431902391027,given,6.71305683241961,Inf,Inf,256
Fasi_12,3,Int64,false,taylor,complexschur,0.000438508,0.001185903,0.006869841999999999,0.001817041,0.001359189,0.012132919,90,7,8.412027766891355e-262,1.047991002016633,1,1.331998346195134e-256,4.142587745354169e-256,2.029718028362146e-253,604.6431902391027,given,6.71305683241961,Inf,Inf,851
Fasi_12,3,Int64,false,taylor,realschur,9.614e-5,0.00039085300000000003,0.0009485469999999998,0.000241514,2.6744e-5,0.00184295,30,1,0,17.24264068711928,1,2.220446049250313e-16,2.138420150171743e-15,1.155407819252836e-12,604.6431902391027,given,6.71305683241961,Inf,Inf,53
Fasi_12,3,Int64,false,taylor,realschur,0.00017342,0.000654949,0.0021863639999999997,0.000531828,5.6961e-5,0.003774754,81,1,1.647218428629769e-83,13,1,1.727233711018889e-77,2.622174597431474e-76,1.526245582106529e-73,604.6431902391027,given,6.71305683241961,Inf,Inf,256
Fasi_12,3,Int64,false,taylor,realschur,0.000357272,0.000776224,0.005889661000000001,0.000770809,0.000402279,0.008445124,90,7,8.412027766891355e-262,1.047991002016633,1,1.331998346195134e-256,4.340373920869706e-256,2.711701181614055e-253,604.6431902391027,given,6.71305683241961,Inf,Inf,851
Fasi_13,2,Float64,false,scaling_and_squaring,NaN,NaN,NaN,NaN,NaN,NaN,1.6998e-5,NaN,NaN,NaN,NaN,NaN,2.220446049250313e-16,7.850462293418875e-17,1.110223024625157e-16,1.381773290676036,mpmath_1024,1,1.0,1.0,53
Fasi_13,2,Float64,false,diagonalcheap,transfree,0.0,3.212e-6,0.0013795709999999998,0.000302162,5.7e-8,0.001780726,9,0,9.347119128414911e-18,1.381773290676036,1.8414709848078965,2.220446049250313e-16,0,0,1.381773290676036,mpmath_1024,1,1.0,1.0,53
Fasi_13,2,Float64,false,diagonalcheap,transfree,0.0,0.00035615200000000004,0.004112342999999999,0.000499924,5.0e-8,0.005085331,25,0,1.140646070004877e-80,1.381773290676036,1.8414709848078965,1.727233711018889e-77,5.524585260978995e-17,6.782765415233021e-17,1.381773290676036,mpmath_1024,1,1.0,1.0,256
Fasi_13,2,Float64,false,diagonalcheap,transfree,0.0,0.000870784,0.06333433500000002,0.0011772349999999998,5.2e-8,0.065530196,65,0,2.777921177065209e-260,1.381773290676036,1.8414709848078967,1.331998346195134e-256,5.524585260978995e-17,6.782765415233021e-17,1.381773290676036,mpmath_1024,1,1.0,1.0,851
Fasi_13,2,Float64,false,diagonalcheap,complexschur,8.0146e-5,0.0,0.0,0.0,0.0,0.000172377,0,0,NaN,NaN,1,2.220446049250313e-16,2.220446049250313e-16,2.220446049250313e-16,1.381773290676036,mpmath_1024,1,1.0,1.0,53
Fasi_13,2,Float64,false,diagonalcheap,complexschur,9.592e-5,0.0,0.0,0.0,0.0,0.000198863,0,0,NaN,NaN,1,1.727233711018889e-77,5.524585260978995e-17,6.782765415233021e-17,1.381773290676036,mpmath_1024,1,1.0,1.0,256
Fasi_13,2,Float64,false,diagonalcheap,complexschur,0.000111887,0.0,0.0,0.0,0.0,0.000282355,0,0,NaN,NaN,1,1.331998346195134e-256,5.524585260978995e-17,6.782765415233021e-17,1.381773290676036,mpmath_1024,1,1.0,1.0,851
Fasi_13,2,Float64,false,diagonalcheap,realschur,0.0,3.838e-6,0.0012015840000000001,0.000273942,5.4e-8,0.001570881,9,0,9.347119128414911e-18,1.381773290676036,1.8414709848078965,2.220446049250313e-16,0,0,1.381773290676036,mpmath_1024,1,1.0,1.0,53
Fasi_13,2,Float64,false,diagonalcheap,realschur,0.0,0.000315856,0.002578825,0.000519776,5.6e-8,0.003532104,25,0,1.140646070004877e-80,1.381773290676036,1.8414709848078965,1.727233711018889e-77,5.524585260978995e-17,6.782765415233021e-17,1.381773290676036,mpmath_1024,1,1.0,1.0,256
Fasi_13,2,Float64,false,diagonalcheap,realschur,0.0,0.0008397499999999999,0.009097409,0.001297582,5.9e-8,0.011424122,65,0,2.777921177065209e-260,1.381773290676036,1.8414709848078967,1.331998346195134e-256,5.524585260978995e-17,6.782765415233021e-17,1.381773290676036,mpmath_1024,1,1.0,1.0,851
Fasi_13,2,Float64,false,taylor,transfree,0.0,0.000388491,0.000633014,0.000139505,5.7e-8,0.001269924,20,0,2.775557561562891e-17,1.333333333333333,1,2.220446049250313e-16,0,0,1.381773290676036,mpmath_1024,1,1.0,1.0,53
Fasi_13,2,Float64,false,taylor,transfree,0.0,0.0009478579999999998,0.0013760809999999997,0.00033103,3.9e-8,0.002845034,64,0,3.088534553680817e-84,1.333333333333333,1,1.727233711018889e-77,5.524585260978995e-17,6.782765415233021e-17,1.381773290676036,mpmath_1024,1,1.0,1.0,256
Fasi_13,2,Float64,false,taylor,transfree,0.0,0.0010725939999999998,0.0033481069999999995,0.0005154179999999999,0.000342942,0.005462797,90,5,7.952953280205886e-278,1.030756672470462,1,1.331998346195134e-256,5.524585260978995e-17,6.782765415233021e-17,1.381773290676036,mpmath_1024,1,1.0,1.0,851
Fasi_13,2,Float64,false,taylor,complexschur,0.000132447,0.0,0.0,0.0,0.0,0.000290952,0,0,NaN,NaN,1,2.220446049250313e-16,2.220446049250313e-16,2.220446049250313e-16,1.381773290676036,mpmath_1024,1,1.0,1.0,53
Fasi_13,2,Float64,false,taylor,complexschur,0.000120174,0.0,0.0,0.0,0.0,0.00025586,0,0,NaN,NaN,1,1.727233711018889e-77,5.524585260978995e-17,6.782765415233021e-17,1.381773290676036,mpmath_1024,1,1.0,1.0,256
Fasi_13,2,Float64,false,taylor,complexschur,0.000198671,0.0,0.0,0.0,0.0,0.000403393,0,0,NaN,NaN,1,1.331998346195134e-256,5.524585260978995e-17,6.782765415233021e-17,1.381773290676036,mpmath_1024,1,1.0,1.0,851
Fasi_13,2,Float64,false,taylor,realschur,0.0,0.000308692,0.0005581619999999999,0.000131463,5.3e-8,0.00108887,20,0,2.775557561562891e-17,1.333333333333333,1,2.220446049250313e-16,0,0,1.381773290676036,mpmath_1024,1,1.0,1.0,53
Fasi_13,2,Float64,false,taylor,realschur,0.0,0.0006448229999999999,0.0011337650000000001,0.00033161000000000003,5.5e-8,0.002685956,64,0,3.088534553680817e-84,1.333333333333333,1,1.727233711018889e-77,5.524585260978995e-17,6.782765415233021e-17,1.381773290676036,mpmath_1024,1,1.0,1.0,256
Fasi_13,2,Float64,false,taylor,realschur,0.0,0.000873447,0.0033557969999999993,0.0006396800000000001,0.000345326,0.005405559,90,5,7.952953280205886e-278,1.030756672470462,1,1.331998346195134e-256,5.524585260978995e-17,6.782765415233021e-17,1.381773290676036,mpmath_1024,1,1.0,1.0,851
Fasi_14,10,Int64,true,scaling_and_squaring,NaN,NaN,NaN,NaN,NaN,NaN,3.094e-6,NaN,NaN,NaN,NaN,NaN,2.220446049250313e-16,0,0,2.718281828459045,mpmath_1024,0.9925651190069406,Inf,Inf,53
Fasi_14,10,Int64,true,diagonalcheap,transfree,1.5804e-5,0.0,0.0,0.0,0.0,0.000194136,NaN,NaN,NaN,NaN,NaN,2.220446049250313e-16,0,0,2.718281828459045,mpmath_1024,0.9925651190069406,Inf,Inf,53
Fasi_14,10,Int64,true,diagonalcheap,transfree,1.2022e-5,0.0,0.0,0.0,0.0,0.000168888,NaN,NaN,NaN,NaN,NaN,1.727233711018889e-77,5.278697242164475e-17,1.44564689172925e-16,2.718281828459045,mpmath_1024,0.9925651190069406,Inf,Inf,256
Fasi_14,10,Int64,true,diagonalcheap,transfree,1.3627e-5,0.0,0.0,0.0,0.0,0.000286332,NaN,NaN,NaN,NaN,NaN,1.331998346195134e-256,5.278697242164475e-17,1.44564689172925e-16,2.718281828459045,mpmath_1024,0.9925651190069406,Inf,Inf,851
Fasi_14,10,Int64,true,diagonalcheap,complexschur,0.0,0.0,0.0,0.0,0.0,7.5222e-5,0,0,NaN,NaN,1,2.220446049250313e-16,0,0,2.718281828459045,mpmath_1024,0.9925651190069406,Inf,Inf,53
Fasi_14,10,Int64,true,diagonalcheap,complexschur,0.0,0.0,0.0,0.0,0.0,8.4957e-5,0,0,NaN,NaN,1,1.727233711018889e-77,5.278697242164475e-17,1.44564689172925e-16,2.718281828459045,mpmath_1024,0.9925651190069406,Inf,Inf,256
Fasi_14,10,Int64,true,diagonalcheap,complexschur,0.0,0.0,0.0,0.0,0.0,0.000165942,0,0,NaN,NaN,1,1.331998346195134e-256,5.278697242164475e-17,1.44564689172925e-16,2.718281828459045,mpmath_1024,0.9925651190069406,Inf,Inf,851
Fasi_14,10,Int64,true,diagonalcheap,realschur,0.0,0.0,0.0,0.0,0.0,6.1675e-5,0,0,NaN,NaN,1,2.220446049250313e-16,0,0,2.718281828459045,mpmath_1024,0.9925651190069406,Inf,Inf,53
Fasi_14,10,Int64,true,diagonalcheap,realschur,0.0,0.0,0.0,0.0,0.0,7.2305e-5,0,0,NaN,NaN,1,1.727233711018889e-77,5.278697242164475e-17,1.44564689172925e-16,2.718281828459045,mpmath_1024,0.9925651190069406,Inf,Inf,256
Fasi_14,10,Int64,true,diagonalcheap,realschur,0.0,0.0,0.0,0.0,0.0,0.00015183,0,0,NaN,NaN,1,1.331998346195134e-256,5.278697242164475e-17,1.44564689172925e-16,2.718281828459045,mpmath_1024,0.9925651190069406,Inf,Inf,851
Fasi_14,10,Int64,true,taylor,transfree,9.875e-6,0.0,0.0,0.0,0.0,0.000179082,NaN,NaN,NaN,NaN,NaN,2.220446049250313e-16,0,0,2.718281828459045,mpmath_1024,0.9925651190069406,Inf,Inf,53
Fasi_14,10,Int64,true,taylor,transfree,1.0814e-5,0.0,0.0,0.0,0.0,0.000204532,NaN,NaN,NaN,NaN,NaN,1.727233711018889e-77,5.278697242164475e-17,1.44564689172925e-16,2.718281828459045,mpmath_1024,0.9925651190069406,Inf,Inf,256
Fasi_14,10,Int64,true,taylor,transfree,1.257e-5,0.0,0.0,0.0,0.0,0.000415522,NaN,NaN,NaN,NaN,NaN,1.331998346195134e-256,5.278697242164475e-17,1.44564689172925e-16,2.718281828459045,mpmath_1024,0.9925651190069406,Inf,Inf,851
Fasi_14,10,Int64,true,taylor,complexschur,0.0,0.0,0.0,0.0,0.0,0.000110715,0,0,NaN,NaN,1,2.220446049250313e-16,0,0,2.718281828459045,mpmath_1024,0.9925651190069406,Inf,Inf,53
Fasi_14,10,Int64,true,taylor,complexschur,0.0,0.0,0.0,0.0,0.0,0.000149729,0,0,NaN,NaN,1,1.727233711018889e-77,5.278697242164475e-17,1.44564689172925e-16,2.718281828459045,mpmath_1024,0.9925651190069406,Inf,Inf,256
Fasi_14,10,Int64,true,taylor,complexschur,0.0,0.0,0.0,0.0,0.0,0.000295031,0,0,NaN,NaN,1,1.331998346195134e-256,5.278697242164475e-17,1.44564689172925e-16,2.718281828459045,mpmath_1024,0.9925651190069406,Inf,Inf,851
Fasi_14,10,Int64,true,taylor,realschur,0.0,0.0,0.0,0.0,0.0,7.3496e-5,0,0,NaN,NaN,1,2.220446049250313e-16,0,0,2.718281828459045,mpmath_1024,0.9925651190069406,Inf,Inf,53
Fasi_14,10,Int64,true,taylor,realschur,0.0,0.0,0.0,0.0,0.0,0.000148468,0,0,NaN,NaN,1,1.727233711018889e-77,5.278697242164475e-17,1.44564689172925e-16,2.718281828459045,mpmath_1024,0.9925651190069406,Inf,Inf,256
Fasi_14,10,Int64,true,taylor,realschur,0.0,0.0,0.0,0.0,0.0,0.000278585,0,0,NaN,NaN,1,1.331998346195134e-256,5.278697242164475e-17,1.44564689172925e-16,2.718281828459045,mpmath_1024,0.9925651190069406,Inf,Inf,851
Fasi_15,3,Int64,false,scaling_and_squaring,NaN,NaN,NaN,NaN,NaN,NaN,3.3261e-5,NaN,NaN,NaN,NaN,NaN,2.220446049250313e-16,4.874886391670373e-14,2.717129833426695e+32,5.535464111892338e+45,mpmath_1024,150.3859396574688,27.30637436762227,23.815606194275084,53
Fasi_15,3,Int64,false,diagonalcheap,transfree,0.0,0.00015136200000000002,0.002549883,0.000464527,3.9133e-5,0.00338705,13,4,9.912359044537984e-16,11.46550563070099,26.483779049229256,2.220446049250313e-16,7.285303673073006e-16,3.64449547565616e+30,5.535464111892338e+45,mpmath_1024,150.3859396574688,27.30637436762227,23.815606194275084,53
Fasi_15,3,Int64,false,diagonalcheap,transfree,0.0,0.000802822,0.0049645110000000004,0.001061259,6.3891e-5,0.007159855,43,3,4.083663080488079e-76,120.442436979099,640.4881094768139,1.727233711018889e-77,5.681831550429115e-17,3.69769057131693e+29,5.535464111892338e+45,mpmath_1024,150.3859396574688,27.30637436762227,23.815606194275084,256
Fasi_15,3,Int64,false,diagonalcheap,transfree,0.0,0.001455695,0.011336827,0.0024737739999999998,0.000105603,0.01570698,91,4,2.164670987980373e-278,11.465505630701,27.680134512139816,1.331998346195134e-256,5.681831550429115e-17,3.69769057131693e+29,5.535464111892338e+45,mpmath_1024,150.3859396574688,27.30637436762227,23.815606194275084,851
Fasi_15,3,Int64,false,diagonalcheap,complexschur,0.00017369,0.00013208500000000002,0.0025320159999999993,0.0007872409999999999,0.000265488,0.131262935,13,4,6.285794410118602e-16,9.930330053170392,22.72165610987648,2.220446049250313e-16,2.365887311671652e-14,1.321525750737929e+32,5.535464111892338e+45,mpmath_1024,150.3859396574688,27.30637436762227,23.815606194275084,53
Fasi_15,3,Int64,false,diagonalcheap,complexschur,0.000303494,0.001954435,0.00547746,0.002009675,0.000166548,0.010180223,43,3,1.982842378371447e-76,98.61145496489905,523.4573719090221,1.727233711018889e-77,5.681831550429115e-17,3.69769057131693e+29,5.535464111892338e+45,mpmath_1024,150.3859396574688,27.30637436762227,23.815606194275084,256
Fasi_15,3,Int64,false,diagonalcheap,complexschur,0.000584277,0.0015147470000000005,0.011722657000000001,0.004359708,0.000370348,0.018984856,91,4,8.711769814947136e-279,9.930330053170403,23.788956871146148,1.331998346195134e-256,5.681831550429115e-17,3.69769057131693e+29,5.535464111892338e+45,mpmath_1024,150.3859396574688,27.30637436762227,23.815606194275084,851
Fasi_15,3,Int64,false,diagonalcheap,realschur,0.000156424,0.000100691,0.002119884,0.002294959,0.000114874,0.004936876,13,4,6.285794410118602e-16,9.930330053170392,22.72165610987648,2.220446049250313e-16,2.365887311671652e-14,1.321525750737929e+32,5.535464111892338e+45,mpmath_1024,150.3859396574688,27.30637436762227,23.815606194275084,53
Fasi_15,3,Int64,false,diagonalcheap,realschur,0.000261777,0.0005963410000000001,0.004709684,0.000945133,0.000184431,0.006920179,43,3,1.982842378371447e-76,98.61145496489907,523.4573719090221,1.727233711018889e-77,5.681831550429115e-17,3.69769057131693e+29,5.535464111892338e+45,mpmath_1024,150.3859396574688,27.30637436762227,23.815606194275084,256
Fasi_15,3,Int64,false,diagonalcheap,realschur,0.000509036,0.001116952,0.011531113999999995,0.002237389,0.000632582,0.016352648,91,4,8.711769814947136e-279,9.930330053170403,23.788956871146148,1.331998346195134e-256,5.681831550429115e-17,3.69769057131693e+29,5.535464111892338e+45,mpmath_1024,150.3859396574688,27.30637436762227,23.815606194275084,851
Fasi_15,3,Int64,false,taylor,transfree,0.0,0.0006741960000000001,0.0017233740000000002,0.000399735,3.1832e-5,0.003015897,56,3,1.4210854715202e-14,115.3421967431841,1,2.220446049250313e-16,5.555122429835043e-16,3.446425069370499e+30,5.535464111892338e+45,mpmath_1024,150.3859396574688,27.30637436762227,23.815606194275084,53
Fasi_15,3,Int64,false,taylor,transfree,0.0,0.000922186,0.0031445040000000007,0.000725796,5.6569e-5,0.0050452,90,4,1.647218428629769e-83,11.46255857509174,1,1.727233711018889e-77,5.681831550429115e-17,3.69769057131693e+29,5.535464111892338e+45,mpmath_1024,150.3859396574688,27.30637436762227,23.815606194275084,256
Fasi_15,3,Int64,false,taylor,transfree,0.0,0.0009170630000000001,0.007253410999999999,0.0009202500000000001,0.000292832,0.009655684,90,11,1.565111456857904e-277,1.021004222720736,1,1.331998346195134e-256,5.681831550429115e-17,3.69769057131693e+29,5.535464111892338e+45,mpmath_1024,150.3859396574688,27.30637436762227,23.815606194275084,851
Fasi_15,3,Int64,false,taylor,complexschur,0.000160344,0.00073569,0.0017587030000000001,0.000947971,0.000200959,0.004074136,56,3,1.4210854715202e-14,112.7262515498957,1,2.220446049250313e-16,2.365887311671652e-14,1.321525750737929e+32,5.535464111892338e+45,mpmath_1024,150.3859396574688,27.30637436762227,23.815606194275084,53
Fasi_15,3,Int64,false,taylor,complexschur,0.000255591,0.0010206430000000001,0.003257879,0.0013425529999999998,0.000372825,0.006573502,90,4,6.588873714519077e-83,9.930042206143166,1,1.727233711018889e-77,5.681831550429115e-17,3.69769057131693e+29,5.535464111892338e+45,mpmath_1024,150.3859396574688,27.30637436762227,23.815606194275084,256
Fasi_15,3,Int64,false,taylor,complexschur,0.000619159,0.0008489619999999999,0.006243470000000003,0.001423466,0.002153128,0.011775231,90,11,9.40595626065739e-278,1.018096111650619,1,1.331998346195134e-256,5.681831550429115e-17,3.69769057131693e+29,5.535464111892338e+45,mpmath_1024,150.3859396574688,27.30637436762227,23.815606194275084,851
Fasi_15,3,Int64,false,taylor,realschur,0.000173163,0.000612034,0.0014314249999999996,0.000389241,8.5899e-5,0.00287053,56,3,1.4210854715202e-14,112.7262515498957,1,2.220446049250313e-16,2.365887311671652e-14,1.321525750737929e+32,5.535464111892338e+45,mpmath_1024,150.3859396574688,27.30637436762227,23.815606194275084,53
Fasi_15,3,Int64,false,taylor,realschur,0.000278185,0.0007611359999999999,0.0028402960000000004,0.0005855480000000001,0.000233797,0.004898875,90,4,6.588873714519077e-83,9.930042206143166,1,1.727233711018889e-77,5.681831550429115e-17,3.69769057131693e+29,5.535464111892338e+45,mpmath_1024,150.3859396574688,27.30637436762227,23.815606194275084,256
Fasi_15,3,Int64,false,taylor,realschur,0.000483303,0.0008570290000000001,0.007575278999999999,0.000879812,0.001591868,0.011692675,90,11,9.40595626065739e-278,1.018096111650619,1,1.331998346195134e-256,5.681831550429115e-17,3.69769057131693e+29,5.535464111892338e+45,mpmath_1024,150.3859396574688,27.30637436762227,23.815606194275084,851
Fasi_16,3,Float64,false,scaling_and_squaring,NaN,NaN,NaN,NaN,NaN,NaN,3.1745e-5,NaN,NaN,NaN,NaN,NaN,2.220446049250313e-16,4.911948049338749e-16,1.243449787580175e-14,20.08553692318794,mpmath_1024,2.992591278694038,Inf,3.802951800684682e30,53
Fasi_16,3,Float64,false,diagonalcheap,transfree,0.0,5.0600000000000003e-5,0.001496874,0.00042279500000000006,5.6e-8,0.002067238,13,0,1.301059603900158e-16,20.08553692318793,5.91674831713232,2.220446049250313e-16,3.330276939765206e-16,7.105427357601002e-15,20.08553692318794,mpmath_1024,2.992591278694038,Inf,3.802951800684682e30,53
Fasi_16,3,Float64,false,diagonalcheap,transfree,0.0,0.0004947370000000001,0.0034545770000000003,0.0008731790000000001,5.4e-8,0.004937926,37,0,9.371181963633883e-84,20.08553692318795,5.735034561379446,1.727233711018889e-77,4.073376616630215e-17,8.571636994844438e-16,20.08553692318794,mpmath_1024,2.992591278694038,Inf,3.802951800684682e30,256
Fasi_16,3,Float64,false,diagonalcheap,transfree,0.0,0.0011161479999999997,0.008798952000000002,0.002285344,5.3e-8,0.012364083,81,0,1.63789890200783e-260,20.08553692318796,5.684151336320332,1.331998346195134e-256,4.073376616630215e-17,8.571636994844438e-16,20.08553692318794,mpmath_1024,2.992591278694038,Inf,3.802951800684682e30,851
Fasi_16,3,Float64,false,diagonalcheap,complexschur,0.00012717,0.000118504,0.00175365,0.000977965,5.9e-8,0.003170885,13,0,0,20.08553692318782,4.687561237849226,2.220446049250313e-16,5.835283313253204e-16,1.154631945610163e-14,20.08553692318794,mpmath_1024,2.992591278694038,Inf,3.802951800684682e30,53
Fasi_16,3,Float64,false,diagonalcheap,complexschur,0.000304609,0.000639165,0.0042542479999999995,0.0019181959999999998,1.08e-7,0.007360383,37,0,3.748472785453541e-83,20.08553692318787,4.551275921034578,1.727233711018889e-77,4.073376616630215e-17,8.571636994844438e-16,20.08553692318794,mpmath_1024,2.992591278694038,Inf,3.802951800684682e30,256
Fasi_16,3,Float64,false,diagonalcheap,complexschur,0.00040602,0.0014227609999999996,0.00938934,0.004927318,5.1e-8,0.016528127,81,0,1.6378989020077e-260,20.08553692318781,4.513113502240229,1.331998346195134e-256,4.073376616630215e-17,8.571636994844438e-16,20.08553692318794,mpmath_1024,2.992591278694038,Inf,3.802951800684682e30,851
Fasi_16,3,Float64,false,diagonalcheap,realschur,0.00013166,0.000118844,0.0016112210000000001,0.00038961,2.03e-7,0.002365949,13,0,0,20.08553692318782,4.687561237849226,2.220446049250313e-16,5.835283313253204e-16,1.154631945610163e-14,20.08553692318794,mpmath_1024,2.992591278694038,Inf,3.802951800684682e30,53
Fasi_16,3,Float64,false,diagonalcheap,realschur,0.000329992,0.0005439209999999999,0.005524813999999999,0.000815165,5.3e-8,0.007400649,37,0,3.748472785453541e-83,20.08553692318786,4.551275921034578,1.727233711018889e-77,4.073376616630215e-17,8.571636994844438e-16,20.08553692318794,mpmath_1024,2.992591278694038,Inf,3.802951800684682e30,256
Fasi_16,3,Float64,false,diagonalcheap,realschur,0.000391716,0.001065182,0.009264406999999999,0.002357534,6.6e-8,0.01328484,81,0,1.6378989020077e-260,20.08553692318781,4.513113502240229,1.331998346195134e-256,4.073376616630215e-17,8.571636994844438e-16,20.08553692318794,mpmath_1024,2.992591278694038,Inf,3.802951800684682e30,851
Fasi_16,3,Float64,false,taylor,transfree,0.0,0.00016268300000000003,0.000667458,0.000221422,4.7e-8,0.001142012,30,0,2.220446049250313e-16,13.00000000000013,1,2.220446049250313e-16,9.863429039484522e-17,1.77635683940025e-15,20.08553692318794,mpmath_1024,2.992591278694038,Inf,3.802951800684682e30,53
Fasi_16,3,Float64,false,taylor,transfree,0.0,0.000455781,0.0018667219999999995,0.000605622,4.6e-8,0.00303021,81,0,3.294436857259539e-83,13.00000000000013,1,1.727233711018889e-77,4.073376616630215e-17,8.571636994844438e-16,20.08553692318794,mpmath_1024,2.992591278694038,Inf,3.802951800684682e30,256
Fasi_16,3,Float64,false,taylor,transfree,0.0,0.0008482869999999999,0.06490924399999999,0.000683524,0.000173592,0.066828086,90,6,8.412027766893735e-262,1.047991002016633,1,1.331998346195134e-256,4.073376616630215e-17,8.571636994844438e-16,20.08553692318794,mpmath_1024,2.992591278694038,Inf,3.802951800684682e30,851
Fasi_16,3,Float64,false,taylor,complexschur,0.000142478,0.000471295,0.001246932,0.000614763,5.7e-8,0.002684464,30,0,1.110223024625157e-16,13.00000000000007,1,2.220446049250313e-16,5.835283313253204e-16,1.154631945610163e-14,20.08553692318794,mpmath_1024,2.992591278694038,Inf,3.802951800684682e30,53
Fasi_16,3,Float64,false,taylor,complexschur,0.000324588,0.000891745,0.002343119,0.001308048,5.6e-8,0.005101207,81,0,1.647218428629769e-83,13.00000000000007,1,1.727233711018889e-77,4.073376616630215e-17,8.571636994844438e-16,20.08553692318794,mpmath_1024,2.992591278694038,Inf,3.802951800684682e30,256
Fasi_16,3,Float64,false,taylor,complexschur,0.000452267,0.0010731199999999999,0.0066576100000000004,0.001694321,0.000983601,0.011221349,90,6,8.412027766893395e-262,1.047991002016633,1,1.331998346195134e-256,4.073376616630215e-17,8.571636994844438e-16,20.08553692318794,mpmath_1024,2.992591278694038,Inf,3.802951800684682e30,851
Fasi_16,3,Float64,false,taylor,realschur,9.1876e-5,0.00037395999999999995,0.000917271,0.000277433,5.0e-8,0.00177992,30,0,1.110223024625157e-16,13.00000000000007,1,2.220446049250313e-16,5.835283313253204e-16,1.154631945610163e-14,20.08553692318794,mpmath_1024,2.992591278694038,Inf,3.802951800684682e30,53
Fasi_16,3,Float64,false,taylor,realschur,0.000397125,0.0006070369999999999,0.0017681710000000002,0.00036548000000000006,3.6e-8,0.003290991,81,0,1.647218428629769e-83,13.00000000000007,1,1.727233711018889e-77,4.073376616630215e-17,8.571636994844438e-16,20.08553692318794,mpmath_1024,2.992591278694038,Inf,3.802951800684682e30,256
Fasi_16,3,Float64,false,taylor,realschur,0.00025388,0.0013651079999999999,0.006935032,0.001026792,0.000374306,0.010197657,90,6,8.412027766893395e-262,1.047991002016633,1,1.331998346195134e-256,4.073376616630215e-17,8.571636994844438e-16,20.08553692318794,mpmath_1024,2.992591278694038,Inf,3.802951800684682e30,851
Fasi_17,3,Float64,false,scaling_and_squaring,NaN,NaN,NaN,NaN,NaN,NaN,3.3054e-5,NaN,NaN,NaN,NaN,NaN,2.220446049250313e-16,1.518324342285042e-14,9.21955844257787e+29,6.071617490886706e+43,mpmath_1024,101.1213740824729,324.60439560439556,223.97701774035167,53
Fasi_17,3,Float64,false,diagonalcheap,transfree,0.0,0.00020178900000000002,0.002415127,0.00044134100000000004,4.1723e-5,0.003266668,13,4,5.042228470329442e-16,64.74920041704598,30.4916185990495,2.220446049250313e-16,4.752838427908652e-14,2.885019261554579e+30,6.071617490886706e+43,mpmath_1024,101.1213740824729,324.60439560439556,223.97701774035167,53
Fasi_17,3,Float64,false,diagonalcheap,transfree,0.0,0.000705053,0.005998458,0.0010845460000000003,4.5554e-5,0.008102083,43,3,1.891138524728353e-74,3858.800972578667,761.5759187504729,1.727233711018889e-77,4.954716829260551e-17,2.95363148001933e+27,6.071617490886706e+43,mpmath_1024,101.1213740824729,324.60439560439556,223.97701774035167,256
Fasi_17,3,Float64,false,diagonalcheap,transfree,0.0,0.0010609290000000002,0.014400676,0.00230333,0.000103712,0.018144349,91,4,3.548197746020832e-276,64.74920041704596,29.034305335318066,1.331998346195134e-256,4.954716829260551e-17,2.95363148001933e+27,6.071617490886706e+43,mpmath_1024,101.1213740824729,324.60439560439556,223.97701774035167,851
Fasi_17,3,Float64,false,diagonalcheap,complexschur,0.00024462,0.0001152,0.0022477419999999996,0.000748547,0.000233488,0.003851853,13,4,1.629894815283677e-15,59.58365623789248,25.577123546878965,2.220446049250313e-16,1.716590939948139e-14,1.043273968107754e+30,6.071617490886706e+43,mpmath_1024,101.1213740824729,324.60439560439556,223.97701774035167,53
Fasi_17,3,Float64,false,diagonalcheap,complexschur,0.000376581,0.000592,0.0047290729999999994,0.001836162,0.000257849,0.008086769,43,3,7.467804544325777e-75,3550.21209067555,611.3203808967094,1.727233711018889e-77,4.954716829260551e-17,2.95363148001933e+27,6.071617490886706e+43,mpmath_1024,101.1213740824729,324.60439560439556,223.97701774035167,256
Fasi_17,3,Float64,false,diagonalcheap,complexschur,0.000625075,0.0011942989999999998,0.012205850999999998,0.004153037,0.000698598,0.019279996,91,4,1.088780219277805e-276,59.58365623789243,24.325179488752646,1.331998346195134e-256,4.954716829260551e-17,2.95363148001933e+27,6.071617490886706e+43,mpmath_1024,101.1213740824729,324.60439560439556,223.97701774035167,851
Fasi_17,3,Float64,false,diagonalcheap,realschur,0.000277594,0.000103396,0.002063042,0.00039637200000000003,0.000110453,0.003107367,13,4,1.629894815283677e-15,59.58365623789248,25.577123546878965,2.220446049250313e-16,1.716590939948139e-14,1.043273968107754e+30,6.071617490886706e+43,mpmath_1024,101.1213740824729,324.60439560439556,223.97701774035167,53
Fasi_17,3,Float64,false,diagonalcheap,realschur,0.000371627,0.00080772,0.006071223,0.001066787,0.000164973,0.008748549,43,3,7.467804544325777e-75,3550.21209067555,611.3203808967094,1.727233711018889e-77,4.954716829260551e-17,2.95363148001933e+27,6.071617490886706e+43,mpmath_1024,101.1213740824729,324.60439560439556,223.97701774035167,256
Fasi_17,3,Float64,false,diagonalcheap,realschur,0.000640303,0.003122999000000001,0.014871406,0.0020542240000000003,0.000549203,0.021584415,91,4,1.088780219277805e-276,59.58365623789243,24.325179488752646,1.331998346195134e-256,4.954716829260551e-17,2.95363148001933e+27,6.071617490886706e+43,mpmath_1024,101.1213740824729,324.60439560439556,223.97701774035167,851
Fasi_17,3,Float64,false,taylor,transfree,0.0,0.000397845,0.0012635,0.000234045,3.9625e-5,0.002070111,30,4,1.77635683940025e-15,49.9437616768851,1,2.220446049250313e-16,9.108513886569557e-15,5.521212575212796e+29,6.071617490886706e+43,mpmath_1024,101.1213740824729,324.60439560439556,223.97701774035167,53
Fasi_17,3,Float64,false,taylor,transfree,0.0,0.001531711,0.002946017000000001,0.000717597,5.8412e-5,0.005437996,90,4,1.647218428629769e-83,49.94376167688513,1,1.727233711018889e-77,4.954716829260551e-17,2.95363148001933e+27,6.071617490886706e+43,mpmath_1024,101.1213740824729,324.60439560439556,223.97701774035167,256
Fasi_17,3,Float64,false,taylor,transfree,0.0,0.0008700970000000002,0.007136180999999998,0.000977479,0.000279837,0.009509407,90,11,1.212988924145074e-276,1.036521040787114,1,1.331998346195134e-256,4.954716829260551e-17,2.95363148001933e+27,6.071617490886706e+43,mpmath_1024,101.1213740824729,324.60439560439556,223.97701774035167,851
Fasi_17,3,Float64,false,taylor,complexschur,0.001188041,0.000444115,0.0014333380000000001,0.000695442,0.000232887,0.004238759,30,4,2.442490654175344e-15,45.95856951768356,1,2.220446049250313e-16,1.716309909508281e-14,1.043273968107754e+30,6.071617490886706e+43,mpmath_1024,101.1213740824729,324.60439560439556,223.97701774035167,53
Fasi_17,3,Float64,false,taylor,complexschur,0.000344809,0.001164265,0.002951587,0.00127782,0.000338545,0.006371733,90,4,4.941655285889308e-83,45.95856951768358,1,1.727233711018889e-77,4.954716829260551e-17,2.95363148001933e+27,6.071617490886706e+43,mpmath_1024,101.1213740824729,324.60439560439556,223.97701774035167,256
Fasi_17,3,Float64,false,taylor,complexschur,0.000599734,0.0009483720000000002,0.007301753999999999,0.0015704999999999998,0.001971168,0.012840127,90,11,5.682928789727516e-277,1.032447984630402,1,1.331998346195134e-256,4.954716829260551e-17,2.95363148001933e+27,6.071617490886706e+43,mpmath_1024,101.1213740824729,324.60439560439556,223.97701774035167,851
Fasi_17,3,Float64,false,taylor,realschur,0.000215828,0.00043778999999999997,0.0015030869999999997,0.000338277,0.000149896,0.002816408,30,4,2.442490654175344e-15,45.95856951768356,1,2.220446049250313e-16,1.716309909508281e-14,1.043273968107754e+30,6.071617490886706e+43,mpmath_1024,101.1213740824729,324.60439560439556,223.97701774035167,53
Fasi_17,3,Float64,false,taylor,realschur,0.000433158,0.0009074859999999999,0.002938615999999999,0.000722644,0.000208682,0.00550101,90,4,4.941655285889308e-83,45.95856951768358,1,1.727233711018889e-77,4.954716829260551e-17,2.95363148001933e+27,6.071617490886706e+43,mpmath_1024,101.1213740824729,324.60439560439556,223.97701774035167,256
Fasi_17,3,Float64,false,taylor,realschur,0.001948173,0.001064163,0.007212838000000002,0.000845698,0.001493526,0.012900522,90,11,5.682928789727516e-277,1.032447984630402,1,1.331998346195134e-256,4.954716829260551e-17,2.95363148001933e+27,6.071617490886706e+43,mpmath_1024,101.1213740824729,324.60439560439556,223.97701774035167,851
Fasi_18,4,Float64,false,scaling_and_squaring,NaN,NaN,NaN,NaN,NaN,NaN,3.5763e-5,NaN,NaN,NaN,NaN,NaN,2.220446049250313e-16,1.034574318449331e-15,3.197442310920451e-14,27.00117433951892,mpmath_1024,3.53542415770214,Inf,Inf,53
Fasi_18,4,Float64,false,diagonalcheap,transfree,0.0,4.588e-5,0.0013001500000000001,0.000320557,3.5e-8,0.001748065,13,0,0,27.0011743395189,9.151687882126264,2.220446049250313e-16,8.056063713827877e-16,2.042810365310288e-14,27.00117433951892,mpmath_1024,3.53542415770214,Inf,Inf,53
Fasi_18,4,Float64,false,diagonalcheap,transfree,0.0,0.00043956400000000004,0.0042163470000000005,0.001216076,5.3e-8,0.006007426,37,0,2.37945905421164e-83,27.00117433951892,8.841941635188128,1.727233711018889e-77,3.783467854406309e-17,9.828131187148956e-16,27.00117433951892,mpmath_1024,3.53542415770214,Inf,Inf,256
Fasi_18,4,Float64,false,diagonalcheap,transfree,0.0,0.001684305,0.010644459,0.003283225,6.1e-8,0.015804305,81,0,4.033248400863166e-258,27.00117433951893,8.75525248031495,1.331998346195134e-256,3.783467854406309e-17,9.828131187148956e-16,27.00117433951892,mpmath_1024,3.53542415770214,Inf,Inf,851
Fasi_18,4,Float64,false,diagonalcheap,complexschur,0.000331464,0.00013036700000000002,0.0018899199999999998,0.001343783,6.4e-8,0.004002492,13,0,3.971990881154096e-16,20.75881491555209,6.982630063714898,2.220446049250313e-16,1.542981564259146e-15,4.973799150320701e-14,27.00117433951892,mpmath_1024,3.53542415770214,Inf,Inf,53
Fasi_18,4,Float64,false,diagonalcheap,complexschur,0.000416698,0.000788275,0.004998433999999999,0.003239253,6.0e-8,0.009805622,37,0,1.906038987268975e-83,20.758814915552,6.480872671499313,1.727233711018889e-77,3.783467854406309e-17,9.828131187148956e-16,27.00117433951892,mpmath_1024,3.53542415770214,Inf,Inf,256
Fasi_18,4,Float64,false,diagonalcheap,complexschur,0.001119725,0.004648263000000001,0.010645130000000001,0.0069582409999999996,6.1e-8,0.023850366,81,0,1.005772010639329e-259,20.758814915552,6.696697839410036,1.331998346195134e-256,3.783467854406309e-17,9.828131187148956e-16,27.00117433951892,mpmath_1024,3.53542415770214,Inf,Inf,851
Fasi_18,4,Float64,false,diagonalcheap,realschur,0.000308137,0.000113413,0.0016835030000000003,0.0006255550000000001,5.0e-8,0.002884563,13,0,3.971990881154096e-16,20.7588149155521,6.982630063714898,2.220446049250313e-16,1.542981564259146e-15,4.973799150320701e-14,27.00117433951892,mpmath_1024,3.53542415770214,Inf,Inf,53
Fasi_18,4,Float64,false,diagonalcheap,realschur,0.000298283,0.0006214290000000001,0.0038506120000000002,0.0007265630000000001,4.1e-8,0.005688233,37,0,1.906038987268975e-83,20.758814915552,6.480872671499313,1.727233711018889e-77,3.783467854406309e-17,9.828131187148956e-16,27.00117433951892,mpmath_1024,3.53542415770214,Inf,Inf,256
Fasi_18,4,Float64,false,diagonalcheap,realschur,0.000625091,0.001121784,0.010891180999999998,0.0026162119999999997,5.6e-8,0.015647222,81,0,1.005772010639329e-259,20.758814915552,6.696697839410036,1.331998346195134e-256,3.783467854406309e-17,9.828131187148956e-16,27.00117433951892,mpmath_1024,3.53542415770214,Inf,Inf,851
Fasi_18,4,Float64,false,taylor,transfree,0.0,0.000221801,0.0007854639999999999,0.00038744500000000004,5.5e-8,0.001503765,30,0,2.220446049250313e-16,17.16666666666693,1,2.220446049250313e-16,9.322308500657854e-17,1.77635683940025e-15,27.00117433951892,mpmath_1024,3.53542415770214,Inf,Inf,53
Fasi_18,4,Float64,false,taylor,transfree,0.0,0.0006162140000000001,0.002201392,0.0011652219999999998,4.1e-8,0.004154092,81,0,1.153052900040838e-82,17.16666666666693,1,1.727233711018889e-77,3.783467854406309e-17,9.828131187148956e-16,27.00117433951892,mpmath_1024,3.53542415770214,Inf,Inf,256
Fasi_18,4,Float64,false,taylor,transfree,0.0,0.0012451960000000003,0.008865383000000003,0.001694044,0.000529827,0.012624974,90,6,2.75640419535353e-260,1.06400066309519,1,1.331998346195134e-256,3.783467854406309e-17,9.828131187148956e-16,27.00117433951892,mpmath_1024,3.53542415770214,Inf,Inf,851
Fasi_18,4,Float64,false,taylor,complexschur,0.000283131,0.00044317399999999996,0.0009536889999999999,0.001058689,5.5e-8,0.003037117,30,0,1.110223024625157e-16,13.28243340289705,1,2.220446049250313e-16,1.072809411049896e-15,3.641531520770513e-14,27.00117433951892,mpmath_1024,3.53542415770214,Inf,Inf,53
Fasi_18,4,Float64,false,taylor,complexschur,0.000385534,0.000922599,0.0022024889999999997,0.002183256,5.4e-8,0.00603722,81,0,2.470827642944654e-83,13.28243340289704,1,1.727233711018889e-77,3.783467854406309e-17,9.828131187148956e-16,27.00117433951892,mpmath_1024,3.53542415770214,Inf,Inf,256
Fasi_18,4,Float64,false,taylor,complexschur,0.000397911,0.000660358,0.003786404999999999,0.001705398,0.00108228,0.007987899,90,6,2.274469098984873e-261,1.048531036135448,1,1.331998346195134e-256,3.783467854406309e-17,9.828131187148956e-16,27.00117433951892,mpmath_1024,3.53542415770214,Inf,Inf,851
Fasi_18,4,Float64,false,taylor,realschur,0.00015995,0.000333565,0.0007129650000000001,0.000385598,4.7e-8,0.001731427,30,0,1.110223024625157e-16,13.28243340289705,1,2.220446049250313e-16,1.072809411049896e-15,3.641531520770513e-14,27.00117433951892,mpmath_1024,3.53542415770214,Inf,Inf,53
Fasi_18,4,Float64,false,taylor,realschur,0.000242133,0.0004978259999999999,0.001805333,0.000903553,5.5e-8,0.003629927,81,0,2.470827642944654e-83,13.28243340289704,1,1.727233711018889e-77,3.783467854406309e-17,9.828131187148956e-16,27.00117433951892,mpmath_1024,3.53542415770214,Inf,Inf,256
Fasi_18,4,Float64,false,taylor,realschur,0.000568594,0.0009663879999999999,0.006542281,0.001408903,0.00100548,0.010836838,90,6,2.274469098984873e-261,1.048531036135448,1,1.331998346195134e-256,3.783467854406309e-17,9.828131187148956e-16,27.00117433951892,mpmath_1024,3.53542415770214,Inf,Inf,851
ward77_test1,3,Int64,false,scaling_and_squaring,NaN,NaN,NaN,NaN,NaN,NaN,2.6232e-5,NaN,NaN,NaN,NaN,NaN,2.220446049250313e-16,6.012542349579195e-16,3.459153631826017e-13,531.2098790159176,given,7.496198157309751,3.3703703703703702,2.464222246704459,53
ward77_test1,3,Int64,false,diagonalcheap,transfree,0.0,3.4726e-5,0.001261564,0.00027792899999999995,6.146e-6,0.001665439,13,1,3.073338986751533e-16,25.28681954080421,3.654296676287483,2.220446049250313e-16,7.44275492812685e-16,4.031902677731559e-13,531.2098790159176,given,7.496198157309751,3.3703703703703702,2.464222246704459,53
ward77_test1,3,Int64,false,diagonalcheap,transfree,0.0,0.000208011,0.0022428769999999995,0.00046886599999999997,8.177e-6,0.003032512,37,1,5.518158444770409e-83,25.28681954080418,3.5443475747393673,1.727233711018889e-77,4.178021025221273e-17,2.352795169593361e-14,531.2098790159176,given,7.496198157309751,3.3703703703703702,2.464222246704459,256
ward77_test1,3,Int64,false,diagonalcheap,transfree,0.0,0.0007756429999999998,0.0061022260000000005,0.001061116,1.4329e-5,0.008102284,81,1,7.345740895011447e-259,25.28681954080419,3.5134526145090086,1.331998346195134e-256,4.178021025221273e-17,2.352795169593361e-14,531.2098790159176,given,7.496198157309751,3.3703703703703702,2.464222246704459,851
ward77_test1,3,Int64,false,diagonalcheap,complexschur,5.6034e-5,0.00014116600000000002,0.001694481,0.000433285,3.2266e-5,0.002508507,13,1,1.301059603900145e-16,20.08553692318761,2.1894884896094626,2.220446049250313e-16,3.312259730860768e-15,1.937531091285226e-12,531.2098790159176,given,7.496198157309751,3.3703703703703702,2.464222246704459,53
ward77_test1,3,Int64,false,diagonalcheap,complexschur,0.000133443,0.000375463,0.0025768949999999996,0.000885442,4.8009e-5,0.004192458,37,1,5.622709178180288e-83,20.0855369231877,2.141604008952554,1.727233711018889e-77,4.178021025221273e-17,2.352795169593361e-14,531.2098790159176,given,7.496198157309751,3.3703703703703702,2.464222246704459,256
ward77_test1,3,Int64,false,diagonalcheap,complexschur,0.000134729,0.0011752849999999999,0.012332287,0.003920926,0.000188573,0.018137127,81,1,1.637898902006972e-260,20.0855369231876,2.1281230528077324,1.331998346195134e-256,4.178021025221273e-17,2.352795169593361e-14,531.2098790159176,given,7.496198157309751,3.3703703703703702,2.464222246704459,851
ward77_test1,3,Int64,false,diagonalcheap,realschur,8.1506e-5,0.000107566,0.0018013570000000002,0.000425162,3.3171e-5,0.002587027,13,1,1.301059603900145e-16,20.08553692318761,2.1894884896094626,2.220446049250313e-16,3.312259730860768e-15,1.937531091285226e-12,531.2098790159176,given,7.496198157309751,3.3703703703703702,2.464222246704459,53
ward77_test1,3,Int64,false,diagonalcheap,realschur,9.8676e-5,0.00063151,0.004876948000000001,0.000861472,6.2403e-5,0.006716592,37,1,5.622709178180288e-83,20.0855369231877,2.141604008952554,1.727233711018889e-77,4.178021025221273e-17,2.352795169593361e-14,531.2098790159176,given,7.496198157309751,3.3703703703703702,2.464222246704459,256
ward77_test1,3,Int64,false,diagonalcheap,realschur,0.000122884,0.0010884660000000002,0.009151345999999998,0.001947521,0.000151668,0.012734774,81,1,1.637898902006972e-260,20.0855369231876,2.1281230528077324,1.331998346195134e-256,4.178021025221273e-17,2.352795169593361e-14,531.2098790159176,given,7.496198157309751,3.3703703703703702,2.464222246704459,851
ward77_test1,3,Int64,false,taylor,transfree,0.0,0.000178128,0.000825064,0.00024268300000000002,1.1413e-5,0.001376086,30,1,1.110223024625157e-16,15.9375,1,2.220446049250313e-16,1.445161171584236e-16,8.041027827345841e-14,531.2098790159176,given,7.496198157309751,3.3703703703703702,2.464222246704459,53
ward77_test1,3,Int64,false,taylor,transfree,0.0,0.00047825799999999996,0.0020395260000000003,0.0006057470000000001,1.285e-5,0.003270952,81,1,5.765264500204192e-83,15.9375,1,1.727233711018889e-77,4.178021025221273e-17,2.352795169593361e-14,531.2098790159176,given,7.496198157309751,3.3703703703703702,2.464222246704459,256
ward77_test1,3,Int64,false,taylor,transfree,0.0,0.0008547439999999998,0.006048975000000002,0.000807558,0.000191027,0.008103901,90,7,1.150494841058054e-260,1.056083230488058,1,1.331998346195134e-256,4.178021025221273e-17,2.352795169593361e-14,531.2098790159176,given,7.496198157309751,3.3703703703703702,2.464222246704459,851
ward77_test1,3,Int64,false,taylor,complexschur,8.7751e-5,0.000583763,0.0010763820000000003,0.000808847,4.5028e-5,0.0027959,30,1,3.33066907387547e-16,12.99999999999999,1,2.220446049250313e-16,3.348687274467204e-15,2.022796219576438e-12,531.2098790159176,given,7.496198157309751,3.3703703703703702,2.464222246704459,53
ward77_test1,3,Int64,false,taylor,complexschur,9.86e-5,0.0010999830000000001,0.003445393000000001,0.0012504060000000001,9.0123e-5,0.006869097,81,1,1.647218428629769e-83,13,1,1.727233711018889e-77,4.178021025221273e-17,2.352795169593361e-14,531.2098790159176,given,7.496198157309751,3.3703703703703702,2.464222246704459,256
ward77_test1,3,Int64,false,taylor,complexschur,0.000160997,0.001948194,0.007269095999999999,0.001742361,0.001182721,0.012735972,90,7,8.412027766891355e-262,1.047991002016633,1,1.331998346195134e-256,4.178021025221273e-17,2.352795169593361e-14,531.2098790159176,given,7.496198157309751,3.3703703703703702,2.464222246704459,851
ward77_test1,3,Int64,false,taylor,realschur,0.000161234,0.0003638939999999999,0.000843428,0.00015975899999999999,1.5818e-5,0.001687667,30,1,3.33066907387547e-16,12.99999999999999,1,2.220446049250313e-16,3.348687274467204e-15,2.022796219576438e-12,531.2098790159176,given,7.496198157309751,3.3703703703703702,2.464222246704459,53
ward77_test1,3,Int64,false,taylor,realschur,6.3068e-5,0.00044909100000000004,0.001597676,0.0014357940000000002,5.9451e-5,0.003732208,81,1,1.647218428629769e-83,13,1,1.727233711018889e-77,4.178021025221273e-17,2.352795169593361e-14,531.2098790159176,given,7.496198157309751,3.3703703703703702,2.464222246704459,256
ward77_test1,3,Int64,false,taylor,realschur,0.000132033,0.0009959370000000001,0.007062378999999999,0.123509173,0.001094793,0.13301738,90,7,8.412027766891355e-262,1.047991002016633,1,1.331998346195134e-256,4.178021025221273e-17,2.352795169593361e-14,531.2098790159176,given,7.496198157309751,3.3703703703703702,2.464222246704459,851
ward77_test2,3,Float64,true,scaling_and_squaring,NaN,NaN,NaN,NaN,NaN,NaN,5.0987e-5,NaN,NaN,NaN,NaN,NaN,2.220446049250313e-16,1.494557500234574e-15,452,3.010620249796788e+17,mpmath_1024,53.85164801584676,2.514602272494495,2.000000000000001,53
ward77_test2,3,Float64,true,diagonalcheap,transfree,0.000254277,0.0,0.0,0.0,0.0,0.000350635,NaN,NaN,NaN,NaN,NaN,2.220446049250313e-16,5.485796718737378e-15,1704,3.010620249796788e+17,mpmath_1024,53.85164801584676,2.514602272494495,2.000000000000001,53
ward77_test2,3,Float64,true,diagonalcheap,transfree,0.000430957,0.0,0.0,0.0,0.0,0.000521909,NaN,NaN,NaN,NaN,NaN,1.727233711018889e-77,4.476817049100524e-17,13.03844039504891,3.010620249796788e+17,mpmath_1024,53.85164801584676,2.514602272494495,2.000000000000001,256
ward77_test2,3,Float64,true,diagonalcheap,transfree,0.000793699,0.0,0.0,0.0,0.0,0.00092392,NaN,NaN,NaN,NaN,NaN,1.331998346195134e-256,4.476817049100524e-17,13.03844039504891,3.010620249796788e+17,mpmath_1024,53.85164801584676,2.514602272494495,2.000000000000001,851
ward77_test2,3,Float64,true,diagonalcheap,complexschur,0.000112282,9.1457e-5,0.0014598459999999999,0.000432207,0.000119595,0.002400228,13,2,1.499211605278087e-16,12.18249396070348,12.182493960703482,2.220446049250313e-16,5.186285355580609e-15,1604,3.010620249796788e+17,mpmath_1024,53.85164801584676,2.514602272494495,2.000000000000001,53
ward77_test2,3,Float64,true,diagonalcheap,complexschur,0.000283306,0.000497332,0.003245409,0.000993225,4.6822e-5,0.005288857,37,1,9.856631044319481e-77,148.4131591025778,148.41315910257774,1.727233711018889e-77,4.476817049100524e-17,13.03844039504891,3.010620249796788e+17,mpmath_1024,53.85164801584676,2.514602272494495,2.000000000000001,256
ward77_test2,3,Float64,true,diagonalcheap,complexschur,0.000390777,0.0012446019999999998,0.009804441000000002,0.004202347,0.000183787,0.016216817,91,1,2.856778381758479e-260,148.413159102575,148.41315910257495,1.331998346195134e-256,4.476817049100524e-17,13.03844039504891,3.010620249796788e+17,mpmath_1024,53.85164801584676,2.514602272494495,2.000000000000001,851
ward77_test2,3,Float64,true,diagonalcheap,realschur,0.000155697,7.0036e-5,0.0015109610000000001,0.00024599600000000006,3.7166e-5,0.002133289,13,2,1.499211605278087e-16,12.18249396070348,12.182493960703482,2.220446049250313e-16,5.186285355580609e-15,1604,3.010620249796788e+17,mpmath_1024,53.85164801584676,2.514602272494495,2.000000000000001,53
ward77_test2,3,Float64,true,diagonalcheap,realschur,0.000273955,0.000567798,0.004244127000000001,0.00087556,6.4917e-5,0.006237325,37,1,9.856631044319481e-77,148.4131591025778,148.41315910257774,1.727233711018889e-77,4.476817049100524e-17,13.03844039504891,3.010620249796788e+17,mpmath_1024,53.85164801584676,2.514602272494495,2.000000000000001,256
ward77_test2,3,Float64,true,diagonalcheap,realschur,0.000498994,0.0011914709999999997,0.01025448,0.002262277,0.000156681,0.01466801,91,1,2.856778381758479e-260,148.413159102575,148.41315910257495,1.331998346195134e-256,4.476817049100524e-17,13.03844039504891,3.010620249796788e+17,mpmath_1024,53.85164801584676,2.514602272494495,2.000000000000001,851
ward77_test2,3,Float64,true,taylor,transfree,0.000236942,0.0,0.0,0.0,0.0,0.000331934,NaN,NaN,NaN,NaN,NaN,2.220446049250313e-16,5.485796718737378e-15,1704,3.010620249796788e+17,mpmath_1024,53.85164801584676,2.514602272494495,2.000000000000001,53
ward77_test2,3,Float64,true,taylor,transfree,0.000589076,0.0,0.0,0.0,0.0,0.000703862,NaN,NaN,NaN,NaN,NaN,1.727233711018889e-77,4.476817049100524e-17,13.03844039504891,3.010620249796788e+17,mpmath_1024,53.85164801584676,2.514602272494495,2.000000000000001,256
ward77_test2,3,Float64,true,taylor,transfree,0.001455588,0.0,0.0,0.0,0.0,0.00166608,NaN,NaN,NaN,NaN,NaN,1.331998346195134e-256,4.476817049100524e-17,13.03844039504891,3.010620249796788e+17,mpmath_1024,53.85164801584676,2.514602272494495,2.000000000000001,851
ward77_test2,3,Float64,true,taylor,complexschur,0.000177329,0.000494999,0.0011611199999999999,0.0007092090000000001,6.4944e-5,0.002865802,36,1,0,39.33333333333337,1,2.220446049250313e-16,5.186285355580609e-15,1604,3.010620249796788e+17,mpmath_1024,53.85164801584676,2.514602272494495,2.000000000000001,53
ward77_test2,3,Float64,true,taylor,complexschur,0.000294707,0.001047417,0.0027003170000000003,0.001477538,9.0747e-5,0.00590432,90,1,3.158956435941597e-77,39.33333333333331,1,1.727233711018889e-77,4.476817049100524e-17,13.03844039504891,3.010620249796788e+17,mpmath_1024,53.85164801584676,2.514602272494495,2.000000000000001,256
ward77_test2,3,Float64,true,taylor,complexschur,0.000512126,0.001146489,0.007024788,0.0016617770000000001,0.001517839,0.012298343,90,8,5.240472070716204e-269,1.03983547133623,1,1.331998346195134e-256,4.476817049100524e-17,13.03844039504891,3.010620249796788e+17,mpmath_1024,53.85164801584676,2.514602272494495,2.000000000000001,851
ward77_test2,3,Float64,true,taylor,realschur,0.000162143,0.0004013469999999999,0.001043144,0.000318726,3.4524e-5,0.002121128,36,1,0,39.33333333333337,1,2.220446049250313e-16,5.186285355580609e-15,1604,3.010620249796788e+17,mpmath_1024,53.85164801584676,2.514602272494495,2.000000000000001,53
ward77_test2,3,Float64,true,taylor,realschur,0.000283939,0.00098925,0.002506137,0.000645127,5.5665e-5,0.004709381,90,1,3.158956435941597e-77,39.33333333333331,1,1.727233711018889e-77,4.476817049100524e-17,13.03844039504891,3.010620249796788e+17,mpmath_1024,53.85164801584676,2.514602272494495,2.000000000000001,256
ward77_test2,3,Float64,true,taylor,realschur,0.000485701,0.001168468,0.0075653560000000005,0.0008835309999999999,0.001091845,0.011593546,90,8,5.240472070716204e-269,1.03983547133623,1,1.331998346195134e-256,4.476817049100524e-17,13.03844039504891,3.010620249796788e+17,mpmath_1024,53.85164801584676,2.514602272494495,2.000000000000001,851
ward77_test3,3,Int64,false,scaling_and_squaring,NaN,NaN,NaN,NaN,NaN,NaN,3.2382e-5,NaN,NaN,NaN,NaN,NaN,2.220446049250313e-16,9.780436719768131e-14,1.164179863621939e-12,12.07715328479679,mpmath_1024,15278.07390210343,30463.399999998073,12610.398449560616,53
ward77_test3,3,Int64,false,diagonalcheap,transfree,0.0,9.576e-6,0.0020865460000000003,0.000341079,6.1936e-5,0.002616929,7,6,3.896784859247638e-17,11.04034629717661,48.67347737551372,2.220446049250313e-16,6.785774449015304e-14,7.87148124459236e-13,12.07715328479679,mpmath_1024,15278.07390210343,30463.399999998073,12610.398449560616,53
ward77_test3,3,Int64,false,diagonalcheap,transfree,0.0,0.000649391,0.004982645,0.0009374939999999999,4.3658e-5,0.006850423,37,3,3.04106860525293e-82,35.84897952317326,3440.3025680772503,1.727233711018889e-77,4.458071714097792e-17,4.135318217379099e-16,12.07715328479679,mpmath_1024,15278.07390210343,30463.399999998073,12610.398449560616,256
ward77_test3,3,Int64,false,diagonalcheap,transfree,0.0,0.0016426060000000002,0.011708302000000002,0.0023175469999999997,7.0459e-5,0.016053895,91,3,1.224139314049995e-279,35.84897952317267,3482.664516643189,1.331998346195134e-256,4.458071714097792e-17,4.135318217379099e-16,12.07715328479679,mpmath_1024,15278.07390210343,30463.399999998073,12610.398449560616,851
ward77_test3,3,Int64,false,diagonalcheap,complexschur,0.000226551,1.0327999999999998e-5,0.0025339219999999997,0.000606723,0.000376193,0.004010939,7,6,0,8.425726854030868,28.838379718676844,2.220446049250313e-16,6.385434530541359e-13,7.742695373735842e-12,12.07715328479679,mpmath_1024,15278.07390210343,30463.399999998073,12610.398449560616,53
ward77_test3,3,Int64,false,diagonalcheap,complexschur,0.000349207,0.000612136,0.0048822760000000005,0.001785104,0.000281784,0.008181586,37,3,2.038364891603162e-82,23.61028364579639,1437.7938418538467,1.727233711018889e-77,4.458071714097792e-17,4.135318217379099e-16,12.07715328479679,mpmath_1024,15278.07390210343,30463.399999998073,12610.398449560616,256
ward77_test3,3,Int64,false,diagonalcheap,complexschur,0.000642433,0.001336553,0.011321923,0.00438579,0.000571384,0.018645376,91,3,5.468838894177703e-280,23.61028364579639,1455.0650924288768,1.331998346195134e-256,4.458071714097792e-17,4.135318217379099e-16,12.07715328479679,mpmath_1024,15278.07390210343,30463.399999998073,12610.398449560616,851
ward77_test3,3,Int64,false,diagonalcheap,realschur,0.000206812,9.206999999999998e-6,0.0020205130000000003,0.000318622,0.000175354,0.002876438,7,6,0,8.425726854030868,28.838379718676844,2.220446049250313e-16,6.385434530541359e-13,7.742695373735842e-12,12.07715328479679,mpmath_1024,15278.07390210343,30463.399999998073,12610.398449560616,53
ward77_test3,3,Int64,false,diagonalcheap,realschur,0.000340826,0.000602694,0.004185032,0.000574723,0.00017571,0.006070752,37,3,2.038364891603162e-82,23.61028364579639,1437.7938418538467,1.727233711018889e-77,4.458071714097792e-17,4.135318217379099e-16,12.07715328479679,mpmath_1024,15278.07390210343,30463.399999998073,12610.398449560616,256
ward77_test3,3,Int64,false,diagonalcheap,realschur,0.000594526,0.001153286,0.01058402,0.002203725,0.000456348,0.015284805,91,3,5.468838894177703e-280,23.61028364579639,1455.0650924288768,1.331998346195134e-256,4.458071714097792e-17,4.135318217379099e-16,12.07715328479679,mpmath_1024,15278.07390210343,30463.399999998073,12610.398449560616,851
ward77_test3,3,Int64,false,taylor,transfree,0.0,0.00040785599999999995,0.001260928,0.00028846,3.2331e-5,0.002121402,36,3,8.881784197001252e-16,8.097900390624998,1,2.220446049250313e-16,1.226946667979535e-14,1.316724507205436e-13,12.07715328479679,mpmath_1024,15278.07390210343,30463.399999998073,12610.398449560616,53
ward77_test3,3,Int64,false,taylor,transfree,0.0,0.000853314,0.0026879359999999993,0.000700594,4.1501e-5,0.004454449,90,3,3.294436857259539e-83,8.097900390624997,1,1.727233711018889e-77,4.458071714097792e-17,4.135318217379099e-16,12.07715328479679,mpmath_1024,15278.07390210343,30463.399999998073,12610.398449560616,256
ward77_test3,3,Int64,false,taylor,transfree,0.0,0.0013942109999999998,0.007107367000000001,0.000970051,0.000277907,0.010026582,90,10,4.476075532196576e-281,1.624269795326271,1,1.331998346195134e-256,4.458071714097792e-17,4.135318217379099e-16,12.07715328479679,mpmath_1024,15278.07390210343,30463.399999998073,12610.398449560616,851
ward77_test3,3,Int64,false,taylor,complexschur,0.000228999,0.000689779,0.001444253,0.000627476,0.000216072,0.003494064,36,3,0,6.435817006600388,1,2.220446049250313e-16,6.38624437161124e-13,7.743805596760467e-12,12.07715328479679,mpmath_1024,15278.07390210343,30463.399999998073,12610.398449560616,53
ward77_test3,3,Int64,false,taylor,complexschur,0.000375667,0.0008852610000000001,0.002598681,0.001232365,0.000267366,0.005662981,81,3,2.981442294761882e-77,6.435817006601669,1,1.727233711018889e-77,4.458071714097792e-17,4.135318217379099e-16,12.07715328479679,mpmath_1024,15278.07390210343,30463.399999998073,12610.398449560616,256
ward77_test3,3,Int64,false,taylor,complexschur,0.000617655,0.0009595750000000002,0.007020629999999998,0.001686565,0.001913425,0.012555861,90,10,1.032940507429979e-281,1.541435678520147,1,1.331998346195134e-256,4.458071714097792e-17,4.135318217379099e-16,12.07715328479679,mpmath_1024,15278.07390210343,30463.399999998073,12610.398449560616,851
ward77_test3,3,Int64,false,taylor,realschur,0.000205702,0.00039376799999999996,0.001121216,0.00029483199999999997,9.1746e-5,0.002261086,36,3,0,6.435817006600388,1,2.220446049250313e-16,6.38624437161124e-13,7.743805596760467e-12,12.07715328479679,mpmath_1024,15278.07390210343,30463.399999998073,12610.398449560616,53
ward77_test3,3,Int64,false,taylor,realschur,0.000316975,0.0007667450000000002,0.002454532,0.000601978,0.000171201,0.004511299,81,3,2.981442294761882e-77,6.435817006601669,1,1.727233711018889e-77,4.458071714097792e-17,4.135318217379099e-16,12.07715328479679,mpmath_1024,15278.07390210343,30463.399999998073,12610.398449560616,256
ward77_test3,3,Int64,false,taylor,realschur,0.000652827,0.000872936,0.006979536999999998,0.000915171,0.001467553,0.011166439,90,10,1.032940507429979e-281,1.541435678520147,1,1.331998346195134e-256,4.458071714097792e-17,4.135318217379099e-16,12.07715328479679,mpmath_1024,15278.07390210343,30463.399999998073,12610.398449560616,851
ward77_test4,10,Float64,false,scaling_and_squaring,NaN,NaN,NaN,NaN,NaN,NaN,4.0714e-5,NaN,NaN,NaN,NaN,NaN,2.220446049250313e-16,5.205474512569347e-17,2.769052348528851e-16,2.718281525573192,mpmath_1024,1.691360041692454,1.0e10,1.0e10,53
ward77_test4,10,Float64,false,diagonalcheap,transfree,0.0,3.35e-6,0.001572245,0.006292955999999999,5.5e-8,0.176468673,9,0,1.152469037665662e-17,2.718281525573192,2.718281825640393,2.220446049250313e-16,1.349734462278575e-16,3.215501406168223e-16,2.718281525573192,mpmath_1024,1.691360041692454,1.0e10,1.0e10,53
ward77_test4,10,Float64,false,diagonalcheap,transfree,0.0,0.00030190800000000004,0.002338599,0.0019823239999999997,4.6e-8,0.004853023,25,0,1.392937073183684e-80,2.718281525573192,2.718281827283704,1.727233711018889e-77,1.339297689757633e-16,2.900381192075883e-16,2.718281525573192,mpmath_1024,1.691360041692454,1.0e10,1.0e10,256
ward77_test4,10,Float64,false,diagonalcheap,transfree,0.0,0.0008013499999999999,0.005823582999999999,0.208333454,4.9e-8,0.215283486,49,0,0,2.718281525573192,2.7182818274663516,1.331998346195134e-256,1.339297689757633e-16,2.900381192075883e-16,2.718281525573192,mpmath_1024,1.691360041692454,1.0e10,1.0e10,851
ward77_test4,10,Float64,false,diagonalcheap,complexschur,0.006982065,8.942999999999999e-6,0.002765664,0.007577245,2.81e-7,0.020806726,9,0,1.187553181647755e-17,2.841317783340085,2.7826693612627222,2.220446049250313e-16,1.45828230445112e-15,6.671984290649041e-15,2.718281525573192,mpmath_1024,1.691360041692454,1.0e10,1.0e10,53
ward77_test4,10,Float64,false,diagonalcheap,complexschur,0.015489633,0.001038747,0.006551497000000002,0.016695701,1.23e-7,0.043615106,25,0,1.454317336117037e-79,2.834149153996954,2.7918660193666653,1.727233711018889e-77,1.976551570043948e-17,4.202243203022064e-17,2.718281525573192,mpmath_1024,1.691360041692454,1.0e10,1.0e10,256
ward77_test4,10,Float64,false,diagonalcheap,complexschur,0.032334461,0.002462552,0.015706897999999997,0.5421223049999999,4.5e-8,0.596176151,49,0,0,2.834104846888132,2.8119561577454353,1.331998346195134e-256,1.976551570043948e-17,4.202243203022064e-17,2.718281525573192,mpmath_1024,1.691360041692454,1.0e10,1.0e10,851
ward77_test4,10,Float64,false,diagonalcheap,realschur,0.0,3.0300000000000002e-6,0.0012892920000000003,0.00126282,4.6e-8,0.003296629,9,0,1.152469037665662e-17,2.718281525573192,2.718281825640393,2.220446049250313e-16,1.349734462278575e-16,3.215501406168223e-16,2.718281525573192,mpmath_1024,1.691360041692454,1.0e10,1.0e10,53
ward77_test4,10,Float64,false,diagonalcheap,realschur,0.0,0.000347807,0.0034065059999999997,0.002189391,3.9e-8,0.006252511,25,0,1.392937073183684e-80,2.718281525573192,2.718281827283704,1.727233711018889e-77,1.339297689757633e-16,2.900381192075883e-16,2.718281525573192,mpmath_1024,1.691360041692454,1.0e10,1.0e10,256
ward77_test4,10,Float64,false,diagonalcheap,realschur,0.0,0.000966031,0.005064914000000001,0.004301486,5.9e-8,0.010744388,49,0,0,2.718281525573192,2.7182818274663516,1.331998346195134e-256,1.339297689757633e-16,2.900381192075883e-16,2.718281525573192,mpmath_1024,1.691360041692454,1.0e10,1.0e10,851
ward77_test4,10,Float64,false,taylor,transfree,0.0,0.00027240000000000006,0.0007034099999999998,0.001005453,5.9e-8,0.002265163,20,0,2.775557561562891e-17,2.666666666666667,1,2.220446049250313e-16,1.338137120947382e-16,2.7560368542596e-16,2.718281525573192,mpmath_1024,1.691360041692454,1.0e10,1.0e10,53
ward77_test4,10,Float64,false,taylor,transfree,0.0,0.001998439,0.0011589599999999997,0.004224250000000001,1.12e-7,0.00775678,56,0,2.51077176327856e-77,2.666666666666667,1,1.727233711018889e-77,1.339297689757633e-16,2.900381192075883e-16,2.718281525573192,mpmath_1024,1.691360041692454,1.0e10,1.0e10,256
ward77_test4,10,Float64,false,taylor,transfree,0.0,0.002060272,0.004606847999999999,0.008031799000000001,0.00153029,0.016858244,90,2,2.261795397769178e-278,1.284025416687473,1,1.331998346195134e-256,1.339291477611616e-16,2.898535971141872e-16,2.718281525573192,mpmath_1024,1.691360041692454,1.0e10,1.0e10,851
ward77_test4,10,Float64,false,taylor,complexschur,0.012108459,0.0008342380000000002,0.0017971470000000005,0.008066043,1.07e-7,0.025792201,20,0,4.163336342344337e-17,2.793063606816895,1,2.220446049250313e-16,1.439886887856151e-15,6.821717072809727e-15,2.718281525573192,mpmath_1024,1.691360041692454,1.0e10,1.0e10,53
ward77_test4,10,Float64,false,taylor,complexschur,0.021829071,0.0028274420000000003,0.003590568,0.020644673,1.09e-7,0.052920311,64,0,0,2.793095381648726,1,1.727233711018889e-77,1.976551570043948e-17,4.202243203022064e-17,2.718281525573192,mpmath_1024,1.691360041692454,1.0e10,1.0e10,256
ward77_test4,10,Float64,false,taylor,complexschur,0.033025806,0.003739085,0.008803162000000003,0.05549420099999999,0.002353911,0.107994745,90,2,1.021922475350726e-277,1.308805105282819,1,1.331998346195134e-256,1.976551570043948e-17,4.202243203022064e-17,2.718281525573192,mpmath_1024,1.691360041692454,1.0e10,1.0e10,851
ward77_test4,10,Float64,false,taylor,realschur,0.0,0.000235884,0.0005573730000000001,0.0009322190000000001,5.5e-8,0.00203482,20,0,2.775557561562891e-17,2.666666666666667,1,2.220446049250313e-16,1.338137120947382e-16,2.7560368542596e-16,2.718281525573192,mpmath_1024,1.691360041692454,1.0e10,1.0e10,53
ward77_test4,10,Float64,false,taylor,realschur,0.0,0.0006951740000000001,0.0011334610000000003,0.003949346,1.11e-7,0.006133884,56,0,2.51077176327856e-77,2.666666666666667,1,1.727233711018889e-77,1.339297689757633e-16,2.900381192075883e-16,2.718281525573192,mpmath_1024,1.691360041692454,1.0e10,1.0e10,256
ward77_test4,10,Float64,false,taylor,realschur,0.0,0.0011499190000000001,0.0026627709999999995,0.005684193,0.001611695,0.011502378,90,2,2.261795397769178e-278,1.284025416687473,1,1.331998346195134e-256,1.339291477611616e-16,2.898535971141872e-16,2.718281525573192,mpmath_1024,1.691360041692454,1.0e10,1.0e10,851
naha95_p370,3,Float64,false,scaling_and_squaring,NaN,NaN,NaN,NaN,NaN,NaN,1.754e-5,NaN,NaN,NaN,NaN,NaN,2.220446049250313e-16,2.957522731072156e-08,4.754108417819598e+38,1.60749405080608e+46,mpmath_1024,17531771.94471745,3.751085628275615e10,1.8792731584784126e10,53
naha95_p370,3,Float64,false,diagonalcheap,transfree,0.0,1.1613e-5,0.0033284979999999996,0.000298127,0.000122054,0.003946197,5,12,0,15.65723382525483,52.27462295414344,2.220446049250313e-16,8.872540413131653e-09,1.426353629078321e+38,1.60749405080608e+46,mpmath_1024,17531771.94471745,3.751085628275615e10,1.8792731584784126e10,53
naha95_p370,3,Float64,false,diagonalcheap,transfree,0.0,0.000458968,0.004530975,0.0008327780000000001,8.5829e-5,0.00611112,31,6,1.262064594507965e-79,1333.365900751784,230453.67710910802,1.727233711018889e-77,1.427141962468779e-17,2.047941067216347e+29,1.60749405080608e+46,mpmath_1024,17531771.94471745,3.751085628275615e10,1.8792731584784126e10,256
naha95_p370,3,Float64,false,diagonalcheap,transfree,0.0,0.0009651969999999999,0.009370048,0.002053101,0.000154552,0.012835922,73,6,2.593762823170303e-260,1333.3659007867,229869.4309954579,1.331998346195134e-256,1.427141962468779e-17,2.047941067216347e+29,1.60749405080608e+46,mpmath_1024,17531771.94471745,3.751085628275615e10,1.8792731584784126e10,851
naha95_p370,3,Float64,false,diagonalcheap,complexschur,0.0002359,9.64e-6,0.0029457229999999995,0.000496228,0.000813183,0.004759831,5,12,3.802080013317275e-17,9.97478188456515,29.969572239859325,2.220446049250313e-16,5.946771546780903e-10,9.559559169543615e+36,1.60749405080608e+46,mpmath_1024,17531771.94471745,3.751085628275615e10,1.8792731584784126e10,53
naha95_p370,3,Float64,false,diagonalcheap,complexschur,0.000376645,0.000513061,0.005141361,0.0015545849999999998,0.000556708,0.008471377,31,6,1.036170271681372e-81,816.8380456557592,87239.60180113581,1.727233711018889e-77,1.427141962468779e-17,2.047941067216347e+29,1.60749405080608e+46,mpmath_1024,17531771.94471745,3.751085628275615e10,1.8792731584784126e10,256
naha95_p370,3,Float64,false,diagonalcheap,complexschur,0.000759383,0.00079888,0.009190826,0.0018615939999999998,0.000529575,0.013487783,73,6,3.775378764095691e-263,816.8380456557594,87019.26207658448,1.331998346195134e-256,1.427141962468779e-17,2.047941067216347e+29,1.60749405080608e+46,mpmath_1024,17531771.94471745,3.751085628275615e10,1.8792731584784126e10,851
naha95_p370,3,Float64,false,diagonalcheap,realschur,0.000126644,6.608999999999999e-6,0.0016028750000000003,0.000176458,0.000245188,0.002278204,5,12,3.802080013317275e-17,9.974781884565152,29.969572239859325,2.220446049250313e-16,5.946771546780903e-10,9.559559169543615e+36,1.60749405080608e+46,mpmath_1024,17531771.94471745,3.751085628275615e10,1.8792731584784126e10,53
naha95_p370,3,Float64,false,diagonalcheap,realschur,0.00037313,0.00044785500000000004,0.007285046000000001,0.0007532,0.000357032,0.00947896,31,6,1.036170271681372e-81,816.8380456557592,87239.60180113581,1.727233711018889e-77,1.427141962468779e-17,2.047941067216347e+29,1.60749405080608e+46,mpmath_1024,17531771.94471745,3.751085628275615e10,1.8792731584784126e10,256
naha95_p370,3,Float64,false,diagonalcheap,realschur,0.000642962,0.000950763,0.011133391999999997,0.0019030429999999999,0.000905048,0.015898292,73,6,3.775378764095691e-263,816.8380456557594,87019.26207658448,1.331998346195134e-256,1.427141962468779e-17,2.047941067216347e+29,1.60749405080608e+46,mpmath_1024,17531771.94471745,3.751085628275615e10,1.8792731584784126e10,851
naha95_p370,3,Float64,false,taylor,transfree,0.0,0.000404346,0.0015138690000000002,0.000491399,5.1211e-5,0.002622114,36,5,1.06581410364015e-14,4453.74589269731,1,2.220446049250313e-16,2.052891776574696e-08,3.300980499560242e+38,1.60749405080608e+46,mpmath_1024,17531771.94471745,3.751085628275615e10,1.8792731584784126e10,53
naha95_p370,3,Float64,false,taylor,transfree,0.0,0.0018421590000000003,0.0032295839999999998,0.00068455,7.2757e-5,0.006023299,90,5,6.588873714519077e-83,4453.745892693323,1,1.727233711018889e-77,1.427141962468779e-17,2.047941067216347e+29,1.60749405080608e+46,mpmath_1024,17531771.94471745,3.751085628275615e10,1.8792731584784126e10,256
naha95_p370,3,Float64,false,taylor,transfree,0.0,0.0010474989999999997,0.009138927999999996,0.0009893060000000001,0.000331028,0.01180581,90,12,1.531506459016182e-278,15.65723382525484,1,1.331998346195134e-256,1.427141962468779e-17,2.047941067216347e+29,1.60749405080608e+46,mpmath_1024,17531771.94471745,3.751085628275615e10,1.8792731584784126e10,851
naha95_p370,3,Float64,false,taylor,complexschur,0.000238938,0.0004969940000000001,0.002049473,0.000700537,0.000341788,0.004118585,36,5,8.881784197001252e-16,2767.273984673802,1,2.220446049250313e-16,5.946771546780903e-10,9.559559169543615e+36,1.60749405080608e+46,mpmath_1024,17531771.94471745,3.751085628275615e10,1.8792731584784126e10,53
naha95_p370,3,Float64,false,taylor,complexschur,0.000382333,0.0009645390000000002,0.0031112920000000007,0.0014558050000000001,0.000470135,0.006713154,81,5,4.691058996450483e-74,2727.618085575071,1,1.727233711018889e-77,1.427141962468779e-17,2.047941067216347e+29,1.60749405080608e+46,mpmath_1024,17531771.94471745,3.751085628275615e10,1.8792731584784126e10,256
naha95_p370,3,Float64,false,taylor,complexschur,0.000635296,0.0010060290000000003,0.005580154000000001,0.00155123,0.002074553,0.011278937,90,12,1.755998862630964e-280,9.974781885730927,1,1.331998346195134e-256,1.427141962468779e-17,2.047941067216347e+29,1.60749405080608e+46,mpmath_1024,17531771.94471745,3.751085628275615e10,1.8792731584784126e10,851
naha95_p370,3,Float64,false,taylor,realschur,0.000206742,0.0006329969999999998,0.02705184600000001,0.000324535,0.000165425,0.028605111,36,5,8.881784197001252e-16,2767.273984673802,1,2.220446049250313e-16,5.946771546780903e-10,9.559559169543615e+36,1.60749405080608e+46,mpmath_1024,17531771.94471745,3.751085628275615e10,1.8792731584784126e10,53
naha95_p370,3,Float64,false,taylor,realschur,0.000447568,0.00077301,0.0030549030000000007,0.000619881,0.000305365,0.005420256,81,5,4.691058996450483e-74,2727.618085575071,1,1.727233711018889e-77,1.427141962468779e-17,2.047941067216347e+29,1.60749405080608e+46,mpmath_1024,17531771.94471745,3.751085628275615e10,1.8792731584784126e10,256
naha95_p370,3,Float64,false,taylor,realschur,0.000644923,0.0019325590000000001,0.008466277999999999,0.0009342630000000001,0.001919264,0.014278337,90,12,1.755998862630964e-280,9.974781885730927,1,1.331998346195134e-256,1.427141962468779e-17,2.047941067216347e+29,1.60749405080608e+46,mpmath_1024,17531771.94471745,3.751085628275615e10,1.8792731584784126e10,851
kela98_ex2,2,Float64,false,scaling_and_squaring,NaN,NaN,NaN,NaN,NaN,NaN,1.7117e-5,NaN,NaN,NaN,NaN,NaN,2.220446049250313e-16,2.072142529715632e-11,2.290073952020508e-05,1105172.023246566,given,166666666669.5016,1.00000020000001e14,1.0000000000000198e14,53
kela98_ex2,2,Float64,false,diagonalcheap,transfree,0.0,1.115e-5,0.002933831,0.000203043,0.000230994,0.003488235,3,16,0,16.2588138714622,74.4664700678436,2.220446049250313e-16,3.603878138395295e-17,3.982909460354305e-11,1105172.023246566,given,166666666669.5016,1.00000020000001e14,1.0000000000000198e14,53
kela98_ex2,2,Float64,false,diagonalcheap,transfree,0.0,0.000127798,0.0036389760000000004,0.000422374,0.000148528,0.004484602,17,4,2.338470394697149e-77,62892.85451980713,9.768099706930743e8,1.727233711018889e-77,9.517152496566834e-78,1.051808657019633e-71,1105172.023246566,given,166666666669.5016,1.00000020000001e14,1.0000000000000198e14,256
kela98_ex2,2,Float64,false,diagonalcheap,transfree,0.0,0.00159643,0.006880612000000001,0.000931406,0.000295277,0.009911111,49,3,2.16562586460019e-277,126573.3190210309,3.9068784080011773e9,1.331998346195134e-256,9.223839657672375e-258,1.019392744800203e-251,1105172.023246566,given,166666666669.5016,1.00000020000001e14,1.0000000000000198e14,851
kela98_ex2,2,Float64,false,diagonalcheap,complexschur,0.0,1.1832e-5,0.002888815,0.000215559,0.000243897,0.003803897,3,16,0,16.2588138714622,74.4664700678436,2.220446049250313e-16,3.603878138395295e-17,3.982909460354305e-11,1105172.023246566,given,166666666669.5016,1.00000020000001e14,1.0000000000000198e14,53
kela98_ex2,2,Float64,false,diagonalcheap,complexschur,0.0,0.00012899399999999998,0.004868522999999999,0.0022472029999999997,0.00013883,0.007559058,17,4,2.338470394697149e-77,62892.85451980713,9.768099706930743e8,1.727233711018889e-77,9.517152496566834e-78,1.051808657019633e-71,1105172.023246566,given,166666666669.5016,1.00000020000001e14,1.0000000000000198e14,256
kela98_ex2,2,Float64,false,diagonalcheap,complexschur,0.0,0.00072276,0.008048355,0.0009168940000000001,0.000257826,0.010195742,49,3,2.16562586460019e-277,126573.3190210309,3.9068784080011773e9,1.331998346195134e-256,9.223839657672375e-258,1.019392744800203e-251,1105172.023246566,given,166666666669.5016,1.00000020000001e14,1.0000000000000198e14,851
kela98_ex2,2,Float64,false,diagonalcheap,realschur,0.0,1.3488999999999999e-5,0.002982907000000001,0.000185592,0.000239484,0.003561988,3,16,0,16.2588138714622,74.4664700678436,2.220446049250313e-16,3.603878138395295e-17,3.982909460354305e-11,1105172.023246566,given,166666666669.5016,1.00000020000001e14,1.0000000000000198e14,53
kela98_ex2,2,Float64,false,diagonalcheap,realschur,0.0,0.000134447,0.003127267,0.000567863,0.000131266,0.004128014,17,4,2.338470394697149e-77,62892.85451980713,9.768099706930743e8,1.727233711018889e-77,9.517152496566834e-78,1.051808657019633e-71,1105172.023246566,given,166666666669.5016,1.00000020000001e14,1.0000000000000198e14,256
kela98_ex2,2,Float64,false,diagonalcheap,realschur,0.0,0.002340438,0.005970896,0.0009101110000000001,0.000289597,0.009731264,49,3,2.16562586460019e-277,126573.3190210309,3.9068784080011773e9,1.331998346195134e-256,9.223839657672375e-258,1.019392744800203e-251,1105172.023246566,given,166666666669.5016,1.00000020000001e14,1.0000000000000198e14,851
kela98_ex2,2,Float64,false,taylor,transfree,0.0,9.700000000000001e-5,0.0006222929999999999,0.00012618000000000002,1.7155e-5,0.000963685,20,1,2.164934898019055e-15,525636.4679377604,1,2.220446049250313e-16,3.603878138395295e-17,3.982909460354305e-11,1105172.023246566,given,166666666669.5016,1.00000020000001e14,1.0000000000000198e14,53
kela98_ex2,2,Float64,false,taylor,transfree,0.0,0.00024120300000000003,0.0012592100000000004,0.00022924399999999998,3.8491e-5,0.001877871,49,1,3.217344115825659e-74,525636.4679377604,1,1.727233711018889e-77,9.517152496566834e-78,1.051808657019633e-71,1105172.023246566,given,166666666669.5016,1.00000020000001e14,1.0000000000000198e14,256
kela98_ex2,2,Float64,false,taylor,transfree,0.0,0.0009926540000000001,0.007853389,0.000483222,0.000370702,0.009889959,90,4,1.242483500695232e-268,62892.85451980713,1,1.331998346195134e-256,9.223839657672375e-258,1.019392744800203e-251,1105172.023246566,given,166666666669.5016,1.00000020000001e14,1.0000000000000198e14,851
kela98_ex2,2,Float64,false,taylor,complexschur,0.0,9.677399999999999e-5,0.0006146039999999999,0.000117145,1.7398e-5,0.000971126,20,1,2.164934898019055e-15,525636.4679377604,1,2.220446049250313e-16,3.603878138395295e-17,3.982909460354305e-11,1105172.023246566,given,166666666669.5016,1.00000020000001e14,1.0000000000000198e14,53
kela98_ex2,2,Float64,false,taylor,complexschur,0.0,0.000242641,0.0012996540000000001,0.000228428,3.8865e-5,0.001944108,49,1,3.217344115825659e-74,525636.4679377604,1,1.727233711018889e-77,9.517152496566834e-78,1.051808657019633e-71,1105172.023246566,given,166666666669.5016,1.00000020000001e14,1.0000000000000198e14,256
kela98_ex2,2,Float64,false,taylor,complexschur,0.0,0.0014549010000000002,0.0075841510000000025,0.000498486,0.000370351,0.010126777,90,4,1.242483500695232e-268,62892.85451980713,1,1.331998346195134e-256,9.223839657672375e-258,1.019392744800203e-251,1105172.023246566,given,166666666669.5016,1.00000020000001e14,1.0000000000000198e14,851
kela98_ex2,2,Float64,false,taylor,realschur,0.0,9.75e-5,0.000605894,0.000125696,1.7981e-5,0.000967155,20,1,2.164934898019055e-15,525636.4679377604,1,2.220446049250313e-16,3.603878138395295e-17,3.982909460354305e-11,1105172.023246566,given,166666666669.5016,1.00000020000001e14,1.0000000000000198e14,53
kela98_ex2,2,Float64,false,taylor,realschur,0.0,0.00022107599999999998,0.0012320990000000004,0.00023160799999999998,3.7676e-5,0.001992732,49,1,3.217344115825659e-74,525636.4679377604,1,1.727233711018889e-77,9.517152496566834e-78,1.051808657019633e-71,1105172.023246566,given,166666666669.5016,1.00000020000001e14,1.0000000000000198e14,256
kela98_ex2,2,Float64,false,taylor,realschur,0.0,0.000670985,0.0049720369999999995,0.000309468,0.000175157,0.006316576,90,4,1.242483500695232e-268,62892.85451980713,1,1.331998346195134e-256,9.223839657672375e-258,1.019392744800203e-251,1105172.023246566,given,166666666669.5016,1.00000020000001e14,1.0000000000000198e14,851
kela98_p655,5,Float64,false,scaling_and_squaring,NaN,NaN,NaN,NaN,NaN,NaN,4.8414e-5,NaN,NaN,NaN,NaN,NaN,2.220446049250313e-16,1.520189385737202e-09,1.862645149230957e-09,1,mpmath_1024,55735818.84366851,Inf,Inf,53
kela98_p655,5,Float64,false,diagonalcheap,transfree,0.0,0.000569696,0.008006894,0.00267368,0.00144532,0.01295389,31,22,6.054033703667876e-16,4.711008528077028,56.21346380138703,2.220446049250313e-16,1.872223164558569e-16,2.220446049250313e-16,1,mpmath_1024,55735818.84366851,Inf,Inf,53
kela98_p655,5,Float64,false,diagonalcheap,transfree,0.0,0.000706334,0.011162037999999999,0.002554407,0.002585973,0.017344931,43,22,3.587916100975019e-82,4.711008528077028,56.96994989717099,1.727233711018889e-77,2.262364893255004e-17,4.20534917652815e-17,1,mpmath_1024,55735818.84366851,Inf,Inf,256
kela98_p655,5,Float64,false,diagonalcheap,transfree,0.0,0.001308768,0.018895083999999993,0.004582405,0.006504098,0.03170153,91,22,1.46558541351328e-257,4.711008528077031,58.00586873240444,1.331998346195134e-256,2.262364893255004e-17,4.20534917652815e-17,1,mpmath_1024,55735818.84366851,Inf,Inf,851
kela98_p655,5,Float64,false,diagonalcheap,complexschur,0.0,0.002101399,0.008236416,0.001364421,0.001451696,0.013465428,31,22,6.054033703667876e-16,4.711008528077028,56.21346380138703,2.220446049250313e-16,1.872223164558569e-16,2.220446049250313e-16,1,mpmath_1024,55735818.84366851,Inf,Inf,53
kela98_p655,5,Float64,false,diagonalcheap,complexschur,0.0,0.000733227,0.010147421999999996,0.001859214,0.002331925,0.015477153,43,22,3.587916100975019e-82,4.711008528077028,56.96994989717099,1.727233711018889e-77,2.262364893255004e-17,4.20534917652815e-17,1,mpmath_1024,55735818.84366851,Inf,Inf,256
kela98_p655,5,Float64,false,diagonalcheap,complexschur,0.0,0.001169275,0.017563807000000004,0.004714187,0.006060891,0.030294562,91,22,1.46558541351328e-257,4.711008528077031,58.00586873240444,1.331998346195134e-256,2.262364893255004e-17,4.20534917652815e-17,1,mpmath_1024,55735818.84366851,Inf,Inf,851
kela98_p655,5,Float64,false,diagonalcheap,realschur,0.0,0.00056494,0.007807963000000001,0.00145839,0.001638582,0.011747531,31,22,6.054033703667876e-16,4.711008528077028,56.21346380138703,2.220446049250313e-16,1.872223164558569e-16,2.220446049250313e-16,1,mpmath_1024,55735818.84366851,Inf,Inf,53
kela98_p655,5,Float64,false,diagonalcheap,realschur,0.0,0.000657545,0.010104189000000001,0.002050045,0.00259768,0.015759209,43,22,3.587916100975019e-82,4.711008528077028,56.96994989717099,1.727233711018889e-77,2.262364893255004e-17,4.20534917652815e-17,1,mpmath_1024,55735818.84366851,Inf,Inf,256
kela98_p655,5,Float64,false,diagonalcheap,realschur,0.0,0.001561419,0.020698453999999998,0.004696668,0.006780439,0.034185778,91,22,1.46558541351328e-257,4.711008528077031,58.00586873240444,1.331998346195134e-256,2.262364893255004e-17,4.20534917652815e-17,1,mpmath_1024,55735818.84366851,Inf,Inf,851
kela98_p655,5,Float64,false,taylor,transfree,0.0,0.0007328180000000003,0.023224083000000003,0.0010295600000000003,0.001456066,0.026342104,30,23,1.110223024625157e-16,2.17048577996763,1,2.220446049250313e-16,1.012876126454174e-16,2.220988150336556e-16,1,mpmath_1024,55735818.84366851,Inf,Inf,53
kela98_p655,5,Float64,false,taylor,transfree,0.0,0.001033005,0.011772147000000002,0.001003472,0.002904922,0.016383699,42,27,0,1.049626553750315,1,1.727233711018889e-77,2.262364893255004e-17,4.20534917652815e-17,1,mpmath_1024,55735818.84366851,Inf,Inf,256
kela98_p655,5,Float64,false,taylor,transfree,0.0,0.0009405749999999999,0.018709307999999994,0.001232371,0.004095057,0.024889813,81,30,9.903229158891207e-261,1.00607266907169,1,1.331998346195134e-256,2.262364893255004e-17,4.20534917652815e-17,1,mpmath_1024,55735818.84366851,Inf,Inf,851
kela98_p655,5,Float64,false,taylor,complexschur,0.0,0.0007321599999999999,0.008498516000000001,0.0007037349999999999,0.001600116,0.011537698,30,23,1.110223024625157e-16,2.17048577996763,1,2.220446049250313e-16,1.012876126454174e-16,2.220988150336556e-16,1,mpmath_1024,55735818.84366851,Inf,Inf,53
kela98_p655,5,Float64,false,taylor,complexschur,0.0,0.0008924279999999998,0.011859021999999999,0.001084652,0.003119386,0.016848168,42,27,0,1.049626553750315,1,1.727233711018889e-77,2.262364893255004e-17,4.20534917652815e-17,1,mpmath_1024,55735818.84366851,Inf,Inf,256
kela98_p655,5,Float64,false,taylor,complexschur,0.0,0.000883906,0.07027579999999997,0.0015121569999999999,0.004255234,0.076897671,81,30,9.903229158891207e-261,1.00607266907169,1,1.331998346195134e-256,2.262364893255004e-17,4.20534917652815e-17,1,mpmath_1024,55735818.84366851,Inf,Inf,851
kela98_p655,5,Float64,false,taylor,realschur,0.0,0.002455209,0.007603010999999997,0.000980253,0.001909097,0.012857606,30,23,1.110223024625157e-16,2.17048577996763,1,2.220446049250313e-16,1.012876126454174e-16,2.220988150336556e-16,1,mpmath_1024,55735818.84366851,Inf,Inf,53
kela98_p655,5,Float64,false,taylor,realschur,0.0,0.0009906610000000003,0.012635626,0.001074715,0.003216267,0.017819721,42,27,0,1.049626553750315,1,1.727233711018889e-77,2.262364893255004e-17,4.20534917652815e-17,1,mpmath_1024,55735818.84366851,Inf,Inf,256
kela98_p655,5,Float64,false,taylor,realschur,0.0,0.0007717779999999999,0.020552172,0.001596742,0.004178816,0.027074156,81,30,9.903229158891207e-261,1.00607266907169,1,1.331998346195134e-256,2.262364893255004e-17,4.20534917652815e-17,1,mpmath_1024,55735818.84366851,Inf,Inf,851
dipa00_ex3.10,8,Float64,false,scaling_and_squaring,NaN,NaN,NaN,NaN,NaN,NaN,4.005e-5,NaN,NaN,NaN,NaN,NaN,2.220446049250313e-16,1.629068414681562e-16,1.16415599382691e-10,535960.8744589885,mpmath_1024,40538365881.25993,Inf,Inf,53
dipa00_ex3.10,8,Float64,false,diagonalcheap,transfree,0.0,9.862999999999999e-6,0.0035595579999999996,0.00077573,0.001733065,0.006399694,3,15,5.987848751919845e-17,16.2587989816152,74.46657836051844,2.220446049250313e-16,1.510898971674745e-12,9.767250654102444e-07,535960.8744589885,mpmath_1024,40538365881.25993,Inf,Inf,53
dipa00_ex3.10,8,Float64,false,diagonalcheap,transfree,0.0,0.000277892,0.003428305,0.0023394670000000005,0.00073295,0.007150427,17,5,8.044244289786955e-81,15627.08454902508,6.105300034879396e7,1.727233711018889e-77,5.771053847164007e-17,3.093057896572218e-11,535960.8744589885,mpmath_1024,40538365881.25993,Inf,Inf,256
dipa00_ex3.10,8,Float64,false,diagonalcheap,transfree,0.0,0.0008739790000000001,0.010147542,0.005704341999999999,0.000911928,0.018147141,49,4,2.690313828469477e-277,31259.6163992865,2.4420593501195696e8,1.331998346195134e-256,5.771053847164007e-17,3.093057896572218e-11,535960.8744589885,mpmath_1024,40538365881.25993,Inf,Inf,851
dipa00_ex3.10,8,Float64,false,diagonalcheap,complexschur,0.000407572,9.977e-6,0.003907239,0.001835649,0.007532982,0.015109544,3,15,5.987838428767232e-17,16.25876922727164,74.46644997887677,2.220446049250313e-16,9.405430877553855e-17,8.731161627029138e-11,535960.8744589885,mpmath_1024,40538365881.25993,Inf,Inf,53
dipa00_ex3.10,8,Float64,false,diagonalcheap,complexschur,0.000727572,0.000388885,0.0044333,0.006774142,0.003105575,0.016983474,17,5,8.04422868758771e-81,15627.0543876387,6.105288193355921e7,1.727233711018889e-77,5.771053847164007e-17,3.093057896572218e-11,535960.8744589885,mpmath_1024,40538365881.25993,Inf,Inf,256
dipa00_ex3.10,8,Float64,false,diagonalcheap,complexschur,0.001382727,0.0013056740000000002,0.012169476,0.017683924,0.032125489,0.066528256,49,4,2.690308636521354e-277,31259.55668298656,2.4420546372695956e8,1.331998346195134e-256,5.771053847164007e-17,3.093057896572218e-11,535960.8744589885,mpmath_1024,40538365881.25993,Inf,Inf,851
dipa00_ex3.10,8,Float64,false,diagonalcheap,realschur,0.000402649,9.742000000000001e-6,0.003558385000000001,0.000600068,0.002088713,0.007167247,3,15,5.987838428767232e-17,16.25876922727164,74.46644997887677,2.220446049250313e-16,9.405430877553855e-17,8.731161627029138e-11,535960.8744589885,mpmath_1024,40538365881.25993,Inf,Inf,53
dipa00_ex3.10,8,Float64,false,diagonalcheap,realschur,0.000724975,0.00026875000000000005,0.003652088999999999,0.00216683,0.001108484,0.00853658,17,5,8.04422868758771e-81,15627.0543876387,6.105288193355921e7,1.727233711018889e-77,5.771053847164007e-17,3.093057896572218e-11,535960.8744589885,mpmath_1024,40538365881.25993,Inf,Inf,256
dipa00_ex3.10,8,Float64,false,diagonalcheap,realschur,0.001479267,0.0011022500000000001,0.010170744,0.006857660000000001,0.002060535,0.022596578,49,4,2.690308636521354e-277,31259.55668298656,2.4420546372695956e8,1.331998346195134e-256,5.771053847164007e-17,3.093057896572218e-11,535960.8744589885,mpmath_1024,40538365881.25993,Inf,Inf,851
dipa00_ex3.10,8,Float64,false,taylor,transfree,0.0,0.000244473,0.0013634539999999998,0.001244347,0.000221616,0.003376943,20,2,3.103683976490856e-12,125551.2051998286,1,2.220446049250313e-16,2.547002721979369e-16,2.037268687082872e-10,535960.8744589885,mpmath_1024,40538365881.25993,Inf,Inf,53
dipa00_ex3.10,8,Float64,false,taylor,transfree,0.0,0.0008393999999999999,0.002309999,0.003164624,0.000294078,0.006962905,56,2,1.029511517893606e-84,125551.2051998286,1,1.727233711018889e-77,5.771053847164007e-17,3.093057896572218e-11,535960.8744589885,mpmath_1024,40538365881.25993,Inf,Inf,256
dipa00_ex3.10,8,Float64,false,taylor,transfree,0.0,0.0014695369999999997,0.007613551000000001,0.005921386,0.001364586,0.016859876,90,6,1.498549410982231e-273,7813.639362250317,1,1.331998346195134e-256,5.771053847164007e-17,3.093057896572218e-11,535960.8744589885,mpmath_1024,40538365881.25993,Inf,Inf,851
dipa00_ex3.10,8,Float64,false,taylor,complexschur,0.000417568,0.000347345,0.0017859180000000003,0.0041667499999999994,0.002126971,0.010441579,20,2,3.103683976490856e-12,125550.9802253428,1,2.220446049250313e-16,1.957896566760199e-16,1.164155438715397e-10,535960.8744589885,mpmath_1024,40538365881.25993,Inf,Inf,53
dipa00_ex3.10,8,Float64,false,taylor,complexschur,0.000753291,0.00147124,0.0028985480000000004,0.008781657,0.001176225,0.016717403,56,2,1.029511517893606e-84,125550.9802253428,1,1.727233711018889e-77,5.771053847164007e-17,3.093057896572218e-11,535960.8744589885,mpmath_1024,40538365881.25993,Inf,Inf,256
dipa00_ex3.10,8,Float64,false,taylor,complexschur,0.000830861,0.001700351,0.0071735570000000005,0.010182738,0.024889284,0.046580674,90,6,1.498549410982231e-273,7813.624204976139,1,1.331998346195134e-256,5.771053847164007e-17,3.093057896572218e-11,535960.8744589885,mpmath_1024,40538365881.25993,Inf,Inf,851
dipa00_ex3.10,8,Float64,false,taylor,realschur,0.000209253,0.00026910499999999995,0.001578857,0.001209894,0.000302781,0.004088578,20,2,3.103683976490856e-12,125550.9802253428,1,2.220446049250313e-16,1.957896566760199e-16,1.164155438715397e-10,535960.8744589885,mpmath_1024,40538365881.25993,Inf,Inf,53
dipa00_ex3.10,8,Float64,false,taylor,realschur,0.00077608,0.001116136,0.002731351999999999,0.0028264469999999997,0.000438734,0.008521978,56,2,1.029511517893606e-84,125550.9802253428,1,1.727233711018889e-77,5.771053847164007e-17,3.093057896572218e-11,535960.8744589885,mpmath_1024,40538365881.25993,Inf,Inf,256
dipa00_ex3.10,8,Float64,false,taylor,realschur,0.001324315,0.001815307,0.009237402999999998,0.006108142,0.002633883,0.022004875,90,6,1.498549410982231e-273,7813.624204976139,1,1.331998346195134e-256,5.771053847164007e-17,3.093057896572218e-11,535960.8744589885,mpmath_1024,40538365881.25993,Inf,Inf,851
rosser8,8,Float64,true,scaling_and_squaring,NaN,NaN,NaN,NaN,NaN,NaN,8.0856e-5,NaN,NaN,NaN,NaN,NaN,2.220446049250313e-16,6.591404614884636e-16,2.122000491988629e-15,1.274844508809323,mpmath_1024,0.1454994700290894,1.7035074540446874e17,1.134279230038977e16,53
rosser8,8,Float64,true,diagonalcheap,transfree,0.001324055,0.0,0.0,0.0,0.0,0.001575141,NaN,NaN,NaN,NaN,NaN,2.220446049250313e-16,3.90195610676962e-16,1.42334061203897e-15,1.274844508809323,mpmath_1024,0.1454994700290894,1.7035074540446874e17,1.134279230038977e16,53
rosser8,8,Float64,true,diagonalcheap,transfree,0.004103909,0.0,0.0,0.0,0.0,0.004415151,NaN,NaN,NaN,NaN,NaN,1.727233711018889e-77,4.653649778202032e-17,6.856854792858424e-17,1.274844508809323,mpmath_1024,0.1454994700290894,1.7035074540446874e17,1.134279230038977e16,256
rosser8,8,Float64,true,diagonalcheap,transfree,0.018310829,0.0,0.0,0.0,0.0,0.019430203,NaN,NaN,NaN,NaN,NaN,1.331998346195134e-256,4.653649778202032e-17,6.856854792858424e-17,1.274844508809323,mpmath_1024,0.1454994700290894,1.7035074540446874e17,1.134279230038977e16,851
rosser8,8,Float64,true,diagonalcheap,complexschur,0.001619386,3.5380000000000003e-6,0.005283380999999999,0.002956982,5.7e-8,0.011304629,5,0,0,1.171093705636422,1.171093705636422,2.220446049250313e-16,5.964106310398829e-16,1.8025945319744e-15,1.274844508809323,mpmath_1024,0.1454994700290894,1.7035074540446874e17,1.134279230038977e16,53
rosser8,8,Float64,true,diagonalcheap,complexschur,0.00357333,0.000589773,0.003426371,0.007621883,6.0e-8,0.017126954,17,0,4.299829458337634e-78,1.171093705636422,1.1710937056364217,1.727233711018889e-77,4.653649778202032e-17,6.856854792858424e-17,1.274844508809323,mpmath_1024,0.1454994700290894,1.7035074540446874e17,1.134279230038977e16,256
rosser8,8,Float64,true,diagonalcheap,complexschur,0.006817876,0.001407773,0.008578843000000003,0.018428286,1.16e-7,0.037199259,49,0,2.201210320527581e-264,1.171093705636422,1.1710937056364217,1.331998346195134e-256,4.653649778202032e-17,6.856854792858424e-17,1.274844508809323,mpmath_1024,0.1454994700290894,1.7035074540446874e17,1.134279230038977e16,851
rosser8,8,Float64,true,diagonalcheap,realschur,0.001540833,1.998e-6,0.0012164920000000002,0.000920838,5.7e-8,0.004173765,5,0,0,1.171093705636422,1.171093705636422,2.220446049250313e-16,5.964106310398829e-16,1.8025945319744e-15,1.274844508809323,mpmath_1024,0.1454994700290894,1.7035074540446874e17,1.134279230038977e16,53
rosser8,8,Float64,true,diagonalcheap,realschur,0.003677721,0.000390118,0.0026889929999999998,0.0025564399999999997,5.3e-8,0.009954414,17,0,4.299829458337634e-78,1.171093705636422,1.1710937056364217,1.727233711018889e-77,4.653649778202032e-17,6.856854792858424e-17,1.274844508809323,mpmath_1024,0.1454994700290894,1.7035074540446874e17,1.134279230038977e16,256
rosser8,8,Float64,true,diagonalcheap,realschur,0.006657154,0.0010762860000000003,0.007477291,0.006814575,6.1e-8,0.023025469,49,0,2.201210320527581e-264,1.171093705636422,1.1710937056364217,1.331998346195134e-256,4.653649778202032e-17,6.856854792858424e-17,1.274844508809323,mpmath_1024,0.1454994700290894,1.7035074540446874e17,1.134279230038977e16,851
rosser8,8,Float64,true,taylor,transfree,0.002141487,0.0,0.0,0.0,0.0,0.002363027,NaN,NaN,NaN,NaN,NaN,2.220446049250313e-16,3.90195610676962e-16,1.42334061203897e-15,1.274844508809323,mpmath_1024,0.1454994700290894,1.7035074540446874e17,1.134279230038977e16,53
rosser8,8,Float64,true,taylor,transfree,0.007569016,0.0,0.0,0.0,0.0,0.008390982,NaN,NaN,NaN,NaN,NaN,1.727233711018889e-77,4.653649778202032e-17,6.856854792858424e-17,1.274844508809323,mpmath_1024,0.1454994700290894,1.7035074540446874e17,1.134279230038977e16,256
rosser8,8,Float64,true,taylor,transfree,0.04717283,0.0,0.0,0.0,0.0,0.048230949,NaN,NaN,NaN,NaN,NaN,1.331998346195134e-256,4.653649778202032e-17,6.856854792858424e-17,1.274844508809323,mpmath_1024,0.1454994700290894,1.7035074540446874e17,1.134279230038977e16,851
rosser8,8,Float64,true,taylor,complexschur,0.001589869,0.00040120900000000003,0.001056369,0.003294369,5.1e-8,0.007786953,12,0,0,1.171066938586261,1,2.220446049250313e-16,5.964106310398829e-16,1.8025945319744e-15,1.274844508809323,mpmath_1024,0.1454994700290894,1.7035074540446874e17,1.134279230038977e16,53
rosser8,8,Float64,true,taylor,complexschur,0.003514318,0.001179004,0.0018734570000000002,0.007511332999999999,4.7e-8,0.015756391,42,0,5.147557589468029e-85,1.171066938586261,1,1.727233711018889e-77,4.653649778202032e-17,6.856854792858424e-17,1.274844508809323,mpmath_1024,0.1454994700290894,1.7035074540446874e17,1.134279230038977e16,256
rosser8,8,Float64,true,taylor,complexschur,0.004746336,0.002196394,0.006537465000000001,0.015466149000000002,0.002138946,0.033487475,90,2,1.393347988194583e-268,1.040274401374033,1,1.331998346195134e-256,4.653649778202032e-17,6.856854792858424e-17,1.274844508809323,mpmath_1024,0.1454994700290894,1.7035074540446874e17,1.134279230038977e16,851
rosser8,8,Float64,true,taylor,realschur,0.001602568,0.000271974,0.0007931039999999999,0.000931569,5.9e-8,0.004056632,12,0,0,1.171066938586261,1,2.220446049250313e-16,5.964106310398829e-16,1.8025945319744e-15,1.274844508809323,mpmath_1024,0.1454994700290894,1.7035074540446874e17,1.134279230038977e16,53
rosser8,8,Float64,true,taylor,realschur,0.003494547,0.0007976120000000001,0.0014955309999999998,0.0025982460000000002,5.9e-8,0.009003573,42,0,5.147557589468029e-85,1.171066938586261,1,1.727233711018889e-77,4.653649778202032e-17,6.856854792858424e-17,1.274844508809323,mpmath_1024,0.1454994700290894,1.7035074540446874e17,1.134279230038977e16,256
rosser8,8,Float64,true,taylor,realschur,0.005810766,0.0016796089999999999,0.006245199,0.005728079,0.001140498,0.022298421,90,2,1.393347988194583e-268,1.040274401374033,1,1.331998346195134e-256,4.653649778202032e-17,6.856854792858424e-17,1.274844508809323,mpmath_1024,0.1454994700290894,1.7035074540446874e17,1.134279230038977e16,851
cos_sin_x100,2,Float64,false,scaling_and_squaring,NaN,NaN,NaN,NaN,NaN,NaN,2.1896e-5,NaN,NaN,NaN,NaN,NaN,2.220446049250313e-16,3.164158652356231e-13,3.435585149702547e-13,1.257769757147267,mpmath_1024,9999.999999999998,1.0,1.0,53
cos_sin_x100,2,Float64,false,diagonalcheap,transfree,0.0,0.001185215,0.013648661000000003,0.001104801,0.000299699,0.016441316,91,12,5.316823404853343e-17,1.409082334882068,1.644360245374111,2.220446049250313e-16,0,0,1.257769757147267,mpmath_1024,9999.999999999998,1.0,1.0,53
cos_sin_x100,2,Float64,false,diagonalcheap,transfree,0.0,0.0011401310000000002,0.012672253,0.001200233,0.000395615,0.015620046,91,10,8.632670693979618e-80,1.276757373308011,1.334285522597483,1.727233711018889e-77,4.139000904272546e-17,5.142812191584519e-17,1.257769757147267,mpmath_1024,9999.999999999998,1.0,1.0,256
cos_sin_x100,2,Float64,false,diagonalcheap,transfree,0.0,0.0011333590000000002,0.04395009200000001,0.001467047,0.000834956,0.047672012,91,11,3.924180614645178e-263,1.155112774839531,1.9855130264766998,1.331998346195134e-256,4.139000904272546e-17,5.142812191584519e-17,1.257769757147267,mpmath_1024,9999.999999999998,1.0,1.0,851
cos_sin_x100,2,Float64,false,diagonalcheap,complexschur,9.2477e-5,0.0,0.0,0.0,0.0,0.00019096,0,0,NaN,NaN,1,2.220446049250313e-16,1.819023939292363e-12,2.287892097996291e-12,1.257769757147267,mpmath_1024,9999.999999999998,1.0,1.0,53
cos_sin_x100,2,Float64,false,diagonalcheap,complexschur,8.9636e-5,0.0,0.0,0.0,0.0,0.000194762,0,0,NaN,NaN,1,1.727233711018889e-77,4.139000904272546e-17,5.142812191584519e-17,1.257769757147267,mpmath_1024,9999.999999999998,1.0,1.0,256
cos_sin_x100,2,Float64,false,diagonalcheap,complexschur,0.000105077,0.0,0.0,0.0,0.0,0.00026374,0,0,NaN,NaN,1,1.331998346195134e-256,4.139000904272546e-17,5.142812191584519e-17,1.257769757147267,mpmath_1024,9999.999999999998,1.0,1.0,851
cos_sin_x100,2,Float64,false,diagonalcheap,realschur,0.0,0.0011117649999999998,0.013797733000000001,0.001102203,0.000289542,0.016507964,91,12,5.316823404853343e-17,1.409082334882068,1.644360245374111,2.220446049250313e-16,0,0,1.257769757147267,mpmath_1024,9999.999999999998,1.0,1.0,53
cos_sin_x100,2,Float64,false,diagonalcheap,realschur,0.0,0.0014360119999999997,0.015217652000000003,0.00119635,0.00037713,0.018494034,91,10,8.632670693979618e-80,1.276757373308011,1.334285522597483,1.727233711018889e-77,4.139000904272546e-17,5.142812191584519e-17,1.257769757147267,mpmath_1024,9999.999999999998,1.0,1.0,256
cos_sin_x100,2,Float64,false,diagonalcheap,realschur,0.0,0.0045980349999999994,0.016358287999999995,0.001497089,0.00078172,0.023598146,91,11,3.924180614645178e-263,1.155112774839531,1.9855130264766998,1.331998346195134e-256,4.139000904272546e-17,5.142812191584519e-17,1.257769757147267,mpmath_1024,9999.999999999998,1.0,1.0,851
cos_sin_x100,2,Float64,false,taylor,transfree,0.0,0.00042569399999999995,0.0017363489999999999,0.000312357,0.000240561,0.002830481,49,10,0,1958.32371873205,1,2.220446049250313e-16,0,0,1.257769757147267,mpmath_1024,9999.999999999998,1.0,1.0,53
cos_sin_x100,2,Float64,false,taylor,transfree,0.0,0.000905734,0.0037156290000000002,0.000375687,0.000438729,0.005608625,90,11,3.644833161397663e-78,0.3404064888163104,1,1.727233711018889e-77,4.139000904272546e-17,5.142812191584519e-17,1.257769757147267,mpmath_1024,9999.999999999998,1.0,1.0,256
cos_sin_x100,2,Float64,false,taylor,transfree,0.0,0.001005086,0.008720587999999998,0.00044280000000000003,0.001228299,0.01163719,90,18,6.05438497918236e-270,1.03741021393775,1,1.331998346195134e-256,4.139000904272546e-17,5.142812191584519e-17,1.257769757147267,mpmath_1024,9999.999999999998,1.0,1.0,851
cos_sin_x100,2,Float64,false,taylor,complexschur,9.0007e-5,0.0,0.0,0.0,0.0,0.000175205,0,0,NaN,NaN,1,2.220446049250313e-16,1.819023939292363e-12,2.287892097996291e-12,1.257769757147267,mpmath_1024,9999.999999999998,1.0,1.0,53
cos_sin_x100,2,Float64,false,taylor,complexschur,8.7786e-5,0.0,0.0,0.0,0.0,0.00019676,0,0,NaN,NaN,1,1.727233711018889e-77,4.139000904272546e-17,5.142812191584519e-17,1.257769757147267,mpmath_1024,9999.999999999998,1.0,1.0,256
cos_sin_x100,2,Float64,false,taylor,complexschur,0.000107629,0.0,0.0,0.0,0.0,0.000268304,0,0,NaN,NaN,1,1.331998346195134e-256,4.139000904272546e-17,5.142812191584519e-17,1.257769757147267,mpmath_1024,9999.999999999998,1.0,1.0,851
cos_sin_x100,2,Float64,false,taylor,realschur,0.0,0.000505273,0.0022199180000000004,0.000216299,0.000245408,0.003339858,49,10,0,1958.32371873205,1,2.220446049250313e-16,0,0,1.257769757147267,mpmath_1024,9999.999999999998,1.0,1.0,53
cos_sin_x100,2,Float64,false,taylor,realschur,0.0,0.000856427,0.003742155,0.000371942,0.000418621,0.005596011,90,11,3.644833161397663e-78,0.3404064888163104,1,1.727233711018889e-77,4.139000904272546e-17,5.142812191584519e-17,1.257769757147267,mpmath_1024,9999.999999999998,1.0,1.0,256
cos_sin_x100,2,Float64,false,taylor,realschur,0.0,0.000931295,0.0090912,0.000431853,0.001212422,0.011912311,90,18,6.05438497918236e-270,1.03741021393775,1,1.331998346195134e-256,4.139000904272546e-17,5.142812191584519e-17,1.257769757147267,mpmath_1024,9999.999999999998,1.0,1.0,851
nilpotent,4,Float64,false,scaling_and_squaring,NaN,NaN,NaN,NaN,NaN,NaN,3.5017e-5,NaN,NaN,NaN,NaN,NaN,2.220446049250313e-16,3.714599324758858e-15,5.089262344881718e-11,13715.37185768208,mpmath_1024,17345.61167896347,Inf,Inf,53
nilpotent,4,Float64,false,diagonalcheap,transfree,0.0,0.0007632279999999999,0.001846062,0.000392739,0.000130542,0.003274619,7,4,0,5.812082989033232,33.53559784454178,2.220446049250313e-16,1.371640356138707e-16,1.875832822406664e-12,13715.37185768208,mpmath_1024,17345.61167896347,Inf,Inf,53
nilpotent,4,Float64,false,diagonalcheap,transfree,0.0,0.000682682,0.002250515,0.000442098,0.000106786,0.003653429,7,2,0,267.6037358216162,1960.9022643118233,1.727233711018889e-77,6.34313185106348e-17,8.624230596276754e-13,13715.37185768208,mpmath_1024,17345.61167896347,Inf,Inf,256
nilpotent,4,Float64,false,diagonalcheap,transfree,0.0,0.000596825,0.0016776430000000004,0.00049631,0.000174145,0.003155412,7,2,0,267.6037358216162,1960.9022643118233,1.331998346195134e-256,6.34313185106348e-17,8.624230596276754e-13,13715.37185768208,mpmath_1024,17345.61167896347,Inf,Inf,851
nilpotent,4,Float64,false,diagonalcheap,complexschur,0.0,0.000801483,0.002749666,0.000407339,0.00012799,0.004245309,7,4,0,5.812082989033232,33.53559784454178,2.220446049250313e-16,1.371640356138707e-16,1.875832822406664e-12,13715.37185768208,mpmath_1024,17345.61167896347,Inf,Inf,53
nilpotent,4,Float64,false,diagonalcheap,complexschur,0.0,0.0006013220000000001,0.0015225320000000003,0.000422674,0.000101267,0.002832058,7,2,0,267.6037358216162,1960.9022643118233,1.727233711018889e-77,6.34313185106348e-17,8.624230596276754e-13,13715.37185768208,mpmath_1024,17345.61167896347,Inf,Inf,256
nilpotent,4,Float64,false,diagonalcheap,complexschur,0.0,0.0005884929999999999,0.002161283,0.000528047,0.000182992,0.003683656,7,2,0,267.6037358216162,1960.9022643118233,1.331998346195134e-256,6.34313185106348e-17,8.624230596276754e-13,13715.37185768208,mpmath_1024,17345.61167896347,Inf,Inf,851
nilpotent,4,Float64,false,diagonalcheap,realschur,0.0,0.000812214,0.002591005,0.000395971,0.000129056,0.004085881,7,4,0,5.812082989033232,33.53559784454178,2.220446049250313e-16,1.371640356138707e-16,1.875832822406664e-12,13715.37185768208,mpmath_1024,17345.61167896347,Inf,Inf,53
nilpotent,4,Float64,false,diagonalcheap,realschur,0.0,0.000648536,0.0029959160000000004,0.00043119,0.000101289,0.00436576,7,2,0,267.6037358216162,1960.9022643118233,1.727233711018889e-77,6.34313185106348e-17,8.624230596276754e-13,13715.37185768208,mpmath_1024,17345.61167896347,Inf,Inf,256
nilpotent,4,Float64,false,diagonalcheap,realschur,0.0,0.000613394,0.001674485,0.0005069069999999999,0.000172377,0.003202869,7,2,0,267.6037358216162,1960.9022643118233,1.331998346195134e-256,6.34313185106348e-17,8.624230596276754e-13,13715.37185768208,mpmath_1024,17345.61167896347,Inf,Inf,851
nilpotent,4,Float64,false,taylor,transfree,0.0,0.0007157400000000001,0.000829551,0.00022218399999999997,7.5228e-5,0.001975674,12,2,0,267.6037358216162,1,2.220446049250313e-16,9.579951796274468e-18,1.13686837721616e-13,13715.37185768208,mpmath_1024,17345.61167896347,Inf,Inf,53
nilpotent,4,Float64,false,taylor,transfree,0.0,0.000736863,0.000877409,0.00022464,0.000100983,0.002100543,12,2,0,267.6037358216162,1,1.727233711018889e-77,6.34313185106348e-17,8.624230596276754e-13,13715.37185768208,mpmath_1024,17345.61167896347,Inf,Inf,256
nilpotent,4,Float64,false,taylor,transfree,0.0,0.000663237,0.0008183609999999999,0.000270382,0.00017902,0.002156816,12,2,0,267.6037358216162,1,1.331998346195134e-256,6.34313185106348e-17,8.624230596276754e-13,13715.37185768208,mpmath_1024,17345.61167896347,Inf,Inf,851
nilpotent,4,Float64,false,taylor,complexschur,0.0,0.000476263,0.0007053920000000002,0.000203933,6.0944e-5,0.001638288,12,2,0,267.6037358216162,1,2.220446049250313e-16,9.579951796274468e-18,1.13686837721616e-13,13715.37185768208,mpmath_1024,17345.61167896347,Inf,Inf,53
nilpotent,4,Float64,false,taylor,complexschur,0.0,0.000664963,0.0008874130000000002,0.000216359,9.6614e-5,0.002070361,12,2,0,267.6037358216162,1,1.727233711018889e-77,6.34313185106348e-17,8.624230596276754e-13,13715.37185768208,mpmath_1024,17345.61167896347,Inf,Inf,256
nilpotent,4,Float64,false,taylor,complexschur,0.0,0.000685262,0.000986403,0.00026566,0.000165669,0.00234255,12,2,0,267.6037358216162,1,1.331998346195134e-256,6.34313185106348e-17,8.624230596276754e-13,13715.37185768208,mpmath_1024,17345.61167896347,Inf,Inf,851
nilpotent,4,Float64,false,taylor,realschur,0.0,0.000716721,0.000880832,0.000264113,6.9366e-5,0.002150434,12,2,0,267.6037358216162,1,2.220446049250313e-16,9.579951796274468e-18,1.13686837721616e-13,13715.37185768208,mpmath_1024,17345.61167896347,Inf,Inf,53
nilpotent,4,Float64,false,taylor,realschur,0.0,0.0006438430000000001,0.000867732,0.00024061,9.6254e-5,0.002043323,12,2,0,267.6037358216162,1,1.727233711018889e-77,6.34313185106348e-17,8.624230596276754e-13,13715.37185768208,mpmath_1024,17345.61167896347,Inf,Inf,256
nilpotent,4,Float64,false,taylor,realschur,0.0,0.000661339,0.003995507000000001,0.000254672,0.000178344,0.005328285,12,2,0,267.6037358216162,1,1.331998346195134e-256,6.34313185106348e-17,8.624230596276754e-13,13715.37185768208,mpmath_1024,17345.61167896347,Inf,Inf,851
nilpotent,24,Float64,false,scaling_and_squaring,NaN,NaN,NaN,NaN,NaN,NaN,0.000106213,NaN,NaN,NaN,NaN,NaN,2.220446049250313e-16,5.763597206286592e-14,1461596.943170012,2.528343202940849e+19,mpmath_1024,240128619753.9014,Inf,Inf,53
nilpotent,24,Float64,false,diagonalcheap,transfree,0.0,0.000378833,0.008682091000000001,0.024482879,0.018400328,0.053949825,13,7,1.386216178345598e-16,23.81997533713658,85.72188770643488,2.220446049250313e-16,1.810037012330327e-16,4432.593753874304,2.528343202940849e+19,mpmath_1024,240128619753.9014,Inf,Inf,53
nilpotent,24,Float64,false,diagonalcheap,transfree,0.0,0.0023915779999999997,0.024041791,0.0419728,0.038222868,0.108084739,31,7,1.021896363232726e-83,23.81997533713659,85.289003543183,1.727233711018889e-77,1.229774128912359e-17,305.9901703681113,2.528343202940849e+19,mpmath_1024,240128619753.9014,Inf,Inf,256
nilpotent,24,Float64,false,diagonalcheap,transfree,0.0,0.005250449,0.06432139299999999,0.142536459,0.023339708,0.239214818,81,6,3.794136251486469e-280,145.9119118829581,516.3746846891753,1.331998346195134e-256,1.229774128912359e-17,305.9901703681113,2.528343202940849e+19,mpmath_1024,240128619753.9014,Inf,Inf,851
nilpotent,24,Float64,false,diagonalcheap,complexschur,0.0,0.000611655,0.016654494,0.01426327,0.016287602,0.049541526,13,7,1.386216178345598e-16,23.81997533713658,85.72188770643488,2.220446049250313e-16,1.810037012330327e-16,4432.593753874304,2.528343202940849e+19,mpmath_1024,240128619753.9014,Inf,Inf,53
nilpotent,24,Float64,false,diagonalcheap,complexschur,0.0,0.0019662349999999998,0.021645542999999996,0.036932162000000004,0.037171251,0.100048709,31,7,1.021896363232726e-83,23.81997533713659,85.289003543183,1.727233711018889e-77,1.229774128912359e-17,305.9901703681113,2.528343202940849e+19,mpmath_1024,240128619753.9014,Inf,Inf,256
nilpotent,24,Float64,false,diagonalcheap,complexschur,0.0,0.004914315000000001,0.04886006300000001,0.088683858,0.025318603,0.185663695,81,6,3.794136251486469e-280,145.9119118829581,516.3746846891753,1.331998346195134e-256,1.229774128912359e-17,305.9901703681113,2.528343202940849e+19,mpmath_1024,240128619753.9014,Inf,Inf,851
nilpotent,24,Float64,false,diagonalcheap,realschur,0.0,0.000318657,0.006842175000000001,0.01197296,0.022979752,0.043273176,13,7,1.386216178345598e-16,23.81997533713658,85.72188770643488,2.220446049250313e-16,1.810037012330327e-16,4432.593753874304,2.528343202940849e+19,mpmath_1024,240128619753.9014,Inf,Inf,53
nilpotent,24,Float64,false,diagonalcheap,realschur,0.0,0.002267463,0.020130765999999998,0.036625160000000004,0.022638442,0.082896183,31,7,1.021896363232726e-83,23.81997533713659,85.289003543183,1.727233711018889e-77,1.229774128912359e-17,305.9901703681113,2.528343202940849e+19,mpmath_1024,240128619753.9014,Inf,Inf,256
nilpotent,24,Float64,false,diagonalcheap,realschur,0.0,0.005428954999999999,0.085532678,0.07935776900000001,0.012364691,0.186035423,81,6,3.794136251486469e-280,145.9119118829581,516.3746846891753,1.331998346195134e-256,1.229774128912359e-17,305.9901703681113,2.528343202940849e+19,mpmath_1024,240128619753.9014,Inf,Inf,851
nilpotent,24,Float64,false,taylor,transfree,0.0,0.0019972559999999998,0.008234377000000003,0.028219244,0.013087106,0.053421532,42,5,0,1266.282432685216,1,2.220446049250313e-16,1.748605207856998e-16,4642.033203125016,2.528343202940849e+19,mpmath_1024,240128619753.9014,Inf,Inf,53
nilpotent,24,Float64,false,taylor,transfree,0.0,0.005982133,0.019978914000000004,0.05332614000000001,0.025488018,0.107293843,90,5,2.911886849394561e-78,1266.282432685216,1,1.727233711018889e-77,1.229774128912359e-17,305.9901703681113,2.528343202940849e+19,mpmath_1024,240128619753.9014,Inf,Inf,256
nilpotent,24,Float64,false,taylor,transfree,0.0,0.005115039,0.03721130799999999,0.058519418999999996,0.038821509,0.142647682,90,12,4.837289008116554e-270,1.465916631874584,1,1.331998346195134e-256,1.229774128912359e-17,305.9901703681113,2.528343202940849e+19,mpmath_1024,240128619753.9014,Inf,Inf,851
nilpotent,24,Float64,false,taylor,complexschur,0.0,0.00276039,0.010945486,0.031331927,0.009253351,0.05639517,42,5,0,1266.282432685216,1,2.220446049250313e-16,1.748605207856998e-16,4642.033203125016,2.528343202940849e+19,mpmath_1024,240128619753.9014,Inf,Inf,53
nilpotent,24,Float64,false,taylor,complexschur,0.0,0.004488608,0.010545818999999998,0.050737666,0.027253516,0.095347677,90,5,2.911886849394561e-78,1266.282432685216,1,1.727233711018889e-77,1.229774128912359e-17,305.9901703681113,2.528343202940849e+19,mpmath_1024,240128619753.9014,Inf,Inf,256
nilpotent,24,Float64,false,taylor,complexschur,0.0,0.0043984819999999996,0.039358251999999996,0.05821194700000001,0.024376693,0.128687423,90,12,4.837289008116554e-270,1.465916631874584,1,1.331998346195134e-256,1.229774128912359e-17,305.9901703681113,2.528343202940849e+19,mpmath_1024,240128619753.9014,Inf,Inf,851
nilpotent,24,Float64,false,taylor,realschur,0.0,0.002988838,0.00989815,0.030587836,0.01197861,0.05763041,42,5,0,1266.282432685216,1,2.220446049250313e-16,1.748605207856998e-16,4642.033203125016,2.528343202940849e+19,mpmath_1024,240128619753.9014,Inf,Inf,53
nilpotent,24,Float64,false,taylor,realschur,0.0,0.004865377000000001,0.013728941000000007,0.06883607900000001,0.007555512,0.09647061,90,5,2.911886849394561e-78,1266.282432685216,1,1.727233711018889e-77,1.229774128912359e-17,305.9901703681113,2.528343202940849e+19,mpmath_1024,240128619753.9014,Inf,Inf,256
nilpotent,24,Float64,false,taylor,realschur,0.0,0.005031069,0.058967693999999994,0.04155365900000001,0.036185733,0.143904597,90,12,4.837289008116554e-270,1.465916631874584,1,1.331998346195134e-256,1.229774128912359e-17,305.9901703681113,2.528343202940849e+19,mpmath_1024,240128619753.9014,Inf,Inf,851
edst03_pascal_chol,4,Float64,false,scaling_and_squaring,NaN,NaN,NaN,NaN,NaN,NaN,3.053e-5,NaN,NaN,NaN,NaN,NaN,2.220446049250313e-16,2.152407416571545e-16,1.887379141862766e-15,8,mpmath_1024,3.642394490085046,Inf,Inf,53
edst03_pascal_chol,4,Float64,false,diagonalcheap,transfree,0.0,0.000116866,0.0007977310000000001,0.000239311,3.8e-8,0.001229464,7,0,0,8,11.383136094674557,2.220446049250313e-16,0,0,8,mpmath_1024,3.642394490085046,Inf,Inf,53
edst03_pascal_chol,4,Float64,false,diagonalcheap,transfree,0.0,9.9536e-5,0.000659425,0.000240036,3.7e-8,0.001088259,7,0,0,8,11.383136094674557,1.727233711018889e-77,0,0,8,mpmath_1024,3.642394490085046,Inf,Inf,256
edst03_pascal_chol,4,Float64,false,diagonalcheap,transfree,0.0,0.000146226,0.001277487,0.000312333,3.4e-8,0.001849425,7,0,0,8,11.383136094674557,1.331998346195134e-256,0,0,8,mpmath_1024,3.642394490085046,Inf,Inf,851
edst03_pascal_chol,4,Float64,false,diagonalcheap,complexschur,0.0,0.000133867,0.00070433,0.00022598100000000002,3.6e-8,0.001144986,7,0,0,8,11.383136094674557,2.220446049250313e-16,0,0,8,mpmath_1024,3.642394490085046,Inf,Inf,53
edst03_pascal_chol,4,Float64,false,diagonalcheap,complexschur,0.0,9.9842e-5,0.000760305,0.0002439,3.5e-8,0.001227672,7,0,0,8,11.383136094674557,1.727233711018889e-77,0,0,8,mpmath_1024,3.642394490085046,Inf,Inf,256
edst03_pascal_chol,4,Float64,false,diagonalcheap,complexschur,0.0,0.00011462500000000001,0.000821168,0.000280593,3.5e-8,0.001340045,7,0,0,8,11.383136094674557,1.331998346195134e-256,0,0,8,mpmath_1024,3.642394490085046,Inf,Inf,851
edst03_pascal_chol,4,Float64,false,diagonalcheap,realschur,0.0,9.342699999999998e-5,0.0006463669999999999,0.00022670599999999997,3.7e-8,0.00104209,7,0,0,8,11.383136094674557,2.220446049250313e-16,0,0,8,mpmath_1024,3.642394490085046,Inf,Inf,53
edst03_pascal_chol,4,Float64,false,diagonalcheap,realschur,0.0,0.000142241,0.0009268230000000001,0.000256698,4.3e-8,0.00145558,7,0,0,8,11.383136094674557,1.727233711018889e-77,0,0,8,mpmath_1024,3.642394490085046,Inf,Inf,256
edst03_pascal_chol,4,Float64,false,diagonalcheap,realschur,0.0,0.000115564,0.0007907740000000001,0.00031042700000000006,3.7e-8,0.001341826,7,0,0,8,11.383136094674557,1.331998346195134e-256,0,0,8,mpmath_1024,3.642394490085046,Inf,Inf,851
edst03_pascal_chol,4,Float64,false,taylor,transfree,0.0,0.000111266,0.00033698299999999995,0.00012874599999999998,3.5e-8,0.000660756,12,0,0,8,1,2.220446049250313e-16,0,0,8,mpmath_1024,3.642394490085046,Inf,Inf,53
edst03_pascal_chol,4,Float64,false,taylor,transfree,0.0,0.00016198299999999998,0.000347504,0.000125277,3.1e-8,0.000719842,12,0,0,8,1,1.727233711018889e-77,0,0,8,mpmath_1024,3.642394490085046,Inf,Inf,256
edst03_pascal_chol,4,Float64,false,taylor,transfree,0.0,0.000242576,0.0006271329999999999,0.000189144,3.6e-8,0.001189843,12,0,0,8,1,1.331998346195134e-256,0,0,8,mpmath_1024,3.642394490085046,Inf,Inf,851
edst03_pascal_chol,4,Float64,false,taylor,complexschur,0.0,0.0001071,0.00032177800000000005,0.000131324,3.5e-8,0.000659904,12,0,0,8,1,2.220446049250313e-16,0,0,8,mpmath_1024,3.642394490085046,Inf,Inf,53
edst03_pascal_chol,4,Float64,false,taylor,complexschur,0.0,0.000144763,0.000390591,0.000139127,3.5e-8,0.000784286,12,0,0,8,1,1.727233711018889e-77,0,0,8,mpmath_1024,3.642394490085046,Inf,Inf,256
edst03_pascal_chol,4,Float64,false,taylor,complexschur,0.0,0.00012486,0.0004262359999999999,0.00015581900000000002,3.5e-8,0.000824015,12,0,0,8,1,1.331998346195134e-256,0,0,8,mpmath_1024,3.642394490085046,Inf,Inf,851
edst03_pascal_chol,4,Float64,false,taylor,realschur,0.0,0.00010130799999999999,0.00029962399999999996,0.00011980000000000001,3.6e-8,0.000595417,12,0,0,8,1,2.220446049250313e-16,0,0,8,mpmath_1024,3.642394490085046,Inf,Inf,53
edst03_pascal_chol,4,Float64,false,taylor,realschur,0.0,0.00020232600000000001,0.00048531400000000014,0.000203037,3.6e-8,0.001022458,12,0,0,8,1,1.727233711018889e-77,0,0,8,mpmath_1024,3.642394490085046,Inf,Inf,256
edst03_pascal_chol,4,Float64,false,taylor,realschur,0.0,0.00022685400000000002,0.0006426320000000001,0.00025466,5.9e-8,0.001288475,12,0,0,8,1,1.331998346195134e-256,0,0,8,mpmath_1024,3.642394490085046,Inf,Inf,851
edst03_pascal_chol,24,Float64,false,scaling_and_squaring,NaN,NaN,NaN,NaN,NaN,NaN,0.000102964,NaN,NaN,NaN,NaN,NaN,2.220446049250313e-16,1.299439147143739e-15,1.078046441005398e-08,8388608,mpmath_1024,234.4541049201939,Inf,Inf,53
edst03_pascal_chol,24,Float64,false,diagonalcheap,transfree,0.0,0.000910696,0.006843472000000001,0.017663835,0.007702805,0.034687827,13,3,1.738404856299474e-16,15.01440119364349,16.25702607468152,2.220446049250313e-16,3.338175283781741e-23,1.110223024625157e-16,8388608,mpmath_1024,234.4541049201939,Inf,Inf,53
edst03_pascal_chol,24,Float64,false,diagonalcheap,transfree,0.0,0.004664755999999999,0.037245859,0.037745522999999996,0.005787367,0.087479181,37,2,1.100028649445302e-78,169.4065894508601,225.36224076780496,1.727233711018889e-77,9.254281053205361e-78,6.128754603827445e-71,8388608,mpmath_1024,234.4541049201939,Inf,Inf,256
edst03_pascal_chol,24,Float64,false,diagonalcheap,transfree,0.0,0.016273672,0.07056204600000002,0.08476542299999999,0.003849714,0.177763498,91,2,3.239855923850482e-278,169.4065894508602,225.42083709746592,1.331998346195134e-256,4.575046097905974e-257,2.461459683859567e-250,8388608,mpmath_1024,234.4541049201939,Inf,Inf,851
edst03_pascal_chol,24,Float64,false,diagonalcheap,complexschur,0.0,0.000607599,0.00535372,0.010081879,0.003103153,0.020115305,13,3,1.738404856299474e-16,15.01440119364349,16.25702607468152,2.220446049250313e-16,3.338175283781741e-23,1.110223024625157e-16,8388608,mpmath_1024,234.4541049201939,Inf,Inf,53
edst03_pascal_chol,24,Float64,false,diagonalcheap,complexschur,0.0,0.006145078,0.017841981,0.041284903,0.0028596,0.070164586,37,2,1.100028649445302e-78,169.4065894508601,225.36224076780496,1.727233711018889e-77,9.254281053205361e-78,6.128754603827445e-71,8388608,mpmath_1024,234.4541049201939,Inf,Inf,256
edst03_pascal_chol,24,Float64,false,diagonalcheap,complexschur,0.0,0.036939751,0.051502537000000015,0.06021655800000001,0.003867241,0.153834226,91,2,3.239855923850482e-278,169.4065894508602,225.42083709746592,1.331998346195134e-256,4.575046097905974e-257,2.461459683859567e-250,8388608,mpmath_1024,234.4541049201939,Inf,Inf,851
edst03_pascal_chol,24,Float64,false,diagonalcheap,realschur,0.0,0.000496783,0.005611555000000001,0.016574662,0.00752387,0.032054294,13,3,1.738404856299474e-16,15.01440119364349,16.25702607468152,2.220446049250313e-16,3.338175283781741e-23,1.110223024625157e-16,8388608,mpmath_1024,234.4541049201939,Inf,Inf,53
edst03_pascal_chol,24,Float64,false,diagonalcheap,realschur,0.0,0.0067033909999999995,0.019217012,0.034352268,0.026704502,0.089023918,37,2,1.100028649445302e-78,169.4065894508601,225.36224076780496,1.727233711018889e-77,9.254281053205361e-78,6.128754603827445e-71,8388608,mpmath_1024,234.4541049201939,Inf,Inf,256
edst03_pascal_chol,24,Float64,false,diagonalcheap,realschur,0.0,0.016828008,0.066583409,0.07322637700000001,0.004313,0.16320778,91,2,3.239855923850482e-278,169.4065894508602,225.42083709746592,1.331998346195134e-256,4.575046097905974e-257,2.461459683859567e-250,8388608,mpmath_1024,234.4541049201939,Inf,Inf,851
edst03_pascal_chol,24,Float64,false,taylor,transfree,0.0,0.0025762839999999994,0.0052284459999999994,0.013229847000000001,0.003082186,0.025166376,36,2,0,84.82421875,1,2.220446049250313e-16,0,0,8388608,mpmath_1024,234.4541049201939,Inf,Inf,53
edst03_pascal_chol,24,Float64,false,taylor,transfree,0.0,0.03533829,0.011768626999999999,0.056857492,0.005355682,0.111395563,90,2,8.433758354584419e-81,84.82421875,1,1.727233711018889e-77,0,0,8388608,mpmath_1024,234.4541049201939,Inf,Inf,256
edst03_pascal_chol,24,Float64,false,taylor,transfree,0.0,0.008219862000000001,0.05478443499999999,0.040606723000000004,0.017416028,0.122484771,90,9,1.417011256500774e-272,1.045900318205642,1,1.331998346195134e-256,0,0,8388608,mpmath_1024,234.4541049201939,Inf,Inf,851
edst03_pascal_chol,24,Float64,false,taylor,complexschur,0.0,0.003517209,0.0069841159999999985,0.025030418,0.004857867,0.042332201,36,2,0,84.82421875,1,2.220446049250313e-16,0,0,8388608,mpmath_1024,234.4541049201939,Inf,Inf,53
edst03_pascal_chol,24,Float64,false,taylor,complexschur,0.0,0.032271182,0.011242320000000004,0.05972413099999999,0.006170854,0.111617677,90,2,8.433758354584419e-81,84.82421875,1,1.727233711018889e-77,0,0,8388608,mpmath_1024,234.4541049201939,Inf,Inf,256
edst03_pascal_chol,24,Float64,false,taylor,complexschur,0.0,0.011039594000000002,0.057310319999999984,0.060965894000000014,0.045322243,0.176935136,90,9,1.417011256500774e-272,1.045900318205642,1,1.331998346195134e-256,0,0,8388608,mpmath_1024,234.4541049201939,Inf,Inf,851
edst03_pascal_chol,24,Float64,false,taylor,realschur,0.0,0.004735543,0.009313922999999998,0.028705327,0.004421703,0.049143545,36,2,0,84.82421875,1,2.220446049250313e-16,0,0,8388608,mpmath_1024,234.4541049201939,Inf,Inf,53
edst03_pascal_chol,24,Float64,false,taylor,realschur,0.0,0.010708544,0.010675355000000004,0.05758059199999999,0.022428662,0.103538774,90,2,8.433758354584419e-81,84.82421875,1,1.727233711018889e-77,0,0,8388608,mpmath_1024,234.4541049201939,Inf,Inf,256
edst03_pascal_chol,24,Float64,false,taylor,realschur,0.0,0.010646525,0.038684707000000006,0.057937765999999995,0.017356624,0.126052331,90,9,1.417011256500774e-272,1.045900318205642,1,1.331998346195134e-256,0,0,8388608,mpmath_1024,234.4541049201939,Inf,Inf,851
kela89_206,4,Int64,false,scaling_and_squaring,NaN,NaN,NaN,NaN,NaN,NaN,3.6957e-5,NaN,NaN,NaN,NaN,NaN,2.220446049250313e-16,4.171487301752606e-14,1.477618027934113e-11,245.994433163083,mpmath_1024,3303.306709370389,133926.00000021697,106351.05198481647,53
kela89_206,4,Int64,false,diagonalcheap,transfree,0.0,8.359e-6,0.001521929,0.000306764,4.459e-5,0.001987014,9,4,0,11.55461927596276,51.17831459202676,2.220446049250313e-16,3.92193776220722e-14,1.854827402780757e-11,245.994433163083,mpmath_1024,3303.306709370389,133926.00000021697,106351.05198481647,53
kela89_206,4,Int64,false,diagonalcheap,transfree,0.0,0.00035055199999999996,0.002444062,0.0010946480000000001,2.9048e-5,0.004047606,37,1,1.389288781239634e-82,100.001894758444,3129.2616464509024,1.727233711018889e-77,2.792908945566399e-17,9.062948117993886e-15,245.994433163083,mpmath_1024,3303.306709370389,133926.00000021697,106351.05198481647,256
kela89_206,4,Int64,false,diagonalcheap,transfree,0.0,0.001257191,0.012717367,0.0021857,5.9559e-5,0.016486492,81,1,9.176778706999484e-268,100.0018947584454,3176.597211777491,1.331998346195134e-256,2.792908945566399e-17,9.062948117993886e-15,245.994433163083,mpmath_1024,3303.306709370389,133926.00000021697,106351.05198481647,851
kela89_206,4,Int64,false,diagonalcheap,complexschur,0.001949264,5.906e-6,0.001597274,0.001018545,0.000536065,0.005547908,9,4,4.14284054716336e-17,10.72794218707674,40.22272113120368,2.220446049250313e-16,5.313114693616107e-14,1.355138223857466e-11,245.994433163083,mpmath_1024,3303.306709370389,133926.00000021697,106351.05198481647,53
kela89_206,4,Int64,false,diagonalcheap,complexschur,0.012435719,0.0008715099999999999,0.004862773999999999,0.0030994380000000004,0.000203278,0.022068275,37,1,1.714427225370617e-81,139.8957436242396,6256.365431019927,1.727233711018889e-77,2.792908945566399e-17,9.062948117993886e-15,245.994433163083,mpmath_1024,3303.306709370389,133926.00000021697,106351.05198481647,256
kela89_206,4,Int64,false,diagonalcheap,complexschur,NaN,NaN,NaN,NaN,NaN,NaN,NaN,NaN,NaN,NaN,NaN,NaN,NaN,NaN,245.994433163083,mpmath_1024,3303.306709370389,133926.00000021697,106351.05198481647,851
kela89_206,4,Int64,false,diagonalcheap,realschur,0.001059948,5.943999999999999e-6,0.0019029630000000004,0.000478547,0.000205544,0.003837107,9,4,0,10.72794215865847,40.22271996578033,2.220446049250313e-16,5.286404904646735e-14,1.355360268462391e-11,245.994433163083,mpmath_1024,3303.306709370389,133926.00000021697,106351.05198481647,53
kela89_206,4,Int64,false,diagonalcheap,realschur,0.013663261,0.0007360169999999999,0.005118021999999999,0.0014123270000000001,5.4066e-5,0.021230026,37,1,1.714427225370617e-81,139.8957436242396,6256.365431019927,1.727233711018889e-77,2.792908945566399e-17,9.062948117993886e-15,245.994433163083,mpmath_1024,3303.306709370389,133926.00000021697,106351.05198481647,256
kela89_206,4,Int64,false,diagonalcheap,realschur,NaN,NaN,NaN,NaN,NaN,NaN,NaN,NaN,NaN,NaN,NaN,NaN,NaN,NaN,245.994433163083,mpmath_1024,3303.306709370389,133926.00000021697,106351.05198481647,851
kela89_206,4,Int64,false,taylor,transfree,0.0,0.000448519,0.0012768489999999996,0.00042331300000000003,4.3732e-5,0.002360078,30,2,1.110223024625157e-16,30.68489583333333,1,2.220446049250313e-16,2.830054682298306e-14,8.590905764549461e-12,245.994433163083,mpmath_1024,3303.306709370389,133926.00000021697,106351.05198481647,53
kela89_206,4,Int64,false,taylor,transfree,0.0,0.0007807930000000001,0.0023120650000000003,0.00083203,7.2955e-5,0.004138287,72,2,6.177069107361635e-84,30.68489583333333,1,1.727233711018889e-77,2.792908945566399e-17,9.062948117993886e-15,245.994433163083,mpmath_1024,3303.306709370389,133926.00000021697,106351.05198481647,256
kela89_206,4,Int64,false,taylor,transfree,0.0,0.0009488650000000001,0.0066277309999999996,0.0016380930000000002,0.000393999,0.009864483,90,7,4.983549363754535e-258,2.521989712354221,1,1.331998346195134e-256,2.792908945566399e-17,9.062948117993886e-15,245.994433163083,mpmath_1024,3303.306709370389,133926.00000021697,106351.05198481647,851
kela89_206,4,Int64,false,taylor,complexschur,0.002161319,0.000606873,0.0015807919999999995,0.0011991670000000001,0.000134656,0.005997473,30,2,2.220446049250313e-16,44.59189796586185,1,2.220446049250313e-16,5.319308585945569e-14,1.356825762854896e-11,245.994433163083,mpmath_1024,3303.306709370389,133926.00000021697,106351.05198481647,53
kela89_206,4,Int64,false,taylor,complexschur,0.008300845,0.0010743989999999998,0.0021515219999999995,0.0013893520000000002,0.000203141,0.013493815,72,2,8.236092143148846e-84,44.59183009408805,1,1.727233711018889e-77,2.792908945566399e-17,9.062948117993886e-15,245.994433163083,mpmath_1024,3303.306709370389,133926.00000021697,106351.05198481647,256
kela89_206,4,Int64,false,taylor,complexschur,NaN,NaN,NaN,NaN,NaN,NaN,NaN,NaN,NaN,NaN,NaN,NaN,NaN,NaN,245.994433163083,mpmath_1024,3303.306709370389,133926.00000021697,106351.05198481647,851
kela89_206,4,Int64,false,taylor,realschur,0.002146286,0.00043359,0.0013493150000000002,0.00045411999999999997,0.000110276,0.004700858,30,2,0,44.59189783513833,1,2.220446049250313e-16,5.321318194722881e-14,1.355271450620421e-11,245.994433163083,mpmath_1024,3303.306709370389,133926.00000021697,106351.05198481647,53
kela89_206,4,Int64,false,taylor,realschur,0.015996666,0.0005623889999999999,0.0017327150000000001,0.000545649,0.000101806,0.01913642,72,2,8.236092143148846e-84,44.59183009408805,1,1.727233711018889e-77,2.792908945566399e-17,9.062948117993886e-15,245.994433163083,mpmath_1024,3303.306709370389,133926.00000021697,106351.05198481647,256
kela89_206,4,Int64,false,taylor,realschur,NaN,NaN,NaN,NaN,NaN,NaN,NaN,NaN,NaN,NaN,NaN,NaN,NaN,NaN,245.994433163083,mpmath_1024,3303.306709370389,133926.00000021697,106351.05198481647,851
pang85_ex1,6,Int64,false,scaling_and_squaring,NaN,NaN,NaN,NaN,NaN,NaN,3.7121e-5,NaN,NaN,NaN,NaN,NaN,2.220446049250313e-16,2.711647072072478e-15,6.883382752675971e-14,20.48186747813922,mpmath_1024,2037.978072595147,87.29222222222221,83.61087826837439,53
pang85_ex1,6,Int64,false,diagonalcheap,transfree,0.0,5.7170000000000005e-6,0.0020682110000000004,0.000850349,0.000604513,0.003763462,9,5,3.118039389774669e-16,9.458766749544838,58.4435971295211,2.220446049250313e-16,2.912977288797309e-15,7.133182933216631e-14,20.48186747813922,mpmath_1024,2037.978072595147,87.29222222222221,83.61087826837439,53
pang85_ex1,6,Int64,false,diagonalcheap,transfree,0.0,0.000827521,0.006702074000000001,0.002811963,0.000503677,0.011126743,49,3,1.512275472277481e-81,6.962131898277348,16.73507842270842,1.727233711018889e-77,5.691575414944568e-17,1.25152688705521e-15,20.48186747813922,mpmath_1024,2037.978072595147,87.29222222222221,83.61087826837439,256
pang85_ex1,6,Int64,false,diagonalcheap,transfree,0.0,0.0013737929999999999,0.014058318,0.004815755,0.000650878,0.021289611,91,4,1.163374142351612e-279,4.072844773589825,90.42793272009655,1.331998346195134e-256,5.691575414944568e-17,1.25152688705521e-15,20.48186747813922,mpmath_1024,2037.978072595147,87.29222222222221,83.61087826837439,851
pang85_ex1,6,Int64,false,diagonalcheap,complexschur,0.000467908,1.572e-5,0.003752964000000001,0.003708591,0.001365416,0.010650279,9,5,1.291785876311232e-15,10.23594398799346,62.61308635408515,2.220446049250313e-16,2.449727976002902e-15,6.000755448098971e-14,20.48186747813922,mpmath_1024,2037.978072595147,87.29222222222221,83.61087826837439,53
pang85_ex1,6,Int64,false,diagonalcheap,complexschur,0.000460352,0.0010486830000000001,0.012622283999999998,0.008751391,0.001254657,0.02518461,49,3,7.655606103631964e-81,7.315292534074759,17.711907297696833,1.727233711018889e-77,5.691575414944568e-17,1.25152688705521e-15,20.48186747813922,mpmath_1024,2037.978072595147,87.29222222222221,83.61087826837439,256
pang85_ex1,6,Int64,false,diagonalcheap,complexschur,0.000504355,0.0021874990000000003,0.018792187999999998,0.054057033,0.002743707,0.079629406,91,4,5.594589236760477e-280,4.253635305978286,105.91075159045529,1.331998346195134e-256,5.691575414944568e-17,1.25152688705521e-15,20.48186747813922,mpmath_1024,2037.978072595147,87.29222222222221,83.61087826837439,851
pang85_ex1,6,Int64,false,diagonalcheap,realschur,0.0,9.988000000000002e-6,0.002877326,0.000907794,0.00062254,0.004725433,9,5,3.118039389774669e-16,9.458766749544838,58.4435971295211,2.220446049250313e-16,2.912977288797309e-15,7.133182933216631e-14,20.48186747813922,mpmath_1024,2037.978072595147,87.29222222222221,83.61087826837439,53
pang85_ex1,6,Int64,false,diagonalcheap,realschur,0.0,0.000783067,0.006302461,0.001457596,0.00023639,0.009012134,49,3,1.512275472277481e-81,6.962131898277348,16.73507842270842,1.727233711018889e-77,5.691575414944568e-17,1.25152688705521e-15,20.48186747813922,mpmath_1024,2037.978072595147,87.29222222222221,83.61087826837439,256
pang85_ex1,6,Int64,false,diagonalcheap,realschur,0.0,0.0015428549999999999,0.018501484,0.0051275700000000006,0.001631261,0.027222411,91,4,1.163374142351612e-279,4.072844773589825,90.42793272009655,1.331998346195134e-256,5.691575414944568e-17,1.25152688705521e-15,20.48186747813922,mpmath_1024,2037.978072595147,87.29222222222221,83.61087826837439,851
pang85_ex1,6,Int64,false,taylor,transfree,0.0,0.0013789020000000002,0.003122637,0.0011754749999999998,0.000410409,0.006359698,36,4,4.440892098500626e-16,8.260915120442707,1,2.220446049250313e-16,2.806980208679023e-15,6.800116025829084e-14,20.48186747813922,mpmath_1024,2037.978072595147,87.29222222222221,83.61087826837439,53
pang85_ex1,6,Int64,false,taylor,transfree,0.0,0.0010010190000000001,0.003432492000000001,0.0023070869999999998,0.00083189,0.007855054,90,4,1.647218428629769e-82,8.260915120442711,1,1.727233711018889e-77,5.691575414944568e-17,1.25152688705521e-15,20.48186747813922,mpmath_1024,2037.978072595147,87.29222222222221,83.61087826837439,256
pang85_ex1,6,Int64,false,taylor,transfree,0.0,0.001173377,0.009471909,0.003177419,0.003043025,0.017231683,90,11,2.494467657262298e-275,1.244840417722181,1,1.331998346195134e-256,5.691575414944568e-17,1.25152688705521e-15,20.48186747813922,mpmath_1024,2037.978072595147,87.29222222222221,83.61087826837439,851
pang85_ex1,6,Int64,false,taylor,complexschur,0.00035627,0.000781741,0.0028373299999999995,0.003704115,0.001337179,0.009904087,36,4,4.440892098500626e-16,8.530773281411808,1,2.220446049250313e-16,2.023945221553467e-15,4.446443213623752e-14,20.48186747813922,mpmath_1024,2037.978072595147,87.29222222222221,83.61087826837439,53
pang85_ex1,6,Int64,false,taylor,complexschur,0.000492525,0.0017082479999999999,0.004911552000000001,0.007028477,0.001642237,0.016796149,90,4,6.588873714519077e-83,8.530773281411811,1,1.727233711018889e-77,5.691575414944568e-17,1.25152688705521e-15,20.48186747813922,mpmath_1024,2037.978072595147,87.29222222222221,83.61087826837439,256
pang85_ex1,6,Int64,false,taylor,complexschur,0.000573313,0.0026643019999999995,0.015457878000000001,0.008467461,0.007267584,0.035817743,90,11,5.730505340872736e-275,1.242267433620558,1,1.331998346195134e-256,5.691575414944568e-17,1.25152688705521e-15,20.48186747813922,mpmath_1024,2037.978072595147,87.29222222222221,83.61087826837439,851
pang85_ex1,6,Int64,false,taylor,realschur,0.0,0.0005093110000000001,0.0019901699999999994,0.001053414,0.000459484,0.004271703,36,4,4.440892098500626e-16,8.260915120442707,1,2.220446049250313e-16,2.806980208679023e-15,6.800116025829084e-14,20.48186747813922,mpmath_1024,2037.978072595147,87.29222222222221,83.61087826837439,53
pang85_ex1,6,Int64,false,taylor,realschur,0.0,0.0038688530000000002,0.005711131999999999,0.002478719,0.000628226,0.013054892,90,4,1.647218428629769e-82,8.260915120442711,1,1.727233711018889e-77,5.691575414944568e-17,1.25152688705521e-15,20.48186747813922,mpmath_1024,2037.978072595147,87.29222222222221,83.61087826837439,256
pang85_ex1,6,Int64,false,taylor,realschur,0.0,0.0031019430000000002,0.009241991999999997,0.002965681,0.00288648,0.018645479,90,11,2.494467657262298e-275,1.244840417722181,1,1.331998346195134e-256,5.691575414944568e-17,1.25152688705521e-15,20.48186747813922,mpmath_1024,2037.978072595147,87.29222222222221,83.61087826837439,851
pang85_ex2,10,ComplexF64,false,scaling_and_squaring,NaN,NaN,NaN,NaN,NaN,NaN,6.4296e-5,NaN,NaN,NaN,NaN,NaN,2.220446049250313e-16,8.716397341830014e-16,9.572758953470762e-13,853.926289170935,mpmath_1024,99.5350535475214,424131.399121252,206665.40286262642,53
pang85_ex2,10,ComplexF64,false,diagonalcheap,transfree,0.0,0.00020483700000000003,0.003100468,0.0047503960000000005,0.001078521,0.00959784,13,2,8.24234318533806e-16,24.33538542798971,28.39522607946487,2.220446049250313e-16,5.586801730164619e-16,4.473546493081998e-13,853.926289170935,mpmath_1024,99.5350535475214,424131.399121252,206665.40286262642,53
pang85_ex2,10,ComplexF64,false,diagonalcheap,transfree,0.0,0.001253843,0.008924677,0.021749327000000002,0.001413391,0.034126925,37,1,7.273818885834631e-80,124.2889026820901,380.0378728344246,1.727233711018889e-77,3.807716202984598e-17,2.888305601090693e-14,853.926289170935,mpmath_1024,99.5350535475214,424131.399121252,206665.40286262642,256
pang85_ex2,10,ComplexF64,false,diagonalcheap,transfree,0.0,0.002986585,0.024855531000000007,0.093810047,0.002385229,0.125049517,91,1,1.012182177891097e-279,124.2889026820901,379.43916169961005,1.331998346195134e-256,3.807716202984598e-17,2.888305601090693e-14,853.926289170935,mpmath_1024,99.5350535475214,424131.399121252,206665.40286262642,851
pang85_ex2,10,ComplexF64,false,diagonalcheap,complexschur,0.0,0.000496454,0.0065346810000000005,0.010339875,0.002511069,0.020627981,13,2,8.24234318533806e-16,24.33538542798971,28.39522607946487,2.220446049250313e-16,5.586801730164619e-16,4.473546493081998e-13,853.926289170935,mpmath_1024,99.5350535475214,424131.399121252,206665.40286262642,53
pang85_ex2,10,ComplexF64,false,diagonalcheap,complexschur,0.0,0.001328377,0.009161289,0.022908718999999998,0.001410032,0.035612311,37,1,7.273818885834631e-80,124.2889026820901,380.0378728344246,1.727233711018889e-77,3.807716202984598e-17,2.888305601090693e-14,853.926289170935,mpmath_1024,99.5350535475214,424131.399121252,206665.40286262642,256
pang85_ex2,10,ComplexF64,false,diagonalcheap,complexschur,0.0,0.002351153,0.021578034000000003,0.051623814000000004,0.002036236,0.078670766,91,1,1.012182177891097e-279,124.2889026820901,379.43916169961005,1.331998346195134e-256,3.807716202984598e-17,2.888305601090693e-14,853.926289170935,mpmath_1024,99.5350535475214,424131.399121252,206665.40286262642,851
pang85_ex2,10,ComplexF64,false,taylor,transfree,0.0,0.0008165410000000001,0.0022225320000000006,0.007708533,0.002631651,0.014110469,30,2,1.110223024625157e-16,26.07778430750052,1,2.220446049250313e-16,1.767149930578058e-16,1.616841260203296e-13,853.926289170935,mpmath_1024,99.5350535475214,424131.399121252,206665.40286262642,53
pang85_ex2,10,ComplexF64,false,taylor,transfree,0.0,0.001560093,0.002912760999999999,0.019773584,0.003935931,0.028908708,72,2,1.575976231591532e-80,26.07778430750051,1,1.727233711018889e-77,3.807716202984598e-17,2.888305601090693e-14,853.926289170935,mpmath_1024,99.5350535475214,424131.399121252,206665.40286262642,256
pang85_ex2,10,ComplexF64,false,taylor,transfree,0.0,0.003501137,0.020849222999999993,0.063426627,0.015463432,0.104325773,90,8,2.108621682862893e-275,1.096041141413454,1,1.331998346195134e-256,3.807716202984598e-17,2.888305601090693e-14,853.926289170935,mpmath_1024,99.5350535475214,424131.399121252,206665.40286262642,851
pang85_ex2,10,ComplexF64,false,taylor,complexschur,0.0,0.000919762,0.0024308660000000003,0.008652265999999999,0.002323839,0.015011572,30,2,1.110223024625157e-16,26.07778430750052,1,2.220446049250313e-16,1.767149930578058e-16,1.616841260203296e-13,853.926289170935,mpmath_1024,99.5350535475214,424131.399121252,206665.40286262642,53
pang85_ex2,10,ComplexF64,false,taylor,complexschur,0.0,0.0014616,0.004182261999999999,0.016100709,0.002730092,0.025014096,72,2,1.575976231591532e-80,26.07778430750051,1,1.727233711018889e-77,3.807716202984598e-17,2.888305601090693e-14,853.926289170935,mpmath_1024,99.5350535475214,424131.399121252,206665.40286262642,256
pang85_ex2,10,ComplexF64,false,taylor,complexschur,0.0,0.0035743109999999997,0.017119202000000003,0.028548797,0.015830389,0.066084003,90,8,2.108621682862893e-275,1.096041141413454,1,1.331998346195134e-256,3.807716202984598e-17,2.888305601090693e-14,853.926289170935,mpmath_1024,99.5350535475214,424131.399121252,206665.40286262642,851
pang85_ex3,10,Float64,false,scaling_and_squaring,NaN,NaN,NaN,NaN,NaN,NaN,3.6497e-5,NaN,NaN,NaN,NaN,NaN,2.220446049250313e-16,1.657871697394051e-16,2.604240235189615e-14,169.3759088030253,mpmath_1024,9.058004294784455,55.58201058201058,33.219558235484044,53
pang85_ex3,10,Float64,false,diagonalcheap,transfree,0.0,0.00016691299999999998,0.0026800670000000004,0.00139435,0.000130186,0.004626893,13,1,0,14.06190461065158,11.93737383050977,2.220446049250313e-16,3.277039084707029e-17,4.667815613201842e-15,169.3759088030253,mpmath_1024,9.058004294784455,55.58201058201058,33.219558235484044,53
pang85_ex3,10,Float64,false,diagonalcheap,transfree,0.0,0.000637917,0.003698397,0.003148835,3.4e-8,0.007682105,37,0,7.060336228835538e-77,169.375908803025,134.60255768222035,1.727233711018889e-77,3.340772822650549e-17,4.724477743883417e-15,169.3759088030253,mpmath_1024,9.058004294784455,55.58201058201058,33.219558235484044,256
pang85_ex3,10,Float64,false,diagonalcheap,transfree,0.0,0.0016183,0.013850305,0.044481874,1.0e-7,0.060335403,91,0,4.097348859379697e-263,169.375908803024,133.8957931294684,1.331998346195134e-256,3.340772822650549e-17,4.724477743883417e-15,169.3759088030253,mpmath_1024,9.058004294784455,55.58201058201058,33.219558235484044,851
pang85_ex3,10,Float64,false,diagonalcheap,complexschur,0.0,0.000188627,0.002957946,0.002614999,0.000298884,0.006496888,13,1,0,14.06190461065158,11.93737383050977,2.220446049250313e-16,3.277039084707029e-17,4.667815613201842e-15,169.3759088030253,mpmath_1024,9.058004294784455,55.58201058201058,33.219558235484044,53
pang85_ex3,10,Float64,false,diagonalcheap,complexschur,0.0,0.000913169,0.0062732859999999994,0.005821990000000001,5.0e-8,0.013362131,37,0,7.060336228835538e-77,169.375908803025,134.60255768222035,1.727233711018889e-77,3.340772822650549e-17,4.724477743883417e-15,169.3759088030253,mpmath_1024,9.058004294784455,55.58201058201058,33.219558235484044,256
pang85_ex3,10,Float64,false,diagonalcheap,complexschur,0.0,0.0015587150000000002,0.011325057000000001,0.009867220000000001,5.6e-8,0.02305801,91,0,4.097348859379697e-263,169.375908803024,133.8957931294684,1.331998346195134e-256,3.340772822650549e-17,4.724477743883417e-15,169.3759088030253,mpmath_1024,9.058004294784455,55.58201058201058,33.219558235484044,851
pang85_ex3,10,Float64,false,diagonalcheap,realschur,0.0,0.000156836,0.002527557,0.00253562,0.000290313,0.005939167,13,1,0,14.06190461065158,11.93737383050977,2.220446049250313e-16,3.277039084707029e-17,4.667815613201842e-15,169.3759088030253,mpmath_1024,9.058004294784455,55.58201058201058,33.219558235484044,53
pang85_ex3,10,Float64,false,diagonalcheap,realschur,0.0,0.0008371729999999999,0.005856846,0.006060386,6.2e-8,0.013074823,37,0,7.060336228835538e-77,169.375908803025,134.60255768222035,1.727233711018889e-77,3.340772822650549e-17,4.724477743883417e-15,169.3759088030253,mpmath_1024,9.058004294784455,55.58201058201058,33.219558235484044,256
pang85_ex3,10,Float64,false,diagonalcheap,realschur,0.0,0.0018365379999999998,0.015103067000000001,0.013677263,5.1e-8,0.031023756,91,0,4.097348859379697e-263,169.375908803024,133.8957931294684,1.331998346195134e-256,3.340772822650549e-17,4.724477743883417e-15,169.3759088030253,mpmath_1024,9.058004294784455,55.58201058201058,33.219558235484044,851
pang85_ex3,10,Float64,false,taylor,transfree,0.0,0.000744353,0.002782088,0.003093815,0.000281476,0.007361865,25,1,0,10.54947916666667,1,2.220446049250313e-16,3.082914519967221e-17,3.580472642547919e-15,169.3759088030253,mpmath_1024,9.058004294784455,55.58201058201058,33.219558235484044,53
pang85_ex3,10,Float64,false,taylor,transfree,0.0,0.001275414,0.0027008400000000004,0.005489408,0.000193481,0.010149621,72,1,1.655172022812408e-77,10.54947916666667,1,1.727233711018889e-77,3.340772822650549e-17,4.724477743883417e-15,169.3759088030253,mpmath_1024,9.058004294784455,55.58201058201058,33.219558235484044,256
pang85_ex3,10,Float64,false,taylor,transfree,0.0,0.000820133,0.006460505999999998,0.007438531000000001,0.006049025,0.021292853,90,7,1.51229376045219e-269,1.043873498124358,1,1.331998346195134e-256,3.340772822650549e-17,4.724477743883417e-15,169.3759088030253,mpmath_1024,9.058004294784455,55.58201058201058,33.219558235484044,851
pang85_ex3,10,Float64,false,taylor,complexschur,0.0,0.000554495,0.0024869159999999996,0.002671267,0.000308553,0.006502474,25,1,0,10.54947916666667,1,2.220446049250313e-16,3.082914519967221e-17,3.580472642547919e-15,169.3759088030253,mpmath_1024,9.058004294784455,55.58201058201058,33.219558235484044,53
pang85_ex3,10,Float64,false,taylor,complexschur,0.0,0.001214737,0.0026499269999999994,0.005856816999999999,0.000411364,0.010612757,72,1,1.655172022812408e-77,10.54947916666667,1,1.727233711018889e-77,3.340772822650549e-17,4.724477743883417e-15,169.3759088030253,mpmath_1024,9.058004294784455,55.58201058201058,33.219558235484044,256
pang85_ex3,10,Float64,false,taylor,complexschur,0.0,0.002306028999999999,0.011838477,0.009967998,0.005534813,0.03023734,90,7,1.51229376045219e-269,1.043873498124358,1,1.331998346195134e-256,3.340772822650549e-17,4.724477743883417e-15,169.3759088030253,mpmath_1024,9.058004294784455,55.58201058201058,33.219558235484044,851
pang85_ex3,10,Float64,false,taylor,realschur,0.0,0.000820096,0.0016055539999999995,0.002778122,0.000281987,0.005982168,25,1,0,10.54947916666667,1,2.220446049250313e-16,3.082914519967221e-17,3.580472642547919e-15,169.3759088030253,mpmath_1024,9.058004294784455,55.58201058201058,33.219558235484044,53
pang85_ex3,10,Float64,false,taylor,realschur,0.0,0.0011845260000000002,0.0025606229999999997,0.005152444999999999,0.000320099,0.009685111,72,1,1.655172022812408e-77,10.54947916666667,1,1.727233711018889e-77,3.340772822650549e-17,4.724477743883417e-15,169.3759088030253,mpmath_1024,9.058004294784455,55.58201058201058,33.219558235484044,256
pang85_ex3,10,Float64,false,taylor,realschur,0.0,0.0015175610000000002,0.010274288999999999,0.038062267000000004,0.006091094,0.056323253,90,7,1.51229376045219e-269,1.043873498124358,1,1.331998346195134e-256,3.340772822650549e-17,4.724477743883417e-15,169.3759088030253,mpmath_1024,9.058004294784455,55.58201058201058,33.219558235484044,851
kela89_ex5,2,Float64,false,scaling_and_squaring,NaN,NaN,NaN,NaN,NaN,NaN,2.4883e-5,NaN,NaN,NaN,NaN,NaN,2.220446049250313e-16,2.910371404141188e-11,2.910374314524233e-05,1000001,mpmath_1024,166666666669.5,Inf,Inf,53
kela89_ex5,2,Float64,false,diagonalcheap,transfree,0.0,0.000487322,0.003053907,0.0002108,0.000154171,0.004024794,3,16,0,16.2587890625,74.46644997596741,2.220446049250313e-16,0,0,1000001,mpmath_1024,166666666669.5,Inf,Inf,53
kela89_ex5,2,Float64,false,diagonalcheap,transfree,0.0,0.00013781299999999998,0.0020525950000000004,0.000240817,5.7554e-5,0.002589637,3,3,0,125001,3.906375001e9,1.727233711018889e-77,0,0,1000001,mpmath_1024,166666666669.5,Inf,Inf,256
kela89_ex5,2,Float64,false,diagonalcheap,transfree,0.0,3.3733e-5,0.000447226,0.000273533,6.0e-8,0.000839586,3,0,0,1000001,2.50001000001e11,1.331998346195134e-256,0,0,1000001,mpmath_1024,166666666669.5,Inf,Inf,851
kela89_ex5,2,Float64,false,diagonalcheap,complexschur,0.0,0.0005279209999999999,0.0045558929999999975,0.000193616,0.000161732,0.005565505,3,16,0,16.2587890625,74.46644997596741,2.220446049250313e-16,0,0,1000001,mpmath_1024,166666666669.5,Inf,Inf,53
kela89_ex5,2,Float64,false,diagonalcheap,complexschur,0.0,0.000126941,0.000869261,0.000204359,5.8174e-5,0.001365831,3,3,0,125001,3.906375001e9,1.727233711018889e-77,0,0,1000001,mpmath_1024,166666666669.5,Inf,Inf,256
kela89_ex5,2,Float64,false,diagonalcheap,complexschur,0.0,3.4817e-5,0.0004191,0.00021607299999999998,5.5e-8,0.000772123,3,0,0,1000001,2.50001000001e11,1.331998346195134e-256,0,0,1000001,mpmath_1024,166666666669.5,Inf,Inf,851
kela89_ex5,2,Float64,false,diagonalcheap,realschur,0.0,0.00039321399999999997,0.0028960239999999988,0.000129706,7.2474e-5,0.003593399,3,16,0,16.2587890625,74.46644997596741,2.220446049250313e-16,0,0,1000001,mpmath_1024,166666666669.5,Inf,Inf,53
kela89_ex5,2,Float64,false,diagonalcheap,realschur,0.0,0.00018565499999999998,0.004545285000000001,0.000140139,3.0614e-5,0.00503396,3,3,0,125001,3.906375001e9,1.727233711018889e-77,0,0,1000001,mpmath_1024,166666666669.5,Inf,Inf,256
kela89_ex5,2,Float64,false,diagonalcheap,realschur,0.0,3.5265e-5,0.002200179999999999,0.00014923,3.6e-8,0.002470421,3,0,0,1000001,2.50001000001e11,1.331998346195134e-256,0,0,1000001,mpmath_1024,166666666669.5,Inf,Inf,851
kela89_ex5,2,Float64,false,taylor,transfree,0.0,1.3044e-5,0.000127609,4.3149e-5,4.4e-8,0.000237163,4,0,0,1000001,1,2.220446049250313e-16,0,0,1000001,mpmath_1024,166666666669.5,Inf,Inf,53
kela89_ex5,2,Float64,false,taylor,transfree,0.0,2.3213e-5,0.00018901799999999997,6.9621e-5,7.2e-8,0.000365066,4,0,0,1000001,1,1.727233711018889e-77,0,0,1000001,mpmath_1024,166666666669.5,Inf,Inf,256
kela89_ex5,2,Float64,false,taylor,transfree,0.0,2.535e-5,0.00026836,0.00010127700000000001,4.7e-8,0.000554792,4,0,0,1000001,1,1.331998346195134e-256,0,0,1000001,mpmath_1024,166666666669.5,Inf,Inf,851
kela89_ex5,2,Float64,false,taylor,complexschur,0.0,1.4593e-5,0.000177229,7.096e-5,8.2e-8,0.000380519,4,0,0,1000001,1,2.220446049250313e-16,0,0,1000001,mpmath_1024,166666666669.5,Inf,Inf,53
kela89_ex5,2,Float64,false,taylor,complexschur,0.0,2.469e-5,0.0001857,7.7261e-5,5.9e-8,0.0003771,4,0,0,1000001,1,1.727233711018889e-77,0,0,1000001,mpmath_1024,166666666669.5,Inf,Inf,256
kela89_ex5,2,Float64,false,taylor,complexschur,0.0,2.6336e-5,0.000191333,8.553400000000001e-5,4.7e-8,0.000408758,4,0,0,1000001,1,1.331998346195134e-256,0,0,1000001,mpmath_1024,166666666669.5,Inf,Inf,851
kela89_ex5,2,Float64,false,taylor,realschur,0.0,2.4e-5,0.000195539,6.4945e-5,4.4e-8,0.00037449,4,0,0,1000001,1,2.220446049250313e-16,0,0,1000001,mpmath_1024,166666666669.5,Inf,Inf,53
kela89_ex5,2,Float64,false,taylor,realschur,0.0,2.4368e-5,0.000202882,7.0851e-5,5.2e-8,0.000406798,4,0,0,1000001,1,1.727233711018889e-77,0,0,1000001,mpmath_1024,166666666669.5,Inf,Inf,256
kela89_ex5,2,Float64,false,taylor,realschur,0.0,2.7821e-5,0.00019866,8.6687e-5,7.0e-8,0.00042782,4,0,0,1000001,1,1.331998346195134e-256,0,0,1000001,mpmath_1024,166666666669.5,Inf,Inf,851
jemc05_52,3,Float64,false,scaling_and_squaring,NaN,NaN,NaN,NaN,NaN,NaN,3.3274e-5,NaN,NaN,NaN,NaN,NaN,2.220446049250313e-16,2.930967763947152e-16,1.77635683940025e-15,7.320102322960797,mpmath_1024,6.079072061519,122.66666666666664,87.72145554472485,53
jemc05_52,3,Float64,false,diagonalcheap,transfree,0.0,3.968e-6,0.0013272620000000003,0.00035743200000000003,7.1e-8,0.001784111,9,0,0,7.320102322960796,14.490134828445704,2.220446049250313e-16,2.889649545528145e-16,1.998401444325282e-15,7.320102322960797,mpmath_1024,6.079072061519,122.66666666666664,87.72145554472485,53
jemc05_52,3,Float64,false,diagonalcheap,transfree,0.0,0.000305405,0.004132665999999999,0.0007509389999999998,5.1e-8,0.005300442,25,0,6.448357154341655e-82,7.320102322960794,14.505127655246543,1.727233711018889e-77,4.434972386055927e-17,3.659252009351213e-16,7.320102322960797,mpmath_1024,6.079072061519,122.66666666666664,87.72145554472485,256
jemc05_52,3,Float64,false,diagonalcheap,transfree,0.0,0.001045971,0.008662260000000001,0.0017841509999999999,5.6e-8,0.011672821,65,0,1.543724400412188e-265,7.3201023229608,14.509715503189057,1.331998346195134e-256,4.434972386055927e-17,3.659252009351213e-16,7.320102322960797,mpmath_1024,6.079072061519,122.66666666666664,87.72145554472485,851
jemc05_52,3,Float64,false,diagonalcheap,complexschur,0.00028943,6.399e-6,0.001548583,0.0006896399999999999,4.8e-8,0.002742139,9,0,0,7.728763989627843,18.49540111688408,2.220446049250313e-16,5.216771158853936e-16,2.942091015256665e-15,7.320102322960797,mpmath_1024,6.079072061519,122.66666666666664,87.72145554472485,53
jemc05_52,3,Float64,false,diagonalcheap,complexschur,0.0006066,0.000459102,0.0031464469999999993,0.00129505,5.5e-8,0.005846661,25,0,1.519265412604262e-80,7.72876398962784,18.463085116079867,1.727233711018889e-77,4.434972386055927e-17,3.659252009351213e-16,7.320102322960797,mpmath_1024,6.079072061519,122.66666666666664,87.72145554472485,256
jemc05_52,3,Float64,false,diagonalcheap,complexschur,0.000869756,0.00095203,0.008695884,0.004030988,6.0e-8,0.014996178,65,0,8.128670753364648e-265,7.728763989627841,18.453338636583762,1.331998346195134e-256,4.434972386055927e-17,3.659252009351213e-16,7.320102322960797,mpmath_1024,6.079072061519,122.66666666666664,87.72145554472485,851
jemc05_52,3,Float64,false,diagonalcheap,realschur,0.000276639,4.09e-6,0.001315157,0.000382682,4.9e-8,0.002087146,9,0,2.900261385317109e-17,7.488933820423278,17.50216490350763,2.220446049250313e-16,5.384643265812997e-16,3.497202527569243e-15,7.320102322960797,mpmath_1024,6.079072061519,122.66666666666664,87.72145554472485,53
jemc05_52,3,Float64,false,diagonalcheap,realschur,0.00048736,0.00035748400000000004,0.0039029850000000003,0.000704772,5.6e-8,0.005599093,25,0,1.354804928989292e-80,7.488933820423279,17.413654785719004,1.727233711018889e-77,4.434972386055927e-17,3.659252009351213e-16,7.320102322960797,mpmath_1024,6.079072061519,122.66666666666664,87.72145554472485,256
jemc05_52,3,Float64,false,diagonalcheap,realschur,0.000994364,0.0008024689999999999,0.007794072000000001,0.0018501050000000001,6.1e-8,0.011659766,65,0,8.042683559373673e-265,7.48893382042328,17.384574309035525,1.331998346195134e-256,4.434972386055927e-17,3.659252009351213e-16,7.320102322960797,mpmath_1024,6.079072061519,122.66666666666664,87.72145554472485,851
jemc05_52,3,Float64,false,taylor,transfree,0.0,0.00027992800000000003,0.0007192789999999999,0.00019029899999999997,4.9e-8,0.00127461,20,0,1.387778780781446e-17,7.430666666666665,1,2.220446049250313e-16,9.659867725938353e-17,4.996003610813204e-16,7.320102322960797,mpmath_1024,6.079072061519,122.66666666666664,87.72145554472485,53
jemc05_52,3,Float64,false,taylor,transfree,0.0,0.000618474,0.0016485299999999998,0.000523946,9.3e-8,0.002905523,64,0,1.029511517893606e-84,7.430666666666666,1,1.727233711018889e-77,4.434972386055927e-17,3.659252009351213e-16,7.320102322960797,mpmath_1024,6.079072061519,122.66666666666664,87.72145554472485,256
jemc05_52,3,Float64,false,taylor,transfree,0.0,0.0010217930000000002,0.006327899,0.001266925,0.000139399,0.009028118,90,5,6.544022428071394e-278,1.11001302746131,1,1.331998346195134e-256,4.434972386055927e-17,3.659252009351213e-16,7.320102322960797,mpmath_1024,6.079072061519,122.66666666666664,87.72145554472485,851
jemc05_52,3,Float64,false,taylor,complexschur,0.000326016,0.00036333299999999997,0.0007849889999999999,0.000538038,5.1e-8,0.002220886,20,0,1.387778780781446e-17,7.804091435412483,1,2.220446049250313e-16,5.216771158853936e-16,2.942091015256665e-15,7.320102322960797,mpmath_1024,6.079072061519,122.66666666666664,87.72145554472485,53
jemc05_52,3,Float64,false,taylor,complexschur,0.000494392,0.000943661,0.0018474690000000002,0.001735298,5.8e-8,0.005354206,64,0,2.059023035787212e-84,7.804091435412483,1,1.727233711018889e-77,4.434972386055927e-17,3.659252009351213e-16,7.320102322960797,mpmath_1024,6.079072061519,122.66666666666664,87.72145554472485,256
jemc05_52,3,Float64,false,taylor,complexschur,0.000830868,0.001332479,0.0063619329999999984,0.002219429,0.001217108,0.012480099,90,5,3.29232571068182e-278,1.184008704779721,1,1.331998346195134e-256,4.434972386055927e-17,3.659252009351213e-16,7.320102322960797,mpmath_1024,6.079072061519,122.66666666666664,87.72145554472485,851
jemc05_52,3,Float64,false,taylor,realschur,0.000283292,0.00028208199999999996,0.00069766,0.000208891,6.5e-8,0.001600253,20,0,1.387778780781446e-17,7.545730764596867,1,2.220446049250313e-16,5.384643265812997e-16,3.497202527569243e-15,7.320102322960797,mpmath_1024,6.079072061519,122.66666666666664,87.72145554472485,53
jemc05_52,3,Float64,false,taylor,realschur,0.000257441,0.0006141630000000001,0.0017122310000000003,0.000482954,5.5e-8,0.003202836,56,0,5.756816843444116e-77,7.545730764596867,1,1.727233711018889e-77,4.434972386055927e-17,3.659252009351213e-16,7.320102322960797,mpmath_1024,6.079072061519,122.66666666666664,87.72145554472485,256
jemc05_52,3,Float64,false,taylor,realschur,0.000771132,0.000789259,0.005536816999999999,0.000964974,0.000601285,0.008907406,90,5,5.26111031784336e-279,1.183073236771433,1,1.331998346195134e-256,4.434972386055927e-17,3.659252009351213e-16,7.320102322960797,mpmath_1024,6.079072061519,122.66666666666664,87.72145554472485,851
jemc05_55,6,Float64,false,scaling_and_squaring,NaN,NaN,NaN,NaN,NaN,NaN,4.3732e-5,NaN,NaN,NaN,NaN,NaN,2.220446049250313e-16,1.704104695107793e-16,4.805184028455756e-16,2.246154055500844,mpmath_1024,4.002881659759157,211.5,344.1596607236965,53
jemc05_55,6,Float64,false,diagonalcheap,transfree,0.0,0.000200266,0.002036218,0.0011438449999999999,4.6e-8,0.003555011,13,0,0,2.246154055500844,8.82869313557578,2.220446049250313e-16,4.247295557961059e-16,1.085936895961481e-15,2.246154055500844,mpmath_1024,4.002881659759157,211.5,344.1596607236965,53
jemc05_55,6,Float64,false,diagonalcheap,transfree,0.0,0.0006824309999999999,0.004125317,0.002315382,5.8e-8,0.007487992,31,0,1.898833465542917e-84,2.246154055500845,9.013384266202824,1.727233711018889e-77,4.492694989787221e-17,1.042663401145839e-16,2.246154055500844,mpmath_1024,4.002881659759157,211.5,344.1596607236965,256
jemc05_55,6,Float64,false,diagonalcheap,transfree,0.0,0.001334979,0.0136323,0.006765614999999999,5.2e-8,0.021976944,81,0,8.900706909414628e-281,2.246154055500843,9.093792973311622,1.331998346195134e-256,4.492694989787221e-17,1.042663401145839e-16,2.246154055500844,mpmath_1024,4.002881659759157,211.5,344.1596607236965,851
jemc05_55,6,Float64,false,diagonalcheap,complexschur,0.001630042,0.00018279,0.0023698,0.00319318,3.09e-7,0.008245265,13,0,1.005131307318071e-16,2.258305386145238,12.500109137472414,2.220446049250313e-16,9.690643627291225e-16,2.997602166487923e-15,2.246154055500844,mpmath_1024,4.002881659759157,211.5,344.1596607236965,53
jemc05_55,6,Float64,false,diagonalcheap,complexschur,0.003050661,0.0008860649999999999,0.0050530819999999995,0.006627297,5.8e-8,0.016862724,31,0,6.351267817827456e-84,2.538798438268961,12.349093323408413,1.727233711018889e-77,4.492694989787221e-17,1.042663401145839e-16,2.246154055500844,mpmath_1024,4.002881659759157,211.5,344.1596607236965,256
jemc05_55,6,Float64,false,diagonalcheap,complexschur,0.005751956,0.0022945409999999998,0.014176809999999996,0.016983553000000002,9.9e-8,0.041007509,81,0,1.424021620807678e-281,2.563768881316037,12.525629331069768,1.331998346195134e-256,4.492694989787221e-17,1.042663401145839e-16,2.246154055500844,mpmath_1024,4.002881659759157,211.5,344.1596607236965,851
jemc05_55,6,Float64,false,diagonalcheap,realschur,0.001421578,0.000128443,0.0018273510000000005,0.001032633,5.6e-8,0.004694065,13,0,2.501198799422605e-17,2.239714627563629,12.007718311592402,2.220446049250313e-16,1.013235654768342e-15,2.862293735361732e-15,2.246154055500844,mpmath_1024,4.002881659759157,211.5,344.1596607236965,53
jemc05_55,6,Float64,false,diagonalcheap,realschur,0.002758898,0.000566409,0.006269828999999999,0.002132324,4.9e-8,0.012081156,31,0,4.243247225647241e-84,2.450627814086267,11.82360211336685,1.727233711018889e-77,4.492694989787221e-17,1.042663401145839e-16,2.246154055500844,mpmath_1024,4.002881659759157,211.5,344.1596607236965,256
jemc05_55,6,Float64,false,diagonalcheap,realschur,0.005275231,0.0012543999999999997,0.010495286,0.005750245,4.6e-8,0.023330739,81,0,2.842772724816108e-281,2.450627814086266,11.939208301576542,1.331998346195134e-256,4.492694989787221e-17,1.042663401145839e-16,2.246154055500844,mpmath_1024,4.002881659759157,211.5,344.1596607236965,851
jemc05_55,6,Float64,false,taylor,transfree,0.0,0.00040273700000000007,0.0009541539999999999,0.000839182,5.0e-8,0.002336435,25,0,1.665334536937735e-16,3.16,1,2.220446049250313e-16,2.101681568474505e-16,4.718447854656915e-16,2.246154055500844,mpmath_1024,4.002881659759157,211.5,344.1596607236965,53
jemc05_55,6,Float64,false,taylor,transfree,0.0,0.0010416260000000001,0.0019953079999999995,0.002405536,4.8e-8,0.005611452,72,0,1.85312073220849e-83,3.16,1,1.727233711018889e-77,4.492694989787221e-17,1.042663401145839e-16,2.246154055500844,mpmath_1024,4.002881659759157,211.5,344.1596607236965,256
jemc05_55,6,Float64,false,taylor,transfree,0.0,0.0012249770000000001,0.007392034999999999,0.0040409899999999995,0.0008399,0.013822988,90,6,4.784921300783115e-276,1.040013025426241,1,1.331998346195134e-256,4.492694989787221e-17,1.042663401145839e-16,2.246154055500844,mpmath_1024,4.002881659759157,211.5,344.1596607236965,851
jemc05_55,6,Float64,false,taylor,complexschur,0.001425395,0.0007088629999999999,0.0013446390000000003,0.0026949340000000004,5.3e-8,0.007022568,25,0,4.440892098500626e-16,3.753366763785958,1,2.220446049250313e-16,1.171835039512714e-15,3.419139971150287e-15,2.246154055500844,mpmath_1024,4.002881659759157,211.5,344.1596607236965,53
jemc05_55,6,Float64,false,taylor,complexschur,0.003791417,0.001908638,0.0027808639999999988,0.006040065000000001,5.7e-8,0.015687657,72,0,3.706241464416981e-83,3.65956756371519,1,1.727233711018889e-77,4.492694989787221e-17,1.042663401145839e-16,2.246154055500844,mpmath_1024,4.002881659759157,211.5,344.1596607236965,256
jemc05_55,6,Float64,false,taylor,complexschur,0.005219811,0.0019124000000000005,0.008880362000000001,0.007783308,0.005687381,0.031456411,90,6,2.398018558948536e-275,1.056332557094227,1,1.331998346195134e-256,4.492694989787221e-17,1.042663401145839e-16,2.246154055500844,mpmath_1024,4.002881659759157,211.5,344.1596607236965,851
jemc05_55,6,Float64,false,taylor,realschur,0.001433103,0.00032888200000000007,0.0008643009999999998,0.000498168,3.5e-8,0.003301942,25,0,2.220446049250313e-16,3.578313084105301,1,2.220446049250313e-16,1.0260958240328e-15,3.001071613439876e-15,2.246154055500844,mpmath_1024,4.002881659759157,211.5,344.1596607236965,53
jemc05_55,6,Float64,false,taylor,realschur,0.001411067,0.000790612,0.0018399250000000005,0.0019880419999999998,5.1e-8,0.0063725,72,0,4.941655285889308e-83,3.686438590532417,1,1.727233711018889e-77,4.492694989787221e-17,1.042663401145839e-16,2.246154055500844,mpmath_1024,4.002881659759157,211.5,344.1596607236965,256
jemc05_55,6,Float64,false,taylor,realschur,0.057238295,0.001364615,0.008727375999999998,0.003120513,0.001790718,0.072936089,90,6,1.512825041312306e-275,1.057160830501438,1,1.331998346195134e-256,4.492694989787221e-17,1.042663401145839e-16,2.246154055500844,mpmath_1024,4.002881659759157,211.5,344.1596607236965,851
kela98_ex3,2,Float64,false,scaling_and_squaring,NaN,NaN,NaN,NaN,NaN,NaN,1.9189e-5,NaN,NaN,NaN,NaN,NaN,2.220446049250313e-16,9.712353211961393e-12,3.573086271302373e-12,0.3678794779593901,mpmath_1024,19999998.99999978,2.0000002e7,2.0000000000000052e7,53
kela98_ex3,2,Float64,false,diagonalcheap,transfree,0.0,0.00018702699999999998,0.008428666,0.000358087,0.000505051,0.009838569,13,21,0,10.85022320590447,20.700447124480522,2.220446049250313e-16,1.066988396510746e-16,5.551115123125783e-17,0.3678794779593901,mpmath_1024,19999998.99999978,2.0000002e7,2.0000000000000052e7,53
kela98_ex3,2,Float64,false,diagonalcheap,transfree,0.0,0.0006481439999999999,0.008523951999999998,0.000454006,0.000537972,0.010463501,43,20,9.240078474430195e-83,117.7273320443647,234.45467546401184,1.727233711018889e-77,3.840547440775591e-17,1.564480488608202e-17,0.3678794779593901,mpmath_1024,19999998.99999978,2.0000002e7,2.0000000000000052e7,256
kela98_ex3,2,Float64,false,diagonalcheap,transfree,0.0,0.001140018,0.019597477999999998,0.001374114,0.002286457,0.024708426,91,20,3.83837166945351e-264,117.7273320443642,234.45467546401102,1.331998346195134e-256,3.840547440775591e-17,1.564480488608202e-17,0.3678794779593901,mpmath_1024,19999998.99999978,2.0000002e7,2.0000000000000052e7,851
kela98_ex3,2,Float64,false,diagonalcheap,complexschur,0.0,0.000129744,0.004453115999999998,0.000307184,0.000425104,0.005486569,13,21,0,10.85022320590447,20.700447124480522,2.220446049250313e-16,1.066988396510746e-16,5.551115123125783e-17,0.3678794779593901,mpmath_1024,19999998.99999978,2.0000002e7,2.0000000000000052e7,53
kela98_ex3,2,Float64,false,diagonalcheap,complexschur,0.0,0.0005144509999999999,0.0075086660000000015,0.000644398,0.000834212,0.009723576,43,20,9.240078474430195e-83,117.7273320443647,234.45467546401184,1.727233711018889e-77,3.840547440775591e-17,1.564480488608202e-17,0.3678794779593901,mpmath_1024,19999998.99999978,2.0000002e7,2.0000000000000052e7,256
kela98_ex3,2,Float64,false,diagonalcheap,complexschur,0.0,0.000990063,0.013414540000000004,0.0014073,0.002362381,0.018443575,91,20,3.83837166945351e-264,117.7273320443642,234.45467546401102,1.331998346195134e-256,3.840547440775591e-17,1.564480488608202e-17,0.3678794779593901,mpmath_1024,19999998.99999978,2.0000002e7,2.0000000000000052e7,851
kela98_ex3,2,Float64,false,diagonalcheap,realschur,0.0,0.000164532,0.005727625000000001,0.000336378,0.000416125,0.006881963,13,21,0,10.85022320590447,20.700447124480522,2.220446049250313e-16,1.066988396510746e-16,5.551115123125783e-17,0.3678794779593901,mpmath_1024,19999998.99999978,2.0000002e7,2.0000000000000052e7,53
kela98_ex3,2,Float64,false,diagonalcheap,realschur,0.0,0.0006597449999999999,0.008286674,0.000691533,0.00336538,0.01325616,43,20,9.240078474430195e-83,117.7273320443647,234.45467546401184,1.727233711018889e-77,3.840547440775591e-17,1.564480488608202e-17,0.3678794779593901,mpmath_1024,19999998.99999978,2.0000002e7,2.0000000000000052e7,256
kela98_ex3,2,Float64,false,diagonalcheap,realschur,0.0,0.001049871,0.014547619999999999,0.00138967,0.002516484,0.019789865,91,20,3.83837166945351e-264,117.7273320443642,234.45467546401102,1.331998346195134e-256,3.840547440775591e-17,1.564480488608202e-17,0.3678794779593901,mpmath_1024,19999998.99999978,2.0000002e7,2.0000000000000052e7,851
kela98_ex3,2,Float64,false,taylor,transfree,0.0,0.000486496,0.005935668,0.000257876,0.000461579,0.007023841,20,22,1.110223024625157e-16,3.293967643323135,1,2.220446049250313e-16,1.066988396510746e-16,5.551115123125783e-17,0.3678794779593901,mpmath_1024,19999998.99999978,2.0000002e7,2.0000000000000052e7,53
kela98_ex3,2,Float64,false,taylor,transfree,0.0,0.0010199249999999999,0.007944037000000003,0.00033018900000000005,0.000855729,0.010066803,81,21,8.236092143148846e-84,10.84978277757991,1,1.727233711018889e-77,3.840547440775591e-17,1.564480488608202e-17,0.3678794779593901,mpmath_1024,19999998.99999978,2.0000002e7,2.0000000000000052e7,256
kela98_ex3,2,Float64,false,taylor,transfree,0.0,0.000775467,0.014521459,0.000446016,0.003237301,0.018932493,81,28,6.619959226602468e-261,1.018801007760022,1,1.331998346195134e-256,3.840547440775591e-17,1.564480488608202e-17,0.3678794779593901,mpmath_1024,19999998.99999978,2.0000002e7,2.0000000000000052e7,851
kela98_ex3,2,Float64,false,taylor,complexschur,0.0,0.0007185599999999998,0.006054556,0.000165609,0.000462094,0.007080753,20,22,1.110223024625157e-16,3.293967643323135,1,2.220446049250313e-16,1.066988396510746e-16,5.551115123125783e-17,0.3678794779593901,mpmath_1024,19999998.99999978,2.0000002e7,2.0000000000000052e7,53
kela98_ex3,2,Float64,false,taylor,complexschur,0.0,0.0007826299999999999,0.010869451999999998,0.000378552,0.000882598,0.012860182,81,21,8.236092143148846e-84,10.84978277757991,1,1.727233711018889e-77,3.840547440775591e-17,1.564480488608202e-17,0.3678794779593901,mpmath_1024,19999998.99999978,2.0000002e7,2.0000000000000052e7,256
kela98_ex3,2,Float64,false,taylor,complexschur,0.0,0.000647377,0.014996434000000001,0.000492765,0.00355235,0.019649992,81,28,6.619959226602468e-261,1.018801007760022,1,1.331998346195134e-256,3.840547440775591e-17,1.564480488608202e-17,0.3678794779593901,mpmath_1024,19999998.99999978,2.0000002e7,2.0000000000000052e7,851
kela98_ex3,2,Float64,false,taylor,realschur,0.0,0.00061915,0.0069913430000000006,0.00017783499999999997,0.000480498,0.008130011,20,22,1.110223024625157e-16,3.293967643323135,1,2.220446049250313e-16,1.066988396510746e-16,5.551115123125783e-17,0.3678794779593901,mpmath_1024,19999998.99999978,2.0000002e7,2.0000000000000052e7,53
kela98_ex3,2,Float64,false,taylor,realschur,0.0,0.00089655,0.008952080000000006,0.00032810200000000004,0.000789247,0.010903482,81,21,8.236092143148846e-84,10.84978277757991,1,1.727233711018889e-77,3.840547440775591e-17,1.564480488608202e-17,0.3678794779593901,mpmath_1024,19999998.99999978,2.0000002e7,2.0000000000000052e7,256
kela98_ex3,2,Float64,false,taylor,realschur,0.0,0.000846917,0.015065483,0.000440743,0.003016345,0.019287692,81,28,6.619959226602468e-261,1.018801007760022,1,1.331998346195134e-256,3.840547440775591e-17,1.564480488608202e-17,0.3678794779593901,mpmath_1024,19999998.99999978,2.0000002e7,2.0000000000000052e7,851
mopa03_21,4,Float64,false,scaling_and_squaring,NaN,NaN,NaN,NaN,NaN,NaN,3.526e-5,NaN,NaN,NaN,NaN,NaN,2.220446049250313e-16,5.734540815240232e-16,5.828670879282072e-16,0.9984925139314271,mpmath_1024,17.12948427704917,3584.2838709677426,2516.039607902103,53
mopa03_21,4,Float64,false,diagonalcheap,transfree,0.0,0.00010828799999999999,0.00184631,0.00048139,3.4966e-5,0.0026099,13,2,5.551100320558687e-17,0.9999744758930871,9.714545788307198,2.220446049250313e-16,3.862542714231385e-16,3.330783423323349e-16,0.9984925139314271,mpmath_1024,17.12948427704917,3584.2838709677426,2516.039607902103,53
mopa03_21,4,Float64,false,diagonalcheap,transfree,0.0,0.000520761,0.004270567,0.001175903,2.1549e-5,0.006150118,43,1,1.136550443038911e-80,0.9997707512054602,58.60696661629142,1.727233711018889e-77,4.939170359261112e-17,4.595384734393112e-17,0.9984925139314271,mpmath_1024,17.12948427704917,3584.2838709677426,2516.039607902103,256
mopa03_21,4,Float64,false,diagonalcheap,transfree,0.0,0.001185711,0.011386635999999999,0.0026519,5.7424e-5,0.015526781,91,2,6.886254157516247e-281,0.9999744758930871,10.283543997583866,1.331998346195134e-256,4.939170359261112e-17,4.595384734393112e-17,0.9984925139314271,mpmath_1024,17.12948427704917,3584.2838709677426,2516.039607902103,851
mopa03_21,4,Float64,false,diagonalcheap,complexschur,0.000378232,0.001241301,0.010924002999999998,0.006973513000000001,0.001332356,0.02127303,91,3,2.128877657624614e-17,1.704254758683123,3.541083732318464,2.220446049250313e-16,1.083931421508939e-15,1.233063130767764e-15,0.9984925139314271,mpmath_1024,17.12948427704917,3584.2838709677426,2516.039607902103,53
mopa03_21,4,Float64,false,diagonalcheap,complexschur,0.000553804,0.0008086459999999999,0.010875617999999998,0.004441677,0.000163788,0.017284463,43,1,8.745454843393444e-82,1.303636741906626,51.709467588243164,1.727233711018889e-77,4.939170359261112e-17,4.595384734393112e-17,0.9984925139314271,mpmath_1024,17.12948427704917,3584.2838709677426,2516.039607902103,256
mopa03_21,4,Float64,false,diagonalcheap,complexschur,0.000885963,0.001307681,0.012324460999999998,0.006829464,0.00061364,0.022489836,91,2,1.641447875755942e-280,1.000909807052291,9.037320481197778,1.331998346195134e-256,4.939170359261112e-17,4.595384734393112e-17,0.9984925139314271,mpmath_1024,17.12948427704917,3584.2838709677426,2516.039607902103,851
mopa03_21,4,Float64,false,diagonalcheap,realschur,0.000349538,0.001232329,0.013891758,0.001995878,0.000147152,0.017844617,91,3,2.128877657624614e-17,1.704254758683123,3.541083732318464,2.220446049250313e-16,1.083931421508939e-15,1.233063130767764e-15,0.9984925139314271,mpmath_1024,17.12948427704917,3584.2838709677426,2516.039607902103,53
mopa03_21,4,Float64,false,diagonalcheap,realschur,0.000507765,0.00049133,0.004456450999999999,0.001349546,9.7889e-5,0.00737395,43,1,8.745454843393444e-82,1.303636741906626,51.709467588243164,1.727233711018889e-77,4.939170359261112e-17,4.595384734393112e-17,0.9984925139314271,mpmath_1024,17.12948427704917,3584.2838709677426,2516.039607902103,256
mopa03_21,4,Float64,false,diagonalcheap,realschur,0.001118347,0.0013768699999999997,0.012956172999999998,0.003216632,0.000478049,0.019796686,91,2,1.641447875755942e-280,1.000909807052291,9.037320481197778,1.331998346195134e-256,4.939170359261112e-17,4.595384734393112e-17,0.9984925139314271,mpmath_1024,17.12948427704917,3584.2838709677426,2516.039607902103,851
mopa03_21,4,Float64,false,taylor,transfree,0.0,0.00051964,0.0014202739999999996,0.000383031,3.8093e-5,0.002538895,30,2,2.220446049250313e-16,4.572653309792149,1,2.220446049250313e-16,4.789405627012516e-16,5.829733905630876e-16,0.9984925139314271,mpmath_1024,17.12948427704917,3584.2838709677426,2516.039607902103,53
mopa03_21,4,Float64,false,taylor,transfree,0.0,0.001146189,0.003177133,0.0008941309999999999,4.1527e-5,0.005476218,81,2,5.120152816470915e-77,4.572653309792149,1,1.727233711018889e-77,4.939170359261112e-17,4.595384734393112e-17,0.9984925139314271,mpmath_1024,17.12948427704917,3584.2838709677426,2516.039607902103,256
mopa03_21,4,Float64,false,taylor,transfree,0.0,0.001002928,0.007831193000000002,0.001163881,0.000239394,0.010479024,90,9,1.721567512383298e-281,0.9999999999998021,1,1.331998346195134e-256,4.939170359261112e-17,4.595384734393112e-17,0.9984925139314271,mpmath_1024,17.12948427704917,3584.2838709677426,2516.039607902103,851
mopa03_21,4,Float64,false,taylor,complexschur,0.00035583,0.000560682,0.0013302200000000002,0.001058222,0.000235441,0.003905233,30,2,3.33066907387547e-16,2.796288397617364,1,2.220446049250313e-16,1.079916662468234e-15,1.232412609464273e-15,0.9984925139314271,mpmath_1024,17.12948427704917,3584.2838709677426,2516.039607902103,53
mopa03_21,4,Float64,false,taylor,complexschur,0.000533058,0.000934029,0.0025044599999999996,0.0021884020000000003,0.000321482,0.006879741,81,2,8.430463917727159e-80,2.796288397617365,1,1.727233711018889e-77,4.939170359261112e-17,4.595384734393112e-17,0.9984925139314271,mpmath_1024,17.12948427704917,3584.2838709677426,2516.039607902103,256
mopa03_21,4,Float64,false,taylor,complexschur,0.000894693,0.00111982,0.007030965000000001,0.002798772,0.002421704,0.014770351,90,8,6.620124621571839e-257,1.051128017009214,1,1.331998346195134e-256,4.939170359261112e-17,4.595384734393112e-17,0.9984925139314271,mpmath_1024,17.12948427704917,3584.2838709677426,2516.039607902103,851
mopa03_21,4,Float64,false,taylor,realschur,0.000345371,0.0003952800000000001,0.001108974,0.0004035299999999999,0.000106917,0.002537054,30,2,2.220446049250313e-16,2.796288397617364,1,2.220446049250313e-16,1.079916662468234e-15,1.232412609464273e-15,0.9984925139314271,mpmath_1024,17.12948427704917,3584.2838709677426,2516.039607902103,53
mopa03_21,4,Float64,false,taylor,realschur,0.000542003,0.0007274070000000001,0.002367427,0.000940256,0.000184581,0.004999219,81,2,8.430463917727159e-80,2.796288397617365,1,1.727233711018889e-77,4.939170359261112e-17,4.595384734393112e-17,0.9984925139314271,mpmath_1024,17.12948427704917,3584.2838709677426,2516.039607902103,256
mopa03_21,4,Float64,false,taylor,realschur,0.00089231,0.0008869599999999999,0.0065840199999999995,0.001405335,0.001984382,0.012100574,90,8,6.620124621571839e-257,1.051128017009214,1,1.331998346195134e-256,4.939170359261112e-17,4.595384734393112e-17,0.9984925139314271,mpmath_1024,17.12948427704917,3584.2838709677426,2516.039607902103,851
mopa03_26,3,Float64,false,scaling_and_squaring,NaN,NaN,NaN,NaN,NaN,NaN,2.8833e-5,NaN,NaN,NaN,NaN,NaN,2.220446049250313e-16,1.704012023789879e-17,2.775557561562891e-17,1,mpmath_1024,0.2065784013396638,Inf,Inf,53
mopa03_26,3,Float64,false,diagonalcheap,transfree,0.0,2.56e-6,0.0009494649999999999,0.000252764,4.9e-8,0.001293967,5,0,1.110223024625157e-16,1,1.080558036425934,2.220446049250313e-16,1.704012023789879e-17,2.775557561562891e-17,1,mpmath_1024,0.2065784013396638,Inf,Inf,53
mopa03_26,3,Float64,false,diagonalcheap,transfree,0.0,0.00043815300000000005,0.002259281,0.000540577,5.5e-8,0.003357113,21,0,5.14755758946803e-85,1,1.2400318411903024,1.727233711018889e-77,1.926528207542955e-17,2.606052575776854e-17,1,mpmath_1024,0.2065784013396638,Inf,Inf,256
mopa03_26,3,Float64,false,diagonalcheap,transfree,0.0,0.001514456,0.008905670999999999,0.001264578,5.3e-8,0.011868624,57,0,1.377254009906639e-281,1,1.0810559333581005,1.331998346195134e-256,1.926528207542955e-17,2.606052575776854e-17,1,mpmath_1024,0.2065784013396638,Inf,Inf,851
mopa03_26,3,Float64,false,diagonalcheap,complexschur,0.000139744,0.000147654,0.0017194070000000003,0.000602158,6.3e-8,0.002795849,7,0,7.244888485429606e-18,1.083796267726694,1.100821094392229,2.220446049250313e-16,3.937784155513215e-16,7.28583859910259e-16,1,mpmath_1024,0.2065784013396638,Inf,Inf,53
mopa03_26,3,Float64,false,diagonalcheap,complexschur,0.000160497,0.00046109300000000004,0.004585409,0.0011382889999999998,5.6e-8,0.006546319,21,0,1.075040201037864e-84,1.083796267726694,1.1011222888983654,1.727233711018889e-77,1.926528207542955e-17,2.606052575776854e-17,1,mpmath_1024,0.2065784013396638,Inf,Inf,256
mopa03_26,3,Float64,false,diagonalcheap,complexschur,0.000230258,0.000985404,0.006348669,0.0028129220000000003,6.3e-8,0.010654036,57,0,7.191060381911007e-282,1.083796267726694,1.101211406015603,1.331998346195134e-256,1.926528207542955e-17,2.606052575776854e-17,1,mpmath_1024,0.2065784013396638,Inf,Inf,851
mopa03_26,3,Float64,false,diagonalcheap,realschur,0.000129756,8.682e-5,0.0009701019999999998,0.000300424,4.8e-8,0.001582734,7,0,7.244888485429606e-18,1.083796267726694,1.100821094392229,2.220446049250313e-16,3.937784155513215e-16,7.28583859910259e-16,1,mpmath_1024,0.2065784013396638,Inf,Inf,53
mopa03_26,3,Float64,false,diagonalcheap,realschur,0.000177508,0.00033824399999999997,0.002048725,0.000552746,5.2e-8,0.00324821,21,0,1.075040201037864e-84,1.083796267726694,1.1011222888983654,1.727233711018889e-77,1.926528207542955e-17,2.606052575776854e-17,1,mpmath_1024,0.2065784013396638,Inf,Inf,256
mopa03_26,3,Float64,false,diagonalcheap,realschur,0.000221852,0.0007898009999999999,0.005689548999999999,0.001477763,6.1e-8,0.008378485,57,0,7.191060381911007e-282,1.083796267726694,1.101211406015603,1.331998346195134e-256,1.926528207542955e-17,2.606052575776854e-17,1,mpmath_1024,0.2065784013396638,Inf,Inf,851
mopa03_26,3,Float64,false,taylor,transfree,0.0,0.00017599,0.000434504,0.00011022800000000002,5.6e-8,0.000792966,12,0,6.938893903907228e-18,1,1,2.220446049250313e-16,0,0,1,mpmath_1024,0.2065784013396638,Inf,Inf,53
mopa03_26,3,Float64,false,taylor,transfree,0.0,0.00045298900000000005,0.0009589290000000001,0.00027874000000000003,7.0e-8,0.001779017,42,0,2.396790322135335e-79,1,1,1.727233711018889e-77,1.926528207542955e-17,2.606052575776854e-17,1,mpmath_1024,0.2065784013396638,Inf,Inf,256
mopa03_26,3,Float64,false,taylor,transfree,0.0,0.000827746,0.004439955,0.000615146,4.6057e-5,0.006099826,90,3,6.696897623171031e-279,1,1,1.331998346195134e-256,1.926528207542955e-17,2.606052575776854e-17,1,mpmath_1024,0.2065784013396638,Inf,Inf,851
mopa03_26,3,Float64,false,taylor,complexschur,0.000134721,0.00028236,0.0005764979999999999,0.000316979,5.9e-8,0.001485482,12,0,0,1.083840083852329,1,2.220446049250313e-16,3.945959933723647e-16,7.277164981722706e-16,1,mpmath_1024,0.2065784013396638,Inf,Inf,53
mopa03_26,3,Float64,false,taylor,complexschur,0.000180904,0.0006476040000000001,0.0012187040000000001,0.000764971,5.8e-8,0.00303096,42,0,7.617041719881832e-79,1.083840083852329,1,1.727233711018889e-77,1.926528207542955e-17,2.606052575776854e-17,1,mpmath_1024,0.2065784013396638,Inf,Inf,256
mopa03_26,3,Float64,false,taylor,complexschur,0.000224128,0.0009255530000000001,0.0051844379999999995,0.001795071,0.000463627,0.008939533,90,3,3.709977989186008e-278,1.011547545874414,1,1.331998346195134e-256,1.926528207542955e-17,2.606052575776854e-17,1,mpmath_1024,0.2065784013396638,Inf,Inf,851
mopa03_26,3,Float64,false,taylor,realschur,0.000135438,0.000192385,0.00051018,0.000148804,6.6e-8,0.001095381,12,0,0,1.083840083852329,1,2.220446049250313e-16,3.945959933723647e-16,7.277164981722706e-16,1,mpmath_1024,0.2065784013396638,Inf,Inf,53
mopa03_26,3,Float64,false,taylor,realschur,0.000176857,0.00048761500000000005,0.0011660549999999998,0.00037653299999999997,6.3e-8,0.002510006,42,0,7.617041719881832e-79,1.083840083852329,1,1.727233711018889e-77,1.926528207542955e-17,2.606052575776854e-17,1,mpmath_1024,0.2065784013396638,Inf,Inf,256
mopa03_26,3,Float64,false,taylor,realschur,0.000239203,0.001347451,0.005684322000000001,0.001016506,0.000365597,0.00892737,90,3,3.709977989186008e-278,1.011547545874414,1,1.331998346195134e-256,1.926528207542955e-17,2.606052575776854e-17,1,mpmath_1024,0.2065784013396638,Inf,Inf,851
kase99_table1,10,Float64,false,scaling_and_squaring,NaN,NaN,NaN,NaN,NaN,NaN,4.1397e-5,NaN,NaN,NaN,NaN,NaN,2.220446049250313e-16,7.021669809638465e-17,1.110227259789956e-16,1,mpmath_1024,1.189873915481938e-06,Inf,Inf,53
kase99_table1,10,Float64,false,diagonalcheap,transfree,0.0,1.235e-6,0.000599673,0.000771284,5.7e-8,0.001575234,3,0,0,1,1.0000004393874,2.220446049250313e-16,6.69965826916053e-23,2.117582494353496e-22,1,mpmath_1024,1.189873915481938e-06,Inf,Inf,53
kase99_table1,10,Float64,false,diagonalcheap,transfree,0.0,0.00028392900000000004,0.0021433460000000004,0.001788534,3.5e-8,0.004437583,7,0,0,1,1.000000439387424,1.727233711018889e-77,2.427901545663099e-17,4.422371510414173e-17,1,mpmath_1024,1.189873915481938e-06,Inf,Inf,256
kase99_table1,10,Float64,false,diagonalcheap,transfree,0.0,0.0007010199999999999,0.004211690999999999,0.004446012,4.8e-8,0.00967531,21,0,0,1,1.000001601000648,1.331998346195134e-256,2.427901545663099e-17,4.422371510414173e-17,1,mpmath_1024,1.189873915481938e-06,Inf,Inf,851
kase99_table1,10,Float64,false,diagonalcheap,complexschur,0.003171401,1.099e-6,0.000732439,0.002466646,5.1e-8,0.007659918,3,0,6.938902539418403e-18,1.000001833399011,1.0000022935100625,2.220446049250313e-16,7.863836691744967e-16,2.67061374715825e-15,1,mpmath_1024,1.189873915481938e-06,Inf,Inf,53
kase99_table1,10,Float64,false,diagonalcheap,complexschur,0.00514859,0.00024194,0.0024960259999999997,0.007532349999999999,5.5e-8,0.018488968,7,0,0,1.000001833396426,1.0000022935102038,1.727233711018889e-77,2.427901545663099e-17,4.422371510414173e-17,1,mpmath_1024,1.189873915481938e-06,Inf,Inf,256
kase99_table1,10,Float64,false,diagonalcheap,complexschur,0.0931035,0.000931027,0.008815216999999998,0.016718003,6.2e-8,0.122993104,21,0,3.443139309777133e-282,1.000001242709154,1.000002293510264,1.331998346195134e-256,2.427901545663099e-17,4.422371510414173e-17,1,mpmath_1024,1.189873915481938e-06,Inf,Inf,851
kase99_table1,10,Float64,false,diagonalcheap,realschur,0.0030483,1.221e-6,0.000818831,0.0009642059999999999,5.2e-8,0.005529824,3,0,6.938902539418403e-18,1.000001833399011,1.0000022935100625,2.220446049250313e-16,7.863836691744967e-16,2.67061374715825e-15,1,mpmath_1024,1.189873915481938e-06,Inf,Inf,53
kase99_table1,10,Float64,false,diagonalcheap,realschur,0.005167627,0.00016092500000000002,0.002774902,0.002539782,5.7e-8,0.011616902,7,0,0,1.000001833396426,1.0000022935102038,1.727233711018889e-77,2.427901545663099e-17,4.422371510414173e-17,1,mpmath_1024,1.189873915481938e-06,Inf,Inf,256
kase99_table1,10,Float64,false,diagonalcheap,realschur,0.015034716,0.0007795120000000001,0.005314782,0.006326869000000001,1.32e-7,0.029290524,21,0,3.443139309777133e-282,1.000001242709154,1.000002293510264,1.331998346195134e-256,2.427901545663099e-17,4.422371510414173e-17,1,mpmath_1024,1.189873915481938e-06,Inf,Inf,851
kase99_table1,10,Float64,false,taylor,transfree,0.0,4.55e-6,0.0007807090000000001,0.0005682160000000001,3.9e-8,0.001620997,4,0,0,1,1,2.220446049250313e-16,3.118261360871961e-32,9.860964088038164e-32,1,mpmath_1024,1.189873915481938e-06,Inf,Inf,53
kase99_table1,10,Float64,false,taylor,transfree,0.0,0.00040092100000000005,0.001804898,0.002878071,5.2e-8,0.005367887,12,0,2.367876491155293e-83,1,1,1.727233711018889e-77,2.427901545663099e-17,4.422371510414173e-17,1,mpmath_1024,1.189873915481938e-06,Inf,Inf,256
kase99_table1,10,Float64,false,taylor,transfree,0.0,0.0013183840000000001,0.0017507080000000001,0.00476003,5.1e-8,0.008145293,42,0,6.886270049533194e-282,1,1,1.331998346195134e-256,2.427901545663099e-17,4.422371510414173e-17,1,mpmath_1024,1.189873915481938e-06,Inf,Inf,851
kase99_table1,10,Float64,false,taylor,complexschur,0.003071366,1.154e-6,0.0007347410000000001,0.002069135,7.2e-8,0.008217216,4,0,0,1.000002489015681,1,2.220446049250313e-16,7.863836691744967e-16,2.67061374715825e-15,1,mpmath_1024,1.189873915481938e-06,Inf,Inf,53
kase99_table1,10,Float64,false,taylor,complexschur,0.006742562,0.000552228,0.0012815370000000001,0.006290322000000001,5.6e-8,0.018008472,12,0,2.573778794734014e-84,1.000002489015681,1,1.727233711018889e-77,2.427901545663099e-17,4.422371510414173e-17,1,mpmath_1024,1.189873915481938e-06,Inf,Inf,256
kase99_table1,10,Float64,false,taylor,complexschur,0.012542942,0.001328865,0.0023685579999999998,0.012141700000000002,3.5e-8,0.031205459,42,0,6.886270049533194e-282,1.000002489015681,1,1.331998346195134e-256,2.427901545663099e-17,4.422371510414173e-17,1,mpmath_1024,1.189873915481938e-06,Inf,Inf,851
kase99_table1,10,Float64,false,taylor,realschur,0.003163665,4.013e-6,0.000739966,0.000466157,3.4e-8,0.004833387,4,0,0,1.000002489015681,1,2.220446049250313e-16,7.863836691744967e-16,2.67061374715825e-15,1,mpmath_1024,1.189873915481938e-06,Inf,Inf,53
kase99_table1,10,Float64,false,taylor,realschur,0.002830463,0.000445077,0.0009453560000000001,0.001058834,3.4e-8,0.005855153,12,0,2.573778794734014e-84,1.000002489015681,1,1.727233711018889e-77,2.427901545663099e-17,4.422371510414173e-17,1,mpmath_1024,1.189873915481938e-06,Inf,Inf,256
kase99_table1,10,Float64,false,taylor,realschur,0.0061381,0.000886776,0.001662231,0.005352186,6.6e-8,0.015591952,42,0,6.886270049533194e-282,1.000002489015681,1,1.331998346195134e-256,2.427901545663099e-17,4.422371510414173e-17,1,mpmath_1024,1.189873915481938e-06,Inf,Inf,851
niesen_example,2,ComplexF64,false,scaling_and_squaring,NaN,NaN,NaN,NaN,NaN,NaN,3.7338e-5,NaN,NaN,NaN,NaN,NaN,2.220446049250313e-16,2.370976544491032e-13,1.186675281467495e-10,500.5001768079688,mpmath_1024,499647572.3617147,6.016815107717086e21,8.79610621946402e18,53
niesen_example,2,ComplexF64,false,diagonalcheap,transfree,0.0,1.3389e-5,0.003292567,0.00037077600000000007,0.000262204,0.004085733,5,16,5.987847958035298e-17,16.2587967011846,74.4664499837492,2.220446049250313e-16,5.39129611080221e-12,2.698345031507207e-09,500.5001768079688,mpmath_1024,499647572.3617147,6.016815107717086e21,8.79610621946402e18,53
niesen_example,2,ComplexF64,false,diagonalcheap,transfree,0.0,0.00045597,0.004850991999999999,0.000915146,0.000242226,0.006674976,31,10,5.038845671460566e-82,982.561744296446,239551.67174804234,1.727233711018889e-77,4.878439876672761e-17,2.444748924775858e-14,500.5001768079688,mpmath_1024,499647572.3617147,6.016815107717086e21,8.79610621946402e18,256
niesen_example,2,ComplexF64,false,diagonalcheap,transfree,0.0,0.0009417719999999999,0.010219536,0.002011313,0.000396125,0.013932748,73,10,3.370418818694525e-279,982.5617442964455,239551.67174804222,1.331998346195134e-256,4.878439876672761e-17,2.444748924775858e-14,500.5001768079688,mpmath_1024,499647572.3617147,6.016815107717086e21,8.79610621946402e18,851
niesen_example,2,ComplexF64,false,diagonalcheap,complexschur,0.000203857,1.1715000000000002e-5,0.0031841450000000006,0.00033886400000000003,0.000969288,0.004890386,5,16,1.196821340718399e-16,16.24804221278393,74.4665403497224,2.220446049250313e-16,8.807229431184038e-11,4.408021819117462e-08,500.5001768079688,mpmath_1024,499647572.3617147,6.016815107717086e21,8.79610621946402e18,53
niesen_example,2,ComplexF64,false,diagonalcheap,complexschur,0.000275749,0.00047043499999999995,0.0046957929999999985,0.0009611899999999999,0.001023051,0.007885257,31,10,5.035783625260116e-82,981.9883311278736,239605.37374803543,1.727233711018889e-77,4.878439876672761e-17,2.444748924775858e-14,500.5001768079688,mpmath_1024,499647572.3617147,6.016815107717086e21,8.79610621946402e18,256
niesen_example,2,ComplexF64,false,diagonalcheap,complexschur,0.000363597,0.0010214529999999999,0.011052191000000001,0.0035137130000000003,0.002741739,0.019115103,73,10,3.368370655521726e-279,981.9883311278734,239605.37374803534,1.331998346195134e-256,4.878439876672761e-17,2.444748924775858e-14,500.5001768079688,mpmath_1024,499647572.3617147,6.016815107717086e21,8.79610621946402e18,851
niesen_example,2,ComplexF64,false,taylor,transfree,0.0,0.000525819,0.001583279,0.0003418239999999999,0.000164024,0.002772084,36,9,0,2316.397514292968,1,2.220446049250313e-16,5.935291333877034e-14,2.97060317183532e-11,500.5001768079688,mpmath_1024,499647572.3617147,6.016815107717086e21,8.79610621946402e18,53
niesen_example,2,ComplexF64,false,taylor,transfree,0.0,0.0012167179999999999,0.004436950000000001,0.000915575,0.000259518,0.007070555,90,9,4.941655285889308e-83,2108.657714142024,1,1.727233711018889e-77,4.878439876672761e-17,2.444748924775858e-14,500.5001768079688,mpmath_1024,499647572.3617147,6.016815107717086e21,8.79610621946402e18,256
niesen_example,2,ComplexF64,false,taylor,transfree,0.0,0.0009675080000000001,0.009771639000000004,0.0011790519999999999,0.000774582,0.012978641,90,16,2.410194517336618e-281,16.2587967011846,1,1.331998346195134e-256,4.878439876672761e-17,2.444748924775858e-14,500.5001768079688,mpmath_1024,499647572.3617147,6.016815107717086e21,8.79610621946402e18,851
niesen_example,2,ComplexF64,false,taylor,complexschur,0.000197346,0.0005341580000000001,0.0021267290000000004,0.000450547,0.001482502,0.004990678,49,8,4.547473508864641e-13,10593.29371255516,1,2.220446049250313e-16,8.807229431184038e-11,4.408021819117462e-08,500.5001768079688,mpmath_1024,499647572.3617147,6.016815107717086e21,8.79610621946402e18,53
niesen_example,2,ComplexF64,false,taylor,complexschur,0.000323526,0.000894135,0.0038973,0.001174718,0.003189525,0.009762549,90,9,1.647218428629769e-83,2107.032669243996,1,1.727233711018889e-77,4.878439876672761e-17,2.444748924775858e-14,500.5001768079688,mpmath_1024,499647572.3617147,6.016815107717086e21,8.79610621946402e18,256
niesen_example,2,ComplexF64,false,taylor,complexschur,0.000449039,0.0010912999999999995,0.00833739,0.001009197,0.002346234,0.0135743,90,16,4.476075532196576e-281,16.24804221278394,1,1.331998346195134e-256,4.878439876672761e-17,2.444748924775858e-14,500.5001768079688,mpmath_1024,499647572.3617147,6.016815107717086e21,8.79610621946402e18,851
awad_25,2,Float64,false,scaling_and_squaring,NaN,NaN,NaN,NaN,NaN,NaN,2.5654e-5,NaN,NaN,NaN,NaN,NaN,2.220446049250313e-16,0.99326205320146,2.69996619011545e+17,2.718281828459045e+17,mpmath_1024,1.666666666666666e+33,1.0e34,1.0e34,53
awad_25,2,Float64,false,diagonalcheap,transfree,0.0,3.2273e-5,0.007954692,0.00033510100000000003,0.000806995,0.13400618,3,53,4.545749279165195e-17,12.10223024625157,42.91710935644734,2.220446049250313e-16,0,0,2.718281828459045e+17,mpmath_1024,1.666666666666666e+33,1.0e34,1.0e34,53
awad_25,2,Float64,false,diagonalcheap,transfree,0.0,3.0838e-5,0.008815220000000004,0.000280025,0.001249443,0.01060718,5,40,1.926650501721197e-74,90950.47017737554,2.0680424818529556e9,1.727233711018889e-77,4.243867808833816e-17,11.53602874713527,2.718281828459045e+17,mpmath_1024,1.666666666666666e+33,1.0e34,1.0e34,256
awad_25,2,Float64,false,diagonalcheap,transfree,0.0,0.000303107,0.006545213999999999,0.000625699,0.001957432,0.009685885,25,21,4.967166106906942e-263,47683738558.68547,5.684341941874078e20,1.331998346195134e-256,4.243867808833816e-17,11.53602874713527,2.718281828459045e+17,mpmath_1024,1.666666666666666e+33,1.0e34,1.0e34,851
awad_25,2,Float64,false,diagonalcheap,complexschur,0.0,3.214e-5,0.009845058999999998,0.000189434,0.000778484,0.011043189,3,53,4.545749279165195e-17,12.10223024625157,42.91710935644734,2.220446049250313e-16,0,0,2.718281828459045e+17,mpmath_1024,1.666666666666666e+33,1.0e34,1.0e34,53
awad_25,2,Float64,false,diagonalcheap,complexschur,0.0,2.7466e-5,0.007215600000000005,0.00028477399999999995,0.001243709,0.008993579,5,40,1.926650501721197e-74,90950.47017737554,2.0680424818529556e9,1.727233711018889e-77,4.243867808833816e-17,11.53602874713527,2.718281828459045e+17,mpmath_1024,1.666666666666666e+33,1.0e34,1.0e34,256
awad_25,2,Float64,false,diagonalcheap,complexschur,0.0,0.00032232600000000006,0.007031918,0.0006113520000000001,0.00214428,0.010382112,25,21,4.967166106906942e-263,47683738558.68547,5.684341941874078e20,1.331998346195134e-256,4.243867808833816e-17,11.53602874713527,2.718281828459045e+17,mpmath_1024,1.666666666666666e+33,1.0e34,1.0e34,851
awad_25,2,Float64,false,diagonalcheap,realschur,0.0,2.8760999999999998e-5,0.007087877999999997,0.000188881,0.000786464,0.008281637,3,53,4.545749279165195e-17,12.10223024625157,42.91710935644734,2.220446049250313e-16,0,0,2.718281828459045e+17,mpmath_1024,1.666666666666666e+33,1.0e34,1.0e34,53
awad_25,2,Float64,false,diagonalcheap,realschur,0.0,2.8153e-5,0.007297911999999999,0.000271959,0.001253712,0.009064306,5,40,1.926650501721197e-74,90950.47017737554,2.0680424818529556e9,1.727233711018889e-77,4.243867808833816e-17,11.53602874713527,2.718281828459045e+17,mpmath_1024,1.666666666666666e+33,1.0e34,1.0e34,256
awad_25,2,Float64,false,diagonalcheap,realschur,0.0,0.000325475,0.007894505000000001,0.000611274,0.003301168,0.012409322,25,21,4.967166106906942e-263,47683738558.68547,5.684341941874078e20,1.331998346195134e-256,4.243867808833816e-17,11.53602874713527,2.718281828459045e+17,mpmath_1024,1.666666666666666e+33,1.0e34,1.0e34,851
awad_25,2,Float64,false,taylor,transfree,0.0,0.00018018900000000003,0.0018919249999999996,0.000152368,0.000102025,0.002367613,30,7,5.302143790686387e-08,787377419692538.5,1,2.220446049250313e-16,0,0,2.718281828459045e+17,mpmath_1024,1.666666666666666e+33,1.0e34,1.0e34,53
awad_25,2,Float64,false,taylor,transfree,0.0,0.00044870199999999993,0.003911683,0.00032571099999999996,0.000276312,0.005026251,56,8,5.147557589468029e-85,392153863022793,1,1.727233711018889e-77,4.243867808833816e-17,11.53602874713527,2.718281828459045e+17,mpmath_1024,1.666666666666666e+33,1.0e34,1.0e34,256
awad_25,2,Float64,false,taylor,transfree,0.0,0.0007343880000000001,0.008327433000000002,0.000521828,0.001092968,0.010747241,81,12,4.92813242187314e-256,24420023692133.52,1,1.331998346195134e-256,4.243867808833816e-17,11.53602874713527,2.718281828459045e+17,mpmath_1024,1.666666666666666e+33,1.0e34,1.0e34,851
awad_25,2,Float64,false,taylor,complexschur,0.0,0.00019466100000000003,0.0018149660000000003,0.000154927,0.000101884,0.002318705,30,7,5.302143790686387e-08,787377419692538.5,1,2.220446049250313e-16,0,0,2.718281828459045e+17,mpmath_1024,1.666666666666666e+33,1.0e34,1.0e34,53
awad_25,2,Float64,false,taylor,complexschur,0.0,0.0006878370000000001,0.056620944,0.000426823,0.000314594,0.058158796,56,8,5.147557589468029e-85,392153863022793,1,1.727233711018889e-77,4.243867808833816e-17,11.53602874713527,2.718281828459045e+17,mpmath_1024,1.666666666666666e+33,1.0e34,1.0e34,256
awad_25,2,Float64,false,taylor,complexschur,0.0,0.00044217099999999994,0.00630443,0.00028396599999999997,0.000547309,0.007643152,81,12,4.92813242187314e-256,24420023692133.52,1,1.331998346195134e-256,4.243867808833816e-17,11.53602874713527,2.718281828459045e+17,mpmath_1024,1.666666666666666e+33,1.0e34,1.0e34,851
awad_25,2,Float64,false,taylor,realschur,0.0,0.00021350600000000005,0.001531117,0.00015346900000000002,7.8692e-5,0.002180105,30,7,5.302143790686387e-08,787377419692538.5,1,2.220446049250313e-16,0,0,2.718281828459045e+17,mpmath_1024,1.666666666666666e+33,1.0e34,1.0e34,53
awad_25,2,Float64,false,taylor,realschur,0.0,0.0007381459999999997,0.0032295979999999993,0.000241567,0.000263449,0.004180581,56,8,5.147557589468029e-85,392153863022793,1,1.727233711018889e-77,4.243867808833816e-17,11.53602874713527,2.718281828459045e+17,mpmath_1024,1.666666666666666e+33,1.0e34,1.0e34,256
awad_25,2,Float64,false,taylor,realschur,0.0,0.0006372620000000001,0.008683467000000002,0.00042801199999999997,0.001476539,0.011400309,81,12,4.92813242187314e-256,24420023692133.52,1,1.331998346195134e-256,4.243867808833816e-17,11.53602874713527,2.718281828459045e+17,mpmath_1024,1.666666666666666e+33,1.0e34,1.0e34,851
awad_26,4,Float64,false,scaling_and_squaring,NaN,NaN,NaN,NaN,NaN,NaN,4.0698e-5,NaN,NaN,NaN,NaN,NaN,2.220446049250313e-16,1.271051242519866e-10,1033.060546882467,8096721548964.715,mpmath_1024,6.325249279659764e+21,4.004000200562144e23,1.803358506785291e24,53
awad_26,4,Float64,false,diagonalcheap,transfree,0.0,2.2041000000000005e-5,0.007752627999999999,0.000274979,0.000542973,0.008808474,3,31,7.850128541925946e-17,10.31322837975475,31.997277962843064,2.220446049250313e-16,1.98870015750942e-06,16190657.56497526,8096721548964.715,mpmath_1024,6.325249279659764e+21,4.004000200562144e23,1.803358506785291e24,53
awad_26,4,Float64,false,diagonalcheap,transfree,0.0,0.00015996400000000002,0.006256026999999998,0.000625618,0.000426927,0.007651115,13,18,1.96563653580988e-80,76440.46809079993,1.4580449149261472e9,1.727233711018889e-77,5.424701977875133e-17,0.0004799809331846365,8096721548964.715,mpmath_1024,6.325249279659764e+21,4.004000200562144e23,1.803358506785291e24,256
awad_26,4,Float64,false,diagonalcheap,transfree,0.0,0.0006886010000000001,0.008074495999999999,0.001407493,0.000451708,0.010901314,37,13,8.666140955419332e-276,2590412.927007178,1.5824557017695664e12,1.331998346195134e-256,5.424701977875133e-17,0.0004799809331846365,8096721548964.715,mpmath_1024,6.325249279659764e+21,4.004000200562144e23,1.803358506785291e24,851
awad_26,4,Float64,false,diagonalcheap,complexschur,0.000177762,2.1289000000000006e-5,0.006678089999999998,0.000519459,0.004256861,0.012097834,3,31,0,10.31322574788339,31.997269208277007,2.220446049250313e-16,1.911249275333036e-14,0.1552734375126761,8096721548964.715,mpmath_1024,6.325249279659764e+21,4.004000200562144e23,1.803358506785291e24,53
awad_26,4,Float64,false,diagonalcheap,complexschur,0.000262577,0.00020033800000000002,0.006210067999999998,0.0014769639999999999,0.00322214,0.011893373,13,18,1.963688861598137e-80,76294.94530887034,1.4552678177837625e9,1.727233711018889e-77,5.424701977875133e-17,0.0004799809331846365,8096721548964.715,mpmath_1024,6.325249279659764e+21,4.004000200562144e23,1.803358506785291e24,256
awad_26,4,Float64,false,diagonalcheap,complexschur,0.000177518,0.0008351729999999999,0.010511355000000002,0.006297859,0.001913337,0.020262955,37,13,0,2441407.255941235,1.4901185626423926e12,1.331998346195134e-256,5.424701977875133e-17,0.0004799809331846365,8096721548964.715,mpmath_1024,6.325249279659764e+21,4.004000200562144e23,1.803358506785291e24,851
awad_26,4,Float64,false,diagonalcheap,realschur,0.000120421,1.9627999999999996e-5,0.004251189000000001,0.000366863,0.001404229,0.006376405,3,31,0,10.3132257478834,31.997269208277007,2.220446049250313e-16,1.923345306718595e-14,0.1562500000126761,8096721548964.715,mpmath_1024,6.325249279659764e+21,4.004000200562144e23,1.803358506785291e24,53
awad_26,4,Float64,false,diagonalcheap,realschur,0.000156526,0.00016779900000000002,0.003158543000000001,0.000661749,0.000708307,0.005025186,13,18,1.963688861598137e-80,76294.94530887034,1.4552678177837625e9,1.727233711018889e-77,5.424701977875133e-17,0.0004799809331846365,8096721548964.715,mpmath_1024,6.325249279659764e+21,4.004000200562144e23,1.803358506785291e24,256
awad_26,4,Float64,false,diagonalcheap,realschur,0.000172366,0.00039039299999999995,0.005138751,0.0015980820000000002,0.006659105,0.014289419,37,13,0,2441407.255941235,1.4901185626423926e12,1.331998346195134e-256,5.424701977875133e-17,0.0004799809331846365,8096721548964.715,mpmath_1024,6.325249279659764e+21,4.004000200562144e23,1.803358506785291e24,851
awad_26,4,Float64,false,taylor,transfree,0.0,0.0007353749999999999,0.0025360900000000013,0.00046495100000000007,8.7681e-5,0.003717542,30,5,5.069402675417223e-10,10290581101.42078,1,2.220446049250313e-16,2.178223185210402e-11,176.0708008118355,8096721548964.715,mpmath_1024,6.325249279659764e+21,4.004000200562144e23,1.803358506785291e24,53
awad_26,4,Float64,false,taylor,transfree,0.0,0.0009959479999999998,0.003949364999999999,0.000953734,0.000124185,0.00596631,64,5,1.670768669323428e-76,10290581101.42078,1,1.727233711018889e-77,5.424701977875133e-17,0.0004799809331846365,8096721548964.715,mpmath_1024,6.325249279659764e+21,4.004000200562144e23,1.803358506785291e24,256
awad_26,4,Float64,false,taylor,transfree,0.0,0.001192986,0.008768369000000002,0.001388087,0.000393032,0.01175979,90,10,0,29064895.3500509,1,1.331998346195134e-256,5.424701977875133e-17,0.0004799809331846365,8096721548964.715,mpmath_1024,6.325249279659764e+21,4.004000200562144e23,1.803358506785291e24,851
awad_26,4,Float64,false,taylor,complexschur,0.000188457,0.001118102,0.0035744350000000004,0.001876539,0.00063013,0.007560299,42,4,0,38273816332.16621,1,2.220446049250313e-16,1.959633418707596e-14,0.1591796875126761,8096721548964.715,mpmath_1024,6.325249279659764e+21,4.004000200562144e23,1.803358506785291e24,53
awad_26,4,Float64,false,taylor,complexschur,0.000253385,0.001285016,0.004947703,0.0024315350000000003,0.001073591,0.010207795,64,5,1.670768669323428e-76,9665479371.193192,1,1.727233711018889e-77,5.424701977875133e-17,0.0004799809331846365,8096721548964.715,mpmath_1024,6.325249279659764e+21,4.004000200562144e23,1.803358506785291e24,256
awad_26,4,Float64,false,taylor,complexschur,0.000168894,0.001571886,0.009663482999999997,0.00307808,0.004855954,0.019552568,90,10,6.886270049533194e-282,19531254.10343264,1,1.331998346195134e-256,5.424701977875133e-17,0.0004799809331846365,8096721548964.715,mpmath_1024,6.325249279659764e+21,4.004000200562144e23,1.803358506785291e24,851
awad_26,4,Float64,false,taylor,realschur,0.000120206,0.0012612130000000002,0.00296351,0.0013756979999999999,0.000235776,0.005926206,42,4,0,38273816332.16621,1,2.220446049250313e-16,1.995921556310345e-14,0.1621093750126761,8096721548964.715,mpmath_1024,6.325249279659764e+21,4.004000200562144e23,1.803358506785291e24,53
awad_26,4,Float64,false,taylor,realschur,0.000146155,0.0008083189999999999,0.002806217,0.001039695,0.000486579,0.005352306,64,5,1.670768669323428e-76,9665479371.193192,1,1.727233711018889e-77,5.424701977875133e-17,0.0004799809331846365,8096721548964.715,mpmath_1024,6.325249279659764e+21,4.004000200562144e23,1.803358506785291e24,256
awad_26,4,Float64,false,taylor,realschur,0.000171175,0.001031921,0.008486650999999996,0.0013233969999999998,0.002073915,0.013149386,90,10,6.886270049533194e-282,19531254.10343264,1,1.331998346195134e-256,5.424701977875133e-17,0.0004799809331846365,8096721548964.715,mpmath_1024,6.325249279659764e+21,4.004000200562144e23,1.803358506785291e24,851
awad_27,2,Float64,false,scaling_and_squaring,NaN,NaN,NaN,NaN,NaN,NaN,1.9714e-5,NaN,NaN,NaN,NaN,NaN,2.220446049250313e-16,1.228208791601707e-07,0.003339263294037664,27185.53656641891,mpmath_1024,16666668.33535996,1.0002000125252622e8,1.0000000188343377e8,53
awad_27,2,Float64,false,diagonalcheap,transfree,0.0,1.0428e-5,0.006623145000000001,0.000205532,4.3181e-5,0.007639479,3,10,1.429521090102808e-15,10.77614344078556,34.61309342463025,2.220446049250313e-16,5.599288194880362e-08,0.001522927303085453,27185.53656641891,mpmath_1024,16666668.33535996,1.0002000125252622e8,1.0000000188343377e8,53
awad_27,2,Float64,false,diagonalcheap,transfree,0.0,0.000418395,0.008167026,0.000577834,6.783e-6,0.009312316,31,2,0,3211.347571432125,1.5714163468529456e6,1.727233711018889e-77,4.128167799856101e-17,9.764076077711148e-13,27185.53656641891,mpmath_1024,16666668.33535996,1.0002000125252622e8,1.0000000188343377e8,256
awad_27,2,Float64,false,diagonalcheap,transfree,0.0,0.0008122080000000001,0.007803853000000001,0.0010788170000000001,2.148e-5,0.009946309,65,2,3.723057435141093e-276,3211.347575504814,1.5680329915513082e6,1.331998346195134e-256,4.128167799856101e-17,9.764076077711148e-13,27185.53656641891,mpmath_1024,16666668.33535996,1.0002000125252622e8,1.0000000188343377e8,851
awad_27,2,Float64,false,diagonalcheap,complexschur,0.000108703,8.561e-6,0.002208495,0.000323533,0.000384722,0.003233564,3,10,1.34783417066836e-15,10.77614344078554,34.61309342463023,2.220446049250313e-16,5.361730202800996e-10,1.457906182622537e-05,27185.53656641891,mpmath_1024,16666668.33535996,1.0002000125252622e8,1.0000000188343377e8,53
awad_27,2,Float64,false,diagonalcheap,complexschur,0.000103955,0.000200115,0.3139364059999999,0.00046958100000000006,6.0359e-5,0.314912519,31,2,0,3211.347567136041,1.5714163447512137e6,1.727233711018889e-77,4.128167799856101e-17,9.764076077711148e-13,27185.53656641891,mpmath_1024,16666668.33535996,1.0002000125252622e8,1.0000000188343377e8,256
awad_27,2,Float64,false,diagonalcheap,complexschur,9.0999e-5,0.0008777830000000003,0.004855705999999999,0.0017509600000000002,0.000287882,0.008145638,65,2,3.723057425440673e-276,3211.347567136042,1.568032987465802e6,1.331998346195134e-256,4.128167799856101e-17,9.764076077711148e-13,27185.53656641891,mpmath_1024,16666668.33535996,1.0002000125252622e8,1.0000000188343377e8,851
awad_27,2,Float64,false,diagonalcheap,realschur,6.4178e-5,4.797e-6,0.001346063,0.00015793399999999998,0.000108862,0.001761131,3,10,1.388677630385583e-15,10.77614344078554,34.61309342463021,2.220446049250313e-16,5.36173053738548e-10,1.457906182622537e-05,27185.53656641891,mpmath_1024,16666668.33535996,1.0002000125252622e8,1.0000000188343377e8,53
awad_27,2,Float64,false,diagonalcheap,realschur,7.9232e-5,0.00020404,0.002581942,0.000340315,4.6507e-5,0.003364553,31,2,0,3211.347567136041,1.5714163447512137e6,1.727233711018889e-77,4.128167799856101e-17,9.764076077711148e-13,27185.53656641891,mpmath_1024,16666668.33535996,1.0002000125252622e8,1.0000000188343377e8,256
awad_27,2,Float64,false,diagonalcheap,realschur,7.8796e-5,0.00048572400000000004,0.00420795,0.000803566,0.000151841,0.00587688,65,2,3.723057425440673e-276,3211.347567136042,1.568032987465802e6,1.331998346195134e-256,4.128167799856101e-17,9.764076077711148e-13,27185.53656641891,mpmath_1024,16666668.33535996,1.0002000125252622e8,1.0000000188343377e8,851
awad_27,2,Float64,false,taylor,transfree,0.0,0.000372285,0.000940914,0.000123661,4.788e-6,0.001564142,30,1,0,8230.815104166668,1,2.220446049250313e-16,1.574810539444539e-13,3.492459654808044e-09,27185.53656641891,mpmath_1024,16666668.33535996,1.0002000125252622e8,1.0000000188343377e8,53
awad_27,2,Float64,false,taylor,transfree,0.0,0.0005811529999999999,0.00139661,0.00017114,3.308e-6,0.002259599,72,1,0,8230.815104166667,1,1.727233711018889e-77,4.128167799856101e-17,9.764076077711148e-13,27185.53656641891,mpmath_1024,16666668.33535996,1.0002000125252622e8,1.0000000188343377e8,256
awad_27,2,Float64,false,taylor,transfree,0.0,0.0005046019999999999,0.0033727220000000003,0.00036946500000000003,5.9355e-5,0.004451158,90,6,1.01605686501827e-259,159.7263271752563,1,1.331998346195134e-256,4.128167799856101e-17,9.764076077711148e-13,27185.53656641891,mpmath_1024,16666668.33535996,1.0002000125252622e8,1.0000000188343377e8,851
awad_27,2,Float64,false,taylor,complexschur,9.3762e-5,0.000271558,0.000730461,0.000169286,2.2278e-5,0.001395411,30,1,1.110223024625157e-16,8230.815103160479,1,2.220446049250313e-16,5.361730202800996e-10,1.457906182622537e-05,27185.53656641891,mpmath_1024,16666668.33535996,1.0002000125252622e8,1.0000000188343377e8,53
awad_27,2,Float64,false,taylor,complexschur,7.3306e-5,0.000498567,0.001607082,0.000471851,5.4386e-5,0.002847684,72,1,0,8230.815104166667,1,1.727233711018889e-77,4.128167799856101e-17,9.764076077711148e-13,27185.53656641891,mpmath_1024,16666668.33535996,1.0002000125252622e8,1.0000000188343377e8,256
awad_27,2,Float64,false,taylor,complexschur,0.000133539,0.001204896,0.005875494,0.001093475,0.001469779,0.010169327,90,6,1.01605686501827e-259,159.7263271752563,1,1.331998346195134e-256,4.128167799856101e-17,9.764076077711148e-13,27185.53656641891,mpmath_1024,16666668.33535996,1.0002000125252622e8,1.0000000188343377e8,851
awad_27,2,Float64,false,taylor,realschur,6.3842e-5,0.000366013,0.000913884,0.00017376099999999998,2.3705e-5,0.002334001,30,1,0,8230.815103159819,1,2.220446049250313e-16,5.36173053738548e-10,1.457906182622537e-05,27185.53656641891,mpmath_1024,16666668.33535996,1.0002000125252622e8,1.0000000188343377e8,53
awad_27,2,Float64,false,taylor,realschur,8.8964e-5,0.00034902399999999997,0.001759778,0.000295027,4.3262e-5,0.003017164,72,1,0,8230.815104166667,1,1.727233711018889e-77,4.128167799856101e-17,9.764076077711148e-13,27185.53656641891,mpmath_1024,16666668.33535996,1.0002000125252622e8,1.0000000188343377e8,256
awad_27,2,Float64,false,taylor,realschur,9.1372e-5,0.0007757139999999999,0.005504315,0.0005796,0.000879733,0.008026498,90,6,1.01605686501827e-259,159.7263271752563,1,1.331998346195134e-256,4.128167799856101e-17,9.764076077711148e-13,27185.53656641891,mpmath_1024,16666668.33535996,1.0002000125252622e8,1.0000000188343377e8,851
awad_28,2,Float64,false,scaling_and_squaring,NaN,NaN,NaN,NaN,NaN,NaN,2.0627e-5,NaN,NaN,NaN,NaN,NaN,2.220446049250313e-16,1.623227617028385e-12,4.416713730859279e-09,2715.898536067871,mpmath_1024,1073277981.199697,1.000002999603998e6,1.0000009996029995e6,53
awad_28,2,Float64,false,diagonalcheap,transfree,0.0,1.2898999999999998e-5,0.003469606,0.000250875,0.000901842,0.004751005,5,22,0,12.92056671954599,48.447328249949656,2.220446049250313e-16,6.433423937812927e-14,1.786958914173908e-10,2715.898536067871,mpmath_1024,1073277981.199697,1.000002999603998e6,1.0000009996029995e6,53
awad_28,2,Float64,false,diagonalcheap,transfree,0.0,0.00060329,0.007708136000000001,0.000697974,0.000854732,0.010181046,31,16,0,691.7818297603164,139288.03542410576,1.727233711018889e-77,1.688204936463047e-17,4.585434731259767e-14,2715.898536067871,mpmath_1024,1073277981.199697,1.000002999603998e6,1.0000009996029995e6,256
awad_28,2,Float64,false,diagonalcheap,transfree,0.0,0.0010690569999999998,0.013182857999999997,0.001325879,0.001331655,0.017202013,73,16,2.568773908757904e-279,691.7818297603166,139288.01628261333,1.331998346195134e-256,1.688204936463047e-17,4.585434731259767e-14,2715.898536067871,mpmath_1024,1073277981.199697,1.000002999603998e6,1.0000009996029995e6,851
awad_28,2,Float64,false,diagonalcheap,complexschur,9.5412e-5,1.4298e-5,0.0038388220000000004,0.000350862,0.002190966,0.006660067,5,22,0,12.92063777294784,48.447492558728285,2.220446049250313e-16,3.798029461354527e-13,1.054745568662696e-09,2715.898536067871,mpmath_1024,1073277981.199697,1.000002999603998e6,1.0000009996029995e6,53
awad_28,2,Float64,false,diagonalcheap,complexschur,0.00011591,0.0009537410000000001,0.006552705000000001,0.0009271080000000001,0.001274741,0.010125767,31,16,1.919228176357819e-82,692.0590258977957,139341.41686767442,1.727233711018889e-77,1.688204936463047e-17,4.585434731259767e-14,2715.898536067871,mpmath_1024,1073277981.199697,1.000002999603998e6,1.0000009996029995e6,256
awad_28,2,Float64,false,diagonalcheap,complexschur,0.000159425,0.0018061,0.011629607,0.004897713,0.003130075,0.022017297,73,16,2.569268659328826e-279,692.0590258977958,139341.39771485096,1.331998346195134e-256,1.688204936463047e-17,4.585434731259767e-14,2715.898536067871,mpmath_1024,1073277981.199697,1.000002999603998e6,1.0000009996029995e6,851
awad_28,2,Float64,false,diagonalcheap,realschur,0.0,1.3839e-5,0.0041266950000000005,0.00025644199999999995,0.001082643,0.0056144,5,22,0,12.92056671954599,48.447328249949656,2.220446049250313e-16,6.433423937812927e-14,1.786958914173908e-10,2715.898536067871,mpmath_1024,1073277981.199697,1.000002999603998e6,1.0000009996029995e6,53
awad_28,2,Float64,false,diagonalcheap,realschur,0.0,0.0014248,0.0071083330000000005,0.000606712,0.000784701,0.010158576,31,16,0,691.7818297603164,139288.03542410576,1.727233711018889e-77,1.688204936463047e-17,4.585434731259767e-14,2715.898536067871,mpmath_1024,1073277981.199697,1.000002999603998e6,1.0000009996029995e6,256
awad_28,2,Float64,false,diagonalcheap,realschur,0.0,0.0009221629999999999,0.014233529999999998,0.001232399,0.001329027,0.018020309,73,16,2.568773908757904e-279,691.7818297603166,139288.01628261333,1.331998346195134e-256,1.688204936463047e-17,4.585434731259767e-14,2715.898536067871,mpmath_1024,1073277981.199697,1.000002999603998e6,1.0000009996029995e6,851
awad_28,2,Float64,false,taylor,transfree,0.0,0.0007354890000000001,0.004118856,0.000178067,0.000356698,0.005312829,30,15,1.110223024625157e-15,999.0688168954774,1,2.220446049250313e-16,6.433423937812927e-14,1.786958914173908e-10,2715.898536067871,mpmath_1024,1073277981.199697,1.000002999603998e6,1.0000009996029995e6,53
awad_28,2,Float64,false,taylor,transfree,0.0,0.0012093209999999997,0.006159923,0.00030368900000000005,0.00198697,0.009605399,64,16,1.327791684070617e-77,691.7818310326254,1,1.727233711018889e-77,1.688204936463047e-17,4.585434731259767e-14,2715.898536067871,mpmath_1024,1073277981.199697,1.000002999603998e6,1.0000009996029995e6,256
awad_28,2,Float64,false,taylor,transfree,0.0,0.0008594270000000001,0.013876515000000006,0.0004732250000000001,0.001697783,0.016839137,90,21,1.060105334120347e-263,24.83930302343914,1,1.331998346195134e-256,1.688204936463047e-17,4.585434731259767e-14,2715.898536067871,mpmath_1024,1073277981.199697,1.000002999603998e6,1.0000009996029995e6,851
awad_28,2,Float64,false,taylor,complexschur,9.6053e-5,0.00134832,0.006698881000000001,0.0008237579999999998,0.000707016,0.009541861,30,15,1.332267629550188e-15,1000.023945852473,1,2.220446049250313e-16,3.798029461354527e-13,1.054745568662696e-09,2715.898536067871,mpmath_1024,1073277981.199697,1.000002999603998e6,1.0000009996029995e6,53
awad_28,2,Float64,false,taylor,complexschur,0.000132868,0.000945902,0.008148276000000001,0.000620758,0.001197942,0.011038567,64,16,1.337397644239475e-77,692.0590271710062,1,1.727233711018889e-77,1.688204936463047e-17,4.585434731259767e-14,2715.898536067871,mpmath_1024,1073277981.199697,1.000002999603998e6,1.0000009996029995e6,256
awad_28,2,Float64,false,taylor,complexschur,0.000154363,0.0008321019999999999,0.013945975000000001,0.0006669420000000002,0.002010512,0.017536416,90,21,1.068891565691721e-263,24.83958722696948,1,1.331998346195134e-256,1.688204936463047e-17,4.585434731259767e-14,2715.898536067871,mpmath_1024,1073277981.199697,1.000002999603998e6,1.0000009996029995e6,851
awad_28,2,Float64,false,taylor,realschur,0.0,0.00038329599999999993,0.002360596000000001,0.00010656199999999999,0.000197993,0.002997177,30,15,1.110223024625157e-15,999.0688168954774,1,2.220446049250313e-16,6.433423937812927e-14,1.786958914173908e-10,2715.898536067871,mpmath_1024,1073277981.199697,1.000002999603998e6,1.0000009996029995e6,53
awad_28,2,Float64,false,taylor,realschur,0.0,0.0005414790000000001,0.004570761000000004,0.000175136,0.000349851,0.005625095,64,16,1.327791684070617e-77,691.7818310326254,1,1.727233711018889e-77,1.688204936463047e-17,4.585434731259767e-14,2715.898536067871,mpmath_1024,1073277981.199697,1.000002999603998e6,1.0000009996029995e6,256
awad_28,2,Float64,false,taylor,realschur,0.0,0.001206466,0.013313035999999997,0.000543795,0.001832035,0.016903848,90,21,1.060105334120347e-263,24.83930302343914,1,1.331998346195134e-256,1.688204936463047e-17,4.585434731259767e-14,2715.898536067871,mpmath_1024,1073277981.199697,1.000002999603998e6,1.0000009996029995e6,851
godunov_eigtool,7,Float64,false,scaling_and_squaring,NaN,NaN,NaN,NaN,NaN,NaN,4.4613e-5,NaN,NaN,NaN,NaN,NaN,2.220446049250313e-16,1.355405555334424e-13,7.378787358902628e-09,46099.5649627587,mpmath_1024,2087.295512630797,5.87732208556782e16,2.3359313205878028e16,53
godunov_eigtool,7,Float64,false,diagonalcheap,transfree,0.0,0.000137678,0.0024774080000000004,0.001513813,0.000293618,0.004684929,13,3,9.729623754219932e-17,24.18454713772512,28.780680123298268,2.220446049250313e-16,3.309144844546682e-14,2.124608045050991e-09,46099.5649627587,mpmath_1024,2087.295512630797,5.87732208556782e16,2.3359313205878028e16,53
godunov_eigtool,7,Float64,false,diagonalcheap,transfree,0.0,0.00043113699999999995,0.004383361999999998,0.002884249,0.000283863,0.008288062,25,2,1.956554694034798e-82,175.6040732202989,282.7854679587042,1.727233711018889e-77,4.961768666572157e-17,2.24836773386392e-12,46099.5649627587,mpmath_1024,2087.295512630797,5.87732208556782e16,2.3359313205878028e16,256
godunov_eigtool,7,Float64,false,diagonalcheap,transfree,0.0,0.0010018359999999999,0.009433081,0.01019812,0.000513729,0.021594079,57,2,2.549650039261e-280,175.6040732203004,277.3236643470032,1.331998346195134e-256,4.961768666572157e-17,2.24836773386392e-12,46099.5649627587,mpmath_1024,2087.295512630797,5.87732208556782e16,2.3359313205878028e16,851
godunov_eigtool,7,Float64,false,diagonalcheap,complexschur,0.005062317,0.00026026500000000003,0.003546763999999999,0.004290847,0.001458027,0.016039402,13,3,0,29.76378011853117,38.77938733896785,2.220446049250313e-16,4.605478474907657e-15,2.486899575160351e-10,46099.5649627587,mpmath_1024,2087.295512630797,5.87732208556782e16,2.3359313205878028e16,53
godunov_eigtool,7,Float64,false,diagonalcheap,complexschur,0.006477796,0.000667485,0.005557884,0.007241046,0.001249848,0.023072997,25,2,1.912111957144621e-82,190.4993648570139,402.4831686054163,1.727233711018889e-77,4.961768666572157e-17,2.24836773386392e-12,46099.5649627587,mpmath_1024,2087.295512630797,5.87732208556782e16,2.3359313205878028e16,256
godunov_eigtool,7,Float64,false,diagonalcheap,complexschur,0.01033148,0.0014557270000000002,0.007332164000000001,0.088378049,0.001029235,0.110090137,57,2,1.042205393267319e-280,190.4993580298898,399.0424029216938,1.331998346195134e-256,4.961768666572157e-17,2.24836773386392e-12,46099.5649627587,mpmath_1024,2087.295512630797,5.87732208556782e16,2.3359313205878028e16,851
godunov_eigtool,7,Float64,false,diagonalcheap,realschur,0.002521566,0.00012157099999999999,0.0021620379999999994,0.001253229,0.000271578,0.00660073,13,3,1.274236305464595e-16,29.76293709081868,38.77917829640604,2.220446049250313e-16,4.336921658058924e-15,2.364970441703917e-10,46099.5649627587,mpmath_1024,2087.295512630797,5.87732208556782e16,2.3359313205878028e16,53
godunov_eigtool,7,Float64,false,diagonalcheap,realschur,0.003434182,0.00043379199999999996,0.003716808,0.001379534,0.000206381,0.009527992,25,2,1.593376014474366e-82,190.4994309941809,402.4697956852614,1.727233711018889e-77,4.961768666572157e-17,2.24836773386392e-12,46099.5649627587,mpmath_1024,2087.295512630797,5.87732208556782e16,2.3359313205878028e16,256
godunov_eigtool,7,Float64,false,diagonalcheap,realschur,0.009391931,0.001048331,0.008832594000000001,0.0061877650000000005,0.000769386,0.027154406,57,2,2.084331668284661e-280,190.4994309941812,399.02678386575036,1.331998346195134e-256,4.961768666572157e-17,2.24836773386392e-12,46099.5649627587,mpmath_1024,2087.295512630797,5.87732208556782e16,2.3359313205878028e16,851
godunov_eigtool,7,Float64,false,taylor,transfree,0.0,0.00046518100000000006,0.0015075209999999997,0.001427769,0.000191255,0.0038679,30,2,1.110223024625157e-16,150.2258698381233,1,2.220446049250313e-16,1.595244728595586e-14,1.00527586255339e-09,46099.5649627587,mpmath_1024,2087.295512630797,5.87732208556782e16,2.3359313205878028e16,53
godunov_eigtool,7,Float64,false,taylor,transfree,0.0,0.001100251,0.002490804,0.003067505,0.000246988,0.007246037,56,2,3.294436857259539e-83,150.2258698381234,1,1.727233711018889e-77,4.961768666572157e-17,2.24836773386392e-12,46099.5649627587,mpmath_1024,2087.295512630797,5.87732208556782e16,2.3359313205878028e16,256
godunov_eigtool,7,Float64,false,taylor,transfree,0.0,0.0014758719999999998,0.006957133000000001,0.006846713999999999,0.001305489,0.017098277,90,5,9.373702964922839e-267,3.415669872692713,1,1.331998346195134e-256,4.961768666572157e-17,2.24836773386392e-12,46099.5649627587,mpmath_1024,2087.295512630797,5.87732208556782e16,2.3359313205878028e16,851
godunov_eigtool,7,Float64,false,taylor,complexschur,0.005106715,0.0011531690000000001,0.002714048,0.00503254,0.000690932,0.01587195,30,2,0,165.4659165198915,1,2.220446049250313e-16,4.619199362237992e-15,2.490878614480607e-10,46099.5649627587,mpmath_1024,2087.295512630797,5.87732208556782e16,2.3359313205878028e16,53
godunov_eigtool,7,Float64,false,taylor,complexschur,0.00541135,0.0014375380000000001,0.002334814,0.007138719,0.001410563,0.019004632,56,2,2.985583401891457e-83,164.7905628220021,1,1.727233711018889e-77,4.961768666572157e-17,2.24836773386392e-12,46099.5649627587,mpmath_1024,2087.295512630797,5.87732208556782e16,2.3359313205878028e16,256
godunov_eigtool,7,Float64,false,taylor,complexschur,0.014592745,0.002285667,0.009861021,0.014745175000000001,0.002802101,0.046401432,90,5,9.529583672163563e-267,3.912660392278967,1,1.331998346195134e-256,4.961768666572157e-17,2.24836773386392e-12,46099.5649627587,mpmath_1024,2087.295512630797,5.87732208556782e16,2.3359313205878028e16,851
godunov_eigtool,7,Float64,false,taylor,realschur,0.003336702,0.00104206,0.002165359,0.001214457,0.000244194,0.00845775,30,2,1.110223024625157e-16,165.4660021924241,1,2.220446049250313e-16,4.498936477030486e-15,2.442277491354616e-10,46099.5649627587,mpmath_1024,2087.295512630797,5.87732208556782e16,2.3359313205878028e16,53
godunov_eigtool,7,Float64,false,taylor,realschur,0.003435614,0.0007256299999999999,0.0017439429999999993,0.0017060709999999998,0.000213191,0.008278231,56,2,3.088534553680817e-83,164.7906087423313,1,1.727233711018889e-77,4.961768666572157e-17,2.24836773386392e-12,46099.5649627587,mpmath_1024,2087.295512630797,5.87732208556782e16,2.3359313205878028e16,256
godunov_eigtool,7,Float64,false,taylor,realschur,0.006740431,0.001084666,0.00660088,0.004573584,0.001905528,0.021806979,90,5,9.517174638245057e-267,3.912657558667278,1,1.331998346195134e-256,4.961768666572157e-17,2.24836773386392e-12,46099.5649627587,mpmath_1024,2087.295512630797,5.87732208556782e16,2.3359313205878028e16,851
trem05_14.17,3,Float64,false,scaling_and_squaring,NaN,NaN,NaN,NaN,NaN,NaN,3.3706e-5,NaN,NaN,NaN,NaN,NaN,2.220446049250313e-16,5.515330770936716e-16,1.003641614261142e-13,180.0634620916892,mpmath_1024,337.7128275024127,Inf,Inf,53
trem05_14.17,3,Float64,false,diagonalcheap,transfree,0.0,5.223e-6,0.0016117290000000001,0.000368667,6.3645e-5,0.002164756,9,2,0,22.634296292954,48.9187125693752,2.220446049250313e-16,1.004790415757982e-18,1.249000902703301e-16,180.0634620916892,mpmath_1024,337.7128275024127,Inf,Inf,53
trem05_14.17,3,Float64,false,diagonalcheap,transfree,0.0,0.00043490000000000005,0.0032589290000000007,0.000599806,3.8e-8,0.004411771,31,0,1.275317097160075e-82,180.0634620916892,2615.6706640003736,1.727233711018889e-77,6.07910210010525e-18,9.631785152660012e-16,180.0634620916892,mpmath_1024,337.7128275024127,Inf,Inf,256
trem05_14.17,3,Float64,false,diagonalcheap,transfree,0.0,0.0010160509999999998,0.010463443000000001,0.0015134360000000002,3.5e-8,0.01323844,73,0,3.263867870332548e-267,180.0634620916892,2622.854715442595,1.331998346195134e-256,6.07910210010525e-18,9.631785152660012e-16,180.0634620916892,mpmath_1024,337.7128275024127,Inf,Inf,851
trem05_14.17,3,Float64,false,diagonalcheap,complexschur,7.873e-5,6.9329999999999995e-6,0.001418168,0.00038726200000000003,6.1101e-5,0.0021026,9,2,0,22.68226148349817,50.520930521237496,2.220446049250313e-16,1.815407503137121e-16,2.842170943040401e-14,180.0634620916892,mpmath_1024,337.7128275024127,Inf,Inf,53
trem05_14.17,3,Float64,false,diagonalcheap,complexschur,0.000104962,0.000499343,0.003057074,0.001186788,3.6e-8,0.005034274,31,0,1.28503844539649e-82,183.676122190345,2640.191446146255,1.727233711018889e-77,6.07910210010525e-18,9.631785152660012e-16,180.0634620916892,mpmath_1024,337.7128275024127,Inf,Inf,256
trem05_14.17,3,Float64,false,diagonalcheap,complexschur,9.4192e-5,0.000785285,0.005590161000000001,0.002455438,4.8e-8,0.009192129,73,0,9.242003604231618e-267,183.6761221903451,2647.3720355295077,1.331998346195134e-256,6.07910210010525e-18,9.631785152660012e-16,180.0634620916892,mpmath_1024,337.7128275024127,Inf,Inf,851
trem05_14.17,3,Float64,false,diagonalcheap,realschur,0.0,4.3750000000000005e-6,0.0011287229999999999,0.000230447,2.8833e-5,0.001524969,9,2,0,22.634296292954,48.9187125693752,2.220446049250313e-16,1.004790415757982e-18,1.249000902703301e-16,180.0634620916892,mpmath_1024,337.7128275024127,Inf,Inf,53
trem05_14.17,3,Float64,false,diagonalcheap,realschur,0.0,0.00024501499999999996,0.001759142,0.000393133,3.7e-8,0.00250766,31,0,1.275317097160075e-82,180.0634620916892,2615.6706640003736,1.727233711018889e-77,6.07910210010525e-18,9.631785152660012e-16,180.0634620916892,mpmath_1024,337.7128275024127,Inf,Inf,256
trem05_14.17,3,Float64,false,diagonalcheap,realschur,0.0,0.0007528790000000001,0.006819107999999999,0.001459094,7.0e-8,0.009199032,73,0,3.263867870332548e-267,180.0634620916892,2622.854715442595,1.331998346195134e-256,6.07910210010525e-18,9.631785152660012e-16,180.0634620916892,mpmath_1024,337.7128275024127,Inf,Inf,851
trem05_14.17,3,Float64,false,taylor,transfree,0.0,0.000247793,0.0007229669999999999,0.00022582399999999998,4.9e-8,0.001280303,25,0,0,191.6666666666667,1,2.220446049250313e-16,1.004790415757982e-18,1.249000902703301e-16,180.0634620916892,mpmath_1024,337.7128275024127,Inf,Inf,53
trem05_14.17,3,Float64,false,taylor,transfree,0.0,0.000713956,0.0018963200000000002,0.000510221,3.8e-8,0.003238715,72,0,4.118046071574423e-84,191.6666666666667,1,1.727233711018889e-77,6.07910210010525e-18,9.631785152660012e-16,180.0634620916892,mpmath_1024,337.7128275024127,Inf,Inf,256
trem05_14.17,3,Float64,false,taylor,transfree,0.0,0.000876161,0.0061144419999999994,0.0007175139999999999,0.000468822,0.00836601,90,6,0,1.817594424284185,1,1.331998346195134e-256,6.07910210010525e-18,9.631785152660012e-16,180.0634620916892,mpmath_1024,337.7128275024127,Inf,Inf,851
trem05_14.17,3,Float64,false,taylor,complexschur,0.000117287,0.000346804,0.000871232,0.0005570149999999999,5.3e-8,0.002085801,25,0,2.220446049250313e-16,195.9311903525789,1,2.220446049250313e-16,1.815407503137121e-16,2.842170943040401e-14,180.0634620916892,mpmath_1024,337.7128275024127,Inf,Inf,53
trem05_14.17,3,Float64,false,taylor,complexschur,0.000143295,0.0010439719999999998,0.002030558,0.001277048,5.1e-8,0.004734676,72,0,4.118046071574423e-84,195.9311903525789,1,1.727233711018889e-77,6.07910210010525e-18,9.631785152660012e-16,180.0634620916892,mpmath_1024,337.7128275024127,Inf,Inf,256
trem05_14.17,3,Float64,false,taylor,complexschur,0.000155988,0.001133125,0.0069931950000000015,0.0018772159999999997,0.000997228,0.01154538,90,6,6.886270049533194e-282,1.817943238610119,1,1.331998346195134e-256,6.07910210010525e-18,9.631785152660012e-16,180.0634620916892,mpmath_1024,337.7128275024127,Inf,Inf,851
trem05_14.17,3,Float64,false,taylor,realschur,0.0,0.000324784,0.000813754,0.00022472,6.2e-8,0.001517522,25,0,0,191.6666666666667,1,2.220446049250313e-16,1.004790415757982e-18,1.249000902703301e-16,180.0634620916892,mpmath_1024,337.7128275024127,Inf,Inf,53
trem05_14.17,3,Float64,false,taylor,realschur,0.0,0.000739821,0.0018741960000000005,0.000514372,5.1e-8,0.003264542,72,0,4.118046071574423e-84,191.6666666666667,1,1.727233711018889e-77,6.07910210010525e-18,9.631785152660012e-16,180.0634620916892,mpmath_1024,337.7128275024127,Inf,Inf,256
trem05_14.17,3,Float64,false,taylor,realschur,0.0,0.0009148840000000001,0.006378141999999999,0.000785306,0.000239864,0.008927781,90,6,0,1.817594424284185,1,1.331998346195134e-256,6.07910210010525e-18,9.631785152660012e-16,180.0634620916892,mpmath_1024,337.7128275024127,Inf,Inf,851
invol_13_complex,13,ComplexF64,false,scaling_and_squaring,NaN,NaN,NaN,NaN,NaN,NaN,0.000116041,NaN,NaN,NaN,NaN,NaN,2.220446049250313e-16,5.960464182182092e-08,2893806088482.289,4.855001225388538e+19,mpmath_1024,6.546122949258669e+25,Inf,Inf,53
invol_13_complex,13,ComplexF64,false,diagonalcheap,transfree,0.0,2.8899e-5,0.007409777999999999,0.003426813,0.049629251,0.061186319,3,27,6.487179506254069e-17,17.6980219158482,87.40400539446581,2.220446049250313e-16,1.393237406508023e-15,58645.79829735791,4.855001225388538e+19,mpmath_1024,6.546122949258669e+25,Inf,Inf,53
invol_13_complex,13,ComplexF64,false,diagonalcheap,transfree,0.0,0.000878931,0.017160135,0.08400440499999999,0.027973561,0.131523191,17,17,0,17098.67856023521,7.310665226316781e7,1.727233711018889e-77,3.377395520991194e-17,1268.243383122425,4.855001225388538e+19,mpmath_1024,6.546122949258669e+25,Inf,Inf,256
invol_13_complex,13,ComplexF64,false,diagonalcheap,transfree,0.0,0.0017568120000000002,0.02733214199999999,0.040616258999999995,0.076041021,0.147624612,31,17,2.943966936072184e-278,17098.67856023509,7.310664852319787e7,1.331998346195134e-256,3.377395520991194e-17,1268.243383122425,4.855001225388538e+19,mpmath_1024,6.546122949258669e+25,Inf,Inf,851
invol_13_complex,13,ComplexF64,false,diagonalcheap,complexschur,0.0,2.7328e-5,0.014272419000000005,0.006688380000000001,0.05604322,0.078394192,3,27,6.487179506254069e-17,17.6980219158482,87.40400539446581,2.220446049250313e-16,1.393237406508023e-15,58645.79829735791,4.855001225388538e+19,mpmath_1024,6.546122949258669e+25,Inf,Inf,53
invol_13_complex,13,ComplexF64,false,diagonalcheap,complexschur,0.0,0.000788075,0.018825641000000004,0.025221874999999998,0.039572594,0.085874634,17,17,0,17098.67856023521,7.310665226316781e7,1.727233711018889e-77,3.377395520991194e-17,1268.243383122425,4.855001225388538e+19,mpmath_1024,6.546122949258669e+25,Inf,Inf,256
invol_13_complex,13,ComplexF64,false,diagonalcheap,complexschur,0.0,0.0013946819999999997,0.020595447000000006,0.037834521,0.087158351,0.148756924,31,17,2.943966936072184e-278,17098.67856023509,7.310664852319787e7,1.331998346195134e-256,3.377395520991194e-17,1268.243383122425,4.855001225388538e+19,mpmath_1024,6.546122949258669e+25,Inf,Inf,851
invol_13_complex,13,ComplexF64,false,taylor,transfree,0.0,0.00286134,0.029764786000000005,0.024990924999999994,0.015491337,0.073043148,30,9,0,35990650.02858341,1,2.220446049250313e-16,7.67356490963523e-16,40960.00197333081,4.855001225388538e+19,mpmath_1024,6.546122949258669e+25,Inf,Inf,53
invol_13_complex,13,ComplexF64,false,taylor,transfree,0.0,0.0030719659999999998,0.024477229,0.033529425999999994,0.015973457,0.077425977,42,7,7.033841914732764e-71,2262566994.775294,1,1.727233711018889e-77,3.377395520991194e-17,1268.243383122425,4.855001225388538e+19,mpmath_1024,6.546122949258669e+25,Inf,Inf,256
invol_13_complex,13,ComplexF64,false,taylor,transfree,0.0,0.003645096,0.034309518000000004,0.06864016000000002,0.022149061,0.129416635,72,8,2.782397413513887e-278,285680646.3960018,1,1.331998346195134e-256,3.377395520991194e-17,1268.243383122425,4.855001225388538e+19,mpmath_1024,6.546122949258669e+25,Inf,Inf,851
invol_13_complex,13,ComplexF64,false,taylor,complexschur,0.0,0.002544465,0.021640875999999996,0.026741301999999998,0.015995382,0.067115763,30,9,0,35990650.02858341,1,2.220446049250313e-16,7.67356490963523e-16,40960.00197333081,4.855001225388538e+19,mpmath_1024,6.546122949258669e+25,Inf,Inf,53
invol_13_complex,13,ComplexF64,false,taylor,complexschur,0.0,0.002772956,0.023259808999999996,0.05538761,0.017133901,0.098842565,42,7,7.033841914732764e-71,2262566994.775294,1,1.727233711018889e-77,3.377395520991194e-17,1268.243383122425,4.855001225388538e+19,mpmath_1024,6.546122949258669e+25,Inf,Inf,256
invol_13_complex,13,ComplexF64,false,taylor,complexschur,0.0,0.003294364,0.02732998599999999,0.033142721,0.028144896,0.092405067,72,8,2.782397413513887e-278,285680646.3960018,1,1.331998346195134e-256,3.377395520991194e-17,1268.243383122425,4.855001225388538e+19,mpmath_1024,6.546122949258669e+25,Inf,Inf,851
kuda10,4,Float64,false,scaling_and_squaring,NaN,NaN,NaN,NaN,NaN,NaN,3.0784e-5,NaN,NaN,NaN,NaN,NaN,2.220446049250313e-16,1.499570045879275e-16,2.081668171172169e-16,1.258956613283857,mpmath_1024,2.214978024970287,Inf,Inf,53
kuda10,4,Float64,false,diagonalcheap,transfree,0.0,0.00013439799999999998,0.0019389930000000002,0.000507887,3.6e-8,0.002694161,13,0,4.88816201979005e-17,1.258956613283857,3.6692843799260024,2.220446049250313e-16,2.626292197925152e-16,3.608224830031759e-16,1.258956613283857,mpmath_1024,2.214978024970287,Inf,Inf,53
kuda10,4,Float64,false,diagonalcheap,transfree,0.0,0.0005412230000000001,0.005649769,0.001232812,5.8e-8,0.007564593,31,0,2.419661380426015e-84,1.258956613283857,3.7217054857545495,1.727233711018889e-77,2.848635733611815e-17,3.33781929211578e-17,1.258956613283857,mpmath_1024,2.214978024970287,Inf,Inf,256
kuda10,4,Float64,false,diagonalcheap,transfree,0.0,0.0012646130000000002,0.009548998,0.002722478,4.9e-8,0.013711826,81,0,0,1.258956613283857,3.7445435141797216,1.331998346195134e-256,2.848635733611815e-17,3.33781929211578e-17,1.258956613283857,mpmath_1024,2.214978024970287,Inf,Inf,851
kuda10,4,Float64,false,diagonalcheap,complexschur,0.000723306,0.000134303,0.0017304389999999998,0.001211828,5.2e-8,0.00408621,13,0,0,1.258956613283857,3.1283851874031203,2.220446049250313e-16,8.493709584437401e-16,1.137978600240785e-15,1.258956613283857,mpmath_1024,2.214978024970287,Inf,Inf,53
kuda10,4,Float64,false,diagonalcheap,complexschur,0.000931767,0.000448125,0.003364913,0.003031301,1.05e-7,0.008191611,31,0,1.209830690213008e-84,1.258956613283857,3.1683166008671453,1.727233711018889e-77,2.848635733611815e-17,3.33781929211578e-17,1.258956613283857,mpmath_1024,2.214978024970287,Inf,Inf,256
kuda10,4,Float64,false,diagonalcheap,complexschur,0.001817368,0.0018478010000000003,0.015615531000000002,0.00393319,8.7e-8,0.023667142,81,0,0,1,2.4844068132768093,1.331998346195134e-256,2.848635733611815e-17,3.33781929211578e-17,1.258956613283857,mpmath_1024,2.214978024970287,Inf,Inf,851
kuda10,4,Float64,false,diagonalcheap,realschur,0.000312262,9.5509e-5,0.0012193809999999999,0.000528065,4.3e-8,0.002276261,13,0,0,1.258956613283857,3.1283851874031203,2.220446049250313e-16,8.493709584437401e-16,1.137978600240785e-15,1.258956613283857,mpmath_1024,2.214978024970287,Inf,Inf,53
kuda10,4,Float64,false,diagonalcheap,realschur,0.001611201,0.0006337410000000001,0.008135408000000002,0.001060199,5.6e-8,0.011683244,31,0,1.209830690213008e-84,1.258956613283857,3.1683166008671453,1.727233711018889e-77,2.848635733611815e-17,3.33781929211578e-17,1.258956613283857,mpmath_1024,2.214978024970287,Inf,Inf,256
kuda10,4,Float64,false,diagonalcheap,realschur,0.001737961,0.0016035049999999999,0.011031474,0.002780003,5.7e-8,0.017484306,81,0,0,1,2.4844068132768093,1.331998346195134e-256,2.848635733611815e-17,3.33781929211578e-17,1.258956613283857,mpmath_1024,2.214978024970287,Inf,Inf,851
kuda10,4,Float64,false,taylor,transfree,0.0,0.00034618400000000003,0.0008327270000000002,0.00035253000000000004,5.1e-8,0.001818769,25,0,0,1.3125,1,2.220446049250313e-16,1.489553470120753e-16,1.942890293094024e-16,1.258956613283857,mpmath_1024,2.214978024970287,Inf,Inf,53
kuda10,4,Float64,false,taylor,transfree,0.0,0.0009000229999999999,0.002311835,0.001577886,5.5e-8,0.005227695,72,0,1.85312073220849e-83,1.3125,1,1.727233711018889e-77,2.848635733611815e-17,3.33781929211578e-17,1.258956613283857,mpmath_1024,2.214978024970287,Inf,Inf,256
kuda10,4,Float64,false,taylor,transfree,0.0,0.000609707,0.0037103170000000003,0.000905874,0.000161653,0.005580427,90,6,1.090106878246179e-276,1.007721658349979,1,1.331998346195134e-256,2.848635733611815e-17,3.33781929211578e-17,1.258956613283857,mpmath_1024,2.214978024970287,Inf,Inf,851
kuda10,4,Float64,false,taylor,complexschur,0.000550762,0.000222201,0.000691247,0.000474608,3.1e-8,0.002110833,25,0,2.775557561562891e-17,1.3125,1,2.220446049250313e-16,8.493709584437401e-16,1.137978600240785e-15,1.258956613283857,mpmath_1024,2.214978024970287,Inf,Inf,53
kuda10,4,Float64,false,taylor,complexschur,0.000585571,0.0009523679999999999,0.0015798579999999997,0.0020342970000000004,6.8e-8,0.005471704,72,0,2.059023035787212e-84,1.3125,1,1.727233711018889e-77,2.848635733611815e-17,3.33781929211578e-17,1.258956613283857,mpmath_1024,2.214978024970287,Inf,Inf,256
kuda10,4,Float64,false,taylor,complexschur,0.002255353,0.0012395,0.009445277999999998,0.003463425,0.001811651,0.018782933,90,6,1.090106878246179e-276,1,1,1.331998346195134e-256,2.848635733611815e-17,3.33781929211578e-17,1.258956613283857,mpmath_1024,2.214978024970287,Inf,Inf,851
kuda10,4,Float64,false,taylor,realschur,0.000589036,0.000369477,0.0018661570000000002,0.000403974,5.1e-8,0.003374516,25,0,2.775557561562891e-17,1.3125,1,2.220446049250313e-16,8.493709584437401e-16,1.137978600240785e-15,1.258956613283857,mpmath_1024,2.214978024970287,Inf,Inf,53
kuda10,4,Float64,false,taylor,realschur,0.001035948,0.000831441,0.0015983770000000002,0.000967363,6.0e-8,0.004618384,72,0,2.059023035787212e-84,1.3125,1,1.727233711018889e-77,2.848635733611815e-17,3.33781929211578e-17,1.258956613283857,mpmath_1024,2.214978024970287,Inf,Inf,256
kuda10,4,Float64,false,taylor,realschur,0.00151004,0.0008857360000000001,0.004848661,0.0012805450000000001,0.001229529,0.010116381,90,6,1.090106878246179e-276,1,1,1.331998346195134e-256,2.848635733611815e-17,3.33781929211578e-17,1.258956613283857,mpmath_1024,2.214978024970287,Inf,Inf,851
kuda10,24,Float64,false,scaling_and_squaring,NaN,NaN,NaN,NaN,NaN,NaN,7.8931e-5,NaN,NaN,NaN,NaN,NaN,2.220446049250313e-16,2.139379911369616e-16,3.092291872567888e-16,1.207910415349708,mpmath_1024,2.206237772047154,Inf,1.6554225586061014e16,53
kuda10,24,Float64,false,diagonalcheap,transfree,0.0,0.00033600700000000004,0.0042956010000000005,0.012858927999999999,3.5e-8,0.018084,13,0,1.602126478397813e-17,1.207910415349708,3.5523273915506937,2.220446049250313e-16,3.529365337050543e-16,6.277460410936229e-16,1.207910415349708,mpmath_1024,2.206237772047154,Inf,1.6554225586061014e16,53
kuda10,24,Float64,false,diagonalcheap,transfree,0.0,0.003074433,0.017146152999999994,0.052403261,4.3e-8,0.073655599,31,0,1.189722368099854e-84,1.207910415349709,3.6010018691314287,1.727233711018889e-77,3.277422042511534e-17,5.330504820249369e-17,1.207910415349708,mpmath_1024,2.206237772047154,Inf,1.6554225586061014e16,256
kuda10,24,Float64,false,diagonalcheap,transfree,0.0,0.0047602880000000005,0.04847839200000001,0.14062052199999997,4.3e-8,0.19550216,81,0,3.980668329488647e-281,1.207910415349708,3.6221979733653114,1.331998346195134e-256,3.277422042511534e-17,5.330504820249369e-17,1.207910415349708,mpmath_1024,2.206237772047154,Inf,1.6554225586061014e16,851
kuda10,24,Float64,false,diagonalcheap,complexschur,0.033533073,0.001007133,0.013387683999999995,0.091516693,3.6e-8,0.154553455,13,0,1.72152227556505e-17,1.29601931972781,3.3052820865132797,2.220446049250313e-16,1.449276604423398e-15,3.999832453018906e-15,1.207910415349708,mpmath_1024,2.206237772047154,Inf,1.6554225586061014e16,53
kuda10,24,Float64,false,diagonalcheap,complexschur,0.06972656,0.0030161119999999996,0.024939239000000005,0.128885274,4.2e-8,0.264824568,31,0,1.278546965237732e-84,1.360668238426785,3.3482714628753625,1.727233711018889e-77,3.277422042511534e-17,5.330504820249369e-17,1.207910415349708,mpmath_1024,2.206237772047154,Inf,1.6554225586061014e16,256
kuda10,24,Float64,false,diagonalcheap,complexschur,0.156215474,0.006220315999999999,0.053827180999999995,0.255744441,3.7e-8,0.495167033,81,0,1.377254009906639e-281,1,3.366223224357811,1.331998346195134e-256,3.277422042511534e-17,5.330504820249369e-17,1.207910415349708,mpmath_1024,2.206237772047154,Inf,1.6554225586061014e16,851
kuda10,24,Float64,false,diagonalcheap,realschur,0.035101017,0.000584104,0.007397989,0.022131205999999997,5.4e-8,0.072401409,13,0,1.72152227556505e-17,1.29601931972781,3.3052820865132797,2.220446049250313e-16,1.449276604423398e-15,3.999832453018906e-15,1.207910415349708,mpmath_1024,2.206237772047154,Inf,1.6554225586061014e16,53
kuda10,24,Float64,false,diagonalcheap,realschur,0.098657558,0.001157716,0.008102708999999998,0.020787788,3.5e-8,0.134446406,31,0,1.278546965237732e-84,1.360668238426785,3.3482714628753625,1.727233711018889e-77,3.277422042511534e-17,5.330504820249369e-17,1.207910415349708,mpmath_1024,2.206237772047154,Inf,1.6554225586061014e16,256
kuda10,24,Float64,false,diagonalcheap,realschur,0.147451596,0.003282476,0.027924751999999997,0.11057746399999999,1.03e-7,0.306468493,81,0,1.377254009906639e-281,1,3.3662232243578116,1.331998346195134e-256,3.277422042511534e-17,5.330504820249369e-17,1.207910415349708,mpmath_1024,2.206237772047154,Inf,1.6554225586061014e16,851
kuda10,24,Float64,false,taylor,transfree,0.0,0.002190582,0.006015642000000002,0.024984295,5.3e-8,0.034429386,25,0,5.551115123125783e-17,1.3125,1,2.220446049250313e-16,8.381620157554377e-17,1.219016291724601e-16,1.207910415349708,mpmath_1024,2.206237772047154,Inf,1.6554225586061014e16,53
kuda10,24,Float64,false,taylor,transfree,0.0,0.005067949,0.00602082,0.06312509300000001,5.1e-8,0.074970484,72,0,0,1.3125,1,1.727233711018889e-77,3.277422042511534e-17,5.330504820249369e-17,1.207910415349708,mpmath_1024,2.206237772047154,Inf,1.6554225586061014e16,256
kuda10,24,Float64,false,taylor,transfree,0.0,0.006550966000000001,0.032281473000000005,0.118483105,0.053032559,0.212724788,90,6,3.07399651876137e-277,1.007691613138734,1,1.331998346195134e-256,3.277422042511534e-17,5.330504820249369e-17,1.207910415349708,mpmath_1024,2.206237772047154,Inf,1.6554225586061014e16,851
kuda10,24,Float64,false,taylor,complexschur,0.040386969,0.004093589999999999,0.007051128999999998,0.09143551499999998,3.5e-8,0.156739294,25,0,5.551115123125783e-17,1.452596657233274,1,2.220446049250313e-16,1.447112914605331e-15,4.039179646765031e-15,1.207910415349708,mpmath_1024,2.206237772047154,Inf,1.6554225586061014e16,53
kuda10,24,Float64,false,taylor,complexschur,0.076130063,0.023233535000000003,0.005116642999999999,0.126687948,3.4e-8,0.249251109,72,0,2.059023035787212e-84,1.452596657233256,1,1.727233711018889e-77,3.277422042511534e-17,5.330504820249369e-17,1.207910415349708,mpmath_1024,2.206237772047154,Inf,1.6554225586061014e16,256
kuda10,24,Float64,false,taylor,complexschur,0.18102893,0.011219426000000001,0.03701885200000001,0.20765532200000003,0.050455051,0.530057174,90,6,2.781818966829726e-276,1,1,1.331998346195134e-256,3.277422042511534e-17,5.330504820249369e-17,1.207910415349708,mpmath_1024,2.206237772047154,Inf,1.6554225586061014e16,851
kuda10,24,Float64,false,taylor,realschur,0.040111506,0.001834886,0.004387995999999998,0.019200146,4.3e-8,0.069277713,25,0,5.551115123125783e-17,1.452596657233274,1,2.220446049250313e-16,1.447112914605331e-15,4.039179646765031e-15,1.207910415349708,mpmath_1024,2.206237772047154,Inf,1.6554225586061014e16,53
kuda10,24,Float64,false,taylor,realschur,0.076051139,0.002827319,0.0032046700000000015,0.031009835,3.6e-8,0.119073043,72,0,2.059023035787212e-84,1.452596657233256,1,1.727233711018889e-77,3.277422042511534e-17,5.330504820249369e-17,1.207910415349708,mpmath_1024,2.206237772047154,Inf,1.6554225586061014e16,256
kuda10,24,Float64,false,taylor,realschur,0.166020893,0.0046791720000000005,0.018600936000000005,0.047314234,0.014531167,0.276680569,90,6,2.781818966829726e-276,1,1,1.331998346195134e-256,3.277422042511534e-17,5.330504820249369e-17,1.207910415349708,mpmath_1024,2.206237772047154,Inf,1.6554225586061014e16,851
lara17_benchmark1,2,Float64,false,scaling_and_squaring,NaN,NaN,NaN,NaN,NaN,NaN,1.6409e-5,NaN,NaN,NaN,NaN,NaN,2.220446049250313e-16,7.85046360007069e-17,1.110223024625157e-16,1,mpmath_1024,2.35385523913026e-07,6.771522821676763e10,6.771522821576764e10,53
lara17_benchmark1,2,Float64,false,diagonalcheap,transfree,0.0,1.365e-6,0.000497386,0.000153381,3.7e-8,0.00071504,3,0,0,1,1.0000001664426836,2.220446049250313e-16,5.447353401737611e-34,7.703719777548943e-34,1,mpmath_1024,2.35385523913026e-07,6.771522821676763e10,6.771522821576764e10,53
lara17_benchmark1,2,Float64,false,diagonalcheap,transfree,0.0,1.948e-6,0.000574958,0.000180283,3.5e-8,0.000814339,5,0,5.528476851088663e-82,1,1.0000001664426847,1.727233711018889e-77,3.328586738631786e-17,4.681592182343179e-17,1,mpmath_1024,2.35385523913026e-07,6.771522821676763e10,6.771522821576764e10,256
lara17_benchmark1,2,Float64,false,diagonalcheap,transfree,0.0,0.00020536800000000004,0.00137328,0.000308564,3.5e-8,0.001977473,17,0,7.907710485980453e-277,1,1.0000001664426859,1.331998346195134e-256,3.328586738631786e-17,4.681592182343179e-17,1,mpmath_1024,2.35385523913026e-07,6.771522821676763e10,6.771522821576764e10,851
lara17_benchmark1,2,Float64,false,diagonalcheap,complexschur,0.0,1.821e-6,0.000526426,0.000239155,6.0e-8,0.000842556,3,0,0,1,1.0000001664426836,2.220446049250313e-16,5.447353401737611e-34,7.703719777548943e-34,1,mpmath_1024,2.35385523913026e-07,6.771522821676763e10,6.771522821576764e10,53
lara17_benchmark1,2,Float64,false,diagonalcheap,complexschur,0.0,4.039e-6,0.000916901,0.000284372,6.0e-8,0.001309782,5,0,5.528476851088663e-82,1,1.0000001664426847,1.727233711018889e-77,3.328586738631786e-17,4.681592182343179e-17,1,mpmath_1024,2.35385523913026e-07,6.771522821676763e10,6.771522821576764e10,256
lara17_benchmark1,2,Float64,false,diagonalcheap,complexschur,0.0,0.00022369500000000002,0.0018344040000000002,0.000678078,5.4e-8,0.002892653,17,0,7.907710485980453e-277,1,1.0000001664426859,1.331998346195134e-256,3.328586738631786e-17,4.681592182343179e-17,1,mpmath_1024,2.35385523913026e-07,6.771522821676763e10,6.771522821576764e10,851
lara17_benchmark1,2,Float64,false,diagonalcheap,realschur,0.0,1.083e-6,0.000531931,0.00018265,5.6e-8,0.00079029,3,0,0,1,1.0000001664426836,2.220446049250313e-16,5.447353401737611e-34,7.703719777548943e-34,1,mpmath_1024,2.35385523913026e-07,6.771522821676763e10,6.771522821576764e10,53
lara17_benchmark1,2,Float64,false,diagonalcheap,realschur,0.0,2.554e-6,0.0008330509999999999,0.00026221400000000003,5.4e-8,0.001215146,5,0,5.528476851088663e-82,1,1.0000001664426847,1.727233711018889e-77,3.328586738631786e-17,4.681592182343179e-17,1,mpmath_1024,2.35385523913026e-07,6.771522821676763e10,6.771522821576764e10,256
lara17_benchmark1,2,Float64,false,diagonalcheap,realschur,0.0,0.00030587599999999996,0.0019870300000000007,0.00050105,4.2e-8,0.002927009,17,0,7.907710485980453e-277,1,1.0000001664426859,1.331998346195134e-256,3.328586738631786e-17,4.681592182343179e-17,1,mpmath_1024,2.35385523913026e-07,6.771522821676763e10,6.771522821576764e10,851
lara17_benchmark1,2,Float64,false,taylor,transfree,0.0,1.01e-6,0.00033975799999999995,7.658900000000001e-5,6.2e-8,0.000551421,4,0,0,1,1,2.220446049250313e-16,5.447353401737611e-34,7.703719777548943e-34,1,mpmath_1024,2.35385523913026e-07,6.771522821676763e10,6.771522821576764e10,53
lara17_benchmark1,2,Float64,false,taylor,transfree,0.0,0.000170276,0.00044048799999999995,0.000118919,5.0e-8,0.000796744,12,0,5.147557589468029e-85,1,1,1.727233711018889e-77,3.328586738631786e-17,4.681592182343179e-17,1,mpmath_1024,2.35385523913026e-07,6.771522821676763e10,6.771522821576764e10,256
lara17_benchmark1,2,Float64,false,taylor,transfree,0.0,0.000351048,0.001060584,0.000280386,5.6e-8,0.001778387,36,0,3.443135024766597e-282,1,1,1.331998346195134e-256,3.328586738631786e-17,4.681592182343179e-17,1,mpmath_1024,2.35385523913026e-07,6.771522821676763e10,6.771522821576764e10,851
lara17_benchmark1,2,Float64,false,taylor,complexschur,0.0,8.49e-7,0.000285425,6.9549e-5,4.4e-8,0.000439435,4,0,0,1,1,2.220446049250313e-16,5.447353401737611e-34,7.703719777548943e-34,1,mpmath_1024,2.35385523913026e-07,6.771522821676763e10,6.771522821576764e10,53
lara17_benchmark1,2,Float64,false,taylor,complexschur,0.0,0.000188546,0.000440081,0.000133876,5.5e-8,0.000849089,12,0,5.147557589468029e-85,1,1,1.727233711018889e-77,3.328586738631786e-17,4.681592182343179e-17,1,mpmath_1024,2.35385523913026e-07,6.771522821676763e10,6.771522821576764e10,256
lara17_benchmark1,2,Float64,false,taylor,complexschur,0.0,0.00039337499999999995,0.0011708699999999999,0.00031556900000000003,5.3e-8,0.002006108,36,0,3.443135024766597e-282,1,1,1.331998346195134e-256,3.328586738631786e-17,4.681592182343179e-17,1,mpmath_1024,2.35385523913026e-07,6.771522821676763e10,6.771522821576764e10,851
lara17_benchmark1,2,Float64,false,taylor,realschur,0.0,8.94e-7,0.000246171,5.1881e-5,4.5e-8,0.000369565,4,0,0,1,1,2.220446049250313e-16,5.447353401737611e-34,7.703719777548943e-34,1,mpmath_1024,2.35385523913026e-07,6.771522821676763e10,6.771522821576764e10,53
lara17_benchmark1,2,Float64,false,taylor,realschur,0.0,0.000220498,0.00048819000000000005,0.000136099,5.7e-8,0.00094631,12,0,5.147557589468029e-85,1,1,1.727233711018889e-77,3.328586738631786e-17,4.681592182343179e-17,1,mpmath_1024,2.35385523913026e-07,6.771522821676763e10,6.771522821576764e10,256
lara17_benchmark1,2,Float64,false,taylor,realschur,0.0,0.000399618,0.0011705720000000001,0.000314319,5.7e-8,0.002019802,36,0,3.443135024766597e-282,1,1,1.331998346195134e-256,3.328586738631786e-17,4.681592182343179e-17,1,mpmath_1024,2.35385523913026e-07,6.771522821676763e10,6.771522821576764e10,851
lara17_benchmark2,3,Float64,false,scaling_and_squaring,NaN,NaN,NaN,NaN,NaN,NaN,2.7175e-5,NaN,NaN,NaN,NaN,NaN,2.220446049250313e-16,9.064933935393759e-17,1.110223024625157e-16,1,mpmath_1024,2.428313227150349e-07,6.237210950695089e7,4.116951302068447e7,53
lara17_benchmark2,3,Float64,false,diagonalcheap,transfree,0.0,1.121e-6,0.000600993,0.00022773,6.9e-8,0.000909406,3,0,6.938893903907228e-18,1,1.0000000660903312,2.220446049250313e-16,3.056467178690252e-23,5.293955920339377e-23,1,mpmath_1024,2.428313227150349e-07,6.237210950695089e7,4.116951302068447e7,53
lara17_benchmark2,3,Float64,false,diagonalcheap,transfree,0.0,2.167e-6,0.000761055,0.000292905,5.3e-8,0.001149807,5,0,2.032770492080925e-81,1,1.0000000660903317,1.727233711018889e-77,3.531101800924348e-17,4.165943580418028e-17,1,mpmath_1024,2.428313227150349e-07,6.237210950695089e7,4.116951302068447e7,256
lara17_benchmark2,3,Float64,false,diagonalcheap,transfree,0.0,0.00028492,0.0020048130000000003,0.00036201800000000003,3.6e-8,0.002754667,17,0,8.729862267194221e-277,1,1.000000066090332,1.331998346195134e-256,3.531101800924348e-17,4.165943580418028e-17,1,mpmath_1024,2.428313227150349e-07,6.237210950695089e7,4.116951302068447e7,851
lara17_benchmark2,3,Float64,false,diagonalcheap,complexschur,7.522e-5,2.366e-6,0.0009623820000000001,0.000380818,5.5e-8,0.001603821,3,0,6.938893903907228e-18,1,1.000000297406387,2.220446049250313e-16,1.085875275453763e-37,1.88079096131566e-37,1,mpmath_1024,2.428313227150349e-07,6.237210950695089e7,4.116951302068447e7,53
lara17_benchmark2,3,Float64,false,diagonalcheap,complexschur,8.2699e-5,2.14e-6,0.0008725070000000001,0.000531732,5.9e-8,0.001671351,5,0,2.032770492080925e-81,1,1.0000002974063888,1.727233711018889e-77,3.531101800924348e-17,4.165943580418028e-17,1,mpmath_1024,2.428313227150349e-07,6.237210950695089e7,4.116951302068447e7,256
lara17_benchmark2,3,Float64,false,diagonalcheap,complexschur,9.0723e-5,0.000360998,0.0022574870000000003,0.001309432,5.5e-8,0.004255041,17,0,8.729862267194221e-277,1,1.0000002974063906,1.331998346195134e-256,3.531101800924348e-17,4.165943580418028e-17,1,mpmath_1024,2.428313227150349e-07,6.237210950695089e7,4.116951302068447e7,851
lara17_benchmark2,3,Float64,false,diagonalcheap,realschur,7.8782e-5,1.983e-6,0.0007198910000000001,0.00025407500000000004,5.4e-8,0.00116327,3,0,6.938893903907228e-18,1,1.000000297406387,2.220446049250313e-16,1.085875275453763e-37,1.88079096131566e-37,1,mpmath_1024,2.428313227150349e-07,6.237210950695089e7,4.116951302068447e7,53
lara17_benchmark2,3,Float64,false,diagonalcheap,realschur,9.2485e-5,2.463e-6,0.000834071,0.00034782,5.0e-8,0.001408908,5,0,2.032770492080925e-81,1,1.0000002974063888,1.727233711018889e-77,3.531101800924348e-17,4.165943580418028e-17,1,mpmath_1024,2.428313227150349e-07,6.237210950695089e7,4.116951302068447e7,256
lara17_benchmark2,3,Float64,false,diagonalcheap,realschur,0.000101284,0.000321737,0.0021796539999999996,0.000557895,3.4e-8,0.003299572,17,0,8.729862267194221e-277,1,1.0000002974063906,1.331998346195134e-256,3.531101800924348e-17,4.165943580418028e-17,1,mpmath_1024,2.428313227150349e-07,6.237210950695089e7,4.116951302068447e7,851
lara17_benchmark2,3,Float64,false,taylor,transfree,0.0,1.041e-6,0.000318658,7.3464e-5,5.2e-8,0.000468407,4,0,0,1,1,2.220446049250313e-16,0,0,1,mpmath_1024,2.428313227150349e-07,6.237210950695089e7,4.116951302068447e7,53
lara17_benchmark2,3,Float64,false,taylor,transfree,0.0,0.000206589,0.000492264,0.000132719,4.3e-8,0.00091508,12,0,5.147557589468029e-85,1,1,1.727233711018889e-77,3.531101800924348e-17,4.165943580418028e-17,1,mpmath_1024,2.428313227150349e-07,6.237210950695089e7,4.116951302068447e7,256
lara17_benchmark2,3,Float64,false,taylor,transfree,0.0,0.0004154830000000001,0.0011600260000000002,0.000335364,4.7e-8,0.002028776,36,0,6.886270049533194e-282,1,1,1.331998346195134e-256,3.531101800924348e-17,4.165943580418028e-17,1,mpmath_1024,2.428313227150349e-07,6.237210950695089e7,4.116951302068447e7,851
lara17_benchmark2,3,Float64,false,taylor,complexschur,7.5339e-5,1.073e-6,0.0003486210000000001,0.000176279,5.1e-8,0.000772235,4,0,0,1,1,2.220446049250313e-16,0,0,1,mpmath_1024,2.428313227150349e-07,6.237210950695089e7,4.116951302068447e7,53
lara17_benchmark2,3,Float64,false,taylor,complexschur,8.2265e-5,0.000258246,0.0005828839999999999,0.00037700099999999996,5.2e-8,0.001497125,12,0,5.147557589468029e-85,1,1,1.727233711018889e-77,3.531101800924348e-17,4.165943580418028e-17,1,mpmath_1024,2.428313227150349e-07,6.237210950695089e7,4.116951302068447e7,256
lara17_benchmark2,3,Float64,false,taylor,complexschur,9.2432e-5,0.000483939,0.0012476820000000004,0.0009406299999999999,5.4e-8,0.002992414,36,0,6.886270049533194e-282,1,1,1.331998346195134e-256,3.531101800924348e-17,4.165943580418028e-17,1,mpmath_1024,2.428313227150349e-07,6.237210950695089e7,4.116951302068447e7,851
lara17_benchmark2,3,Float64,false,taylor,realschur,6.9876e-5,7.95e-7,0.00033807199999999997,9.7918e-5,6.0e-8,0.000602153,4,0,0,1,1,2.220446049250313e-16,0,0,1,mpmath_1024,2.428313227150349e-07,6.237210950695089e7,4.116951302068447e7,53
lara17_benchmark2,3,Float64,false,taylor,realschur,7.1838e-5,0.000211024,0.000523511,0.000189855,5.3e-8,0.001111905,12,0,5.147557589468029e-85,1,1,1.727233711018889e-77,3.531101800924348e-17,4.165943580418028e-17,1,mpmath_1024,2.428313227150349e-07,6.237210950695089e7,4.116951302068447e7,256
lara17_benchmark2,3,Float64,false,taylor,realschur,9.9507e-5,0.00028132200000000003,0.0008093349999999999,0.000287033,3.6e-8,0.0016456,36,0,6.886270049533194e-282,1,1,1.331998346195134e-256,3.531101800924348e-17,4.165943580418028e-17,1,mpmath_1024,2.428313227150349e-07,6.237210950695089e7,4.116951302068447e7,851
lara17_benchmark3,3,Float64,false,scaling_and_squaring,NaN,NaN,NaN,NaN,NaN,NaN,3.2129e-5,NaN,NaN,NaN,NaN,NaN,2.220446049250313e-16,1.437181884479713e-16,2.229119666630197e-16,0.9999999969265546,mpmath_1024,0.004636909152883403,40.128503895304675,24.717508167778725,53
lara17_benchmark3,3,Float64,false,diagonalcheap,transfree,0.0,1.98e-6,0.00074179,0.00026444,5.2e-8,0.001097297,3,0,0,0.9999999969265547,1.0012115347758817,2.220446049250313e-16,0,0,0.9999999969265546,mpmath_1024,0.004636909152883403,40.128503895304675,24.717508167778725,53
lara17_benchmark3,3,Float64,false,diagonalcheap,transfree,0.0,0.000341138,0.002197544,0.000504307,5.5e-8,0.003186018,13,0,5.147557585780061e-85,0.9999999969265547,1.001211652366687,1.727233711018889e-77,2.785669939809824e-17,3.824340955858889e-17,0.9999999969265546,mpmath_1024,0.004636909152883403,40.128503895304675,24.717508167778725,256
lara17_benchmark3,3,Float64,false,diagonalcheap,transfree,0.0,0.000693612,0.006185851,0.0008923739999999999,4.4e-8,0.007932865,37,0,6.886270044754297e-282,0.9999999969265547,1.0012116716966855,1.331998346195134e-256,2.785669939809824e-17,3.824340955858889e-17,0.9999999969265546,mpmath_1024,0.004636909152883403,40.128503895304675,24.717508167778725,851
lara17_benchmark3,3,Float64,false,diagonalcheap,complexschur,7.7958e-5,1.394e-6,0.0006462620000000001,0.000393878,7.2e-8,0.00130153,3,0,0,0.9999786386111544,1.0020684160079993,2.220446049250313e-16,0,0,0.9999999969265546,mpmath_1024,0.004636909152883403,40.128503895304675,24.717508167778725,53
lara17_benchmark3,3,Float64,false,diagonalcheap,complexschur,8.3399e-5,0.000274128,0.0018638460000000002,0.000844329,5.9e-8,0.003276376,13,0,5.147557585780061e-85,0.9999786386111544,1.0020688878050292,1.727233711018889e-77,2.785669939809824e-17,3.824340955858889e-17,0.9999999969265546,mpmath_1024,0.004636909152883403,40.128503895304675,24.717508167778725,256
lara17_benchmark3,3,Float64,false,diagonalcheap,complexschur,8.9076e-5,0.000782686,0.004196768,0.002091701,6.0e-8,0.007395351,37,0,6.886270044754296e-282,0.9999786386111544,1.0020689653607568,1.331998346195134e-256,2.785669939809824e-17,3.824340955858889e-17,0.9999999969265546,mpmath_1024,0.004636909152883403,40.128503895304675,24.717508167778725,851
lara17_benchmark3,3,Float64,false,diagonalcheap,realschur,6.9396e-5,1.089e-6,0.0005898209999999999,0.00024163100000000002,6.1e-8,0.000993228,3,0,0,0.9999786386111544,1.0020684160079993,2.220446049250313e-16,0,0,0.9999999969265546,mpmath_1024,0.004636909152883403,40.128503895304675,24.717508167778725,53
lara17_benchmark3,3,Float64,false,diagonalcheap,realschur,7.1526e-5,0.000198136,0.001503612,0.000464125,4.8e-8,0.002349816,13,0,5.147557585780061e-85,0.9999786386111544,1.0020688878050292,1.727233711018889e-77,2.785669939809824e-17,3.824340955858889e-17,0.9999999969265546,mpmath_1024,0.004636909152883403,40.128503895304675,24.717508167778725,256
lara17_benchmark3,3,Float64,false,diagonalcheap,realschur,8.5699e-5,0.0006902439999999999,0.005153396,0.001053477,5.1e-8,0.007150169,37,0,6.886270044754296e-282,0.9999786386111544,1.0020689653607568,1.331998346195134e-256,2.785669939809824e-17,3.824340955858889e-17,0.9999999969265546,mpmath_1024,0.004636909152883403,40.128503895304675,24.717508167778725,851
lara17_benchmark3,3,Float64,false,taylor,transfree,0.0,0.000102383,0.00037602600000000006,8.7864e-5,5.5e-8,0.000649241,6,0,0,0.9999999969251475,1,2.220446049250313e-16,1.716256353964252e-21,2.964615315390051e-21,0.9999999969265546,mpmath_1024,0.004636909152883403,40.128503895304675,24.717508167778725,53
lara17_benchmark3,3,Float64,false,taylor,transfree,0.0,0.000302085,0.000685317,0.00021471,5.6e-8,0.001294882,25,0,5.147557589468029e-84,0.9999999969251474,1,1.727233711018889e-77,2.785669939809824e-17,3.824340955858889e-17,0.9999999969265546,mpmath_1024,0.004636909152883403,40.128503895304675,24.717508167778725,256
lara17_benchmark3,3,Float64,false,taylor,transfree,0.0,0.00079646,0.002521236,0.000612837,5.7e-8,0.004069111,72,0,2.760023601038183e-268,0.9999999969251474,1,1.331998346195134e-256,2.785669939809824e-17,3.824340955858889e-17,0.9999999969265546,mpmath_1024,0.004636909152883403,40.128503895304675,24.717508167778725,851
lara17_benchmark3,3,Float64,false,taylor,complexschur,8.1604e-5,0.00011214,0.000402163,0.00021996099999999996,4.8e-8,0.000986034,6,0,0,0.9999999969251475,1,2.220446049250313e-16,1.716256353964252e-21,2.964615315390051e-21,0.9999999969265546,mpmath_1024,0.004636909152883403,40.128503895304675,24.717508167778725,53
lara17_benchmark3,3,Float64,false,taylor,complexschur,7.6836e-5,0.000370764,0.0007554099999999999,0.000592134,5.6e-8,0.001976533,25,0,5.147557589468029e-84,0.9999999969251474,1,1.727233711018889e-77,2.785669939809824e-17,3.824340955858889e-17,0.9999999969265546,mpmath_1024,0.004636909152883403,40.128503895304675,24.717508167778725,256
lara17_benchmark3,3,Float64,false,taylor,complexschur,9.8178e-5,0.0009163900000000001,0.0025581119999999995,0.001412534,6.0e-8,0.005238943,72,0,2.760023601038183e-268,0.9999999969251474,1,1.331998346195134e-256,2.785669939809824e-17,3.824340955858889e-17,0.9999999969265546,mpmath_1024,0.004636909152883403,40.128503895304675,24.717508167778725,851
lara17_benchmark3,3,Float64,false,taylor,realschur,7.9943e-5,0.000121032,0.0004317099999999999,0.00012074899999999999,6.1e-8,0.000873098,6,0,0,0.9999999969251475,1,2.220446049250313e-16,1.716256353964252e-21,2.964615315390051e-21,0.9999999969265546,mpmath_1024,0.004636909152883403,40.128503895304675,24.717508167778725,53
lara17_benchmark3,3,Float64,false,taylor,realschur,8.6656e-5,0.000358529,0.0007769549999999999,0.00028323700000000004,4.3e-8,0.001642524,25,0,5.147557589468029e-84,0.9999999969251474,1,1.727233711018889e-77,2.785669939809824e-17,3.824340955858889e-17,0.9999999969265546,mpmath_1024,0.004636909152883403,40.128503895304675,24.717508167778725,256
lara17_benchmark3,3,Float64,false,taylor,realschur,8.6373e-5,0.000784719,0.0025452499999999998,0.0007344680000000001,4.8e-8,0.004311347,72,0,2.760023601038183e-268,0.9999999969251474,1,1.331998346195134e-256,2.785669939809824e-17,3.824340955858889e-17,0.9999999969265546,mpmath_1024,0.004636909152883403,40.128503895304675,24.717508167778725,851
lara17_benchmark4,4,Float64,false,scaling_and_squaring,NaN,NaN,NaN,NaN,NaN,NaN,2.9128e-5,NaN,NaN,NaN,NaN,NaN,2.220446049250313e-16,7.850857237049977e-17,1.110225142207525e-16,1,mpmath_1024,0.0001000108748900367,1.9522403580165237e10,3.3813927281753216e10,53
lara17_benchmark4,4,Float64,false,diagonalcheap,transfree,0.0,9.71e-7,0.000401926,0.000139789,3.6e-8,0.000606203,3,0,0,1,1.0000392201509225,2.220446049250313e-16,6.776604379538881e-21,1.355252715606881e-20,1,mpmath_1024,0.0001000108748900367,1.9522403580165237e10,3.3813927281753216e10,53
lara17_benchmark4,4,Float64,false,diagonalcheap,transfree,0.0,6.3005e-5,0.000751609,0.00037944500000000006,4.0e-8,0.001270219,9,0,0,1,1.00003922034796,1.727233711018889e-77,4.215821896774494e-17,5.432974484878633e-17,1,mpmath_1024,0.0001000108748900367,1.9522403580165237e10,3.3813927281753216e10,256
lara17_benchmark4,4,Float64,false,diagonalcheap,transfree,0.0,0.000391626,0.0023380220000000004,0.0008663239999999999,4.6e-8,0.003725383,25,0,1.216101518207463e-276,1,1.0000392204015756,1.331998346195134e-256,4.215821896774494e-17,5.432974484878633e-17,1,mpmath_1024,0.0001000108748900367,1.9522403580165237e10,3.3813927281753216e10,851
lara17_benchmark4,4,Float64,false,diagonalcheap,complexschur,0.000422574,1.123e-6,0.0006499289999999999,0.000561918,6.6e-8,0.001937664,3,0,6.93923405561172e-18,1.000054953079581,1.000156759143587,2.220446049250313e-16,6.251798019876319e-16,1.433499760354484e-15,1,mpmath_1024,0.0001000108748900367,1.9522403580165237e10,3.3813927281753216e10,53
lara17_benchmark4,4,Float64,false,diagonalcheap,complexschur,0.000618023,0.00012958700000000002,0.001563923,0.0011007480000000001,6.5e-8,0.00382713,9,0,0,1.000098041515698,1.0001567597757308,1.727233711018889e-77,4.215821896774494e-17,5.432974484878633e-17,1,mpmath_1024,0.0001000108748900367,1.9522403580165237e10,3.3813927281753216e10,256
lara17_benchmark4,4,Float64,false,diagonalcheap,complexschur,0.00092764,0.000492014,0.0036306140000000008,0.003100342,6.1e-8,0.00858173,25,0,4.882949134364287e-278,1.000098041515698,1.0001567599475785,1.331998346195134e-256,4.215821896774494e-17,5.432974484878633e-17,1,mpmath_1024,0.0001000108748900367,1.9522403580165237e10,3.3813927281753216e10,851
lara17_benchmark4,4,Float64,false,diagonalcheap,realschur,0.000283697,1.057e-6,0.00063901,0.000303595,5.0e-8,0.001353462,3,0,6.93923405561172e-18,1.000054953079581,1.000156759143587,2.220446049250313e-16,6.251798019876319e-16,1.433499760354484e-15,1,mpmath_1024,0.0001000108748900367,1.9522403580165237e10,3.3813927281753216e10,53
lara17_benchmark4,4,Float64,false,diagonalcheap,realschur,0.000583046,0.00010110899999999998,0.0013865270000000002,0.000866473,5.8e-8,0.003122339,9,0,0,1.000098041515698,1.0001567597757308,1.727233711018889e-77,4.215821896774494e-17,5.432974484878633e-17,1,mpmath_1024,0.0001000108748900367,1.9522403580165237e10,3.3813927281753216e10,256
lara17_benchmark4,4,Float64,false,diagonalcheap,realschur,0.000895299,0.00043407,0.003268163999999999,0.001700573,4.5e-8,0.006565129,25,0,4.882949134364287e-278,1.000098041515698,1.0001567599475785,1.331998346195134e-256,4.215821896774494e-17,5.432974484878633e-17,1,mpmath_1024,0.0001000108748900367,1.9522403580165237e10,3.3813927281753216e10,851
lara17_benchmark4,4,Float64,false,taylor,transfree,0.0,1.126e-6,0.000384068,9.470299999999999e-5,5.0e-8,0.000565023,4,0,6.938893903907228e-18,1,1,2.220446049250313e-16,1.679335240686547e-22,3.388302552948494e-22,1,mpmath_1024,0.0001000108748900367,1.9522403580165237e10,3.3813927281753216e10,53
lara17_benchmark4,4,Float64,false,taylor,transfree,0.0,0.00022478599999999999,0.000582842,0.000266189,5.3e-8,0.001173533,16,0,1.986411588430176e-79,1,1,1.727233711018889e-77,4.215821896774494e-17,5.432974484878633e-17,1,mpmath_1024,0.0001000108748900367,1.9522403580165237e10,3.3813927281753216e10,256
lara17_benchmark4,4,Float64,false,taylor,transfree,0.0,0.000575308,0.001775804,0.00076039,5.7e-8,0.003256888,49,0,5.370685560335139e-257,1,1,1.331998346195134e-256,4.215821896774494e-17,5.432974484878633e-17,1,mpmath_1024,0.0001000108748900367,1.9522403580165237e10,3.3813927281753216e10,851
lara17_benchmark4,4,Float64,false,taylor,complexschur,0.000438889,1.399e-6,0.00041872199999999995,0.00028855199999999997,5.2e-8,0.00144001,4,0,0,1.000098041515552,1,2.220446049250313e-16,6.251798019876319e-16,1.433499760354484e-15,1,mpmath_1024,0.0001000108748900367,1.9522403580165237e10,3.3813927281753216e10,53
lara17_benchmark4,4,Float64,false,taylor,complexschur,0.000555602,0.00025228299999999996,0.0006820680000000001,0.000807211,5.1e-8,0.002633708,16,0,4.312984077487577e-80,1.000098041515698,1,1.727233711018889e-77,4.215821896774494e-17,5.432974484878633e-17,1,mpmath_1024,0.0001000108748900367,1.9522403580165237e10,3.3813927281753216e10,256
lara17_benchmark4,4,Float64,false,taylor,complexschur,0.001051315,0.0007243270000000001,0.0020626209999999997,0.002136157,5.1e-8,0.006420051,49,0,2.296812455019018e-258,1.000098041515698,1,1.331998346195134e-256,4.215821896774494e-17,5.432974484878633e-17,1,mpmath_1024,0.0001000108748900367,1.9522403580165237e10,3.3813927281753216e10,851
lara17_benchmark4,4,Float64,false,taylor,realschur,0.000429452,1.025e-6,0.000393647,0.000137527,5.5e-8,0.001088744,4,0,0,1.000098041515552,1,2.220446049250313e-16,6.251798019876319e-16,1.433499760354484e-15,1,mpmath_1024,0.0001000108748900367,1.9522403580165237e10,3.3813927281753216e10,53
lara17_benchmark4,4,Float64,false,taylor,realschur,0.000556647,0.000223487,0.000611675,0.000353587,5.9e-8,0.001910522,16,0,4.312984077487577e-80,1.000098041515698,1,1.727233711018889e-77,4.215821896774494e-17,5.432974484878633e-17,1,mpmath_1024,0.0001000108748900367,1.9522403580165237e10,3.3813927281753216e10,256
lara17_benchmark4,4,Float64,false,taylor,realschur,0.000959371,0.000609404,0.001783846,0.001060101,5.7e-8,0.00467563,49,0,2.296812455019018e-258,1.000098041515698,1,1.331998346195134e-256,4.215821896774494e-17,5.432974484878633e-17,1,mpmath_1024,0.0001000108748900367,1.9522403580165237e10,3.3813927281753216e10,851
lara17_benchmark5,12,Float64,false,scaling_and_squaring,NaN,NaN,NaN,NaN,NaN,NaN,3.8725e-5,NaN,NaN,NaN,NaN,NaN,2.220446049250313e-16,8.480283681962018e-17,1.110358568508407e-16,1,mpmath_1024,0.0002253518219794541,5.2765795464175674e10,1.2433868819352815e11,53
lara17_benchmark5,12,Float64,false,diagonalcheap,transfree,0.0,1.565e-6,0.0006143800000000001,0.000867605,4.5e-8,0.001706222,3,0,0,1,1.0000790773806758,2.220446049250313e-16,1.058045529840995e-20,2.710546871023837e-20,1,mpmath_1024,0.0002253518219794541,5.2765795464175674e10,1.2433868819352815e11,53
lara17_benchmark5,12,Float64,false,diagonalcheap,transfree,0.0,0.00012009,0.0013230219999999999,0.003455298,5.1e-8,0.005115994,9,0,7.206580625255242e-84,1,1.0000790782426707,1.727233711018889e-77,3.222909030871085e-17,4.916925615042877e-17,1,mpmath_1024,0.0002253518219794541,5.2765795464175674e10,1.2433868819352815e11,256
lara17_benchmark5,12,Float64,false,diagonalcheap,transfree,0.0,0.000802739,0.004769765999999999,0.018426737999999998,5.6e-8,0.024286091,31,0,3.443135024766598e-282,1,1.0000790785017402,1.331998346195134e-256,3.222909030871085e-17,4.916925615042877e-17,1,mpmath_1024,0.0002253518219794541,5.2765795464175674e10,1.2433868819352815e11,851
lara17_benchmark5,12,Float64,false,diagonalcheap,complexschur,0.009686106,2.712e-6,0.001488536,0.006176473,5.3e-8,0.022487078,3,0,0,1.000332690175243,1.000467651019539,2.220446049250313e-16,1.338585773813458e-15,5.517760352080924e-15,1,mpmath_1024,0.0002253518219794541,5.2765795464175674e10,1.2433868819352815e11,53
lara17_benchmark5,12,Float64,false,diagonalcheap,complexschur,0.016725052,0.000434005,0.0037716959999999997,0.008675072,3.5e-8,0.032875572,9,0,2.059478602371931e-84,1.000442474541676,1.00046765777809,1.727233711018889e-77,3.222909030871085e-17,4.916925615042877e-17,1,mpmath_1024,0.0002253518219794541,5.2765795464175674e10,1.2433868819352815e11,256
lara17_benchmark5,12,Float64,false,diagonalcheap,complexschur,0.030443019,0.0022204699999999996,0.010846239,0.042649011,3.6e-8,0.093511808,31,0,0,1.000332690175306,1.000467659809356,1.331998346195134e-256,3.222909030871085e-17,4.916925615042877e-17,1,mpmath_1024,0.0002253518219794541,5.2765795464175674e10,1.2433868819352815e11,851
lara17_benchmark5,12,Float64,false,diagonalcheap,realschur,0.00783993,9.91e-7,0.0008949069999999999,0.001855996,6.4e-8,0.01167081,3,0,0,1.000332417623002,1.000464317344507,2.220446049250313e-16,1.320161839452996e-15,5.295715747155893e-15,1,mpmath_1024,0.0002253518219794541,5.2765795464175674e10,1.2433868819352815e11,53
lara17_benchmark5,12,Float64,false,diagonalcheap,realschur,0.015627988,0.000172775,0.002724564,0.004033523,5.9e-8,0.024118155,9,0,2.059471739895795e-84,1.00043580912516,1.0004643240773086,1.727233711018889e-77,3.222909030871085e-17,4.916925615042877e-17,1,mpmath_1024,0.0002253518219794541,5.2765795464175674e10,1.2433868819352815e11,256
lara17_benchmark5,12,Float64,false,diagonalcheap,realschur,0.031924524,0.001413764,0.009173409000000004,0.063317202,6.2e-8,0.10856968,31,0,0,1.000332417623064,1.0004643261008384,1.331998346195134e-256,3.222909030871085e-17,4.916925615042877e-17,1,mpmath_1024,0.0002253518219794541,5.2765795464175674e10,1.2433868819352815e11,851
lara17_benchmark5,12,Float64,false,taylor,transfree,0.0,1.218e-6,0.000718638,0.000879465,7.9e-8,0.001901787,4,0,6.938893903907228e-18,1,1,2.220446049250313e-16,6.79840127954281e-20,2.195957635506636e-19,1,mpmath_1024,0.0002253518219794541,5.2765795464175674e10,1.2433868819352815e11,53
lara17_benchmark5,12,Float64,false,taylor,transfree,0.0,0.0006727629999999999,0.0013868310000000003,0.003934316,6.4e-8,0.006311547,20,0,5.147557589468029e-85,1,1,1.727233711018889e-77,3.222909030871085e-17,4.916925615042877e-17,1,mpmath_1024,0.0002253518219794541,5.2765795464175674e10,1.2433868819352815e11,256
lara17_benchmark5,12,Float64,false,taylor,transfree,0.0,0.002330497,0.003427624,0.013636983,5.7e-8,0.019843242,56,0,1.096746153864123e-263,1,1,1.331998346195134e-256,3.222909030871085e-17,4.916925615042877e-17,1,mpmath_1024,0.0002253518219794541,5.2765795464175674e10,1.2433868819352815e11,851
lara17_benchmark5,12,Float64,false,taylor,complexschur,0.008434169,2.538e-6,0.0013156889999999999,0.004039427,6.0e-8,0.018490933,4,0,0,1.000442474531402,1,2.220446049250313e-16,1.338585773813458e-15,5.517760352080924e-15,1,mpmath_1024,0.0002253518219794541,5.2765795464175674e10,1.2433868819352815e11,53
lara17_benchmark5,12,Float64,false,taylor,complexschur,0.01638218,0.0017124260000000002,0.0031719269999999984,0.014830184,6.5e-8,0.041510729,20,0,5.147557589468029e-85,1.000442474541678,1,1.727233711018889e-77,3.222909030871085e-17,4.916925615042877e-17,1,mpmath_1024,0.0002253518219794541,5.2765795464175674e10,1.2433868819352815e11,256
lara17_benchmark5,12,Float64,false,taylor,complexschur,0.031054037,0.004186088,0.005485706,0.040309574,5.2e-8,0.089457056,56,0,7.354409715441958e-266,1.000442474541678,1,1.331998346195134e-256,3.222909030871085e-17,4.916925615042877e-17,1,mpmath_1024,0.0002253518219794541,5.2765795464175674e10,1.2433868819352815e11,851
lara17_benchmark5,12,Float64,false,taylor,realschur,0.008894197,3.491e-6,0.000865388,0.00106719,9.0e-8,0.011967259,4,0,0,1.000435809114933,1,2.220446049250313e-16,1.320161839452996e-15,5.295715747155893e-15,1,mpmath_1024,0.0002253518219794541,5.2765795464175674e10,1.2433868819352815e11,53
lara17_benchmark5,12,Float64,false,taylor,realschur,0.013791388,0.0007599499999999999,0.0015054699999999999,0.004198391,6.0e-8,0.02179218,20,0,5.147557589468029e-85,1.000435809125161,1,1.727233711018889e-77,3.222909030871085e-17,4.916925615042877e-17,1,mpmath_1024,0.0002253518219794541,5.2765795464175674e10,1.2433868819352815e11,256
lara17_benchmark5,12,Float64,false,taylor,realschur,0.031269512,0.0016615520000000002,0.002133819,0.007988333,4.4e-8,0.044660702,56,0,7.354409715441958e-266,1.000435809125161,1,1.331998346195134e-256,3.222909030871085e-17,4.916925615042877e-17,1,mpmath_1024,0.0002253518219794541,5.2765795464175674e10,1.2433868819352815e11,851
lara17_benchmark6,8,Float64,false,scaling_and_squaring,NaN,NaN,NaN,NaN,NaN,NaN,3.6209e-5,NaN,NaN,NaN,NaN,NaN,2.220446049250313e-16,7.851115962190696e-17,1.110256905943047e-16,1,mpmath_1024,0.0002525490807590554,1.031733902386695e11,1.2045010832905667e11,53
lara17_benchmark6,8,Float64,false,diagonalcheap,transfree,0.0,1.075e-6,0.000760926,0.00071926,5.7e-8,0.00165717,3,0,0,1,1.0004926907960978,2.220446049250313e-16,1.700915877248394e-21,3.388131789017201e-21,1,mpmath_1024,0.0002525490807590554,1.031733902386695e11,1.2045010832905667e11,53
lara17_benchmark6,8,Float64,false,diagonalcheap,transfree,0.0,0.000130379,0.0014598269999999997,0.0013419670000000001,4.8e-8,0.003067422,9,0,6.691824866308439e-84,1,1.0004926994231726,1.727233711018889e-77,3.427940580513062e-17,5.146452800624003e-17,1,mpmath_1024,0.0002525490807590554,1.031733902386695e11,1.2045010832905667e11,256
lara17_benchmark6,8,Float64,false,diagonalcheap,transfree,0.0,0.000693241,0.004774993,0.003831081,7.2e-8,0.009559047,31,0,1.032940507429979e-281,1,1.0004927020160095,1.331998346195134e-256,3.427940580513062e-17,5.146452800624003e-17,1,mpmath_1024,0.0002525490807590554,1.031733902386695e11,1.2045010832905667e11,851
lara17_benchmark6,8,Float64,false,diagonalcheap,complexschur,0.00114486,7.46e-7,0.000651928,0.0019039419999999998,2.13e-7,0.005064303,3,0,0,1.000346998338201,1.0004199002160503,2.220446049250313e-16,4.625345115225992e-16,1.040851420688508e-15,1,mpmath_1024,0.0002525490807590554,1.031733902386695e11,1.2045010832905667e11,53
lara17_benchmark6,8,Float64,false,diagonalcheap,complexschur,0.001511483,0.000229041,0.004566180999999999,0.004772393,6.1e-8,0.012605818,9,0,5.148450765600602e-85,1.000346998338201,1.000419906808244,1.727233711018889e-77,3.427940580513062e-17,5.146452800624003e-17,1,mpmath_1024,0.0002525490807590554,1.031733902386695e11,1.2045010832905667e11,256
lara17_benchmark6,8,Float64,false,diagonalcheap,complexschur,0.002807202,0.000773149,0.006558988000000002,0.012579527000000002,8.5e-8,0.024334017,31,0,3.443732461174175e-282,1.000346998338201,1.0004199087895047,1.331998346195134e-256,3.427940580513062e-17,5.146452800624003e-17,1,mpmath_1024,0.0002525490807590554,1.031733902386695e11,1.2045010832905667e11,851
lara17_benchmark6,8,Float64,false,diagonalcheap,realschur,0.00074733,1.998e-6,0.0006111220000000001,0.000370534,3.8e-8,0.001952307,3,0,0,1.000346998338201,1.0004199002160503,2.220446049250313e-16,4.625345115225992e-16,1.040851420688508e-15,1,mpmath_1024,0.0002525490807590554,1.031733902386695e11,1.2045010832905667e11,53
lara17_benchmark6,8,Float64,false,diagonalcheap,realschur,0.001550562,0.000122404,0.0016654749999999998,0.0015015059999999999,5.6e-8,0.005319028,9,0,5.148450765600602e-85,1.000346998338201,1.000419906808244,1.727233711018889e-77,3.427940580513062e-17,5.146452800624003e-17,1,mpmath_1024,0.0002525490807590554,1.031733902386695e11,1.2045010832905667e11,256
lara17_benchmark6,8,Float64,false,diagonalcheap,realschur,0.002390573,0.0014897519999999998,0.005075319,0.00573652,5.9e-8,0.015389427,31,0,3.443732461174175e-282,1.000346998338201,1.0004199087895047,1.331998346195134e-256,3.427940580513062e-17,5.146452800624003e-17,1,mpmath_1024,0.0002525490807590554,1.031733902386695e11,1.2045010832905667e11,851
lara17_benchmark6,8,Float64,false,taylor,transfree,0.0,9.5e-7,0.0005011659999999999,0.000344471,5.2e-8,0.001007591,4,0,6.938893903907228e-18,1,1,2.220446049250313e-16,8.340574026596411e-20,2.185930464191873e-19,1,mpmath_1024,0.0002525490807590554,1.031733902386695e11,1.2045010832905667e11,53
lara17_benchmark6,8,Float64,false,taylor,transfree,0.0,0.000473191,0.0011141599999999999,0.001265662,5.0e-8,0.003041856,20,0,0,1,1,1.727233711018889e-77,3.427940580513062e-17,5.146452800624003e-17,1,mpmath_1024,0.0002525490807590554,1.031733902386695e11,1.2045010832905667e11,256
lara17_benchmark6,8,Float64,false,taylor,transfree,0.0,0.0009115709999999999,0.0022616800000000003,0.0030636459999999997,4.7e-8,0.006499494,56,0,1.079673532186531e-263,1,1,1.331998346195134e-256,3.427940580513062e-17,5.146452800624003e-17,1,mpmath_1024,0.0002525490807590554,1.031733902386695e11,1.2045010832905667e11,851
lara17_benchmark6,8,Float64,false,taylor,complexschur,0.001102329,1.393e-6,0.0006417310000000001,0.0013388249999999997,5.4e-8,0.004463779,4,0,0,1.000346998328182,1,2.220446049250313e-16,4.625345115225986e-16,1.040851420688508e-15,1,mpmath_1024,0.0002525490807590554,1.031733902386695e11,1.2045010832905667e11,53
lara17_benchmark6,8,Float64,false,taylor,complexschur,0.00163855,0.0006577099999999999,0.001260984,0.004700197000000001,5.4e-8,0.009745858,20,0,5.147557589468029e-85,1.000346998338202,1,1.727233711018889e-77,3.427940580513062e-17,5.146452800624003e-17,1,mpmath_1024,0.0002525490807590554,1.031733902386695e11,1.2045010832905667e11,256
lara17_benchmark6,8,Float64,false,taylor,complexschur,0.002782881,0.0019267870000000003,0.004218024000000002,0.012384962000000001,5.0e-8,0.023779596,56,0,7.354409715443804e-266,1.000346998338202,1,1.331998346195134e-256,3.427940580513062e-17,5.146452800624003e-17,1,mpmath_1024,0.0002525490807590554,1.031733902386695e11,1.2045010832905667e11,851
lara17_benchmark6,8,Float64,false,taylor,realschur,0.001035008,3.258e-6,0.000575971,0.000399632,4.7e-8,0.002566307,4,0,0,1.000346998328182,1,2.220446049250313e-16,4.625345115225986e-16,1.040851420688508e-15,1,mpmath_1024,0.0002525490807590554,1.031733902386695e11,1.2045010832905667e11,53
lara17_benchmark6,8,Float64,false,taylor,realschur,0.001192324,0.000267054,0.000609574,0.0009669119999999999,3.6e-8,0.00342622,20,0,5.147557589468029e-85,1.000346998338202,1,1.727233711018889e-77,3.427940580513062e-17,5.146452800624003e-17,1,mpmath_1024,0.0002525490807590554,1.031733902386695e11,1.2045010832905667e11,256
lara17_benchmark6,8,Float64,false,taylor,realschur,0.002681206,0.0008798810000000001,0.0018508329999999999,0.005027311,4.4e-8,0.051945748,56,0,7.354409715443804e-266,1.000346998338202,1,1.331998346195134e-256,3.427940580513062e-17,5.146452800624003e-17,1,mpmath_1024,0.0002525490807590554,1.031733902386695e11,1.2045010832905667e11,851
