kind,n,eltype,ishermitian,approximant,algorithm,schur_time,alpha_time,eval_bound_time,eval_pade_time,squaring_time,total_time,m,s,delta,psi,cond_q,epsilon,rel_err_F,abs_err_1,nrm1_Ytrue,Ytrue_method,cond_expA_F,condA_1,condA_2,precision
rand,8,Float64,false,scaling_and_squaring,NaN,NaN,NaN,NaN,NaN,NaN,0.034870936,NaN,NaN,NaN,NaN,NaN,2.220446049250313e-16,2.38051418317965e-16,1.731947918415244e-14,80.90624298686493,mpmath_1792,4.871499258013311,416.7109417249069,183.63383834533894,53
rand,8,Float64,false,diagonalcheap,transfree,0.0,0.000111383,3.0193570199999993,0.874421738,4.0e-8,3.960298566,13,0,1.805282122112958e-15,80.90624298686501,23.98024933935801,2.220446049250313e-16,8.793391113031196e-16,6.927791673660977e-14,80.90624298686493,mpmath_1792,4.871499258013311,416.7109417249069,183.63383834533894,53
rand,8,Float64,false,diagonalcheap,transfree,0.0,0.000565499,0.026432530000000003,0.001863705,3.0e-8,0.029062645,37,0,5.056417041325344e-82,80.90624298686507,22.67058921555276,1.727233711018889e-77,4.974684438716043e-17,3.872157351653822e-15,80.90624298686493,mpmath_1792,4.871499258013311,416.7109417249069,183.63383834533894,256
rand,8,Float64,false,diagonalcheap,transfree,0.0,0.001468324,0.021772046,0.005106393,4.0e-8,0.028622235,91,0,5.499167977406326e-274,80.90624298686504,22.275739086609104,1.331998346195134e-256,4.974684438716043e-17,3.872157351653822e-15,80.90624298686493,mpmath_1792,4.871499258013311,416.7109417249069,183.63383834533894,851
rand,8,Float64,false,diagonalcheap,complexschur,0.005080763,0.00015396700000000003,3.2928702139999997,0.813952924,1.21e-7,4.220736338,13,0,3.846374668163403e-15,63.20786453836474,13.82126747402247,2.220446049250313e-16,1.36594892817127e-15,1.27897692436818e-13,80.90624298686493,mpmath_1792,4.871499258013311,416.7109417249069,183.63383834533894,53
rand,8,Float64,false,diagonalcheap,complexschur,0.001952918,0.0004500750000000001,0.0028477489999999992,0.037072851999999996,4.0e-8,0.04316874,37,0,1.011528871011734e-82,63.20786453836477,13.080648700375168,1.727233711018889e-77,4.974684438716043e-17,3.872157351653822e-15,80.90624298686493,mpmath_1792,4.871499258013311,416.7109417249069,183.63383834533894,256
rand,8,Float64,false,diagonalcheap,complexschur,0.004839385,0.0009017449999999999,0.006304835999999999,0.011066033,3.0e-8,0.024164181,91,0,1.59723016995718e-275,63.20786453836471,12.857519874402211,1.331998346195134e-256,4.974684438716043e-17,3.872157351653822e-15,80.90624298686493,mpmath_1792,4.871499258013311,416.7109417249069,183.63383834533894,851
rand,8,Float64,false,diagonalcheap,realschur,0.001516369,6.910899999999999e-5,0.2770209050000002,0.143699797,1.11e-7,0.47930553,13,0,3.846374668163403e-15,63.20786453836475,15.00391846774727,2.220446049250313e-16,1.309692208875185e-15,1.20792265079217e-13,80.90624298686493,mpmath_1792,4.871499258013311,416.7109417249069,183.63383834533894,53
rand,8,Float64,false,diagonalcheap,realschur,0.001831984,0.00026457900000000003,0.001974929,0.001330167,4.0e-8,0.005647565,37,0,1.011528871011734e-82,63.20786453836477,14.783175418651918,1.727233711018889e-77,4.974684438716043e-17,3.872157351653822e-15,80.90624298686493,mpmath_1792,4.871499258013311,416.7109417249069,183.63383834533894,256
rand,8,Float64,false,diagonalcheap,realschur,0.003849598,0.0007382090000000001,0.006510492,0.005535371,4.0e-8,0.017229285,91,0,1.59723016995718e-275,63.20786453836471,13.97051146249258,1.331998346195134e-256,4.974684438716043e-17,3.872157351653822e-15,80.90624298686493,mpmath_1792,4.871499258013311,416.7109417249069,183.63383834533894,851
rand,8,Float64,false,taylor,transfree,0.0,0.000219084,0.9079294100000002,0.113342601,4.5801e-5,1.092690127,25,1,1.110223024625157e-16,8.330209253480698,1,2.220446049250313e-16,1.160168269631652e-16,8.881784197001252e-15,80.90624298686493,mpmath_1792,4.871499258013311,416.7109417249069,183.63383834533894,53
rand,8,Float64,false,taylor,transfree,0.0,0.000961791,0.0015807009999999997,0.0020949350000000005,5.9789e-5,0.004993125,72,1,2.388466721513165e-82,8.330209253480697,1,1.727233711018889e-77,4.974684438716043e-17,3.872157351653822e-15,80.90624298686493,mpmath_1792,4.871499258013311,416.7109417249069,183.63383834533894,256
rand,8,Float64,false,taylor,transfree,0.0,0.0012506889999999997,0.027915667999999987,0.003709727,0.000892764,0.033991907,90,7,2.054299341577151e-275,1.042442192119185,1,1.331998346195134e-256,4.974684438716043e-17,3.872157351653822e-15,80.90624298686493,mpmath_1792,4.871499258013311,416.7109417249069,183.63383834533894,851
rand,8,Float64,false,taylor,complexschur,0.001058764,0.00046908,0.26849517400000006,0.009580402999999998,0.000211871,0.280469328,25,1,2.775557561562891e-17,6.707511088247431,1,2.220446049250313e-16,1.332281324696517e-15,1.314504061156185e-13,80.90624298686493,mpmath_1792,4.871499258013311,416.7109417249069,183.63383834533894,53
rand,8,Float64,false,taylor,complexschur,0.001989435,0.008545999,0.0012340549999999997,0.004046192,0.000498771,0.01752716,72,1,3.706241464416981e-83,6.707511088247435,1,1.727233711018889e-77,4.974684438716043e-17,3.872157351653822e-15,80.90624298686493,mpmath_1792,4.871499258013311,416.7109417249069,183.63383834533894,256
rand,8,Float64,false,taylor,complexschur,0.006198671,0.009360345999999999,0.022552862,0.00603748,0.003377414,0.048771314,90,7,2.096142728592632e-276,1.032924370985322,1,1.331998346195134e-256,4.974684438716043e-17,3.872157351653822e-15,80.90624298686493,mpmath_1792,4.871499258013311,416.7109417249069,183.63383834533894,851
rand,8,Float64,false,taylor,realschur,0.00101595,0.00017372699999999999,0.08351380000000003,0.00050269,5.8987e-5,0.085470242,25,1,2.775557561562891e-17,6.707511088247431,1,2.220446049250313e-16,1.327185883894613e-15,1.35003119794419e-13,80.90624298686493,mpmath_1792,4.871499258013311,416.7109417249069,183.63383834533894,53
rand,8,Float64,false,taylor,realschur,0.00184144,0.00038197499999999995,0.000833545,0.001221959,8.4959e-5,0.004605222,72,1,3.706241464416981e-83,6.707511088247435,1,1.727233711018889e-77,4.974684438716043e-17,3.872157351653822e-15,80.90624298686493,mpmath_1792,4.871499258013311,416.7109417249069,183.63383834533894,256
rand,8,Float64,false,taylor,realschur,0.00373595,0.000451878,0.0028818600000000004,0.001929776,0.001101888,0.010506067,90,7,2.096142728592632e-276,1.032924370985322,1,1.331998346195134e-256,4.974684438716043e-17,3.872157351653822e-15,80.90624298686493,mpmath_1792,4.871499258013311,416.7109417249069,183.63383834533894,851
rand,24,Float64,false,scaling_and_squaring,NaN,NaN,NaN,NaN,NaN,NaN,7.3686e-5,NaN,NaN,NaN,NaN,NaN,2.220446049250313e-16,2.331840648945982e-16,3.728928277269006e-11,178874.0415082249,mpmath_1792,14.00211008024811,286.70282481079437,121.87504254467964,53
rand,24,Float64,false,diagonalcheap,transfree,0.0,0.0005227849999999999,0.005514223999999999,0.016290771,0.00317344,0.026653929,13,2,3.078825435295897e-16,24.24911240288415,9.277749998268416,2.220446049250313e-16,7.625654989313828e-16,1.355147105641663e-10,178874.0415082249,mpmath_1792,14.00211008024811,286.70282481079437,121.87504254467964,53
rand,24,Float64,false,diagonalcheap,transfree,0.0,0.004429815000000001,0.024771328999999998,0.045760629,0.001506121,0.077784248,43,1,2.903979601318836e-80,475.4071876046449,73.67903510360047,1.727233711018889e-77,4.492455977099233e-17,6.862396953242717e-12,178874.0415082249,mpmath_1792,14.00211008024811,286.70282481079437,121.87504254467964,256
rand,24,Float64,false,diagonalcheap,transfree,0.0,0.012794901999999999,0.030954440999999996,0.10751469200000001,0.006471167,0.159907903,91,2,0,24.24911240288415,8.90781334872764,1.331998346195134e-256,4.492455977099233e-17,6.862396953242717e-12,178874.0415082249,mpmath_1792,14.00211008024811,286.70282481079437,121.87504254467964,851
rand,24,Float64,false,diagonalcheap,complexschur,0.026436489,0.002268139,0.011437134000000002,0.080208505,0.004199381,0.138254059,31,1,3.007551924720452e-14,376.0216790331949,50.83695464054237,2.220446049250313e-16,1.108432954450386e-14,2.271008270327002e-09,178874.0415082249,mpmath_1792,14.00211008024811,286.70282481079437,121.87504254467964,53
rand,24,Float64,false,diagonalcheap,complexschur,0.06023166,0.002608704,0.014904477000000001,0.111714044,0.004527139,0.210291132,43,1,1.849960228747617e-81,376.0216790332007,51.92778620433112,1.727233711018889e-77,4.492455977099233e-17,6.862396953242717e-12,178874.0415082249,mpmath_1792,14.00211008024811,286.70282481079437,121.87504254467964,256
rand,24,Float64,false,diagonalcheap,complexschur,0.103799793,0.0068628859999999995,0.033137113999999995,0.223612025,0.017163184,0.409694993,91,2,0,19.391278426994,7.771901388722905,1.331998346195134e-256,4.492455977099233e-17,6.862396953242717e-12,178874.0415082249,mpmath_1792,14.00211008024811,286.70282481079437,121.87504254467964,851
rand,24,Float64,false,diagonalcheap,realschur,0.020773484,0.001089406,0.0077720820000000005,0.019255168,0.010014566,0.062076761,31,1,3.007551924720452e-14,376.0216790331949,38.425533139911586,2.220446049250313e-16,1.108180061848903e-14,2.271917765028775e-09,178874.0415082249,mpmath_1792,14.00211008024811,286.70282481079437,121.87504254467964,53
rand,24,Float64,false,diagonalcheap,realschur,0.059554663,0.000999818,0.007881566000000001,0.030590028,0.000958816,0.103993461,43,1,1.849960228747617e-81,376.0216790332006,49.8297030089709,1.727233711018889e-77,4.492455977099233e-17,6.862396953242717e-12,178874.0415082249,mpmath_1792,14.00211008024811,286.70282481079437,121.87504254467964,256
rand,24,Float64,false,diagonalcheap,realschur,0.106831454,0.001913703,0.021963048000000002,0.053386743,0.004838911,0.195392284,91,2,0,19.391278426994,6.764008872570546,1.331998346195134e-256,4.492455977099233e-17,6.862396953242717e-12,178874.0415082249,mpmath_1792,14.00211008024811,286.70282481079437,121.87504254467964,851
rand,24,Float64,false,taylor,transfree,0.0,0.0015876789999999998,0.002790907,0.011522923000000001,0.002072198,0.018677418,30,2,1.110223024625157e-16,19.86133749947565,1,2.220446049250313e-16,1.623162238105754e-16,2.91038304567337e-11,178874.0415082249,mpmath_1792,14.00211008024811,286.70282481079437,121.87504254467964,53
rand,24,Float64,false,taylor,transfree,0.0,0.005104053999999999,0.005751381999999999,0.03785112,0.01105286,0.060600532,81,2,8.236092143148846e-84,19.86133749947565,1,1.727233711018889e-77,4.492455977099233e-17,6.862396953242717e-12,178874.0415082249,mpmath_1792,14.00211008024811,286.70282481079437,121.87504254467964,256
rand,24,Float64,false,taylor,transfree,0.0,0.006095575000000001,0.018194231999999998,0.066521944,0.028129803,0.12018335,90,8,2.443853052476446e-261,1.059676248621908,1,1.331998346195134e-256,4.492455977099233e-17,6.862396953242717e-12,178874.0415082249,mpmath_1792,14.00211008024811,286.70282481079437,121.87504254467964,851
rand,24,Float64,false,taylor,complexschur,0.022078415,0.002238276,0.006079192,0.049840642,0.007509212,0.101357468,30,2,0,15.92293415859416,1,2.220446049250313e-16,1.102949587269755e-14,1.921762304846197e-09,178874.0415082249,mpmath_1792,14.00211008024811,286.70282481079437,121.87504254467964,53
rand,24,Float64,false,taylor,complexschur,0.060031025,0.00410305,0.007158319999999999,0.098393678,0.008234927,0.19264994,81,2,4.941655285889308e-83,15.92293415859419,1,1.727233711018889e-77,4.492455977099233e-17,6.862396953242717e-12,178874.0415082249,mpmath_1792,14.00211008024811,286.70282481079437,121.87504254467964,256
rand,24,Float64,false,taylor,complexschur,0.099304263,0.0072580959999999995,0.031355510999999996,0.141676311,0.062658563,0.367204641,90,8,2.875791623060164e-262,1.047415148395816,1,1.331998346195134e-256,4.492455977099233e-17,6.862396953242717e-12,178874.0415082249,mpmath_1792,14.00211008024811,286.70282481079437,121.87504254467964,851
rand,24,Float64,false,taylor,realschur,0.020736495,0.0010245859999999999,0.003353895,0.011857418000000002,0.00158887,0.041618027,30,2,0,15.92293415859416,1,2.220446049250313e-16,1.103617541401705e-14,1.940861693583429e-09,178874.0415082249,mpmath_1792,14.00211008024811,286.70282481079437,121.87504254467964,53
rand,24,Float64,false,taylor,realschur,0.048289975,0.0015276690000000002,0.0036164420000000014,0.033624926,0.001783224,0.092116186,81,2,4.941655285889308e-83,15.92293415859419,1,1.727233711018889e-77,4.492455977099233e-17,6.862396953242717e-12,178874.0415082249,mpmath_1792,14.00211008024811,286.70282481079437,121.87504254467964,256
rand,24,Float64,false,taylor,realschur,0.104474181,0.001922883,0.010963389,0.034656858,0.011734553,0.169907198,90,8,2.875791623060164e-262,1.047415148395816,1,1.331998346195134e-256,4.492455977099233e-17,6.862396953242717e-12,178874.0415082249,mpmath_1792,14.00211008024811,286.70282481079437,121.87504254467964,851
rand_big,8,BigFloat,false,scaling_and_squaring,NaN,NaN,NaN,NaN,NaN,NaN,2.1062e-5,NaN,NaN,NaN,NaN,NaN,2.220446049250313e-16,4.444831528177849e-16,3.996802888650564e-14,92.71708327375159,mpmath_1792,4.910838911981674,440.29859107740714,201.05514996047867,53
rand_big,8,BigFloat,false,diagonalcheap,transfree,0.0,7.120000000000001e-5,0.008274465000000002,0.000671368,4.0e-8,0.009140337,13,0,1.156508681946731e-14,92.71708327375168,25.151569067050932,2.220446049250313e-16,1.323846143050283e-15,1.243449787580175e-13,92.71708327375159,mpmath_1792,4.910838911981674,440.29859107740714,201.05514996047867,53
rand_big,8,BigFloat,false,diagonalcheap,transfree,0.0,0.00040678000000000003,0.0019468000000000005,0.001548976,4.0e-8,0.003997322,37,0,3.000440161990888e-81,92.71708327375131,23.619324300271682,1.727233711018889e-77,4.648081623653166e-17,3.935381855505874e-15,92.71708327375159,mpmath_1792,4.910838911981674,440.29859107740714,201.05514996047867,256
rand_big,8,BigFloat,false,diagonalcheap,transfree,0.0,0.0014738089999999998,0.004726111000000001,0.007977141,4.1e-8,0.014309273,91,0,1.869995370276491e-271,92.71708327375171,23.15910828355916,1.331998346195134e-256,4.648081623653166e-17,3.935381855505874e-15,92.71708327375159,mpmath_1792,4.910838911981674,440.29859107740714,201.05514996047867,851
rand_big,8,BigFloat,false,diagonalcheap,complexschur,0.001825771,0.000130476,0.0016116770000000002,0.002316418,5.0e-8,0.006427291,13,0,7.725207223192046e-16,71.75972338713694,20.686755602345183,2.220446049250313e-16,4.849460238721978e-15,4.387601393318619e-13,92.71708327375159,mpmath_1792,4.910838911981674,440.29859107740714,201.05514996047867,53
rand_big,8,BigFloat,false,diagonalcheap,complexschur,0.00204882,0.000424113,0.0027954269999999996,0.004269287,1.0e-7,0.010214981,37,0,5.398796588769134e-82,71.75972338713733,19.50851507544498,1.727233711018889e-77,4.648081623653166e-17,3.935381855505874e-15,92.71708327375159,mpmath_1792,4.910838911981674,440.29859107740714,201.05514996047867,256
rand_big,8,BigFloat,false,diagonalcheap,complexschur,0.004119733,0.0012143700000000002,0.007936197,0.041939669,1.31e-7,0.05691479,91,0,4.517618648582668e-273,71.75972338713657,19.154327190294378,1.331998346195134e-256,4.648081623653166e-17,3.935381855505874e-15,92.71708327375159,mpmath_1792,4.910838911981674,440.29859107740714,201.05514996047867,851
rand_big,8,BigFloat,false,diagonalcheap,realschur,0.001705795,9.0187e-5,0.001451132,0.0009800910000000002,5.0e-8,0.004492506,13,0,7.725207223192046e-16,71.75972338713694,20.08847352457747,2.220446049250313e-16,4.866053059914418e-15,4.440892098500626e-13,92.71708327375159,mpmath_1792,4.910838911981674,440.29859107740714,201.05514996047867,53
rand_big,8,BigFloat,false,diagonalcheap,realschur,0.003027484,0.000376961,0.0028131329999999998,0.0021177740000000002,4.0e-8,0.008685803,37,0,5.398796588769134e-82,71.75972338713733,18.940442856461967,1.727233711018889e-77,4.648081623653166e-17,3.935381855505874e-15,92.71708327375159,mpmath_1792,4.910838911981674,440.29859107740714,201.05514996047867,256
rand_big,8,BigFloat,false,diagonalcheap,realschur,0.004525862,0.0006238779999999999,0.005350345,0.003961242,4.0e-8,0.014839256,91,0,4.517618648582668e-273,71.75972338713659,18.59537443633854,1.331998346195134e-256,4.648081623653166e-17,3.935381855505874e-15,92.71708327375159,mpmath_1792,4.910838911981674,440.29859107740714,201.05514996047867,851
rand_big,8,BigFloat,false,taylor,transfree,0.0,0.00014371299999999996,0.0004935900000000001,0.000604641,4.2895e-5,0.001415083,25,1,1.665334536937735e-16,8.666426778428466,1,2.220446049250313e-16,1.299052234539055e-16,8.881784197001252e-15,92.71708327375159,mpmath_1792,4.910838911981674,440.29859107740714,201.05514996047867,53
rand_big,8,BigFloat,false,taylor,transfree,0.0,0.00056393,0.0008491970000000002,0.0018251499999999998,0.000117361,0.003484944,72,1,2.339050168654272e-81,8.666426778428466,1,1.727233711018889e-77,4.648081623653166e-17,3.935381855505874e-15,92.71708327375159,mpmath_1792,4.910838911981674,440.29859107740714,201.05514996047867,256
rand_big,8,BigFloat,false,taylor,transfree,0.0,0.0017032129999999999,0.005317669999999998,0.00542018,0.001307151,0.014068751,90,7,3.631862138762418e-274,1.041425759575053,1,1.331998346195134e-256,4.648081623653166e-17,3.935381855505874e-15,92.71708327375159,mpmath_1792,4.910838911981674,440.29859107740714,201.05514996047867,851
rand_big,8,BigFloat,false,taylor,complexschur,0.001714462,0.000403765,0.0012053900000000004,0.002987778,0.000363545,0.007459612,25,1,5.551115123125783e-17,7.045081755468584,1,2.220446049250313e-16,4.734507768816491e-15,4.147793219999585e-13,92.71708327375159,mpmath_1792,4.910838911981674,440.29859107740714,201.05514996047867,53
rand_big,8,BigFloat,false,taylor,complexschur,0.002109499,0.0010951149999999998,0.0022004430000000003,0.005977294999999999,0.000466257,0.0131941,72,1,2.470827642944654e-82,7.045081755468595,1,1.727233711018889e-77,4.648081623653166e-17,3.935381855505874e-15,92.71708327375159,mpmath_1792,4.910838911981674,440.29859107740714,201.05514996047867,256
rand_big,8,BigFloat,false,taylor,complexschur,0.007320187,0.0015826430000000001,0.007453633999999999,0.009689636,0.004471534,0.031827558,90,7,3.256543962877441e-275,1.033948883082511,1,1.331998346195134e-256,4.648081623653166e-17,3.935381855505874e-15,92.71708327375159,mpmath_1792,4.910838911981674,440.29859107740714,201.05514996047867,851
rand_big,8,BigFloat,false,taylor,realschur,0.001810551,0.000267546,0.000853284,0.000990119,0.000148472,0.004439702,25,1,5.551115123125783e-17,7.045081755468584,1,2.220446049250313e-16,4.719080654739594e-15,4.076738946423575e-13,92.71708327375159,mpmath_1792,4.910838911981674,440.29859107740714,201.05514996047867,53
rand_big,8,BigFloat,false,taylor,realschur,0.003505975,0.000698733,0.0015560300000000001,0.001967759,0.000100037,0.008173876,72,1,2.470827642944654e-82,7.045081755468595,1,1.727233711018889e-77,4.648081623653166e-17,3.935381855505874e-15,92.71708327375159,mpmath_1792,4.910838911981674,440.29859107740714,201.05514996047867,256
rand_big,8,BigFloat,false,taylor,realschur,0.004049314,0.0005207930000000001,0.0030527149999999997,0.0023960640000000003,0.001334084,0.011791732,90,7,3.256543962877441e-275,1.033948883082511,1,1.331998346195134e-256,4.648081623653166e-17,3.935381855505874e-15,92.71708327375159,mpmath_1792,4.910838911981674,440.29859107740714,201.05514996047867,851
rand_big,24,BigFloat,false,scaling_and_squaring,NaN,NaN,NaN,NaN,NaN,NaN,5.0298e-5,NaN,NaN,NaN,NaN,NaN,2.220446049250313e-16,5.427391388920206e-16,9.276845958083868e-11,169981.8737185359,mpmath_1792,14.06999257261405,981.0230716575096,521.9421712659771,53
rand_big,24,BigFloat,false,diagonalcheap,transfree,0.0,0.00034068699999999995,0.004192917,0.010309065000000001,0.00207973,0.01763248,13,2,4.53490758111613e-16,23.70784923852127,9.315154375442214,2.220446049250313e-16,9.056282223412479e-16,1.618900569155812e-10,169981.8737185359,mpmath_1792,14.06999257261405,981.0230716575096,521.9421712659771,53
rand_big,24,BigFloat,false,diagonalcheap,transfree,0.0,0.004375272,0.011506492000000002,0.037594380999999996,0.00133079,0.05565981,43,1,1.419165963445887e-80,460.6754300395423,63.8328302084385,1.727233711018889e-77,4.462833142001934e-17,7.450714212939493e-12,169981.8737185359,mpmath_1792,14.06999257261405,981.0230716575096,521.9421712659771,256
rand_big,24,BigFloat,false,diagonalcheap,transfree,0.0,0.015089029,0.04246670899999999,0.10169099000000001,0.005881638,0.166396545,91,2,7.931372925207813e-280,23.70784923852128,8.956360757429644,1.331998346195134e-256,4.462833142001934e-17,7.450714212939493e-12,169981.8737185359,mpmath_1792,14.06999257261405,981.0230716575096,521.9421712659771,851
rand_big,24,BigFloat,false,diagonalcheap,complexschur,0.027707134,0.000775402,0.006105348000000002,0.05048103,0.00431794,0.100890801,17,1,5.107272463803523e-14,368.7107757746397,58.231069205236416,2.220446049250313e-16,4.428850080032488e-15,1.383341441396624e-09,169981.8737185359,mpmath_1792,14.06999257261405,981.0230716575096,521.9421712659771,53
rand_big,24,BigFloat,false,diagonalcheap,complexschur,0.052595297,0.002673466,0.013248449000000004,0.10370946,0.012854527,0.202376267,43,1,1.065461768607324e-80,368.7107757746517,31.80095131138955,1.727233711018889e-77,4.462833142001934e-17,7.450714212939493e-12,169981.8737185359,mpmath_1792,14.06999257261405,981.0230716575096,521.9421712659771,256
rand_big,24,BigFloat,false,diagonalcheap,complexschur,0.101790365,0.006783652,0.040470874,0.20557596600000003,0.012607183,0.399223879,91,2,6.071617403451404e-281,19.20184303067413,8.063348305713308,1.331998346195134e-256,4.462833142001934e-17,7.450714212939493e-12,169981.8737185359,mpmath_1792,14.06999257261405,981.0230716575096,521.9421712659771,851
rand_big,24,BigFloat,false,diagonalcheap,realschur,0.021683451,0.000320119,0.0036546569999999995,0.015425266,0.001369696,0.046164358,17,1,5.107272463803523e-14,368.7107757746397,51.51124521512284,2.220446049250313e-16,4.446174774531394e-15,1.368789526168257e-09,169981.8737185359,mpmath_1792,14.06999257261405,981.0230716575096,521.9421712659771,53
rand_big,24,BigFloat,false,diagonalcheap,realschur,0.06017395,0.013433582000000001,0.0075805970000000006,0.02056779,0.000955684,0.106026456,43,1,1.065461768607324e-80,368.7107757746517,33.47050927563017,1.727233711018889e-77,4.462833142001934e-17,7.450714212939493e-12,169981.8737185359,mpmath_1792,14.06999257261405,981.0230716575096,521.9421712659771,256
rand_big,24,BigFloat,false,diagonalcheap,realschur,0.11453517,0.001872611,0.015691489999999995,0.05118213599999999,0.003120679,0.192873691,91,2,6.071617403451404e-281,19.20184303067413,7.9589643907417145,1.331998346195134e-256,4.462833142001934e-17,7.450714212939493e-12,169981.8737185359,mpmath_1792,14.06999257261405,981.0230716575096,521.9421712659771,851
rand_big,24,BigFloat,false,taylor,transfree,0.0,0.0016511169999999997,0.003708220000000001,0.014057687999999999,0.002068186,0.02239228,30,2,2.220446049250313e-16,19.45262821580847,1,2.220446049250313e-16,1.528206649901063e-16,2.455635694786906e-11,169981.8737185359,mpmath_1792,14.06999257261405,981.0230716575096,521.9421712659771,53
rand_big,24,BigFloat,false,taylor,transfree,0.0,0.004955831000000001,0.005391406,0.036776307,0.002695566,0.050667878,81,2,1.647218428629769e-83,19.45262821580847,1,1.727233711018889e-77,4.462833142001934e-17,7.450714212939493e-12,169981.8737185359,mpmath_1792,14.06999257261405,981.0230716575096,521.9421712659771,256
rand_big,24,BigFloat,false,taylor,transfree,0.0,0.007706871999999999,0.02753984300000001,0.066340241,0.023603035,0.126411098,90,8,1.624327407498706e-261,1.058223402170498,1,1.331998346195134e-256,4.462833142001934e-17,7.450714212939493e-12,169981.8737185359,mpmath_1792,14.06999257261405,981.0230716575096,521.9421712659771,851
rand_big,24,BigFloat,false,taylor,complexschur,0.022816443,0.015346875000000001,0.006217911999999999,0.040641257,0.007512722,0.103639945,30,2,1.110223024625157e-16,15.79862475260993,1,2.220446049250313e-16,1.237366303040343e-15,2.814886101987213e-10,169981.8737185359,mpmath_1792,14.06999257261405,981.0230716575096,521.9421712659771,53
rand_big,24,BigFloat,false,taylor,complexschur,0.048790527,0.0041490960000000006,0.0075118939999999955,0.100552452,0.008591929,0.193432256,81,2,1.647218428629769e-83,15.79862475260993,1,1.727233711018889e-77,4.462833142001934e-17,7.450714212939493e-12,169981.8737185359,mpmath_1792,14.06999257261405,981.0230716575096,521.9421712659771,256
rand_big,24,BigFloat,false,taylor,complexschur,0.101497872,0.007118494,0.024495218,0.140322995,0.058109589,0.355527912,90,8,2.126562493916456e-262,1.047254494864365,1,1.331998346195134e-256,4.462833142001934e-17,7.450714212939493e-12,169981.8737185359,mpmath_1792,14.06999257261405,981.0230716575096,521.9421712659771,851
rand_big,24,BigFloat,false,taylor,realschur,0.022744946,0.001097581,0.004169975,0.009833574999999999,0.001545529,0.042082912,30,2,1.110223024625157e-16,15.79862475260993,1,2.220446049250313e-16,1.207680252506712e-15,2.755768946371973e-10,169981.8737185359,mpmath_1792,14.06999257261405,981.0230716575096,521.9421712659771,53
rand_big,24,BigFloat,false,taylor,realschur,0.046627421,0.001503359,0.0034970750000000005,0.039211314,0.001879053,0.096007298,81,2,1.647218428629769e-83,15.79862475260993,1,1.727233711018889e-77,4.462833142001934e-17,7.450714212939493e-12,169981.8737185359,mpmath_1792,14.06999257261405,981.0230716575096,521.9421712659771,256
rand_big,24,BigFloat,false,taylor,realschur,0.101761808,0.0019025799999999996,0.010676681000000002,0.027624176000000004,0.019712181,0.167773196,90,8,2.126562493916456e-262,1.047254494864365,1,1.331998346195134e-256,4.462833142001934e-17,7.450714212939493e-12,169981.8737185359,mpmath_1792,14.06999257261405,981.0230716575096,521.9421712659771,851
Fasi_1,2,Int64,false,scaling_and_squaring,NaN,NaN,NaN,NaN,NaN,NaN,1.556e-5,NaN,NaN,NaN,NaN,NaN,2.220446049250313e-16,2.175281485822944e-16,4.163336342344337e-17,0.1870026796624277,mpmath_1792,2.23606797749979,1.8000000000000003,1.0,53
Fasi_1,2,Int64,false,diagonalcheap,transfree,0.0,4.9238e-5,0.19975338800000006,0.5869214680000001,4.0e-8,1.21887795,13,0,1.398029153296158e-17,0.1870026796624276,1.8192214548848382,2.220446049250313e-16,1.450187657215296e-16,2.775557561562891e-17,0.1870026796624277,mpmath_1792,2.23606797749979,1.8000000000000003,1.0,53
Fasi_1,2,Int64,false,diagonalcheap,transfree,0.0,0.00017530099999999997,0.001558032,0.00028599699999999997,3.0e-8,0.002110047,31,0,2.336831032884177e-82,0.1870026796624275,1.8325027910172393,1.727233711018889e-77,4.255795746736256e-17,6.704005737915358e-18,0.1870026796624277,mpmath_1792,2.23606797749979,1.8000000000000003,1.0,256
Fasi_1,2,Int64,false,diagonalcheap,transfree,0.0,0.000352878,0.00326922,0.000511898,3.0e-8,0.004199744,81,0,1.721296096398469e-281,0.1870026796624276,1.8380989593100703,1.331998346195134e-256,4.255795746736256e-17,6.704005737915358e-18,0.1870026796624277,mpmath_1792,2.23606797749979,1.8000000000000003,1.0,851
Fasi_1,2,Int64,false,diagonalcheap,complexschur,6.3354e-5,0.0,0.0,0.0,0.0,0.036828069,0,0,NaN,NaN,1,2.220446049250313e-16,4.227987233860399e-16,6.938893903907228e-17,0.1870026796624277,mpmath_1792,2.23606797749979,1.8000000000000003,1.0,53
Fasi_1,2,Int64,false,diagonalcheap,complexschur,8.4695e-5,0.0,0.0,0.0,0.0,0.000188798,0,0,NaN,NaN,1,1.727233711018889e-77,4.255795746736256e-17,6.704005737915358e-18,0.1870026796624277,mpmath_1792,2.23606797749979,1.8000000000000003,1.0,256
Fasi_1,2,Int64,false,diagonalcheap,complexschur,8.679e-5,0.0,0.0,0.0,0.0,0.000213136,0,0,NaN,NaN,1,1.331998346195134e-256,4.255795746736256e-17,6.704005737915358e-18,0.1870026796624277,mpmath_1792,2.23606797749979,1.8000000000000003,1.0,851
Fasi_1,2,Int64,false,diagonalcheap,realschur,0.0,6.3264e-5,0.00110902,0.00028088,7.0e-8,0.002125237,13,0,1.398029153296158e-17,0.1870026796624276,1.8192214548848382,2.220446049250313e-16,1.450187657215296e-16,2.775557561562891e-17,0.1870026796624277,mpmath_1792,2.23606797749979,1.8000000000000003,1.0,53
Fasi_1,2,Int64,false,diagonalcheap,realschur,0.0,0.00016977199999999997,0.0014689349999999998,0.00028079,4.1e-8,0.002004882,31,0,2.336831032884177e-82,0.1870026796624275,1.8325027910172393,1.727233711018889e-77,4.255795746736256e-17,6.704005737915358e-18,0.1870026796624277,mpmath_1792,2.23606797749979,1.8000000000000003,1.0,256
Fasi_1,2,Int64,false,diagonalcheap,realschur,0.0,0.00035421199999999996,0.0032820349999999996,0.000540956,3.0e-8,0.004270082,81,0,1.721296096398469e-281,0.1870026796624276,1.8380989593100703,1.331998346195134e-256,4.255795746736256e-17,6.704005737915358e-18,0.1870026796624277,mpmath_1792,2.23606797749979,1.8000000000000003,1.0,851
Fasi_1,2,Int64,false,taylor,transfree,0.0,0.00022781399999999998,0.253036031,0.103190396,7.0e-8,0.356517709,25,0,5.551115123125783e-17,1,1,2.220446049250313e-16,1.450187657215296e-16,2.775557561562891e-17,0.1870026796624277,mpmath_1792,2.23606797749979,1.8000000000000003,1.0,53
Fasi_1,2,Int64,false,taylor,transfree,0.0,0.000285116,0.0008036569999999999,0.00013279300000000003,4.0e-8,0.001291069,72,0,9.754827534345494e-80,0.9999999999999999,1,1.727233711018889e-77,4.255795746736256e-17,6.704005737915358e-18,0.1870026796624277,mpmath_1792,2.23606797749979,1.8000000000000003,1.0,256
Fasi_1,2,Int64,false,taylor,transfree,0.0,0.00029591099999999994,0.002069014000000001,0.000164191,0.053325929,0.055930071,90,6,1.83326056559681e-272,0.9842585753539435,1,1.331998346195134e-256,4.255795746736256e-17,6.704005737915358e-18,0.1870026796624277,mpmath_1792,2.23606797749979,1.8000000000000003,1.0,851
Fasi_1,2,Int64,false,taylor,complexschur,4.9607e-5,0.0,0.0,0.0,0.0,0.000101097,0,0,NaN,NaN,1,2.220446049250313e-16,4.227987233860399e-16,6.938893903907228e-17,0.1870026796624277,mpmath_1792,2.23606797749979,1.8000000000000003,1.0,53
Fasi_1,2,Int64,false,taylor,complexschur,3.5559e-5,0.0,0.0,0.0,0.0,8.1038e-5,0,0,NaN,NaN,1,1.727233711018889e-77,4.255795746736256e-17,6.704005737915358e-18,0.1870026796624277,mpmath_1792,2.23606797749979,1.8000000000000003,1.0,256
Fasi_1,2,Int64,false,taylor,complexschur,4.4297e-5,0.0,0.0,0.0,0.0,0.000122228,0,0,NaN,NaN,1,1.331998346195134e-256,4.255795746736256e-17,6.704005737915358e-18,0.1870026796624277,mpmath_1792,2.23606797749979,1.8000000000000003,1.0,851
Fasi_1,2,Int64,false,taylor,realschur,0.0,0.000124601,0.0003796010000000001,7.2371e-5,3.0e-8,0.000634719,25,0,5.551115123125783e-17,1,1,2.220446049250313e-16,1.450187657215296e-16,2.775557561562891e-17,0.1870026796624277,mpmath_1792,2.23606797749979,1.8000000000000003,1.0,53
Fasi_1,2,Int64,false,taylor,realschur,0.0,0.000272221,0.0006599980000000001,0.00010985300000000001,3.0e-8,0.001094816,72,0,9.754827534345494e-80,0.9999999999999999,1,1.727233711018889e-77,4.255795746736256e-17,6.704005737915358e-18,0.1870026796624277,mpmath_1792,2.23606797749979,1.8000000000000003,1.0,256
Fasi_1,2,Int64,false,taylor,realschur,0.0,0.000304695,0.002079277,0.00015408000000000002,0.000160934,0.002771859,90,6,1.83326056559681e-272,0.9842585753539435,1,1.331998346195134e-256,4.255795746736256e-17,6.704005737915358e-18,0.1870026796624277,mpmath_1792,2.23606797749979,1.8000000000000003,1.0,851
Fasi_2,2,Float64,true,scaling_and_squaring,NaN,NaN,NaN,NaN,NaN,NaN,0.008410029,NaN,NaN,NaN,NaN,NaN,2.220446049250313e-16,2.063149379385121e-16,1.77635683940025e-15,7.389056098930662,mpmath_1792,1.98193217849442,1.8014398509482025e15,1.8197290492930792e15,53
Fasi_2,2,Float64,true,diagonalcheap,transfree,1.88497294,0.0,0.0,0.0,0.0,1.885062214,NaN,NaN,NaN,NaN,NaN,2.220446049250313e-16,2.382319699132818e-16,1.77635683940025e-15,7.389056098930662,mpmath_1792,1.98193217849442,1.8014398509482025e15,1.8197290492930792e15,53
Fasi_2,2,Float64,true,diagonalcheap,transfree,5.7512e-5,0.0,0.0,0.0,0.0,0.000122489,NaN,NaN,NaN,NaN,NaN,1.727233711018889e-77,3.007493908964403e-17,2.281196903982353e-16,7.389056098930662,mpmath_1792,1.98193217849442,1.8014398509482025e15,1.8197290492930792e15,256
Fasi_2,2,Float64,true,diagonalcheap,transfree,3.3656e-5,0.0,0.0,0.0,0.0,9.8231e-5,NaN,NaN,NaN,NaN,NaN,1.331998346195134e-256,3.007493908964403e-17,2.281196903982353e-16,7.389056098930662,mpmath_1792,1.98193217849442,1.8014398509482025e15,1.8197290492930792e15,851
Fasi_2,2,Float64,true,diagonalcheap,complexschur,3.9597e-5,0.0,0.0,0.0,0.0,7.0328e-5,0,0,NaN,NaN,1,2.220446049250313e-16,2.72929008771514e-16,2.220446049250313e-15,7.389056098930662,mpmath_1792,1.98193217849442,1.8014398509482025e15,1.8197290492930792e15,53
Fasi_2,2,Float64,true,diagonalcheap,complexschur,3.2493e-5,0.0,0.0,0.0,0.0,6.2932e-5,0,0,NaN,NaN,1,1.727233711018889e-77,3.007493908964403e-17,2.281196903982353e-16,7.389056098930662,mpmath_1792,1.98193217849442,1.8014398509482025e15,1.8197290492930792e15,256
Fasi_2,2,Float64,true,diagonalcheap,complexschur,3.4327e-5,0.0,0.0,0.0,0.0,9.3292e-5,0,0,NaN,NaN,1,1.331998346195134e-256,3.007493908964403e-17,2.281196903982353e-16,7.389056098930662,mpmath_1792,1.98193217849442,1.8014398509482025e15,1.8197290492930792e15,851
Fasi_2,2,Float64,true,diagonalcheap,realschur,1.7965e-5,0.0,0.0,0.0,0.0,4.0859e-5,0,0,NaN,NaN,1,2.220446049250313e-16,2.72929008771514e-16,2.220446049250313e-15,7.389056098930662,mpmath_1792,1.98193217849442,1.8014398509482025e15,1.8197290492930792e15,53
Fasi_2,2,Float64,true,diagonalcheap,realschur,2.4057e-5,0.0,0.0,0.0,0.0,5.0358e-5,0,0,NaN,NaN,1,1.727233711018889e-77,3.007493908964403e-17,2.281196903982353e-16,7.389056098930662,mpmath_1792,1.98193217849442,1.8014398509482025e15,1.8197290492930792e15,256
Fasi_2,2,Float64,true,diagonalcheap,realschur,3.0379e-5,0.0,0.0,0.0,0.0,7.192e-5,0,0,NaN,NaN,1,1.331998346195134e-256,3.007493908964403e-17,2.281196903982353e-16,7.389056098930662,mpmath_1792,1.98193217849442,1.8014398509482025e15,1.8197290492930792e15,851
Fasi_2,2,Float64,true,taylor,transfree,1.8155e-5,0.0,0.0,0.0,0.0,4.1622e-5,NaN,NaN,NaN,NaN,NaN,2.220446049250313e-16,2.382319699132818e-16,1.77635683940025e-15,7.389056098930662,mpmath_1792,1.98193217849442,1.8014398509482025e15,1.8197290492930792e15,53
Fasi_2,2,Float64,true,taylor,transfree,2.081e-5,0.0,0.0,0.0,0.0,5.0929e-5,NaN,NaN,NaN,NaN,NaN,1.727233711018889e-77,3.007493908964403e-17,2.281196903982353e-16,7.389056098930662,mpmath_1792,1.98193217849442,1.8014398509482025e15,1.8197290492930792e15,256
Fasi_2,2,Float64,true,taylor,transfree,2.5259e-5,0.0,0.0,0.0,0.0,7.4906e-5,NaN,NaN,NaN,NaN,NaN,1.331998346195134e-256,3.007493908964403e-17,2.281196903982353e-16,7.389056098930662,mpmath_1792,1.98193217849442,1.8014398509482025e15,1.8197290492930792e15,851
Fasi_2,2,Float64,true,taylor,complexschur,1.9238e-5,0.0,0.0,0.0,0.0,4.5709e-5,0,0,NaN,NaN,1,2.220446049250313e-16,2.72929008771514e-16,2.220446049250313e-15,7.389056098930662,mpmath_1792,1.98193217849442,1.8014398509482025e15,1.8197290492930792e15,53
Fasi_2,2,Float64,true,taylor,complexschur,2.554e-5,0.0,0.0,0.0,0.0,5.6029e-5,0,0,NaN,NaN,1,1.727233711018889e-77,3.007493908964403e-17,2.281196903982353e-16,7.389056098930662,mpmath_1792,1.98193217849442,1.8014398509482025e15,1.8197290492930792e15,256
Fasi_2,2,Float64,true,taylor,complexschur,3.1141e-5,0.0,0.0,0.0,0.0,7.7822e-5,0,0,NaN,NaN,1,1.331998346195134e-256,3.007493908964403e-17,2.281196903982353e-16,7.389056098930662,mpmath_1792,1.98193217849442,1.8014398509482025e15,1.8197290492930792e15,851
Fasi_2,2,Float64,true,taylor,realschur,1.6763e-5,0.0,0.0,0.0,0.0,3.7083e-5,0,0,NaN,NaN,1,2.220446049250313e-16,2.72929008771514e-16,2.220446049250313e-15,7.389056098930662,mpmath_1792,1.98193217849442,1.8014398509482025e15,1.8197290492930792e15,53
Fasi_2,2,Float64,true,taylor,realschur,2.2644e-5,0.0,0.0,0.0,0.0,4.7854e-5,0,0,NaN,NaN,1,1.727233711018889e-77,3.007493908964403e-17,2.281196903982353e-16,7.389056098930662,mpmath_1792,1.98193217849442,1.8014398509482025e15,1.8197290492930792e15,256
Fasi_2,2,Float64,true,taylor,realschur,2.8646e-5,0.0,0.0,0.0,0.0,7.0908e-5,0,0,NaN,NaN,1,1.331998346195134e-256,3.007493908964403e-17,2.281196903982353e-16,7.389056098930662,mpmath_1792,1.98193217849442,1.8014398509482025e15,1.8197290492930792e15,851
Fasi_3,3,Float64,true,scaling_and_squaring,NaN,NaN,NaN,NaN,NaN,NaN,3.9587e-5,NaN,NaN,NaN,NaN,NaN,2.220446049250313e-16,1.757649088847754e-19,3.552713678800501e-15,22026.46579480672,mpmath_1792,10.1980384428567,9.007199254741002e15,9.098645246465392e15,53
Fasi_3,3,Float64,true,diagonalcheap,transfree,5.2352e-5,0.0,0.0,0.0,0.0,0.00011297,NaN,NaN,NaN,NaN,NaN,2.220446049250313e-16,8.064647112098634e-20,1.77635683940025e-15,22026.46579480672,mpmath_1792,10.1980384428567,9.007199254741002e15,9.098645246465392e15,53
Fasi_3,3,Float64,true,diagonalcheap,transfree,3.8275e-5,0.0,0.0,0.0,0.0,9.0607e-5,NaN,NaN,NaN,NaN,NaN,1.727233711018889e-77,6.256171199583858e-17,1.378013470051737e-12,22026.46579480672,mpmath_1792,10.1980384428567,9.007199254741002e15,9.098645246465392e15,256
Fasi_3,3,Float64,true,diagonalcheap,transfree,4.1962e-5,0.0,0.0,0.0,0.0,0.000118171,NaN,NaN,NaN,NaN,NaN,1.331998346195134e-256,6.256171199583858e-17,1.378013470051737e-12,22026.46579480672,mpmath_1792,10.1980384428567,9.007199254741002e15,9.098645246465392e15,851
Fasi_3,3,Float64,true,diagonalcheap,complexschur,4.616e-5,0.0,0.0,0.0,0.0,9.6358e-5,0,0,NaN,NaN,1,2.220446049250313e-16,9.239213961074751e-20,2.220446049250313e-15,22026.46579480672,mpmath_1792,10.1980384428567,9.007199254741002e15,9.098645246465392e15,53
Fasi_3,3,Float64,true,diagonalcheap,complexschur,5.0679e-5,0.0,0.0,0.0,0.0,0.00010757,0,0,NaN,NaN,1,1.727233711018889e-77,6.256171199583858e-17,1.378013470051737e-12,22026.46579480672,mpmath_1792,10.1980384428567,9.007199254741002e15,9.098645246465392e15,256
Fasi_3,3,Float64,true,diagonalcheap,complexschur,5.5789e-5,0.0,0.0,0.0,0.0,0.00013826,0,0,NaN,NaN,1,1.331998346195134e-256,6.256171199583858e-17,1.378013470051737e-12,22026.46579480672,mpmath_1792,10.1980384428567,9.007199254741002e15,9.098645246465392e15,851
Fasi_3,3,Float64,true,diagonalcheap,realschur,3.62e-5,0.0,0.0,0.0,0.0,7.0337e-5,0,0,NaN,NaN,1,2.220446049250313e-16,9.239213961074751e-20,2.220446049250313e-15,22026.46579480672,mpmath_1792,10.1980384428567,9.007199254741002e15,9.098645246465392e15,53
Fasi_3,3,Float64,true,diagonalcheap,realschur,4.4507e-5,0.0,0.0,0.0,0.0,8.5697e-5,0,0,NaN,NaN,1,1.727233711018889e-77,6.256171199583858e-17,1.378013470051737e-12,22026.46579480672,mpmath_1792,10.1980384428567,9.007199254741002e15,9.098645246465392e15,256
Fasi_3,3,Float64,true,diagonalcheap,realschur,5.7733e-5,0.0,0.0,0.0,0.0,0.000141176,0,0,NaN,NaN,1,1.331998346195134e-256,6.256171199583858e-17,1.378013470051737e-12,22026.46579480672,mpmath_1792,10.1980384428567,9.007199254741002e15,9.098645246465392e15,851
Fasi_3,3,Float64,true,taylor,transfree,2.8135e-5,0.0,0.0,0.0,0.0,7.215e-5,NaN,NaN,NaN,NaN,NaN,2.220446049250313e-16,8.064647112098634e-20,1.77635683940025e-15,22026.46579480672,mpmath_1792,10.1980384428567,9.007199254741002e15,9.098645246465392e15,53
Fasi_3,3,Float64,true,taylor,transfree,3.7624e-5,0.0,0.0,0.0,0.0,8.9875e-5,NaN,NaN,NaN,NaN,NaN,1.727233711018889e-77,6.256171199583858e-17,1.378013470051737e-12,22026.46579480672,mpmath_1792,10.1980384428567,9.007199254741002e15,9.098645246465392e15,256
Fasi_3,3,Float64,true,taylor,transfree,4.1331e-5,0.0,0.0,0.0,0.0,0.000133831,NaN,NaN,NaN,NaN,NaN,1.331998346195134e-256,6.256171199583858e-17,1.378013470051737e-12,22026.46579480672,mpmath_1792,10.1980384428567,9.007199254741002e15,9.098645246465392e15,851
Fasi_3,3,Float64,true,taylor,complexschur,7.172e-5,0.0,0.0,0.0,0.0,0.000159631,0,0,NaN,NaN,1,2.220446049250313e-16,9.239213961074751e-20,2.220446049250313e-15,22026.46579480672,mpmath_1792,10.1980384428567,9.007199254741002e15,9.098645246465392e15,53
Fasi_3,3,Float64,true,taylor,complexschur,3.4297e-5,0.0,0.0,0.0,0.0,9.1368e-5,0,0,NaN,NaN,1,1.727233711018889e-77,6.256171199583858e-17,1.378013470051737e-12,22026.46579480672,mpmath_1792,10.1980384428567,9.007199254741002e15,9.098645246465392e15,256
Fasi_3,3,Float64,true,taylor,complexschur,4.1742e-5,0.0,0.0,0.0,0.0,0.000121617,0,0,NaN,NaN,1,1.331998346195134e-256,6.256171199583858e-17,1.378013470051737e-12,22026.46579480672,mpmath_1792,10.1980384428567,9.007199254741002e15,9.098645246465392e15,851
Fasi_3,3,Float64,true,taylor,realschur,2.7053e-5,0.0,0.0,0.0,0.0,5.7582e-5,0,0,NaN,NaN,1,2.220446049250313e-16,9.239213961074751e-20,2.220446049250313e-15,22026.46579480672,mpmath_1792,10.1980384428567,9.007199254741002e15,9.098645246465392e15,53
Fasi_3,3,Float64,true,taylor,realschur,3.0429e-5,0.0,0.0,0.0,0.0,6.5427e-5,0,0,NaN,NaN,1,1.727233711018889e-77,6.256171199583858e-17,1.378013470051737e-12,22026.46579480672,mpmath_1792,10.1980384428567,9.007199254741002e15,9.098645246465392e15,256
Fasi_3,3,Float64,true,taylor,realschur,3.6621e-5,0.0,0.0,0.0,0.0,9.4865e-5,0,0,NaN,NaN,1,1.331998346195134e-256,6.256171199583858e-17,1.378013470051737e-12,22026.46579480672,mpmath_1792,10.1980384428567,9.007199254741002e15,9.098645246465392e15,851
Fasi_4,10,Float64,false,scaling_and_squaring,NaN,NaN,NaN,NaN,NaN,NaN,2.3897e-5,NaN,NaN,NaN,NaN,NaN,2.220446049250313e-16,6.575512349695014e-17,7.298487150163711e-15,145.5950667550513,given,7.880038454141526,5.0,4.832333293749307,53
Fasi_4,10,Float64,false,diagonalcheap,transfree,0.0,0.000104916,0.001528559,0.0014147300000000001,4.0e-8,0.003239678,13,0,9.927490235267199e-15,145.5950667550513,8.302285053394563,2.220446049250313e-16,1.482268985152131e-15,2.523226383411956e-13,145.5950667550513,given,7.880038454141526,5.0,4.832333293749307,53
Fasi_4,10,Float64,false,diagonalcheap,transfree,0.0,0.000650017,0.003034787,0.0024851540000000003,4.0e-8,0.006301618,37,0,4.546616856410616e-77,145.595066755052,7.682757853574171,1.727233711018889e-77,5.475334295560279e-77,7.312674857204295e-75,145.5950667550513,given,7.880038454141526,5.0,4.832333293749307,256
Fasi_4,10,Float64,false,diagonalcheap,transfree,0.0,0.0019212150000000002,0.008171685000000001,0.005688374,4.0e-8,0.015953529,91,0,2.441711290062248e-262,145.5950667550518,7.4983755259705145,1.331998346195134e-256,4.125862353417189e-256,6.259758360883599e-254,145.5950667550513,given,7.880038454141526,5.0,4.832333293749307,851
Fasi_4,10,Float64,false,diagonalcheap,complexschur,0.0,0.000107489,0.001171664,0.001346105,5.0e-8,0.002955383,13,0,9.927490235267199e-15,145.5950667550513,8.302285053394563,2.220446049250313e-16,1.482268985152131e-15,2.523226383411956e-13,145.5950667550513,given,7.880038454141526,5.0,4.832333293749307,53
Fasi_4,10,Float64,false,diagonalcheap,complexschur,0.0,0.000673783,0.0028284770000000002,0.002592745,4.0e-8,0.00625689,37,0,4.546616856410616e-77,145.595066755052,7.682757853574171,1.727233711018889e-77,5.475334295560279e-77,7.312674857204295e-75,145.5950667550513,given,7.880038454141526,5.0,4.832333293749307,256
Fasi_4,10,Float64,false,diagonalcheap,complexschur,0.0,0.001968398,0.00760449,0.035245468,9.0e-8,0.045027953,91,0,2.441711290062248e-262,145.5950667550518,7.4983755259705145,1.331998346195134e-256,4.125862353417189e-256,6.259758360883599e-254,145.5950667550513,given,7.880038454141526,5.0,4.832333293749307,851
Fasi_4,10,Float64,false,diagonalcheap,realschur,0.0,0.00010832100000000001,0.001508608,0.0012716620000000002,4.0e-8,0.003059947,13,0,9.927490235267199e-15,145.5950667550513,8.302285053394563,2.220446049250313e-16,1.482268985152131e-15,2.523226383411956e-13,145.5950667550513,given,7.880038454141526,5.0,4.832333293749307,53
Fasi_4,10,Float64,false,diagonalcheap,realschur,0.0,0.00048292,0.0025678709999999998,0.001774909,3.0e-8,0.005002715,37,0,4.546616856410616e-77,145.595066755052,7.682757853574171,1.727233711018889e-77,5.475334295560279e-77,7.312674857204295e-75,145.5950667550513,given,7.880038454141526,5.0,4.832333293749307,256
Fasi_4,10,Float64,false,diagonalcheap,realschur,0.0,0.001858935,0.007153057,0.006388077,4.0e-8,0.015598737,91,0,2.441711290062248e-262,145.5950667550518,7.4983755259705145,1.331998346195134e-256,4.125862353417189e-256,6.259758360883599e-254,145.5950667550513,given,7.880038454141526,5.0,4.832333293749307,851
Fasi_4,10,Float64,false,taylor,transfree,0.0,0.00030801099999999996,0.000796972,0.001239057,0.00015903,0.002745023,25,1,1.110223024625157e-16,9.229166666666666,1,2.220446049250313e-16,5.912628673397903e-17,8.848658697158598e-15,145.5950667550513,given,7.880038454141526,5.0,4.832333293749307,53
Fasi_4,10,Float64,false,taylor,transfree,0.0,0.00103698,0.0015393019999999998,0.0025534689999999996,0.000165442,0.005544882,72,1,1.255107965005024e-77,9.229166666666667,1,1.727233711018889e-77,4.835821826513223e-78,7.268767110199848e-76,145.5950667550513,given,7.880038454141526,5.0,4.832333293749307,256
Fasi_4,10,Float64,false,taylor,transfree,0.0,0.001465888,0.005538918,0.003839467,0.002903672,0.014097148,90,7,1.62268347717496e-269,1.039835471175832,1,1.331998346195134e-256,5.885969162531994e-257,1.093309392218817e-254,145.5950667550513,given,7.880038454141526,5.0,4.832333293749307,851
Fasi_4,10,Float64,false,taylor,complexschur,0.0,0.000321999,0.0008126930000000001,0.001278475,0.000149371,0.002850489,25,1,1.110223024625157e-16,9.229166666666666,1,2.220446049250313e-16,5.912628673397903e-17,8.848658697158598e-15,145.5950667550513,given,7.880038454141526,5.0,4.832333293749307,53
Fasi_4,10,Float64,false,taylor,complexschur,0.0,0.0010821289999999998,0.0015555469999999998,0.0028885420000000005,0.000211132,0.006098432,72,1,1.255107965005024e-77,9.229166666666667,1,1.727233711018889e-77,4.835821826513223e-78,7.268767110199848e-76,145.5950667550513,given,7.880038454141526,5.0,4.832333293749307,256
Fasi_4,10,Float64,false,taylor,complexschur,0.0,0.0015330300000000001,0.005764199,0.004183889,0.002929142,0.014764911,90,7,1.62268347717496e-269,1.039835471175832,1,1.331998346195134e-256,5.885969162531994e-257,1.093309392218817e-254,145.5950667550513,given,7.880038454141526,5.0,4.832333293749307,851
Fasi_4,10,Float64,false,taylor,realschur,0.0,0.000315385,0.0007879689999999997,0.001260868,0.000154602,0.002782506,25,1,1.110223024625157e-16,9.229166666666666,1,2.220446049250313e-16,5.912628673397903e-17,8.848658697158598e-15,145.5950667550513,given,7.880038454141526,5.0,4.832333293749307,53
Fasi_4,10,Float64,false,taylor,realschur,0.0,0.001072469,0.001500262,0.002869521,0.000215651,0.005934873,72,1,1.255107965005024e-77,9.229166666666667,1,1.727233711018889e-77,4.835821826513223e-78,7.268767110199848e-76,145.5950667550513,given,7.880038454141526,5.0,4.832333293749307,256
Fasi_4,10,Float64,false,taylor,realschur,0.0,0.0015120600000000004,0.005519206999999999,0.0038779979999999997,0.002873063,0.014125534,90,7,1.62268347717496e-269,1.039835471175832,1,1.331998346195134e-256,5.885969162531994e-257,1.093309392218817e-254,145.5950667550513,given,7.880038454141526,5.0,4.832333293749307,851
Fasi_5,10,Float64,false,scaling_and_squaring,NaN,NaN,NaN,NaN,NaN,NaN,2.6101e-5,NaN,NaN,NaN,NaN,NaN,2.220446049250313e-16,2.371366102663977e-16,4.440892098500626e-15,18.18281828459045,mpmath_1792,3.062735480302551,Inf,Inf,53
Fasi_5,10,Float64,false,diagonalcheap,transfree,0.0,2.054e-6,0.00072423,0.0005557520000000001,4.0e-8,0.00138946,9,0,2.111874350036139e-16,18.18281828459045,31.829899749884074,2.220446049250313e-16,0,0,18.18281828459045,mpmath_1792,3.062735480302551,Inf,Inf,53
Fasi_5,10,Float64,false,diagonalcheap,transfree,0.0,0.00028782099999999995,0.001605592,0.001335223,4.0e-8,0.003322058,31,0,3.871494248471391e-84,18.18281828459046,31.27009708310533,1.727233711018889e-77,4.176188101682195e-17,8.418839309418817e-16,18.18281828459045,mpmath_1792,3.062735480302551,Inf,Inf,256
Fasi_5,10,Float64,false,diagonalcheap,transfree,0.0,0.0008858669999999999,0.004518412,0.002808024,3.0e-8,0.00833839,73,0,2.582844278598295e-281,18.18281828459045,31.14546399159968,1.331998346195134e-256,4.176188101682195e-17,8.418839309418817e-16,18.18281828459045,mpmath_1792,3.062735480302551,Inf,Inf,851
Fasi_5,10,Float64,false,diagonalcheap,complexschur,0.0,2.0429999999999998e-6,0.000626114,0.000553037,3.0e-8,0.001503231,9,0,2.111874350036139e-16,18.18281828459045,31.829899749884074,2.220446049250313e-16,0,0,18.18281828459045,mpmath_1792,3.062735480302551,Inf,Inf,53
Fasi_5,10,Float64,false,diagonalcheap,complexschur,0.0,0.000319804,0.002205412,0.001449085,3.0e-8,0.004081398,31,0,3.871494248471391e-84,18.18281828459046,31.27009708310533,1.727233711018889e-77,4.176188101682195e-17,8.418839309418817e-16,18.18281828459045,mpmath_1792,3.062735480302551,Inf,Inf,256
Fasi_5,10,Float64,false,diagonalcheap,complexschur,0.0,0.0011604840000000003,0.0069196940000000005,0.004697869999999999,4.0e-8,0.012976825,73,0,2.582844278598295e-281,18.18281828459045,31.14546399159968,1.331998346195134e-256,4.176188101682195e-17,8.418839309418817e-16,18.18281828459045,mpmath_1792,3.062735480302551,Inf,Inf,851
Fasi_5,10,Float64,false,diagonalcheap,realschur,0.0,3.016e-6,0.0010619520000000001,0.0009780869999999999,3.0e-8,0.00218989,9,0,2.111874350036139e-16,18.18281828459045,31.829899749884074,2.220446049250313e-16,0,0,18.18281828459045,mpmath_1792,3.062735480302551,Inf,Inf,53
Fasi_5,10,Float64,false,diagonalcheap,realschur,0.0,0.000455227,0.0025358460000000005,0.0026051110000000002,4.0e-8,0.005764991,31,0,3.871494248471391e-84,18.18281828459046,31.27009708310533,1.727233711018889e-77,4.176188101682195e-17,8.418839309418817e-16,18.18281828459045,mpmath_1792,3.062735480302551,Inf,Inf,256
Fasi_5,10,Float64,false,diagonalcheap,realschur,0.0,0.0008833419999999999,0.004392162,0.004125297,4.1e-8,0.00957478,73,0,2.582844278598295e-281,18.18281828459045,31.14546399159968,1.331998346195134e-256,4.176188101682195e-17,8.418839309418817e-16,18.18281828459045,mpmath_1792,3.062735480302551,Inf,Inf,851
Fasi_5,10,Float64,false,taylor,transfree,0.0,0.00016926999999999998,0.000432333,0.0006865980000000001,4.0e-8,0.001398868,20,0,3.33066907387547e-16,17.66666666666666,1,2.220446049250313e-16,9.5817660106835e-17,1.77635683940025e-15,18.18281828459045,mpmath_1792,3.062735480302551,Inf,Inf,53
Fasi_5,10,Float64,false,taylor,transfree,0.0,0.000804787,0.0011872870000000006,0.002444876,6.0e-8,0.004600441,64,0,1.85312073220849e-83,17.66666666666667,1,1.727233711018889e-77,4.176188101682195e-17,8.418839309418817e-16,18.18281828459045,mpmath_1792,3.062735480302551,Inf,Inf,256
Fasi_5,10,Float64,false,taylor,transfree,0.0,0.001929533,0.005812279000000002,0.03788124600000001,0.001217163,0.047158301,90,5,1.001291534071781e-268,1.317434074991027,1,1.331998346195134e-256,4.176188101682195e-17,8.418839309418817e-16,18.18281828459045,mpmath_1792,3.062735480302551,Inf,Inf,851
Fasi_5,10,Float64,false,taylor,complexschur,0.0,0.00030673900000000005,0.0006297900000000001,0.0010358390000000002,5.0e-8,0.002132447,20,0,3.33066907387547e-16,17.66666666666666,1,2.220446049250313e-16,9.5817660106835e-17,1.77635683940025e-15,18.18281828459045,mpmath_1792,3.062735480302551,Inf,Inf,53
Fasi_5,10,Float64,false,taylor,complexschur,0.0,0.00043810199999999995,0.000794236,0.00150147,4.0e-8,0.002851139,64,0,1.85312073220849e-83,17.66666666666667,1,1.727233711018889e-77,4.176188101682195e-17,8.418839309418817e-16,18.18281828459045,mpmath_1792,3.062735480302551,Inf,Inf,256
Fasi_5,10,Float64,false,taylor,complexschur,0.0,0.000894368,0.002954042,0.002018219,0.000921036,0.00698645,90,5,1.001291534071781e-268,1.317434074991027,1,1.331998346195134e-256,4.176188101682195e-17,8.418839309418817e-16,18.18281828459045,mpmath_1792,3.062735480302551,Inf,Inf,851
Fasi_5,10,Float64,false,taylor,realschur,0.0,0.00026710000000000004,0.000483175,0.000952886,4.0e-8,0.001849776,20,0,3.33066907387547e-16,17.66666666666666,1,2.220446049250313e-16,9.5817660106835e-17,1.77635683940025e-15,18.18281828459045,mpmath_1792,3.062735480302551,Inf,Inf,53
Fasi_5,10,Float64,false,taylor,realschur,0.0,0.000807054,0.0013802789999999997,0.002428366,4.0e-8,0.004778176,64,0,1.85312073220849e-83,17.66666666666667,1,1.727233711018889e-77,4.176188101682195e-17,8.418839309418817e-16,18.18281828459045,mpmath_1792,3.062735480302551,Inf,Inf,256
Fasi_5,10,Float64,false,taylor,realschur,0.0,0.0013951500000000002,0.004990435999999999,0.002692311,0.000746816,0.010061084,90,5,1.001291534071781e-268,1.317434074991027,1,1.331998346195134e-256,4.176188101682195e-17,8.418839309418817e-16,18.18281828459045,mpmath_1792,3.062735480302551,Inf,Inf,851
Fasi_6,3,Float64,true,scaling_and_squaring,NaN,NaN,NaN,NaN,NaN,NaN,3.547e-6,NaN,NaN,NaN,NaN,NaN,2.220446049250313e-16,Inf,Inf,3.033215396802088e+434294,given,NaN,Inf,Inf,53
Fasi_6,3,Float64,true,diagonalcheap,transfree,9.589e-6,0.0,0.0,0.0,0.0,4.4617e-5,NaN,NaN,NaN,NaN,NaN,2.220446049250313e-16,3.277326200845959e-18,9.940836292748854e+434276,3.033215396802088e+434294,given,NaN,Inf,Inf,53
Fasi_6,3,Float64,true,diagonalcheap,transfree,1.0781e-5,0.0,0.0,0.0,0.0,4.9817e-5,NaN,NaN,NaN,NaN,NaN,1.727233711018889e-77,4.57656483191886e-78,1.388170691263924e+434217,3.033215396802088e+434294,given,NaN,Inf,Inf,256
Fasi_6,3,Float64,true,diagonalcheap,transfree,4.168e-6,0.0,0.0,0.0,0.0,4.4657e-5,NaN,NaN,NaN,NaN,NaN,1.331998346195134e-256,6.029542596290472e-258,1.828890143874229e+434037,3.033215396802088e+434294,given,NaN,Inf,Inf,851
Fasi_6,3,Float64,true,diagonalcheap,complexschur,0.0,0.0,0.0,0.0,0.0,0.033762412,0,0,NaN,NaN,1,2.220446049250313e-16,5.820766594442145e-11,1.765563885545317e+434284,3.033215396802088e+434294,given,NaN,Inf,Inf,53
Fasi_6,3,Float64,true,diagonalcheap,complexschur,0.0,0.0,0.0,0.0,0.0,5.7391e-5,0,0,NaN,NaN,1,1.727233711018889e-77,4.527835099259185e-72,1.373389913725387e+434223,3.033215396802088e+434294,given,NaN,Inf,Inf,256
Fasi_6,3,Float64,true,diagonalcheap,complexschur,0.0,0.0,0.0,0.0,0.0,9.2079e-5,0,0,NaN,NaN,1,1.331998346195134e-256,3.491753246891917e-251,1.059123971030624e+434044,3.033215396802088e+434294,given,NaN,Inf,Inf,851
Fasi_6,3,Float64,true,diagonalcheap,realschur,0.0,0.0,0.0,0.0,0.0,2.8555e-5,0,0,NaN,NaN,1,2.220446049250313e-16,5.820766594442145e-11,1.765563885545317e+434284,3.033215396802088e+434294,given,NaN,Inf,Inf,53
Fasi_6,3,Float64,true,diagonalcheap,realschur,0.0,0.0,0.0,0.0,0.0,2.9698e-5,0,0,NaN,NaN,1,1.727233711018889e-77,4.527835099259185e-72,1.373389913725387e+434223,3.033215396802088e+434294,given,NaN,Inf,Inf,256
Fasi_6,3,Float64,true,diagonalcheap,realschur,0.0,0.0,0.0,0.0,0.0,5.8614e-5,0,0,NaN,NaN,1,1.331998346195134e-256,3.491753246891917e-251,1.059123971030624e+434044,3.033215396802088e+434294,given,NaN,Inf,Inf,851
Fasi_6,3,Float64,true,taylor,transfree,6.393e-6,0.0,0.0,0.0,0.0,2.4598e-5,NaN,NaN,NaN,NaN,NaN,2.220446049250313e-16,3.277326200845959e-18,9.940836292748854e+434276,3.033215396802088e+434294,given,NaN,Inf,Inf,53
Fasi_6,3,Float64,true,taylor,transfree,3.346e-6,0.0,0.0,0.0,0.0,2.6932e-5,NaN,NaN,NaN,NaN,NaN,1.727233711018889e-77,4.57656483191886e-78,1.388170691263924e+434217,3.033215396802088e+434294,given,NaN,Inf,Inf,256
Fasi_6,3,Float64,true,taylor,transfree,4.378e-6,0.0,0.0,0.0,0.0,4.5188e-5,NaN,NaN,NaN,NaN,NaN,1.331998346195134e-256,6.029542596290472e-258,1.828890143874229e+434037,3.033215396802088e+434294,given,NaN,Inf,Inf,851
Fasi_6,3,Float64,true,taylor,complexschur,0.0,0.0,0.0,0.0,0.0,1.9909e-5,0,0,NaN,NaN,1,2.220446049250313e-16,5.820766594442145e-11,1.765563885545317e+434284,3.033215396802088e+434294,given,NaN,Inf,Inf,53
Fasi_6,3,Float64,true,taylor,complexschur,0.0,0.0,0.0,0.0,0.0,2.7984e-5,0,0,NaN,NaN,1,1.727233711018889e-77,4.527835099259185e-72,1.373389913725387e+434223,3.033215396802088e+434294,given,NaN,Inf,Inf,256
Fasi_6,3,Float64,true,taylor,complexschur,0.0,0.0,0.0,0.0,0.0,5.4286e-5,0,0,NaN,NaN,1,1.331998346195134e-256,3.491753246891917e-251,1.059123971030624e+434044,3.033215396802088e+434294,given,NaN,Inf,Inf,851
Fasi_6,3,Float64,true,taylor,realschur,0.0,0.0,0.0,0.0,0.0,1.8907e-5,0,0,NaN,NaN,1,2.220446049250313e-16,5.820766594442145e-11,1.765563885545317e+434284,3.033215396802088e+434294,given,NaN,Inf,Inf,53
Fasi_6,3,Float64,true,taylor,realschur,0.0,0.0,0.0,0.0,0.0,2.6632e-5,0,0,NaN,NaN,1,1.727233711018889e-77,4.527835099259185e-72,1.373389913725387e+434223,3.033215396802088e+434294,given,NaN,Inf,Inf,256
Fasi_6,3,Float64,true,taylor,realschur,0.0,0.0,0.0,0.0,0.0,5.1871e-5,0,0,NaN,NaN,1,1.331998346195134e-256,3.491753246891917e-251,1.059123971030624e+434044,3.033215396802088e+434294,given,NaN,Inf,Inf,851
Fasi_7,2,Float64,true,scaling_and_squaring,NaN,NaN,NaN,NaN,NaN,NaN,1.142e-6,NaN,NaN,NaN,NaN,NaN,2.220446049250313e-16,NaN,NaN,Inf,mpmath_1792,NaN,1.0e8,1.0e8,53
Fasi_7,2,Float64,true,diagonalcheap,transfree,8.166e-6,0.0,0.0,0.0,0.0,4.6851e-5,NaN,NaN,NaN,NaN,NaN,2.220446049250313e-16,NaN,Inf,Inf,mpmath_1792,NaN,1.0e8,1.0e8,53
Fasi_7,2,Float64,true,diagonalcheap,transfree,5.951e-6,0.0,0.0,0.0,0.0,2.8184e-5,NaN,NaN,NaN,NaN,NaN,1.727233711018889e-77,NaN,Inf,Inf,mpmath_1792,NaN,1.0e8,1.0e8,256
Fasi_7,2,Float64,true,diagonalcheap,transfree,3.677e-6,0.0,0.0,0.0,0.0,4.2412e-5,NaN,NaN,NaN,NaN,NaN,1.331998346195134e-256,NaN,Inf,Inf,mpmath_1792,NaN,1.0e8,1.0e8,851
Fasi_7,2,Float64,true,diagonalcheap,complexschur,0.0,0.0,0.0,0.0,0.0,2.1051e-5,0,0,NaN,NaN,1,2.220446049250313e-16,NaN,Inf,Inf,mpmath_1792,NaN,1.0e8,1.0e8,53
Fasi_7,2,Float64,true,diagonalcheap,complexschur,0.0,0.0,0.0,0.0,0.0,2.5319e-5,0,0,NaN,NaN,1,1.727233711018889e-77,NaN,Inf,Inf,mpmath_1792,NaN,1.0e8,1.0e8,256
Fasi_7,2,Float64,true,diagonalcheap,complexschur,0.0,0.0,0.0,0.0,0.0,6.5999e-5,0,0,NaN,NaN,1,1.331998346195134e-256,NaN,Inf,Inf,mpmath_1792,NaN,1.0e8,1.0e8,851
Fasi_7,2,Float64,true,diagonalcheap,realschur,0.0,0.0,0.0,0.0,0.0,2.5159e-5,0,0,NaN,NaN,1,2.220446049250313e-16,NaN,Inf,Inf,mpmath_1792,NaN,1.0e8,1.0e8,53
Fasi_7,2,Float64,true,diagonalcheap,realschur,0.0,0.0,0.0,0.0,0.0,3.2714e-5,0,0,NaN,NaN,1,1.727233711018889e-77,NaN,Inf,Inf,mpmath_1792,NaN,1.0e8,1.0e8,256
Fasi_7,2,Float64,true,diagonalcheap,realschur,0.0,0.0,0.0,0.0,0.0,6.2251e-5,0,0,NaN,NaN,1,1.331998346195134e-256,NaN,Inf,Inf,mpmath_1792,NaN,1.0e8,1.0e8,851
Fasi_7,2,Float64,true,taylor,transfree,4.759e-6,0.0,0.0,0.0,0.0,2.4698e-5,NaN,NaN,NaN,NaN,NaN,2.220446049250313e-16,NaN,Inf,Inf,mpmath_1792,NaN,1.0e8,1.0e8,53
Fasi_7,2,Float64,true,taylor,transfree,6.042e-6,0.0,0.0,0.0,0.0,3.583e-5,NaN,NaN,NaN,NaN,NaN,1.727233711018889e-77,NaN,Inf,Inf,mpmath_1792,NaN,1.0e8,1.0e8,256
Fasi_7,2,Float64,true,taylor,transfree,8.276e-6,0.0,0.0,0.0,0.0,6.3433e-5,NaN,NaN,NaN,NaN,NaN,1.331998346195134e-256,NaN,Inf,Inf,mpmath_1792,NaN,1.0e8,1.0e8,851
Fasi_7,2,Float64,true,taylor,complexschur,0.0,0.0,0.0,0.0,0.0,2.4739e-5,0,0,NaN,NaN,1,2.220446049250313e-16,NaN,Inf,Inf,mpmath_1792,NaN,1.0e8,1.0e8,53
Fasi_7,2,Float64,true,taylor,complexschur,0.0,0.0,0.0,0.0,0.0,3.2233e-5,0,0,NaN,NaN,1,1.727233711018889e-77,NaN,Inf,Inf,mpmath_1792,NaN,1.0e8,1.0e8,256
Fasi_7,2,Float64,true,taylor,complexschur,0.0,0.0,0.0,0.0,0.0,4.5198e-5,0,0,NaN,NaN,1,1.331998346195134e-256,NaN,Inf,Inf,mpmath_1792,NaN,1.0e8,1.0e8,851
Fasi_7,2,Float64,true,taylor,realschur,0.0,0.0,0.0,0.0,0.0,2.1703e-5,0,0,NaN,NaN,1,2.220446049250313e-16,NaN,Inf,Inf,mpmath_1792,NaN,1.0e8,1.0e8,53
Fasi_7,2,Float64,true,taylor,realschur,0.0,0.0,0.0,0.0,0.0,2.7213e-5,0,0,NaN,NaN,1,1.727233711018889e-77,NaN,Inf,Inf,mpmath_1792,NaN,1.0e8,1.0e8,256
Fasi_7,2,Float64,true,taylor,realschur,0.0,0.0,0.0,0.0,0.0,4.8054e-5,0,0,NaN,NaN,1,1.331998346195134e-256,NaN,Inf,Inf,mpmath_1792,NaN,1.0e8,1.0e8,851
Fasi_8,2,Float64,true,scaling_and_squaring,NaN,NaN,NaN,NaN,NaN,NaN,1.7644e-5,NaN,NaN,NaN,NaN,NaN,2.220446049250313e-16,1.883389090986693e-16,1.332267629550188e-15,7.38905609893065,mpmath_1792,1.981932178494418,Inf,Inf,53
Fasi_8,2,Float64,true,diagonalcheap,transfree,3.627e-5,0.0,0.0,0.0,0.0,8.8323e-5,NaN,NaN,NaN,NaN,NaN,2.220446049250313e-16,8.422772071055564e-17,4.440892098500626e-16,7.38905609893065,mpmath_1792,1.981932178494418,Inf,Inf,53
Fasi_8,2,Float64,true,diagonalcheap,transfree,2.069e-5,0.0,0.0,0.0,0.0,4.8966e-5,NaN,NaN,NaN,NaN,NaN,1.727233711018889e-77,2.410157615404628e-17,1.797113949783915e-16,7.38905609893065,mpmath_1792,1.981932178494418,Inf,Inf,256
Fasi_8,2,Float64,true,diagonalcheap,transfree,2.2965e-5,0.0,0.0,0.0,0.0,6.9204e-5,NaN,NaN,NaN,NaN,NaN,1.331998346195134e-256,2.410157615404628e-17,1.797113949783915e-16,7.38905609893065,mpmath_1792,1.981932178494418,Inf,Inf,851
Fasi_8,2,Float64,true,diagonalcheap,complexschur,3.4468e-5,0.0,0.0,0.0,0.0,6.0929e-5,0,0,NaN,NaN,1,2.220446049250313e-16,1.883389090986693e-16,1.332267629550188e-15,7.38905609893065,mpmath_1792,1.981932178494418,Inf,Inf,53
Fasi_8,2,Float64,true,diagonalcheap,complexschur,2.3335e-5,0.0,0.0,0.0,0.0,5.0598e-5,0,0,NaN,NaN,1,1.727233711018889e-77,2.410157615404628e-17,1.797113949783915e-16,7.38905609893065,mpmath_1792,1.981932178494418,Inf,Inf,256
Fasi_8,2,Float64,true,diagonalcheap,complexschur,2.9006e-5,0.0,0.0,0.0,0.0,7.0167e-5,0,0,NaN,NaN,1,1.331998346195134e-256,2.410157615404628e-17,1.797113949783915e-16,7.38905609893065,mpmath_1792,1.981932178494418,Inf,Inf,851
Fasi_8,2,Float64,true,diagonalcheap,realschur,1.5641e-5,0.0,0.0,0.0,0.0,3.1762e-5,0,0,NaN,NaN,1,2.220446049250313e-16,1.883389090986693e-16,1.332267629550188e-15,7.38905609893065,mpmath_1792,1.981932178494418,Inf,Inf,53
Fasi_8,2,Float64,true,diagonalcheap,realschur,2.1141e-5,0.0,0.0,0.0,0.0,4.3105e-5,0,0,NaN,NaN,1,1.727233711018889e-77,2.410157615404628e-17,1.797113949783915e-16,7.38905609893065,mpmath_1792,1.981932178494418,Inf,Inf,256
Fasi_8,2,Float64,true,diagonalcheap,realschur,2.5529e-5,0.0,0.0,0.0,0.0,5.9646e-5,0,0,NaN,NaN,1,1.331998346195134e-256,2.410157615404628e-17,1.797113949783915e-16,7.38905609893065,mpmath_1792,1.981932178494418,Inf,Inf,851
Fasi_8,2,Float64,true,taylor,transfree,1.5289e-5,0.0,0.0,0.0,0.0,3.6952e-5,NaN,NaN,NaN,NaN,NaN,2.220446049250313e-16,8.422772071055564e-17,4.440892098500626e-16,7.38905609893065,mpmath_1792,1.981932178494418,Inf,Inf,53
Fasi_8,2,Float64,true,taylor,transfree,1.7194e-5,0.0,0.0,0.0,0.0,4.1701e-5,NaN,NaN,NaN,NaN,NaN,1.727233711018889e-77,2.410157615404628e-17,1.797113949783915e-16,7.38905609893065,mpmath_1792,1.981932178494418,Inf,Inf,256
Fasi_8,2,Float64,true,taylor,transfree,2.078e-5,0.0,0.0,0.0,0.0,6.0839e-5,NaN,NaN,NaN,NaN,NaN,1.331998346195134e-256,2.410157615404628e-17,1.797113949783915e-16,7.38905609893065,mpmath_1792,1.981932178494418,Inf,Inf,851
Fasi_8,2,Float64,true,taylor,complexschur,1.8587e-5,0.0,0.0,0.0,0.0,4.1301e-5,0,0,NaN,NaN,1,2.220446049250313e-16,1.883389090986693e-16,1.332267629550188e-15,7.38905609893065,mpmath_1792,1.981932178494418,Inf,Inf,53
Fasi_8,2,Float64,true,taylor,complexschur,2.2143e-5,0.0,0.0,0.0,0.0,4.7583e-5,0,0,NaN,NaN,1,1.727233711018889e-77,2.410157615404628e-17,1.797113949783915e-16,7.38905609893065,mpmath_1792,1.981932178494418,Inf,Inf,256
Fasi_8,2,Float64,true,taylor,complexschur,2.7494e-5,0.0,0.0,0.0,0.0,6.9686e-5,0,0,NaN,NaN,1,1.331998346195134e-256,2.410157615404628e-17,1.797113949783915e-16,7.38905609893065,mpmath_1792,1.981932178494418,Inf,Inf,851
Fasi_8,2,Float64,true,taylor,realschur,1.5049e-5,0.0,0.0,0.0,0.0,3.064e-5,0,0,NaN,NaN,1,2.220446049250313e-16,1.883389090986693e-16,1.332267629550188e-15,7.38905609893065,mpmath_1792,1.981932178494418,Inf,Inf,53
Fasi_8,2,Float64,true,taylor,realschur,3.1341e-5,0.0,0.0,0.0,0.0,6.2562e-5,0,0,NaN,NaN,1,1.727233711018889e-77,2.410157615404628e-17,1.797113949783915e-16,7.38905609893065,mpmath_1792,1.981932178494418,Inf,Inf,256
Fasi_8,2,Float64,true,taylor,realschur,3.6261e-5,0.0,0.0,0.0,0.0,7.6519e-5,0,0,NaN,NaN,1,1.331998346195134e-256,2.410157615404628e-17,1.797113949783915e-16,7.38905609893065,mpmath_1792,1.981932178494418,Inf,Inf,851
Fasi_9,10,ComplexF64,false,scaling_and_squaring,NaN,NaN,NaN,NaN,NaN,NaN,0.005347033,NaN,NaN,NaN,NaN,NaN,2.220446049250313e-16,2.679274555534638e-15,2.426839043765587e-06,856571943.0481856,mpmath_1792,45.50689172408396,1.9646986692097146,1.757564233028689,53
Fasi_9,10,ComplexF64,false,diagonalcheap,transfree,0.0,0.000120715,0.0016751850000000003,0.026280921999999998,0.000419667,0.204239691,13,1,4.753276034356841e-17,10.40269736838936,11.04019240526915,2.220446049250313e-16,5.319858098714021e-16,5.943593751090248e-07,856571943.0481856,mpmath_1792,45.50689172408396,1.9646986692097146,1.757564233028689,53
Fasi_9,10,ComplexF64,false,diagonalcheap,transfree,0.0,0.00045615699999999995,0.003435401,0.008493338000000001,8.0e-8,0.012761689,43,0,2.206081964374546e-82,96.39447327054282,108.21100484731488,1.727233711018889e-77,5.657244082649538e-17,4.818553321291006e-08,856571943.0481856,mpmath_1792,45.50689172408396,1.9646986692097146,1.757564233028689,256
Fasi_9,10,ComplexF64,false,diagonalcheap,transfree,0.0,0.001428782,0.010601076000000006,0.027020890000000002,3.0e-8,0.03956962,91,0,9.807612766172094e-262,96.39447327054289,108.21498209780094,1.331998346195134e-256,5.657244082649538e-17,4.818553321291006e-08,856571943.0481856,mpmath_1792,45.50689172408396,1.9646986692097146,1.757564233028689,851
Fasi_9,10,ComplexF64,false,diagonalcheap,complexschur,0.026221938,0.000170361,0.0020375479999999997,0.003865668,0.000625047,0.034714446,13,1,2.30126026260472e-16,11.99336670464739,13.65999802009986,2.220446049250313e-16,2.65608232746459e-14,2.326255134352332e-05,856571943.0481856,mpmath_1792,45.50689172408396,1.9646986692097146,1.757564233028689,53
Fasi_9,10,ComplexF64,false,diagonalcheap,complexschur,0.0132139,0.0007014559999999998,0.004618774,0.013481651,4.0e-8,0.034547971,43,0,2.373573362317293e-81,99.37139548358425,126.48564640528481,1.727233711018889e-77,5.657244082649538e-17,4.818553321291006e-08,856571943.0481856,mpmath_1792,45.50689172408396,1.9646986692097146,1.757564233028689,256
Fasi_9,10,ComplexF64,false,diagonalcheap,complexschur,0.033625585,0.0016808829999999998,0.010873985000000017,0.08923986799999997,4.0e-8,0.138112921,91,0,1.459123479535965e-259,99.37139548358391,138.32316551612672,1.331998346195134e-256,5.657244082649538e-17,4.818553321291006e-08,856571943.0481856,mpmath_1792,45.50689172408396,1.9646986692097146,1.757564233028689,851
Fasi_9,10,ComplexF64,false,taylor,transfree,0.0,0.00032826,0.0009403020000000001,0.003017695,0.000444776,0.005123166,25,1,9.992007221626409e-16,8.472866040246457,1,2.220446049250313e-16,1.827569402367276e-16,1.592467356438088e-07,856571943.0481856,mpmath_1792,45.50689172408396,1.9646986692097146,1.757564233028689,53
Fasi_9,10,ComplexF64,false,taylor,transfree,0.0,0.0008037939999999999,0.0017241179999999995,0.009385587,0.001036338,0.013645891,81,1,4.118046071574423e-84,8.472866040246457,1,1.727233711018889e-77,5.657244082649538e-17,4.818553321291006e-08,856571943.0481856,mpmath_1792,45.50689172408396,1.9646986692097146,1.757564233028689,256
Fasi_9,10,ComplexF64,false,taylor,transfree,0.0,0.0016204149999999998,0.007731282000000001,0.014851910000000001,0.011992291,0.036898097,90,7,3.96162629842569e-266,1.044574252945616,1,1.331998346195134e-256,5.657244082649538e-17,4.818553321291006e-08,856571943.0481856,mpmath_1792,45.50689172408396,1.9646986692097146,1.757564233028689,851
Fasi_9,10,ComplexF64,false,taylor,complexschur,0.008495672,0.000583065,0.001042116,0.003789893,0.000700815,0.016672554,30,1,0,11.21549830996424,1,2.220446049250313e-16,2.664830078300585e-14,2.320938900220699e-05,856571943.0481856,mpmath_1792,45.50689172408396,1.9646986692097146,1.757564233028689,53
Fasi_9,10,ComplexF64,false,taylor,complexschur,0.019095392,0.0010572900000000002,0.001964713,0.007967376,0.000487449,0.032368938,81,1,1.647218428629769e-83,11.21549830996436,1,1.727233711018889e-77,5.657244082649538e-17,4.818553321291006e-08,856571943.0481856,mpmath_1792,45.50689172408396,1.9646986692097146,1.757564233028689,256
Fasi_9,10,ComplexF64,false,taylor,complexschur,0.03426518,0.0017004719999999997,0.040293628000000005,0.016483546999999998,0.006098745,0.10171127,90,7,3.865767103412887e-265,1.065456845188194,1,1.331998346195134e-256,5.657244082649538e-17,4.818553321291006e-08,856571943.0481856,mpmath_1792,45.50689172408396,1.9646986692097146,1.757564233028689,851
Fasi_10,2,Float64,false,scaling_and_squaring,NaN,NaN,NaN,NaN,NaN,NaN,1.3436e-5,NaN,NaN,NaN,NaN,NaN,2.220446049250313e-16,2.270410305911382e-15,6.165163393256685e+28,2.715269840218319e+43,given,100.0148973292867,101.0,100.01000099999996,53
Fasi_10,2,Float64,false,diagonalcheap,transfree,0.0,5.181299999999999e-5,0.001103659,0.00014881,3.3184e-5,0.001394956,13,4,4.141707869746881e-16,22.28201355699503,22.27237044226383,2.220446049250313e-16,1.2430495675667e-16,3.343047894527104e+27,2.715269840218319e+43,given,100.0148973292867,101.0,100.01000099999996,53
Fasi_10,2,Float64,false,diagonalcheap,transfree,0.0,0.00019798400000000003,0.0017375339999999998,0.000245751,5.0799e-5,0.002299778,43,3,9.706900934383505e-81,491.5434279280412,491.5333476750889,1.727233711018889e-77,5.33926555818501e-78,1.476257853470086e-34,2.715269840218319e+43,given,100.0148973292867,101.0,100.01000099999996,256
Fasi_10,2,Float64,false,diagonalcheap,transfree,0.0,0.00041011,0.004560016000000001,0.000514314,0.000140945,0.005713115,91,4,2.62973377774667e-280,22.28201355699506,22.27237044226387,1.331998346195134e-256,1.124334500416359e-256,3.032506512165052e-213,2.715269840218319e+43,given,100.0148973292867,101.0,100.01000099999996,851
Fasi_10,2,Float64,false,diagonalcheap,complexschur,0.0,3.8596e-5,0.0008189240000000001,0.00011856900000000001,3.2774e-5,0.001066878,13,4,4.141707869746881e-16,22.28201355699503,22.27237044226383,2.220446049250313e-16,1.2430495675667e-16,3.343047894527104e+27,2.715269840218319e+43,given,100.0148973292867,101.0,100.01000099999996,53
Fasi_10,2,Float64,false,diagonalcheap,complexschur,0.0,0.00017016100000000003,0.0016580110000000003,0.00023694,4.4036e-5,0.00217737,43,3,9.706900934383505e-81,491.5434279280412,491.5333476750889,1.727233711018889e-77,5.33926555818501e-78,1.476257853470086e-34,2.715269840218319e+43,given,100.0148973292867,101.0,100.01000099999996,256
Fasi_10,2,Float64,false,diagonalcheap,complexschur,0.0,0.00042657999999999997,0.004539020000000001,0.0005146409999999999,0.000139301,0.005719086,91,4,2.62973377774667e-280,22.28201355699506,22.27237044226387,1.331998346195134e-256,1.124334500416359e-256,3.032506512165052e-213,2.715269840218319e+43,given,100.0148973292867,101.0,100.01000099999996,851
Fasi_10,2,Float64,false,diagonalcheap,realschur,0.0,4.0888999999999994e-5,0.0008540529999999999,0.000216722,5.2893e-5,0.001246587,13,4,4.141707869746881e-16,22.28201355699503,22.27237044226383,2.220446049250313e-16,1.2430495675667e-16,3.343047894527104e+27,2.715269840218319e+43,given,100.0148973292867,101.0,100.01000099999996,53
Fasi_10,2,Float64,false,diagonalcheap,realschur,0.0,0.000294033,0.0028275969999999994,0.000402461,8.733e-5,0.003708902,43,3,9.706900934383505e-81,491.5434279280412,491.5333476750889,1.727233711018889e-77,5.33926555818501e-78,1.476257853470086e-34,2.715269840218319e+43,given,100.0148973292867,101.0,100.01000099999996,256
Fasi_10,2,Float64,false,diagonalcheap,realschur,0.0,0.00046361099999999995,0.0057431520000000005,0.000633914,0.000169671,0.007122587,91,4,2.62973377774667e-280,22.28201355699506,22.27237044226387,1.331998346195134e-256,1.124334500416359e-256,3.032506512165052e-213,2.715269840218319e+43,given,100.0148973292867,101.0,100.01000099999996,851
Fasi_10,2,Float64,false,taylor,transfree,0.0,0.00021796699999999998,0.000759948,9.7562e-5,2.3135e-5,0.001172092,36,3,1.06581410364015e-14,127.8073024749756,1,2.220446049250313e-16,1.2430495675667e-16,3.343047894527104e+27,2.715269840218319e+43,given,100.0148973292867,101.0,100.01000099999996,53
Fasi_10,2,Float64,false,taylor,transfree,0.0,0.000371722,0.0013061899999999996,0.00013306,5.9095e-5,0.001938494,90,4,3.294436857259539e-83,22.27356117040359,1,1.727233711018889e-77,5.33926555818501e-78,1.476257853470086e-34,2.715269840218319e+43,given,100.0148973292867,101.0,100.01000099999996,256
Fasi_10,2,Float64,false,taylor,transfree,0.0,0.000467429,0.0038981569999999993,0.000257534,0.00056997,0.005312694,90,10,1.545586529091156e-260,1.050504212880865,1,1.331998346195134e-256,1.124334500416359e-256,3.032506512165052e-213,2.715269840218319e+43,given,100.0148973292867,101.0,100.01000099999996,851
Fasi_10,2,Float64,false,taylor,complexschur,0.0,0.000228336,0.000654771,0.00010191900000000001,4.1261e-5,0.001105032,36,3,1.06581410364015e-14,127.8073024749756,1,2.220446049250313e-16,1.2430495675667e-16,3.343047894527104e+27,2.715269840218319e+43,given,100.0148973292867,101.0,100.01000099999996,53
Fasi_10,2,Float64,false,taylor,complexschur,0.0,0.00047738000000000007,0.0016894490000000004,0.000199548,0.000103541,0.002560054,90,4,3.294436857259539e-83,22.27356117040359,1,1.727233711018889e-77,5.33926555818501e-78,1.476257853470086e-34,2.715269840218319e+43,given,100.0148973292867,101.0,100.01000099999996,256
Fasi_10,2,Float64,false,taylor,complexschur,0.0,0.000456986,0.003000965,0.000193029,0.000340222,0.004100102,90,10,1.545586529091156e-260,1.050504212880865,1,1.331998346195134e-256,1.124334500416359e-256,3.032506512165052e-213,2.715269840218319e+43,given,100.0148973292867,101.0,100.01000099999996,851
Fasi_10,2,Float64,false,taylor,realschur,0.0,0.000158236,0.000442163,6.8182e-5,2.3125e-5,0.000752765,36,3,1.06581410364015e-14,127.8073024749756,1,2.220446049250313e-16,1.2430495675667e-16,3.343047894527104e+27,2.715269840218319e+43,given,100.0148973292867,101.0,100.01000099999996,53
Fasi_10,2,Float64,false,taylor,realschur,0.0,0.000309962,0.0009963549999999998,0.00012353100000000002,5.7852e-5,0.001565277,90,4,3.294436857259539e-83,22.27356117040359,1,1.727233711018889e-77,5.33926555818501e-78,1.476257853470086e-34,2.715269840218319e+43,given,100.0148973292867,101.0,100.01000099999996,256
Fasi_10,2,Float64,false,taylor,realschur,0.0,0.0003228270000000001,0.002309638,0.000192144,0.000370191,0.003300926,90,10,1.545586529091156e-260,1.050504212880865,1,1.331998346195134e-256,1.124334500416359e-256,3.032506512165052e-213,2.715269840218319e+43,given,100.0148973292867,101.0,100.01000099999996,851
Fasi_11,2,Float64,true,scaling_and_squaring,NaN,NaN,NaN,NaN,NaN,NaN,1.7394e-5,NaN,NaN,NaN,NaN,NaN,2.220446049250313e-16,NaN,NaN,Inf,mpmath_1792,NaN,1.002002002002002,1.002002002002002,53
Fasi_11,2,Float64,true,diagonalcheap,transfree,4.596e-5,0.0,0.0,0.0,0.0,0.000120825,NaN,NaN,NaN,NaN,NaN,2.220446049250313e-16,NaN,Inf,Inf,mpmath_1792,NaN,1.002002002002002,1.002002002002002,53
Fasi_11,2,Float64,true,diagonalcheap,transfree,5.3244e-5,0.0,0.0,0.0,0.0,0.000114743,NaN,NaN,NaN,NaN,NaN,1.727233711018889e-77,NaN,Inf,Inf,mpmath_1792,NaN,1.002002002002002,1.002002002002002,256
Fasi_11,2,Float64,true,diagonalcheap,transfree,3.6892e-5,0.0,0.0,0.0,0.0,0.000119523,NaN,NaN,NaN,NaN,NaN,1.331998346195134e-256,NaN,Inf,Inf,mpmath_1792,NaN,1.002002002002002,1.002002002002002,851
Fasi_11,2,Float64,true,diagonalcheap,complexschur,4.2984e-5,0.0,0.0,0.0,0.0,7.4816e-5,0,0,NaN,NaN,1,2.220446049250313e-16,NaN,Inf,Inf,mpmath_1792,NaN,1.002002002002002,1.002002002002002,53
Fasi_11,2,Float64,true,diagonalcheap,complexschur,2.9979e-5,0.0,0.0,0.0,0.0,6.3413e-5,0,0,NaN,NaN,1,1.727233711018889e-77,NaN,Inf,Inf,mpmath_1792,NaN,1.002002002002002,1.002002002002002,256
Fasi_11,2,Float64,true,diagonalcheap,complexschur,3.6962e-5,0.0,0.0,0.0,0.0,9.3542e-5,0,0,NaN,NaN,1,1.331998346195134e-256,NaN,Inf,Inf,mpmath_1792,NaN,1.002002002002002,1.002002002002002,851
Fasi_11,2,Float64,true,diagonalcheap,realschur,2.9547e-5,0.0,0.0,0.0,0.0,6.2101e-5,0,0,NaN,NaN,1,2.220446049250313e-16,NaN,Inf,Inf,mpmath_1792,NaN,1.002002002002002,1.002002002002002,53
Fasi_11,2,Float64,true,diagonalcheap,realschur,3.1021e-5,0.0,0.0,0.0,0.0,6.5067e-5,0,0,NaN,NaN,1,1.727233711018889e-77,NaN,Inf,Inf,mpmath_1792,NaN,1.002002002002002,1.002002002002002,256
Fasi_11,2,Float64,true,diagonalcheap,realschur,4.5459e-5,0.0,0.0,0.0,0.0,9.729e-5,0,0,NaN,NaN,1,1.331998346195134e-256,NaN,Inf,Inf,mpmath_1792,NaN,1.002002002002002,1.002002002002002,851
Fasi_11,2,Float64,true,taylor,transfree,3.3746e-5,0.0,0.0,0.0,0.0,7.0267e-5,NaN,NaN,NaN,NaN,NaN,2.220446049250313e-16,NaN,Inf,Inf,mpmath_1792,NaN,1.002002002002002,1.002002002002002,53
Fasi_11,2,Float64,true,taylor,transfree,2.3286e-5,0.0,0.0,0.0,0.0,6.186e-5,NaN,NaN,NaN,NaN,NaN,1.727233711018889e-77,NaN,Inf,Inf,mpmath_1792,NaN,1.002002002002002,1.002002002002002,256
Fasi_11,2,Float64,true,taylor,transfree,4.3494e-5,0.0,0.0,0.0,0.0,9.8762e-5,NaN,NaN,NaN,NaN,NaN,1.331998346195134e-256,NaN,Inf,Inf,mpmath_1792,NaN,1.002002002002002,1.002002002002002,851
Fasi_11,2,Float64,true,taylor,complexschur,3.2373e-5,0.0,0.0,0.0,0.0,7.1199e-5,0,0,NaN,NaN,1,2.220446049250313e-16,NaN,Inf,Inf,mpmath_1792,NaN,1.002002002002002,1.002002002002002,53
Fasi_11,2,Float64,true,taylor,complexschur,4.3064e-5,0.0,0.0,0.0,0.0,9.5766e-5,0,0,NaN,NaN,1,1.727233711018889e-77,NaN,Inf,Inf,mpmath_1792,NaN,1.002002002002002,1.002002002002002,256
Fasi_11,2,Float64,true,taylor,complexschur,6.0688e-5,0.0,0.0,0.0,0.0,0.000125294,0,0,NaN,NaN,1,1.331998346195134e-256,NaN,Inf,Inf,mpmath_1792,NaN,1.002002002002002,1.002002002002002,851
Fasi_11,2,Float64,true,taylor,realschur,3.2984e-5,0.0,0.0,0.0,0.0,6.4064e-5,0,0,NaN,NaN,1,2.220446049250313e-16,NaN,Inf,Inf,mpmath_1792,NaN,1.002002002002002,1.002002002002002,53
Fasi_11,2,Float64,true,taylor,realschur,4.0048e-5,0.0,0.0,0.0,0.0,7.8263e-5,0,0,NaN,NaN,1,1.727233711018889e-77,NaN,Inf,Inf,mpmath_1792,NaN,1.002002002002002,1.002002002002002,256
Fasi_11,2,Float64,true,taylor,realschur,3.106e-5,0.0,0.0,0.0,0.0,8.0737e-5,0,0,NaN,NaN,1,1.331998346195134e-256,NaN,Inf,Inf,mpmath_1792,NaN,1.002002002002002,1.002002002002002,851
Fasi_12,3,Int64,false,scaling_and_squaring,NaN,NaN,NaN,NaN,NaN,NaN,1.8055e-5,NaN,NaN,NaN,NaN,NaN,2.220446049250313e-16,3.375895507255981e-16,1.804125239761525e-13,604.6431902391027,given,6.71305683241961,Inf,Inf,53
Fasi_12,3,Int64,false,diagonalcheap,transfree,0.0,2.0841e-5,0.0007714709999999999,0.00017821700000000002,3.688e-6,0.001049944,13,1,3.625623055544151e-16,29.62830538478148,7.387676378433373,2.220446049250313e-16,1.140231183172244e-16,6.302323287303321e-14,604.6431902391027,given,6.71305683241961,Inf,Inf,53
Fasi_12,3,Int64,false,diagonalcheap,transfree,0.0,0.000127308,0.001391742,0.000300865,4.93e-6,0.001878387,37,1,1.30272614275571e-83,29.62830538478151,7.149709412294152,1.727233711018889e-77,1.84588213586447e-76,1.104676806517443e-73,604.6431902391027,given,6.71305683241961,Inf,Inf,256
Fasi_12,3,Int64,false,diagonalcheap,transfree,0.0,0.00036734599999999995,0.003216464,0.0006524500000000001,9.639e-6,0.004323256,81,1,3.852990994047027e-258,29.62830538478146,7.083080005878933,1.331998346195134e-256,9.558069905736314e-256,5.748162508460485e-253,604.6431902391027,given,6.71305683241961,Inf,Inf,851
Fasi_12,3,Int64,false,diagonalcheap,complexschur,4.1421e-5,5.7843e-5,0.0007920929999999999,0.000269443,2.1262e-5,0.001265514,13,1,0,26.83329321367382,5.991311016511135,2.220446049250313e-16,2.135475132649299e-15,1.120806295810207e-12,604.6431902391027,given,6.71305683241961,Inf,Inf,53
Fasi_12,3,Int64,false,diagonalcheap,complexschur,7.2922e-5,0.00021050900000000003,0.0014796890000000002,0.001408604,3.7022e-5,0.003297921,37,1,5.622709178180288e-83,20.0855369231877,5.92818428261309,1.727233711018889e-77,2.629807992572678e-76,1.548354173607571e-73,604.6431902391027,given,6.71305683241961,Inf,Inf,256
Fasi_12,3,Int64,false,diagonalcheap,complexschur,0.000158759,0.0004320610000000001,0.003364034999999999,0.0015017750000000001,8.23e-5,0.005710387,81,1,1.637898902006972e-260,20.0855369231876,5.576120252165664,1.331998346195134e-256,4.181948212961687e-256,2.114965922518635e-253,604.6431902391027,given,6.71305683241961,Inf,Inf,851
Fasi_12,3,Int64,false,diagonalcheap,realschur,4.118e-5,4.0286999999999996e-5,0.000718748,0.000154966,1.0761e-5,0.001026168,13,1,0,26.83329321367382,5.991311016511135,2.220446049250313e-16,2.135475132649299e-15,1.120806295810207e-12,604.6431902391027,given,6.71305683241961,Inf,Inf,53
Fasi_12,3,Int64,false,diagonalcheap,realschur,6.5658e-5,0.00018466100000000003,0.001342005,0.000300705,3.4898e-5,0.001996086,37,1,5.622709178180288e-83,20.0855369231877,5.92818428261309,1.727233711018889e-77,2.629807992572678e-76,1.548354173607571e-73,604.6431902391027,given,6.71305683241961,Inf,Inf,256
Fasi_12,3,Int64,false,diagonalcheap,realschur,0.000211823,0.000544811,0.005335478,0.0012068209999999998,4.1862e-5,0.00749427,81,1,1.637898902006972e-260,20.0855369231876,5.588892963773693,1.331998346195134e-256,4.340373920869706e-256,2.711701181614055e-253,604.6431902391027,given,6.71305683241961,Inf,Inf,851
Fasi_12,3,Int64,false,taylor,transfree,0.0,9.853300000000001e-5,0.0004563599999999999,0.000131775,5.841e-6,0.000763707,30,1,1.110223024625157e-16,19,1,2.220446049250313e-16,1.103027297630247e-16,6.672568625453644e-14,604.6431902391027,given,6.71305683241961,Inf,Inf,53
Fasi_12,3,Int64,false,taylor,transfree,0.0,0.000269724,0.0012237830000000002,0.000318111,8.747e-6,0.001898406,81,1,1.317774742903815e-82,19,1,1.727233711018889e-77,1.352267912418689e-77,8.768159746952091e-75,604.6431902391027,given,6.71305683241961,Inf,Inf,256
Fasi_12,3,Int64,false,taylor,transfree,0.0,0.00035333700000000017,0.0025048450000000003,0.00031392400000000004,9.2029e-5,0.003365262,90,7,3.36775365422907e-260,1.071986503024949,1,1.331998346195134e-256,1.227408157586591e-255,7.794111968216211e-253,604.6431902391027,given,6.71305683241961,Inf,Inf,851
Fasi_12,3,Int64,false,taylor,complexschur,5.3925e-5,0.000238221,0.0005026000000000001,0.000215267,2.0901e-5,0.001123237,30,1,0,17.24264068711928,1,2.220446049250313e-16,2.138420150171743e-15,1.155407819252836e-12,604.6431902391027,given,6.71305683241961,Inf,Inf,53
Fasi_12,3,Int64,false,taylor,complexschur,0.000105054,0.0003170780000000001,0.0007973219999999999,0.000374921,3.1572e-5,0.001725098,81,1,1.647218428629769e-83,13,1,1.727233711018889e-77,2.622174597431474e-76,1.526245582106529e-73,604.6431902391027,given,6.71305683241961,Inf,Inf,256
Fasi_12,3,Int64,false,taylor,complexschur,0.000160713,0.000523569,0.0026724149999999996,0.0006733669999999999,0.00047798,0.004683348,90,7,8.412027766891355e-262,1.047991002016633,1,1.331998346195134e-256,4.142587745354169e-256,2.029718028362146e-253,604.6431902391027,given,6.71305683241961,Inf,Inf,851
Fasi_12,3,Int64,false,taylor,realschur,5.3795e-5,0.000169991,0.000464935,0.00011527400000000001,1.0851e-5,0.000884482,30,1,0,17.24264068711928,1,2.220446049250313e-16,2.138420150171743e-15,1.155407819252836e-12,604.6431902391027,given,6.71305683241961,Inf,Inf,53
Fasi_12,3,Int64,false,taylor,realschur,0.000108922,0.000305236,0.0009409520000000001,0.00019712499999999998,2.2413e-5,0.001668158,81,1,1.647218428629769e-83,13,1,1.727233711018889e-77,2.622174597431474e-76,1.526245582106529e-73,604.6431902391027,given,6.71305683241961,Inf,Inf,256
Fasi_12,3,Int64,false,taylor,realschur,0.000197605,0.000395354,0.0026038429999999993,0.000422425,0.000238485,0.004001641,90,7,8.412027766891355e-262,1.047991002016633,1,1.331998346195134e-256,4.340373920869706e-256,2.711701181614055e-253,604.6431902391027,given,6.71305683241961,Inf,Inf,851
Fasi_13,2,Float64,false,scaling_and_squaring,NaN,NaN,NaN,NaN,NaN,NaN,1.6432e-5,NaN,NaN,NaN,NaN,NaN,2.220446049250313e-16,7.850462293418875e-17,1.110223024625157e-16,1.381773290676036,mpmath_1792,1,1.0,1.0,53
Fasi_13,2,Float64,false,diagonalcheap,transfree,0.0,1.904e-6,0.000699434,0.000139832,3.0e-8,0.000889943,9,0,9.347119128414911e-18,1.381773290676036,1.8414709848078965,2.220446049250313e-16,0,0,1.381773290676036,mpmath_1792,1,1.0,1.0,53
Fasi_13,2,Float64,false,diagonalcheap,transfree,0.0,0.00010675700000000001,0.0009374349999999998,0.000187076,3.0e-8,0.001268269,25,0,1.140646070004877e-80,1.381773290676036,1.8414709848078965,1.727233711018889e-77,5.524585260978995e-17,6.782765415233021e-17,1.381773290676036,mpmath_1792,1,1.0,1.0,256
Fasi_13,2,Float64,false,diagonalcheap,transfree,0.0,0.00026181399999999997,0.002236534,0.000446458,4.0e-8,0.002996003,65,0,2.777921177065209e-260,1.381773290676036,1.8414709848078967,1.331998346195134e-256,5.524585260978995e-17,6.782765415233021e-17,1.381773290676036,mpmath_1792,1,1.0,1.0,851
Fasi_13,2,Float64,false,diagonalcheap,complexschur,4.2754e-5,0.0,0.0,0.0,0.0,7.8793e-5,0,0,NaN,NaN,1,2.220446049250313e-16,2.220446049250313e-16,2.220446049250313e-16,1.381773290676036,mpmath_1792,1,1.0,1.0,53
Fasi_13,2,Float64,false,diagonalcheap,complexschur,3.1612e-5,0.0,0.0,0.0,0.0,7.0908e-5,0,0,NaN,NaN,1,1.727233711018889e-77,5.524585260978995e-17,6.782765415233021e-17,1.381773290676036,mpmath_1792,1,1.0,1.0,256
Fasi_13,2,Float64,false,diagonalcheap,complexschur,4.0088e-5,0.0,0.0,0.0,0.0,0.000104704,0,0,NaN,NaN,1,1.331998346195134e-256,5.524585260978995e-17,6.782765415233021e-17,1.381773290676036,mpmath_1792,1,1.0,1.0,851
Fasi_13,2,Float64,false,diagonalcheap,realschur,0.0,1.593e-6,0.0004714480000000001,0.000114103,4.0e-8,0.000628834,9,0,9.347119128414911e-18,1.381773290676036,1.8414709848078965,2.220446049250313e-16,0,0,1.381773290676036,mpmath_1792,1,1.0,1.0,53
Fasi_13,2,Float64,false,diagonalcheap,realschur,0.0,0.00014254800000000002,0.001040869,0.00020531700000000003,3.1e-8,0.001437349,25,0,1.140646070004877e-80,1.381773290676036,1.8414709848078965,1.727233711018889e-77,5.524585260978995e-17,6.782765415233021e-17,1.381773290676036,mpmath_1792,1,1.0,1.0,256
Fasi_13,2,Float64,false,diagonalcheap,realschur,0.0,0.000276194,0.0027580319999999997,0.00047201,3.0e-8,0.003585881,65,0,2.777921177065209e-260,1.381773290676036,1.8414709848078967,1.331998346195134e-256,5.524585260978995e-17,6.782765415233021e-17,1.381773290676036,mpmath_1792,1,1.0,1.0,851
Fasi_13,2,Float64,false,taylor,transfree,0.0,0.000181785,0.00031351900000000006,6.294300000000001e-5,4.0e-8,0.000596391,20,0,2.775557561562891e-17,1.333333333333333,1,2.220446049250313e-16,0,0,1.381773290676036,mpmath_1792,1,1.0,1.0,53
Fasi_13,2,Float64,false,taylor,transfree,0.0,0.000447703,0.0007296430000000003,0.00021114099999999998,3.0e-8,0.001459401,64,0,3.088534553680817e-84,1.333333333333333,1,1.727233711018889e-77,5.524585260978995e-17,6.782765415233021e-17,1.381773290676036,mpmath_1792,1,1.0,1.0,256
Fasi_13,2,Float64,false,taylor,transfree,0.0,0.0005248709999999999,0.0014508269999999996,0.000203837,0.000119914,0.002389241,90,5,7.952953280205886e-278,1.030756672470462,1,1.331998346195134e-256,5.524585260978995e-17,6.782765415233021e-17,1.381773290676036,mpmath_1792,1,1.0,1.0,851
Fasi_13,2,Float64,false,taylor,complexschur,4.2433e-5,0.0,0.0,0.0,0.0,8.232e-5,0,0,NaN,NaN,1,2.220446049250313e-16,2.220446049250313e-16,2.220446049250313e-16,1.381773290676036,mpmath_1792,1,1.0,1.0,53
Fasi_13,2,Float64,false,taylor,complexschur,3.593e-5,0.0,0.0,0.0,0.0,7.722e-5,0,0,NaN,NaN,1,1.727233711018889e-77,5.524585260978995e-17,6.782765415233021e-17,1.381773290676036,mpmath_1792,1,1.0,1.0,256
Fasi_13,2,Float64,false,taylor,complexschur,4.1782e-5,0.0,0.0,0.0,0.0,0.000105024,0,0,NaN,NaN,1,1.331998346195134e-256,5.524585260978995e-17,6.782765415233021e-17,1.381773290676036,mpmath_1792,1,1.0,1.0,851
Fasi_13,2,Float64,false,taylor,realschur,0.0,0.00014254699999999998,0.000227713,4.9786e-5,4.0e-8,0.000463763,20,0,2.775557561562891e-17,1.333333333333333,1,2.220446049250313e-16,0,0,1.381773290676036,mpmath_1792,1,1.0,1.0,53
Fasi_13,2,Float64,false,taylor,realschur,0.0,0.000260648,0.00042018900000000007,0.00010410199999999999,3.0e-8,0.000834675,64,0,3.088534553680817e-84,1.333333333333333,1,1.727233711018889e-77,5.524585260978995e-17,6.782765415233021e-17,1.381773290676036,mpmath_1792,1,1.0,1.0,256
Fasi_13,2,Float64,false,taylor,realschur,0.0,0.00039873599999999996,0.0015431549999999996,0.000263556,0.000199218,0.002495508,90,5,7.952953280205886e-278,1.030756672470462,1,1.331998346195134e-256,5.524585260978995e-17,6.782765415233021e-17,1.381773290676036,mpmath_1792,1,1.0,1.0,851
Fasi_14,10,Int64,true,scaling_and_squaring,NaN,NaN,NaN,NaN,NaN,NaN,3.146e-6,NaN,NaN,NaN,NaN,NaN,2.220446049250313e-16,0,0,2.718281828459045,mpmath_1792,0.9925651190069406,Inf,Inf,53
Fasi_14,10,Int64,true,diagonalcheap,transfree,8.877e-6,0.0,0.0,0.0,0.0,0.000119703,NaN,NaN,NaN,NaN,NaN,2.220446049250313e-16,0,0,2.718281828459045,mpmath_1792,0.9925651190069406,Inf,Inf,53
Fasi_14,10,Int64,true,diagonalcheap,transfree,4.82e-6,0.0,0.0,0.0,0.0,0.000117319,NaN,NaN,NaN,NaN,NaN,1.727233711018889e-77,5.278697242164475e-17,1.44564689172925e-16,2.718281828459045,mpmath_1792,0.9925651190069406,Inf,Inf,256
Fasi_14,10,Int64,true,diagonalcheap,transfree,5.34e-6,0.0,0.0,0.0,0.0,0.00018016,NaN,NaN,NaN,NaN,NaN,1.331998346195134e-256,5.278697242164475e-17,1.44564689172925e-16,2.718281828459045,mpmath_1792,0.9925651190069406,Inf,Inf,851
Fasi_14,10,Int64,true,diagonalcheap,complexschur,0.0,0.0,0.0,0.0,0.0,4.7563e-5,0,0,NaN,NaN,1,2.220446049250313e-16,0,0,2.718281828459045,mpmath_1792,0.9925651190069406,Inf,Inf,53
Fasi_14,10,Int64,true,diagonalcheap,complexschur,0.0,0.0,0.0,0.0,0.0,5.8104e-5,0,0,NaN,NaN,1,1.727233711018889e-77,5.278697242164475e-17,1.44564689172925e-16,2.718281828459045,mpmath_1792,0.9925651190069406,Inf,Inf,256
Fasi_14,10,Int64,true,diagonalcheap,complexschur,0.0,0.0,0.0,0.0,0.0,0.000106147,0,0,NaN,NaN,1,1.331998346195134e-256,5.278697242164475e-17,1.44564689172925e-16,2.718281828459045,mpmath_1792,0.9925651190069406,Inf,Inf,851
Fasi_14,10,Int64,true,diagonalcheap,realschur,0.0,0.0,0.0,0.0,0.0,3.4227e-5,0,0,NaN,NaN,1,2.220446049250313e-16,0,0,2.718281828459045,mpmath_1792,0.9925651190069406,Inf,Inf,53
Fasi_14,10,Int64,true,diagonalcheap,realschur,0.0,0.0,0.0,0.0,0.0,5.1099e-5,0,0,NaN,NaN,1,1.727233711018889e-77,5.278697242164475e-17,1.44564689172925e-16,2.718281828459045,mpmath_1792,0.9925651190069406,Inf,Inf,256
Fasi_14,10,Int64,true,diagonalcheap,realschur,0.0,0.0,0.0,0.0,0.0,0.00010273,0,0,NaN,NaN,1,1.331998346195134e-256,5.278697242164475e-17,1.44564689172925e-16,2.718281828459045,mpmath_1792,0.9925651190069406,Inf,Inf,851
Fasi_14,10,Int64,true,taylor,transfree,3.417e-6,0.0,0.0,0.0,0.0,7.5607e-5,NaN,NaN,NaN,NaN,NaN,2.220446049250313e-16,0,0,2.718281828459045,mpmath_1792,0.9925651190069406,Inf,Inf,53
Fasi_14,10,Int64,true,taylor,transfree,4.368e-6,0.0,0.0,0.0,0.0,9.3152e-5,NaN,NaN,NaN,NaN,NaN,1.727233711018889e-77,5.278697242164475e-17,1.44564689172925e-16,2.718281828459045,mpmath_1792,0.9925651190069406,Inf,Inf,256
Fasi_14,10,Int64,true,taylor,transfree,5.09e-6,0.0,0.0,0.0,0.0,0.000161163,NaN,NaN,NaN,NaN,NaN,1.331998346195134e-256,5.278697242164475e-17,1.44564689172925e-16,2.718281828459045,mpmath_1792,0.9925651190069406,Inf,Inf,851
Fasi_14,10,Int64,true,taylor,complexschur,0.0,0.0,0.0,0.0,0.0,2.9448e-5,0,0,NaN,NaN,1,2.220446049250313e-16,0,0,2.718281828459045,mpmath_1792,0.9925651190069406,Inf,Inf,53
Fasi_14,10,Int64,true,taylor,complexschur,0.0,0.0,0.0,0.0,0.0,4.2202e-5,0,0,NaN,NaN,1,1.727233711018889e-77,5.278697242164475e-17,1.44564689172925e-16,2.718281828459045,mpmath_1792,0.9925651190069406,Inf,Inf,256
Fasi_14,10,Int64,true,taylor,complexschur,0.0,0.0,0.0,0.0,0.0,8.9564e-5,0,0,NaN,NaN,1,1.331998346195134e-256,5.278697242164475e-17,1.44564689172925e-16,2.718281828459045,mpmath_1792,0.9925651190069406,Inf,Inf,851
Fasi_14,10,Int64,true,taylor,realschur,0.0,0.0,0.0,0.0,0.0,3.4678e-5,0,0,NaN,NaN,1,2.220446049250313e-16,0,0,2.718281828459045,mpmath_1792,0.9925651190069406,Inf,Inf,53
Fasi_14,10,Int64,true,taylor,realschur,0.0,0.0,0.0,0.0,0.0,4.8364e-5,0,0,NaN,NaN,1,1.727233711018889e-77,5.278697242164475e-17,1.44564689172925e-16,2.718281828459045,mpmath_1792,0.9925651190069406,Inf,Inf,256
Fasi_14,10,Int64,true,taylor,realschur,0.0,0.0,0.0,0.0,0.0,0.000130213,0,0,NaN,NaN,1,1.331998346195134e-256,5.278697242164475e-17,1.44564689172925e-16,2.718281828459045,mpmath_1792,0.9925651190069406,Inf,Inf,851
Fasi_15,3,Int64,false,scaling_and_squaring,NaN,NaN,NaN,NaN,NaN,NaN,1.8486e-5,NaN,NaN,NaN,NaN,NaN,2.220446049250313e-16,4.874886391670373e-14,2.717129833426695e+32,5.535464111892338e+45,mpmath_1792,150.3859396574688,27.30637436762227,23.815606194275084,53
Fasi_15,3,Int64,false,diagonalcheap,transfree,0.0,4.4415e-5,0.0010748609999999999,0.000180721,1.3145e-5,0.001392961,13,4,9.912359044537984e-16,11.46550563070099,26.48377904922926,2.220446049250313e-16,7.285303673073006e-16,3.64449547565616e+30,5.535464111892338e+45,mpmath_1792,150.3859396574688,27.30637436762227,23.815606194275084,53
Fasi_15,3,Int64,false,diagonalcheap,transfree,0.0,0.000190681,0.0016837609999999998,0.00033097099999999995,1.3457e-5,0.002283014,43,3,4.083663080488079e-76,120.442436979099,640.488109476814,1.727233711018889e-77,5.681831550429115e-17,3.69769057131693e+29,5.535464111892338e+45,mpmath_1792,150.3859396574688,27.30637436762227,23.815606194275084,256
Fasi_15,3,Int64,false,diagonalcheap,transfree,0.0,0.000397173,0.00405848,0.0008373499999999999,3.5078e-5,0.005429158,91,4,2.164670987980373e-278,11.465505630701,27.680134512139812,1.331998346195134e-256,5.681831550429115e-17,3.69769057131693e+29,5.535464111892338e+45,mpmath_1792,150.3859396574688,27.30637436762227,23.815606194275084,851
Fasi_15,3,Int64,false,diagonalcheap,complexschur,7.4866e-5,5.1911e-5,0.0009825629999999999,0.000295106,8.1659e-5,0.062442109,13,4,6.285794410118602e-16,9.930330053170392,22.72165610987648,2.220446049250313e-16,2.365887311671652e-14,1.321525750737929e+32,5.535464111892338e+45,mpmath_1792,150.3859396574688,27.30637436762227,23.815606194275084,53
Fasi_15,3,Int64,false,diagonalcheap,complexschur,0.000122859,0.000237531,0.0022154079999999994,0.00064358,9.1398e-5,0.00345205,43,3,1.982842378371447e-76,98.61145496489905,523.4573719090221,1.727233711018889e-77,5.681831550429115e-17,3.69769057131693e+29,5.535464111892338e+45,mpmath_1792,150.3859396574688,27.30637436762227,23.815606194275084,256
Fasi_15,3,Int64,false,diagonalcheap,complexschur,0.000196653,0.0005679159999999999,0.004817571,0.0013932400000000002,0.000248404,0.007390386,91,4,8.711769814947136e-279,9.930330053170403,23.788956871146148,1.331998346195134e-256,5.681831550429115e-17,3.69769057131693e+29,5.535464111892338e+45,mpmath_1792,150.3859396574688,27.30637436762227,23.815606194275084,851
Fasi_15,3,Int64,false,diagonalcheap,realschur,8.8693e-5,4.4563e-5,0.0009187799999999999,0.00016459099999999998,4.5399e-5,0.001323386,13,4,6.285794410118602e-16,9.930330053170392,22.721656109876477,2.220446049250313e-16,2.365887311671652e-14,1.321525750737929e+32,5.535464111892338e+45,mpmath_1792,150.3859396574688,27.30637436762227,23.815606194275084,53
Fasi_15,3,Int64,false,diagonalcheap,realschur,9.8151e-5,0.00018634199999999999,0.001670451,0.00031957199999999996,6.2912e-5,0.002407837,43,3,1.982842378371447e-76,98.61145496489907,523.4573719090221,1.727233711018889e-77,5.681831550429115e-17,3.69769057131693e+29,5.535464111892338e+45,mpmath_1792,150.3859396574688,27.30637436762227,23.815606194275084,256
Fasi_15,3,Int64,false,diagonalcheap,realschur,0.000181323,0.00041588799999999995,0.004178424,0.000745602,0.000204337,0.005840138,91,4,8.711769814947136e-279,9.930330053170403,23.788956871146148,1.331998346195134e-256,5.681831550429115e-17,3.69769057131693e+29,5.535464111892338e+45,mpmath_1792,150.3859396574688,27.30637436762227,23.815606194275084,851
Fasi_15,3,Int64,false,taylor,transfree,0.0,0.00026010599999999997,0.0006211899999999999,0.000142637,9.508e-6,0.001092476,56,3,1.4210854715202e-14,115.3421967431841,1,2.220446049250313e-16,5.555122429835043e-16,3.446425069370499e+30,5.535464111892338e+45,mpmath_1792,150.3859396574688,27.30637436762227,23.815606194275084,53
Fasi_15,3,Int64,false,taylor,transfree,0.0,0.00031831699999999993,0.0011226140000000003,0.000346564,3.2633e-5,0.001902974,90,4,1.647218428629769e-83,11.46255857509174,1,1.727233711018889e-77,5.681831550429115e-17,3.69769057131693e+29,5.535464111892338e+45,mpmath_1792,150.3859396574688,27.30637436762227,23.815606194275084,256
Fasi_15,3,Int64,false,taylor,transfree,0.0,0.000535624,0.004614613,0.000561042,0.000177466,0.006032253,90,11,1.565111456857904e-277,1.021004222720736,1,1.331998346195134e-256,5.681831550429115e-17,3.69769057131693e+29,5.535464111892338e+45,mpmath_1792,150.3859396574688,27.30637436762227,23.815606194275084,851
Fasi_15,3,Int64,false,taylor,complexschur,0.000111687,0.0004185639999999999,0.0009978749999999998,0.00050344,0.000115125,0.002290409,56,3,1.4210854715202e-14,112.7262515498957,1,2.220446049250313e-16,2.365887311671652e-14,1.321525750737929e+32,5.535464111892338e+45,mpmath_1792,150.3859396574688,27.30637436762227,23.815606194275084,53
Fasi_15,3,Int64,false,taylor,complexschur,0.000163148,0.00041982499999999997,0.001425498,0.0006801439999999999,0.00023105,0.003080647,90,4,6.588873714519077e-83,9.930042206143166,1,1.727233711018889e-77,5.681831550429115e-17,3.69769057131693e+29,5.535464111892338e+45,mpmath_1792,150.3859396574688,27.30637436762227,23.815606194275084,256
Fasi_15,3,Int64,false,taylor,complexschur,0.000297399,0.00044031999999999996,0.0028720920000000006,0.0006270480000000001,0.000678872,0.005088325,90,11,9.40595626065739e-278,1.018096111650619,1,1.331998346195134e-256,5.681831550429115e-17,3.69769057131693e+29,5.535464111892338e+45,mpmath_1792,150.3859396574688,27.30637436762227,23.815606194275084,851
Fasi_15,3,Int64,false,taylor,realschur,7.9114e-5,0.000264342,0.0006488449999999999,0.00014331900000000001,3.5679e-5,0.001253871,56,3,1.4210854715202e-14,112.7262515498957,1,2.220446049250313e-16,2.365887311671652e-14,1.321525750737929e+32,5.535464111892338e+45,mpmath_1792,150.3859396574688,27.30637436762227,23.815606194275084,53
Fasi_15,3,Int64,false,taylor,realschur,0.000107168,0.00031720599999999994,0.001060725,0.000207486,8.3243e-5,0.001850693,90,4,6.588873714519077e-83,9.930042206143166,1,1.727233711018889e-77,5.681831550429115e-17,3.69769057131693e+29,5.535464111892338e+45,mpmath_1792,150.3859396574688,27.30637436762227,23.815606194275084,256
Fasi_15,3,Int64,false,taylor,realschur,0.000185321,0.00033284600000000003,0.0026459210000000003,0.00030502999999999997,0.000544881,0.004123697,90,11,9.40595626065739e-278,1.018096111650619,1,1.331998346195134e-256,5.681831550429115e-17,3.69769057131693e+29,5.535464111892338e+45,mpmath_1792,150.3859396574688,27.30637436762227,23.815606194275084,851
Fasi_16,3,Float64,false,scaling_and_squaring,NaN,NaN,NaN,NaN,NaN,NaN,2.065e-5,NaN,NaN,NaN,NaN,NaN,2.220446049250313e-16,4.911948049338749e-16,1.243449787580175e-14,20.08553692318794,mpmath_1792,2.992591278694038,Inf,3.802951800684682e30,53
Fasi_16,3,Float64,false,diagonalcheap,transfree,0.0,3.3246e-5,0.001035967,0.000274704,4.0e-8,0.001419563,13,0,1.301059603900158e-16,20.08553692318794,5.91674831713232,2.220446049250313e-16,3.330276939765206e-16,7.105427357601002e-15,20.08553692318794,mpmath_1792,2.992591278694038,Inf,3.802951800684682e30,53
Fasi_16,3,Float64,false,diagonalcheap,transfree,0.0,0.000223476,0.002030995,0.000526435,4.0e-8,0.002849076,37,0,9.371181963633883e-84,20.08553692318795,5.735034561379446,1.727233711018889e-77,4.073376616630215e-17,8.571636994844438e-16,20.08553692318794,mpmath_1792,2.992591278694038,Inf,3.802951800684682e30,256
Fasi_16,3,Float64,false,diagonalcheap,transfree,0.0,0.000621782,0.005119894,0.001221565,4.0e-8,0.00706365,81,0,1.63789890200783e-260,20.08553692318796,5.684151336320332,1.331998346195134e-256,4.073376616630215e-17,8.571636994844438e-16,20.08553692318794,mpmath_1792,2.992591278694038,Inf,3.802951800684682e30,851
Fasi_16,3,Float64,false,diagonalcheap,complexschur,0.000104594,7.7791e-5,0.0011176939999999998,0.000484516,4.0e-8,0.001902653,13,0,0,20.08553692318782,4.687561237849226,2.220446049250313e-16,5.835283313253204e-16,1.154631945610163e-14,20.08553692318794,mpmath_1792,2.992591278694038,Inf,3.802951800684682e30,53
Fasi_16,3,Float64,false,diagonalcheap,complexschur,0.000201573,0.000338179,0.002270826,0.001075396,4.0e-8,0.004025426,37,0,3.748472785453541e-83,20.08553692318787,4.551275921034578,1.727233711018889e-77,4.073376616630215e-17,8.571636994844438e-16,20.08553692318794,mpmath_1792,2.992591278694038,Inf,3.802951800684682e30,256
Fasi_16,3,Float64,false,diagonalcheap,complexschur,0.000315494,0.0007037600000000001,0.005659472000000001,0.002000645,3.0e-8,0.008837333,81,0,1.6378989020077e-260,20.08553692318781,4.513113502240229,1.331998346195134e-256,4.073376616630215e-17,8.571636994844438e-16,20.08553692318794,mpmath_1792,2.992591278694038,Inf,3.802951800684682e30,851
Fasi_16,3,Float64,false,diagonalcheap,realschur,9.261e-5,6.5668e-5,0.0010608850000000001,0.00028216799999999996,4.0e-8,0.001571118,13,0,0,20.08553692318782,4.687561237849226,2.220446049250313e-16,5.835283313253204e-16,1.154631945610163e-14,20.08553692318794,mpmath_1792,2.992591278694038,Inf,3.802951800684682e30,53
Fasi_16,3,Float64,false,diagonalcheap,realschur,0.000148339,0.000219908,0.00147463,0.00033565400000000006,1.0e-7,0.002249689,37,0,3.748472785453541e-83,20.08553692318786,4.551275921034578,1.727233711018889e-77,4.073376616630215e-17,8.571636994844438e-16,20.08553692318794,mpmath_1792,2.992591278694038,Inf,3.802951800684682e30,256
Fasi_16,3,Float64,false,diagonalcheap,realschur,0.000271589,0.000426169,0.0037028119999999993,0.000754476,3.0e-8,0.005271371,81,0,1.6378989020077e-260,20.08553692318781,4.513113502240229,1.331998346195134e-256,4.073376616630215e-17,8.571636994844438e-16,20.08553692318794,mpmath_1792,2.992591278694038,Inf,3.802951800684682e30,851
Fasi_16,3,Float64,false,taylor,transfree,0.0,9.538699999999999e-5,0.000428607,0.000131515,4.1e-8,0.00071406,30,0,2.220446049250313e-16,13.00000000000013,1,2.220446049250313e-16,9.863429039484522e-17,1.77635683940025e-15,20.08553692318794,mpmath_1792,2.992591278694038,Inf,3.802951800684682e30,53
Fasi_16,3,Float64,false,taylor,transfree,0.0,0.00019045999999999996,0.000844951,0.000315016,4.0e-8,0.00140727,81,0,3.294436857259539e-83,13.00000000000013,1,1.727233711018889e-77,4.073376616630215e-17,8.571636994844438e-16,20.08553692318794,mpmath_1792,2.992591278694038,Inf,3.802951800684682e30,256
Fasi_16,3,Float64,false,taylor,transfree,0.0,0.000427981,0.0026896150000000002,0.00041182,9.9394e-5,0.003731193,90,6,8.412027766893735e-262,1.047991002016633,1,1.331998346195134e-256,4.073376616630215e-17,8.571636994844438e-16,20.08553692318794,mpmath_1792,2.992591278694038,Inf,3.802951800684682e30,851
Fasi_16,3,Float64,false,taylor,complexschur,0.000124342,0.000300756,0.001067951,0.00035661100000000006,4.1e-8,0.002002749,30,0,1.110223024625157e-16,13.00000000000007,1,2.220446049250313e-16,5.835283313253204e-16,1.154631945610163e-14,20.08553692318794,mpmath_1792,2.992591278694038,Inf,3.802951800684682e30,53
Fasi_16,3,Float64,false,taylor,complexschur,0.000176092,0.000432062,0.001064604,0.000618795,5.0e-8,0.002399661,81,0,1.647218428629769e-83,13.00000000000007,1,1.727233711018889e-77,4.073376616630215e-17,8.571636994844438e-16,20.08553692318794,mpmath_1792,2.992591278694038,Inf,3.802951800684682e30,256
Fasi_16,3,Float64,false,taylor,complexschur,0.000225299,0.000477518,0.0031304060000000005,0.000747684,0.000475275,0.005218208,90,6,8.412027766893395e-262,1.047991002016633,1,1.331998346195134e-256,4.073376616630215e-17,8.571636994844438e-16,20.08553692318794,mpmath_1792,2.992591278694038,Inf,3.802951800684682e30,851
Fasi_16,3,Float64,false,taylor,realschur,8.5857e-5,0.000199166,0.00043964599999999986,0.000124229,4.0e-8,0.000901785,30,0,1.110223024625157e-16,13.00000000000007,1,2.220446049250313e-16,5.835283313253204e-16,1.154631945610163e-14,20.08553692318794,mpmath_1792,2.992591278694038,Inf,3.802951800684682e30,53
Fasi_16,3,Float64,false,taylor,realschur,0.000156554,0.0003674029999999999,0.0010620259999999998,0.000315554,4.0e-8,0.001971788,81,0,1.647218428629769e-83,13.00000000000007,1,1.727233711018889e-77,4.073376616630215e-17,8.571636994844438e-16,20.08553692318794,mpmath_1792,2.992591278694038,Inf,3.802951800684682e30,256
Fasi_16,3,Float64,false,taylor,realschur,0.000179459,0.0003455529999999999,0.002395103,0.00044606599999999995,0.000440217,0.003949909,90,6,8.412027766893395e-262,1.047991002016633,1,1.331998346195134e-256,4.073376616630215e-17,8.571636994844438e-16,20.08553692318794,mpmath_1792,2.992591278694038,Inf,3.802951800684682e30,851
Fasi_17,3,Float64,false,scaling_and_squaring,NaN,NaN,NaN,NaN,NaN,NaN,1.8777e-5,NaN,NaN,NaN,NaN,NaN,2.220446049250313e-16,1.518324342285042e-14,9.21955844257787e+29,6.071617490886706e+43,mpmath_1792,101.1213740824729,324.60439560439556,223.97701774035167,53
Fasi_17,3,Float64,false,diagonalcheap,transfree,0.0,7.0777e-5,0.0016085309999999996,0.000286948,2.3485e-5,0.002113584,13,4,5.042228470329442e-16,64.74920041704598,30.4916185990495,2.220446049250313e-16,4.752838427908652e-14,2.885019261554579e+30,6.071617490886706e+43,mpmath_1792,101.1213740824729,324.60439560439556,223.97701774035167,53
Fasi_17,3,Float64,false,diagonalcheap,transfree,0.0,0.000302821,0.002959077,0.000609258,2.6011e-5,0.003998673,43,3,1.891138524728353e-74,3858.800972578666,761.5759187504729,1.727233711018889e-77,4.954716829260551e-17,2.95363148001933e+27,6.071617490886706e+43,mpmath_1792,101.1213740824729,324.60439560439556,223.97701774035167,256
Fasi_17,3,Float64,false,diagonalcheap,transfree,0.0,0.000541201,0.0060074030000000014,0.001557073,6.8553e-5,0.008333211,91,4,3.548197746020832e-276,64.74920041704596,29.034305335318066,1.331998346195134e-256,4.954716829260551e-17,2.95363148001933e+27,6.071617490886706e+43,mpmath_1792,101.1213740824729,324.60439560439556,223.97701774035167,851
Fasi_17,3,Float64,false,diagonalcheap,complexschur,0.000148689,8.0948e-5,0.001645322,0.000491116,0.000157707,0.002680768,13,4,1.629894815283677e-15,59.58365623789248,25.577123546878965,2.220446049250313e-16,1.716590939948139e-14,1.043273968107754e+30,6.071617490886706e+43,mpmath_1792,101.1213740824729,324.60439560439556,223.97701774035167,53
Fasi_17,3,Float64,false,diagonalcheap,complexschur,0.000218736,0.000352969,0.003163798,0.001129606,0.000172206,0.005216845,43,3,7.467804544325777e-75,3550.21209067555,611.3203808967094,1.727233711018889e-77,4.954716829260551e-17,2.95363148001933e+27,6.071617490886706e+43,mpmath_1792,101.1213740824729,324.60439560439556,223.97701774035167,256
Fasi_17,3,Float64,false,diagonalcheap,complexschur,0.00035973,0.0005790250000000002,0.005362449000000002,0.002535504,0.000439235,0.009516354,91,4,1.088780219277805e-276,59.58365623789243,24.325179488752646,1.331998346195134e-256,4.954716829260551e-17,2.95363148001933e+27,6.071617490886706e+43,mpmath_1792,101.1213740824729,324.60439560439556,223.97701774035167,851
Fasi_17,3,Float64,false,diagonalcheap,realschur,0.000134231,6.9114e-5,0.0015202710000000003,0.000265565,8.3332e-5,0.002173451,13,4,1.629894815283677e-15,59.58365623789248,25.577123546878965,2.220446049250313e-16,1.716590939948139e-14,1.043273968107754e+30,6.071617490886706e+43,mpmath_1792,101.1213740824729,324.60439560439556,223.97701774035167,53
Fasi_17,3,Float64,false,diagonalcheap,realschur,0.000206402,0.000315895,0.002928291,0.0006940020000000001,7.5628e-5,0.004326112,43,3,7.467804544325777e-75,3550.21209067555,611.3203808967094,1.727233711018889e-77,4.954716829260551e-17,2.95363148001933e+27,6.071617490886706e+43,mpmath_1792,101.1213740824729,324.60439560439556,223.97701774035167,256
Fasi_17,3,Float64,false,diagonalcheap,realschur,0.000228274,0.000435108,0.005966754,0.00135709,0.00036463,0.008624788,91,4,1.088780219277805e-276,59.58365623789243,24.325179488752646,1.331998346195134e-256,4.954716829260551e-17,2.95363148001933e+27,6.071617490886706e+43,mpmath_1792,101.1213740824729,324.60439560439556,223.97701774035167,851
Fasi_17,3,Float64,false,taylor,transfree,0.0,0.000221664,0.0007966410000000001,0.000105826,1.2805e-5,0.001213502,30,4,1.77635683940025e-15,49.9437616768851,1,2.220446049250313e-16,9.108513886569557e-15,5.521212575212796e+29,6.071617490886706e+43,mpmath_1792,101.1213740824729,324.60439560439556,223.97701774035167,53
Fasi_17,3,Float64,false,taylor,transfree,0.0,0.0005357399999999999,0.0018883110000000002,0.0004131020000000001,3.5158e-5,0.002975963,90,4,1.647218428629769e-83,49.94376167688513,1,1.727233711018889e-77,4.954716829260551e-17,2.95363148001933e+27,6.071617490886706e+43,mpmath_1792,101.1213740824729,324.60439560439556,223.97701774035167,256
Fasi_17,3,Float64,false,taylor,transfree,0.0,0.0005613310000000001,0.003548893999999999,0.00041131499999999993,9.9564e-5,0.004738294,90,11,1.212988924145074e-276,1.036521040787114,1,1.331998346195134e-256,4.954716829260551e-17,2.95363148001933e+27,6.071617490886706e+43,mpmath_1792,101.1213740824729,324.60439560439556,223.97701774035167,851
Fasi_17,3,Float64,false,taylor,complexschur,0.000128691,0.000192597,0.0005916910000000002,0.000211272,8.6348e-5,0.001315,30,4,2.442490654175344e-15,45.95856951768356,1,2.220446049250313e-16,1.716309909508281e-14,1.043273968107754e+30,6.071617490886706e+43,mpmath_1792,101.1213740824729,324.60439560439556,223.97701774035167,53
Fasi_17,3,Float64,false,taylor,complexschur,0.000167947,0.000376666,0.001122061,0.000439669,0.000220599,0.002489887,90,4,4.941655285889308e-83,45.95856951768358,1,1.727233711018889e-77,4.954716829260551e-17,2.95363148001933e+27,6.071617490886706e+43,mpmath_1792,101.1213740824729,324.60439560439556,223.97701774035167,256
Fasi_17,3,Float64,false,taylor,complexschur,0.000263373,0.000617073,0.005650961000000001,0.0009135290000000001,0.001214343,0.00889776,90,11,5.682928789727516e-277,1.032447984630402,1,1.331998346195134e-256,4.954716829260551e-17,2.95363148001933e+27,6.071617490886706e+43,mpmath_1792,101.1213740824729,324.60439560439556,223.97701774035167,851
Fasi_17,3,Float64,false,taylor,realschur,0.000148469,0.000269304,0.0008854749999999999,0.00015661500000000003,8.1279e-5,0.001637146,30,4,2.442490654175344e-15,45.95856951768356,1,2.220446049250313e-16,1.716309909508281e-14,1.043273968107754e+30,6.071617490886706e+43,mpmath_1792,101.1213740824729,324.60439560439556,223.97701774035167,53
Fasi_17,3,Float64,false,taylor,realschur,0.000223314,0.00042953399999999997,0.0014746250000000002,0.000263039,9.2109e-5,0.00259438,90,4,4.941655285889308e-83,45.95856951768358,1,1.727233711018889e-77,4.954716829260551e-17,2.95363148001933e+27,6.071617490886706e+43,mpmath_1792,101.1213740824729,324.60439560439556,223.97701774035167,256
Fasi_17,3,Float64,false,taylor,realschur,0.000390691,0.000493979,0.0045293370000000005,0.000505917,0.00099671,0.007106914,90,11,5.682928789727516e-277,1.032447984630402,1,1.331998346195134e-256,4.954716829260551e-17,2.95363148001933e+27,6.071617490886706e+43,mpmath_1792,101.1213740824729,324.60439560439556,223.97701774035167,851
Fasi_18,4,Float64,false,scaling_and_squaring,NaN,NaN,NaN,NaN,NaN,NaN,2.4908e-5,NaN,NaN,NaN,NaN,NaN,2.220446049250313e-16,1.034574318449331e-15,3.197442310920451e-14,27.00117433951892,mpmath_1792,3.53542415770214,Inf,Inf,53
Fasi_18,4,Float64,false,diagonalcheap,transfree,0.0,3.3317e-5,0.00091003,0.000305846,4.0e-8,0.001323897,13,0,0,27.0011743395189,9.151687882126264,2.220446049250313e-16,8.056063713827877e-16,2.042810365310288e-14,27.00117433951892,mpmath_1792,3.53542415770214,Inf,Inf,53
Fasi_18,4,Float64,false,diagonalcheap,transfree,0.0,0.000247021,0.001868939,0.0006415079999999999,4.0e-8,0.002814739,37,0,2.37945905421164e-83,27.00117433951892,8.841941635188128,1.727233711018889e-77,3.783467854406309e-17,9.828131187148956e-16,27.00117433951892,mpmath_1792,3.53542415770214,Inf,Inf,256
Fasi_18,4,Float64,false,diagonalcheap,transfree,0.0,0.0005335569999999999,0.07029397300000001,0.001111905,4.0e-8,0.072032848,81,0,4.033248400863166e-258,27.00117433951893,8.75525248031495,1.331998346195134e-256,3.783467854406309e-17,9.828131187148956e-16,27.00117433951892,mpmath_1792,3.53542415770214,Inf,Inf,851
Fasi_18,4,Float64,false,diagonalcheap,complexschur,0.000131136,6.3293e-5,0.0010572690000000004,0.000448392,3.0e-8,0.00182349,13,0,3.971990881154096e-16,20.75881491555209,6.982630063714898,2.220446049250313e-16,1.542981564259146e-15,4.973799150320701e-14,27.00117433951892,mpmath_1792,3.53542415770214,Inf,Inf,53
Fasi_18,4,Float64,false,diagonalcheap,complexschur,0.000158689,0.000234207,0.0016528279999999998,0.000967054,4.0e-8,0.00314378,37,0,1.906038987268975e-83,20.758814915552,6.480872671499313,1.727233711018889e-77,3.783467854406309e-17,9.828131187148956e-16,27.00117433951892,mpmath_1792,3.53542415770214,Inf,Inf,256
Fasi_18,4,Float64,false,diagonalcheap,complexschur,0.000233103,0.0005114750000000001,0.004297355000000001,0.002419969,4.0e-8,0.007636014,81,0,1.005772010639329e-259,20.758814915552,6.696697839410036,1.331998346195134e-256,3.783467854406309e-17,9.828131187148956e-16,27.00117433951892,mpmath_1792,3.53542415770214,Inf,Inf,851
Fasi_18,4,Float64,false,diagonalcheap,realschur,0.000145444,4.7573e-5,0.0007884229999999999,0.000208587,4.0e-8,0.001255213,13,0,3.971990881154096e-16,20.7588149155521,6.982630063714898,2.220446049250313e-16,1.542981564259146e-15,4.973799150320701e-14,27.00117433951892,mpmath_1792,3.53542415770214,Inf,Inf,53
Fasi_18,4,Float64,false,diagonalcheap,realschur,0.000166053,0.000195643,0.0013836319999999997,0.000413674,3.1e-8,0.002226805,37,0,1.906038987268975e-83,20.758814915552,6.480872671499313,1.727233711018889e-77,3.783467854406309e-17,9.828131187148956e-16,27.00117433951892,mpmath_1792,3.53542415770214,Inf,Inf,256
Fasi_18,4,Float64,false,diagonalcheap,realschur,0.000215339,0.000461701,0.004403498000000002,0.001611789,5.0e-8,0.006851717,81,0,1.005772010639329e-259,20.758814915552,6.696697839410036,1.331998346195134e-256,3.783467854406309e-17,9.828131187148956e-16,27.00117433951892,mpmath_1792,3.53542415770214,Inf,Inf,851
Fasi_18,4,Float64,false,taylor,transfree,0.0,0.00012340000000000002,0.00042220600000000006,0.000228173,4.0e-8,0.000833433,30,0,2.220446049250313e-16,17.16666666666693,1,2.220446049250313e-16,9.322308500657854e-17,1.77635683940025e-15,27.00117433951892,mpmath_1792,3.53542415770214,Inf,Inf,53
Fasi_18,4,Float64,false,taylor,transfree,0.0,0.00033921900000000003,0.001141006,0.0005966669999999999,4.0e-8,0.002141198,81,0,1.153052900040838e-82,17.16666666666693,1,1.727233711018889e-77,3.783467854406309e-17,9.828131187148956e-16,27.00117433951892,mpmath_1792,3.53542415770214,Inf,Inf,256
Fasi_18,4,Float64,false,taylor,transfree,0.0,0.00046527400000000006,0.0027248109999999997,0.000898121,0.00020517,0.004416327,90,6,2.75640419535353e-260,1.06400066309519,1,1.331998346195134e-256,3.783467854406309e-17,9.828131187148956e-16,27.00117433951892,mpmath_1792,3.53542415770214,Inf,Inf,851
Fasi_18,4,Float64,false,taylor,complexschur,0.000193266,0.000293201,0.000605379,0.000569287,4.0e-8,0.001816617,30,0,1.110223024625157e-16,13.28243340289705,1,2.220446049250313e-16,1.072809411049896e-15,3.641531520770513e-14,27.00117433951892,mpmath_1792,3.53542415770214,Inf,Inf,53
Fasi_18,4,Float64,false,taylor,complexschur,0.000221291,0.000522075,0.0012518050000000001,0.001292275,4.0e-8,0.003465145,81,0,2.470827642944654e-83,13.28243340289704,1,1.727233711018889e-77,3.783467854406309e-17,9.828131187148956e-16,27.00117433951892,mpmath_1792,3.53542415770214,Inf,Inf,256
Fasi_18,4,Float64,false,taylor,complexschur,0.000355833,0.0006042149999999997,0.0029842700000000007,0.0011786119999999999,0.000499763,0.005845989,90,6,2.274469098984873e-261,1.048531036135448,1,1.331998346195134e-256,3.783467854406309e-17,9.828131187148956e-16,27.00117433951892,mpmath_1792,3.53542415770214,Inf,Inf,851
Fasi_18,4,Float64,false,taylor,realschur,0.000166955,0.000240458,0.0005642880000000001,0.000164961,4.0e-8,0.001218602,30,0,1.110223024625157e-16,13.28243340289705,1,2.220446049250313e-16,1.072809411049896e-15,3.641531520770513e-14,27.00117433951892,mpmath_1792,3.53542415770214,Inf,Inf,53
Fasi_18,4,Float64,false,taylor,realschur,0.000168949,0.000305363,0.0008085630000000001,0.00031432399999999994,4.0e-8,0.001668307,81,0,2.470827642944654e-83,13.28243340289704,1,1.727233711018889e-77,3.783467854406309e-17,9.828131187148956e-16,27.00117433951892,mpmath_1792,3.53542415770214,Inf,Inf,256
Fasi_18,4,Float64,false,taylor,realschur,0.00021556,0.0003829730000000001,0.0023659230000000002,0.000484275,0.000363447,0.003932265,90,6,2.274469098984873e-261,1.048531036135448,1,1.331998346195134e-256,3.783467854406309e-17,9.828131187148956e-16,27.00117433951892,mpmath_1792,3.53542415770214,Inf,Inf,851
ward77_test1,3,Int64,false,scaling_and_squaring,NaN,NaN,NaN,NaN,NaN,NaN,1.6863e-5,NaN,NaN,NaN,NaN,NaN,2.220446049250313e-16,6.012542349579195e-16,3.459153631826017e-13,531.2098790159176,given,7.496198157309751,3.3703703703703702,2.464222246704459,53
ward77_test1,3,Int64,false,diagonalcheap,transfree,0.0,2.3325e-5,0.0008513500000000001,0.000195648,3.657e-6,0.001138095,13,1,3.073338986751533e-16,25.28681954080421,3.654296676287483,2.220446049250313e-16,7.44275492812685e-16,4.031902677731559e-13,531.2098790159176,given,7.496198157309751,3.3703703703703702,2.464222246704459,53
ward77_test1,3,Int64,false,diagonalcheap,transfree,0.0,0.00017386799999999998,0.0019236969999999998,0.00041616700000000006,7.324e-6,0.002584871,37,1,5.518158444770409e-83,25.28681954080418,3.5443475747393673,1.727233711018889e-77,4.178021025221273e-17,2.352795169593361e-14,531.2098790159176,given,7.496198157309751,3.3703703703703702,2.464222246704459,256
ward77_test1,3,Int64,false,diagonalcheap,transfree,0.0,0.000498565,0.004545223,0.000946882,1.4438e-5,0.006120192,81,1,7.345740895011447e-259,25.28681954080419,3.5134526145090086,1.331998346195134e-256,4.178021025221273e-17,2.352795169593361e-14,531.2098790159176,given,7.496198157309751,3.3703703703703702,2.464222246704459,851
ward77_test1,3,Int64,false,diagonalcheap,complexschur,5.6129e-5,6.433300000000001e-5,0.0010284960000000003,0.000432466,4.101e-5,0.001749872,13,1,1.301059603900145e-16,20.08553692318761,2.1894884896094626,2.220446049250313e-16,3.312259730860768e-15,1.937531091285226e-12,531.2098790159176,given,7.496198157309751,3.3703703703703702,2.464222246704459,53
ward77_test1,3,Int64,false,diagonalcheap,complexschur,5.0448e-5,0.000269814,0.002029643,0.000827523,4.8454e-5,0.00335364,37,1,5.622709178180288e-83,20.0855369231877,2.141604008952554,1.727233711018889e-77,4.178021025221273e-17,2.352795169593361e-14,531.2098790159176,given,7.496198157309751,3.3703703703703702,2.464222246704459,256
ward77_test1,3,Int64,false,diagonalcheap,complexschur,7.2761e-5,0.000500009,0.004761098000000002,0.001923166,0.0001238,0.0075535,81,1,1.637898902006972e-260,20.0855369231876,2.1281230528077324,1.331998346195134e-256,4.178021025221273e-17,2.352795169593361e-14,531.2098790159176,given,7.496198157309751,3.3703703703703702,2.464222246704459,851
ward77_test1,3,Int64,false,diagonalcheap,realschur,5.1008e-5,4.839499999999999e-5,0.0008435539999999999,0.000193946,1.9257e-5,0.001221678,13,1,1.301059603900145e-16,20.08553692318761,2.1894884896094626,2.220446049250313e-16,3.312259730860768e-15,1.937531091285226e-12,531.2098790159176,given,7.496198157309751,3.3703703703703702,2.464222246704459,53
ward77_test1,3,Int64,false,diagonalcheap,realschur,6.1298e-5,0.00018131200000000002,0.0014580060000000002,0.000307525,2.2263e-5,0.002101834,37,1,5.622709178180288e-83,20.0855369231877,2.141604008952554,1.727233711018889e-77,4.178021025221273e-17,2.352795169593361e-14,531.2098790159176,given,7.496198157309751,3.3703703703703702,2.464222246704459,256
ward77_test1,3,Int64,false,diagonalcheap,realschur,5.9706e-5,0.00035632,0.003327199,0.0006849780000000001,5.3984e-5,0.004582262,81,1,1.637898902006972e-260,20.0855369231876,2.1281230528077324,1.331998346195134e-256,4.178021025221273e-17,2.352795169593361e-14,531.2098790159176,given,7.496198157309751,3.3703703703703702,2.464222246704459,851
ward77_test1,3,Int64,false,taylor,transfree,0.0,6.0957e-5,0.00030888700000000004,0.00010422400000000001,5.421e-6,0.000542892,30,1,1.110223024625157e-16,15.9375,1,2.220446049250313e-16,1.445161171584236e-16,8.041027827345841e-14,531.2098790159176,given,7.496198157309751,3.3703703703703702,2.464222246704459,53
ward77_test1,3,Int64,false,taylor,transfree,0.0,0.00026633099999999997,0.0012513700000000001,0.00032127599999999995,8.567e-6,0.001923889,81,1,5.765264500204192e-83,15.9375,1,1.727233711018889e-77,4.178021025221273e-17,2.352795169593361e-14,531.2098790159176,given,7.496198157309751,3.3703703703703702,2.464222246704459,256
ward77_test1,3,Int64,false,taylor,transfree,0.0,0.00045555700000000004,0.003558995,0.0004681609999999999,0.000105505,0.004697726,90,7,1.150494841058054e-260,1.056083230488058,1,1.331998346195134e-256,4.178021025221273e-17,2.352795169593361e-14,531.2098790159176,given,7.496198157309751,3.3703703703703702,2.464222246704459,851
ward77_test1,3,Int64,false,taylor,complexschur,7.742e-5,0.000297627,0.0007039659999999999,0.000473807,4.4085e-5,0.001747467,30,1,3.33066907387547e-16,12.99999999999999,1,2.220446049250313e-16,3.348687274467204e-15,2.022796219576438e-12,531.2098790159176,given,7.496198157309751,3.3703703703703702,2.464222246704459,53
ward77_test1,3,Int64,false,taylor,complexschur,5.658e-5,0.00039774799999999996,0.0010288589999999998,0.0004188300000000001,3.1782e-5,0.002026989,81,1,1.647218428629769e-83,13,1,1.727233711018889e-77,4.178021025221273e-17,2.352795169593361e-14,531.2098790159176,given,7.496198157309751,3.3703703703703702,2.464222246704459,256
ward77_test1,3,Int64,false,taylor,complexschur,7.6178e-5,0.0004147650000000001,0.0024250279999999996,0.0005459309999999999,0.000425585,0.004013058,90,7,8.412027766891355e-262,1.047991002016633,1,1.331998346195134e-256,4.178021025221273e-17,2.352795169593361e-14,531.2098790159176,given,7.496198157309751,3.3703703703703702,2.464222246704459,851
ward77_test1,3,Int64,false,taylor,realschur,5.14e-5,0.00016877699999999997,0.00042556500000000004,0.00010837200000000001,1.3987e-5,0.000833566,30,1,3.33066907387547e-16,12.99999999999999,1,2.220446049250313e-16,3.348687274467204e-15,2.022796219576438e-12,531.2098790159176,given,7.496198157309751,3.3703703703703702,2.464222246704459,53
ward77_test1,3,Int64,false,taylor,realschur,5.162e-5,0.00030900299999999997,0.0008537360000000001,0.00021660299999999997,2.2744e-5,0.0015223,81,1,1.647218428629769e-83,13,1,1.727233711018889e-77,4.178021025221273e-17,2.352795169593361e-14,531.2098790159176,given,7.496198157309751,3.3703703703703702,2.464222246704459,256
ward77_test1,3,Int64,false,taylor,realschur,5.5467e-5,0.0003729630000000001,0.0031281850000000016,0.000412651,0.000573031,0.004673308,90,7,8.412027766891355e-262,1.047991002016633,1,1.331998346195134e-256,4.178021025221273e-17,2.352795169593361e-14,531.2098790159176,given,7.496198157309751,3.3703703703703702,2.464222246704459,851
ward77_test2,3,Float64,true,scaling_and_squaring,NaN,NaN,NaN,NaN,NaN,NaN,3.8244e-5,NaN,NaN,NaN,NaN,NaN,2.220446049250313e-16,1.494557500234574e-15,452,3.010620249796788e+17,mpmath_1792,53.85164801584676,2.514602272494495,2.000000000000001,53
ward77_test2,3,Float64,true,diagonalcheap,transfree,0.000137306,0.0,0.0,0.0,0.0,0.000199256,NaN,NaN,NaN,NaN,NaN,2.220446049250313e-16,5.485796718737378e-15,1704,3.010620249796788e+17,mpmath_1792,53.85164801584676,2.514602272494495,2.000000000000001,53
ward77_test2,3,Float64,true,diagonalcheap,transfree,0.000214346,0.0,0.0,0.0,0.0,0.000262418,NaN,NaN,NaN,NaN,NaN,1.727233711018889e-77,4.476817049100524e-17,13.03844039504891,3.010620249796788e+17,mpmath_1792,53.85164801584676,2.514602272494495,2.000000000000001,256
ward77_test2,3,Float64,true,diagonalcheap,transfree,0.000497845,0.0,0.0,0.0,0.0,0.000580756,NaN,NaN,NaN,NaN,NaN,1.331998346195134e-256,4.476817049100524e-17,13.03844039504891,3.010620249796788e+17,mpmath_1792,53.85164801584676,2.514602272494495,2.000000000000001,851
ward77_test2,3,Float64,true,diagonalcheap,complexschur,8.6597e-5,6.7479e-5,0.0010538810000000002,0.000366921,7.752e-5,0.001771353,13,2,1.499211605278087e-16,12.18249396070348,12.182493960703482,2.220446049250313e-16,5.186285355580609e-15,1604,3.010620249796788e+17,mpmath_1792,53.85164801584676,2.514602272494495,2.000000000000001,53
ward77_test2,3,Float64,true,diagonalcheap,complexschur,0.000116015,0.000246699,0.001691839,0.0005766889999999999,3.3355e-5,0.002782824,37,1,9.856631044319481e-77,148.4131591025778,148.41315910257774,1.727233711018889e-77,4.476817049100524e-17,13.03844039504891,3.010620249796788e+17,mpmath_1792,53.85164801584676,2.514602272494495,2.000000000000001,256
ward77_test2,3,Float64,true,diagonalcheap,complexschur,0.000203485,0.00043918299999999995,0.003946461,0.0016110900000000001,7.3803e-5,0.006466393,91,1,2.856778381758479e-260,148.413159102575,148.41315910257495,1.331998346195134e-256,4.476817049100524e-17,13.03844039504891,3.010620249796788e+17,mpmath_1792,53.85164801584676,2.514602272494495,2.000000000000001,851
ward77_test2,3,Float64,true,diagonalcheap,realschur,9.7709e-5,6.1349e-5,0.0009554739999999998,0.000202029,3.9406e-5,0.001444349,13,2,1.499211605278087e-16,12.18249396070348,12.182493960703482,2.220446049250313e-16,5.186285355580609e-15,1604,3.010620249796788e+17,mpmath_1792,53.85164801584676,2.514602272494495,2.000000000000001,53
ward77_test2,3,Float64,true,diagonalcheap,realschur,0.000119982,0.000201741,0.001426866,0.00031024100000000005,2.4337e-5,0.00216197,37,1,9.856631044319481e-77,148.4131591025778,148.41315910257774,1.727233711018889e-77,4.476817049100524e-17,13.03844039504891,3.010620249796788e+17,mpmath_1792,53.85164801584676,2.514602272494495,2.000000000000001,256
ward77_test2,3,Float64,true,diagonalcheap,realschur,0.00020095,0.00043829,0.0036350749999999993,0.0007530410000000001,5.8563e-5,0.005208886,91,1,2.856778381758479e-260,148.413159102575,148.41315910257495,1.331998346195134e-256,4.476817049100524e-17,13.03844039504891,3.010620249796788e+17,mpmath_1792,53.85164801584676,2.514602272494495,2.000000000000001,851
ward77_test2,3,Float64,true,taylor,transfree,0.000135072,0.0,0.0,0.0,0.0,0.000187434,NaN,NaN,NaN,NaN,NaN,2.220446049250313e-16,5.485796718737378e-15,1704,3.010620249796788e+17,mpmath_1792,53.85164801584676,2.514602272494495,2.000000000000001,53
ward77_test2,3,Float64,true,taylor,transfree,0.000221319,0.0,0.0,0.0,0.0,0.000271957,NaN,NaN,NaN,NaN,NaN,1.727233711018889e-77,4.476817049100524e-17,13.03844039504891,3.010620249796788e+17,mpmath_1792,53.85164801584676,2.514602272494495,2.000000000000001,256
ward77_test2,3,Float64,true,taylor,transfree,0.00051606,0.0,0.0,0.0,0.0,0.000598149,NaN,NaN,NaN,NaN,NaN,1.331998346195134e-256,4.476817049100524e-17,13.03844039504891,3.010620249796788e+17,mpmath_1792,53.85164801584676,2.514602272494495,2.000000000000001,851
ward77_test2,3,Float64,true,taylor,complexschur,7.6778e-5,0.000297908,0.0007315570000000001,0.00043858099999999995,5.7291e-5,0.001759631,36,1,0,39.33333333333337,1,2.220446049250313e-16,5.186285355580609e-15,1604,3.010620249796788e+17,mpmath_1792,53.85164801584676,2.514602272494495,2.000000000000001,53
ward77_test2,3,Float64,true,taylor,complexschur,0.000184428,0.000580877,0.0014669680000000001,0.00074007,6.3042e-5,0.003196756,90,1,3.158956435941597e-77,39.33333333333331,1,1.727233711018889e-77,4.476817049100524e-17,13.03844039504891,3.010620249796788e+17,mpmath_1792,53.85164801584676,2.514602272494495,2.000000000000001,256
ward77_test2,3,Float64,true,taylor,complexschur,0.00031488,0.0006197430000000001,0.003966598,0.0006618619999999999,0.00056742,0.006292145,90,8,5.240472070716204e-269,1.03983547133623,1,1.331998346195134e-256,4.476817049100524e-17,13.03844039504891,3.010620249796788e+17,mpmath_1792,53.85164801584676,2.514602272494495,2.000000000000001,851
ward77_test2,3,Float64,true,taylor,realschur,9.1928e-5,0.000175029,0.00045339699999999997,0.00012290800000000002,1.3586e-5,0.000931004,36,1,0,39.33333333333337,1,2.220446049250313e-16,5.186285355580609e-15,1604,3.010620249796788e+17,mpmath_1792,53.85164801584676,2.514602272494495,2.000000000000001,53
ward77_test2,3,Float64,true,taylor,realschur,0.000109352,0.0004644769999999999,0.001033755,0.00024479499999999996,3.4547e-5,0.001984457,90,1,3.158956435941597e-77,39.33333333333331,1,1.727233711018889e-77,4.476817049100524e-17,13.03844039504891,3.010620249796788e+17,mpmath_1792,53.85164801584676,2.514602272494495,2.000000000000001,256
ward77_test2,3,Float64,true,taylor,realschur,0.000314119,0.000482319,0.002615687,0.000333408,0.000398472,0.004278142,90,8,5.240472070716204e-269,1.03983547133623,1,1.331998346195134e-256,4.476817049100524e-17,13.03844039504891,3.010620249796788e+17,mpmath_1792,53.85164801584676,2.514602272494495,2.000000000000001,851
ward77_test3,3,Int64,false,scaling_and_squaring,NaN,NaN,NaN,NaN,NaN,NaN,2.4849e-5,NaN,NaN,NaN,NaN,NaN,2.220446049250313e-16,9.780436719768131e-14,1.164179863621939e-12,12.07715328479679,mpmath_1792,15278.07390210343,30463.399999998073,12610.398449560616,53
ward77_test3,3,Int64,false,diagonalcheap,transfree,0.0,2.685e-6,0.0008738709999999997,0.000142707,1.9869e-5,0.001099471,7,6,3.896784859247638e-17,11.04034629717661,48.67347737551372,2.220446049250313e-16,6.785774449015304e-14,7.87148124459236e-13,12.07715328479679,mpmath_1792,15278.07390210343,30463.399999998073,12610.398449560616,53
ward77_test3,3,Int64,false,diagonalcheap,transfree,0.0,0.000182522,0.0014357940000000002,0.000296615,1.5009e-5,0.001985799,37,3,3.04106860525293e-82,35.84897952317326,3440.3025680772503,1.727233711018889e-77,4.458071714097792e-17,4.135318217379099e-16,12.07715328479679,mpmath_1792,15278.07390210343,30463.399999998073,12610.398449560616,256
ward77_test3,3,Int64,false,diagonalcheap,transfree,0.0,0.000476995,0.003885472999999999,0.0007091430000000001,2.8155e-5,0.005184619,91,3,1.224139314049995e-279,35.84897952317267,3482.664516643189,1.331998346195134e-256,4.458071714097792e-17,4.135318217379099e-16,12.07715328479679,mpmath_1792,15278.07390210343,30463.399999998073,12610.398449560616,851
ward77_test3,3,Int64,false,diagonalcheap,complexschur,0.000125583,2.7869999999999997e-6,0.0008256629999999998,0.000202402,0.000122567,0.001358704,7,6,0,8.425726854030868,28.838379718676844,2.220446049250313e-16,6.385434530541359e-13,7.742695373735842e-12,12.07715328479679,mpmath_1792,15278.07390210343,30463.399999998073,12610.398449560616,53
ward77_test3,3,Int64,false,diagonalcheap,complexschur,0.000134851,0.000222302,0.0015981900000000006,0.000551706,9.0736e-5,0.002695955,37,3,2.038364891603162e-82,23.61028364579639,1437.7938418538467,1.727233711018889e-77,4.458071714097792e-17,4.135318217379099e-16,12.07715328479679,mpmath_1792,15278.07390210343,30463.399999998073,12610.398449560616,256
ward77_test3,3,Int64,false,diagonalcheap,complexschur,0.000216129,0.0005509139999999999,0.00483315,0.002383339,0.00030949,0.00849264,91,3,5.468838894177703e-280,23.61028364579639,1455.0650924288768,1.331998346195134e-256,4.458071714097792e-17,4.135318217379099e-16,12.07715328479679,mpmath_1792,15278.07390210343,30463.399999998073,12610.398449560616,851
ward77_test3,3,Int64,false,diagonalcheap,realschur,0.000160612,3.816e-6,0.0012577679999999998,0.000191122,0.000108951,0.001803716,7,6,0,8.425726854030868,28.838379718676844,2.220446049250313e-16,6.385434530541359e-13,7.742695373735842e-12,12.07715328479679,mpmath_1792,15278.07390210343,30463.399999998073,12610.398449560616,53
ward77_test3,3,Int64,false,diagonalcheap,realschur,0.000195349,0.000295042,0.002330211,0.000358533,6.3533e-5,0.003328692,37,3,2.038364891603162e-82,23.61028364579639,1437.7938418538467,1.727233711018889e-77,4.458071714097792e-17,4.135318217379099e-16,12.07715328479679,mpmath_1792,15278.07390210343,30463.399999998073,12610.398449560616,256
ward77_test3,3,Int64,false,diagonalcheap,realschur,0.000261046,0.00042212799999999997,0.0037035209999999987,0.0007761430000000001,0.000168356,0.005447339,91,3,5.468838894177703e-280,23.61028364579639,1455.0650924288768,1.331998346195134e-256,4.458071714097792e-17,4.135318217379099e-16,12.07715328479679,mpmath_1792,15278.07390210343,30463.399999998073,12610.398449560616,851
ward77_test3,3,Int64,false,taylor,transfree,0.0,0.000248072,0.000777377,0.000162045,1.7023e-5,0.001283718,36,3,8.881784197001252e-16,8.097900390624998,1,2.220446049250313e-16,1.226946667979535e-14,1.316724507205436e-13,12.07715328479679,mpmath_1792,15278.07390210343,30463.399999998073,12610.398449560616,53
ward77_test3,3,Int64,false,taylor,transfree,0.0,0.000424313,0.001390483,0.00037012099999999995,2.7854e-5,0.002294488,90,3,3.294436857259539e-83,8.097900390624997,1,1.727233711018889e-77,4.458071714097792e-17,4.135318217379099e-16,12.07715328479679,mpmath_1792,15278.07390210343,30463.399999998073,12610.398449560616,256
ward77_test3,3,Int64,false,taylor,transfree,0.0,0.000506262,0.0040470820000000005,0.000502374,0.000168707,0.005337195,90,10,4.476075532196576e-281,1.624269795326271,1,1.331998346195134e-256,4.458071714097792e-17,4.135318217379099e-16,12.07715328479679,mpmath_1792,15278.07390210343,30463.399999998073,12610.398449560616,851
ward77_test3,3,Int64,false,taylor,complexschur,0.00014469,0.00028369100000000003,0.000773962,0.000381738,0.000122087,0.001840848,36,3,0,6.435817006600388,1,2.220446049250313e-16,6.38624437161124e-13,7.743805596760467e-12,12.07715328479679,mpmath_1792,15278.07390210343,30463.399999998073,12610.398449560616,53
ward77_test3,3,Int64,false,taylor,complexschur,0.000146885,0.00032156400000000004,0.0008601349999999998,0.000439342,9.3071e-5,0.00196045,81,3,2.981442294761882e-77,6.435817006601669,1,1.727233711018889e-77,4.458071714097792e-17,4.135318217379099e-16,12.07715328479679,mpmath_1792,15278.07390210343,30463.399999998073,12610.398449560616,256
ward77_test3,3,Int64,false,taylor,complexschur,0.000255144,0.000437978,0.0025879450000000003,0.000581127,0.000662334,0.004665753,90,10,1.032940507429979e-281,1.541435678520147,1,1.331998346195134e-256,4.458071714097792e-17,4.135318217379099e-16,12.07715328479679,mpmath_1792,15278.07390210343,30463.399999998073,12610.398449560616,851
ward77_test3,3,Int64,false,taylor,realschur,9.0896e-5,0.00016023299999999997,0.00046859800000000014,9.964300000000001e-5,3.3154e-5,0.000915224,36,3,0,6.435817006600388,1,2.220446049250313e-16,6.38624437161124e-13,7.743805596760467e-12,12.07715328479679,mpmath_1792,15278.07390210343,30463.399999998073,12610.398449560616,53
ward77_test3,3,Int64,false,taylor,realschur,0.000123008,0.000278739,0.0007857159999999999,0.000184759,6.197e-5,0.001505417,81,3,2.981442294761882e-77,6.435817006601669,1,1.727233711018889e-77,4.458071714097792e-17,4.135318217379099e-16,12.07715328479679,mpmath_1792,15278.07390210343,30463.399999998073,12610.398449560616,256
ward77_test3,3,Int64,false,taylor,realschur,0.000212272,0.00030872,0.0023376490000000007,0.00029295899999999997,0.000498326,0.003746902,90,10,1.032940507429979e-281,1.541435678520147,1,1.331998346195134e-256,4.458071714097792e-17,4.135318217379099e-16,12.07715328479679,mpmath_1792,15278.07390210343,30463.399999998073,12610.398449560616,851
ward77_test4,10,Float64,false,scaling_and_squaring,NaN,NaN,NaN,NaN,NaN,NaN,2.7714e-5,NaN,NaN,NaN,NaN,NaN,2.220446049250313e-16,5.205474512569347e-17,2.769052348528851e-16,2.718281525573192,mpmath_1792,1.691360041692454,1.0e10,1.0e10,53
ward77_test4,10,Float64,false,diagonalcheap,transfree,0.0,5.990999999999999e-6,0.001064232,0.005456956999999998,3.0e-8,0.107208374,9,0,1.152469037665662e-17,2.718281525573192,2.718281825640393,2.220446049250313e-16,1.349734462278575e-16,3.215501406168223e-16,2.718281525573192,mpmath_1792,1.691360041692454,1.0e10,1.0e10,53
ward77_test4,10,Float64,false,diagonalcheap,transfree,0.0,0.00020125,0.001779029,0.001417006,3.0e-8,0.003588255,25,0,1.392937073183684e-80,2.718281525573192,2.7182818272837044,1.727233711018889e-77,1.339297689757633e-16,2.900381192075883e-16,2.718281525573192,mpmath_1792,1.691360041692454,1.0e10,1.0e10,256
ward77_test4,10,Float64,false,diagonalcheap,transfree,0.0,0.000544676,0.0031368909999999993,0.0033810330000000003,4.0e-8,0.007250985,49,0,0,2.718281525573192,2.718281827466352,1.331998346195134e-256,1.339297689757633e-16,2.900381192075883e-16,2.718281525573192,mpmath_1792,1.691360041692454,1.0e10,1.0e10,851
ward77_test4,10,Float64,false,diagonalcheap,complexschur,0.004293642,4.78e-6,0.001993994,0.0046109670000000005,1.11e-7,0.01279537,9,0,1.187553181647755e-17,2.841317783340085,2.7826693612627222,2.220446049250313e-16,1.45828230445112e-15,6.671984290649041e-15,2.718281525573192,mpmath_1792,1.691360041692454,1.0e10,1.0e10,53
ward77_test4,10,Float64,false,diagonalcheap,complexschur,0.010434324,0.000409244,0.0026689529999999995,0.005467417999999999,4.0e-8,0.020347107,25,0,1.454317336117037e-79,2.834149153996954,2.7918660193666653,1.727233711018889e-77,1.976551570043948e-17,4.202243203022064e-17,2.718281525573192,mpmath_1792,1.691360041692454,1.0e10,1.0e10,256
ward77_test4,10,Float64,false,diagonalcheap,complexschur,0.017559595,0.0011464000000000001,0.005769162000000001,0.015557665000000002,4.1e-8,0.043714669,49,0,0,2.834104846888132,2.8119561577454353,1.331998346195134e-256,1.976551570043948e-17,4.202243203022064e-17,2.718281525573192,mpmath_1792,1.691360041692454,1.0e10,1.0e10,851
ward77_test4,10,Float64,false,diagonalcheap,realschur,0.0,2.515e-6,0.0013172829999999998,0.0012669430000000002,4.0e-8,0.002865665,9,0,1.152469037665662e-17,2.718281525573192,2.718281825640393,2.220446049250313e-16,1.349734462278575e-16,3.215501406168223e-16,2.718281525573192,mpmath_1792,1.691360041692454,1.0e10,1.0e10,53
ward77_test4,10,Float64,false,diagonalcheap,realschur,0.0,0.000363334,0.002654462,0.002419572,4.0e-8,0.005681792,25,0,1.392937073183684e-80,2.718281525573192,2.7182818272837044,1.727233711018889e-77,1.339297689757633e-16,2.900381192075883e-16,2.718281525573192,mpmath_1792,1.691360041692454,1.0e10,1.0e10,256
ward77_test4,10,Float64,false,diagonalcheap,realschur,0.0,0.000667644,0.003651518999999999,0.0028264080000000003,4.0e-8,0.007376076,49,0,0,2.718281525573192,2.718281827466352,1.331998346195134e-256,1.339297689757633e-16,2.900381192075883e-16,2.718281525573192,mpmath_1792,1.691360041692454,1.0e10,1.0e10,851
ward77_test4,10,Float64,false,taylor,transfree,0.0,0.00015548099999999998,0.000382029,0.000723201,4.1e-8,0.001432276,20,0,2.775557561562891e-17,2.666666666666667,1,2.220446049250313e-16,1.338137120947382e-16,2.7560368542596e-16,2.718281525573192,mpmath_1792,1.691360041692454,1.0e10,1.0e10,53
ward77_test4,10,Float64,false,taylor,transfree,0.0,0.0003881629999999999,0.0005631039999999998,0.001582867,3.0e-8,0.002696416,56,0,2.51077176327856e-77,2.666666666666667,1,1.727233711018889e-77,1.339297689757633e-16,2.900381192075883e-16,2.718281525573192,mpmath_1792,1.691360041692454,1.0e10,1.0e10,256
ward77_test4,10,Float64,false,taylor,transfree,0.0,0.00071178,0.0017530469999999998,0.0025816930000000004,0.000729254,0.006022623,90,2,2.261795397769178e-278,1.284025416687473,1,1.331998346195134e-256,1.339291477611616e-16,2.898535971141872e-16,2.718281525573192,mpmath_1792,1.691360041692454,1.0e10,1.0e10,851
ward77_test4,10,Float64,false,taylor,complexschur,0.008505205,0.000594964,0.0012889390000000004,0.004950062,4.0e-8,0.017201811,20,0,4.163336342344337e-17,2.793063606816895,1,2.220446049250313e-16,1.439886887856151e-15,6.821717072809727e-15,2.718281525573192,mpmath_1792,1.691360041692454,1.0e10,1.0e10,53
ward77_test4,10,Float64,false,taylor,complexschur,0.00763612,0.0010621389999999997,0.0014829709999999998,0.009704361,5.0e-8,0.022229165,64,0,0,2.793095381648726,1,1.727233711018889e-77,1.976551570043948e-17,4.202243203022064e-17,2.718281525573192,mpmath_1792,1.691360041692454,1.0e10,1.0e10,256
ward77_test4,10,Float64,false,taylor,complexschur,0.017847612,0.0023250389999999997,0.006438437,0.330578475,0.001493154,0.36201771,90,2,1.021922475350726e-277,1.308805105282819,1,1.331998346195134e-256,1.976551570043948e-17,4.202243203022064e-17,2.718281525573192,mpmath_1792,1.691360041692454,1.0e10,1.0e10,851
ward77_test4,10,Float64,false,taylor,realschur,0.0,0.000146184,0.00037730200000000004,0.000607385,3.0e-8,0.001292365,20,0,2.775557561562891e-17,2.666666666666667,1,2.220446049250313e-16,1.338137120947382e-16,2.7560368542596e-16,2.718281525573192,mpmath_1792,1.691360041692454,1.0e10,1.0e10,53
ward77_test4,10,Float64,false,taylor,realschur,0.0,0.00036112900000000007,0.0005458710000000002,0.001321538,3.0e-8,0.002348602,56,0,2.51077176327856e-77,2.666666666666667,1,1.727233711018889e-77,1.339297689757633e-16,2.900381192075883e-16,2.718281525573192,mpmath_1792,1.691360041692454,1.0e10,1.0e10,256
ward77_test4,10,Float64,false,taylor,realschur,0.0,0.0006573129999999999,0.0015408329999999997,0.002363695,0.000691531,0.005469612,90,2,2.261795397769178e-278,1.284025416687473,1,1.331998346195134e-256,1.339291477611616e-16,2.898535971141872e-16,2.718281525573192,mpmath_1792,1.691360041692454,1.0e10,1.0e10,851
naha95_p370,3,Float64,false,scaling_and_squaring,NaN,NaN,NaN,NaN,NaN,NaN,1.2224e-5,NaN,NaN,NaN,NaN,NaN,2.220446049250313e-16,2.957522731072156e-08,4.754108417819598e+38,1.60749405080608e+46,mpmath_1792,17531771.94471745,3.751085628275615e10,1.8792731584784126e10,53
naha95_p370,3,Float64,false,diagonalcheap,transfree,0.0,3.1059999999999996e-6,0.0011897070000000001,0.00013561399999999997,3.3916e-5,0.001430502,5,12,0,15.65723382525483,52.27462295414343,2.220446049250313e-16,8.872540413131653e-09,1.426353629078321e+38,1.60749405080608e+46,mpmath_1792,17531771.94471745,3.751085628275615e10,1.8792731584784126e10,53
naha95_p370,3,Float64,false,diagonalcheap,transfree,0.0,0.00016641,0.0016771530000000005,0.000280703,2.597e-5,0.002219191,31,6,1.262064594507965e-79,1333.365900751784,230453.67710910802,1.727233711018889e-77,1.427141962468779e-17,2.047941067216347e+29,1.60749405080608e+46,mpmath_1792,17531771.94471745,3.751085628275615e10,1.8792731584784126e10,256
naha95_p370,3,Float64,false,diagonalcheap,transfree,0.0,0.00041126499999999996,0.003829531999999999,0.000733872,5.3594e-5,0.005137498,73,6,2.593762823170303e-260,1333.3659007867,229869.4309954579,1.331998346195134e-256,1.427141962468779e-17,2.047941067216347e+29,1.60749405080608e+46,mpmath_1792,17531771.94471745,3.751085628275615e10,1.8792731584784126e10,851
naha95_p370,3,Float64,false,diagonalcheap,complexschur,0.00013944,3.0149999999999995e-6,0.001111548,0.00017772199999999998,0.000236879,0.0017594,5,12,3.802080013317275e-17,9.97478188456515,29.969572239859325,2.220446049250313e-16,5.946771546780903e-10,9.559559169543615e+36,1.60749405080608e+46,mpmath_1792,17531771.94471745,3.751085628275615e10,1.8792731584784126e10,53
naha95_p370,3,Float64,false,diagonalcheap,complexschur,0.000129191,0.00017831500000000002,0.0017521770000000002,0.000498386,0.000181482,0.002855815,31,6,1.036170271681372e-81,816.8380456557592,87239.60180113581,1.727233711018889e-77,1.427141962468779e-17,2.047941067216347e+29,1.60749405080608e+46,mpmath_1792,17531771.94471745,3.751085628275615e10,1.8792731584784126e10,256
naha95_p370,3,Float64,false,diagonalcheap,complexschur,0.000227221,0.00036066500000000003,0.003555034999999999,0.001163403,0.000366771,0.005823257,73,6,3.775378764095691e-263,816.8380456557594,87019.26207658448,1.331998346195134e-256,1.427141962468779e-17,2.047941067216347e+29,1.60749405080608e+46,mpmath_1792,17531771.94471745,3.751085628275615e10,1.8792731584784126e10,851
naha95_p370,3,Float64,false,diagonalcheap,realschur,0.000109062,3.5459999999999996e-6,0.00117541,0.00012659500000000002,0.000147265,0.001633146,5,12,3.802080013317275e-17,9.974781884565152,29.969572239859325,2.220446049250313e-16,5.946771546780903e-10,9.559559169543615e+36,1.60749405080608e+46,mpmath_1792,17531771.94471745,3.751085628275615e10,1.8792731584784126e10,53
naha95_p370,3,Float64,false,diagonalcheap,realschur,0.000160831,0.000233354,0.0023900019999999996,0.000432399,0.00020637,0.003539741,31,6,1.036170271681372e-81,816.8380456557592,87239.60180113581,1.727233711018889e-77,1.427141962468779e-17,2.047941067216347e+29,1.60749405080608e+46,mpmath_1792,17531771.94471745,3.751085628275615e10,1.8792731584784126e10,256
naha95_p370,3,Float64,false,diagonalcheap,realschur,0.000378694,0.000513358,0.005746327,0.0011464530000000002,0.000523344,0.008495756,73,6,3.775378764095691e-263,816.8380456557594,87019.26207658448,1.331998346195134e-256,1.427141962468779e-17,2.047941067216347e+29,1.60749405080608e+46,mpmath_1792,17531771.94471745,3.751085628275615e10,1.8792731584784126e10,851
naha95_p370,3,Float64,false,taylor,transfree,0.0,0.000175883,0.0006598079999999999,9.881399999999999e-5,1.534e-5,0.001027311,36,5,1.06581410364015e-14,4453.74589269731,1,2.220446049250313e-16,2.052891776574696e-08,3.300980499560242e+38,1.60749405080608e+46,mpmath_1792,17531771.94471745,3.751085628275615e10,1.8792731584784126e10,53
naha95_p370,3,Float64,false,taylor,transfree,0.0,0.000335577,0.001154409,0.00021998099999999998,2.6511e-5,0.001829857,90,5,6.588873714519077e-83,4453.745892693323,1,1.727233711018889e-77,1.427141962468779e-17,2.047941067216347e+29,1.60749405080608e+46,mpmath_1792,17531771.94471745,3.751085628275615e10,1.8792731584784126e10,256
naha95_p370,3,Float64,false,taylor,transfree,0.0,0.00043771999999999995,0.0034875170000000003,0.0004963799999999999,0.00020119,0.004759284,90,12,1.531506459016182e-278,15.65723382525484,1,1.331998346195134e-256,1.427141962468779e-17,2.047941067216347e+29,1.60749405080608e+46,mpmath_1792,17531771.94471745,3.751085628275615e10,1.8792731584784126e10,851
naha95_p370,3,Float64,false,taylor,complexschur,0.000145252,0.00031658099999999997,0.001174918,0.000387441,0.000197253,0.002380734,36,5,8.881784197001252e-16,2767.273984673802,1,2.220446049250313e-16,5.946771546780903e-10,9.559559169543615e+36,1.60749405080608e+46,mpmath_1792,17531771.94471745,3.751085628275615e10,1.8792731584784126e10,53
naha95_p370,3,Float64,false,taylor,complexschur,0.000227731,0.000517043,0.00181522,0.000718889,0.000267789,0.003723757,81,5,4.691058996450483e-74,2727.618085575071,1,1.727233711018889e-77,1.427141962468779e-17,2.047941067216347e+29,1.60749405080608e+46,mpmath_1792,17531771.94471745,3.751085628275615e10,1.8792731584784126e10,256
naha95_p370,3,Float64,false,taylor,complexschur,0.000384255,0.000564235,0.0033636189999999996,0.000598323,0.000737289,0.00582029,90,12,1.755998862630964e-280,9.974781885730927,1,1.331998346195134e-256,1.427141962468779e-17,2.047941067216347e+29,1.60749405080608e+46,mpmath_1792,17531771.94471745,3.751085628275615e10,1.8792731584784126e10,851
naha95_p370,3,Float64,false,taylor,realschur,9.77e-5,0.00021079,0.000760016,0.00012164099999999998,5.9005e-5,0.001334677,36,5,8.881784197001252e-16,2767.273984673802,1,2.220446049250313e-16,5.946771546780903e-10,9.559559169543615e+36,1.60749405080608e+46,mpmath_1792,17531771.94471745,3.751085628275615e10,1.8792731584784126e10,53
naha95_p370,3,Float64,false,taylor,realschur,0.000159039,0.000379591,0.0014323819999999998,0.000342458,0.000182915,0.002613546,81,5,4.691058996450483e-74,2727.618085575071,1,1.727233711018889e-77,1.427141962468779e-17,2.047941067216347e+29,1.60749405080608e+46,mpmath_1792,17531771.94471745,3.751085628275615e10,1.8792731584784126e10,256
naha95_p370,3,Float64,false,taylor,realschur,0.000367773,0.00045924900000000006,0.0039916069999999994,0.000473768,0.001010128,0.006474008,90,12,1.755998862630964e-280,9.974781885730927,1,1.331998346195134e-256,1.427141962468779e-17,2.047941067216347e+29,1.60749405080608e+46,mpmath_1792,17531771.94471745,3.751085628275615e10,1.8792731584784126e10,851
kela98_ex2,2,Float64,false,scaling_and_squaring,NaN,NaN,NaN,NaN,NaN,NaN,1.6923e-5,NaN,NaN,NaN,NaN,NaN,2.220446049250313e-16,2.072142529715632e-11,2.290073952020508e-05,1105172.023246566,given,166666666669.5016,1.00000020000001e14,1.0000000000000198e14,53
kela98_ex2,2,Float64,false,diagonalcheap,transfree,0.0,6.996e-6,0.0018038449999999999,0.000136305,0.000176112,0.002210054,3,16,0,16.2588138714622,74.4664700678436,2.220446049250313e-16,3.603878138395295e-17,3.982909460354305e-11,1105172.023246566,given,166666666669.5016,1.00000020000001e14,1.0000000000000198e14,53
kela98_ex2,2,Float64,false,diagonalcheap,transfree,0.0,5.0940000000000004e-5,0.001016042,0.00017638000000000002,5.0078e-5,0.001358704,17,4,2.338470394697149e-77,62892.85451980713,9.768099706930743e8,1.727233711018889e-77,9.517152496566834e-78,1.051808657019633e-71,1105172.023246566,given,166666666669.5016,1.00000020000001e14,1.0000000000000198e14,256
kela98_ex2,2,Float64,false,diagonalcheap,transfree,0.0,0.00021859699999999998,0.0023787569999999996,0.000525943,0.000171142,0.003396914,49,3,2.16562586460019e-277,126573.3190210309,3.9068784080011773e9,1.331998346195134e-256,9.223839657672375e-258,1.019392744800203e-251,1105172.023246566,given,166666666669.5016,1.00000020000001e14,1.0000000000000198e14,851
kela98_ex2,2,Float64,false,diagonalcheap,complexschur,0.0,6.8939999999999996e-6,0.001680366,0.00012279,0.000157575,0.002059151,3,16,0,16.2588138714622,74.4664700678436,2.220446049250313e-16,3.603878138395295e-17,3.982909460354305e-11,1105172.023246566,given,166666666669.5016,1.00000020000001e14,1.0000000000000198e14,53
kela98_ex2,2,Float64,false,diagonalcheap,complexschur,0.0,6.912499999999999e-5,0.0014259860000000002,0.00023825,8.7209e-5,0.001908208,17,4,2.338470394697149e-77,62892.85451980713,9.768099706930743e8,1.727233711018889e-77,9.517152496566834e-78,1.051808657019633e-71,1105172.023246566,given,166666666669.5016,1.00000020000001e14,1.0000000000000198e14,256
kela98_ex2,2,Float64,false,diagonalcheap,complexschur,0.0,0.000313768,0.003401932,0.000565828,0.000162675,0.004559487,49,3,2.16562586460019e-277,126573.3190210309,3.9068784080011773e9,1.331998346195134e-256,9.223839657672375e-258,1.019392744800203e-251,1105172.023246566,given,166666666669.5016,1.00000020000001e14,1.0000000000000198e14,851
kela98_ex2,2,Float64,false,diagonalcheap,realschur,0.0,6.312e-6,0.0016284670000000002,0.00010553400000000001,0.00014473,0.00196041,3,16,0,16.2588138714622,74.4664700678436,2.220446049250313e-16,3.603878138395295e-17,3.982909460354305e-11,1105172.023246566,given,166666666669.5016,1.00000020000001e14,1.0000000000000198e14,53
kela98_ex2,2,Float64,false,diagonalcheap,realschur,0.0,4.7992e-5,0.0009804780000000001,0.000153218,5.0447e-5,0.001297354,17,4,2.338470394697149e-77,62892.85451980713,9.768099706930743e8,1.727233711018889e-77,9.517152496566834e-78,1.051808657019633e-71,1105172.023246566,given,166666666669.5016,1.00000020000001e14,1.0000000000000198e14,256
kela98_ex2,2,Float64,false,diagonalcheap,realschur,0.0,0.000209936,0.002124799999999999,0.000339687,9.8871e-5,0.002872778,49,3,2.16562586460019e-277,126573.3190210309,3.9068784080011773e9,1.331998346195134e-256,9.223839657672375e-258,1.019392744800203e-251,1105172.023246566,given,166666666669.5016,1.00000020000001e14,1.0000000000000198e14,851
kela98_ex2,2,Float64,false,taylor,transfree,0.0,4.7791e-5,0.0002938669999999999,6.8224e-5,6.603e-6,0.000468158,20,1,2.164934898019055e-15,525636.4679377604,1,2.220446049250313e-16,3.603878138395295e-17,3.982909460354305e-11,1105172.023246566,given,166666666669.5016,1.00000020000001e14,1.0000000000000198e14,53
kela98_ex2,2,Float64,false,taylor,transfree,0.0,8.283900000000001e-5,0.00043763700000000005,8.2182e-5,1.3215e-5,0.000670049,49,1,3.217344115825659e-74,525636.4679377604,1,1.727233711018889e-77,9.517152496566834e-78,1.051808657019633e-71,1105172.023246566,given,166666666669.5016,1.00000020000001e14,1.0000000000000198e14,256
kela98_ex2,2,Float64,false,taylor,transfree,0.0,0.00039609000000000004,0.0028824629999999996,0.000255005,0.000213203,0.003843409,90,4,1.242483500695232e-268,62892.85451980713,1,1.331998346195134e-256,9.223839657672375e-258,1.019392744800203e-251,1105172.023246566,given,166666666669.5016,1.00000020000001e14,1.0000000000000198e14,851
kela98_ex2,2,Float64,false,taylor,complexschur,0.0,5.8613e-5,0.000342514,6.5145e-5,1.2073e-5,0.000546169,20,1,2.164934898019055e-15,525636.4679377604,1,2.220446049250313e-16,3.603878138395295e-17,3.982909460354305e-11,1105172.023246566,given,166666666669.5016,1.00000020000001e14,1.0000000000000198e14,53
kela98_ex2,2,Float64,false,taylor,complexschur,0.0,0.00013990900000000002,0.0007466600000000002,0.000132395,2.2794e-5,0.001118688,49,1,3.217344115825659e-74,525636.4679377604,1,1.727233711018889e-77,9.517152496566834e-78,1.051808657019633e-71,1105172.023246566,given,166666666669.5016,1.00000020000001e14,1.0000000000000198e14,256
kela98_ex2,2,Float64,false,taylor,complexschur,0.0,0.00039824300000000006,0.002957279,0.029364684,0.001080424,0.033937378,90,4,1.242483500695232e-268,62892.85451980713,1,1.331998346195134e-256,9.223839657672375e-258,1.019392744800203e-251,1105172.023246566,given,166666666669.5016,1.00000020000001e14,1.0000000000000198e14,851
kela98_ex2,2,Float64,false,taylor,realschur,0.0,5.8701000000000006e-5,0.00041178000000000005,5.822300000000001e-5,6.693e-6,0.000609231,20,1,2.164934898019055e-15,525636.4679377604,1,2.220446049250313e-16,3.603878138395295e-17,3.982909460354305e-11,1105172.023246566,given,166666666669.5016,1.00000020000001e14,1.0000000000000198e14,53
kela98_ex2,2,Float64,false,taylor,realschur,0.0,9.210699999999999e-5,0.000525237,8.182999999999998e-5,1.3456e-5,0.000767668,49,1,3.217344115825659e-74,525636.4679377604,1,1.727233711018889e-77,9.517152496566834e-78,1.051808657019633e-71,1105172.023246566,given,166666666669.5016,1.00000020000001e14,1.0000000000000198e14,256
kela98_ex2,2,Float64,false,taylor,realschur,0.0,0.00028493100000000004,0.0025810340000000003,0.00023954599999999999,0.000206902,0.003404869,90,4,1.242483500695232e-268,62892.85451980713,1,1.331998346195134e-256,9.223839657672375e-258,1.019392744800203e-251,1105172.023246566,given,166666666669.5016,1.00000020000001e14,1.0000000000000198e14,851
kela98_p655,5,Float64,false,scaling_and_squaring,NaN,NaN,NaN,NaN,NaN,NaN,2.7463e-5,NaN,NaN,NaN,NaN,NaN,2.220446049250313e-16,1.520189385737202e-09,1.862645149230957e-09,1,mpmath_1792,55735818.84366851,Inf,Inf,53
kela98_p655,5,Float64,false,diagonalcheap,transfree,0.0,0.00017437800000000002,0.0029056810000000002,0.0004705120000000001,0.000496933,0.004157579,31,22,6.054033703667876e-16,4.711008528077028,56.21346380138703,2.220446049250313e-16,1.872223164558569e-16,2.220446049250313e-16,1,mpmath_1792,55735818.84366851,Inf,Inf,53
kela98_p655,5,Float64,false,diagonalcheap,transfree,0.0,0.000261927,0.0042067369999999995,0.000664217,0.000865728,0.006121765,43,22,3.587916100975019e-82,4.711008528077028,56.96994989717099,1.727233711018889e-77,2.262364893255004e-17,4.20534917652815e-17,1,mpmath_1792,55735818.84366851,Inf,Inf,256
kela98_p655,5,Float64,false,diagonalcheap,transfree,0.0,0.000755537,0.012574057000000007,0.0018590950000000003,0.002160768,0.017575444,91,22,1.46558541351328e-257,4.711008528077031,58.00586873240444,1.331998346195134e-256,2.262364893255004e-17,4.20534917652815e-17,1,mpmath_1792,55735818.84366851,Inf,Inf,851
kela98_p655,5,Float64,false,diagonalcheap,complexschur,0.0,0.000198408,0.003096841999999999,0.00046639500000000004,0.000512794,0.004402944,31,22,6.054033703667876e-16,4.711008528077028,56.21346380138703,2.220446049250313e-16,1.872223164558569e-16,2.220446049250313e-16,1,mpmath_1792,55735818.84366851,Inf,Inf,53
kela98_p655,5,Float64,false,diagonalcheap,complexschur,0.0,0.000297403,0.003991518,0.000659878,0.000888933,0.00596947,43,22,3.587916100975019e-82,4.711008528077028,56.96994989717099,1.727233711018889e-77,2.262364893255004e-17,4.20534917652815e-17,1,mpmath_1792,55735818.84366851,Inf,Inf,256
kela98_p655,5,Float64,false,diagonalcheap,complexschur,0.0,0.0008081,0.015082494000000009,0.002594366,0.003267483,0.022033234,91,22,1.46558541351328e-257,4.711008528077031,58.00586873240444,1.331998346195134e-256,2.262364893255004e-17,4.20534917652815e-17,1,mpmath_1792,55735818.84366851,Inf,Inf,851
kela98_p655,5,Float64,false,diagonalcheap,realschur,0.0,0.00033520999999999996,0.007607217000000001,0.000760427,0.000875918,0.009750429,31,22,6.054033703667876e-16,4.711008528077028,56.21346380138703,2.220446049250313e-16,1.872223164558569e-16,2.220446049250313e-16,1,mpmath_1792,55735818.84366851,Inf,Inf,53
kela98_p655,5,Float64,false,diagonalcheap,realschur,0.0,0.000385006,0.007443349,0.000702221,0.000985109,0.00969487,43,22,3.587916100975019e-82,4.711008528077028,56.96994989717099,1.727233711018889e-77,2.262364893255004e-17,4.20534917652815e-17,1,mpmath_1792,55735818.84366851,Inf,Inf,256
kela98_p655,5,Float64,false,diagonalcheap,realschur,0.0,0.0005666850000000001,0.007694982,0.001656178,0.002127183,0.012234803,91,22,1.46558541351328e-257,4.711008528077031,58.00586873240444,1.331998346195134e-256,2.262364893255004e-17,4.20534917652815e-17,1,mpmath_1792,55735818.84366851,Inf,Inf,851
kela98_p655,5,Float64,false,taylor,transfree,0.0,0.0004278070000000001,0.012463054999999994,0.000364099,0.00088225,0.014108394,30,23,1.110223024625157e-16,2.17048577996763,1,2.220446049250313e-16,1.012876126454174e-16,2.220988150336556e-16,1,mpmath_1792,55735818.84366851,Inf,Inf,53
kela98_p655,5,Float64,false,taylor,transfree,0.0,0.000449632,0.006023829,0.000539582,0.001380927,0.008355885,42,27,0,1.049626553750315,1,1.727233711018889e-77,2.262364893255004e-17,4.20534917652815e-17,1,mpmath_1792,55735818.84366851,Inf,Inf,256
kela98_p655,5,Float64,false,taylor,transfree,0.0,0.000563721,0.007066004,0.000702593,0.002714471,0.011046871,81,30,9.903229158891207e-261,1.00607266907169,1,1.331998346195134e-256,2.262364893255004e-17,4.20534917652815e-17,1,mpmath_1792,55735818.84366851,Inf,Inf,851
kela98_p655,5,Float64,false,taylor,complexschur,0.0,0.000296013,0.0027742739999999998,0.00025447799999999993,0.000530267,0.00381827,30,23,1.110223024625157e-16,2.17048577996763,1,2.220446049250313e-16,1.012876126454174e-16,2.220988150336556e-16,1,mpmath_1792,55735818.84366851,Inf,Inf,53
kela98_p655,5,Float64,false,taylor,complexschur,0.0,0.00028925399999999997,0.0038465230000000006,0.000345199,0.001036929,0.005511994,42,27,0,1.049626553750315,1,1.727233711018889e-77,2.262364893255004e-17,4.20534917652815e-17,1,mpmath_1792,55735818.84366851,Inf,Inf,256
kela98_p655,5,Float64,false,taylor,complexschur,0.0,0.0003560239999999999,0.006405698999999995,0.0006697650000000001,0.004453532,0.011917539,81,30,9.903229158891207e-261,1.00607266907169,1,1.331998346195134e-256,2.262364893255004e-17,4.20534917652815e-17,1,mpmath_1792,55735818.84366851,Inf,Inf,851
kela98_p655,5,Float64,false,taylor,realschur,0.0,0.000552689,0.0050216149999999975,0.0004545590000000001,0.000965241,0.006925703,30,23,1.110223024625157e-16,2.17048577996763,1,2.220446049250313e-16,1.012876126454174e-16,2.220988150336556e-16,1,mpmath_1792,55735818.84366851,Inf,Inf,53
kela98_p655,5,Float64,false,taylor,realschur,0.0,0.00037579900000000007,0.005831675999999998,0.00043081099999999986,0.001173285,0.007771583,42,27,0,1.049626553750315,1,1.727233711018889e-77,2.262364893255004e-17,4.20534917652815e-17,1,mpmath_1792,55735818.84366851,Inf,Inf,256
kela98_p655,5,Float64,false,taylor,realschur,0.0,0.000573381,0.03862774499999999,0.0008603719999999999,0.003071754,0.043170844,81,30,9.903229158891207e-261,1.00607266907169,1,1.331998346195134e-256,2.262364893255004e-17,4.20534917652815e-17,1,mpmath_1792,55735818.84366851,Inf,Inf,851
dipa00_ex3.10,8,Float64,false,scaling_and_squaring,NaN,NaN,NaN,NaN,NaN,NaN,3.1401e-5,NaN,NaN,NaN,NaN,NaN,2.220446049250313e-16,1.629068414681562e-16,1.16415599382691e-10,535960.8744589885,mpmath_1792,40538365881.25993,Inf,Inf,53
dipa00_ex3.10,8,Float64,false,diagonalcheap,transfree,0.0,8.587e-6,0.0029347360000000007,0.0004662050000000001,0.000812314,0.004442089,3,15,5.987848751919845e-17,16.2587989816152,74.46657836051844,2.220446049250313e-16,1.510898971674745e-12,9.767250654102444e-07,535960.8744589885,mpmath_1792,40538365881.25993,Inf,Inf,53
dipa00_ex3.10,8,Float64,false,diagonalcheap,transfree,0.0,0.000183155,0.0021315110000000004,0.001184607,0.000355319,0.004050621,17,5,8.044244289786955e-81,15627.08454902508,6.105300034879395e7,1.727233711018889e-77,5.771053847164007e-17,3.093057896572218e-11,535960.8744589885,mpmath_1792,40538365881.25993,Inf,Inf,256
dipa00_ex3.10,8,Float64,false,diagonalcheap,transfree,0.0,0.000469487,0.004746307000000001,0.002963594,0.000513355,0.008980045,49,4,2.690313828469477e-277,31259.6163992865,2.44205935011957e8,1.331998346195134e-256,5.771053847164007e-17,3.093057896572218e-11,535960.8744589885,mpmath_1792,40538365881.25993,Inf,Inf,851
dipa00_ex3.10,8,Float64,false,diagonalcheap,complexschur,0.000245265,5.571999999999999e-6,0.003358204,0.000980684,0.00414301,0.009673008,3,15,5.987838428767232e-17,16.25876922727164,74.46644997887677,2.220446049250313e-16,9.405430877553855e-17,8.731161627029138e-11,535960.8744589885,mpmath_1792,40538365881.25993,Inf,Inf,53
dipa00_ex3.10,8,Float64,false,diagonalcheap,complexschur,0.000400807,0.00020589,0.0024330050000000002,0.003500985,0.001628606,0.009098996,17,5,8.04422868758771e-81,15627.0543876387,6.105288193355921e7,1.727233711018889e-77,5.771053847164007e-17,3.093057896572218e-11,535960.8744589885,mpmath_1792,40538365881.25993,Inf,Inf,256
dipa00_ex3.10,8,Float64,false,diagonalcheap,complexschur,0.000788538,0.000672685,0.0059852060000000025,0.009501717,0.002096854,0.020129585,49,4,2.690308636521354e-277,31259.55668298656,2.4420546372695956e8,1.331998346195134e-256,5.771053847164007e-17,3.093057896572218e-11,535960.8744589885,mpmath_1792,40538365881.25993,Inf,Inf,851
dipa00_ex3.10,8,Float64,false,diagonalcheap,realschur,0.00027341,5.271e-6,0.002448994,0.000405169,0.001206598,0.004703727,3,15,5.987838428767232e-17,16.25876922727164,74.46644997887677,2.220446049250313e-16,9.405430877553855e-17,8.731161627029138e-11,535960.8744589885,mpmath_1792,40538365881.25993,Inf,Inf,53
dipa00_ex3.10,8,Float64,false,diagonalcheap,realschur,0.000402871,0.00015869700000000002,0.0020657150000000005,0.001118005,0.000563772,0.004647769,17,5,8.04422868758771e-81,15627.0543876387,6.105288193355921e7,1.727233711018889e-77,5.771053847164007e-17,3.093057896572218e-11,535960.8744589885,mpmath_1792,40538365881.25993,Inf,Inf,256
dipa00_ex3.10,8,Float64,false,diagonalcheap,realschur,0.000772788,0.0004974649999999999,0.020142562999999995,0.0031407149999999997,0.001041639,0.026090449,49,4,2.690308636521354e-277,31259.55668298656,2.4420546372695956e8,1.331998346195134e-256,5.771053847164007e-17,3.093057896572218e-11,535960.8744589885,mpmath_1792,40538365881.25993,Inf,Inf,851
dipa00_ex3.10,8,Float64,false,taylor,transfree,0.0,0.000176029,0.000983456,0.000679598,0.000117157,0.002155709,20,2,3.103683976490856e-12,125551.2051998286,1,2.220446049250313e-16,2.547002721979369e-16,2.037268687082872e-10,535960.8744589885,mpmath_1792,40538365881.25993,Inf,Inf,53
dipa00_ex3.10,8,Float64,false,taylor,transfree,0.0,0.00045100300000000006,0.00135811,0.0015969080000000002,0.000146394,0.003741823,56,2,1.029511517893606e-84,125551.2051998286,1,1.727233711018889e-77,5.771053847164007e-17,3.093057896572218e-11,535960.8744589885,mpmath_1792,40538365881.25993,Inf,Inf,256
dipa00_ex3.10,8,Float64,false,taylor,transfree,0.0,0.0006545589999999998,0.004139886000000001,0.0032569310000000002,0.000795001,0.009128613,90,6,1.498549410982231e-273,7813.639362250317,1,1.331998346195134e-256,5.771053847164007e-17,3.093057896572218e-11,535960.8744589885,mpmath_1792,40538365881.25993,Inf,Inf,851
dipa00_ex3.10,8,Float64,false,taylor,complexschur,0.000237039,0.00020200399999999999,0.001036911,0.0021801639999999996,0.000570285,0.005014629,20,2,3.103683976490856e-12,125550.9802253428,1,2.220446049250313e-16,1.957896566760199e-16,1.164155438715397e-10,535960.8744589885,mpmath_1792,40538365881.25993,Inf,Inf,53
dipa00_ex3.10,8,Float64,false,taylor,complexschur,0.000403392,0.000647888,0.0016310700000000005,0.004713147,0.000679727,0.008951029,56,2,1.029511517893606e-84,125550.9802253428,1,1.727233711018889e-77,5.771053847164007e-17,3.093057896572218e-11,535960.8744589885,mpmath_1792,40538365881.25993,Inf,Inf,256
dipa00_ex3.10,8,Float64,false,taylor,complexschur,0.000812455,0.001041798,0.0053134259999999996,0.0076784620000000005,0.013117234,0.029010328,90,6,1.498549410982231e-273,7813.624204976139,1,1.331998346195134e-256,5.771053847164007e-17,3.093057896572218e-11,535960.8744589885,mpmath_1792,40538365881.25993,Inf,Inf,851
dipa00_ex3.10,8,Float64,false,taylor,realschur,0.000223553,0.000189287,0.000909405,0.0005965949999999999,0.000148097,0.002352129,20,2,3.103683976490856e-12,125550.9802253428,1,2.220446049250313e-16,1.957896566760199e-16,1.164155438715397e-10,535960.8744589885,mpmath_1792,40538365881.25993,Inf,Inf,53
dipa00_ex3.10,8,Float64,false,taylor,realschur,0.000377521,0.00045832800000000003,0.0013877590000000003,0.001428679,0.000223202,0.004193467,56,2,1.029511517893606e-84,125550.9802253428,1,1.727233711018889e-77,5.771053847164007e-17,3.093057896572218e-11,535960.8744589885,mpmath_1792,40538365881.25993,Inf,Inf,256
dipa00_ex3.10,8,Float64,false,taylor,realschur,0.000765845,0.000611835,0.004032557000000001,0.0025970410000000005,0.000936956,0.009318651,90,6,1.498549410982231e-273,7813.624204976139,1,1.331998346195134e-256,5.771053847164007e-17,3.093057896572218e-11,535960.8744589885,mpmath_1792,40538365881.25993,Inf,Inf,851
rosser8,8,Float64,true,scaling_and_squaring,NaN,NaN,NaN,NaN,NaN,NaN,5.712e-5,NaN,NaN,NaN,NaN,NaN,2.220446049250313e-16,4.30286587280271e-16,1.192947650385801e-15,1.283580034198481,mpmath_1792,0.1744559289224141,6.6895721217389384e16,2.217003030771888e16,53
rosser8,8,Float64,true,diagonalcheap,transfree,0.000828666,0.0,0.0,0.0,0.0,0.000997563,NaN,NaN,NaN,NaN,NaN,2.220446049250313e-16,2.286013339420986e-16,6.845652517073475e-16,1.283580034198481,mpmath_1792,0.1744559289224141,6.6895721217389384e16,2.217003030771888e16,53
rosser8,8,Float64,true,diagonalcheap,transfree,0.002386134,0.0,0.0,0.0,0.0,0.002603035,NaN,NaN,NaN,NaN,NaN,1.727233711018889e-77,6.155984025015614e-17,1.131347027105749e-16,1.283580034198481,mpmath_1792,0.1744559289224141,6.6895721217389384e16,2.217003030771888e16,256
rosser8,8,Float64,true,diagonalcheap,transfree,0.005969079,0.0,0.0,0.0,0.0,0.006332374,NaN,NaN,NaN,NaN,NaN,1.331998346195134e-256,6.155984025015614e-17,1.131347027105749e-16,1.283580034198481,mpmath_1792,0.1744559289224141,6.6895721217389384e16,2.217003030771888e16,851
rosser8,8,Float64,true,diagonalcheap,complexschur,0.000549154,1.303e-6,0.000730635,0.00132066,6.0e-8,0.003296118,5,0,7.624198897914118e-18,1.206102818545352,1.2061028185453517,2.220446049250313e-16,9.34860920411897e-16,4.266769229599454e-15,1.283580034198481,mpmath_1792,0.1744559289224141,6.6895721217389384e16,2.217003030771888e16,53
rosser8,8,Float64,true,diagonalcheap,complexschur,0.001682661,0.000341651,0.0019632860000000003,0.004164341,4.0e-8,0.008932172,21,0,0,1.206102818545352,1.2061028185453522,1.727233711018889e-77,6.155984025015614e-17,1.131347027105749e-16,1.283580034198481,mpmath_1792,0.1744559289224141,6.6895721217389384e16,2.217003030771888e16,256
rosser8,8,Float64,true,diagonalcheap,complexschur,0.003985445,0.000761145,0.006409151000000001,0.008002923,3.0e-8,0.020076683,49,0,5.106853155383104e-257,1.206102818545352,1.206102818545352,1.331998346195134e-256,6.155984025015614e-17,1.131347027105749e-16,1.283580034198481,mpmath_1792,0.1744559289224141,6.6895721217389384e16,2.217003030771888e16,851
rosser8,8,Float64,true,diagonalcheap,realschur,0.000631144,1.713e-6,0.000834557,0.000414324,3.0e-8,0.002058129,5,0,7.624198897914118e-18,1.206102818545352,1.2061028185453517,2.220446049250313e-16,9.34860920411897e-16,4.266769229599454e-15,1.283580034198481,mpmath_1792,0.1744559289224141,6.6895721217389384e16,2.217003030771888e16,53
rosser8,8,Float64,true,diagonalcheap,realschur,0.001708361,0.000327794,0.001796181,0.0013348770000000002,4.0e-8,0.005482876,21,0,0,1.206102818545352,1.2061028185453522,1.727233711018889e-77,6.155984025015614e-17,1.131347027105749e-16,1.283580034198481,mpmath_1792,0.1744559289224141,6.6895721217389384e16,2.217003030771888e16,256
rosser8,8,Float64,true,diagonalcheap,realschur,0.019787972,0.00037622999999999997,0.0033297039999999993,0.0024179759999999996,6.0e-8,0.026297259,49,0,5.106853155383104e-257,1.206102818545352,1.206102818545352,1.331998346195134e-256,6.155984025015614e-17,1.131347027105749e-16,1.283580034198481,mpmath_1792,0.1744559289224141,6.6895721217389384e16,2.217003030771888e16,851
rosser8,8,Float64,true,taylor,transfree,0.00080496,0.0,0.0,0.0,0.0,0.000955352,NaN,NaN,NaN,NaN,NaN,2.220446049250313e-16,2.286013339420986e-16,6.845652517073475e-16,1.283580034198481,mpmath_1792,0.1744559289224141,6.6895721217389384e16,2.217003030771888e16,53
rosser8,8,Float64,true,taylor,transfree,0.00261035,0.0,0.0,0.0,0.0,0.002843491,NaN,NaN,NaN,NaN,NaN,1.727233711018889e-77,6.155984025015614e-17,1.131347027105749e-16,1.283580034198481,mpmath_1792,0.1744559289224141,6.6895721217389384e16,2.217003030771888e16,256
rosser8,8,Float64,true,taylor,transfree,0.010408934,0.0,0.0,0.0,0.0,0.011048073,NaN,NaN,NaN,NaN,NaN,1.331998346195134e-256,6.155984025015614e-17,1.131347027105749e-16,1.283580034198481,mpmath_1792,0.1744559289224141,6.6895721217389384e16,2.217003030771888e16,851
rosser8,8,Float64,true,taylor,complexschur,0.000558483,0.00019957700000000002,0.0005857770000000001,0.001518864,3.1e-8,0.003677908,12,0,6.938893903907228e-18,1.206049448553734,1,2.220446049250313e-16,9.34860920411897e-16,4.266769229599454e-15,1.283580034198481,mpmath_1792,0.1744559289224141,6.6895721217389384e16,2.217003030771888e16,53
rosser8,8,Float64,true,taylor,complexschur,0.002070784,0.00061923,0.0010353910000000003,0.0038326169999999995,4.0e-8,0.008471729,42,0,2.059023035787212e-84,1.206049448553734,1,1.727233711018889e-77,6.155984025015614e-17,1.131347027105749e-16,1.283580034198481,mpmath_1792,0.1744559289224141,6.6895721217389384e16,2.217003030771888e16,256
rosser8,8,Float64,true,taylor,complexschur,0.003890871,0.000955862,0.003618980000000001,0.019865921,0.001290832,0.030958172,90,2,7.991453054671483e-262,1.047963322454197,1,1.331998346195134e-256,6.155984025015614e-17,1.131347027105749e-16,1.283580034198481,mpmath_1792,0.1744559289224141,6.6895721217389384e16,2.217003030771888e16,851
rosser8,8,Float64,true,taylor,realschur,0.000825961,0.00013413999999999999,0.0005645560000000002,0.000334958,4.0e-8,0.002029473,12,0,6.938893903907228e-18,1.206049448553734,1,2.220446049250313e-16,9.34860920411897e-16,4.266769229599454e-15,1.283580034198481,mpmath_1792,0.1744559289224141,6.6895721217389384e16,2.217003030771888e16,53
rosser8,8,Float64,true,taylor,realschur,0.001143596,0.0003669140000000001,0.000881408,0.0008819589999999999,3.0e-8,0.003484424,42,0,2.059023035787212e-84,1.206049448553734,1,1.727233711018889e-77,6.155984025015614e-17,1.131347027105749e-16,1.283580034198481,mpmath_1792,0.1744559289224141,6.6895721217389384e16,2.217003030771888e16,256
rosser8,8,Float64,true,taylor,realschur,0.002711105,0.0005264380000000001,0.0022430679999999995,0.0019970419999999997,0.00042318,0.008324886,90,2,7.991453054671483e-262,1.047963322454197,1,1.331998346195134e-256,6.155984025015614e-17,1.131347027105749e-16,1.283580034198481,mpmath_1792,0.1744559289224141,6.6895721217389384e16,2.217003030771888e16,851
cos_sin_x100,2,Float64,false,scaling_and_squaring,NaN,NaN,NaN,NaN,NaN,NaN,1.9969e-5,NaN,NaN,NaN,NaN,NaN,2.220446049250313e-16,3.164158652356231e-13,3.435585149702547e-13,1.257769757147267,mpmath_1792,9999.999999999998,1.0,1.0,53
cos_sin_x100,2,Float64,false,diagonalcheap,transfree,0.0,0.0005285509999999999,0.006900273000000003,0.000448529,9.4252e-5,0.008085061,91,12,5.316823404853343e-17,1.409082334882068,1.644360245374111,2.220446049250313e-16,0,0,1.257769757147267,mpmath_1792,9999.999999999998,1.0,1.0,53
cos_sin_x100,2,Float64,false,diagonalcheap,transfree,0.0,0.00039287199999999995,0.004701618,0.000488972,0.000123589,0.005797877,91,10,8.632670693979618e-80,1.276757373308011,1.334285522597483,1.727233711018889e-77,4.139000904272546e-17,5.142812191584519e-17,1.257769757147267,mpmath_1792,9999.999999999998,1.0,1.0,256
cos_sin_x100,2,Float64,false,diagonalcheap,transfree,0.0,0.0005737310000000001,0.008671186000000003,0.0009241200000000001,0.000454671,0.010766577,91,11,3.924180614645178e-263,1.155112774839531,1.9855130264766998,1.331998346195134e-256,4.139000904272546e-17,5.142812191584519e-17,1.257769757147267,mpmath_1792,9999.999999999998,1.0,1.0,851
cos_sin_x100,2,Float64,false,diagonalcheap,complexschur,6.7301e-5,0.0,0.0,0.0,0.0,0.000120353,0,0,NaN,NaN,1,2.220446049250313e-16,1.819023939292363e-12,2.287892097996291e-12,1.257769757147267,mpmath_1792,9999.999999999998,1.0,1.0,53
cos_sin_x100,2,Float64,false,diagonalcheap,complexschur,5.3012e-5,0.0,0.0,0.0,0.0,0.000112989,0,0,NaN,NaN,1,1.727233711018889e-77,4.139000904272546e-17,5.142812191584519e-17,1.257769757147267,mpmath_1792,9999.999999999998,1.0,1.0,256
cos_sin_x100,2,Float64,false,diagonalcheap,complexschur,6.3873e-5,0.0,0.0,0.0,0.0,0.000152996,0,0,NaN,NaN,1,1.331998346195134e-256,4.139000904272546e-17,5.142812191584519e-17,1.257769757147267,mpmath_1792,9999.999999999998,1.0,1.0,851
cos_sin_x100,2,Float64,false,diagonalcheap,realschur,0.0,0.000457346,0.006006940000000001,0.00047806700000000004,9.2359e-5,0.00714629,91,12,5.316823404853343e-17,1.409082334882068,1.644360245374111,2.220446049250313e-16,0,0,1.257769757147267,mpmath_1792,9999.999999999998,1.0,1.0,53
cos_sin_x100,2,Float64,false,diagonalcheap,realschur,0.0,0.0006036800000000001,0.006929587,0.0008733370000000001,0.000234564,0.008783524,91,10,8.632670693979618e-80,1.276757373308011,1.334285522597483,1.727233711018889e-77,4.139000904272546e-17,5.142812191584519e-17,1.257769757147267,mpmath_1792,9999.999999999998,1.0,1.0,256
cos_sin_x100,2,Float64,false,diagonalcheap,realschur,0.0,0.0005252569999999999,0.007316580000000003,0.000799936,0.000281145,0.009095979,91,11,3.924180614645178e-263,1.155112774839531,1.9855130264766998,1.331998346195134e-256,4.139000904272546e-17,5.142812191584519e-17,1.257769757147267,mpmath_1792,9999.999999999998,1.0,1.0,851
cos_sin_x100,2,Float64,false,taylor,transfree,0.0,0.000318975,0.0014151779999999998,0.000128775,0.000143698,0.002095652,49,10,0,1958.32371873205,1,2.220446049250313e-16,0,0,1.257769757147267,mpmath_1792,9999.999999999998,1.0,1.0,53
cos_sin_x100,2,Float64,false,taylor,transfree,0.0,0.0005211240000000002,0.0022230080000000003,0.000193225,0.000250526,0.003279767,90,11,3.644833161397663e-78,0.3404064888163104,1,1.727233711018889e-77,4.139000904272546e-17,5.142812191584519e-17,1.257769757147267,mpmath_1792,9999.999999999998,1.0,1.0,256
cos_sin_x100,2,Float64,false,taylor,transfree,0.0,0.000502614,0.004041741,0.000169032,0.000432939,0.005255296,90,18,6.05438497918236e-270,1.03741021393775,1,1.331998346195134e-256,4.139000904272546e-17,5.142812191584519e-17,1.257769757147267,mpmath_1792,9999.999999999998,1.0,1.0,851
cos_sin_x100,2,Float64,false,taylor,complexschur,6.2481e-5,0.0,0.0,0.0,0.0,0.00011845,0,0,NaN,NaN,1,2.220446049250313e-16,1.819023939292363e-12,2.287892097996291e-12,1.257769757147267,mpmath_1792,9999.999999999998,1.0,1.0,53
cos_sin_x100,2,Float64,false,taylor,complexschur,6.1269e-5,0.0,0.0,0.0,0.0,0.000125403,0,0,NaN,NaN,1,1.727233711018889e-77,4.139000904272546e-17,5.142812191584519e-17,1.257769757147267,mpmath_1792,9999.999999999998,1.0,1.0,256
cos_sin_x100,2,Float64,false,taylor,complexschur,7.4384e-5,0.0,0.0,0.0,0.0,0.000145252,0,0,NaN,NaN,1,1.331998346195134e-256,4.139000904272546e-17,5.142812191584519e-17,1.257769757147267,mpmath_1792,9999.999999999998,1.0,1.0,851
cos_sin_x100,2,Float64,false,taylor,realschur,0.0,0.000244263,0.0008659350000000001,8.843599999999999e-5,7.6959e-5,0.001359204,49,10,0,1958.32371873205,1,2.220446049250313e-16,0,0,1.257769757147267,mpmath_1792,9999.999999999998,1.0,1.0,53
cos_sin_x100,2,Float64,false,taylor,realschur,0.0,0.00030941899999999996,0.0012013920000000001,0.000112586,0.000129651,0.001829947,90,11,3.644833161397663e-78,0.3404064888163104,1,1.727233711018889e-77,4.139000904272546e-17,5.142812191584519e-17,1.257769757147267,mpmath_1792,9999.999999999998,1.0,1.0,256
cos_sin_x100,2,Float64,false,taylor,realschur,0.0,0.0004406459999999999,0.004084417,0.000219404,0.000656402,0.005519769,90,18,6.05438497918236e-270,1.03741021393775,1,1.331998346195134e-256,4.139000904272546e-17,5.142812191584519e-17,1.257769757147267,mpmath_1792,9999.999999999998,1.0,1.0,851
nilpotent,4,Float64,false,scaling_and_squaring,NaN,NaN,NaN,NaN,NaN,NaN,2.0159e-5,NaN,NaN,NaN,NaN,NaN,2.220446049250313e-16,7.249674681750745e-15,1.849187469815661e-10,25519.72220376068,mpmath_1792,30588.11878129104,Inf,Inf,53
nilpotent,4,Float64,false,diagonalcheap,transfree,0.0,0.00039261,0.0012851400000000002,0.000211742,6.4575e-5,0.002051335,7,4,0,25.46762273834782,74.01419352475182,2.220446049250313e-16,1.567517762473628e-16,3.637978807091713e-12,25519.72220376068,mpmath_1792,30588.11878129104,Inf,Inf,53
nilpotent,4,Float64,false,diagonalcheap,transfree,0.0,0.000288419,0.000758681,0.000205137,5.0037e-5,0.00138268,7,2,0,448.3294635464797,10853.62784873878,1.727233711018889e-77,3.81714699464849e-17,9.282173173572305e-13,25519.72220376068,mpmath_1792,30588.11878129104,Inf,Inf,256
nilpotent,4,Float64,false,diagonalcheap,transfree,0.0,0.00028619400000000003,0.0008437039999999999,0.000294833,0.00017579,0.001707589,7,2,0,448.3294635464797,10853.62784873878,1.331998346195134e-256,3.81714699464849e-17,9.282173173572305e-13,25519.72220376068,mpmath_1792,30588.11878129104,Inf,Inf,851
nilpotent,4,Float64,false,diagonalcheap,complexschur,0.0,0.00036715,0.000847963,0.000184336,7.0035e-5,0.001560124,7,4,0,25.46762273834782,74.01419352475182,2.220446049250313e-16,1.567517762473628e-16,3.637978807091713e-12,25519.72220376068,mpmath_1792,30588.11878129104,Inf,Inf,53
nilpotent,4,Float64,false,diagonalcheap,complexschur,0.0,0.000287787,0.0007452039999999999,0.00022757199999999997,5.0387e-5,0.001433699,7,2,0,448.3294635464797,10853.62784873878,1.727233711018889e-77,3.81714699464849e-17,9.282173173572305e-13,25519.72220376068,mpmath_1792,30588.11878129104,Inf,Inf,256
nilpotent,4,Float64,false,diagonalcheap,complexschur,0.0,0.000235847,0.0006881439999999998,0.00018633200000000002,5.8093e-5,0.001261004,7,2,0,448.3294635464797,10853.62784873878,1.331998346195134e-256,3.81714699464849e-17,9.282173173572305e-13,25519.72220376068,mpmath_1792,30588.11878129104,Inf,Inf,851
nilpotent,4,Float64,false,diagonalcheap,realschur,0.0,0.00026801099999999997,0.0006251019999999999,0.000133769,3.9055e-5,0.001129479,7,4,0,25.46762273834782,74.01419352475182,2.220446049250313e-16,1.567517762473628e-16,3.637978807091713e-12,25519.72220376068,mpmath_1792,30588.11878129104,Inf,Inf,53
nilpotent,4,Float64,false,diagonalcheap,realschur,0.0,0.000207782,0.000542591,0.000227854,3.4426e-5,0.00110429,7,2,0,448.3294635464797,10853.62784873878,1.727233711018889e-77,3.81714699464849e-17,9.282173173572305e-13,25519.72220376068,mpmath_1792,30588.11878129104,Inf,Inf,256
nilpotent,4,Float64,false,diagonalcheap,realschur,0.0,0.000370048,0.001024305,0.00030338900000000005,0.000105053,0.001937365,7,2,0,448.3294635464797,10853.62784873878,1.331998346195134e-256,3.81714699464849e-17,9.282173173572305e-13,25519.72220376068,mpmath_1792,30588.11878129104,Inf,Inf,851
nilpotent,4,Float64,false,taylor,transfree,0.0,0.00046007999999999997,0.0004913720000000001,0.000114442,3.8314e-5,0.001179336,12,2,0,448.3294635464797,1,2.220446049250313e-16,1.567517762473628e-16,3.637978807091713e-12,25519.72220376068,mpmath_1792,30588.11878129104,Inf,Inf,53
nilpotent,4,Float64,false,taylor,transfree,0.0,0.000470191,0.00048668399999999987,0.00011829899999999999,6.3063e-5,0.001223121,12,2,0,448.3294635464798,1,1.727233711018889e-77,3.81714699464849e-17,9.282173173572305e-13,25519.72220376068,mpmath_1792,30588.11878129104,Inf,Inf,256
nilpotent,4,Float64,false,taylor,transfree,0.0,0.00043292,0.0005513189999999999,0.000142156,0.000104142,0.001336351,12,2,0,448.3294635464798,1,1.331998346195134e-256,3.81714699464849e-17,9.282173173572305e-13,25519.72220376068,mpmath_1792,30588.11878129104,Inf,Inf,851
nilpotent,4,Float64,false,taylor,complexschur,0.0,0.000438449,0.00044153899999999996,0.000127415,4.1109e-5,0.001138777,12,2,0,448.3294635464797,1,2.220446049250313e-16,1.567517762473628e-16,3.637978807091713e-12,25519.72220376068,mpmath_1792,30588.11878129104,Inf,Inf,53
nilpotent,4,Float64,false,taylor,complexschur,0.0,0.000407891,0.0004472649999999999,8.035699999999999e-5,3.3965e-5,0.001042791,12,2,0,448.3294635464798,1,1.727233711018889e-77,3.81714699464849e-17,9.282173173572305e-13,25519.72220376068,mpmath_1792,30588.11878129104,Inf,Inf,256
nilpotent,4,Float64,false,taylor,complexschur,0.0,0.00045156499999999996,0.000553354,0.000148067,9.7428e-5,0.001363633,12,2,0,448.3294635464798,1,1.331998346195134e-256,3.81714699464849e-17,9.282173173572305e-13,25519.72220376068,mpmath_1792,30588.11878129104,Inf,Inf,851
nilpotent,4,Float64,false,taylor,realschur,0.0,0.000309409,0.000376802,0.000101675,2.7753e-5,0.000877241,12,2,0,448.3294635464797,1,2.220446049250313e-16,1.567517762473628e-16,3.637978807091713e-12,25519.72220376068,mpmath_1792,30588.11878129104,Inf,Inf,53
nilpotent,4,Float64,false,taylor,realschur,0.0,0.00027308,0.00029852899999999996,7.0645e-5,3.3255e-5,0.000735906,12,2,0,448.3294635464798,1,1.727233711018889e-77,3.81714699464849e-17,9.282173173572305e-13,25519.72220376068,mpmath_1792,30588.11878129104,Inf,Inf,256
nilpotent,4,Float64,false,taylor,realschur,0.0,0.000262848,0.000346945,8.5014e-5,5.692e-5,0.000834678,12,2,0,448.3294635464798,1,1.331998346195134e-256,3.81714699464849e-17,9.282173173572305e-13,25519.72220376068,mpmath_1792,30588.11878129104,Inf,Inf,851
nilpotent,24,Float64,false,scaling_and_squaring,NaN,NaN,NaN,NaN,NaN,NaN,5.5438e-5,NaN,NaN,NaN,NaN,NaN,2.220446049250313e-16,5.784808447884241e-14,9122226.464225964,1.57228630726296e+20,mpmath_1792,6239487455003.812,Inf,Inf,53
nilpotent,24,Float64,false,diagonalcheap,transfree,0.0,0.000312885,0.004791826,0.010840068,0.009426019,0.026435977,13,7,1.38602674631313e-16,26.40701747531017,62.25179859477165,2.220446049250313e-16,1.100086171527773e-15,139786.0322347879,1.57228630726296e+20,mpmath_1792,6239487455003.812,Inf,Inf,53
nilpotent,24,Float64,false,diagonalcheap,transfree,0.0,0.000875106,0.008573293000000003,0.018233007000000002,0.019436471,0.047924064,31,7,1.018836189449445e-83,26.40701747531017,62.35809106075164,1.727233711018889e-77,4.433566632386538e-17,6209.856255734779,1.57228630726296e+20,mpmath_1792,6239487455003.812,Inf,Inf,256
nilpotent,24,Float64,false,diagonalcheap,transfree,0.0,0.0023516210000000004,0.028129110000000013,0.035404228999999995,0.012191859,0.079571522,73,7,2.376365168625123e-280,26.40701747531017,62.39808341387852,1.331998346195134e-256,4.433566632386538e-17,6209.856255734779,1.57228630726296e+20,mpmath_1792,6239487455003.812,Inf,Inf,851
nilpotent,24,Float64,false,diagonalcheap,complexschur,0.0,0.000374867,0.006357669999999998,0.011791475000000001,0.008532007,0.02814502,13,7,1.38602674631313e-16,26.40701747531017,62.25179859477165,2.220446049250313e-16,1.100086171527773e-15,139786.0322347879,1.57228630726296e+20,mpmath_1792,6239487455003.812,Inf,Inf,53
nilpotent,24,Float64,false,diagonalcheap,complexschur,0.0,0.001077737,0.011010169000000002,0.022050467,0.021859938,0.057237395,31,7,1.018836189449445e-83,26.40701747531017,62.35809106075164,1.727233711018889e-77,4.433566632386538e-17,6209.856255734779,1.57228630726296e+20,mpmath_1792,6239487455003.812,Inf,Inf,256
nilpotent,24,Float64,false,diagonalcheap,complexschur,0.0,0.002041707,0.028226147,0.048022985,0.014482329,0.094377007,73,7,2.376365168625123e-280,26.40701747531017,62.39808341387852,1.331998346195134e-256,4.433566632386538e-17,6209.856255734779,1.57228630726296e+20,mpmath_1792,6239487455003.812,Inf,Inf,851
nilpotent,24,Float64,false,diagonalcheap,realschur,0.0,0.000321243,0.005904390999999998,0.010203036,0.008983692,0.026508858,13,7,1.38602674631313e-16,26.40701747531017,62.25179859477165,2.220446049250313e-16,1.100086171527773e-15,139786.0322347879,1.57228630726296e+20,mpmath_1792,6239487455003.812,Inf,Inf,53
nilpotent,24,Float64,false,diagonalcheap,realschur,0.0,0.001043773,0.009513290000000002,0.030830927,0.01012792,0.052689441,31,7,1.018836189449445e-83,26.40701747531017,62.35809106075164,1.727233711018889e-77,4.433566632386538e-17,6209.856255734779,1.57228630726296e+20,mpmath_1792,6239487455003.812,Inf,Inf,256
nilpotent,24,Float64,false,diagonalcheap,realschur,0.0,0.0019823619999999997,0.020170600000000004,0.043673239,0.013849162,0.089085111,73,7,2.376365168625123e-280,26.40701747531017,62.39808341387852,1.331998346195134e-256,4.433566632386538e-17,6209.856255734779,1.57228630726296e+20,mpmath_1792,6239487455003.812,Inf,Inf,851
nilpotent,24,Float64,false,taylor,transfree,0.0,0.001544063,0.007655068999999998,0.014540017,0.003682908,0.028559813,42,5,1.4210854715202e-14,1461.154092072953,1,2.220446049250313e-16,2.718244539930858e-16,33346.25886642933,1.57228630726296e+20,mpmath_1792,6239487455003.812,Inf,Inf,53
nilpotent,24,Float64,false,taylor,transfree,0.0,0.0017707820000000003,0.006647517999999997,0.031628219,0.005433691,0.046204953,90,6,4.118046071574423e-83,124.9333674070219,1,1.727233711018889e-77,4.433566632386538e-17,6209.856255734779,1.57228630726296e+20,mpmath_1792,6239487455003.812,Inf,Inf,256
nilpotent,24,Float64,false,taylor,transfree,0.0,0.0018565160000000001,0.023960207000000004,0.023010239999999998,0.023015328,0.072884782,90,12,6.880735944643851e-258,1.50456010884178,1,1.331998346195134e-256,4.433566632386538e-17,6209.856255734779,1.57228630726296e+20,mpmath_1792,6239487455003.812,Inf,Inf,851
nilpotent,24,Float64,false,taylor,complexschur,0.0,0.001128489,0.004765129,0.01304607,0.006646843,0.026258914,42,5,1.4210854715202e-14,1461.154092072953,1,2.220446049250313e-16,2.718244539930858e-16,33346.25886642933,1.57228630726296e+20,mpmath_1792,6239487455003.812,Inf,Inf,53
nilpotent,24,Float64,false,taylor,complexschur,0.0,0.0016307910000000001,0.0063432850000000015,0.030749848,0.005291285,0.044735414,90,6,4.118046071574423e-83,124.9333674070219,1,1.727233711018889e-77,4.433566632386538e-17,6209.856255734779,1.57228630726296e+20,mpmath_1792,6239487455003.812,Inf,Inf,256
nilpotent,24,Float64,false,taylor,complexschur,0.0,0.002223078000000001,0.016757330000000004,0.029844330999999995,0.019273043,0.069034019,90,12,6.880735944643851e-258,1.50456010884178,1,1.331998346195134e-256,4.433566632386538e-17,6209.856255734779,1.57228630726296e+20,mpmath_1792,6239487455003.812,Inf,Inf,851
nilpotent,24,Float64,false,taylor,realschur,0.0,0.0008895219999999999,0.0049266549999999985,0.009829604,0.003523368,0.019910099,42,5,1.4210854715202e-14,1461.154092072953,1,2.220446049250313e-16,2.718244539930858e-16,33346.25886642933,1.57228630726296e+20,mpmath_1792,6239487455003.812,Inf,Inf,53
nilpotent,24,Float64,false,taylor,realschur,0.0,0.00193111,0.008967441000000003,0.037316091999999995,0.005326343,0.054292636,90,6,4.118046071574423e-83,124.9333674070219,1,1.727233711018889e-77,4.433566632386538e-17,6209.856255734779,1.57228630726296e+20,mpmath_1792,6239487455003.812,Inf,Inf,256
nilpotent,24,Float64,false,taylor,realschur,0.0,0.0021548170000000007,0.020670897,0.034127563,0.020012597,0.077993362,90,12,6.880735944643851e-258,1.50456010884178,1,1.331998346195134e-256,4.433566632386538e-17,6209.856255734779,1.57228630726296e+20,mpmath_1792,6239487455003.812,Inf,Inf,851
edst03_pascal_chol,4,Float64,false,scaling_and_squaring,NaN,NaN,NaN,NaN,NaN,NaN,2.054e-5,NaN,NaN,NaN,NaN,NaN,2.220446049250313e-16,2.152407416571545e-16,1.887379141862766e-15,8,mpmath_1792,3.642394490085046,Inf,Inf,53
edst03_pascal_chol,4,Float64,false,diagonalcheap,transfree,0.0,8.9051e-5,0.0007292350000000001,0.000230757,5.0e-8,0.001117767,7,0,0,8,11.383136094674557,2.220446049250313e-16,0,0,8,mpmath_1792,3.642394490085046,Inf,Inf,53
edst03_pascal_chol,4,Float64,false,diagonalcheap,transfree,0.0,8.9544e-5,0.0005859630000000001,0.000215139,4.0e-8,0.000938769,7,0,0,8,11.383136094674557,1.727233711018889e-77,0,0,8,mpmath_1792,3.642394490085046,Inf,Inf,256
edst03_pascal_chol,4,Float64,false,diagonalcheap,transfree,0.0,9.8761e-5,0.0009667829999999999,0.00021295300000000002,4.0e-8,0.0013416,7,0,0,8,11.383136094674557,1.331998346195134e-256,0,0,8,mpmath_1792,3.642394490085046,Inf,Inf,851
edst03_pascal_chol,4,Float64,false,diagonalcheap,complexschur,0.0,8.535500000000001e-5,0.000470351,0.000178046,4.1e-8,0.000787456,7,0,0,8,11.383136094674557,2.220446049250313e-16,0,0,8,mpmath_1792,3.642394490085046,Inf,Inf,53
edst03_pascal_chol,4,Float64,false,diagonalcheap,complexschur,0.0,8.8512e-5,0.0004909329999999999,0.00019357500000000003,4.0e-8,0.000825419,7,0,0,8,11.383136094674557,1.727233711018889e-77,0,0,8,mpmath_1792,3.642394490085046,Inf,Inf,256
edst03_pascal_chol,4,Float64,false,diagonalcheap,complexschur,0.0,0.000102027,0.000548235,0.00022812199999999998,4.0e-8,0.000943658,7,0,0,8,11.383136094674557,1.331998346195134e-256,0,0,8,mpmath_1792,3.642394490085046,Inf,Inf,851
edst03_pascal_chol,4,Float64,false,diagonalcheap,realschur,0.0,8.4383e-5,0.000435543,0.000174148,4.0e-8,0.000747037,7,0,0,8,11.383136094674557,2.220446049250313e-16,0,0,8,mpmath_1792,3.642394490085046,Inf,Inf,53
edst03_pascal_chol,4,Float64,false,diagonalcheap,realschur,0.0,8.7501e-5,0.0005119230000000001,0.000156693,4.0e-8,0.000802105,7,0,0,8,11.383136094674557,1.727233711018889e-77,0,0,8,mpmath_1792,3.642394490085046,Inf,Inf,256
edst03_pascal_chol,4,Float64,false,diagonalcheap,realschur,0.0,8.7461e-5,0.0005100580000000001,0.00017658099999999998,3.0e-8,0.000833635,7,0,0,8,11.383136094674557,1.331998346195134e-256,0,0,8,mpmath_1792,3.642394490085046,Inf,Inf,851
edst03_pascal_chol,4,Float64,false,taylor,transfree,0.0,6.2261e-5,0.00019067000000000002,6.9626e-5,3.0e-8,0.000358304,12,0,0,8,1,2.220446049250313e-16,0,0,8,mpmath_1792,3.642394490085046,Inf,Inf,53
edst03_pascal_chol,4,Float64,false,taylor,transfree,0.0,6.9164e-5,0.00020916500000000003,6.8162e-5,4.0e-8,0.000383653,12,0,0,8,1,1.727233711018889e-77,0,0,8,mpmath_1792,3.642394490085046,Inf,Inf,256
edst03_pascal_chol,4,Float64,false,taylor,transfree,0.0,9.1166e-5,0.00025163899999999995,9.859e-5,3.0e-8,0.000497063,12,0,0,8,1,1.331998346195134e-256,0,0,8,mpmath_1792,3.642394490085046,Inf,Inf,851
edst03_pascal_chol,4,Float64,false,taylor,complexschur,0.0,9.854199999999999e-5,0.00021406099999999998,8.9134e-5,4.0e-8,0.000454862,12,0,0,8,1,2.220446049250313e-16,0,0,8,mpmath_1792,3.642394490085046,Inf,Inf,53
edst03_pascal_chol,4,Float64,false,taylor,complexschur,0.0,0.000100927,0.000228023,9.6206e-5,3.0e-8,0.000477345,12,0,0,8,1,1.727233711018889e-77,0,0,8,mpmath_1792,3.642394490085046,Inf,Inf,256
edst03_pascal_chol,4,Float64,false,taylor,complexschur,0.0,0.00010568399999999999,0.000312775,0.00011602500000000001,4.0e-8,0.00059853,12,0,0,8,1,1.331998346195134e-256,0,0,8,mpmath_1792,3.642394490085046,Inf,Inf,851
edst03_pascal_chol,4,Float64,false,taylor,realschur,0.0,9.792799999999999e-5,0.000199008,8.5876e-5,4.0e-8,0.000435083,12,0,0,8,1,2.220446049250313e-16,0,0,8,mpmath_1792,3.642394490085046,Inf,Inf,53
edst03_pascal_chol,4,Float64,false,taylor,realschur,0.0,0.00010033399999999999,0.00022245099999999997,9.4774e-5,4.0e-8,0.000466294,12,0,0,8,1,1.727233711018889e-77,0,0,8,mpmath_1792,3.642394490085046,Inf,Inf,256
edst03_pascal_chol,4,Float64,false,taylor,realschur,0.0,0.000105414,0.000297097,0.00011391000000000001,4.0e-8,0.000580475,12,0,0,8,1,1.331998346195134e-256,0,0,8,mpmath_1792,3.642394490085046,Inf,Inf,851
edst03_pascal_chol,24,Float64,false,scaling_and_squaring,NaN,NaN,NaN,NaN,NaN,NaN,6.3684e-5,NaN,NaN,NaN,NaN,NaN,2.220446049250313e-16,1.299439147143739e-15,1.078046441005398e-08,8388608,mpmath_1792,234.4541049201939,Inf,Inf,53
edst03_pascal_chol,24,Float64,false,diagonalcheap,transfree,0.0,0.000263561,0.002971981999999999,0.009283600000000001,0.003880872,0.017234022,13,3,1.738404856299474e-16,15.01440119364349,16.25702607468152,2.220446049250313e-16,3.338175283781741e-23,1.110223024625157e-16,8388608,mpmath_1792,234.4541049201939,Inf,Inf,53
edst03_pascal_chol,24,Float64,false,diagonalcheap,transfree,0.0,0.002437586,0.007323662000000002,0.024487138,0.00306448,0.037985502,37,2,1.100028649445302e-78,169.4065894508601,225.36224076780496,1.727233711018889e-77,9.254281053205361e-78,6.128754603827445e-71,8388608,mpmath_1792,234.4541049201939,Inf,Inf,256
edst03_pascal_chol,24,Float64,false,diagonalcheap,transfree,0.0,0.007037753,0.026293299,0.034190086,0.002717086,0.071124328,91,2,3.239855923850482e-278,169.4065894508602,225.42083709746592,1.331998346195134e-256,4.575046097905974e-257,2.461459683859567e-250,8388608,mpmath_1792,234.4541049201939,Inf,Inf,851
edst03_pascal_chol,24,Float64,false,diagonalcheap,complexschur,0.0,0.000261066,0.002939947,0.006427028,0.003757071,0.014366104,13,3,1.738404856299474e-16,15.01440119364349,16.25702607468152,2.220446049250313e-16,3.338175283781741e-23,1.110223024625157e-16,8388608,mpmath_1792,234.4541049201939,Inf,Inf,53
edst03_pascal_chol,24,Float64,false,diagonalcheap,complexschur,0.0,0.0033348429999999997,0.009332644999999999,0.016039178,0.011460262,0.041232845,37,2,1.100028649445302e-78,169.4065894508601,225.36224076780496,1.727233711018889e-77,9.254281053205361e-78,6.128754603827445e-71,8388608,mpmath_1792,234.4541049201939,Inf,Inf,256
edst03_pascal_chol,24,Float64,false,diagonalcheap,complexschur,0.0,0.008635650000000002,0.030658188,0.036054720000000005,0.009543226,0.086126595,91,2,3.239855923850482e-278,169.4065894508602,225.42083709746592,1.331998346195134e-256,4.575046097905974e-257,2.461459683859567e-250,8388608,mpmath_1792,234.4541049201939,Inf,Inf,851
edst03_pascal_chol,24,Float64,false,diagonalcheap,realschur,0.0,0.00043821900000000005,0.00415834,0.010106128,0.003501347,0.019223939,13,3,1.738404856299474e-16,15.01440119364349,16.25702607468152,2.220446049250313e-16,3.338175283781741e-23,1.110223024625157e-16,8388608,mpmath_1792,234.4541049201939,Inf,Inf,53
edst03_pascal_chol,24,Float64,false,diagonalcheap,realschur,0.0,0.0030038429999999995,0.008451410000000001,0.020452497999999996,0.013639556,0.046561874,37,2,1.100028649445302e-78,169.4065894508601,225.36224076780496,1.727233711018889e-77,9.254281053205361e-78,6.128754603827445e-71,8388608,mpmath_1792,234.4541049201939,Inf,Inf,256
edst03_pascal_chol,24,Float64,false,diagonalcheap,realschur,0.0,0.00874962,0.030960129999999995,0.040882897,0.004044479,0.085819791,91,2,3.239855923850482e-278,169.4065894508602,225.42083709746592,1.331998346195134e-256,4.575046097905974e-257,2.461459683859567e-250,8388608,mpmath_1792,234.4541049201939,Inf,Inf,851
edst03_pascal_chol,24,Float64,false,taylor,transfree,0.0,0.002183072,0.004037574,0.013647952,0.002349754,0.023446151,36,2,0,84.82421875,1,2.220446049250313e-16,0,0,8388608,mpmath_1792,234.4541049201939,Inf,Inf,53
edst03_pascal_chol,24,Float64,false,taylor,transfree,0.0,0.004469453000000001,0.005051436999999997,0.030267362,0.001584261,0.042064647,90,2,8.433758354584419e-81,84.82421875,1,1.727233711018889e-77,0,0,8388608,mpmath_1792,234.4541049201939,Inf,Inf,256
edst03_pascal_chol,24,Float64,false,taylor,transfree,0.0,0.005495262999999999,0.030717333000000006,0.025798113,0.017832331,0.081140751,90,9,1.417011256500774e-272,1.045900318205642,1,1.331998346195134e-256,0,0,8388608,mpmath_1792,234.4541049201939,Inf,Inf,851
edst03_pascal_chol,24,Float64,false,taylor,complexschur,0.0,0.001086306,0.002364060999999999,0.007711377000000001,0.001874984,0.013630899,36,2,0,84.82421875,1,2.220446049250313e-16,0,0,8388608,mpmath_1792,234.4541049201939,Inf,Inf,53
edst03_pascal_chol,24,Float64,false,taylor,complexschur,0.0,0.004254847,0.0048136889999999995,0.034293867,0.00154245,0.045543209,90,2,8.433758354584419e-81,84.82421875,1,1.727233711018889e-77,0,0,8388608,mpmath_1792,234.4541049201939,Inf,Inf,256
edst03_pascal_chol,24,Float64,false,taylor,complexschur,0.0,0.00338067,0.010323816999999999,0.030506375,0.010442138,0.055352159,90,9,1.417011256500774e-272,1.045900318205642,1,1.331998346195134e-256,0,0,8388608,mpmath_1792,234.4541049201939,Inf,Inf,851
edst03_pascal_chol,24,Float64,false,taylor,realschur,0.0,0.001072792,0.0025068369999999996,0.007771294000000001,0.001876386,0.013823181,36,2,0,84.82421875,1,2.220446049250313e-16,0,0,8388608,mpmath_1792,234.4541049201939,Inf,Inf,53
edst03_pascal_chol,24,Float64,false,taylor,realschur,0.0,0.004200625,0.004934238,0.031038568000000002,0.001539544,0.042382312,90,2,8.433758354584419e-81,84.82421875,1,1.727233711018889e-77,0,0,8388608,mpmath_1792,234.4541049201939,Inf,Inf,256
edst03_pascal_chol,24,Float64,false,taylor,realschur,0.0,0.004263535,0.012108142999999997,0.031623207,0.010308339,0.059014678,90,9,1.417011256500774e-272,1.045900318205642,1,1.331998346195134e-256,0,0,8388608,mpmath_1792,234.4541049201939,Inf,Inf,851
kela89_206,4,Int64,false,scaling_and_squaring,NaN,NaN,NaN,NaN,NaN,NaN,2.554e-5,NaN,NaN,NaN,NaN,NaN,2.220446049250313e-16,4.171487301752606e-14,1.477618027934113e-11,245.994433163083,mpmath_1792,3303.306709370389,133926.00000021697,106351.05198481647,53
kela89_206,4,Int64,false,diagonalcheap,transfree,0.0,2.735e-6,0.0011199619999999997,0.000222791,2.7283e-5,0.001446674,9,4,0,11.55461927596276,51.17831459202676,2.220446049250313e-16,3.92193776220722e-14,1.854827402780757e-11,245.994433163083,mpmath_1792,3303.306709370389,133926.00000021697,106351.05198481647,53
kela89_206,4,Int64,false,diagonalcheap,transfree,0.0,0.000197183,0.0016557020000000002,0.000448968,1.0951e-5,0.002384732,37,1,1.389288781239634e-82,100.001894758444,3129.2616464509024,1.727233711018889e-77,2.792908945566399e-17,9.062948117993886e-15,245.994433163083,mpmath_1792,3303.306709370389,133926.00000021697,106351.05198481647,256
kela89_206,4,Int64,false,diagonalcheap,transfree,0.0,0.0003833430000000001,0.0036720579999999993,0.000973156,2.0099e-5,0.005155141,81,1,9.176778706999484e-268,100.0018947584454,3176.597211777491,1.331998346195134e-256,2.792908945566399e-17,9.062948117993886e-15,245.994433163083,mpmath_1792,3303.306709370389,133926.00000021697,106351.05198481647,851
kela89_206,4,Int64,false,diagonalcheap,complexschur,0.000734604,2.765e-6,0.000874306,0.000367431,0.000163928,0.002289728,9,4,4.14284054716336e-17,10.72794218707674,40.22272113120368,2.220446049250313e-16,5.313114693616107e-14,1.355138223857466e-11,245.994433163083,mpmath_1792,3303.306709370389,133926.00000021697,106351.05198481647,53
kela89_206,4,Int64,false,diagonalcheap,complexschur,0.005451295,0.000453499,0.0031347250000000005,0.001763586,0.0001289,0.011281866,37,1,1.714427225370617e-81,139.8957436242396,6256.365431019927,1.727233711018889e-77,2.792908945566399e-17,9.062948117993886e-15,245.994433163083,mpmath_1792,3303.306709370389,133926.00000021697,106351.05198481647,256
kela89_206,4,Int64,false,diagonalcheap,complexschur,NaN,NaN,NaN,NaN,NaN,NaN,NaN,NaN,NaN,NaN,NaN,NaN,NaN,NaN,245.994433163083,mpmath_1792,3303.306709370389,133926.00000021697,106351.05198481647,851
kela89_206,4,Int64,false,diagonalcheap,realschur,0.000710307,3.366e-6,0.0012829859999999998,0.000304329,0.000117287,0.002523651,9,4,0,10.72794215865846,40.22271996578033,2.220446049250313e-16,5.286404904646735e-14,1.355360268462391e-11,245.994433163083,mpmath_1792,3303.306709370389,133926.00000021697,106351.05198481647,53
kela89_206,4,Int64,false,diagonalcheap,realschur,0.00608821,0.00021135,0.0020794,0.000467437,3.618e-5,0.008986376,37,1,1.714427225370617e-81,139.8957436242396,6256.365431019926,1.727233711018889e-77,2.792908945566399e-17,9.062948117993886e-15,245.994433163083,mpmath_1792,3303.306709370389,133926.00000021697,106351.05198481647,256
kela89_206,4,Int64,false,diagonalcheap,realschur,NaN,NaN,NaN,NaN,NaN,NaN,NaN,NaN,NaN,NaN,NaN,NaN,NaN,NaN,245.994433163083,mpmath_1792,3303.306709370389,133926.00000021697,106351.05198481647,851
kela89_206,4,Int64,false,taylor,transfree,0.0,0.000278992,0.0010250329999999998,0.00018230800000000003,1.565e-5,0.001613427,30,2,1.110223024625157e-16,30.68489583333333,1,2.220446049250313e-16,2.830054682298306e-14,8.590905764549461e-12,245.994433163083,mpmath_1792,3303.306709370389,133926.00000021697,106351.05198481647,53
kela89_206,4,Int64,false,taylor,transfree,0.0,0.00033712400000000006,0.0013154979999999996,0.000536601,3.6701e-5,0.002336057,72,2,6.177069107361635e-84,30.68489583333333,1,1.727233711018889e-77,2.792908945566399e-17,9.062948117993886e-15,245.994433163083,mpmath_1792,3303.306709370389,133926.00000021697,106351.05198481647,256
kela89_206,4,Int64,false,taylor,transfree,0.0,0.0005645430000000001,0.0039007240000000004,0.000974541,0.000266006,0.005857162,90,7,4.983549363754535e-258,2.521989712354221,1,1.331998346195134e-256,2.792908945566399e-17,9.062948117993886e-15,245.994433163083,mpmath_1792,3303.306709370389,133926.00000021697,106351.05198481647,851
kela89_206,4,Int64,false,taylor,complexschur,0.001219994,0.00036863400000000006,0.0009481880000000001,0.000564845,0.0001551,0.003486397,30,2,2.220446049250313e-16,44.59189796586185,1,2.220446049250313e-16,5.319308585945569e-14,1.356825762854896e-11,245.994433163083,mpmath_1792,3303.306709370389,133926.00000021697,106351.05198481647,53
kela89_206,4,Int64,false,taylor,complexschur,0.005996061,0.000656333,0.0017686380000000003,0.0014851489999999998,0.000233543,0.010486975,72,2,8.236092143148846e-84,44.59183009408805,1,1.727233711018889e-77,2.792908945566399e-17,9.062948117993886e-15,245.994433163083,mpmath_1792,3303.306709370389,133926.00000021697,106351.05198481647,256
kela89_206,4,Int64,false,taylor,complexschur,NaN,NaN,NaN,NaN,NaN,NaN,NaN,NaN,NaN,NaN,NaN,NaN,NaN,NaN,245.994433163083,mpmath_1792,3303.306709370389,133926.00000021697,106351.05198481647,851
kela89_206,4,Int64,false,taylor,realschur,0.000746287,0.000247411,0.0007518039999999999,0.00020874600000000002,4.0238e-5,0.002090051,30,2,0,44.59189783513833,1,2.220446049250313e-16,5.321318194722881e-14,1.355271450620421e-11,245.994433163083,mpmath_1792,3303.306709370389,133926.00000021697,106351.05198481647,53
kela89_206,4,Int64,false,taylor,realschur,0.004577371,0.00031731399999999996,0.0010937359999999997,0.000338959,7.5066e-5,0.006525317,72,2,8.236092143148846e-84,44.59183009408805,1,1.727233711018889e-77,2.792908945566399e-17,9.062948117993886e-15,245.994433163083,mpmath_1792,3303.306709370389,133926.00000021697,106351.05198481647,256
kela89_206,4,Int64,false,taylor,realschur,NaN,NaN,NaN,NaN,NaN,NaN,NaN,NaN,NaN,NaN,NaN,NaN,NaN,NaN,245.994433163083,mpmath_1792,3303.306709370389,133926.00000021697,106351.05198481647,851
pang85_ex1,6,Int64,false,scaling_and_squaring,NaN,NaN,NaN,NaN,NaN,NaN,2.4758e-5,NaN,NaN,NaN,NaN,NaN,2.220446049250313e-16,2.711647072072478e-15,6.883382752675971e-14,20.48186747813922,mpmath_1792,2037.978072595147,87.29222222222221,83.61087826837439,53
pang85_ex1,6,Int64,false,diagonalcheap,transfree,0.0,4.177e-6,0.0012413340000000002,0.00032241699999999997,0.000174298,0.001856738,9,5,3.118039389774669e-16,9.458766749544836,58.4435971295211,2.220446049250313e-16,2.912977288797309e-15,7.133182933216631e-14,20.48186747813922,mpmath_1792,2037.978072595147,87.29222222222221,83.61087826837439,53
pang85_ex1,6,Int64,false,diagonalcheap,transfree,0.0,0.000286426,0.0024033289999999996,0.001286774,0.000256727,0.004338228,49,3,1.512275472277481e-81,6.962131898277348,16.73507842270842,1.727233711018889e-77,5.691575414944568e-17,1.25152688705521e-15,20.48186747813922,mpmath_1792,2037.978072595147,87.29222222222221,83.61087826837439,256
pang85_ex1,6,Int64,false,diagonalcheap,transfree,0.0,0.000708373,0.009233033,0.0037442670000000003,0.000844747,0.014837577,91,4,1.163374142351612e-279,4.072844773589825,90.42793272009652,1.331998346195134e-256,5.691575414944568e-17,1.25152688705521e-15,20.48186747813922,mpmath_1792,2037.978072595147,87.29222222222221,83.61087826837439,851
pang85_ex1,6,Int64,false,diagonalcheap,complexschur,0.000246127,4.348e-6,0.0016535129999999995,0.001272104,0.000871359,0.004540429,9,5,1.291785876311232e-15,10.23594398799346,62.61308635408515,2.220446049250313e-16,2.449727976002902e-15,6.000755448098971e-14,20.48186747813922,mpmath_1792,2037.978072595147,87.29222222222221,83.61087826837439,53
pang85_ex1,6,Int64,false,diagonalcheap,complexschur,0.000262959,0.000560615,0.004359559,0.030303360999999997,0.000691641,0.036828948,49,3,7.655606103631964e-81,7.315292534074759,17.711907297696833,1.727233711018889e-77,5.691575414944568e-17,1.25152688705521e-15,20.48186747813922,mpmath_1792,2037.978072595147,87.29222222222221,83.61087826837439,256
pang85_ex1,6,Int64,false,diagonalcheap,complexschur,0.000325661,0.0011595560000000002,0.009740448000000004,0.009976174,0.001521949,0.023486639,91,4,5.594589236760477e-280,4.253635305978286,105.91075159045529,1.331998346195134e-256,5.691575414944568e-17,1.25152688705521e-15,20.48186747813922,mpmath_1792,2037.978072595147,87.29222222222221,83.61087826837439,851
pang85_ex1,6,Int64,false,diagonalcheap,realschur,0.0,4.088e-6,0.001502423,0.000497943,0.000321033,0.002543329,9,5,3.118039389774669e-16,9.458766749544836,58.4435971295211,2.220446049250313e-16,2.912977288797309e-15,7.133182933216631e-14,20.48186747813922,mpmath_1792,2037.978072595147,87.29222222222221,83.61087826837439,53
pang85_ex1,6,Int64,false,diagonalcheap,realschur,0.0,0.00039146699999999994,0.003550169,0.001519997,0.00026354,0.005885296,49,3,1.512275472277481e-81,6.962131898277348,16.73507842270842,1.727233711018889e-77,5.691575414944568e-17,1.25152688705521e-15,20.48186747813922,mpmath_1792,2037.978072595147,87.29222222222221,83.61087826837439,256
pang85_ex1,6,Int64,false,diagonalcheap,realschur,0.0,0.000688243,0.007846609000000003,0.0028788100000000003,0.000632095,0.012265542,91,4,1.163374142351612e-279,4.072844773589825,90.42793272009652,1.331998346195134e-256,5.691575414944568e-17,1.25152688705521e-15,20.48186747813922,mpmath_1792,2037.978072595147,87.29222222222221,83.61087826837439,851
pang85_ex1,6,Int64,false,taylor,transfree,0.0,0.000275763,0.0011481089999999998,0.000575963,0.000257549,0.002387116,36,4,4.440892098500626e-16,8.260915120442707,1,2.220446049250313e-16,2.806980208679023e-15,6.800116025829084e-14,20.48186747813922,mpmath_1792,2037.978072595147,87.29222222222221,83.61087826837439,53
pang85_ex1,6,Int64,false,taylor,transfree,0.0,0.0005663069999999999,0.002006136,0.001280975,0.000346531,0.004341815,90,4,1.647218428629769e-82,8.260915120442711,1,1.727233711018889e-77,5.691575414944568e-17,1.25152688705521e-15,20.48186747813922,mpmath_1792,2037.978072595147,87.29222222222221,83.61087826837439,256
pang85_ex1,6,Int64,false,taylor,transfree,0.0,0.0005899300000000001,0.005202684999999999,0.0015626869999999997,0.001693994,0.009244777,90,11,2.494467657262298e-275,1.244840417722181,1,1.331998346195134e-256,5.691575414944568e-17,1.25152688705521e-15,20.48186747813922,mpmath_1792,2037.978072595147,87.29222222222221,83.61087826837439,851
pang85_ex1,6,Int64,false,taylor,complexschur,0.000259994,0.0003750680000000001,0.0015719180000000003,0.001897907,0.000722991,0.005325882,36,4,4.440892098500626e-16,8.530773281411808,1,2.220446049250313e-16,2.023945221553467e-15,4.446443213623752e-14,20.48186747813922,mpmath_1792,2037.978072595147,87.29222222222221,83.61087826837439,53
pang85_ex1,6,Int64,false,taylor,complexschur,0.000265604,0.000841105,0.0027654650000000004,0.003892497,0.000937768,0.009269435,90,4,6.588873714519077e-83,8.530773281411811,1,1.727233711018889e-77,5.691575414944568e-17,1.25152688705521e-15,20.48186747813922,mpmath_1792,2037.978072595147,87.29222222222221,83.61087826837439,256
pang85_ex1,6,Int64,false,taylor,complexschur,0.000322465,0.000913592,0.007192791999999997,0.004703223,0.004069247,0.01795097,90,11,5.730505340872736e-275,1.242267433620558,1,1.331998346195134e-256,5.691575414944568e-17,1.25152688705521e-15,20.48186747813922,mpmath_1792,2037.978072595147,87.29222222222221,83.61087826837439,851
pang85_ex1,6,Int64,false,taylor,realschur,0.0,0.000275537,0.001165131,0.000600081,0.000251788,0.002450399,36,4,4.440892098500626e-16,8.260915120442707,1,2.220446049250313e-16,2.806980208679023e-15,6.800116025829084e-14,20.48186747813922,mpmath_1792,2037.978072595147,87.29222222222221,83.61087826837439,53
pang85_ex1,6,Int64,false,taylor,realschur,0.0,0.0005674990000000001,0.0020193880000000004,0.001290043,0.000351331,0.004388867,90,4,1.647218428629769e-82,8.260915120442711,1,1.727233711018889e-77,5.691575414944568e-17,1.25152688705521e-15,20.48186747813922,mpmath_1792,2037.978072595147,87.29222222222221,83.61087826837439,256
pang85_ex1,6,Int64,false,taylor,realschur,0.0,0.000599285,0.005162193999999999,0.0014264450000000001,0.001528723,0.008928564,90,11,2.494467657262298e-275,1.244840417722181,1,1.331998346195134e-256,5.691575414944568e-17,1.25152688705521e-15,20.48186747813922,mpmath_1792,2037.978072595147,87.29222222222221,83.61087826837439,851
pang85_ex2,10,ComplexF64,false,scaling_and_squaring,NaN,NaN,NaN,NaN,NaN,NaN,3.2352e-5,NaN,NaN,NaN,NaN,NaN,2.220446049250313e-16,8.716397341830014e-16,9.572758953470762e-13,853.926289170935,mpmath_1792,99.5350535475214,424131.399121252,206665.40286262642,53
pang85_ex2,10,ComplexF64,false,diagonalcheap,transfree,0.0,0.00010024400000000001,0.001843563,0.003396362,0.000689647,0.006343604,13,2,8.24234318533806e-16,24.33538542798971,28.39522607946487,2.220446049250313e-16,5.586801730164619e-16,4.473546493081998e-13,853.926289170935,mpmath_1792,99.5350535475214,424131.399121252,206665.40286262642,53
pang85_ex2,10,ComplexF64,false,diagonalcheap,transfree,0.0,0.000405567,0.0030044319999999996,0.0070622770000000005,0.00076884,0.011491692,37,1,7.273818885834631e-80,124.2889026820901,380.0378728344246,1.727233711018889e-77,3.807716202984598e-17,2.888305601090693e-14,853.926289170935,mpmath_1792,99.5350535475214,424131.399121252,206665.40286262642,256
pang85_ex2,10,ComplexF64,false,diagonalcheap,transfree,0.0,0.0013498649999999998,0.04429140199999999,0.017127503,0.000624029,0.063765022,91,1,1.012182177891097e-279,124.2889026820901,379.43916169961005,1.331998346195134e-256,3.807716202984598e-17,2.888305601090693e-14,853.926289170935,mpmath_1792,99.5350535475214,424131.399121252,206665.40286262642,851
pang85_ex2,10,ComplexF64,false,diagonalcheap,complexschur,0.0,0.000136507,0.0017505200000000002,0.0029770609999999996,0.000767378,0.005877511,13,2,8.24234318533806e-16,24.33538542798971,28.39522607946487,2.220446049250313e-16,5.586801730164619e-16,4.473546493081998e-13,853.926289170935,mpmath_1792,99.5350535475214,424131.399121252,206665.40286262642,53
pang85_ex2,10,ComplexF64,false,diagonalcheap,complexschur,0.0,0.000455783,0.0034215030000000002,0.009167456,0.000787797,0.014093314,37,1,7.273818885834631e-80,124.2889026820901,380.0378728344246,1.727233711018889e-77,3.807716202984598e-17,2.888305601090693e-14,853.926289170935,mpmath_1792,99.5350535475214,424131.399121252,206665.40286262642,256
pang85_ex2,10,ComplexF64,false,diagonalcheap,complexschur,0.0,0.001200226,0.00951474,0.030156967,0.001873721,0.043105912,91,1,1.012182177891097e-279,124.2889026820901,379.43916169961005,1.331998346195134e-256,3.807716202984598e-17,2.888305601090693e-14,853.926289170935,mpmath_1792,99.5350535475214,424131.399121252,206665.40286262642,851
pang85_ex2,10,ComplexF64,false,taylor,transfree,0.0,0.0005185669999999999,0.0013879069999999999,0.003699841,0.000787727,0.006634228,30,2,1.110223024625157e-16,26.07778430750052,1,2.220446049250313e-16,1.767149930578058e-16,1.616841260203296e-13,853.926289170935,mpmath_1792,99.5350535475214,424131.399121252,206665.40286262642,53
pang85_ex2,10,ComplexF64,false,taylor,transfree,0.0,0.001084725,0.0029507890000000005,0.031610985,0.000922828,0.036991022,72,2,1.575976231591532e-80,26.07778430750051,1,1.727233711018889e-77,3.807716202984598e-17,2.888305601090693e-14,853.926289170935,mpmath_1792,99.5350535475214,424131.399121252,206665.40286262642,256
pang85_ex2,10,ComplexF64,false,taylor,transfree,0.0,0.0008559380000000001,0.005657436,0.010775744999999998,0.008250811,0.025853276,90,8,2.108621682862893e-275,1.096041141413454,1,1.331998346195134e-256,3.807716202984598e-17,2.888305601090693e-14,853.926289170935,mpmath_1792,99.5350535475214,424131.399121252,206665.40286262642,851
pang85_ex2,10,ComplexF64,false,taylor,complexschur,0.0,0.00035744199999999997,0.0012043239999999999,0.003178437,0.000712541,0.005684446,30,2,1.110223024625157e-16,26.07778430750052,1,2.220446049250313e-16,1.767149930578058e-16,1.616841260203296e-13,853.926289170935,mpmath_1792,99.5350535475214,424131.399121252,206665.40286262642,53
pang85_ex2,10,ComplexF64,false,taylor,complexschur,0.0,0.000657666,0.0017017749999999993,0.005986333,0.000799449,0.009384728,72,2,1.575976231591532e-80,26.07778430750051,1,1.727233711018889e-77,3.807716202984598e-17,2.888305601090693e-14,853.926289170935,mpmath_1792,99.5350535475214,424131.399121252,206665.40286262642,256
pang85_ex2,10,ComplexF64,false,taylor,complexschur,0.0,0.001097707,0.006713735,0.024053507,0.006213832,0.038482091,90,8,2.108621682862893e-275,1.096041141413454,1,1.331998346195134e-256,3.807716202984598e-17,2.888305601090693e-14,853.926289170935,mpmath_1792,99.5350535475214,424131.399121252,206665.40286262642,851
pang85_ex3,10,Float64,false,scaling_and_squaring,NaN,NaN,NaN,NaN,NaN,NaN,3.5308e-5,NaN,NaN,NaN,NaN,NaN,2.220446049250313e-16,1.657871697394051e-16,2.604240235189615e-14,169.3759088030253,mpmath_1792,9.058004294784455,55.58201058201058,33.219558235484044,53
pang85_ex3,10,Float64,false,diagonalcheap,transfree,0.0,9.871300000000002e-5,0.0014823519999999997,0.000901597,8.9804e-5,0.002729881,13,1,0,14.06190461065158,11.93737383050977,2.220446049250313e-16,3.277039084707029e-17,4.667815613201842e-15,169.3759088030253,mpmath_1792,9.058004294784455,55.58201058201058,33.219558235484044,53
pang85_ex3,10,Float64,false,diagonalcheap,transfree,0.0,0.000313037,0.002412387,0.0020903730000000004,3.0e-8,0.004929634,37,0,7.060336228835538e-77,169.375908803025,134.60255768222035,1.727233711018889e-77,3.340772822650549e-17,4.724477743883417e-15,169.3759088030253,mpmath_1792,9.058004294784455,55.58201058201058,33.219558235484044,256
pang85_ex3,10,Float64,false,diagonalcheap,transfree,0.0,0.000659567,0.006001323000000001,0.004715018,3.0e-8,0.011530566,91,0,4.097348859379697e-263,169.375908803024,133.8957931294684,1.331998346195134e-256,3.340772822650549e-17,4.724477743883417e-15,169.3759088030253,mpmath_1792,9.058004294784455,55.58201058201058,33.219558235484044,851
pang85_ex3,10,Float64,false,diagonalcheap,complexschur,0.0,6.231e-5,0.0010721790000000004,0.0007864530000000001,9.0586e-5,0.002179714,13,1,0,14.06190461065158,11.93737383050977,2.220446049250313e-16,3.277039084707029e-17,4.667815613201842e-15,169.3759088030253,mpmath_1792,9.058004294784455,55.58201058201058,33.219558235484044,53
pang85_ex3,10,Float64,false,diagonalcheap,complexschur,0.0,0.000279452,0.0021397579999999994,0.001893871,3.0e-8,0.004425327,37,0,7.060336228835538e-77,169.375908803025,134.60255768222035,1.727233711018889e-77,3.340772822650549e-17,4.724477743883417e-15,169.3759088030253,mpmath_1792,9.058004294784455,55.58201058201058,33.219558235484044,256
pang85_ex3,10,Float64,false,diagonalcheap,complexschur,0.0,0.0009962089999999999,0.008714299000000002,0.007414260999999999,4.0e-8,0.017353362,91,0,4.097348859379697e-263,169.375908803024,133.8957931294684,1.331998346195134e-256,3.340772822650549e-17,4.724477743883417e-15,169.3759088030253,mpmath_1792,9.058004294784455,55.58201058201058,33.219558235484044,851
pang85_ex3,10,Float64,false,diagonalcheap,realschur,0.0,0.00010729800000000002,0.001526346,0.0013106119999999998,0.000160351,0.003360773,13,1,0,14.06190461065158,11.93737383050977,2.220446049250313e-16,3.277039084707029e-17,4.667815613201842e-15,169.3759088030253,mpmath_1792,9.058004294784455,55.58201058201058,33.219558235484044,53
pang85_ex3,10,Float64,false,diagonalcheap,realschur,0.0,0.00042884000000000005,0.0031898620000000003,0.003114878,1.21e-7,0.006918889,37,0,7.060336228835538e-77,169.375908803025,134.60255768222035,1.727233711018889e-77,3.340772822650549e-17,4.724477743883417e-15,169.3759088030253,mpmath_1792,9.058004294784455,55.58201058201058,33.219558235484044,256
pang85_ex3,10,Float64,false,diagonalcheap,realschur,0.0,0.0009599619999999999,0.008676366,0.007376336,4.1e-8,0.017273958,91,0,4.097348859379697e-263,169.375908803024,133.8957931294684,1.331998346195134e-256,3.340772822650549e-17,4.724477743883417e-15,169.3759088030253,mpmath_1792,9.058004294784455,55.58201058201058,33.219558235484044,851
pang85_ex3,10,Float64,false,taylor,transfree,0.0,0.000289189,0.00089763,0.001114201,0.000102258,0.002635147,25,1,0,10.54947916666667,1,2.220446049250313e-16,3.082914519967221e-17,3.580472642547919e-15,169.3759088030253,mpmath_1792,9.058004294784455,55.58201058201058,33.219558235484044,53
pang85_ex3,10,Float64,false,taylor,transfree,0.0,0.000420925,0.001042322,0.001989846,0.000231449,0.003845533,72,1,1.655172022812408e-77,10.54947916666667,1,1.727233711018889e-77,3.340772822650549e-17,4.724477743883417e-15,169.3759088030253,mpmath_1792,9.058004294784455,55.58201058201058,33.219558235484044,256
pang85_ex3,10,Float64,false,taylor,transfree,0.0,0.0005341730000000001,0.0034015010000000004,0.0033989769999999996,0.002028512,0.009567793,90,7,1.51229376045219e-269,1.043873498124358,1,1.331998346195134e-256,3.340772822650549e-17,4.724477743883417e-15,169.3759088030253,mpmath_1792,9.058004294784455,55.58201058201058,33.219558235484044,851
pang85_ex3,10,Float64,false,taylor,complexschur,0.0,0.00017755499999999998,0.0006612590000000001,0.0011347420000000002,0.000166272,0.002389441,25,1,0,10.54947916666667,1,2.220446049250313e-16,3.082914519967221e-17,3.580472642547919e-15,169.3759088030253,mpmath_1792,9.058004294784455,55.58201058201058,33.219558235484044,53
pang85_ex3,10,Float64,false,taylor,complexschur,0.0,0.000771147,0.001602937,0.0032098319999999997,0.000255976,0.006114791,72,1,1.655172022812408e-77,10.54947916666667,1,1.727233711018889e-77,3.340772822650549e-17,4.724477743883417e-15,169.3759088030253,mpmath_1792,9.058004294784455,55.58201058201058,33.219558235484044,256
pang85_ex3,10,Float64,false,taylor,complexschur,0.0,0.0008358,0.024823011,0.00475795,0.00320919,0.033942513,90,7,1.51229376045219e-269,1.043873498124358,1,1.331998346195134e-256,3.340772822650549e-17,4.724477743883417e-15,169.3759088030253,mpmath_1792,9.058004294784455,55.58201058201058,33.219558235484044,851
pang85_ex3,10,Float64,false,taylor,realschur,0.0,0.00022328300000000004,0.0007021190000000001,0.0007484299999999999,8.9814e-5,0.001931494,25,1,0,10.54947916666667,1,2.220446049250313e-16,3.082914519967221e-17,3.580472642547919e-15,169.3759088030253,mpmath_1792,9.058004294784455,55.58201058201058,33.219558235484044,53
pang85_ex3,10,Float64,false,taylor,realschur,0.0,0.000480721,0.001062075,0.002679293,0.00024755,0.004695991,72,1,1.655172022812408e-77,10.54947916666667,1,1.727233711018889e-77,3.340772822650549e-17,4.724477743883417e-15,169.3759088030253,mpmath_1792,9.058004294784455,55.58201058201058,33.219558235484044,256
pang85_ex3,10,Float64,false,taylor,realschur,0.0,0.0007192519999999999,0.003936019999999999,0.00311745,0.001975709,0.010023847,90,7,1.51229376045219e-269,1.043873498124358,1,1.331998346195134e-256,3.340772822650549e-17,4.724477743883417e-15,169.3759088030253,mpmath_1792,9.058004294784455,55.58201058201058,33.219558235484044,851
kela89_ex5,2,Float64,false,scaling_and_squaring,NaN,NaN,NaN,NaN,NaN,NaN,1.2774e-5,NaN,NaN,NaN,NaN,NaN,2.220446049250313e-16,2.910371404141188e-11,2.910374314524233e-05,1000001,mpmath_1792,166666666669.5,Inf,Inf,53
kela89_ex5,2,Float64,false,diagonalcheap,transfree,0.0,0.000154007,0.001126606,9.2929e-5,4.9886e-5,0.001473796,3,16,0,16.2587890625,74.46644997596741,2.220446049250313e-16,0,0,1000001,mpmath_1792,166666666669.5,Inf,Inf,53
kela89_ex5,2,Float64,false,diagonalcheap,transfree,0.0,5.9145000000000004e-5,0.0004408849999999999,0.000102548,3.4337e-5,0.000686381,3,3,0,125001,3.906375001e9,1.727233711018889e-77,0,0,1000001,mpmath_1792,166666666669.5,Inf,Inf,256
kela89_ex5,2,Float64,false,diagonalcheap,transfree,0.0,1.9598e-5,0.00027043399999999995,0.000128148,3.0e-8,0.000467636,3,0,0,1000001,2.50001000001e11,1.331998346195134e-256,0,0,1000001,mpmath_1792,166666666669.5,Inf,Inf,851
kela89_ex5,2,Float64,false,diagonalcheap,complexschur,0.0,0.00028557199999999994,0.001695006,0.000107437,9.5765e-5,0.00225505,3,16,0,16.2587890625,74.46644997596741,2.220446049250313e-16,0,0,1000001,mpmath_1792,166666666669.5,Inf,Inf,53
kela89_ex5,2,Float64,false,diagonalcheap,complexschur,0.0,7.1949e-5,0.00061383,0.000110574,3.4938e-5,0.000889444,3,3,0,125001,3.906375001e9,1.727233711018889e-77,0,0,1000001,mpmath_1792,166666666669.5,Inf,Inf,256
kela89_ex5,2,Float64,false,diagonalcheap,complexschur,0.0,2.1151e-5,0.000306934,0.000126185,4.0e-8,0.000511451,3,0,0,1000001,2.50001000001e11,1.331998346195134e-256,0,0,1000001,mpmath_1792,166666666669.5,Inf,Inf,851
kela89_ex5,2,Float64,false,diagonalcheap,realschur,0.0,0.00026932,0.0016665819999999998,0.00010759800000000001,9.9643e-5,0.002209122,3,16,0,16.2587890625,74.46644997596741,2.220446049250313e-16,0,0,1000001,mpmath_1792,166666666669.5,Inf,Inf,53
kela89_ex5,2,Float64,false,diagonalcheap,realschur,0.0,6.8513e-5,0.000486755,9.8741e-5,2.1512e-5,0.000737269,3,3,0,125001,3.906375001e9,1.727233711018889e-77,0,0,1000001,mpmath_1792,166666666669.5,Inf,Inf,256
kela89_ex5,2,Float64,false,diagonalcheap,realschur,0.0,1.545e-5,0.000210087,0.000101759,4.0e-8,0.000379796,3,0,0,1000001,2.50001000001e11,1.331998346195134e-256,0,0,1000001,mpmath_1792,166666666669.5,Inf,Inf,851
kela89_ex5,2,Float64,false,taylor,transfree,0.0,1.037e-5,9.634699999999999e-5,2.9247e-5,2.0e-8,0.000161623,4,0,0,1000001,1,2.220446049250313e-16,0,0,1000001,mpmath_1792,166666666669.5,Inf,Inf,53
kela89_ex5,2,Float64,false,taylor,transfree,0.0,8.696e-6,6.5968e-5,2.3426000000000002e-5,4.0e-8,0.000126265,4,0,0,1000001,1,1.727233711018889e-77,0,0,1000001,mpmath_1792,166666666669.5,Inf,Inf,256
kela89_ex5,2,Float64,false,taylor,transfree,0.0,1.1743e-5,8.398299999999999e-5,3.6370999999999994e-5,4.0e-8,0.000174609,4,0,0,1000001,1,1.331998346195134e-256,0,0,1000001,mpmath_1792,166666666669.5,Inf,Inf,851
kela89_ex5,2,Float64,false,taylor,complexschur,0.0,8.226e-6,5.8603999999999997e-5,1.8285e-5,3.0e-8,0.000112748,4,0,0,1000001,1,2.220446049250313e-16,0,0,1000001,mpmath_1792,166666666669.5,Inf,Inf,53
kela89_ex5,2,Float64,false,taylor,complexschur,0.0,8.767e-6,6.0128e-5,2.077e-5,4.0e-8,0.000118559,4,0,0,1000001,1,1.727233711018889e-77,0,0,1000001,mpmath_1792,166666666669.5,Inf,Inf,256
kela89_ex5,2,Float64,false,taylor,complexschur,0.0,9.689e-6,6.2081e-5,2.8747e-5,3.0e-8,0.000136966,4,0,0,1000001,1,1.331998346195134e-256,0,0,1000001,mpmath_1792,166666666669.5,Inf,Inf,851
kela89_ex5,2,Float64,false,taylor,realschur,0.0,7.976e-6,5.520800000000001e-5,1.7814999999999998e-5,3.0e-8,0.000104913,4,0,0,1000001,1,2.220446049250313e-16,0,0,1000001,mpmath_1792,166666666669.5,Inf,Inf,53
kela89_ex5,2,Float64,false,taylor,realschur,0.0,8.777e-6,6.652800000000001e-5,2.1051e-5,4.0e-8,0.00012892,4,0,0,1000001,1,1.727233711018889e-77,0,0,1000001,mpmath_1792,166666666669.5,Inf,Inf,256
kela89_ex5,2,Float64,false,taylor,realschur,0.0,9.598e-6,7.172e-5,4.0689e-5,4.0e-8,0.000170129,4,0,0,1000001,1,1.331998346195134e-256,0,0,1000001,mpmath_1792,166666666669.5,Inf,Inf,851
jemc05_52,3,Float64,false,scaling_and_squaring,NaN,NaN,NaN,NaN,NaN,NaN,2.2544e-5,NaN,NaN,NaN,NaN,NaN,2.220446049250313e-16,2.930967763947152e-16,1.77635683940025e-15,7.320102322960797,mpmath_1792,6.079072061519,122.66666666666664,87.72145554472485,53
jemc05_52,3,Float64,false,diagonalcheap,transfree,0.0,2.606e-6,0.0008272749999999999,0.000208152,4.0e-8,0.001101695,9,0,0,7.320102322960796,14.490134828445704,2.220446049250313e-16,2.889649545528145e-16,1.998401444325282e-15,7.320102322960797,mpmath_1792,6.079072061519,122.66666666666664,87.72145554472485,53
jemc05_52,3,Float64,false,diagonalcheap,transfree,0.0,0.000150633,0.0014033089999999997,0.00035416500000000004,4.0e-8,0.001959467,25,0,6.448357154341655e-82,7.320102322960794,14.505127655246543,1.727233711018889e-77,4.434972386055927e-17,3.659252009351213e-16,7.320102322960797,mpmath_1792,6.079072061519,122.66666666666664,87.72145554472485,256
jemc05_52,3,Float64,false,diagonalcheap,transfree,0.0,0.00035910499999999997,0.003631006,0.000926534,1.31e-7,0.005006823,65,0,1.543724400412188e-265,7.3201023229608,14.509715503189057,1.331998346195134e-256,4.434972386055927e-17,3.659252009351213e-16,7.320102322960797,mpmath_1792,6.079072061519,122.66666666666664,87.72145554472485,851
jemc05_52,3,Float64,false,diagonalcheap,complexschur,0.000178696,2.365e-6,0.0008034790000000001,0.000360098,4.0e-8,0.001458627,9,0,0,7.728763989627843,18.49540111688408,2.220446049250313e-16,5.216771158853936e-16,2.942091015256665e-15,7.320102322960797,mpmath_1792,6.079072061519,122.66666666666664,87.72145554472485,53
jemc05_52,3,Float64,false,diagonalcheap,complexschur,0.000278069,0.00019016899999999996,0.001609146,0.00071117,3.0e-8,0.002940829,25,0,1.519265412604262e-80,7.72876398962784,18.463085116079867,1.727233711018889e-77,4.434972386055927e-17,3.659252009351213e-16,7.320102322960797,mpmath_1792,6.079072061519,122.66666666666664,87.72145554472485,256
jemc05_52,3,Float64,false,diagonalcheap,complexschur,0.000522613,0.000460642,0.003941259,0.002050495,3.0e-8,0.007196768,65,0,8.128670753364648e-265,7.728763989627841,18.453338636583762,1.331998346195134e-256,4.434972386055927e-17,3.659252009351213e-16,7.320102322960797,mpmath_1792,6.079072061519,122.66666666666664,87.72145554472485,851
jemc05_52,3,Float64,false,diagonalcheap,realschur,0.000161052,2.335e-6,0.000782406,0.000223804,4.0e-8,0.001238981,9,0,2.900261385317109e-17,7.488933820423278,17.50216490350763,2.220446049250313e-16,5.384643265812997e-16,3.497202527569243e-15,7.320102322960797,mpmath_1792,6.079072061519,122.66666666666664,87.72145554472485,53
jemc05_52,3,Float64,false,diagonalcheap,realschur,0.000177644,0.000138348,0.001114409,0.00027858099999999997,4.0e-8,0.001771914,25,0,1.354804928989292e-80,7.488933820423279,17.413654785719,1.727233711018889e-77,4.434972386055927e-17,3.659252009351213e-16,7.320102322960797,mpmath_1792,6.079072061519,122.66666666666664,87.72145554472485,256
jemc05_52,3,Float64,false,diagonalcheap,realschur,0.000494137,0.0004337100000000001,0.0034006089999999993,0.000703816,3.0e-8,0.005139,65,0,8.042683559373673e-265,7.48893382042328,17.384574309035525,1.331998346195134e-256,4.434972386055927e-17,3.659252009351213e-16,7.320102322960797,mpmath_1792,6.079072061519,122.66666666666664,87.72145554472485,851
jemc05_52,3,Float64,false,taylor,transfree,0.0,0.00017895700000000001,0.0004717759999999999,0.00010364200000000001,4.1e-8,0.000807395,20,0,1.387778780781446e-17,7.430666666666665,1,2.220446049250313e-16,9.659867725938353e-17,4.996003610813204e-16,7.320102322960797,mpmath_1792,6.079072061519,122.66666666666664,87.72145554472485,53
jemc05_52,3,Float64,false,taylor,transfree,0.0,0.000336782,0.0009327370000000001,0.000278388,4.0e-8,0.0016045,64,0,1.029511517893606e-84,7.430666666666666,1,1.727233711018889e-77,4.434972386055927e-17,3.659252009351213e-16,7.320102322960797,mpmath_1792,6.079072061519,122.66666666666664,87.72145554472485,256
jemc05_52,3,Float64,false,taylor,transfree,0.0,0.0005880909999999999,0.0031875809999999997,0.000528663,8.6447e-5,0.004507105,90,5,6.544022428071394e-278,1.11001302746131,1,1.331998346195134e-256,4.434972386055927e-17,3.659252009351213e-16,7.320102322960797,mpmath_1792,6.079072061519,122.66666666666664,87.72145554472485,851
jemc05_52,3,Float64,false,taylor,complexschur,0.000194307,0.00023047600000000002,0.000520742,0.000288518,5.1e-8,0.001357501,20,0,1.387778780781446e-17,7.804091435412483,1,2.220446049250313e-16,5.216771158853936e-16,2.942091015256665e-15,7.320102322960797,mpmath_1792,6.079072061519,122.66666666666664,87.72145554472485,53
jemc05_52,3,Float64,false,taylor,complexschur,0.000314279,0.000479807,0.001124622,0.00070265,4.0e-8,0.002786631,64,0,2.059023035787212e-84,7.804091435412483,1,1.727233711018889e-77,4.434972386055927e-17,3.659252009351213e-16,7.320102322960797,mpmath_1792,6.079072061519,122.66666666666664,87.72145554472485,256
jemc05_52,3,Float64,false,taylor,complexschur,0.000522503,0.000697554,0.0037257589999999995,0.001147414,0.000626815,0.006997011,90,5,3.29232571068182e-278,1.184008704779721,1,1.331998346195134e-256,4.434972386055927e-17,3.659252009351213e-16,7.320102322960797,mpmath_1792,6.079072061519,122.66666666666664,87.72145554472485,851
jemc05_52,3,Float64,false,taylor,realschur,0.000162655,0.00020808300000000005,0.000502802,0.00013363,4.0e-8,0.001080955,20,0,1.387778780781446e-17,7.545730764596867,1,2.220446049250313e-16,5.384643265812997e-16,3.497202527569243e-15,7.320102322960797,mpmath_1792,6.079072061519,122.66666666666664,87.72145554472485,53
jemc05_52,3,Float64,false,taylor,realschur,0.000267799,0.00043051399999999995,0.0009602510000000003,0.00028755699999999997,3.0e-8,0.002036977,56,0,5.756816843444116e-77,7.545730764596867,1,1.727233711018889e-77,4.434972386055927e-17,3.659252009351213e-16,7.320102322960797,mpmath_1792,6.079072061519,122.66666666666664,87.72145554472485,256
jemc05_52,3,Float64,false,taylor,realschur,0.000294711,0.00048637900000000005,0.003415511,0.000522732,0.000339087,0.005202854,90,5,5.26111031784336e-279,1.183073236771433,1,1.331998346195134e-256,4.434972386055927e-17,3.659252009351213e-16,7.320102322960797,mpmath_1792,6.079072061519,122.66666666666664,87.72145554472485,851
jemc05_55,6,Float64,false,scaling_and_squaring,NaN,NaN,NaN,NaN,NaN,NaN,3.1942e-5,NaN,NaN,NaN,NaN,NaN,2.220446049250313e-16,1.704104695107793e-16,4.805184028455756e-16,2.246154055500844,mpmath_1792,4.002881659759157,211.5,344.1596607236965,53
jemc05_55,6,Float64,false,diagonalcheap,transfree,0.0,5.4746999999999996e-5,0.0008735030000000001,0.000397098,3.0e-8,0.001396737,13,0,0,2.246154055500844,8.82869313557578,2.220446049250313e-16,4.247295557961059e-16,1.085936895961481e-15,2.246154055500844,mpmath_1792,4.002881659759157,211.5,344.1596607236965,53
jemc05_55,6,Float64,false,diagonalcheap,transfree,0.0,0.00018049799999999996,0.001422243,0.0007723869999999999,3.0e-8,0.002443867,31,0,1.898833465542917e-84,2.246154055500845,9.013384266202824,1.727233711018889e-77,4.492694989787221e-17,1.042663401145839e-16,2.246154055500844,mpmath_1792,4.002881659759157,211.5,344.1596607236965,256
jemc05_55,6,Float64,false,diagonalcheap,transfree,0.0,0.00046294699999999996,0.003971535,0.0023058889999999998,3.0e-8,0.006836099,81,0,8.900706909414628e-281,2.246154055500843,9.093792973311622,1.331998346195134e-256,4.492694989787221e-17,1.042663401145839e-16,2.246154055500844,mpmath_1792,4.002881659759157,211.5,344.1596607236965,851
jemc05_55,6,Float64,false,diagonalcheap,complexschur,0.000566468,6.8923e-5,0.000874485,0.000963997,3.1e-8,0.002795778,13,0,1.005131307318071e-16,2.258305386145238,12.500109137472414,2.220446049250313e-16,9.690643627291225e-16,2.997602166487923e-15,2.246154055500844,mpmath_1792,4.002881659759157,211.5,344.1596607236965,53
jemc05_55,6,Float64,false,diagonalcheap,complexschur,0.001012372,0.00030648299999999997,0.0016915870000000003,0.0022206829999999998,3.0e-8,0.005621194,31,0,6.351267817827456e-84,2.538798438268961,12.349093323408413,1.727233711018889e-77,4.492694989787221e-17,1.042663401145839e-16,2.246154055500844,mpmath_1792,4.002881659759157,211.5,344.1596607236965,256
jemc05_55,6,Float64,false,diagonalcheap,complexschur,0.003012839,0.0011361799999999997,0.007543514000000001,0.008284604,4.0e-8,0.020748471,81,0,1.424021620807678e-281,2.563768881316037,12.525629331069768,1.331998346195134e-256,4.492694989787221e-17,1.042663401145839e-16,2.246154055500844,mpmath_1792,4.002881659759157,211.5,344.1596607236965,851
jemc05_55,6,Float64,false,diagonalcheap,realschur,0.000747519,5.6018e-5,0.0009220070000000001,0.000490392,3.0e-8,0.002337661,13,0,2.501198799422605e-17,2.239714627563629,12.007718311592402,2.220446049250313e-16,1.013235654768342e-15,2.862293735361732e-15,2.246154055500844,mpmath_1792,4.002881659759157,211.5,344.1596607236965,53
jemc05_55,6,Float64,false,diagonalcheap,realschur,0.001105824,0.000218743,0.0015867260000000003,0.000780481,3.0e-8,0.003824653,31,0,4.243247225647241e-84,2.450627814086267,11.82360211336685,1.727233711018889e-77,4.492694989787221e-17,1.042663401145839e-16,2.246154055500844,mpmath_1792,4.002881659759157,211.5,344.1596607236965,256
jemc05_55,6,Float64,false,diagonalcheap,realschur,0.001756955,0.0005112189999999999,0.004569257,0.003187209,4.0e-8,0.010339869,81,0,2.842772724816108e-281,2.450627814086266,11.939208301576544,1.331998346195134e-256,4.492694989787221e-17,1.042663401145839e-16,2.246154055500844,mpmath_1792,4.002881659759157,211.5,344.1596607236965,851
jemc05_55,6,Float64,false,taylor,transfree,0.0,0.000252609,0.000583022,0.0004845970000000001,3.0e-8,0.00140383,25,0,1.665334536937735e-16,3.16,1,2.220446049250313e-16,2.101681568474505e-16,4.718447854656915e-16,2.246154055500844,mpmath_1792,4.002881659759157,211.5,344.1596607236965,53
jemc05_55,6,Float64,false,taylor,transfree,0.0,0.000596696,0.001198046,0.001315235,3.0e-8,0.003197847,72,0,1.85312073220849e-83,3.16,1,1.727233711018889e-77,4.492694989787221e-17,1.042663401145839e-16,2.246154055500844,mpmath_1792,4.002881659759157,211.5,344.1596607236965,256
jemc05_55,6,Float64,false,taylor,transfree,0.0,0.000701722,0.004269216000000001,0.002152439,0.00061903,0.007913968,90,6,4.784921300783115e-276,1.040013025426241,1,1.331998346195134e-256,4.492694989787221e-17,1.042663401145839e-16,2.246154055500844,mpmath_1792,4.002881659759157,211.5,344.1596607236965,851
jemc05_55,6,Float64,false,taylor,complexschur,0.000713162,0.00026316999999999996,0.000601238,0.0015580090000000002,4.0e-8,0.003620707,25,0,4.440892098500626e-16,3.753366763785958,1,2.220446049250313e-16,1.171835039512714e-15,3.419139971150287e-15,2.246154055500844,mpmath_1792,4.002881659759157,211.5,344.1596607236965,53
jemc05_55,6,Float64,false,taylor,complexschur,0.00172863,0.0009712319999999998,0.0021505089999999975,0.028597172000000004,1.41e-7,0.034041464,72,0,3.706241464416981e-83,3.65956756371519,1,1.727233711018889e-77,4.492694989787221e-17,1.042663401145839e-16,2.246154055500844,mpmath_1792,4.002881659759157,211.5,344.1596607236965,256
jemc05_55,6,Float64,false,taylor,complexschur,0.003171526,0.0010850429999999997,0.006040231,0.005252897,0.003210662,0.019998669,90,6,2.398018558948536e-275,1.056332557094227,1,1.331998346195134e-256,4.492694989787221e-17,1.042663401145839e-16,2.246154055500844,mpmath_1792,4.002881659759157,211.5,344.1596607236965,851
jemc05_55,6,Float64,false,taylor,realschur,0.000801514,0.00015584299999999996,0.0005573380000000001,0.00031567,4.0e-8,0.001949148,25,0,2.220446049250313e-16,3.578313084105301,1,2.220446049250313e-16,1.0260958240328e-15,3.001071613439876e-15,2.246154055500844,mpmath_1792,4.002881659759157,211.5,344.1596607236965,53
jemc05_55,6,Float64,false,taylor,realschur,0.001517521,0.000520026,0.0013245389999999998,0.00114596,4.0e-8,0.004721862,72,0,4.941655285889308e-83,3.686438590532417,1,1.727233711018889e-77,4.492694989787221e-17,1.042663401145839e-16,2.246154055500844,mpmath_1792,4.002881659759157,211.5,344.1596607236965,256
jemc05_55,6,Float64,false,taylor,realschur,0.002040875,0.00041961600000000004,0.00269099,0.0010962559999999999,0.00058837,0.007114598,90,6,1.512825041312306e-275,1.057160830501438,1,1.331998346195134e-256,4.492694989787221e-17,1.042663401145839e-16,2.246154055500844,mpmath_1792,4.002881659759157,211.5,344.1596607236965,851
kela98_ex3,2,Float64,false,scaling_and_squaring,NaN,NaN,NaN,NaN,NaN,NaN,2.1452e-5,NaN,NaN,NaN,NaN,NaN,2.220446049250313e-16,9.712353211961393e-12,3.573086271302373e-12,0.3678794779593901,mpmath_1792,19999998.99999978,2.0000002e7,2.0000000000000052e7,53
kela98_ex3,2,Float64,false,diagonalcheap,transfree,0.0,8.375200000000001e-5,0.0027905190000000004,0.000204668,0.000248682,0.003438945,13,21,0,10.85022320590447,20.700447124480522,2.220446049250313e-16,1.066988396510746e-16,5.551115123125783e-17,0.3678794779593901,mpmath_1792,19999998.99999978,2.0000002e7,2.0000000000000052e7,53
kela98_ex3,2,Float64,false,diagonalcheap,transfree,0.0,0.000224708,0.003317880999999999,0.000283968,0.00031976,0.004237663,43,20,9.240078474430195e-83,117.7273320443647,234.45467546401184,1.727233711018889e-77,3.840547440775591e-17,1.564480488608202e-17,0.3678794779593901,mpmath_1792,19999998.99999978,2.0000002e7,2.0000000000000052e7,256
kela98_ex3,2,Float64,false,diagonalcheap,transfree,0.0,0.0005712660000000002,0.007132205000000003,0.000567598,0.001200677,0.009610255,91,20,3.83837166945351e-264,117.7273320443642,234.45467546401102,1.331998346195134e-256,3.840547440775591e-17,1.564480488608202e-17,0.3678794779593901,mpmath_1792,19999998.99999978,2.0000002e7,2.0000000000000052e7,851
kela98_ex3,2,Float64,false,diagonalcheap,complexschur,0.0,7.055700000000001e-5,0.002242434000000001,0.000201924,0.000298709,0.00291548,13,21,0,10.85022320590447,20.700447124480522,2.220446049250313e-16,1.066988396510746e-16,5.551115123125783e-17,0.3678794779593901,mpmath_1792,19999998.99999978,2.0000002e7,2.0000000000000052e7,53
kela98_ex3,2,Float64,false,diagonalcheap,complexschur,0.0,0.000255055,0.003968137,0.000304592,0.00031954,0.004971415,43,20,9.240078474430195e-83,117.7273320443647,234.45467546401184,1.727233711018889e-77,3.840547440775591e-17,1.564480488608202e-17,0.3678794779593901,mpmath_1792,19999998.99999978,2.0000002e7,2.0000000000000052e7,256
kela98_ex3,2,Float64,false,diagonalcheap,complexschur,0.0,0.00043937999999999996,0.005536174,0.000869916,0.001453266,0.008455747,91,20,3.83837166945351e-264,117.7273320443642,234.45467546401102,1.331998346195134e-256,3.840547440775591e-17,1.564480488608202e-17,0.3678794779593901,mpmath_1792,19999998.99999978,2.0000002e7,2.0000000000000052e7,851
kela98_ex3,2,Float64,false,diagonalcheap,realschur,0.0,7.8912e-5,0.003253593000000001,0.00021537899999999997,0.000306865,0.00397324,13,21,0,10.85022320590447,20.700447124480522,2.220446049250313e-16,1.066988396510746e-16,5.551115123125783e-17,0.3678794779593901,mpmath_1792,19999998.99999978,2.0000002e7,2.0000000000000052e7,53
kela98_ex3,2,Float64,false,diagonalcheap,realschur,0.0,0.000243931,0.004344262,0.000334167,0.000332283,0.005385017,43,20,9.240078474430195e-83,117.7273320443647,234.45467546401184,1.727233711018889e-77,3.840547440775591e-17,1.564480488608202e-17,0.3678794779593901,mpmath_1792,19999998.99999978,2.0000002e7,2.0000000000000052e7,256
kela98_ex3,2,Float64,false,diagonalcheap,realschur,0.0,0.00041617900000000003,0.005720073000000001,0.0009204570000000001,0.001579682,0.008785187,91,20,3.83837166945351e-264,117.7273320443642,234.45467546401102,1.331998346195134e-256,3.840547440775591e-17,1.564480488608202e-17,0.3678794779593901,mpmath_1792,19999998.99999978,2.0000002e7,2.0000000000000052e7,851
kela98_ex3,2,Float64,false,taylor,transfree,0.0,0.000350709,0.0035706309999999995,9.957100000000001e-5,0.00031991,0.004259715,20,22,1.110223024625157e-16,3.293967643323135,1,2.220446049250313e-16,1.066988396510746e-16,5.551115123125783e-17,0.3678794779593901,mpmath_1792,19999998.99999978,2.0000002e7,2.0000000000000052e7,53
kela98_ex3,2,Float64,false,taylor,transfree,0.0,0.000382583,0.0036920649999999996,0.000147866,0.00035611,0.004550198,81,21,8.236092143148846e-84,10.84978277757991,1,1.727233711018889e-77,3.840547440775591e-17,1.564480488608202e-17,0.3678794779593901,mpmath_1792,19999998.99999978,2.0000002e7,2.0000000000000052e7,256
kela98_ex3,2,Float64,false,taylor,transfree,0.0,0.000520574,0.006416532000000001,0.000175341,0.001740914,0.00884884,81,28,6.619959226602468e-261,1.018801007760022,1,1.331998346195134e-256,3.840547440775591e-17,1.564480488608202e-17,0.3678794779593901,mpmath_1792,19999998.99999978,2.0000002e7,2.0000000000000052e7,851
kela98_ex3,2,Float64,false,taylor,complexschur,0.0,0.000300152,0.0034392040000000004,9.309200000000002e-5,0.000298408,0.004084416,20,22,1.110223024625157e-16,3.293967643323135,1,2.220446049250313e-16,1.066988396510746e-16,5.551115123125783e-17,0.3678794779593901,mpmath_1792,19999998.99999978,2.0000002e7,2.0000000000000052e7,53
kela98_ex3,2,Float64,false,taylor,complexschur,0.0,0.000333246,0.003449723,0.000170812,0.000362372,0.004300414,81,21,8.236092143148846e-84,10.84978277757991,1,1.727233711018889e-77,3.840547440775591e-17,1.564480488608202e-17,0.3678794779593901,mpmath_1792,19999998.99999978,2.0000002e7,2.0000000000000052e7,256
kela98_ex3,2,Float64,false,taylor,complexschur,0.0,0.000459746,0.006384566000000001,0.000174747,0.001868341,0.008891162,81,28,6.619959226602468e-261,1.018801007760022,1,1.331998346195134e-256,3.840547440775591e-17,1.564480488608202e-17,0.3678794779593901,mpmath_1792,19999998.99999978,2.0000002e7,2.0000000000000052e7,851
kela98_ex3,2,Float64,false,taylor,realschur,0.0,0.00028669899999999996,0.003383636,8.944300000000003e-5,0.000320401,0.004033247,20,22,1.110223024625157e-16,3.293967643323135,1,2.220446049250313e-16,1.066988396510746e-16,5.551115123125783e-17,0.3678794779593901,mpmath_1792,19999998.99999978,2.0000002e7,2.0000000000000052e7,53
kela98_ex3,2,Float64,false,taylor,realschur,0.0,0.00032635199999999997,0.003962393,0.000141561,0.000361611,0.004774634,81,21,8.236092143148846e-84,10.84978277757991,1,1.727233711018889e-77,3.840547440775591e-17,1.564480488608202e-17,0.3678794779593901,mpmath_1792,19999998.99999978,2.0000002e7,2.0000000000000052e7,256
kela98_ex3,2,Float64,false,taylor,realschur,0.0,0.000469463,0.010893100999999997,0.000269955,0.002903878,0.014571611,81,28,6.619959226602468e-261,1.018801007760022,1,1.331998346195134e-256,3.840547440775591e-17,1.564480488608202e-17,0.3678794779593901,mpmath_1792,19999998.99999978,2.0000002e7,2.0000000000000052e7,851
mopa03_21,4,Float64,false,scaling_and_squaring,NaN,NaN,NaN,NaN,NaN,NaN,2.2022e-5,NaN,NaN,NaN,NaN,NaN,2.220446049250313e-16,5.734540815240232e-16,5.828670879282072e-16,0.9984925139314271,mpmath_1792,17.12948427704917,3584.2838709677426,2516.039607902103,53
mopa03_21,4,Float64,false,diagonalcheap,transfree,0.0,4.6641e-5,0.000903681,0.000190659,1.1642e-5,0.001219022,13,2,8.326650480838031e-17,0.999974475893087,9.714545788307198,2.220446049250313e-16,3.862542714231385e-16,3.330783423323349e-16,0.9984925139314271,mpmath_1792,17.12948427704917,3584.2838709677426,2516.039607902103,53
mopa03_21,4,Float64,false,diagonalcheap,transfree,0.0,0.00019275500000000002,0.0015222870000000004,0.000383353,6.503e-6,0.002164425,43,1,1.136550443038911e-80,0.9997707512054602,58.60696661629142,1.727233711018889e-77,4.939170359261112e-17,4.595384734393112e-17,0.9984925139314271,mpmath_1792,17.12948427704917,3584.2838709677426,2516.039607902103,256
mopa03_21,4,Float64,false,diagonalcheap,transfree,0.0,0.0003983679999999999,0.0038106439999999993,0.000895176,1.8786e-5,0.005209016,91,2,6.886254157516247e-281,0.999974475893087,10.283543997583866,1.331998346195134e-256,4.939170359261112e-17,4.595384734393112e-17,0.9984925139314271,mpmath_1792,17.12948427704917,3584.2838709677426,2516.039607902103,851
mopa03_21,4,Float64,false,diagonalcheap,complexschur,0.000136264,0.000458109,0.003720761999999999,0.002513872,0.000209726,0.007217318,91,3,2.128877657624614e-17,1.704254758683123,3.541083732318464,2.220446049250313e-16,1.083931421508939e-15,1.233063130767764e-15,0.9984925139314271,mpmath_1792,17.12948427704917,3584.2838709677426,2516.039607902103,53
mopa03_21,4,Float64,false,diagonalcheap,complexschur,0.000203464,0.00034416700000000004,0.0026049600000000003,0.0017229390000000002,0.000105765,0.005218674,43,1,8.745454843393444e-82,1.303636741906626,51.709467588243164,1.727233711018889e-77,4.939170359261112e-17,4.595384734393112e-17,0.9984925139314271,mpmath_1792,17.12948427704917,3584.2838709677426,2516.039607902103,256
mopa03_21,4,Float64,false,diagonalcheap,complexschur,0.000568101,0.000677234,0.005750853000000002,0.0024872930000000002,0.000223703,0.009932099,91,2,1.641447875755942e-280,1.000909807052291,9.037320481197778,1.331998346195134e-256,4.939170359261112e-17,4.595384734393112e-17,0.9984925139314271,mpmath_1792,17.12948427704917,3584.2838709677426,2516.039607902103,851
mopa03_21,4,Float64,false,diagonalcheap,realschur,0.000179518,0.000660231,0.005856236000000001,0.0011759890000000001,0.000102629,0.008105179,91,3,2.128877657624614e-17,1.704254758683123,3.541083732318464,2.220446049250313e-16,1.083931421508939e-15,1.233063130767764e-15,0.9984925139314271,mpmath_1792,17.12948427704917,3584.2838709677426,2516.039607902103,53
mopa03_21,4,Float64,false,diagonalcheap,realschur,0.000343255,0.000303277,0.002382905,0.0004957609999999999,3.8354e-5,0.003671676,43,1,8.745454843393444e-82,1.303636741906626,51.709467588243164,1.727233711018889e-77,4.939170359261112e-17,4.595384734393112e-17,0.9984925139314271,mpmath_1792,17.12948427704917,3584.2838709677426,2516.039607902103,256
mopa03_21,4,Float64,false,diagonalcheap,realschur,0.00035073,0.000529136,0.005390625,0.0018713889999999998,0.000310792,0.00866338,91,2,1.641447875755942e-280,1.000909807052291,9.037320481197778,1.331998346195134e-256,4.939170359261112e-17,4.595384734393112e-17,0.9984925139314271,mpmath_1792,17.12948427704917,3584.2838709677426,2516.039607902103,851
mopa03_21,4,Float64,false,taylor,transfree,0.0,0.000277908,0.0007345950000000001,0.00025075499999999997,2.065e-5,0.001372179,30,2,2.220446049250313e-16,4.572653309792149,1,2.220446049250313e-16,4.789405627012516e-16,5.829733905630876e-16,0.9984925139314271,mpmath_1792,17.12948427704917,3584.2838709677426,2516.039607902103,53
mopa03_21,4,Float64,false,taylor,transfree,0.0,0.00048819700000000006,0.0014937470000000001,0.000519596,2.3926e-5,0.002622312,81,2,5.120152816470915e-77,4.572653309792149,1,1.727233711018889e-77,4.939170359261112e-17,4.595384734393112e-17,0.9984925139314271,mpmath_1792,17.12948427704917,3584.2838709677426,2516.039607902103,256
mopa03_21,4,Float64,false,taylor,transfree,0.0,0.0004832380000000001,0.00292205,0.00043171999999999997,8.5495e-5,0.004025041,90,9,1.721567512383298e-281,0.9999999999998021,1,1.331998346195134e-256,4.939170359261112e-17,4.595384734393112e-17,0.9984925139314271,mpmath_1792,17.12948427704917,3584.2838709677426,2516.039607902103,851
mopa03_21,4,Float64,false,taylor,complexschur,0.000160401,0.00020667899999999998,0.000515398,0.000367182,8.3893e-5,0.001509225,30,2,3.33066907387547e-16,2.796288397617364,1,2.220446049250313e-16,1.079916662468234e-15,1.232412609464273e-15,0.9984925139314271,mpmath_1792,17.12948427704917,3584.2838709677426,2516.039607902103,53
mopa03_21,4,Float64,false,taylor,complexschur,0.000224094,0.000487645,0.0013722049999999996,0.0012833200000000001,0.000216489,0.003826265,81,2,8.430463917727159e-80,2.796288397617365,1,1.727233711018889e-77,4.939170359261112e-17,4.595384734393112e-17,0.9984925139314271,mpmath_1792,17.12948427704917,3584.2838709677426,2516.039607902103,256
mopa03_21,4,Float64,false,taylor,complexschur,0.000593119,0.0007672070000000001,0.004514971,0.0017344740000000002,0.001554402,0.009484301,90,8,6.620124621571839e-257,1.051128017009214,1,1.331998346195134e-256,4.939170359261112e-17,4.595384734393112e-17,0.9984925139314271,mpmath_1792,17.12948427704917,3584.2838709677426,2516.039607902103,851
mopa03_21,4,Float64,false,taylor,realschur,0.000163547,0.00017779500000000001,0.0005023930000000001,0.000153257,4.0298e-5,0.001127806,30,2,2.220446049250313e-16,2.796288397617364,1,2.220446049250313e-16,1.079916662468234e-15,1.232412609464273e-15,0.9984925139314271,mpmath_1792,17.12948427704917,3584.2838709677426,2516.039607902103,53
mopa03_21,4,Float64,false,taylor,realschur,0.000227771,0.000295484,0.0008572129999999998,0.000340527,7.5066e-5,0.001896756,81,2,8.430463917727159e-80,2.796288397617365,1,1.727233711018889e-77,4.939170359261112e-17,4.595384734393112e-17,0.9984925139314271,mpmath_1792,17.12948427704917,3584.2838709677426,2516.039607902103,256
mopa03_21,4,Float64,false,taylor,realschur,0.000425375,0.000392047,0.0023587070000000003,0.000502143,0.000711429,0.004529739,90,8,6.620124621571839e-257,1.051128017009214,1,1.331998346195134e-256,4.939170359261112e-17,4.595384734393112e-17,0.9984925139314271,mpmath_1792,17.12948427704917,3584.2838709677426,2516.039607902103,851
mopa03_26,3,Float64,false,scaling_and_squaring,NaN,NaN,NaN,NaN,NaN,NaN,1.4899e-5,NaN,NaN,NaN,NaN,NaN,2.220446049250313e-16,1.704012023789879e-17,2.775557561562891e-17,1,mpmath_1792,0.2065784013396638,Inf,Inf,53
mopa03_26,3,Float64,false,diagonalcheap,transfree,0.0,9.92e-7,0.00045494999999999997,0.00011761000000000001,5.0e-8,0.000633308,5,0,1.110223024625157e-16,1,1.080558036425934,2.220446049250313e-16,1.704012023789879e-17,2.775557561562891e-17,1,mpmath_1792,0.2065784013396638,Inf,Inf,53
mopa03_26,3,Float64,false,diagonalcheap,transfree,0.0,0.00016042100000000003,0.0008007239999999999,0.000187662,3.0e-8,0.001194946,21,0,5.14755758946803e-85,1,1.2400318411903024,1.727233711018889e-77,1.926528207542955e-17,2.606052575776854e-17,1,mpmath_1792,0.2065784013396638,Inf,Inf,256
mopa03_26,3,Float64,false,diagonalcheap,transfree,0.0,0.00029597300000000005,0.0019819139999999996,0.000410344,3.0e-8,0.002751843,57,0,1.377254009906639e-281,1,1.0810559333581005,1.331998346195134e-256,1.926528207542955e-17,2.606052575776854e-17,1,mpmath_1792,0.2065784013396638,Inf,Inf,851
mopa03_26,3,Float64,false,diagonalcheap,complexschur,6.8863e-5,4.4316e-5,0.00044360000000000005,0.000204316,3.0e-8,0.000824097,7,0,7.244888485429606e-18,1.083796267726694,1.100821094392229,2.220446049250313e-16,3.937784155513215e-16,7.28583859910259e-16,1,mpmath_1792,0.2065784013396638,Inf,Inf,53
mopa03_26,3,Float64,false,diagonalcheap,complexschur,6.7631e-5,0.000160069,0.0008261629999999999,0.000372961,3.0e-8,0.001499836,21,0,1.075040201037864e-84,1.083796267726694,1.1011222888983654,1.727233711018889e-77,1.926528207542955e-17,2.606052575776854e-17,1,mpmath_1792,0.2065784013396638,Inf,Inf,256
mopa03_26,3,Float64,false,diagonalcheap,complexschur,0.043496588,0.00039689799999999997,0.005064107000000001,0.001715253,4.1e-8,0.050865009,57,0,7.191060381911007e-282,1.083796267726694,1.101211406015603,1.331998346195134e-256,1.926528207542955e-17,2.606052575776854e-17,1,mpmath_1792,0.2065784013396638,Inf,Inf,851
mopa03_26,3,Float64,false,diagonalcheap,realschur,9.5014e-5,6.0005e-5,0.000697201,0.000209687,4.0e-8,0.001127546,7,0,7.244888485429606e-18,1.083796267726694,1.100821094392229,2.220446049250313e-16,3.937784155513215e-16,7.28583859910259e-16,1,mpmath_1792,0.2065784013396638,Inf,Inf,53
mopa03_26,3,Float64,false,diagonalcheap,realschur,9.4423e-5,0.00024091699999999997,0.0014471059999999997,0.00036276200000000003,5.0e-8,0.00221872,21,0,1.075040201037864e-84,1.083796267726694,1.1011222888983654,1.727233711018889e-77,1.926528207542955e-17,2.606052575776854e-17,1,mpmath_1792,0.2065784013396638,Inf,Inf,256
mopa03_26,3,Float64,false,diagonalcheap,realschur,0.000137927,0.000493526,0.0038753909999999993,0.0009289,4.0e-8,0.005550357,57,0,7.191060381911007e-282,1.083796267726694,1.101211406015603,1.331998346195134e-256,1.926528207542955e-17,2.606052575776854e-17,1,mpmath_1792,0.2065784013396638,Inf,Inf,851
mopa03_26,3,Float64,false,taylor,transfree,0.0,0.00010664700000000001,0.00025310900000000006,4.9038e-5,3.0e-8,0.00044366,12,0,6.938893903907228e-18,1,1,2.220446049250313e-16,0,0,1,mpmath_1792,0.2065784013396638,Inf,Inf,53
mopa03_26,3,Float64,false,taylor,transfree,0.0,0.000190017,0.00039756899999999996,9.277e-5,3.0e-8,0.000716198,42,0,2.396790322135335e-79,1,1,1.727233711018889e-77,1.926528207542955e-17,2.606052575776854e-17,1,mpmath_1792,0.2065784013396638,Inf,Inf,256
mopa03_26,3,Float64,false,taylor,transfree,0.0,0.000328999,0.001681457,0.000215499,1.564e-5,0.002313584,90,3,6.696897623171031e-279,1,1,1.331998346195134e-256,1.926528207542955e-17,2.606052575776854e-17,1,mpmath_1792,0.2065784013396638,Inf,Inf,851
mopa03_26,3,Float64,false,taylor,complexschur,7.1919e-5,0.00012869799999999998,0.00026899199999999996,0.000119973,4.0e-8,0.000667283,12,0,0,1.083840083852329,1,2.220446049250313e-16,3.945959933723647e-16,7.277164981722706e-16,1,mpmath_1792,0.2065784013396638,Inf,Inf,53
mopa03_26,3,Float64,false,taylor,complexschur,6.69e-5,0.000228852,0.00043522099999999996,0.000256118,3.0e-8,0.001062569,42,0,7.617041719881832e-79,1.083840083852329,1,1.727233711018889e-77,1.926528207542955e-17,2.606052575776854e-17,1,mpmath_1792,0.2065784013396638,Inf,Inf,256
mopa03_26,3,Float64,false,taylor,complexschur,9.0695e-5,0.00044303999999999996,0.0026820679999999997,0.000859985,0.000293869,0.004559236,90,3,3.709977989186008e-278,1.011547545874414,1,1.331998346195134e-256,1.926528207542955e-17,2.606052575776854e-17,1,mpmath_1792,0.2065784013396638,Inf,Inf,851
mopa03_26,3,Float64,false,taylor,realschur,9.0576e-5,0.00013146400000000003,0.000339337,8.676900000000001e-5,4.0e-8,0.000710416,12,0,0,1.083840083852329,1,2.220446049250313e-16,3.945959933723647e-16,7.277164981722706e-16,1,mpmath_1792,0.2065784013396638,Inf,Inf,53
mopa03_26,3,Float64,false,taylor,realschur,9.314e-5,0.0003096199999999999,0.000689494,0.00021431399999999998,4.0e-8,0.001380826,42,0,7.617041719881832e-79,1.083840083852329,1,1.727233711018889e-77,1.926528207542955e-17,2.606052575776854e-17,1,mpmath_1792,0.2065784013396638,Inf,Inf,256
mopa03_26,3,Float64,false,taylor,realschur,0.000134201,0.000534227,0.0030141350000000003,0.000555755,0.000224265,0.004594304,90,3,3.709977989186008e-278,1.011547545874414,1,1.331998346195134e-256,1.926528207542955e-17,2.606052575776854e-17,1,mpmath_1792,0.2065784013396638,Inf,Inf,851
kase99_table1,10,Float64,false,scaling_and_squaring,NaN,NaN,NaN,NaN,NaN,NaN,2.4387e-5,NaN,NaN,NaN,NaN,NaN,2.220446049250313e-16,7.021669809638465e-17,1.110227259789956e-16,1,mpmath_1792,1.189873915481938e-06,Inf,Inf,53
kase99_table1,10,Float64,false,diagonalcheap,transfree,0.0,5.42e-7,0.0004278300000000001,0.00030857799999999994,4.0e-8,0.000830399,3,0,0,1,1.0000004393874,2.220446049250313e-16,6.69965826916053e-23,2.117582494353496e-22,1,mpmath_1792,1.189873915481938e-06,Inf,Inf,53
kase99_table1,10,Float64,false,diagonalcheap,transfree,0.0,5.4355e-5,0.0005636619999999999,0.000615594,3.0e-8,0.001323816,7,0,0,1,1.0000004393874238,1.727233711018889e-77,2.427901545663099e-17,4.422371510414173e-17,1,mpmath_1792,1.189873915481938e-06,Inf,Inf,256
kase99_table1,10,Float64,false,diagonalcheap,transfree,0.0,0.00023244099999999998,0.0014455600000000002,0.001809687,3.0e-8,0.003614415,21,0,0,1,1.000001601000648,1.331998346195134e-256,2.427901545663099e-17,4.422371510414173e-17,1,mpmath_1792,1.189873915481938e-06,Inf,Inf,851
kase99_table1,10,Float64,false,diagonalcheap,complexschur,0.001044294,7.71e-7,0.00047849800000000005,0.0010354869999999999,3.0e-8,0.003326827,3,0,6.938902539418403e-18,1.000001833399011,1.0000022935100625,2.220446049250313e-16,7.863836691744967e-16,2.67061374715825e-15,1,mpmath_1792,1.189873915481938e-06,Inf,Inf,53
kase99_table1,10,Float64,false,diagonalcheap,complexschur,0.001881076,7.6819e-5,0.000821572,0.002381876,3.0e-8,0.006027322,7,0,0,1.000001833396426,1.0000022935102038,1.727233711018889e-77,2.427901545663099e-17,4.422371510414173e-17,1,mpmath_1792,1.189873915481938e-06,Inf,Inf,256
kase99_table1,10,Float64,false,diagonalcheap,complexschur,0.003997367,0.00036961599999999997,0.0026495479999999994,0.008964673,5.0e-8,0.018038109,21,0,3.443139309777133e-282,1.000001242709154,1.000002293510264,1.331998346195134e-256,2.427901545663099e-17,4.422371510414173e-17,1,mpmath_1792,1.189873915481938e-06,Inf,Inf,851
kase99_table1,10,Float64,false,diagonalcheap,realschur,0.001926695,3.006e-6,0.004465615000000001,0.000761436,3.0e-8,0.007522189,3,0,6.938902539418403e-18,1.000001833399011,1.0000022935100625,2.220446049250313e-16,7.863836691744967e-16,2.67061374715825e-15,1,mpmath_1792,1.189873915481938e-06,Inf,Inf,53
kase99_table1,10,Float64,false,diagonalcheap,realschur,0.001786773,6.6449e-5,0.0007888009999999998,0.000739723,4.0e-8,0.00371512,7,0,0,1.000001833396426,1.0000022935102038,1.727233711018889e-77,2.427901545663099e-17,4.422371510414173e-17,1,mpmath_1792,1.189873915481938e-06,Inf,Inf,256
kase99_table1,10,Float64,false,diagonalcheap,realschur,0.004046702,0.000247458,0.0018878380000000002,0.001969629,3.0e-8,0.008748274,21,0,3.443139309777133e-282,1.000001242709154,1.000002293510264,1.331998346195134e-256,2.427901545663099e-17,4.422371510414173e-17,1,mpmath_1792,1.189873915481938e-06,Inf,Inf,851
kase99_table1,10,Float64,false,taylor,transfree,0.0,7.62e-7,0.00028069399999999995,0.00025508499999999995,3.1e-8,0.00064999,4,0,0,1,1,2.220446049250313e-16,3.118261360871961e-32,9.860964088038164e-32,1,mpmath_1792,1.189873915481938e-06,Inf,Inf,53
kase99_table1,10,Float64,false,taylor,transfree,0.0,0.00013215599999999997,0.00030267699999999995,0.00041564599999999993,3.0e-8,0.00094927,12,0,2.316400915260613e-83,1,1,1.727233711018889e-77,2.427901545663099e-17,4.422371510414173e-17,1,mpmath_1792,1.189873915481938e-06,Inf,Inf,256
kase99_table1,10,Float64,false,taylor,transfree,0.0,0.000371829,0.000703065,0.0014068969999999998,3.0e-8,0.002599739,42,0,6.886270049533194e-282,1,1,1.331998346195134e-256,2.427901545663099e-17,4.422371510414173e-17,1,mpmath_1792,1.189873915481938e-06,Inf,Inf,851
kase99_table1,10,Float64,false,taylor,complexschur,0.001319216,7.11e-7,0.000340199,0.000915094,3.0e-8,0.003447201,4,0,0,1.000002489015681,1,2.220446049250313e-16,7.863836691744967e-16,2.67061374715825e-15,1,mpmath_1792,1.189873915481938e-06,Inf,Inf,53
kase99_table1,10,Float64,false,taylor,complexschur,0.001937425,0.000337265,0.0007899720000000001,0.0033537700000000003,4.0e-8,0.008046675,12,0,2.573778794734014e-84,1.000002489015681,1,1.727233711018889e-77,2.427901545663099e-17,4.422371510414173e-17,1,mpmath_1792,1.189873915481938e-06,Inf,Inf,256
kase99_table1,10,Float64,false,taylor,complexschur,0.007445981,0.000568371,0.001094312,0.005984537,4.0e-8,0.017532359,42,0,6.886270049533194e-282,1.000002489015681,1,1.331998346195134e-256,2.427901545663099e-17,4.422371510414173e-17,1,mpmath_1792,1.189873915481938e-06,Inf,Inf,851
kase99_table1,10,Float64,false,taylor,realschur,0.001062108,8.52e-7,0.000302024,0.00022396500000000001,3.0e-8,0.001833463,4,0,0,1.000002489015681,1,2.220446049250313e-16,7.863836691744967e-16,2.67061374715825e-15,1,mpmath_1792,1.189873915481938e-06,Inf,Inf,53
kase99_table1,10,Float64,false,taylor,realschur,0.00354986,0.000321954,0.000937357,0.0014990240000000003,4.0e-8,0.00709472,12,0,2.573778794734014e-84,1.000002489015681,1,1.727233711018889e-77,2.427901545663099e-17,4.422371510414173e-17,1,mpmath_1792,1.189873915481938e-06,Inf,Inf,256
kase99_table1,10,Float64,false,taylor,realschur,0.032002493,0.0006116749999999999,0.001514486,0.0032160820000000003,3.0e-8,0.038032098,42,0,6.886270049533194e-282,1.000002489015681,1,1.331998346195134e-256,2.427901545663099e-17,4.422371510414173e-17,1,mpmath_1792,1.189873915481938e-06,Inf,Inf,851
niesen_example,2,ComplexF64,false,scaling_and_squaring,NaN,NaN,NaN,NaN,NaN,NaN,3.5719e-5,NaN,NaN,NaN,NaN,NaN,2.220446049250313e-16,2.370976544491032e-13,1.186675281467495e-10,500.5001768079688,mpmath_1792,499647572.3617147,6.016815107717086e21,8.79610621946402e18,53
niesen_example,2,ComplexF64,false,diagonalcheap,transfree,0.0,5.370999999999999e-6,0.0018933000000000003,0.00021707899999999999,0.000159348,0.002350295,5,16,5.987847958035298e-17,16.2587967011846,74.4664499837492,2.220446049250313e-16,5.39129611080221e-12,2.698345031507207e-09,500.5001768079688,mpmath_1792,499647572.3617147,6.016815107717086e21,8.79610621946402e18,53
niesen_example,2,ComplexF64,false,diagonalcheap,transfree,0.0,0.000293187,0.0035147829999999996,0.000592758,0.000143287,0.00465914,31,10,5.038845671460566e-82,982.561744296446,239551.67174804234,1.727233711018889e-77,4.878439876672761e-17,2.444748924775858e-14,500.5001768079688,mpmath_1792,499647572.3617147,6.016815107717086e21,8.79610621946402e18,256
niesen_example,2,ComplexF64,false,diagonalcheap,transfree,0.0,0.000528906,0.006229442000000001,0.001022712,0.000142656,0.008074067,73,10,3.370418818694525e-279,982.5617442964455,239551.67174804222,1.331998346195134e-256,4.878439876672761e-17,2.444748924775858e-14,500.5001768079688,mpmath_1792,499647572.3617147,6.016815107717086e21,8.79610621946402e18,851
niesen_example,2,ComplexF64,false,diagonalcheap,complexschur,9.4063e-5,5.2600000000000005e-6,0.0013755790000000005,0.000149688,0.00032546,0.002023241,5,16,1.196821340718399e-16,16.24804221278393,74.4665403497224,2.220446049250313e-16,8.807229431184038e-11,4.408021819117462e-08,500.5001768079688,mpmath_1792,499647572.3617147,6.016815107717086e21,8.79610621946402e18,53
niesen_example,2,ComplexF64,false,diagonalcheap,complexschur,0.000196561,0.000203173,0.00243589,0.00040785800000000004,0.000378022,0.003752353,31,10,5.035783625260116e-82,981.9883311278736,239605.37374803543,1.727233711018889e-77,4.878439876672761e-17,2.444748924775858e-14,500.5001768079688,mpmath_1792,499647572.3617147,6.016815107717086e21,8.79610621946402e18,256
niesen_example,2,ComplexF64,false,diagonalcheap,complexschur,0.000235317,0.000615975,0.005769522999999999,0.0009666599999999999,0.000884444,0.008657799,73,10,3.368370655521726e-279,981.9883311278734,239605.37374803534,1.331998346195134e-256,4.878439876672761e-17,2.444748924775858e-14,500.5001768079688,mpmath_1792,499647572.3617147,6.016815107717086e21,8.79610621946402e18,851
niesen_example,2,ComplexF64,false,taylor,transfree,0.0,0.00023025599999999997,0.000963527,0.000133199,5.0298e-5,0.001463687,36,9,0,2316.397514292968,1,2.220446049250313e-16,5.935291333877034e-14,2.97060317183532e-11,500.5001768079688,mpmath_1792,499647572.3617147,6.016815107717086e21,8.79610621946402e18,53
niesen_example,2,ComplexF64,false,taylor,transfree,0.0,0.0005039410000000002,0.002308568,0.00041292200000000003,0.000126014,0.003452401,90,9,4.941655285889308e-83,2108.657714142024,1,1.727233711018889e-77,4.878439876672761e-17,2.444748924775858e-14,500.5001768079688,mpmath_1792,499647572.3617147,6.016815107717086e21,8.79610621946402e18,256
niesen_example,2,ComplexF64,false,taylor,transfree,0.0,0.0006282540000000001,0.0055300309999999995,0.0005295930000000001,0.000419463,0.007255923,90,16,2.410194517336618e-281,16.2587967011846,1,1.331998346195134e-256,4.878439876672761e-17,2.444748924775858e-14,500.5001768079688,mpmath_1792,499647572.3617147,6.016815107717086e21,8.79610621946402e18,851
niesen_example,2,ComplexF64,false,taylor,complexschur,0.000126135,0.000235989,0.000913808,0.000173545,0.000182153,0.001731986,49,8,4.547473508864641e-13,10593.29371255516,1,2.220446049250313e-16,8.807229431184038e-11,4.408021819117462e-08,500.5001768079688,mpmath_1792,499647572.3617147,6.016815107717086e21,8.79610621946402e18,53
niesen_example,2,ComplexF64,false,taylor,complexschur,0.000134261,0.00038280400000000004,0.0014931440000000003,0.000327113,0.000344858,0.002808123,90,9,1.647218428629769e-83,2107.032669243996,1,1.727233711018889e-77,4.878439876672761e-17,2.444748924775858e-14,500.5001768079688,mpmath_1792,499647572.3617147,6.016815107717086e21,8.79610621946402e18,256
niesen_example,2,ComplexF64,false,taylor,complexschur,0.000176502,0.0004004469999999999,0.003554189,0.000605583,0.002121111,0.007075924,90,16,4.476075532196576e-281,16.24804221278394,1,1.331998346195134e-256,4.878439876672761e-17,2.444748924775858e-14,500.5001768079688,mpmath_1792,499647572.3617147,6.016815107717086e21,8.79610621946402e18,851
awad_25,2,Float64,false,scaling_and_squaring,NaN,NaN,NaN,NaN,NaN,NaN,1.8345e-5,NaN,NaN,NaN,NaN,NaN,2.220446049250313e-16,0.99326205320146,2.69996619011545e+17,2.718281828459045e+17,mpmath_1792,1.666666666666666e+33,1.0e34,1.0e34,53
awad_25,2,Float64,false,diagonalcheap,transfree,0.0,1.2124999999999997e-5,0.003178899999999998,0.000284543,0.000583391,0.077236227,3,53,4.545749279165195e-17,12.10223024625157,42.91710935644734,2.220446049250313e-16,0,0,2.718281828459045e+17,mpmath_1792,1.666666666666666e+33,1.0e34,1.0e34,53
awad_25,2,Float64,false,diagonalcheap,transfree,0.0,1.4092e-5,0.003670329999999996,0.00013874799999999998,0.000436426,0.004371452,5,40,1.926650501721197e-74,90950.47017737554,2.0680424818529556e9,1.727233711018889e-77,4.243867808833816e-17,11.53602874713527,2.718281828459045e+17,mpmath_1792,1.666666666666666e+33,1.0e34,1.0e34,256
awad_25,2,Float64,false,diagonalcheap,transfree,0.0,0.000117505,0.002889051,0.000256869,0.000626033,0.004003208,25,21,4.967166106906942e-263,47683738558.68547,5.684341941874078e20,1.331998346195134e-256,4.243867808833816e-17,11.53602874713527,2.718281828459045e+17,mpmath_1792,1.666666666666666e+33,1.0e34,1.0e34,851
awad_25,2,Float64,false,diagonalcheap,complexschur,0.0,2.2715999999999997e-5,0.005487448000000001,0.000169938,0.000592799,0.00643401,3,53,4.545749279165195e-17,12.10223024625157,42.91710935644734,2.220446049250313e-16,0,0,2.718281828459045e+17,mpmath_1792,1.666666666666666e+33,1.0e34,1.0e34,53
awad_25,2,Float64,false,diagonalcheap,complexschur,0.0,1.7964000000000003e-5,0.004561639,0.000149231,0.000451976,0.005337334,5,40,1.926650501721197e-74,90950.47017737554,2.0680424818529556e9,1.727233711018889e-77,4.243867808833816e-17,11.53602874713527,2.718281828459045e+17,mpmath_1792,1.666666666666666e+33,1.0e34,1.0e34,256
awad_25,2,Float64,false,diagonalcheap,complexschur,0.0,0.000175241,0.004417511,0.00040030700000000003,0.001140691,0.006297074,25,21,4.967166106906942e-263,47683738558.68547,5.684341941874078e20,1.331998346195134e-256,4.243867808833816e-17,11.53602874713527,2.718281828459045e+17,mpmath_1792,1.666666666666666e+33,1.0e34,1.0e34,851
awad_25,2,Float64,false,diagonalcheap,realschur,0.0,2.2470000000000003e-5,0.005253702000000003,0.00013601300000000001,0.000364516,0.005914172,3,53,4.545749279165195e-17,12.10223024625157,42.91710935644734,2.220446049250313e-16,0,0,2.718281828459045e+17,mpmath_1792,1.666666666666666e+33,1.0e34,1.0e34,53
awad_25,2,Float64,false,diagonalcheap,realschur,0.0,1.0382999999999997e-5,0.0025733559999999984,0.000126715,0.000510319,0.003319083,5,40,1.926650501721197e-74,90950.47017737554,2.0680424818529556e9,1.727233711018889e-77,4.243867808833816e-17,11.53602874713527,2.718281828459045e+17,mpmath_1792,1.666666666666666e+33,1.0e34,1.0e34,256
awad_25,2,Float64,false,diagonalcheap,realschur,0.0,0.000180578,0.0037250389999999994,0.000382204,0.001130851,0.005565627,25,21,4.967166106906942e-263,47683738558.68547,5.684341941874078e20,1.331998346195134e-256,4.243867808833816e-17,11.53602874713527,2.718281828459045e+17,mpmath_1792,1.666666666666666e+33,1.0e34,1.0e34,851
awad_25,2,Float64,false,taylor,transfree,0.0,0.00011477400000000001,0.0011308009999999994,9.781e-5,7.784e-5,0.001449309,30,7,5.302143790686387e-08,787377419692538.5,1,2.220446049250313e-16,0,0,2.718281828459045e+17,mpmath_1792,1.666666666666666e+33,1.0e34,1.0e34,53
awad_25,2,Float64,false,taylor,transfree,0.0,0.00021022600000000002,0.0018071999999999997,0.000152167,0.000180971,0.002370794,56,8,5.147557589468029e-85,392153863022793,1,1.727233711018889e-77,4.243867808833816e-17,11.53602874713527,2.718281828459045e+17,mpmath_1792,1.666666666666666e+33,1.0e34,1.0e34,256
awad_25,2,Float64,false,taylor,transfree,0.0,0.00036592,0.004700752999999999,0.000177219,0.00038693,0.005654909,81,12,4.92813242187314e-256,24420023692133.52,1,1.331998346195134e-256,4.243867808833816e-17,11.53602874713527,2.718281828459045e+17,mpmath_1792,1.666666666666666e+33,1.0e34,1.0e34,851
awad_25,2,Float64,false,taylor,complexschur,0.0,7.1859e-5,0.0006282350000000003,6.0629e-5,4.133e-5,0.000839287,30,7,5.302143790686387e-08,787377419692538.5,1,2.220446049250313e-16,0,0,2.718281828459045e+17,mpmath_1792,1.666666666666666e+33,1.0e34,1.0e34,53
awad_25,2,Float64,false,taylor,complexschur,0.0,0.00013074499999999998,0.00106784,8.2158e-5,0.000104843,0.001412327,56,8,5.147557589468029e-85,392153863022793,1,1.727233711018889e-77,4.243867808833816e-17,11.53602874713527,2.718281828459045e+17,mpmath_1792,1.666666666666666e+33,1.0e34,1.0e34,256
awad_25,2,Float64,false,taylor,complexschur,0.0,0.00022241199999999996,0.0026974049999999995,0.000144011,0.000381749,0.003479965,81,12,4.92813242187314e-256,24420023692133.52,1,1.331998346195134e-256,4.243867808833816e-17,11.53602874713527,2.718281828459045e+17,mpmath_1792,1.666666666666666e+33,1.0e34,1.0e34,851
awad_25,2,Float64,false,taylor,realschur,0.0,0.000114964,0.0010329610000000002,7.690099999999999e-5,4.1371e-5,0.001305961,30,7,5.302143790686387e-08,787377419692538.5,1,2.220446049250313e-16,0,0,2.718281828459045e+17,mpmath_1792,1.666666666666666e+33,1.0e34,1.0e34,53
awad_25,2,Float64,false,taylor,realschur,0.0,0.00022220900000000004,0.0018087360000000007,0.00014012300000000003,0.000164589,0.002377879,56,8,5.147557589468029e-85,392153863022793,1,1.727233711018889e-77,4.243867808833816e-17,11.53602874713527,2.718281828459045e+17,mpmath_1792,1.666666666666666e+33,1.0e34,1.0e34,256
awad_25,2,Float64,false,taylor,realschur,0.0,0.00033546400000000005,0.004288269999999999,0.00022160200000000005,0.000590996,0.005477044,81,12,4.92813242187314e-256,24420023692133.52,1,1.331998346195134e-256,4.243867808833816e-17,11.53602874713527,2.718281828459045e+17,mpmath_1792,1.666666666666666e+33,1.0e34,1.0e34,851
awad_26,4,Float64,false,scaling_and_squaring,NaN,NaN,NaN,NaN,NaN,NaN,3.4807e-5,NaN,NaN,NaN,NaN,NaN,2.220446049250313e-16,1.271051242519866e-10,1033.060546882467,8096721548964.715,mpmath_1792,6.325249279659764e+21,4.004000200562144e23,1.803358506785291e24,53
awad_26,4,Float64,false,diagonalcheap,transfree,0.0,9.798999999999999e-6,0.002771222,0.000164246,0.00027885,0.003328902,3,31,7.850128541925946e-17,10.31322837975475,31.997277962843064,2.220446049250313e-16,1.98870015750942e-06,16190657.56497526,8096721548964.715,mpmath_1792,6.325249279659764e+21,4.004000200562144e23,1.803358506785291e24,53
awad_26,4,Float64,false,diagonalcheap,transfree,0.0,6.8933e-5,0.00288917,0.00032479000000000004,0.000211029,0.003586541,13,18,1.96563653580988e-80,76440.46809079993,1.4580449149261472e9,1.727233711018889e-77,5.424701977875133e-17,0.0004799809331846365,8096721548964.715,mpmath_1792,6.325249279659764e+21,4.004000200562144e23,1.803358506785291e24,256
awad_26,4,Float64,false,diagonalcheap,transfree,0.0,0.00032418,0.005133254,0.000781647,0.000259824,0.006664887,37,13,8.666140955419332e-276,2590412.927007178,1.5824557017695662e12,1.331998346195134e-256,5.424701977875133e-17,0.0004799809331846365,8096721548964.715,mpmath_1792,6.325249279659764e+21,4.004000200562144e23,1.803358506785291e24,851
awad_26,4,Float64,false,diagonalcheap,complexschur,0.000126295,1.0352e-5,0.003021589999999999,0.00024523900000000007,0.001302284,0.004897391,3,31,0,10.31322574788339,31.997269208277007,2.220446049250313e-16,1.911249275333036e-14,0.1552734375126761,8096721548964.715,mpmath_1792,6.325249279659764e+21,4.004000200562144e23,1.803358506785291e24,53
awad_26,4,Float64,false,diagonalcheap,complexschur,0.000103581,8.1831e-5,0.0020907409999999997,0.0005936410000000001,0.001374293,0.004500102,13,18,1.963688861598137e-80,76294.94530887034,1.4552678177837625e9,1.727233711018889e-77,5.424701977875133e-17,0.0004799809331846365,8096721548964.715,mpmath_1792,6.325249279659764e+21,4.004000200562144e23,1.803358506785291e24,256
awad_26,4,Float64,false,diagonalcheap,complexschur,0.000115765,0.00043108800000000004,0.005055891000000002,0.00203404,0.002079541,0.010064676,37,13,0,2441407.255941235,1.4901185626423926e12,1.331998346195134e-256,5.424701977875133e-17,0.0004799809331846365,8096721548964.715,mpmath_1792,6.325249279659764e+21,4.004000200562144e23,1.803358506785291e24,851
awad_26,4,Float64,false,diagonalcheap,realschur,8.3632e-5,1.3016000000000002e-5,0.003475625999999999,0.000258349,0.000642775,0.004609333,3,31,0,10.31322574788339,31.997269208277007,2.220446049250313e-16,1.923345306718595e-14,0.1562500000126761,8096721548964.715,mpmath_1792,6.325249279659764e+21,4.004000200562144e23,1.803358506785291e24,53
awad_26,4,Float64,false,diagonalcheap,realschur,7.0156e-5,6.486400000000001e-5,0.0018913350000000003,0.000277206,0.000649559,0.003055652,13,18,1.963688861598137e-80,76294.94530887034,1.4552678177837625e9,1.727233711018889e-77,5.424701977875133e-17,0.0004799809331846365,8096721548964.715,mpmath_1792,6.325249279659764e+21,4.004000200562144e23,1.803358506785291e24,256
awad_26,4,Float64,false,diagonalcheap,realschur,0.00015444,0.00025574,0.0031981389999999996,0.000615334,0.000907249,0.005297397,37,13,0,2441407.255941235,1.4901185626423926e12,1.331998346195134e-256,5.424701977875133e-17,0.0004799809331846365,8096721548964.715,mpmath_1792,6.325249279659764e+21,4.004000200562144e23,1.803358506785291e24,851
awad_26,4,Float64,false,taylor,transfree,0.0,0.00032966900000000004,0.0010415239999999998,0.00021003900000000003,2.9497e-5,0.001589861,30,5,5.069402675417223e-10,10290581101.42078,1,2.220446049250313e-16,2.178223185210402e-11,176.0708008118355,8096721548964.715,mpmath_1792,6.325249279659764e+21,4.004000200562144e23,1.803358506785291e24,53
awad_26,4,Float64,false,taylor,transfree,0.0,0.0005344050000000002,0.002235163,0.00047193300000000006,7.2431e-5,0.003303853,64,5,1.670768669323428e-76,10290581101.42078,1,1.727233711018889e-77,5.424701977875133e-17,0.0004799809331846365,8096721548964.715,mpmath_1792,6.325249279659764e+21,4.004000200562144e23,1.803358506785291e24,256
awad_26,4,Float64,false,taylor,transfree,0.0,0.0006592479999999996,0.005506084,0.000761656,0.000234765,0.007163052,90,10,0,29064895.3500509,1,1.331998346195134e-256,5.424701977875133e-17,0.0004799809331846365,8096721548964.715,mpmath_1792,6.325249279659764e+21,4.004000200562144e23,1.803358506785291e24,851
awad_26,4,Float64,false,taylor,complexschur,0.000140392,0.0005497840000000001,0.0016678029999999998,0.000756948,0.000171623,0.003268314,42,4,0,38273816332.16621,1,2.220446049250313e-16,1.959633418707596e-14,0.1591796875126761,8096721548964.715,mpmath_1792,6.325249279659764e+21,4.004000200562144e23,1.803358506785291e24,53
awad_26,4,Float64,false,taylor,complexschur,0.000109352,0.000452485,0.0017467040000000002,0.0009212459999999998,0.000535628,0.003903394,64,5,1.670768669323428e-76,9665479371.193192,1,1.727233711018889e-77,5.424701977875133e-17,0.0004799809331846365,8096721548964.715,mpmath_1792,6.325249279659764e+21,4.004000200562144e23,1.803358506785291e24,256
awad_26,4,Float64,false,taylor,complexschur,0.000121976,0.000765773,0.005581725999999996,0.001544265,0.001350097,0.009414205,90,10,6.886270049533194e-282,19531254.10343264,1,1.331998346195134e-256,5.424701977875133e-17,0.0004799809331846365,8096721548964.715,mpmath_1792,6.325249279659764e+21,4.004000200562144e23,1.803358506785291e24,851
awad_26,4,Float64,false,taylor,realschur,8.6317e-5,0.000342866,0.0010037240000000001,0.00033341800000000004,8.5215e-5,0.001818976,42,4,0,38273816332.16621,1,2.220446049250313e-16,1.995921556310345e-14,0.1621093750126761,8096721548964.715,mpmath_1792,6.325249279659764e+21,4.004000200562144e23,1.803358506785291e24,53
awad_26,4,Float64,false,taylor,realschur,8.5626e-5,0.00036744100000000003,0.0015877540000000005,0.000364236,0.000156023,0.002553619,64,5,1.670768669323428e-76,9665479371.193192,1,1.727233711018889e-77,5.424701977875133e-17,0.0004799809331846365,8096721548964.715,mpmath_1792,6.325249279659764e+21,4.004000200562144e23,1.803358506785291e24,256
awad_26,4,Float64,false,taylor,realschur,0.000107939,0.00046203499999999996,0.003479706,0.000535826,0.001016801,0.005640551,90,10,6.886270049533194e-282,19531254.10343264,1,1.331998346195134e-256,5.424701977875133e-17,0.0004799809331846365,8096721548964.715,mpmath_1792,6.325249279659764e+21,4.004000200562144e23,1.803358506785291e24,851
awad_27,2,Float64,false,scaling_and_squaring,NaN,NaN,NaN,NaN,NaN,NaN,1.4939e-5,NaN,NaN,NaN,NaN,NaN,2.220446049250313e-16,1.228208791601707e-07,0.003339263294037664,27185.53656641891,mpmath_1792,16666668.33535996,1.0002000125252622e8,1.0000000188343377e8,53
awad_27,2,Float64,false,diagonalcheap,transfree,0.0,4.197e-6,0.001116671,0.00011968200000000001,1.1743e-5,0.00132116,3,10,1.429521090102808e-15,10.77614344078556,34.61309342463025,2.220446049250313e-16,5.599288194880362e-08,0.001522927303085453,27185.53656641891,mpmath_1792,16666668.33535996,1.0002000125252622e8,1.0000000188343377e8,53
awad_27,2,Float64,false,diagonalcheap,transfree,0.0,0.000207452,0.0016104129999999998,0.000228201,4.138e-6,0.002129006,31,2,0,3211.347571432125,1.5714163468529456e6,1.727233711018889e-77,4.128167799856101e-17,9.764076077711148e-13,27185.53656641891,mpmath_1792,16666668.33535996,1.0002000125252622e8,1.0000000188343377e8,256
awad_27,2,Float64,false,diagonalcheap,transfree,0.0,0.000396139,0.0040914570000000015,0.000677731,1.3696e-5,0.005272398,65,2,3.723057435141093e-276,3211.347575504814,1.5680329915513082e6,1.331998346195134e-256,4.128167799856101e-17,9.764076077711148e-13,27185.53656641891,mpmath_1792,16666668.33535996,1.0002000125252622e8,1.0000000188343377e8,851
awad_27,2,Float64,false,diagonalcheap,complexschur,6.7762e-5,4.078e-6,0.0014379269999999999,0.00019434499999999998,0.000260104,0.002057407,3,10,1.34783417066836e-15,10.77614344078554,34.61309342463023,2.220446049250313e-16,5.361730202800996e-10,1.457906182622537e-05,27185.53656641891,mpmath_1792,16666668.33535996,1.0002000125252622e8,1.0000000188343377e8,53
awad_27,2,Float64,false,diagonalcheap,complexschur,5.7061e-5,0.000129472,0.186761491,0.00032107299999999995,4.3003e-5,0.187394438,31,2,0,3211.347567136041,1.5714163447512137e6,1.727233711018889e-77,4.128167799856101e-17,9.764076077711148e-13,27185.53656641891,mpmath_1792,16666668.33535996,1.0002000125252622e8,1.0000000188343377e8,256
awad_27,2,Float64,false,diagonalcheap,complexschur,6.4475e-5,0.0003818039999999999,0.002676565,0.000779151,0.000187103,0.004263132,65,2,3.723057425440673e-276,3211.347567136042,1.568032987465802e6,1.331998346195134e-256,4.128167799856101e-17,9.764076077711148e-13,27185.53656641891,mpmath_1792,16666668.33535996,1.0002000125252622e8,1.0000000188343377e8,851
awad_27,2,Float64,false,diagonalcheap,realschur,2.9588e-5,2.4730000000000003e-6,0.000815673,0.000105413,7.0626e-5,0.001066547,3,10,1.388677630385583e-15,10.77614344078554,34.61309342463021,2.220446049250313e-16,5.36173053738548e-10,1.457906182622537e-05,27185.53656641891,mpmath_1792,16666668.33535996,1.0002000125252622e8,1.0000000188343377e8,53
awad_27,2,Float64,false,diagonalcheap,realschur,4.1431e-5,8.9504e-5,0.00107549,0.000188708,3.4868e-5,0.001483004,31,2,0,3211.347567136041,1.5714163447512137e6,1.727233711018889e-77,4.128167799856101e-17,9.764076077711148e-13,27185.53656641891,mpmath_1792,16666668.33535996,1.0002000125252622e8,1.0000000188343377e8,256
awad_27,2,Float64,false,diagonalcheap,realschur,3.9287e-5,0.000294358,0.0026043709999999994,0.000505878,0.000105064,0.003632991,65,2,3.723057425440673e-276,3211.347567136042,1.568032987465802e6,1.331998346195134e-256,4.128167799856101e-17,9.764076077711148e-13,27185.53656641891,mpmath_1792,16666668.33535996,1.0002000125252622e8,1.0000000188343377e8,851
awad_27,2,Float64,false,taylor,transfree,0.0,0.000141065,0.0003631530000000001,4.6268000000000005e-5,1.352e-6,0.000594913,30,1,0,8230.815104166668,1,2.220446049250313e-16,1.574810539444539e-13,3.492459654808044e-09,27185.53656641891,mpmath_1792,16666668.33535996,1.0002000125252622e8,1.0000000188343377e8,53
awad_27,2,Float64,false,taylor,transfree,0.0,0.00025353100000000004,0.000642277,8.412199999999999e-5,2.014e-6,0.001031329,72,1,0,8230.815104166667,1,1.727233711018889e-77,4.128167799856101e-17,9.764076077711148e-13,27185.53656641891,mpmath_1792,16666668.33535996,1.0002000125252622e8,1.0000000188343377e8,256
awad_27,2,Float64,false,taylor,transfree,0.0,0.00028570300000000005,0.001816102,0.000127264,2.0219e-5,0.002310007,90,6,1.01605686501827e-259,159.7263271752563,1,1.331998346195134e-256,4.128167799856101e-17,9.764076077711148e-13,27185.53656641891,mpmath_1792,16666668.33535996,1.0002000125252622e8,1.0000000188343377e8,851
awad_27,2,Float64,false,taylor,complexschur,4.3083e-5,0.00016614300000000003,0.00039261399999999995,0.00010249499999999999,1.544e-5,0.000775924,30,1,1.110223024625157e-16,8230.815103160479,1,2.220446049250313e-16,5.361730202800996e-10,1.457906182622537e-05,27185.53656641891,mpmath_1792,16666668.33535996,1.0002000125252622e8,1.0000000188343377e8,53
awad_27,2,Float64,false,taylor,complexschur,3.0118e-5,0.00018585,0.000679859,0.00016125200000000002,2.6151e-5,0.001141092,72,1,0,8230.815104166667,1,1.727233711018889e-77,4.128167799856101e-17,9.764076077711148e-13,27185.53656641891,mpmath_1792,16666668.33535996,1.0002000125252622e8,1.0000000188343377e8,256
awad_27,2,Float64,false,taylor,complexschur,5.2321e-5,0.00044902099999999997,0.0021067010000000008,0.000389628,0.000802956,0.003980755,90,6,1.01605686501827e-259,159.7263271752563,1,1.331998346195134e-256,4.128167799856101e-17,9.764076077711148e-13,27185.53656641891,mpmath_1792,16666668.33535996,1.0002000125252622e8,1.0000000188343377e8,851
awad_27,2,Float64,false,taylor,realschur,4.1401e-5,0.00023344500000000004,0.000583921,9.0356e-5,1.7754e-5,0.00103234,30,1,0,8230.815103159819,1,2.220446049250313e-16,5.36173053738548e-10,1.457906182622537e-05,27185.53656641891,mpmath_1792,16666668.33535996,1.0002000125252622e8,1.0000000188343377e8,53
awad_27,2,Float64,false,taylor,realschur,4.4236e-5,0.00019658,0.0010432120000000002,0.00015919599999999998,2.7673e-5,0.001541407,72,1,0,8230.815104166667,1,1.727233711018889e-77,4.128167799856101e-17,9.764076077711148e-13,27185.53656641891,mpmath_1792,16666668.33535996,1.0002000125252622e8,1.0000000188343377e8,256
awad_27,2,Float64,false,taylor,realschur,5.0738e-5,0.000499672,0.003197754,0.00033386699999999995,0.00051581,0.004703034,90,6,1.01605686501827e-259,159.7263271752563,1,1.331998346195134e-256,4.128167799856101e-17,9.764076077711148e-13,27185.53656641891,mpmath_1792,16666668.33535996,1.0002000125252622e8,1.0000000188343377e8,851
awad_28,2,Float64,false,scaling_and_squaring,NaN,NaN,NaN,NaN,NaN,NaN,1.6172e-5,NaN,NaN,NaN,NaN,NaN,2.220446049250313e-16,1.623227617028385e-12,4.416713730859279e-09,2715.898536067871,mpmath_1792,1073277981.199697,1.000002999603998e6,1.0000009996029995e6,53
awad_28,2,Float64,false,diagonalcheap,transfree,0.0,9.927e-6,0.002536323999999999,0.000191573,0.000352964,0.003177879,5,22,0,12.92056671954599,48.447328249949656,2.220446049250313e-16,6.433423937812927e-14,1.786958914173908e-10,2715.898536067871,mpmath_1792,1073277981.199697,1.000002999603998e6,1.0000009996029995e6,53
awad_28,2,Float64,false,diagonalcheap,transfree,0.0,0.000184088,0.0026164219999999998,0.000258351,0.000242099,0.003388267,31,16,0,691.7818297603164,139288.03542410576,1.727233711018889e-77,1.688204936463047e-17,4.585434731259767e-14,2715.898536067871,mpmath_1792,1073277981.199697,1.000002999603998e6,1.0000009996029995e6,256
awad_28,2,Float64,false,diagonalcheap,transfree,0.0,0.000330949,0.0041807730000000005,0.000801343,0.000831121,0.006262718,73,16,2.568773908757904e-279,691.7818297603166,139288.01628261333,1.331998346195134e-256,1.688204936463047e-17,4.585434731259767e-14,2715.898536067871,mpmath_1792,1073277981.199697,1.000002999603998e6,1.0000009996029995e6,851
awad_28,2,Float64,false,diagonalcheap,complexschur,6.9094e-5,9.636e-6,0.002850666,0.000262589,0.000637426,0.003943653,5,22,0,12.92063777294784,48.447492558728285,2.220446049250313e-16,3.798029461354527e-13,1.054745568662696e-09,2715.898536067871,mpmath_1792,1073277981.199697,1.000002999603998e6,1.0000009996029995e6,53
awad_28,2,Float64,false,diagonalcheap,complexschur,6.715e-5,0.00032996999999999996,0.004066227999999999,0.000470968,0.000448459,0.005594682,31,16,1.919228176357819e-82,692.0590258977957,139341.41686767442,1.727233711018889e-77,1.688204936463047e-17,4.585434731259767e-14,2715.898536067871,mpmath_1792,1073277981.199697,1.000002999603998e6,1.0000009996029995e6,256
awad_28,2,Float64,false,diagonalcheap,complexschur,7.2471e-5,0.00042012500000000003,0.005072041000000001,0.0015003249999999998,0.001695867,0.008982177,73,16,2.569268659328826e-279,692.0590258977958,139341.39771485096,1.331998346195134e-256,1.688204936463047e-17,4.585434731259767e-14,2715.898536067871,mpmath_1792,1073277981.199697,1.000002999603998e6,1.0000009996029995e6,851
awad_28,2,Float64,false,diagonalcheap,realschur,0.0,8.457e-6,0.0026624199999999995,0.00020830400000000003,0.000341151,0.003320105,5,22,0,12.92056671954599,48.447328249949656,2.220446049250313e-16,6.433423937812927e-14,1.786958914173908e-10,2715.898536067871,mpmath_1792,1073277981.199697,1.000002999603998e6,1.0000009996029995e6,53
awad_28,2,Float64,false,diagonalcheap,realschur,0.0,0.00023606900000000002,0.0036377429999999993,0.00041575499999999997,0.000404414,0.00483499,31,16,0,691.7818297603164,139288.03542410576,1.727233711018889e-77,1.688204936463047e-17,4.585434731259767e-14,2715.898536067871,mpmath_1792,1073277981.199697,1.000002999603998e6,1.0000009996029995e6,256
awad_28,2,Float64,false,diagonalcheap,realschur,0.0,0.00037354099999999997,0.005339795,0.000515931,0.000693153,0.007076605,73,16,2.568773908757904e-279,691.7818297603166,139288.01628261333,1.331998346195134e-256,1.688204936463047e-17,4.585434731259767e-14,2715.898536067871,mpmath_1792,1073277981.199697,1.000002999603998e6,1.0000009996029995e6,851
awad_28,2,Float64,false,taylor,transfree,0.0,0.000264013,0.0016172520000000009,7.258199999999999e-5,0.000125724,0.002021337,30,15,1.110223024625157e-15,999.0688168954774,1,2.220446049250313e-16,6.433423937812927e-14,1.786958914173908e-10,2715.898536067871,mpmath_1792,1073277981.199697,1.000002999603998e6,1.0000009996029995e6,53
awad_28,2,Float64,false,taylor,transfree,0.0,0.00036332800000000006,0.0022122869999999994,0.000107686,0.000227431,0.002876135,64,16,1.327791684070617e-77,691.7818310326254,1,1.727233711018889e-77,1.688204936463047e-17,4.585434731259767e-14,2715.898536067871,mpmath_1792,1073277981.199697,1.000002999603998e6,1.0000009996029995e6,256
awad_28,2,Float64,false,taylor,transfree,0.0,0.000365288,0.004544144000000001,0.000236813,0.058521306,0.063652501,90,21,1.060105334120347e-263,24.83930302343914,1,1.331998346195134e-256,1.688204936463047e-17,4.585434731259767e-14,2715.898536067871,mpmath_1792,1073277981.199697,1.000002999603998e6,1.0000009996029995e6,851
awad_28,2,Float64,false,taylor,complexschur,5.4736e-5,0.000356299,0.0017879280000000005,0.000131803,0.000231218,0.002459527,30,15,1.332267629550188e-15,1000.023945852473,1,2.220446049250313e-16,3.798029461354527e-13,1.054745568662696e-09,2715.898536067871,mpmath_1792,1073277981.199697,1.000002999603998e6,1.0000009996029995e6,53
awad_28,2,Float64,false,taylor,complexschur,4.4456e-5,0.00034945699999999996,0.0022361959999999998,0.00020342500000000003,0.000446114,0.003290958,64,16,1.337397644239475e-77,692.0590271710062,1,1.727233711018889e-77,1.688204936463047e-17,4.585434731259767e-14,2715.898536067871,mpmath_1792,1073277981.199697,1.000002999603998e6,1.0000009996029995e6,256
awad_28,2,Float64,false,taylor,complexschur,8.8802e-5,0.0004554640000000001,0.004923758999999999,0.000381333,0.001271043,0.007114538,90,21,1.068891565691721e-263,24.83958722696948,1,1.331998346195134e-256,1.688204936463047e-17,4.585434731259767e-14,2715.898536067871,mpmath_1792,1073277981.199697,1.000002999603998e6,1.0000009996029995e6,851
awad_28,2,Float64,false,taylor,realschur,0.0,0.000259011,0.00153928,7.8174e-5,0.000127618,0.001960971,30,15,1.110223024625157e-15,999.0688168954774,1,2.220446049250313e-16,6.433423937812927e-14,1.786958914173908e-10,2715.898536067871,mpmath_1792,1073277981.199697,1.000002999603998e6,1.0000009996029995e6,53
awad_28,2,Float64,false,taylor,realschur,0.0,0.00029246999999999997,0.0023279019999999997,0.00011014099999999999,0.000231289,0.002955919,64,16,1.327791684070617e-77,691.7818310326254,1,1.727233711018889e-77,1.688204936463047e-17,4.585434731259767e-14,2715.898536067871,mpmath_1792,1073277981.199697,1.000002999603998e6,1.0000009996029995e6,256
awad_28,2,Float64,false,taylor,realschur,0.0,0.00032908000000000004,0.004849359999999998,0.000256775,0.001070044,0.006534504,90,21,1.060105334120347e-263,24.83930302343914,1,1.331998346195134e-256,1.688204936463047e-17,4.585434731259767e-14,2715.898536067871,mpmath_1792,1073277981.199697,1.000002999603998e6,1.0000009996029995e6,851
godunov_eigtool,7,Float64,false,scaling_and_squaring,NaN,NaN,NaN,NaN,NaN,NaN,2.4577e-5,NaN,NaN,NaN,NaN,NaN,2.220446049250313e-16,1.355405555334424e-13,7.378787358902628e-09,46099.5649627587,mpmath_1792,2087.295512630797,5.87732208556782e16,2.3359313205878028e16,53
godunov_eigtool,7,Float64,false,diagonalcheap,transfree,0.0,5.4056999999999994e-5,0.001114668,0.000538744,8.8933e-5,0.001897948,13,3,9.729623754219932e-17,24.18454713772512,28.78068012329826,2.220446049250313e-16,3.309144844546682e-14,2.124608045050991e-09,46099.5649627587,mpmath_1792,2087.295512630797,5.87732208556782e16,2.3359313205878028e16,53
godunov_eigtool,7,Float64,false,diagonalcheap,transfree,0.0,0.000158026,0.0014671520000000002,0.000922838,9.0245e-5,0.002751122,25,2,1.956554694034798e-82,175.6040732202989,282.78546795870415,1.727233711018889e-77,4.961768666572157e-17,2.24836773386392e-12,46099.5649627587,mpmath_1792,2087.295512630797,5.87732208556782e16,2.3359313205878028e16,256
godunov_eigtool,7,Float64,false,diagonalcheap,transfree,0.0,0.000337653,0.003085918999999999,0.002635599,0.000187994,0.006409622,57,2,2.549650039261e-280,175.6040732203004,277.3236643470032,1.331998346195134e-256,4.961768666572157e-17,2.24836773386392e-12,46099.5649627587,mpmath_1792,2087.295512630797,5.87732208556782e16,2.3359313205878028e16,851
godunov_eigtool,7,Float64,false,diagonalcheap,complexschur,0.001751325,8.239199999999999e-5,0.0012219000000000002,0.0013514689999999999,0.000497474,0.005502334,13,3,0,29.76378011853117,38.77938733896785,2.220446049250313e-16,4.605478474907657e-15,2.486899575160351e-10,46099.5649627587,mpmath_1792,2087.295512630797,5.87732208556782e16,2.3359313205878028e16,53
godunov_eigtool,7,Float64,false,diagonalcheap,complexschur,0.002244089,0.00023316199999999997,0.001870937,0.002454165,0.000394274,0.007840966,25,2,1.912111957144621e-82,190.4993648570139,402.4831686054163,1.727233711018889e-77,4.961768666572157e-17,2.24836773386392e-12,46099.5649627587,mpmath_1792,2087.295512630797,5.87732208556782e16,2.3359313205878028e16,256
godunov_eigtool,7,Float64,false,diagonalcheap,complexschur,0.00728594,0.0010287439999999998,0.006461927,0.007598155,0.000833144,0.024310204,57,2,1.042205393267319e-280,190.4993580298898,399.0424029216938,1.331998346195134e-256,4.961768666572157e-17,2.24836773386392e-12,46099.5649627587,mpmath_1792,2087.295512630797,5.87732208556782e16,2.3359313205878028e16,851
godunov_eigtool,7,Float64,false,diagonalcheap,realschur,0.002194262,5.9506e-5,0.0012467570000000002,0.000581425,0.000146955,0.004426168,13,3,1.274236305464595e-16,29.76293709081868,38.779178296406045,2.220446049250313e-16,4.336921658058924e-15,2.364970441703917e-10,46099.5649627587,mpmath_1792,2087.295512630797,5.87732208556782e16,2.3359313205878028e16,53
godunov_eigtool,7,Float64,false,diagonalcheap,realschur,0.003443734,0.00025365399999999997,0.002676711,0.0013840389999999999,0.00024285,0.008347748,25,2,1.593376014474366e-82,190.4994309941809,402.46979568526143,1.727233711018889e-77,4.961768666572157e-17,2.24836773386392e-12,46099.5649627587,mpmath_1792,2087.295512630797,5.87732208556782e16,2.3359313205878028e16,256
godunov_eigtool,7,Float64,false,diagonalcheap,realschur,0.007338191,0.0005784720000000001,0.005426086,0.003538237,0.000455663,0.017893588,57,2,2.084331668284661e-280,190.4994309941812,399.0267838657503,1.331998346195134e-256,4.961768666572157e-17,2.24836773386392e-12,46099.5649627587,mpmath_1792,2087.295512630797,5.87732208556782e16,2.3359313205878028e16,851
godunov_eigtool,7,Float64,false,taylor,transfree,0.0,0.000221768,0.0007855749999999998,0.000562007,6.3043e-5,0.001748408,30,2,1.110223024625157e-16,150.2258698381233,1,2.220446049250313e-16,1.595244728595586e-14,1.00527586255339e-09,46099.5649627587,mpmath_1792,2087.295512630797,5.87732208556782e16,2.3359313205878028e16,53
godunov_eigtool,7,Float64,false,taylor,transfree,0.0,0.00034322700000000004,0.000883029,0.0010016309999999998,9.0525e-5,0.002432174,56,2,3.294436857259539e-83,150.2258698381234,1,1.727233711018889e-77,4.961768666572157e-17,2.24836773386392e-12,46099.5649627587,mpmath_1792,2087.295512630797,5.87732208556782e16,2.3359313205878028e16,256
godunov_eigtool,7,Float64,false,taylor,transfree,0.0,0.000539828,0.0028220079999999995,0.003094859,0.000746928,0.007387848,90,5,9.373702964922839e-267,3.415669872692713,1,1.331998346195134e-256,4.961768666572157e-17,2.24836773386392e-12,46099.5649627587,mpmath_1792,2087.295512630797,5.87732208556782e16,2.3359313205878028e16,851
godunov_eigtool,7,Float64,false,taylor,complexschur,0.003137089,0.000548641,0.0014976410000000003,0.002504415,0.000555797,0.009261469,30,2,0,165.4659165198915,1,2.220446049250313e-16,4.619199362237992e-15,2.490878614480607e-10,46099.5649627587,mpmath_1792,2087.295512630797,5.87732208556782e16,2.3359313205878028e16,53
godunov_eigtool,7,Float64,false,taylor,complexschur,0.004019019,0.0008677299999999999,0.0020145089999999994,0.004891173,0.000736717,0.013618683,56,2,2.985583401891457e-83,164.7905628220021,1,1.727233711018889e-77,4.961768666572157e-17,2.24836773386392e-12,46099.5649627587,mpmath_1792,2087.295512630797,5.87732208556782e16,2.3359313205878028e16,256
godunov_eigtool,7,Float64,false,taylor,complexschur,0.007034814,0.001333021,0.005583642,0.007248358,0.002848511,0.025404184,90,5,9.529583672163563e-267,3.912660392278967,1,1.331998346195134e-256,4.961768666572157e-17,2.24836773386392e-12,46099.5649627587,mpmath_1792,2087.295512630797,5.87732208556782e16,2.3359313205878028e16,851
godunov_eigtool,7,Float64,false,taylor,realschur,0.00199656,0.000250106,0.0006813379999999999,0.000502937,0.000155992,0.003801728,30,2,1.110223024625157e-16,165.4660021924241,1,2.220446049250313e-16,4.498936477030486e-15,2.442277491354616e-10,46099.5649627587,mpmath_1792,2087.295512630797,5.87732208556782e16,2.3359313205878028e16,53
godunov_eigtool,7,Float64,false,taylor,realschur,0.004900627,0.000513946,0.001501481,0.001424259,0.000250796,0.008938533,56,2,3.088534553680817e-83,164.7906087423313,1,1.727233711018889e-77,4.961768666572157e-17,2.24836773386392e-12,46099.5649627587,mpmath_1792,2087.295512630797,5.87732208556782e16,2.3359313205878028e16,256
godunov_eigtool,7,Float64,false,taylor,realschur,0.007515645,0.00048696,0.00310523,0.0029591730000000003,0.001525166,0.016312174,90,5,9.517174638245057e-267,3.912657558667278,1,1.331998346195134e-256,4.961768666572157e-17,2.24836773386392e-12,46099.5649627587,mpmath_1792,2087.295512630797,5.87732208556782e16,2.3359313205878028e16,851
trem05_14.17,3,Float64,false,scaling_and_squaring,NaN,NaN,NaN,NaN,NaN,NaN,2.2013e-5,NaN,NaN,NaN,NaN,NaN,2.220446049250313e-16,5.515330770936716e-16,1.003641614261142e-13,180.0634620916892,mpmath_1792,337.7128275024127,Inf,Inf,53
trem05_14.17,3,Float64,false,diagonalcheap,transfree,0.0,3.679e-6,0.001138865,0.000254705,3.3475e-5,0.001510046,9,2,0,22.634296292954,48.9187125693752,2.220446049250313e-16,1.004790415757982e-18,1.249000902703301e-16,180.0634620916892,mpmath_1792,337.7128275024127,Inf,Inf,53
trem05_14.17,3,Float64,false,diagonalcheap,transfree,0.0,0.000233521,0.0028282429999999994,0.00040074599999999995,3.0e-8,0.003533908,31,0,1.275317097160075e-82,180.0634620916892,2615.6706640003736,1.727233711018889e-77,6.07910210010525e-18,9.631785152660012e-16,180.0634620916892,mpmath_1792,337.7128275024127,Inf,Inf,256
trem05_14.17,3,Float64,false,diagonalcheap,transfree,0.0,0.000424583,0.004146906000000001,0.000853857,4.0e-8,0.005542411,73,0,3.263867870332548e-267,180.0634620916892,2622.854715442595,1.331998346195134e-256,6.07910210010525e-18,9.631785152660012e-16,180.0634620916892,mpmath_1792,337.7128275024127,Inf,Inf,851
trem05_14.17,3,Float64,false,diagonalcheap,complexschur,5.7271e-5,2.486e-6,0.0007614349999999999,0.000232339,4.4397e-5,0.001180959,9,2,0,22.68226148349817,50.520930521237496,2.220446049250313e-16,1.815407503137121e-16,2.842170943040401e-14,180.0634620916892,mpmath_1792,337.7128275024127,Inf,Inf,53
trem05_14.17,3,Float64,false,diagonalcheap,complexschur,7.7611e-5,0.00024726,0.001875266,0.001209083,4.0e-8,0.003583084,31,0,1.28503844539649e-82,183.676122190345,2640.191446146255,1.727233711018889e-77,6.07910210010525e-18,9.631785152660012e-16,180.0634620916892,mpmath_1792,337.7128275024127,Inf,Inf,256
trem05_14.17,3,Float64,false,diagonalcheap,complexschur,0.000147826,0.0006259929999999999,0.005889083,0.0026165190000000003,4.0e-8,0.009512325,73,0,9.242003604231618e-267,183.6761221903451,2647.3720355295077,1.331998346195134e-256,6.07910210010525e-18,9.631785152660012e-16,180.0634620916892,mpmath_1792,337.7128275024127,Inf,Inf,851
trem05_14.17,3,Float64,false,diagonalcheap,realschur,0.0,2.3449999999999996e-6,0.0007715929999999999,0.00017069300000000003,1.8135e-5,0.001033273,9,2,0,22.634296292954,48.9187125693752,2.220446049250313e-16,1.004790415757982e-18,1.249000902703301e-16,180.0634620916892,mpmath_1792,337.7128275024127,Inf,Inf,53
trem05_14.17,3,Float64,false,diagonalcheap,realschur,0.0,0.00016824700000000003,0.03922616699999999,0.000304752,4.0e-8,0.039776808,31,0,1.275317097160075e-82,180.0634620916892,2615.6706640003736,1.727233711018889e-77,6.07910210010525e-18,9.631785152660012e-16,180.0634620916892,mpmath_1792,337.7128275024127,Inf,Inf,256
trem05_14.17,3,Float64,false,diagonalcheap,realschur,0.0,0.00034293500000000005,0.003272289,0.000609023,3.0e-8,0.004327787,73,0,3.263867870332548e-267,180.0634620916892,2622.854715442595,1.331998346195134e-256,6.07910210010525e-18,9.631785152660012e-16,180.0634620916892,mpmath_1792,337.7128275024127,Inf,Inf,851
trem05_14.17,3,Float64,false,taylor,transfree,0.0,0.000117468,0.0003318119999999999,7.4725e-5,3.0e-8,0.000585805,25,0,0,191.6666666666667,1,2.220446049250313e-16,1.004790415757982e-18,1.249000902703301e-16,180.0634620916892,mpmath_1792,337.7128275024127,Inf,Inf,53
trem05_14.17,3,Float64,false,taylor,transfree,0.0,0.000280444,0.0007985479999999999,0.000155682,3.0e-8,0.001275923,72,0,4.118046071574423e-84,191.6666666666667,1,1.727233711018889e-77,6.07910210010525e-18,9.631785152660012e-16,180.0634620916892,mpmath_1792,337.7128275024127,Inf,Inf,256
trem05_14.17,3,Float64,false,taylor,transfree,0.0,0.0003482960000000001,0.0022338899999999997,0.000218663,0.000152766,0.003022488,90,6,0,1.817594424284185,1,1.331998346195134e-256,6.07910210010525e-18,9.631785152660012e-16,180.0634620916892,mpmath_1792,337.7128275024127,Inf,Inf,851
trem05_14.17,3,Float64,false,taylor,complexschur,5.7431e-5,0.00016900700000000002,0.0004200339999999999,0.00018611099999999998,4.0e-8,0.000899103,25,0,2.220446049250313e-16,195.9311903525789,1,2.220446049250313e-16,1.815407503137121e-16,2.842170943040401e-14,180.0634620916892,mpmath_1792,337.7128275024127,Inf,Inf,53
trem05_14.17,3,Float64,false,taylor,complexschur,5.3995e-5,0.000321746,0.0007716129999999999,0.000374788,4.0e-8,0.00159965,72,0,4.118046071574423e-84,195.9311903525789,1,1.727233711018889e-77,6.07910210010525e-18,9.631785152660012e-16,180.0634620916892,mpmath_1792,337.7128275024127,Inf,Inf,256
trem05_14.17,3,Float64,false,taylor,complexschur,5.9385e-5,0.000461576,0.003022865,0.000567875,0.000307185,0.004547373,90,6,6.886270049533194e-282,1.817943238610119,1,1.331998346195134e-256,6.07910210010525e-18,9.631785152660012e-16,180.0634620916892,mpmath_1792,337.7128275024127,Inf,Inf,851
trem05_14.17,3,Float64,false,taylor,realschur,0.0,0.000107256,0.000335738,7.307200000000001e-5,3.0e-8,0.000567881,25,0,0,191.6666666666667,1,2.220446049250313e-16,1.004790415757982e-18,1.249000902703301e-16,180.0634620916892,mpmath_1792,337.7128275024127,Inf,Inf,53
trem05_14.17,3,Float64,false,taylor,realschur,0.0,0.00029267599999999996,0.0007210969999999999,0.000154759,3.0e-8,0.001219383,72,0,4.118046071574423e-84,191.6666666666667,1,1.727233711018889e-77,6.07910210010525e-18,9.631785152660012e-16,180.0634620916892,mpmath_1792,337.7128275024127,Inf,Inf,256
trem05_14.17,3,Float64,false,taylor,realschur,0.0,0.00032536899999999994,0.0022027179999999998,0.000218173,0.000148939,0.002975056,90,6,0,1.817594424284185,1,1.331998346195134e-256,6.07910210010525e-18,9.631785152660012e-16,180.0634620916892,mpmath_1792,337.7128275024127,Inf,Inf,851
invol_13_complex,13,ComplexF64,false,scaling_and_squaring,NaN,NaN,NaN,NaN,NaN,NaN,8.5957e-5,NaN,NaN,NaN,NaN,NaN,2.220446049250313e-16,5.960464182182092e-08,2893806088482.289,4.855001225388538e+19,mpmath_1792,6.546122949258669e+25,Inf,Inf,53
invol_13_complex,13,ComplexF64,false,diagonalcheap,transfree,0.0,1.5808000000000002e-5,0.006039225999999999,0.0032568119999999996,0.029268142,0.039234267,3,27,6.487179506254069e-17,17.6980219158482,87.40400539446581,2.220446049250313e-16,1.393237406508023e-15,58645.79829735791,4.855001225388538e+19,mpmath_1792,6.546122949258669e+25,Inf,Inf,53
invol_13_complex,13,ComplexF64,false,diagonalcheap,transfree,0.0,0.00042254699999999995,0.008222245,0.011958518000000001,0.018608293,0.039947028,17,17,0,17098.67856023521,7.310665226316781e7,1.727233711018889e-77,3.377395520991194e-17,1268.243383122425,4.855001225388538e+19,mpmath_1792,6.546122949258669e+25,Inf,Inf,256
invol_13_complex,13,ComplexF64,false,diagonalcheap,transfree,0.0,0.000937318,0.012600680000000005,0.047061439,0.02353426,0.085112861,31,17,2.943966936072184e-278,17098.67856023509,7.310664852319787e7,1.331998346195134e-256,3.377395520991194e-17,1268.243383122425,4.855001225388538e+19,mpmath_1792,6.546122949258669e+25,Inf,Inf,851
invol_13_complex,13,ComplexF64,false,diagonalcheap,complexschur,0.0,1.1312000000000001e-5,0.006533209000000002,0.003306378,0.028935667,0.039449854,3,27,6.487179506254069e-17,17.6980219158482,87.40400539446581,2.220446049250313e-16,1.393237406508023e-15,58645.79829735791,4.855001225388538e+19,mpmath_1792,6.546122949258669e+25,Inf,Inf,53
invol_13_complex,13,ComplexF64,false,diagonalcheap,complexschur,0.0,0.0003930839999999999,0.007134794,0.012005919,0.018944895,0.039226211,17,17,0,17098.67856023521,7.310665226316781e7,1.727233711018889e-77,3.377395520991194e-17,1268.243383122425,4.855001225388538e+19,mpmath_1792,6.546122949258669e+25,Inf,Inf,256
invol_13_complex,13,ComplexF64,false,diagonalcheap,complexschur,0.0,0.000887441,0.011617316000000003,0.040624826999999995,0.022056997,0.076166142,31,17,2.943966936072184e-278,17098.67856023509,7.310664852319787e7,1.331998346195134e-256,3.377395520991194e-17,1268.243383122425,4.855001225388538e+19,mpmath_1792,6.546122949258669e+25,Inf,Inf,851
invol_13_complex,13,ComplexF64,false,taylor,transfree,0.0,0.001256204,0.012387919000000002,0.015043684999999996,0.009424836,0.038094118,30,9,0,35990650.02858341,1,2.220446049250313e-16,7.67356490963523e-16,40960.00197333081,4.855001225388538e+19,mpmath_1792,6.546122949258669e+25,Inf,Inf,53
invol_13_complex,13,ComplexF64,false,taylor,transfree,0.0,0.0013057670000000002,0.008093986,0.028303012,0.004880268,0.042724732,42,7,7.033841914732764e-71,2262566994.775294,1,1.727233711018889e-77,3.377395520991194e-17,1268.243383122425,4.855001225388538e+19,mpmath_1792,6.546122949258669e+25,Inf,Inf,256
invol_13_complex,13,ComplexF64,false,taylor,transfree,0.0,0.001509764,0.012572898999999998,0.014566197999999999,0.018373659,0.047112656,72,8,2.782397413513887e-278,285680646.3960018,1,1.331998346195134e-256,3.377395520991194e-17,1268.243383122425,4.855001225388538e+19,mpmath_1792,6.546122949258669e+25,Inf,Inf,851
invol_13_complex,13,ComplexF64,false,taylor,complexschur,0.0,0.0010643529999999999,0.011328469000000002,0.011023866999999998,0.005549485,0.029296767,30,9,0,35990650.02858341,1,2.220446049250313e-16,7.67356490963523e-16,40960.00197333081,4.855001225388538e+19,mpmath_1792,6.546122949258669e+25,Inf,Inf,53
invol_13_complex,13,ComplexF64,false,taylor,complexschur,0.0,0.001160138,0.010513546999999998,0.011368261000000001,0.016621022,0.039981485,42,7,7.033841914732764e-71,2262566994.775294,1,1.727233711018889e-77,3.377395520991194e-17,1268.243383122425,4.855001225388538e+19,mpmath_1792,6.546122949258669e+25,Inf,Inf,256
invol_13_complex,13,ComplexF64,false,taylor,complexschur,0.0,0.0015201349999999995,0.013318604,0.022346989,0.007106703,0.044494852,72,8,2.782397413513887e-278,285680646.3960018,1,1.331998346195134e-256,3.377395520991194e-17,1268.243383122425,4.855001225388538e+19,mpmath_1792,6.546122949258669e+25,Inf,Inf,851
kuda10,4,Float64,false,scaling_and_squaring,NaN,NaN,NaN,NaN,NaN,NaN,2.4658e-5,NaN,NaN,NaN,NaN,NaN,2.220446049250313e-16,1.499570045879275e-16,2.081668171172169e-16,1.258956613283857,mpmath_1792,2.214978024970287,Inf,Inf,53
kuda10,4,Float64,false,diagonalcheap,transfree,0.0,6.2291e-5,0.0010136660000000003,0.00026605600000000003,3.0e-8,0.0014034,13,0,4.88816201979005e-17,1.258956613283857,3.669284379926003,2.220446049250313e-16,2.626292197925152e-16,3.608224830031759e-16,1.258956613283857,mpmath_1792,2.214978024970287,Inf,Inf,53
kuda10,4,Float64,false,diagonalcheap,transfree,0.0,0.000219215,0.002094738,0.000486175,1.3e-7,0.002868058,31,0,2.419661380426015e-84,1.258956613283857,3.7217054857545495,1.727233711018889e-77,2.848635733611815e-17,3.33781929211578e-17,1.258956613283857,mpmath_1792,2.214978024970287,Inf,Inf,256
kuda10,4,Float64,false,diagonalcheap,transfree,0.0,0.00043560299999999996,0.003960762,0.000969067,3.0e-8,0.005451325,81,0,0,1.258956613283857,3.744543514179721,1.331998346195134e-256,2.848635733611815e-17,3.33781929211578e-17,1.258956613283857,mpmath_1792,2.214978024970287,Inf,Inf,851
kuda10,4,Float64,false,diagonalcheap,complexschur,0.00022196,5.2863e-5,0.0007867439999999999,0.000425795,3.0e-8,0.001601964,13,0,0,1.258956613283857,3.1283851874031203,2.220446049250313e-16,8.493709584437401e-16,1.137978600240785e-15,1.258956613283857,mpmath_1792,2.214978024970287,Inf,Inf,53
kuda10,4,Float64,false,diagonalcheap,complexschur,0.000335129,0.00019362499999999998,0.0014992060000000003,0.0007962930000000001,3.0e-8,0.002949817,31,0,1.209830690213008e-84,1.258956613283857,3.1683166008671453,1.727233711018889e-77,2.848635733611815e-17,3.33781929211578e-17,1.258956613283857,mpmath_1792,2.214978024970287,Inf,Inf,256
kuda10,4,Float64,false,diagonalcheap,complexschur,0.000587959,0.000512894,0.005583605000000001,0.0037066700000000005,4.0e-8,0.01067554,81,0,0,1,2.4844068132768093,1.331998346195134e-256,2.848635733611815e-17,3.33781929211578e-17,1.258956613283857,mpmath_1792,2.214978024970287,Inf,Inf,851
kuda10,4,Float64,false,diagonalcheap,realschur,0.000350019,7.1279e-5,0.0010728269999999997,0.00034393799999999996,4.0e-8,0.001921855,13,0,0,1.258956613283857,3.1283851874031203,2.220446049250313e-16,8.493709584437401e-16,1.137978600240785e-15,1.258956613283857,mpmath_1792,2.214978024970287,Inf,Inf,53
kuda10,4,Float64,false,diagonalcheap,realschur,0.000558854,0.000268339,0.0018369389999999997,0.00040167899999999995,3.0e-8,0.003145717,31,0,1.209830690213008e-84,1.258956613283857,3.1683166008671453,1.727233711018889e-77,2.848635733611815e-17,3.33781929211578e-17,1.258956613283857,mpmath_1792,2.214978024970287,Inf,Inf,256
kuda10,4,Float64,false,diagonalcheap,realschur,0.000709294,0.00041092500000000003,0.003962709,0.001108128,3.0e-8,0.006358853,81,0,0,1,2.4844068132768093,1.331998346195134e-256,2.848635733611815e-17,3.33781929211578e-17,1.258956613283857,mpmath_1792,2.214978024970287,Inf,Inf,851
kuda10,4,Float64,false,taylor,transfree,0.0,0.000147807,0.000387841,0.000126807,4.0e-8,0.000711258,25,0,0,1.3125,1,2.220446049250313e-16,1.489553470120753e-16,1.942890293094024e-16,1.258956613283857,mpmath_1792,2.214978024970287,Inf,Inf,53
kuda10,4,Float64,false,taylor,transfree,0.0,0.000459473,0.0011044190000000001,0.000520247,6.0e-8,0.002143935,72,0,1.85312073220849e-83,1.3125,1,1.727233711018889e-77,2.848635733611815e-17,3.33781929211578e-17,1.258956613283857,mpmath_1792,2.214978024970287,Inf,Inf,256
kuda10,4,Float64,false,taylor,transfree,0.0,0.0005895259999999999,0.0030979980000000007,0.000600231,0.000116035,0.00451492,90,6,1.090106878246179e-276,1.007721658349979,1,1.331998346195134e-256,2.848635733611815e-17,3.33781929211578e-17,1.258956613283857,mpmath_1792,2.214978024970287,Inf,Inf,851
kuda10,4,Float64,false,taylor,complexschur,0.000226159,0.00016234599999999998,0.0004530010000000001,0.00032264399999999997,4.0e-8,0.001278057,25,0,2.775557561562891e-17,1.3125,1,2.220446049250313e-16,8.493709584437401e-16,1.137978600240785e-15,1.258956613283857,mpmath_1792,2.214978024970287,Inf,Inf,53
kuda10,4,Float64,false,taylor,complexschur,0.000352844,0.000366261,0.0006361329999999998,0.0006805069999999999,4.0e-8,0.002165717,72,0,2.059023035787212e-84,1.3125,1,1.727233711018889e-77,2.848635733611815e-17,3.33781929211578e-17,1.258956613283857,mpmath_1792,2.214978024970287,Inf,Inf,256
kuda10,4,Float64,false,taylor,complexschur,0.000587489,0.0007063490000000001,0.004429956999999999,0.0016350180000000002,0.001115552,0.008800886,90,6,1.090106878246179e-276,1,1,1.331998346195134e-256,2.848635733611815e-17,3.33781929211578e-17,1.258956613283857,mpmath_1792,2.214978024970287,Inf,Inf,851
kuda10,4,Float64,false,taylor,realschur,0.000363925,0.00019958699999999998,0.000592025,0.000215519,4.0e-8,0.001459389,25,0,2.775557561562891e-17,1.3125,1,2.220446049250313e-16,8.493709584437401e-16,1.137978600240785e-15,1.258956613283857,mpmath_1792,2.214978024970287,Inf,Inf,53
kuda10,4,Float64,false,taylor,realschur,0.000573402,0.0005030370000000001,0.0009496229999999999,0.0005098360000000001,4.0e-8,0.002638994,72,0,2.059023035787212e-84,1.3125,1,1.727233711018889e-77,2.848635733611815e-17,3.33781929211578e-17,1.258956613283857,mpmath_1792,2.214978024970287,Inf,Inf,256
kuda10,4,Float64,false,taylor,realschur,0.000704355,0.0005394649999999999,0.0027605679999999993,0.000552912,0.000534516,0.005239775,90,6,1.090106878246179e-276,1,1,1.331998346195134e-256,2.848635733611815e-17,3.33781929211578e-17,1.258956613283857,mpmath_1792,2.214978024970287,Inf,Inf,851
kuda10,24,Float64,false,scaling_and_squaring,NaN,NaN,NaN,NaN,NaN,NaN,6.0067e-5,NaN,NaN,NaN,NaN,NaN,2.220446049250313e-16,2.139379911369616e-16,3.092291872567888e-16,1.207910415349708,mpmath_1792,2.20623777204715,Inf,1.6554225586061014e16,53
kuda10,24,Float64,false,diagonalcheap,transfree,0.0,0.00018104999999999998,0.0026123109999999995,0.008115127,3.0e-8,0.011265532,13,0,1.602126478397813e-17,1.207910415349708,3.5523273915506937,2.220446049250313e-16,3.529365337050543e-16,6.277460410936229e-16,1.207910415349708,mpmath_1792,2.20623777204715,Inf,1.6554225586061014e16,53
kuda10,24,Float64,false,diagonalcheap,transfree,0.0,0.000659228,0.004934515,0.020429052,3.0e-8,0.026379523,31,0,1.189722368099854e-84,1.207910415349708,3.6010018691314287,1.727233711018889e-77,3.277422042511534e-17,5.330504820249369e-17,1.207910415349708,mpmath_1792,2.20623777204715,Inf,1.6554225586061014e16,256
kuda10,24,Float64,false,diagonalcheap,transfree,0.0,0.001897919,0.015051529000000003,0.068063918,3.0e-8,0.085529654,81,0,3.980668329488647e-281,1.207910415349708,3.6221979733653114,1.331998346195134e-256,3.277422042511534e-17,5.330504820249369e-17,1.207910415349708,mpmath_1792,2.20623777204715,Inf,1.6554225586061014e16,851
kuda10,24,Float64,false,diagonalcheap,complexschur,0.021807913,0.00034253399999999997,0.0048430170000000015,0.044968707,3.0e-8,0.08198229,13,0,1.72152227556505e-17,1.29601931972781,3.3052820865132797,2.220446049250313e-16,1.449276604423398e-15,3.999832453018906e-15,1.207910415349708,mpmath_1792,2.20623777204715,Inf,1.6554225586061014e16,53
kuda10,24,Float64,false,diagonalcheap,complexschur,0.0385043,0.0010888710000000002,0.015652126,0.067732943,3.0e-8,0.133873354,31,0,1.278546965237732e-84,1.360668238426785,3.3482714628753625,1.727233711018889e-77,3.277422042511534e-17,5.330504820249369e-17,1.207910415349708,mpmath_1792,2.20623777204715,Inf,1.6554225586061014e16,256
kuda10,24,Float64,false,diagonalcheap,complexschur,0.080089332,0.002830244,0.033527015,0.153885188,3.0e-8,0.283861306,81,0,1.377254009906639e-281,1,3.366223224357811,1.331998346195134e-256,3.277422042511534e-17,5.330504820249369e-17,1.207910415349708,mpmath_1792,2.20623777204715,Inf,1.6554225586061014e16,851
kuda10,24,Float64,false,diagonalcheap,realschur,0.022014754,0.000220446,0.002859438,0.006736266,3.0e-8,0.034210068,13,0,1.72152227556505e-17,1.29601931972781,3.3052820865132797,2.220446049250313e-16,1.449276604423398e-15,3.999832453018906e-15,1.207910415349708,mpmath_1792,2.20623777204715,Inf,1.6554225586061014e16,53
kuda10,24,Float64,false,diagonalcheap,realschur,0.037865361,0.000790602,0.019806576999999995,0.015227629999999999,4.0e-8,0.076912253,31,0,1.278546965237732e-84,1.360668238426785,3.3482714628753625,1.727233711018889e-77,3.277422042511534e-17,5.330504820249369e-17,1.207910415349708,mpmath_1792,2.20623777204715,Inf,1.6554225586061014e16,256
kuda10,24,Float64,false,diagonalcheap,realschur,0.083419364,0.0017383569999999998,0.013270578000000003,0.044350297999999996,3.0e-8,0.148993835,81,0,1.377254009906639e-281,1,3.366223224357811,1.331998346195134e-256,3.277422042511534e-17,5.330504820249369e-17,1.207910415349708,mpmath_1792,2.20623777204715,Inf,1.6554225586061014e16,851
kuda10,24,Float64,false,taylor,transfree,0.0,0.000548582,0.0013943720000000005,0.006621554,3.0e-8,0.008899376,25,0,5.551115123125783e-17,1.3125,1,2.220446049250313e-16,8.381620157554377e-17,1.219016291724601e-16,1.207910415349708,mpmath_1792,2.20623777204715,Inf,1.6554225586061014e16,53
kuda10,24,Float64,false,taylor,transfree,0.0,0.0018402339999999998,0.0024260939999999993,0.027180737,4.0e-8,0.032002419,72,0,0,1.3125,1,1.727233711018889e-77,3.277422042511534e-17,5.330504820249369e-17,1.207910415349708,mpmath_1792,2.20623777204715,Inf,1.6554225586061014e16,256
kuda10,24,Float64,false,taylor,transfree,0.0,0.002072408,0.009382822999999998,0.053295415,0.017289537,0.082891732,90,6,3.07399651876137e-277,1.007691613138734,1,1.331998346195134e-256,3.277422042511534e-17,5.330504820249369e-17,1.207910415349708,mpmath_1792,2.20623777204715,Inf,1.6554225586061014e16,851
kuda10,24,Float64,false,taylor,complexschur,0.017468524,0.0018013999999999999,0.003323618999999999,0.04848490400000001,4.0e-8,0.080069963,25,0,5.551115123125783e-17,1.452596657233274,1,2.220446049250313e-16,1.447112914605331e-15,4.039179646765031e-15,1.207910415349708,mpmath_1792,2.20623777204715,Inf,1.6554225586061014e16,53
kuda10,24,Float64,false,taylor,complexschur,0.034977385,0.0031744409999999996,0.0035060220000000006,0.085781584,1.0e-7,0.136824271,72,0,2.059023035787212e-84,1.452596657233256,1,1.727233711018889e-77,3.277422042511534e-17,5.330504820249369e-17,1.207910415349708,mpmath_1792,2.20623777204715,Inf,1.6554225586061014e16,256
kuda10,24,Float64,false,taylor,complexschur,0.081721914,0.004270805999999999,0.028353419999999994,0.10371761100000002,0.038056011,0.27890592,90,6,2.781818966829726e-276,1,1,1.331998346195134e-256,3.277422042511534e-17,5.330504820249369e-17,1.207910415349708,mpmath_1792,2.20623777204715,Inf,1.6554225586061014e16,851
kuda10,24,Float64,false,taylor,realschur,0.017177339,0.0005413690000000001,0.001554336,0.010320567,5.0e-8,0.033470756,25,0,5.551115123125783e-17,1.452596657233274,1,2.220446049250313e-16,1.447112914605331e-15,4.039179646765031e-15,1.207910415349708,mpmath_1792,2.20623777204715,Inf,1.6554225586061014e16,53
kuda10,24,Float64,false,taylor,realschur,0.035287235,0.001497894,0.0022585680000000007,0.033233015,3.0e-8,0.075334635,72,0,2.059023035787212e-84,1.452596657233256,1,1.727233711018889e-77,3.277422042511534e-17,5.330504820249369e-17,1.207910415349708,mpmath_1792,2.20623777204715,Inf,1.6554225586061014e16,256
kuda10,24,Float64,false,taylor,realschur,0.068843576,0.002058737,0.019054179,0.026058236999999998,0.011552679,0.134004465,90,6,2.781818966829726e-276,1,1,1.331998346195134e-256,3.277422042511534e-17,5.330504820249369e-17,1.207910415349708,mpmath_1792,2.20623777204715,Inf,1.6554225586061014e16,851
lara17_benchmark1,2,Float64,false,scaling_and_squaring,NaN,NaN,NaN,NaN,NaN,NaN,1.584e-5,NaN,NaN,NaN,NaN,NaN,2.220446049250313e-16,7.85046360007069e-17,1.110223024625157e-16,1,mpmath_1792,2.35385523913026e-07,6.771522821676763e10,6.771522821576764e10,53
lara17_benchmark1,2,Float64,false,diagonalcheap,transfree,0.0,6.71e-7,0.00035485800000000005,0.000109562,3.0e-8,0.000503135,3,0,0,1,1.0000001664426836,2.220446049250313e-16,5.447353401737611e-34,7.703719777548943e-34,1,mpmath_1792,2.35385523913026e-07,6.771522821676763e10,6.771522821576764e10,53
lara17_benchmark1,2,Float64,false,diagonalcheap,transfree,0.0,1.173e-6,0.000315562,0.00012384100000000002,3.0e-8,0.000474609,5,0,5.528476851088663e-82,1,1.0000001664426847,1.727233711018889e-77,3.328586738631786e-17,4.681592182343179e-17,1,mpmath_1792,2.35385523913026e-07,6.771522821676763e10,6.771522821576764e10,256
lara17_benchmark1,2,Float64,false,diagonalcheap,transfree,0.0,0.000110253,0.000830249,0.000194287,3.0e-8,0.001185227,17,0,7.907710485980453e-277,1,1.0000001664426859,1.331998346195134e-256,3.328586738631786e-17,4.681592182343179e-17,1,mpmath_1792,2.35385523913026e-07,6.771522821676763e10,6.771522821576764e10,851
lara17_benchmark1,2,Float64,false,diagonalcheap,complexschur,0.0,5.41e-7,0.000187474,7.353299999999999e-5,3.0e-8,0.000298729,3,0,0,1,1.0000001664426836,2.220446049250313e-16,5.447353401737611e-34,7.703719777548943e-34,1,mpmath_1792,2.35385523913026e-07,6.771522821676763e10,6.771522821576764e10,53
lara17_benchmark1,2,Float64,false,diagonalcheap,complexschur,0.0,9.82e-7,0.00027297,9.9544e-5,3.0e-8,0.000410456,5,0,5.528476851088663e-82,1,1.0000001664426847,1.727233711018889e-77,3.328586738631786e-17,4.681592182343179e-17,1,mpmath_1792,2.35385523913026e-07,6.771522821676763e10,6.771522821576764e10,256
lara17_benchmark1,2,Float64,false,diagonalcheap,complexschur,0.0,0.00010688700000000002,0.0007519900000000001,0.00019521599999999998,3.0e-8,0.001108188,17,0,7.907710485980453e-277,1,1.0000001664426859,1.331998346195134e-256,3.328586738631786e-17,4.681592182343179e-17,1,mpmath_1792,2.35385523913026e-07,6.771522821676763e10,6.771522821576764e10,851
lara17_benchmark1,2,Float64,false,diagonalcheap,realschur,0.0,5.11e-7,0.000187775,7.211e-5,3.0e-8,0.000290483,3,0,0,1,1.0000001664426836,2.220446049250313e-16,5.447353401737611e-34,7.703719777548943e-34,1,mpmath_1792,2.35385523913026e-07,6.771522821676763e10,6.771522821576764e10,53
lara17_benchmark1,2,Float64,false,diagonalcheap,realschur,0.0,9.22e-7,0.000277668,9.9613e-5,3.0e-8,0.000415515,5,0,5.528476851088663e-82,1,1.0000001664426847,1.727233711018889e-77,3.328586738631786e-17,4.681592182343179e-17,1,mpmath_1792,2.35385523913026e-07,6.771522821676763e10,6.771522821576764e10,256
lara17_benchmark1,2,Float64,false,diagonalcheap,realschur,0.0,0.000104453,0.0007251639999999999,0.000199197,3.0e-8,0.001089341,17,0,7.907710485980453e-277,1,1.0000001664426859,1.331998346195134e-256,3.328586738631786e-17,4.681592182343179e-17,1,mpmath_1792,2.35385523913026e-07,6.771522821676763e10,6.771522821576764e10,851
lara17_benchmark1,2,Float64,false,taylor,transfree,0.0,4.91e-7,0.000135053,2.9215e-5,4.0e-8,0.000189227,4,0,0,1,1,2.220446049250313e-16,5.447353401737611e-34,7.703719777548943e-34,1,mpmath_1792,2.35385523913026e-07,6.771522821676763e10,6.771522821576764e10,53
lara17_benchmark1,2,Float64,false,taylor,transfree,0.0,7.268199999999999e-5,0.000181439,4.6381e-5,4.0e-8,0.000329619,12,0,5.147557589468029e-85,1,1,1.727233711018889e-77,3.328586738631786e-17,4.681592182343179e-17,1,mpmath_1792,2.35385523913026e-07,6.771522821676763e10,6.771522821576764e10,256
lara17_benchmark1,2,Float64,false,taylor,transfree,0.0,0.000147566,0.000428035,0.00010330300000000001,3.0e-8,0.000724784,36,0,3.443135024766597e-282,1,1,1.331998346195134e-256,3.328586738631786e-17,4.681592182343179e-17,1,mpmath_1792,2.35385523913026e-07,6.771522821676763e10,6.771522821576764e10,851
lara17_benchmark1,2,Float64,false,taylor,complexschur,0.0,4.21e-7,0.000104782,2.3234e-5,3.0e-8,0.000157235,4,0,0,1,1,2.220446049250313e-16,5.447353401737611e-34,7.703719777548943e-34,1,mpmath_1792,2.35385523913026e-07,6.771522821676763e10,6.771522821576764e10,53
lara17_benchmark1,2,Float64,false,taylor,complexschur,0.0,0.00010283800000000001,0.000250205,6.4035e-5,3.0e-8,0.000461494,12,0,5.147557589468029e-85,1,1,1.727233711018889e-77,3.328586738631786e-17,4.681592182343179e-17,1,mpmath_1792,2.35385523913026e-07,6.771522821676763e10,6.771522821576764e10,256
lara17_benchmark1,2,Float64,false,taylor,complexschur,0.0,0.000209515,0.000633069,0.000161012,4.0e-8,0.001063892,36,0,3.443135024766597e-282,1,1,1.331998346195134e-256,3.328586738631786e-17,4.681592182343179e-17,1,mpmath_1792,2.35385523913026e-07,6.771522821676763e10,6.771522821576764e10,851
lara17_benchmark1,2,Float64,false,taylor,realschur,0.0,5.61e-7,0.000133076,3.2433e-5,4.0e-8,0.000199757,4,0,0,1,1,2.220446049250313e-16,5.447353401737611e-34,7.703719777548943e-34,1,mpmath_1792,2.35385523913026e-07,6.771522821676763e10,6.771522821576764e10,53
lara17_benchmark1,2,Float64,false,taylor,realschur,0.0,0.000121446,0.000263933,6.6468e-5,4.0e-8,0.00049542,12,0,5.147557589468029e-85,1,1,1.727233711018889e-77,3.328586738631786e-17,4.681592182343179e-17,1,mpmath_1792,2.35385523913026e-07,6.771522821676763e10,6.771522821576764e10,256
lara17_benchmark1,2,Float64,false,taylor,realschur,0.0,0.000186262,0.000488286,0.000110755,4.0e-8,0.000840208,36,0,3.443135024766597e-282,1,1,1.331998346195134e-256,3.328586738631786e-17,4.681592182343179e-17,1,mpmath_1792,2.35385523913026e-07,6.771522821676763e10,6.771522821576764e10,851
lara17_benchmark2,3,Float64,false,scaling_and_squaring,NaN,NaN,NaN,NaN,NaN,NaN,1.022e-5,NaN,NaN,NaN,NaN,NaN,2.220446049250313e-16,9.064933935393759e-17,1.110223024625157e-16,1,mpmath_1792,2.428313227150349e-07,6.237210950695089e7,4.116951302068447e7,53
lara17_benchmark2,3,Float64,false,diagonalcheap,transfree,0.0,7.81e-7,0.000450563,0.000165671,4.0e-8,0.00067083,3,0,6.938893903907228e-18,1,1.0000000660903312,2.220446049250313e-16,3.056467178690252e-23,5.293955920339377e-23,1,mpmath_1792,2.428313227150349e-07,6.237210950695089e7,4.116951302068447e7,53
lara17_benchmark2,3,Float64,false,diagonalcheap,transfree,0.0,1.534e-6,0.00045804400000000006,0.00018486999999999998,4.0e-8,0.000694286,5,0,2.032770492080925e-81,1,1.0000000660903317,1.727233711018889e-77,3.531101800924348e-17,4.165943580418028e-17,1,mpmath_1792,2.428313227150349e-07,6.237210950695089e7,4.116951302068447e7,256
lara17_benchmark2,3,Float64,false,diagonalcheap,transfree,0.0,0.000176813,0.0012454439999999998,0.00034971599999999997,3.0e-8,0.001838773,17,0,8.729862267194221e-277,1,1.000000066090332,1.331998346195134e-256,3.531101800924348e-17,4.165943580418028e-17,1,mpmath_1792,2.428313227150349e-07,6.237210950695089e7,4.116951302068447e7,851
lara17_benchmark2,3,Float64,false,diagonalcheap,complexschur,5.8063e-5,7.22e-7,0.000419483,0.000205237,4.0e-8,0.000770784,3,0,6.938893903907228e-18,1,1.000000297406387,2.220446049250313e-16,1.085875275453763e-37,1.88079096131566e-37,1,mpmath_1792,2.428313227150349e-07,6.237210950695089e7,4.116951302068447e7,53
lara17_benchmark2,3,Float64,false,diagonalcheap,complexschur,4.2573e-5,1.454e-6,0.000495998,0.000271518,4.0e-8,0.000901147,5,0,2.032770492080925e-81,1,1.0000002974063888,1.727233711018889e-77,3.531101800924348e-17,4.165943580418028e-17,1,mpmath_1792,2.428313227150349e-07,6.237210950695089e7,4.116951302068447e7,256
lara17_benchmark2,3,Float64,false,diagonalcheap,complexschur,4.5679e-5,0.00018001,0.001150939,0.00044697599999999997,3.0e-8,0.001909791,17,0,8.729862267194221e-277,1,1.0000002974063906,1.331998346195134e-256,3.531101800924348e-17,4.165943580418028e-17,1,mpmath_1792,2.428313227150349e-07,6.237210950695089e7,4.116951302068447e7,851
lara17_benchmark2,3,Float64,false,diagonalcheap,realschur,4.3675e-5,8.22e-7,0.00038590799999999997,0.00012328800000000002,3.0e-8,0.000597779,3,0,6.938893903907228e-18,1,1.000000297406387,2.220446049250313e-16,1.085875275453763e-37,1.88079096131566e-37,1,mpmath_1792,2.428313227150349e-07,6.237210950695089e7,4.116951302068447e7,53
lara17_benchmark2,3,Float64,false,diagonalcheap,realschur,2.8225e-5,1.132e-6,0.000410445,0.00013464100000000001,3.0e-8,0.000618709,5,0,2.032770492080925e-81,1,1.0000002974063888,1.727233711018889e-77,3.531101800924348e-17,4.165943580418028e-17,1,mpmath_1792,2.428313227150349e-07,6.237210950695089e7,4.116951302068447e7,256
lara17_benchmark2,3,Float64,false,diagonalcheap,realschur,3.4056e-5,0.00011676700000000002,0.0008341959999999999,0.000356331,3.0e-8,0.001402258,17,0,8.729862267194221e-277,1,1.0000002974063906,1.331998346195134e-256,3.531101800924348e-17,4.165943580418028e-17,1,mpmath_1792,2.428313227150349e-07,6.237210950695089e7,4.116951302068447e7,851
lara17_benchmark2,3,Float64,false,taylor,transfree,0.0,6.01e-7,0.000189817,3.5539e-5,4.0e-8,0.000261527,4,0,0,1,1,2.220446049250313e-16,0,0,1,mpmath_1792,2.428313227150349e-07,6.237210950695089e7,4.116951302068447e7,53
lara17_benchmark2,3,Float64,false,taylor,transfree,0.0,0.000112989,0.000268492,6.7862e-5,4.0e-8,0.000493206,12,0,5.147557589468029e-85,1,1,1.727233711018889e-77,3.531101800924348e-17,4.165943580418028e-17,1,mpmath_1792,2.428313227150349e-07,6.237210950695089e7,4.116951302068447e7,256
lara17_benchmark2,3,Float64,false,taylor,transfree,0.0,0.000252229,0.0007263170000000001,0.00019361699999999999,3.0e-8,0.001237589,36,0,6.886270049533194e-282,1,1,1.331998346195134e-256,3.531101800924348e-17,4.165943580418028e-17,1,mpmath_1792,2.428313227150349e-07,6.237210950695089e7,4.116951302068447e7,851
lara17_benchmark2,3,Float64,false,taylor,complexschur,3.7262e-5,5.11e-7,0.000182434,9.0314e-5,5.0e-8,0.000394916,4,0,0,1,1,2.220446049250313e-16,0,0,1,mpmath_1792,2.428313227150349e-07,6.237210950695089e7,4.116951302068447e7,53
lara17_benchmark2,3,Float64,false,taylor,complexschur,4.0248e-5,0.000131745,0.00028942999999999997,0.00019979800000000003,4.0e-8,0.000755364,12,0,5.147557589468029e-85,1,1,1.727233711018889e-77,3.531101800924348e-17,4.165943580418028e-17,1,mpmath_1792,2.428313227150349e-07,6.237210950695089e7,4.116951302068447e7,256
lara17_benchmark2,3,Float64,false,taylor,complexschur,4.649e-5,0.000262688,0.0006792959999999997,0.000344777,3.0e-8,0.00141886,36,0,6.886270049533194e-282,1,1,1.331998346195134e-256,3.531101800924348e-17,4.165943580418028e-17,1,mpmath_1792,2.428313227150349e-07,6.237210950695089e7,4.116951302068447e7,851
lara17_benchmark2,3,Float64,false,taylor,realschur,3.0038e-5,6.12e-7,0.000150211,4.4915e-5,4.1e-8,0.000269022,4,0,0,1,1,2.220446049250313e-16,0,0,1,mpmath_1792,2.428313227150349e-07,6.237210950695089e7,4.116951302068447e7,53
lara17_benchmark2,3,Float64,false,taylor,realschur,3.9356e-5,0.00011268899999999999,0.00027279999999999996,0.00010267800000000001,4.0e-8,0.000585094,12,0,5.147557589468029e-85,1,1,1.727233711018889e-77,3.531101800924348e-17,4.165943580418028e-17,1,mpmath_1792,2.428313227150349e-07,6.237210950695089e7,4.116951302068447e7,256
lara17_benchmark2,3,Float64,false,taylor,realschur,3.9586e-5,0.00020141900000000004,0.000624176,0.00023162999999999998,3.0e-8,0.001166571,36,0,6.886270049533194e-282,1,1,1.331998346195134e-256,3.531101800924348e-17,4.165943580418028e-17,1,mpmath_1792,2.428313227150349e-07,6.237210950695089e7,4.116951302068447e7,851
lara17_benchmark3,3,Float64,false,scaling_and_squaring,NaN,NaN,NaN,NaN,NaN,NaN,1.009e-5,NaN,NaN,NaN,NaN,NaN,2.220446049250313e-16,1.437181884479713e-16,2.229119666630197e-16,0.9999999969265546,mpmath_1792,0.004636909152883403,40.128503895304675,24.717508167778725,53
lara17_benchmark3,3,Float64,false,diagonalcheap,transfree,0.0,5.91e-7,0.00034566,0.000124492,3.0e-8,0.000520869,3,0,0,0.9999999969265546,1.0012115347758817,2.220446049250313e-16,0,0,0.9999999969265546,mpmath_1792,0.004636909152883403,40.128503895304675,24.717508167778725,53
lara17_benchmark3,3,Float64,false,diagonalcheap,transfree,0.0,7.8932e-5,0.0006113039999999999,0.00015667400000000004,3.0e-8,0.000887691,13,0,5.147557585780061e-85,0.9999999969265546,1.001211652366687,1.727233711018889e-77,2.785669939809824e-17,3.824340955858889e-17,0.9999999969265546,mpmath_1792,0.004636909152883403,40.128503895304675,24.717508167778725,256
lara17_benchmark3,3,Float64,false,diagonalcheap,transfree,0.0,0.000238032,0.0015290740000000005,0.00032036,3.1e-8,0.002143074,37,0,6.886270044754297e-282,0.9999999969265546,1.0012116716966855,1.331998346195134e-256,2.785669939809824e-17,3.824340955858889e-17,0.9999999969265546,mpmath_1792,0.004636909152883403,40.128503895304675,24.717508167778725,851
lara17_benchmark3,3,Float64,false,diagonalcheap,complexschur,3.6751e-5,5.21e-7,0.0002861140000000001,0.000139272,3.0e-8,0.000518685,3,0,0,0.9999786386111544,1.0020684160079993,2.220446049250313e-16,0,0,0.9999999969265546,mpmath_1792,0.004636909152883403,40.128503895304675,24.717508167778725,53
lara17_benchmark3,3,Float64,false,diagonalcheap,complexschur,3.5799e-5,8.484499999999999e-5,0.0006474950000000001,0.000291303,3.0e-8,0.001123568,13,0,5.147557585780061e-85,0.9999786386111544,1.0020688878050292,1.727233711018889e-77,2.785669939809824e-17,3.824340955858889e-17,0.9999999969265546,mpmath_1792,0.004636909152883403,40.128503895304675,24.717508167778725,256
lara17_benchmark3,3,Float64,false,diagonalcheap,complexschur,3.6661e-5,0.000258129,0.0016141080000000002,0.0009368860000000001,3.0e-8,0.002958603,37,0,6.886270044754296e-282,0.9999786386111544,1.0020689653607568,1.331998346195134e-256,2.785669939809824e-17,3.824340955858889e-17,0.9999999969265546,mpmath_1792,0.004636909152883403,40.128503895304675,24.717508167778725,851
lara17_benchmark3,3,Float64,false,diagonalcheap,realschur,3.9386e-5,7.01e-7,0.000301204,9.935400000000001e-5,3.0e-8,0.000481914,3,0,0,0.9999786386111544,1.0020684160079993,2.220446049250313e-16,0,0,0.9999999969265546,mpmath_1792,0.004636909152883403,40.128503895304675,24.717508167778725,53
lara17_benchmark3,3,Float64,false,diagonalcheap,realschur,3.6571e-5,0.000129151,0.000919735,0.00027393800000000005,4.0e-8,0.001422566,13,0,5.147557585780061e-85,0.9999786386111544,1.0020688878050292,1.727233711018889e-77,2.785669939809824e-17,3.824340955858889e-17,0.9999999969265546,mpmath_1792,0.004636909152883403,40.128503895304675,24.717508167778725,256
lara17_benchmark3,3,Float64,false,diagonalcheap,realschur,5.3143e-5,0.000360171,0.002435788,0.0006344909999999999,4.0e-8,0.003571412,37,0,6.886270044754296e-282,0.9999786386111544,1.0020689653607568,1.331998346195134e-256,2.785669939809824e-17,3.824340955858889e-17,0.9999999969265546,mpmath_1792,0.004636909152883403,40.128503895304675,24.717508167778725,851
lara17_benchmark3,3,Float64,false,taylor,transfree,0.0,6.1789e-5,0.000220709,4.472600000000001e-5,4.1e-8,0.000369666,6,0,0,0.9999999969251475,1,2.220446049250313e-16,1.716256353964252e-21,2.964615315390051e-21,0.9999999969265546,mpmath_1792,0.004636909152883403,40.128503895304675,24.717508167778725,53
lara17_benchmark3,3,Float64,false,taylor,transfree,0.0,0.000191202,0.000420232,0.00011617499999999999,4.0e-8,0.00077399,25,0,5.147557589468029e-84,0.9999999969251474,1,1.727233711018889e-77,2.785669939809824e-17,3.824340955858889e-17,0.9999999969265546,mpmath_1792,0.004636909152883403,40.128503895304675,24.717508167778725,256
lara17_benchmark3,3,Float64,false,taylor,transfree,0.0,0.00045794599999999993,0.001551228,0.00032584,4.0e-8,0.002408067,72,0,2.760023601038183e-268,0.9999999969251474,1,1.331998346195134e-256,2.785669939809824e-17,3.824340955858889e-17,0.9999999969265546,mpmath_1792,0.004636909152883403,40.128503895304675,24.717508167778725,851
lara17_benchmark3,3,Float64,false,taylor,complexschur,3.6291e-5,6.310199999999999e-5,0.00020531699999999997,0.000114242,4.0e-8,0.000503245,6,0,0,0.9999999969251475,1,2.220446049250313e-16,1.716256353964252e-21,2.964615315390051e-21,0.9999999969265546,mpmath_1792,0.004636909152883403,40.128503895304675,24.717508167778725,53
lara17_benchmark3,3,Float64,false,taylor,complexschur,2.7032e-5,0.00013372,0.00028634499999999997,0.000172804,3.0e-8,0.000681641,25,0,5.147557589468029e-84,0.9999999969251474,1,1.727233711018889e-77,2.785669939809824e-17,3.824340955858889e-17,0.9999999969265546,mpmath_1792,0.004636909152883403,40.128503895304675,24.717508167778725,256
lara17_benchmark3,3,Float64,false,taylor,complexschur,3.2773e-5,0.00030714599999999995,0.00093339,0.000461461,4.0e-8,0.001814888,72,0,2.760023601038183e-268,0.9999999969251474,1,1.331998346195134e-256,2.785669939809824e-17,3.824340955858889e-17,0.9999999969265546,mpmath_1792,0.004636909152883403,40.128503895304675,24.717508167778725,851
lara17_benchmark3,3,Float64,false,taylor,realschur,2.9036e-5,4.659e-5,0.000167231,4.0501e-5,3.0e-8,0.000321372,6,0,0,0.9999999969251475,1,2.220446049250313e-16,1.716256353964252e-21,2.964615315390051e-21,0.9999999969265546,mpmath_1792,0.004636909152883403,40.128503895304675,24.717508167778725,53
lara17_benchmark3,3,Float64,false,taylor,realschur,2.7142e-5,0.000155641,0.016835868000000004,0.000174638,1.0e-7,0.017273174,25,0,5.147557589468029e-84,0.9999999969251474,1,1.727233711018889e-77,2.785669939809824e-17,3.824340955858889e-17,0.9999999969265546,mpmath_1792,0.004636909152883403,40.128503895304675,24.717508167778725,256
lara17_benchmark3,3,Float64,false,taylor,realschur,5.9967e-5,0.000490271,0.0016584219999999999,0.00040725999999999995,4.0e-8,0.002713509,72,0,2.760023601038183e-268,0.9999999969251474,1,1.331998346195134e-256,2.785669939809824e-17,3.824340955858889e-17,0.9999999969265546,mpmath_1792,0.004636909152883403,40.128503895304675,24.717508167778725,851
lara17_benchmark4,4,Float64,false,scaling_and_squaring,NaN,NaN,NaN,NaN,NaN,NaN,1.6202e-5,NaN,NaN,NaN,NaN,NaN,2.220446049250313e-16,7.850857237049977e-17,1.110225142207525e-16,1,mpmath_1792,0.0001000108748900367,1.9522403580165237e10,3.3813927281753216e10,53
lara17_benchmark4,4,Float64,false,diagonalcheap,transfree,0.0,6.61e-7,0.0004203349999999999,0.00013254600000000001,4.0e-8,0.000619531,3,0,0,1,1.0000392201509225,2.220446049250313e-16,6.776604379538881e-21,1.355252715606881e-20,1,mpmath_1792,0.0001000108748900367,1.9522403580165237e10,3.3813927281753216e10,53
lara17_benchmark4,4,Float64,false,diagonalcheap,transfree,0.0,4.2863e-5,0.0005897930000000001,0.00016981899999999998,3.0e-8,0.000849556,9,0,0,1,1.00003922034796,1.727233711018889e-77,4.215821896774494e-17,5.432974484878633e-17,1,mpmath_1792,0.0001000108748900367,1.9522403580165237e10,3.3813927281753216e10,256
lara17_benchmark4,4,Float64,false,diagonalcheap,transfree,0.0,0.000165723,0.0012907440000000001,0.000349054,3.0e-8,0.001863572,25,0,1.216101518207463e-276,1,1.0000392204015756,1.331998346195134e-256,4.215821896774494e-17,5.432974484878633e-17,1,mpmath_1792,0.0001000108748900367,1.9522403580165237e10,3.3813927281753216e10,851
lara17_benchmark4,4,Float64,false,diagonalcheap,complexschur,0.000157886,5.81e-7,0.000290603,0.00020036699999999996,3.0e-8,0.000741747,3,0,6.93923405561172e-18,1.000054953079581,1.000156759143587,2.220446049250313e-16,6.251798019876319e-16,1.433499760354484e-15,1,mpmath_1792,0.0001000108748900367,1.9522403580165237e10,3.3813927281753216e10,53
lara17_benchmark4,4,Float64,false,diagonalcheap,complexschur,0.00019091,6.3234e-5,0.0006204829999999999,0.000384073,4.0e-8,0.001371348,9,0,0,1.000098041515698,1.0001567597757308,1.727233711018889e-77,4.215821896774494e-17,5.432974484878633e-17,1,mpmath_1792,0.0001000108748900367,1.9522403580165237e10,3.3813927281753216e10,256
lara17_benchmark4,4,Float64,false,diagonalcheap,complexschur,0.000369997,0.00019523699999999996,0.0015112900000000002,0.000916375,3.0e-8,0.003163601,25,0,4.882949134364287e-278,1.000098041515698,1.0001567599475785,1.331998346195134e-256,4.215821896774494e-17,5.432974484878633e-17,1,mpmath_1792,0.0001000108748900367,1.9522403580165237e10,3.3813927281753216e10,851
lara17_benchmark4,4,Float64,false,diagonalcheap,realschur,0.000145111,5.11e-7,0.00027221800000000007,0.000115654,3.0e-8,0.000577059,3,0,6.93923405561172e-18,1.000054953079581,1.000156759143587,2.220446049250313e-16,6.251798019876319e-16,1.433499760354484e-15,1,mpmath_1792,0.0001000108748900367,1.9522403580165237e10,3.3813927281753216e10,53
lara17_benchmark4,4,Float64,false,diagonalcheap,realschur,0.000185189,4.0458e-5,0.0005038040000000001,0.00020480799999999998,3.0e-8,0.000994146,9,0,0,1.000098041515698,1.0001567597757308,1.727233711018889e-77,4.215821896774494e-17,5.432974484878633e-17,1,mpmath_1792,0.0001000108748900367,1.9522403580165237e10,3.3813927281753216e10,256
lara17_benchmark4,4,Float64,false,diagonalcheap,realschur,0.000407439,0.00015838800000000003,0.0013452849999999999,0.000597912,4.0e-8,0.002623986,25,0,4.882949134364287e-278,1.000098041515698,1.0001567599475785,1.331998346195134e-256,4.215821896774494e-17,5.432974484878633e-17,1,mpmath_1792,0.0001000108748900367,1.9522403580165237e10,3.3813927281753216e10,851
lara17_benchmark4,4,Float64,false,taylor,transfree,0.0,5.01e-7,0.000156733,3.4588e-5,3.0e-8,0.000220046,4,0,6.938893903907228e-18,1,1,2.220446049250313e-16,1.679335240686547e-22,3.388302552948494e-22,1,mpmath_1792,0.0001000108748900367,1.9522403580165237e10,3.3813927281753216e10,53
lara17_benchmark4,4,Float64,false,taylor,transfree,0.0,8.5265e-5,0.000244903,8.737e-5,3.0e-8,0.000455313,16,0,1.986411588430176e-79,1,1,1.727233711018889e-77,4.215821896774494e-17,5.432974484878633e-17,1,mpmath_1792,0.0001000108748900367,1.9522403580165237e10,3.3813927281753216e10,256
lara17_benchmark4,4,Float64,false,taylor,transfree,0.0,0.00020887699999999997,0.000635221,0.00033920700000000006,4.1e-8,0.001234492,49,0,5.370685560335139e-257,1,1,1.331998346195134e-256,4.215821896774494e-17,5.432974484878633e-17,1,mpmath_1792,0.0001000108748900367,1.9522403580165237e10,3.3813927281753216e10,851
lara17_benchmark4,4,Float64,false,taylor,complexschur,0.000306234,6.81e-7,0.000233814,0.00020932700000000004,4.0e-8,0.000952616,4,0,0,1.000098041515552,1,2.220446049250313e-16,6.251798019876319e-16,1.433499760354484e-15,1,mpmath_1792,0.0001000108748900367,1.9522403580165237e10,3.3813927281753216e10,53
lara17_benchmark4,4,Float64,false,taylor,complexschur,0.000281786,0.000138718,0.00034478799999999995,0.000382381,4.0e-8,0.001303416,16,0,4.312984077487577e-80,1.000098041515698,1,1.727233711018889e-77,4.215821896774494e-17,5.432974484878633e-17,1,mpmath_1792,0.0001000108748900367,1.9522403580165237e10,3.3813927281753216e10,256
lara17_benchmark4,4,Float64,false,taylor,complexschur,0.000481152,0.00032028799999999995,0.0009118550000000002,0.000957154,4.0e-8,0.002870293,49,0,2.296812455019018e-258,1.000098041515698,1,1.331998346195134e-256,4.215821896774494e-17,5.432974484878633e-17,1,mpmath_1792,0.0001000108748900367,1.9522403580165237e10,3.3813927281753216e10,851
lara17_benchmark4,4,Float64,false,taylor,realschur,0.000199807,5.31e-7,0.000168897,6.3102e-5,4.0e-8,0.000489829,4,0,0,1.000098041515552,1,2.220446049250313e-16,6.251798019876319e-16,1.433499760354484e-15,1,mpmath_1792,0.0001000108748900367,1.9522403580165237e10,3.3813927281753216e10,53
lara17_benchmark4,4,Float64,false,taylor,realschur,0.000274041,0.000110554,0.00029885900000000006,0.000169909,4.0e-8,0.000930504,16,0,4.312984077487577e-80,1.000098041515698,1,1.727233711018889e-77,4.215821896774494e-17,5.432974484878633e-17,1,mpmath_1792,0.0001000108748900367,1.9522403580165237e10,3.3813927281753216e10,256
lara17_benchmark4,4,Float64,false,taylor,realschur,0.000471584,0.00027221900000000003,0.000875202,0.000486827,4.0e-8,0.002227878,49,0,2.296812455019018e-258,1.000098041515698,1,1.331998346195134e-256,4.215821896774494e-17,5.432974484878633e-17,1,mpmath_1792,0.0001000108748900367,1.9522403580165237e10,3.3813927281753216e10,851
lara17_benchmark5,12,Float64,false,scaling_and_squaring,NaN,NaN,NaN,NaN,NaN,NaN,2.584e-5,NaN,NaN,NaN,NaN,NaN,2.220446049250313e-16,8.480283681962018e-17,1.110358568508407e-16,1,mpmath_1792,0.0002253518219794541,5.2765795464175674e10,1.2433868819352815e11,53
lara17_benchmark5,12,Float64,false,diagonalcheap,transfree,0.0,5.41e-7,0.0004621270000000001,0.0005549750000000001,3.0e-8,0.001131623,3,0,0,1,1.0000790773806758,2.220446049250313e-16,1.058045529840995e-20,2.710546871023837e-20,1,mpmath_1792,0.0002253518219794541,5.2765795464175674e10,1.2433868819352815e11,53
lara17_benchmark5,12,Float64,false,diagonalcheap,transfree,0.0,6.1197e-5,0.000766484,0.001219985,4.0e-8,0.002154996,9,0,7.206580625255242e-84,1,1.0000790782426707,1.727233711018889e-77,3.222909030871085e-17,4.916925615042877e-17,1,mpmath_1792,0.0002253518219794541,5.2765795464175674e10,1.2433868819352815e11,256
lara17_benchmark5,12,Float64,false,diagonalcheap,transfree,0.0,0.00037325400000000006,0.0023843259999999995,0.004961269,5.0e-8,0.007923806,31,0,3.443135024766598e-282,1,1.0000790785017402,1.331998346195134e-256,3.222909030871085e-17,4.916925615042877e-17,1,mpmath_1792,0.0002253518219794541,5.2765795464175674e10,1.2433868819352815e11,851
lara17_benchmark5,12,Float64,false,diagonalcheap,complexschur,0.002706816,7.72e-7,0.0005987200000000001,0.0017123479999999998,3.0e-8,0.007278114,3,0,0,1.000332690175243,1.000467651019539,2.220446049250313e-16,1.338585773813458e-15,5.517760352080924e-15,1,mpmath_1792,0.0002253518219794541,5.2765795464175674e10,1.2433868819352815e11,53
lara17_benchmark5,12,Float64,false,diagonalcheap,complexschur,0.008224389,0.00020237199999999998,0.002175926,0.006644207,5.0e-8,0.020339988,9,0,2.059478602371931e-84,1.000442474541676,1.00046765777809,1.727233711018889e-77,3.222909030871085e-17,4.916925615042877e-17,1,mpmath_1792,0.0002253518219794541,5.2765795464175674e10,1.2433868819352815e11,256
lara17_benchmark5,12,Float64,false,diagonalcheap,complexschur,0.012491327,0.0011914209999999998,0.0061086709999999995,0.020395325,3.0e-8,0.043263543,31,0,0,1.000332690175306,1.000467659809356,1.331998346195134e-256,3.222909030871085e-17,4.916925615042877e-17,1,mpmath_1792,0.0002253518219794541,5.2765795464175674e10,1.2433868819352815e11,851
lara17_benchmark5,12,Float64,false,diagonalcheap,realschur,0.004206472,7.31e-7,0.000631724,0.0009746889999999999,4.0e-8,0.006433719,3,0,0,1.000332417623002,1.000464317344507,2.220446049250313e-16,1.320161839452996e-15,5.295715747155893e-15,1,mpmath_1792,0.0002253518219794541,5.2765795464175674e10,1.2433868819352815e11,53
lara17_benchmark5,12,Float64,false,diagonalcheap,realschur,0.008170434,8.8824e-5,0.0012988460000000002,0.001997001,4.0e-8,0.012368881,9,0,2.059471739895795e-84,1.000435809125159,1.0004643240773086,1.727233711018889e-77,3.222909030871085e-17,4.916925615042877e-17,1,mpmath_1792,0.0002253518219794541,5.2765795464175674e10,1.2433868819352815e11,256
lara17_benchmark5,12,Float64,false,diagonalcheap,realschur,0.016474136,0.000512412,0.0034720069999999996,0.00624333,6.0e-8,0.028207625,31,0,0,1.000332417623064,1.0004643261008384,1.331998346195134e-256,3.222909030871085e-17,4.916925615042877e-17,1,mpmath_1792,0.0002253518219794541,5.2765795464175674e10,1.2433868819352815e11,851
lara17_benchmark5,12,Float64,false,taylor,transfree,0.0,8.71e-7,0.00042986200000000004,0.00042959300000000003,4.0e-8,0.001022692,4,0,6.938893903907228e-18,1,1,2.220446049250313e-16,6.79840127954281e-20,2.195957635506636e-19,1,mpmath_1792,0.0002253518219794541,5.2765795464175674e10,1.2433868819352815e11,53
lara17_benchmark5,12,Float64,false,taylor,transfree,0.0,0.000314239,0.000643095,0.001911805,4.0e-8,0.003035884,20,0,5.147557589468029e-85,1,1,1.727233711018889e-77,3.222909030871085e-17,4.916925615042877e-17,1,mpmath_1792,0.0002253518219794541,5.2765795464175674e10,1.2433868819352815e11,256
lara17_benchmark5,12,Float64,false,taylor,transfree,0.0,0.0006766220000000001,0.0014173059999999997,0.006924468,3.0e-8,0.032760648,56,0,1.096746153864123e-263,1,1,1.331998346195134e-256,3.222909030871085e-17,4.916925615042877e-17,1,mpmath_1792,0.0002253518219794541,5.2765795464175674e10,1.2433868819352815e11,851
lara17_benchmark5,12,Float64,false,taylor,complexschur,0.004560218,1.453e-6,0.0007270280000000001,0.001994343,4.0e-8,0.009797908,4,0,0,1.000442474531402,1,2.220446049250313e-16,1.338585773813458e-15,5.517760352080924e-15,1,mpmath_1792,0.0002253518219794541,5.2765795464175674e10,1.2433868819352815e11,53
lara17_benchmark5,12,Float64,false,taylor,complexschur,0.008722754,0.0007096849999999999,0.001584841,0.007631499,4.0e-8,0.021651099,20,0,5.147557589468029e-85,1.000442474541678,1,1.727233711018889e-77,3.222909030871085e-17,4.916925615042877e-17,1,mpmath_1792,0.0002253518219794541,5.2765795464175674e10,1.2433868819352815e11,256
lara17_benchmark5,12,Float64,false,taylor,complexschur,0.016746183,0.001173955,0.0021458920000000004,0.012130555999999999,3.0e-8,0.036651468,56,0,7.354409715441958e-266,1.000442474541678,1,1.331998346195134e-256,3.222909030871085e-17,4.916925615042877e-17,1,mpmath_1792,0.0002253518219794541,5.2765795464175674e10,1.2433868819352815e11,851
lara17_benchmark5,12,Float64,false,taylor,realschur,0.005572149,1.463e-6,0.000581154,0.000629911,4.0e-8,0.007493512,4,0,0,1.000435809114933,1,2.220446049250313e-16,1.320161839452996e-15,5.295715747155893e-15,1,mpmath_1792,0.0002253518219794541,5.2765795464175674e10,1.2433868819352815e11,53
lara17_benchmark5,12,Float64,false,taylor,realschur,0.006700184,0.00042103600000000007,0.0009822969999999998,0.002198137,4.0e-8,0.01121816,20,0,5.147557589468029e-85,1.000435809125161,1,1.727233711018889e-77,3.222909030871085e-17,4.916925615042877e-17,1,mpmath_1792,0.0002253518219794541,5.2765795464175674e10,1.2433868819352815e11,256
lara17_benchmark5,12,Float64,false,taylor,realschur,0.016662401,0.000928528,0.002260922,0.004932029,4.0e-8,0.025845006,56,0,7.354409715441958e-266,1.000435809125161,1,1.331998346195134e-256,3.222909030871085e-17,4.916925615042877e-17,1,mpmath_1792,0.0002253518219794541,5.2765795464175674e10,1.2433868819352815e11,851
lara17_benchmark6,8,Float64,false,scaling_and_squaring,NaN,NaN,NaN,NaN,NaN,NaN,2.4497e-5,NaN,NaN,NaN,NaN,NaN,2.220446049250313e-16,7.851115962190696e-17,1.110256905943047e-16,1,mpmath_1792,0.0002525490807590554,1.031733902386695e11,1.2045010832905667e11,53
lara17_benchmark6,8,Float64,false,diagonalcheap,transfree,0.0,7.01e-7,0.0005004800000000001,0.00039050700000000006,4.0e-8,0.000992433,3,0,0,1,1.0004926907960978,2.220446049250313e-16,1.700915877248394e-21,3.388131789017201e-21,1,mpmath_1792,0.0002525490807590554,1.031733902386695e11,1.2045010832905667e11,53
lara17_benchmark6,8,Float64,false,diagonalcheap,transfree,0.0,6.3675e-5,0.0008663470000000001,0.0006774629999999999,5.0e-8,0.001699023,9,0,6.691824866308439e-84,1,1.0004926994231726,1.727233711018889e-77,3.427940580513062e-17,5.146452800624003e-17,1,mpmath_1792,0.0002525490807590554,1.031733902386695e11,1.2045010832905667e11,256
lara17_benchmark6,8,Float64,false,diagonalcheap,transfree,0.0,0.00032375899999999996,0.002360364,0.0017809920000000001,4.0e-8,0.004591117,31,0,1.032940507429979e-281,1,1.0004927020160095,1.331998346195134e-256,3.427940580513062e-17,5.146452800624003e-17,1,mpmath_1792,0.0002525490807590554,1.031733902386695e11,1.2045010832905667e11,851
lara17_benchmark6,8,Float64,false,diagonalcheap,complexschur,0.000564484,5.81e-7,0.00045695599999999995,0.001004376,3.0e-8,0.002675816,3,0,0,1.000346998338201,1.0004199002160503,2.220446049250313e-16,4.625345115225992e-16,1.040851420688508e-15,1,mpmath_1792,0.0002525490807590554,1.031733902386695e11,1.2045010832905667e11,53
lara17_benchmark6,8,Float64,false,diagonalcheap,complexschur,0.000797125,8.668800000000001e-5,0.001012693,0.002243868,4.0e-8,0.004844038,9,0,5.148450765600602e-85,1.000346998338201,1.000419906808244,1.727233711018889e-77,3.427940580513062e-17,5.146452800624003e-17,1,mpmath_1792,0.0002525490807590554,1.031733902386695e11,1.2045010832905667e11,256
lara17_benchmark6,8,Float64,false,diagonalcheap,complexschur,0.001430913,0.00044250699999999997,0.0037589869999999997,0.00651253,4.0e-8,0.013025944,31,0,3.443732461174175e-282,1.000346998338201,1.0004199087895047,1.331998346195134e-256,3.427940580513062e-17,5.146452800624003e-17,1,mpmath_1792,0.0002525490807590554,1.031733902386695e11,1.2045010832905667e11,851
lara17_benchmark6,8,Float64,false,diagonalcheap,realschur,0.000562711,5.81e-7,0.00041759899999999994,0.000359247,4.0e-8,0.001539513,3,0,0,1.000346998338201,1.0004199002160503,2.220446049250313e-16,4.625345115225992e-16,1.040851420688508e-15,1,mpmath_1792,0.0002525490807590554,1.031733902386695e11,1.2045010832905667e11,53
lara17_benchmark6,8,Float64,false,diagonalcheap,realschur,0.000807224,6.745e-5,0.0008496250000000001,0.0007687799999999999,4.0e-8,0.002729489,9,0,5.148450765600602e-85,1.000346998338201,1.000419906808244,1.727233711018889e-77,3.427940580513062e-17,5.146452800624003e-17,1,mpmath_1792,0.0002525490807590554,1.031733902386695e11,1.2045010832905667e11,256
lara17_benchmark6,8,Float64,false,diagonalcheap,realschur,0.001448777,0.000364137,0.0025651339999999997,0.002496936,4.0e-8,0.007256533,31,0,3.443732461174175e-282,1.000346998338201,1.0004199087895047,1.331998346195134e-256,3.427940580513062e-17,5.146452800624003e-17,1,mpmath_1792,0.0002525490807590554,1.031733902386695e11,1.2045010832905667e11,851
lara17_benchmark6,8,Float64,false,taylor,transfree,0.0,5.91e-7,0.00027590499999999995,0.00017845500000000003,4.0e-8,0.000542732,4,0,6.938893903907228e-18,1,1,2.220446049250313e-16,8.340574026596411e-20,2.185930464191873e-19,1,mpmath_1792,0.0002525490807590554,1.031733902386695e11,1.2045010832905667e11,53
lara17_benchmark6,8,Float64,false,taylor,transfree,0.0,0.00022502699999999999,0.00046802500000000006,0.000610706,4.0e-8,0.001396707,20,0,0,1,1,1.727233711018889e-77,3.427940580513062e-17,5.146452800624003e-17,1,mpmath_1792,0.0002525490807590554,1.031733902386695e11,1.2045010832905667e11,256
lara17_benchmark6,8,Float64,false,taylor,transfree,0.0,0.000447557,0.00117484,0.0015281600000000002,4.0e-8,0.003270448,56,0,1.079673532186531e-263,1,1,1.331998346195134e-256,3.427940580513062e-17,5.146452800624003e-17,1,mpmath_1792,0.0002525490807590554,1.031733902386695e11,1.2045010832905667e11,851
lara17_benchmark6,8,Float64,false,taylor,complexschur,0.000587288,9.32e-7,0.0003819980000000001,0.0006510139999999999,4.0e-8,0.002315868,4,0,0,1.000346998328182,1,2.220446049250313e-16,4.625345115225986e-16,1.040851420688508e-15,1,mpmath_1792,0.0002525490807590554,1.031733902386695e11,1.2045010832905667e11,53
lara17_benchmark6,8,Float64,false,taylor,complexschur,0.000829377,0.000312396,0.0006103240000000001,0.0031312169999999995,4.0e-8,0.005601505,20,0,5.147557589468029e-85,1.000346998338202,1,1.727233711018889e-77,3.427940580513062e-17,5.146452800624003e-17,1,mpmath_1792,0.0002525490807590554,1.031733902386695e11,1.2045010832905667e11,256
lara17_benchmark6,8,Float64,false,taylor,complexschur,0.001456112,0.0006864490000000001,0.0014374109999999998,0.034502994,5.0e-8,0.039050527,56,0,7.354409715443804e-266,1.000346998338202,1,1.331998346195134e-256,3.427940580513062e-17,5.146452800624003e-17,1,mpmath_1792,0.0002525490807590554,1.031733902386695e11,1.2045010832905667e11,851
lara17_benchmark6,8,Float64,false,taylor,realschur,0.000573852,1.002e-6,0.000323566,0.000214066,4.0e-8,0.001325559,4,0,0,1.000346998328182,1,2.220446049250313e-16,4.625345115225986e-16,1.040851420688508e-15,1,mpmath_1792,0.0002525490807590554,1.031733902386695e11,1.2045010832905667e11,53
lara17_benchmark6,8,Float64,false,taylor,realschur,0.000821773,0.000247289,0.000491682,0.000754141,5.0e-8,0.002559611,20,0,5.147557589468029e-85,1.000346998338202,1,1.727233711018889e-77,3.427940580513062e-17,5.146452800624003e-17,1,mpmath_1792,0.0002525490807590554,1.031733902386695e11,1.2045010832905667e11,256
lara17_benchmark6,8,Float64,false,taylor,realschur,0.001424921,0.0005047270000000001,0.0014736570000000004,0.002230774,3.0e-8,0.006000759,56,0,7.354409715443804e-266,1.000346998338202,1,1.331998346195134e-256,3.427940580513062e-17,5.146452800624003e-17,1,mpmath_1792,0.0002525490807590554,1.031733902386695e11,1.2045010832905667e11,851
cauchy_10,10,Rational{Int64},true,scaling_and_squaring,NaN,NaN,NaN,NaN,NaN,NaN,0.010146768,NaN,NaN,NaN,NaN,NaN,2.220446049250313e-16,4.647093293940115e-16,2.331468351712829e-15,5.238622722076758,mpmath_1792,0.9906696414891242,1.3281672796450564e14,6.230916431854037e13,53
cauchy_10,10,Rational{Int64},true,diagonalcheap,transfree,1.905241496,0.0,0.0,0.0,0.0,1.912207276,NaN,NaN,NaN,NaN,NaN,2.220446049250313e-16,4.482435880821035e-16,3.469446951953614e-15,5.238622722076758,mpmath_1792,0.9906696414891242,1.3281672796450564e14,6.230916431854037e13,53
cauchy_10,10,Rational{Int64},true,diagonalcheap,transfree,0.002604331,0.0,0.0,0.0,0.0,0.003057521,NaN,NaN,NaN,NaN,NaN,1.727233711018889e-77,4.63470924428098e-17,1.767401278714665e-16,5.238622722076758,mpmath_1792,0.9906696414891242,1.3281672796450564e14,6.230916431854037e13,256
cauchy_10,10,Rational{Int64},true,diagonalcheap,transfree,0.006904127,0.0,0.0,0.0,0.0,0.007617848,NaN,NaN,NaN,NaN,NaN,1.331998346195134e-256,4.63470924428098e-17,1.767401278714665e-16,5.238622722076758,mpmath_1792,0.9906696414891242,1.3281672796450564e14,6.230916431854037e13,851
cauchy_10,10,Rational{Int64},true,diagonalcheap,complexschur,0.004759022,8.711999999999999e-6,4.351083725000001,1.060362023,9.1e-8,5.623761084,9,0,4.011570381810943e-17,3.624305617093814,1.92709406684737,2.220446049250313e-16,2.454071689976095e-15,1.854072451124011e-14,5.238622722076758,mpmath_1792,0.9906696414891242,1.3281672796450564e14,6.230916431854037e13,53
cauchy_10,10,Rational{Int64},true,diagonalcheap,complexschur,0.001797846,0.000524679,0.020072777999999993,0.008511108,5.0e-8,0.032073286,31,0,3.933228041959527e-84,3.624305617093809,1.9102399407861523,1.727233711018889e-77,4.63470924428098e-17,1.767401278714665e-16,5.238622722076758,mpmath_1792,0.9906696414891242,1.3281672796450564e14,6.230916431854037e13,256
cauchy_10,10,Rational{Int64},true,diagonalcheap,complexschur,0.004365383,0.0007953350000000001,0.019978265999999998,0.020102565,3.0e-8,0.061031335,73,0,1.312856381397447e-281,3.624305617093808,1.9064840210360752,1.331998346195134e-256,4.63470924428098e-17,1.767401278714665e-16,5.238622722076758,mpmath_1792,0.9906696414891242,1.3281672796450564e14,6.230916431854037e13,851
cauchy_10,10,Rational{Int64},true,diagonalcheap,realschur,0.001015863,5.636e-6,1.387850053,0.8343906329999999,1.4e-7,2.28406615,9,0,4.011570381810943e-17,3.624305617093814,1.92709406684737,2.220446049250313e-16,2.454071689976095e-15,1.854072451124011e-14,5.238622722076758,mpmath_1792,0.9906696414891242,1.3281672796450564e14,6.230916431854037e13,53
cauchy_10,10,Rational{Int64},true,diagonalcheap,realschur,0.001840091,0.00022907100000000002,0.0020105939999999997,0.001735997,3.0e-8,0.00625673,31,0,3.933228041959527e-84,3.624305617093809,1.9102399407861523,1.727233711018889e-77,4.63470924428098e-17,1.767401278714665e-16,5.238622722076758,mpmath_1792,0.9906696414891242,1.3281672796450564e14,6.230916431854037e13,256
cauchy_10,10,Rational{Int64},true,diagonalcheap,realschur,0.004707528,0.0005066949999999999,0.004534458,0.005767187,4.1e-8,0.016544642,73,0,1.312856381397447e-281,3.624305617093808,1.9064840210360752,1.331998346195134e-256,4.63470924428098e-17,1.767401278714665e-16,5.238622722076758,mpmath_1792,0.9906696414891242,1.3281672796450564e14,6.230916431854037e13,851
cauchy_10,10,Rational{Int64},true,taylor,transfree,0.00208047,0.0,0.0,0.0,0.0,0.002476636,NaN,NaN,NaN,NaN,NaN,2.220446049250313e-16,4.482435880821035e-16,3.469446951953614e-15,5.238622722076758,mpmath_1792,0.9906696414891242,1.3281672796450564e14,6.230916431854037e13,53
cauchy_10,10,Rational{Int64},true,taylor,transfree,0.0027657,0.0,0.0,0.0,0.0,0.003219762,NaN,NaN,NaN,NaN,NaN,1.727233711018889e-77,4.63470924428098e-17,1.767401278714665e-16,5.238622722076758,mpmath_1792,0.9906696414891242,1.3281672796450564e14,6.230916431854037e13,256
cauchy_10,10,Rational{Int64},true,taylor,transfree,0.006946912,0.0,0.0,0.0,0.0,0.007628342,NaN,NaN,NaN,NaN,NaN,1.331998346195134e-256,4.63470924428098e-17,1.767401278714665e-16,5.238622722076758,mpmath_1792,0.9906696414891242,1.3281672796450564e14,6.230916431854037e13,851
cauchy_10,10,Rational{Int64},true,taylor,complexschur,0.001000539,0.000483209,0.9981751890000002,0.146278249,3.0e-8,1.224527148,20,0,0,3.472540635540454,1,2.220446049250313e-16,2.454071689976095e-15,1.854072451124011e-14,5.238622722076758,mpmath_1792,0.9906696414891242,1.3281672796450564e14,6.230916431854037e13,53
cauchy_10,10,Rational{Int64},true,taylor,complexschur,0.001798756,0.008082239,0.0011062509999999997,0.006526327,4.0e-8,0.019127038,64,0,2.059023035787212e-84,3.472540635540448,1,1.727233711018889e-77,4.63470924428098e-17,1.767401278714665e-16,5.238622722076758,mpmath_1792,0.9906696414891242,1.3281672796450564e14,6.230916431854037e13,256
cauchy_10,10,Rational{Int64},true,taylor,complexschur,0.007056202,0.016719521,0.006028272,0.022353986,0.002475161,0.056410739,90,5,7.808323454334548e-268,1.041060036454953,1,1.331998346195134e-256,4.63470924428098e-17,1.767401278714665e-16,5.238622722076758,mpmath_1792,0.9906696414891242,1.3281672796450564e14,6.230916431854037e13,851
cauchy_10,10,Rational{Int64},true,taylor,realschur,0.00099968,0.000290437,0.244740517,0.007854747,4.0e-8,0.254208104,20,0,0,3.472540635540454,1,2.220446049250313e-16,2.454071689976095e-15,1.854072451124011e-14,5.238622722076758,mpmath_1792,0.9906696414891242,1.3281672796450564e14,6.230916431854037e13,53
cauchy_10,10,Rational{Int64},true,taylor,realschur,0.001764691,0.00034742999999999997,0.000849756,0.001738324,3.0e-8,0.005075666,64,0,2.059023035787212e-84,3.472540635540448,1,1.727233711018889e-77,4.63470924428098e-17,1.767401278714665e-16,5.238622722076758,mpmath_1792,0.9906696414891242,1.3281672796450564e14,6.230916431854037e13,256
cauchy_10,10,Rational{Int64},true,taylor,realschur,0.003825435,0.000538138,0.003867318,0.004537388999999999,0.002222568,0.016191455,90,5,7.808323454334548e-268,1.041060036454953,1,1.331998346195134e-256,4.63470924428098e-17,1.767401278714665e-16,5.238622722076758,mpmath_1792,0.9906696414891242,1.3281672796450564e14,6.230916431854037e13,851
condex__2_4_6,2,Float64,true,scaling_and_squaring,NaN,NaN,NaN,NaN,NaN,NaN,5.585e-5,NaN,NaN,NaN,NaN,NaN,2.220446049250313e-16,3.718917807176768e-16,9.992007221626409e-16,2.718281828459046,mpmath_1792,0.9847405390218198,4.358087743290964,4.358087743290962,53
condex__2_4_6,2,Float64,true,diagonalcheap,transfree,4.4111e-5,0.0,0.0,0.0,0.0,0.000102196,NaN,NaN,NaN,NaN,NaN,2.220446049250313e-16,1.796407967730375e-16,5.551115123125783e-16,2.718281828459046,mpmath_1792,0.9847405390218198,4.358087743290964,4.358087743290962,53
condex__2_4_6,2,Float64,true,diagonalcheap,transfree,1.9228e-5,0.0,0.0,0.0,0.0,4.813e-5,NaN,NaN,NaN,NaN,NaN,1.727233711018889e-77,1.336820879444774e-17,3.779281982191867e-17,2.718281828459046,mpmath_1792,0.9847405390218198,4.358087743290964,4.358087743290962,256
condex__2_4_6,2,Float64,true,diagonalcheap,transfree,2.5514e-5,0.0,0.0,0.0,0.0,7.5499e-5,NaN,NaN,NaN,NaN,NaN,1.331998346195134e-256,1.336820879444774e-17,3.779281982191867e-17,2.718281828459046,mpmath_1792,0.9847405390218198,4.358087743290964,4.358087743290962,851
condex__2_4_6,2,Float64,true,diagonalcheap,complexschur,3.3093e-5,0.0,0.0,0.0,0.0,6.3168e-5,0,0,NaN,NaN,1,2.220446049250313e-16,2.771917673193903e-16,7.771561172376096e-16,2.718281828459046,mpmath_1792,0.9847405390218198,4.358087743290964,4.358087743290962,53
condex__2_4_6,2,Float64,true,diagonalcheap,complexschur,2.3739e-5,0.0,0.0,0.0,0.0,5.4477e-5,0,0,NaN,NaN,1,1.727233711018889e-77,1.336820879444774e-17,3.779281982191867e-17,2.718281828459046,mpmath_1792,0.9847405390218198,4.358087743290964,4.358087743290962,256
condex__2_4_6,2,Float64,true,diagonalcheap,complexschur,3.0436e-5,0.0,0.0,0.0,0.0,7.8807e-5,0,0,NaN,NaN,1,1.331998346195134e-256,1.336820879444774e-17,3.779281982191867e-17,2.718281828459046,mpmath_1792,0.9847405390218198,4.358087743290964,4.358087743290962,851
condex__2_4_6,2,Float64,true,diagonalcheap,realschur,1.6582e-5,0.0,0.0,0.0,0.0,3.7584e-5,0,0,NaN,NaN,1,2.220446049250313e-16,2.771917673193903e-16,7.771561172376096e-16,2.718281828459046,mpmath_1792,0.9847405390218198,4.358087743290964,4.358087743290962,53
condex__2_4_6,2,Float64,true,diagonalcheap,realschur,2.1995e-5,0.0,0.0,0.0,0.0,4.4602e-5,0,0,NaN,NaN,1,1.727233711018889e-77,1.336820879444774e-17,3.779281982191867e-17,2.718281828459046,mpmath_1792,0.9847405390218198,4.358087743290964,4.358087743290962,256
condex__2_4_6,2,Float64,true,diagonalcheap,realschur,2.796e-5,0.0,0.0,0.0,0.0,6.9143e-5,0,0,NaN,NaN,1,1.331998346195134e-256,1.336820879444774e-17,3.779281982191867e-17,2.718281828459046,mpmath_1792,0.9847405390218198,4.358087743290964,4.358087743290962,851
condex__2_4_6,2,Float64,true,taylor,transfree,1.4867e-5,0.0,0.0,0.0,0.0,3.5278e-5,NaN,NaN,NaN,NaN,NaN,2.220446049250313e-16,1.796407967730375e-16,5.551115123125783e-16,2.718281828459046,mpmath_1792,0.9847405390218198,4.358087743290964,4.358087743290962,53
condex__2_4_6,2,Float64,true,taylor,transfree,1.8456e-5,0.0,0.0,0.0,0.0,4.5423e-5,NaN,NaN,NaN,NaN,NaN,1.727233711018889e-77,1.336820879444774e-17,3.779281982191867e-17,2.718281828459046,mpmath_1792,0.9847405390218198,4.358087743290964,4.358087743290962,256
condex__2_4_6,2,Float64,true,taylor,transfree,2.1825e-5,0.0,0.0,0.0,0.0,7.0287e-5,NaN,NaN,NaN,NaN,NaN,1.331998346195134e-256,1.336820879444774e-17,3.779281982191867e-17,2.718281828459046,mpmath_1792,0.9847405390218198,4.358087743290964,4.358087743290962,851
condex__2_4_6,2,Float64,true,taylor,complexschur,1.8005e-5,0.0,0.0,0.0,0.0,4.1735e-5,0,0,NaN,NaN,1,2.220446049250313e-16,2.771917673193903e-16,7.771561172376096e-16,2.718281828459046,mpmath_1792,0.9847405390218198,4.358087743290964,4.358087743290962,53
condex__2_4_6,2,Float64,true,taylor,complexschur,2.2867e-5,0.0,0.0,0.0,0.0,5.1659e-5,0,0,NaN,NaN,1,1.727233711018889e-77,1.336820879444774e-17,3.779281982191867e-17,2.718281828459046,mpmath_1792,0.9847405390218198,4.358087743290964,4.358087743290962,256
condex__2_4_6,2,Float64,true,taylor,complexschur,2.9143e-5,0.0,0.0,0.0,0.0,7.6432e-5,0,0,NaN,NaN,1,1.331998346195134e-256,1.336820879444774e-17,3.779281982191867e-17,2.718281828459046,mpmath_1792,0.9847405390218198,4.358087743290964,4.358087743290962,851
condex__2_4_6,2,Float64,true,taylor,realschur,1.6281e-5,0.0,0.0,0.0,0.0,3.3724e-5,0,0,NaN,NaN,1,2.220446049250313e-16,2.771917673193903e-16,7.771561172376096e-16,2.718281828459046,mpmath_1792,0.9847405390218198,4.358087743290964,4.358087743290962,53
condex__2_4_6,2,Float64,true,taylor,realschur,2.1384e-5,0.0,0.0,0.0,0.0,4.418e-5,0,0,NaN,NaN,1,1.727233711018889e-77,1.336820879444774e-17,3.779281982191867e-17,2.718281828459046,mpmath_1792,0.9847405390218198,4.358087743290964,4.358087743290962,256
condex__2_4_6,2,Float64,true,taylor,realschur,2.7579e-5,0.0,0.0,0.0,0.0,6.6426e-5,0,0,NaN,NaN,1,1.331998346195134e-256,1.336820879444774e-17,3.779281982191867e-17,2.718281828459046,mpmath_1792,0.9847405390218198,4.358087743290964,4.358087743290962,851
condex__3_2_100,3,Float64,false,scaling_and_squaring,NaN,NaN,NaN,NaN,NaN,NaN,1.2692e-5,NaN,NaN,NaN,NaN,NaN,2.220446049250313e-16,2.747813573671314e-16,2.220446049250313e-15,8.181928021308007,mpmath_1792,2.63067088980871,595.9799999999999,361.5145982211523,53
condex__3_2_100,3,Float64,false,diagonalcheap,transfree,0.0,2.598e-6,0.0009018450000000001,0.000214035,4.0e-8,0.001195276,9,0,0,8.181928021308007,4.139317848653797,2.220446049250313e-16,1.277707358590024e-16,8.881784197001252e-16,8.181928021308007,mpmath_1792,2.63067088980871,595.9799999999999,361.5145982211523,53
condex__3_2_100,3,Float64,false,diagonalcheap,transfree,0.0,0.000187116,0.001590618,0.000366964,5.0e-8,0.002195487,31,0,3.424214296161167e-84,8.181928021308012,4.053131440257576,1.727233711018889e-77,4.557670589996973e-17,3.560795517667264e-16,8.181928021308007,mpmath_1792,2.63067088980871,595.9799999999999,361.5145982211523,256
condex__3_2_100,3,Float64,false,diagonalcheap,transfree,0.0,0.0004902999999999999,0.02249864,0.001052701,4.0e-8,0.024139532,73,0,3.4234104897395e-281,8.181928021308007,4.033941650935665,1.331998346195134e-256,4.557670589996973e-17,3.560795517667264e-16,8.181928021308007,mpmath_1792,2.63067088980871,595.9799999999999,361.5145982211523,851
condex__3_2_100,3,Float64,false,diagonalcheap,complexschur,0.0,2.7880000000000002e-6,0.000718709,0.000203455,4.0e-8,0.0012855,9,0,0,8.181928021308007,4.139317848653797,2.220446049250313e-16,1.277707358590024e-16,8.881784197001252e-16,8.181928021308007,mpmath_1792,2.63067088980871,595.9799999999999,361.5145982211523,53
condex__3_2_100,3,Float64,false,diagonalcheap,complexschur,0.0,0.00021012499999999997,0.0015479129999999995,0.000307936,3.0e-8,0.00212872,31,0,3.424214296161167e-84,8.181928021308012,4.053131440257576,1.727233711018889e-77,4.557670589996973e-17,3.560795517667264e-16,8.181928021308007,mpmath_1792,2.63067088980871,595.9799999999999,361.5145982211523,256
condex__3_2_100,3,Float64,false,diagonalcheap,complexschur,0.0,0.000488585,0.004042446,0.0007169539999999999,3.0e-8,0.005371393,73,0,3.4234104897395e-281,8.181928021308007,4.033941650935665,1.331998346195134e-256,4.557670589996973e-17,3.560795517667264e-16,8.181928021308007,mpmath_1792,2.63067088980871,595.9799999999999,361.5145982211523,851
condex__3_2_100,3,Float64,false,diagonalcheap,realschur,0.0,2.135e-6,0.000511743,0.000126395,3.0e-8,0.000696724,9,0,0,8.181928021308007,4.139317848653797,2.220446049250313e-16,1.277707358590024e-16,8.881784197001252e-16,8.181928021308007,mpmath_1792,2.63067088980871,595.9799999999999,361.5145982211523,53
condex__3_2_100,3,Float64,false,diagonalcheap,realschur,0.0,0.000149935,0.0012189249999999998,0.00026882,3.0e-8,0.001688865,31,0,3.424214296161167e-84,8.181928021308012,4.053131440257576,1.727233711018889e-77,4.557670589996973e-17,3.560795517667264e-16,8.181928021308007,mpmath_1792,2.63067088980871,595.9799999999999,361.5145982211523,256
condex__3_2_100,3,Float64,false,diagonalcheap,realschur,0.0,0.00036589099999999997,0.0035543050000000007,0.000856761,3.0e-8,0.004863729,73,0,3.4234104897395e-281,8.181928021308007,4.033941650935665,1.331998346195134e-256,4.557670589996973e-17,3.560795517667264e-16,8.181928021308007,mpmath_1792,2.63067088980871,595.9799999999999,361.5145982211523,851
condex__3_2_100,3,Float64,false,taylor,transfree,0.0,0.00012886099999999997,0.000341692,0.00010461000000000002,4.1e-8,0.000626048,20,0,4.996003610813204e-16,7.691583166666666,1,2.220446049250313e-16,0,0,8.181928021308007,mpmath_1792,2.63067088980871,595.9799999999999,361.5145982211523,53
condex__3_2_100,3,Float64,false,taylor,transfree,0.0,0.00022617299999999998,0.0007105710000000002,0.00017164300000000002,3.0e-8,0.001155347,64,0,1.272476236116497e-81,7.691583166666667,1,1.727233711018889e-77,4.557670589996973e-17,3.560795517667264e-16,8.181928021308007,mpmath_1792,2.63067088980871,595.9799999999999,361.5145982211523,256
condex__3_2_100,3,Float64,false,taylor,transfree,0.0,0.0005108899999999998,0.0030728820000000003,0.00032223099999999997,0.000252699,0.00425319,90,5,8.940775774342878e-266,1.096549740420075,1,1.331998346195134e-256,4.557670589996973e-17,3.560795517667264e-16,8.181928021308007,mpmath_1792,2.63067088980871,595.9799999999999,361.5145982211523,851
condex__3_2_100,3,Float64,false,taylor,complexschur,0.0,0.000150193,0.00034161099999999997,7.5659e-5,3.0e-8,0.000623562,20,0,4.996003610813204e-16,7.691583166666666,1,2.220446049250313e-16,0,0,8.181928021308007,mpmath_1792,2.63067088980871,595.9799999999999,361.5145982211523,53
condex__3_2_100,3,Float64,false,taylor,complexschur,0.0,0.00022283600000000002,0.000620026,0.000157562,3.0e-8,0.001058024,64,0,1.272476236116497e-81,7.691583166666667,1,1.727233711018889e-77,4.557670589996973e-17,3.560795517667264e-16,8.181928021308007,mpmath_1792,2.63067088980871,595.9799999999999,361.5145982211523,256
condex__3_2_100,3,Float64,false,taylor,complexschur,0.0,0.0003111709999999999,0.001994759,0.00027693,0.00024888,0.002912672,90,5,8.940775774342878e-266,1.096549740420075,1,1.331998346195134e-256,4.557670589996973e-17,3.560795517667264e-16,8.181928021308007,mpmath_1792,2.63067088980871,595.9799999999999,361.5145982211523,851
condex__3_2_100,3,Float64,false,taylor,realschur,0.0,0.000109059,0.000273634,6.4601e-5,3.0e-8,0.000492076,20,0,4.996003610813204e-16,7.691583166666666,1,2.220446049250313e-16,0,0,8.181928021308007,mpmath_1792,2.63067088980871,595.9799999999999,361.5145982211523,53
condex__3_2_100,3,Float64,false,taylor,realschur,0.0,0.00021944500000000002,0.000608144,0.000159837,4.0e-8,0.001036781,64,0,1.272476236116497e-81,7.691583166666667,1,1.727233711018889e-77,4.557670589996973e-17,3.560795517667264e-16,8.181928021308007,mpmath_1792,2.63067088980871,595.9799999999999,361.5145982211523,256
condex__3_2_100,3,Float64,false,taylor,realschur,0.0,0.0004530789999999999,0.0032260029999999994,0.000445339,0.000417229,0.004643762,90,5,8.940775774342878e-266,1.096549740420075,1,1.331998346195134e-256,4.557670589996973e-17,3.560795517667264e-16,8.181928021308007,mpmath_1792,2.63067088980871,595.9799999999999,361.5145982211523,851
condex__10_3_100,10,Float64,false,scaling_and_squaring,NaN,NaN,NaN,NaN,NaN,NaN,2.4871e-5,NaN,NaN,NaN,NaN,NaN,2.220446049250313e-16,2.061604920902025e-16,3.191891195797325e-15,9.902911643581508,mpmath_1792,2.621097957529903,5120.0,1918.486880661562,53
condex__10_3_100,10,Float64,false,diagonalcheap,transfree,0.0,0.00014019399999999998,1.113534457,1.06331164,4.0e-8,2.73628165,13,0,1.176516753772958e-16,9.479535952822365,30.78404967381539,2.220446049250313e-16,2.305197856735634e-16,3.83026943495679e-15,9.902911643581508,mpmath_1792,2.621097957529903,5120.0,1918.486880661562,53
condex__10_3_100,10,Float64,false,diagonalcheap,transfree,0.0,0.00027064499999999997,0.002026972999999999,0.180086856,4.0e-8,0.182519701,31,0,4.376716270259139e-84,6.795704571147617,31.086238883634227,1.727233711018889e-77,5.28416017340342e-17,4.831622949213186e-16,9.902911643581508,mpmath_1792,2.621097957529903,5120.0,1918.486880661562,256
condex__10_3_100,10,Float64,false,diagonalcheap,transfree,0.0,0.000579942,0.004140938,0.002701815,4.0e-8,0.007588605,73,0,1.65910721893016e-263,9.479535952822367,31.20804808354704,1.331998346195134e-256,5.28416017340342e-17,4.831622949213186e-16,9.902911643581508,mpmath_1792,2.621097957529903,5120.0,1918.486880661562,851
condex__10_3_100,10,Float64,false,diagonalcheap,complexschur,1.8795e-5,9.636199999999998e-5,0.0013449539999999998,0.014157503000000002,4.0e-8,0.024455842,13,0,1.176516753772957e-16,9.479535952822363,30.78404967381538,2.220446049250313e-16,2.305197856735634e-16,3.83026943495679e-15,9.902911643581508,mpmath_1792,2.621097957529903,5120.0,1918.486880661562,53
condex__10_3_100,10,Float64,false,diagonalcheap,complexschur,2.6233e-5,0.00046284900000000004,0.003389853,0.006651506,4.0e-8,0.011305304,31,0,4.376716270259139e-84,6.795704571147617,31.08623888363423,1.727233711018889e-77,5.28416017340342e-17,4.831622949213186e-16,9.902911643581508,mpmath_1792,2.621097957529903,5120.0,1918.486880661562,256
condex__10_3_100,10,Float64,false,diagonalcheap,complexschur,2.091e-5,0.0006199189999999999,0.005548087,0.028407529000000004,3.0e-8,0.035433583,73,0,1.659107218930159e-263,6.795704571147613,31.208048083547034,1.331998346195134e-256,5.28416017340342e-17,4.831622949213186e-16,9.902911643581508,mpmath_1792,2.621097957529903,5120.0,1918.486880661562,851
condex__10_3_100,10,Float64,false,diagonalcheap,realschur,6.906e-6,0.00011215,0.001754543,0.013257568999999997,4.0e-8,0.022909732,13,0,1.176516753772957e-16,9.479535952822365,30.78404967381538,2.220446049250313e-16,2.305197856735634e-16,3.83026943495679e-15,9.902911643581508,mpmath_1792,2.621097957529903,5120.0,1918.486880661562,53
condex__10_3_100,10,Float64,false,diagonalcheap,realschur,1.0445e-5,0.000357315,0.0029432489999999998,0.002623835,3.0e-8,0.006221298,31,0,4.376716270259139e-84,6.795704571147616,31.086238883634227,1.727233711018889e-77,5.28416017340342e-17,4.831622949213186e-16,9.902911643581508,mpmath_1792,2.621097957529903,5120.0,1918.486880661562,256
condex__10_3_100,10,Float64,false,diagonalcheap,realschur,7.769e-6,0.000497053,0.0048576750000000005,0.005908488999999999,4.0e-8,0.011676583,73,0,1.659107218930159e-263,6.795704571147613,31.20804808354703,1.331998346195134e-256,5.28416017340342e-17,4.831622949213186e-16,9.902911643581508,mpmath_1792,2.621097957529903,5120.0,1918.486880661562,851
condex__10_3_100,10,Float64,false,taylor,transfree,0.0,0.000328546,0.22237862900000005,0.011113338999999996,5.0e-8,0.233969945,25,0,0,11.5,1,2.220446049250313e-16,6.979218619655036e-17,9.436895709313831e-16,9.902911643581508,mpmath_1792,2.621097957529903,5120.0,1918.486880661562,53
condex__10_3_100,10,Float64,false,taylor,transfree,0.0,0.0005351139999999999,0.0009075169999999997,0.001406758,4.0e-8,0.002962496,72,0,0,11.5,1,1.727233711018889e-77,5.28416017340342e-17,4.831622949213186e-16,9.902911643581508,mpmath_1792,2.621097957529903,5120.0,1918.486880661562,256
condex__10_3_100,10,Float64,false,taylor,transfree,0.0,0.0006181680000000001,0.0028608279999999997,0.015193225,0.000845947,0.019755081,90,6,3.443135024766597e-281,1.154177424978618,1,1.331998346195134e-256,5.28416017340342e-17,4.831622949213186e-16,9.902911643581508,mpmath_1792,2.621097957529903,5120.0,1918.486880661562,851
condex__10_3_100,10,Float64,false,taylor,complexschur,2.6694e-5,0.000418671,0.0010467109999999999,0.004544873,4.0e-8,0.00687123,25,0,1.110223024625157e-16,11.5,1,2.220446049250313e-16,6.583307845004349e-17,8.326672684688674e-16,9.902911643581508,mpmath_1792,2.621097957529903,5120.0,1918.486880661562,53
condex__10_3_100,10,Float64,false,taylor,complexschur,1.9347e-5,0.0012127430000000003,0.0019632759999999995,0.010407465,4.0e-8,0.014953238,72,0,4.118046071574423e-84,11.5,1,1.727233711018889e-77,5.28416017340342e-17,4.831622949213186e-16,9.902911643581508,mpmath_1792,2.621097957529903,5120.0,1918.486880661562,256
condex__10_3_100,10,Float64,false,taylor,complexschur,2.9852e-5,0.0013042130000000002,0.005704422,0.025541741,0.004717731,0.038402113,90,6,3.443135024766597e-281,1.154177424978618,1,1.331998346195134e-256,5.28416017340342e-17,4.831622949213186e-16,9.902911643581508,mpmath_1792,2.621097957529903,5120.0,1918.486880661562,851
condex__10_3_100,10,Float64,false,taylor,realschur,6.907e-6,0.000284877,0.0009329980000000001,0.001375898,1.01e-7,0.002975948,25,0,1.110223024625157e-16,11.5,1,2.220446049250313e-16,6.583307845004349e-17,8.326672684688674e-16,9.902911643581508,mpmath_1792,2.621097957529903,5120.0,1918.486880661562,53
condex__10_3_100,10,Float64,false,taylor,realschur,8.22e-6,0.0007944809999999999,0.0016582490000000005,0.0035620770000000003,5.0e-8,0.006417753,72,0,0,11.5,1,1.727233711018889e-77,5.28416017340342e-17,4.831622949213186e-16,9.902911643581508,mpmath_1792,2.621097957529903,5120.0,1918.486880661562,256
condex__10_3_100,10,Float64,false,taylor,realschur,9.743e-6,0.0008453040000000002,0.004234494,0.003710214,0.002615907,0.011920472,90,6,3.443135024766597e-281,1.154177424978618,1,1.331998346195134e-256,5.28416017340342e-17,4.831622949213186e-16,9.902911643581508,mpmath_1792,2.621097957529903,5120.0,1918.486880661562,851
condex__10_4_100,10,Float64,false,scaling_and_squaring,NaN,NaN,NaN,NaN,NaN,NaN,3.6759e-5,NaN,NaN,NaN,NaN,NaN,2.220446049250313e-16,9.528290000831314e-16,3.108624468950438e-15,2.718281828459055,mpmath_1792,332.5417393676294,198.99999999999977,146.08433730644288,53
condex__10_4_100,10,Float64,false,diagonalcheap,transfree,0.0,7.920900000000001e-5,0.00156107,0.037742509,0.000727159,0.040299532,13,5,2.613362672747821e-16,20.24962399491724,11.411647430491906,2.220446049250313e-16,1.650588281453856e-14,4.524158825347513e-14,2.718281828459055,mpmath_1792,332.5417393676294,198.99999999999977,146.08433730644288,53
condex__10_4_100,10,Float64,false,diagonalcheap,transfree,0.0,0.000419781,0.004331578000000001,0.0047879490000000005,0.000704665,0.010576836,43,4,2.110675890209406e-81,410.047271935529,127.50721702322595,1.727233711018889e-77,5.483348530610447e-17,2.140509107795493e-16,2.718281828459055,mpmath_1792,332.5417393676294,198.99999999999977,146.08433730644288,256
condex__10_4_100,10,Float64,false,diagonalcheap,transfree,0.0,0.0008435799999999999,0.017085316000000007,0.014049671,0.001921764,0.034306464,91,5,3.741861326716605e-280,20.24962399491724,12.721142970083669,1.331998346195134e-256,5.483348530610447e-17,2.140509107795493e-16,2.718281828459055,mpmath_1792,332.5417393676294,198.99999999999977,146.08433730644288,851
condex__10_4_100,10,Float64,false,diagonalcheap,complexschur,0.003056754,0.00017535,0.002856103,0.071227941,0.00350426,0.082673636,13,5,1.30668133637391e-16,20.24962399491723,12.36651376130583,2.220446049250313e-16,4.654827659766954e-15,1.654232306691483e-14,2.718281828459055,mpmath_1792,332.5417393676294,198.99999999999977,146.08433730644288,53
condex__10_4_100,10,Float64,false,diagonalcheap,complexschur,0.005861502,0.0008661420000000001,0.005792134,0.013399890000000001,0.002904989,0.045679405,43,4,2.110675890209327e-81,410.0472719355145,124.8282309609703,1.727233711018889e-77,5.483348530610447e-17,2.140509107795493e-16,2.718281828459055,mpmath_1792,332.5417393676294,198.99999999999977,146.08433730644288,256
condex__10_4_100,10,Float64,false,diagonalcheap,complexschur,0.012644249,0.002155616,0.013755239000000002,0.04428438899999999,0.006762519,0.083695916,91,5,3.741861326716607e-280,20.24962399491726,8.668367640523375,1.331998346195134e-256,5.483348530610447e-17,2.140509107795493e-16,2.718281828459055,mpmath_1792,332.5417393676294,198.99999999999977,146.08433730644288,851
condex__10_4_100,10,Float64,false,diagonalcheap,realschur,0.003327094,0.000110244,0.002522188,0.00175872,0.000882323,0.009204434,13,5,3.920044009121731e-16,20.24962399491722,12.420979371966087,2.220446049250313e-16,4.737591370227337e-15,1.709743457922741e-14,2.718281828459055,mpmath_1792,332.5417393676294,198.99999999999977,146.08433730644288,53
condex__10_4_100,10,Float64,false,diagonalcheap,realschur,0.006703828,0.000486921,0.004760871000000001,0.004345626,0.001029908,0.018088718,43,4,2.110675890209327e-81,410.0472719355145,125.5795503358675,1.727233711018889e-77,5.483348530610447e-17,2.140509107795493e-16,2.718281828459055,mpmath_1792,332.5417393676294,198.99999999999977,146.08433730644288,256
condex__10_4_100,10,Float64,false,diagonalcheap,realschur,0.022866592,0.001096499,0.011704359000000001,0.010329838000000001,0.00248954,0.049829169,91,5,3.741861326716607e-280,20.24962399491726,8.668367640523375,1.331998346195134e-256,5.483348530610447e-17,2.140509107795493e-16,2.718281828459055,mpmath_1792,332.5417393676294,198.99999999999977,146.08433730644288,851
condex__10_4_100,10,Float64,false,taylor,transfree,0.0,0.00042537300000000005,0.0022598749999999993,0.002344493,0.000612313,0.005963748,36,4,1.06581410364015e-14,181.6794259519574,1,2.220446049250313e-16,6.435175218697881e-16,1.998401444325282e-15,2.718281828459055,mpmath_1792,332.5417393676294,198.99999999999977,146.08433730644288,53
condex__10_4_100,10,Float64,false,taylor,transfree,0.0,0.0009251480000000002,0.003726594999999999,0.005809997999999999,0.001083527,0.011890616,90,5,8.236092143148846e-84,20.24356953132691,1,1.727233711018889e-77,5.483348530610447e-17,2.140509107795493e-16,2.718281828459055,mpmath_1792,332.5417393676294,198.99999999999977,146.08433730644288,256
condex__10_4_100,10,Float64,false,taylor,transfree,0.0,0.0008972679999999999,0.016791414,0.00969223,0.005321983,0.033196304,90,11,1.076315479720573e-261,1.048124240029836,1,1.331998346195134e-256,5.483348530610447e-17,2.140509107795493e-16,2.718281828459055,mpmath_1792,332.5417393676294,198.99999999999977,146.08433730644288,851
condex__10_4_100,10,Float64,false,taylor,complexschur,0.003610536,0.0007191729999999999,0.0034206659999999997,0.007972480999999998,0.001854562,0.019105724,36,4,1.06581410364015e-14,181.6794259519568,1,2.220446049250313e-16,4.654827659766954e-15,1.654232306691483e-14,2.718281828459055,mpmath_1792,332.5417393676294,198.99999999999977,146.08433730644288,53
condex__10_4_100,10,Float64,false,taylor,complexschur,0.005511108,0.0016417509999999999,0.005700365,0.013380589,0.010185675,0.037986679,90,5,8.236092143148846e-84,20.24356953132691,1,1.727233711018889e-77,5.483348530610447e-17,2.140509107795493e-16,2.718281828459055,mpmath_1792,332.5417393676294,198.99999999999977,146.08433730644288,256
condex__10_4_100,10,Float64,false,taylor,complexschur,0.008211535,0.0017558739999999995,0.011377316999999998,0.015335492000000001,0.011012203,0.050318837,90,11,1.076315479720573e-261,1.048124240029836,1,1.331998346195134e-256,5.483348530610447e-17,2.140509107795493e-16,2.718281828459055,mpmath_1792,332.5417393676294,198.99999999999977,146.08433730644288,851
condex__10_4_100,10,Float64,false,taylor,realschur,0.001838022,0.0002670809999999999,0.0012844229999999998,0.001107923,0.000391232,0.005226945,36,4,1.243449787580175e-14,181.6794259519567,1,2.220446049250313e-16,4.737591370227337e-15,1.709743457922741e-14,2.718281828459055,mpmath_1792,332.5417393676294,198.99999999999977,146.08433730644288,53
condex__10_4_100,10,Float64,false,taylor,realschur,0.003650072,0.0006559669999999999,0.002698979,0.003896359,0.001307074,0.01292722,90,5,8.236092143148846e-84,20.24356953132691,1,1.727233711018889e-77,5.483348530610447e-17,2.140509107795493e-16,2.718281828459055,mpmath_1792,332.5417393676294,198.99999999999977,146.08433730644288,256
condex__10_4_100,10,Float64,false,taylor,realschur,0.009890134,0.0008388880000000001,0.007122683,0.011253506000000002,0.003048665,0.033037251,90,11,1.076315479720573e-261,1.048124240029836,1,1.331998346195134e-256,5.483348530610447e-17,2.140509107795493e-16,2.718281828459055,mpmath_1792,332.5417393676294,198.99999999999977,146.08433730644288,851
dorr_10_100.0,10,Float64,false,scaling_and_squaring,NaN,NaN,NaN,NaN,NaN,NaN,2.904e-5,NaN,NaN,NaN,NaN,NaN,2.220446049250313e-16,NaN,NaN,Inf,mpmath_1792,NaN,60.04464312134238,48.39832069208171,53
dorr_10_100.0,10,Float64,false,diagonalcheap,transfree,0.0,8.953399999999999e-5,0.0022367909999999993,0.001650194,0.001894253,0.100780267,13,13,1.268615562906306e-16,19.02464210323192,19.163494702508544,2.220446049250313e-16,NaN,Inf,Inf,mpmath_1792,NaN,60.04464312134238,48.39832069208171,53
dorr_10_100.0,10,Float64,false,diagonalcheap,transfree,0.0,0.0005112490000000001,0.007266537,0.0037815970000000007,0.001605984,0.013624746,43,12,1.251862613631943e-80,345.7321266692082,362.04156351716637,1.727233711018889e-77,NaN,Inf,Inf,mpmath_1792,NaN,60.04464312134238,48.39832069208171,256
dorr_10_100.0,10,Float64,false,diagonalcheap,transfree,0.0,0.001022425,0.016579642000000002,0.012319826,0.029235184,0.059748782,91,13,0,19.02464210323188,19.16457308884278,1.331998346195134e-256,NaN,Inf,Inf,mpmath_1792,NaN,60.04464312134238,48.39832069208171,851
dorr_10_100.0,10,Float64,false,diagonalcheap,complexschur,0.002489959,0.000169803,0.004908148,0.004446549,0.005268766,0.12075959,13,13,1.19208377114939e-16,17.02415960147361,17.025690906607412,2.220446049250313e-16,NaN,Inf,Inf,mpmath_1792,NaN,60.04464312134238,48.39832069208171,53
dorr_10_100.0,10,Float64,false,diagonalcheap,complexschur,0.003276532,0.000504218,0.007473044999999999,0.013296412,0.006082394,0.032007386,43,12,3.674868399227797e-81,289.8096026581548,289.86693455556735,1.727233711018889e-77,NaN,Inf,Inf,mpmath_1792,NaN,60.04464312134238,48.39832069208171,256
dorr_10_100.0,10,Float64,false,diagonalcheap,complexschur,0.006782169,0.0015270039999999998,0.03842287999999999,0.017941502,0.008937913,0.084015847,91,13,5.71429973585223e-280,17.02415960147362,17.025770746160923,1.331998346195134e-256,NaN,Inf,Inf,mpmath_1792,NaN,60.04464312134238,48.39832069208171,851
dorr_10_100.0,10,Float64,false,diagonalcheap,realschur,0.001727845,7.285600000000001e-5,0.002007892,0.0008763239999999999,0.001410148,0.00652197,13,13,1.19208377114939e-16,17.02415960147362,17.025690906607412,2.220446049250313e-16,NaN,Inf,Inf,mpmath_1792,NaN,60.04464312134238,48.39832069208171,53
dorr_10_100.0,10,Float64,false,diagonalcheap,realschur,0.003432112,0.0005140619999999999,0.0061357980000000005,0.004035587,0.003290827,0.018236404,43,12,3.674868399227797e-81,289.8096026581548,289.86693455556735,1.727233711018889e-77,NaN,Inf,Inf,mpmath_1792,NaN,60.04464312134238,48.39832069208171,256
dorr_10_100.0,10,Float64,false,diagonalcheap,realschur,0.010337355,0.0009633650000000001,0.013791562,0.009714271,0.004319535,0.040497783,91,13,5.71429973585223e-280,17.02415960147362,17.025770746160923,1.331998346195134e-256,NaN,Inf,Inf,mpmath_1792,NaN,60.04464312134238,48.39832069208171,851
dorr_10_100.0,10,Float64,false,taylor,transfree,0.0,0.0006264100000000001,0.002883764,0.002262965,0.001005405,0.007178654,72,11,4.547473508864641e-13,6634.733178706223,1,2.220446049250313e-16,NaN,Inf,Inf,mpmath_1792,NaN,60.04464312134238,48.39832069208171,53
dorr_10_100.0,10,Float64,false,taylor,transfree,0.0,0.0006929019999999999,0.0033711870000000016,0.004152729,0.002870505,0.011454144,90,13,1.647218428629769e-83,19.02079321735294,1,1.727233711018889e-77,NaN,Inf,Inf,mpmath_1792,NaN,60.04464312134238,48.39832069208171,256
dorr_10_100.0,10,Float64,false,taylor,transfree,0.0,0.0009648390000000002,0.023940549,0.0050943180000000005,0.008173502,0.038655456,90,19,3.646106620065423e-263,1.047244607066539,1,1.331998346195134e-256,NaN,Inf,Inf,mpmath_1792,NaN,60.04464312134238,48.39832069208171,851
dorr_10_100.0,10,Float64,false,taylor,complexschur,0.002687279,0.000583007,0.0040631930000000005,0.005285547999999999,0.007624124,0.022105397,36,12,1.77635683940025e-15,144.9528871252308,1,2.220446049250313e-16,NaN,Inf,Inf,mpmath_1792,NaN,60.04464312134238,48.39832069208171,53
dorr_10_100.0,10,Float64,false,taylor,complexschur,0.004593628,0.001377,0.008039683999999998,0.009826838999999999,0.008265461,0.042353902,90,13,8.236092143148846e-84,17.02106661466256,1,1.727233711018889e-77,NaN,Inf,Inf,mpmath_1792,NaN,60.04464312134238,48.39832069208171,256
dorr_10_100.0,10,Float64,false,taylor,complexschur,0.006668138,0.000839529,0.008708076,0.015999458,0.011233118,0.045012392,90,19,4.856560416693492e-264,1.045288304899003,1,1.331998346195134e-256,NaN,Inf,Inf,mpmath_1792,NaN,60.04464312134238,48.39832069208171,851
dorr_10_100.0,10,Float64,false,taylor,realschur,0.001668814,0.00031025799999999994,0.0019054850000000002,0.001047534,0.00112975,0.006501962,36,12,1.77635683940025e-15,144.9528871252308,1,2.220446049250313e-16,NaN,Inf,Inf,mpmath_1792,NaN,60.04464312134238,48.39832069208171,53
dorr_10_100.0,10,Float64,false,taylor,realschur,0.003271811,0.000553558,0.0035329009999999993,0.0022606619999999997,0.008902148,0.019254729,90,13,8.236092143148846e-84,17.02106661466256,1,1.727233711018889e-77,NaN,Inf,Inf,mpmath_1792,NaN,60.04464312134238,48.39832069208171,256
dorr_10_100.0,10,Float64,false,taylor,realschur,0.009223453,0.0009562990000000001,0.010816224000000001,0.003886239999999999,0.005840968,0.03174045,90,19,4.856560416693492e-264,1.045288304899003,1,1.331998346195134e-256,NaN,Inf,Inf,mpmath_1792,NaN,60.04464312134238,48.39832069208171,851
dramadah_10_2,10,Int64,false,scaling_and_squaring,NaN,NaN,NaN,NaN,NaN,NaN,2.3405e-5,NaN,NaN,NaN,NaN,NaN,2.220446049250313e-16,2.594191494457053e-16,1.043609643147647e-14,41.16748238563359,mpmath_1792,5.986432228136159,534.0,221.12569600654436,53
dramadah_10_2,10,Int64,false,diagonalcheap,transfree,0.0,7.1589e-5,0.3263311400000001,0.0008144019999999999,3.0e-8,0.402050201,13,0,7.525425509221118e-16,41.16748238563355,28.516936436403064,2.220446049250313e-16,1.397119140404883e-16,4.884981308350689e-15,41.16748238563359,mpmath_1792,5.986432228136159,534.0,221.12569600654436,53
dramadah_10_2,10,Int64,false,diagonalcheap,transfree,0.0,0.00046716,0.0019720679999999996,0.001929812,4.0e-8,0.00455478,37,0,9.001333889122784e-84,41.1674823856336,27.619834039276334,1.727233711018889e-77,4.313224513301401e-17,1.446795426495243e-15,41.16748238563359,mpmath_1792,5.986432228136159,534.0,221.12569600654436,256
dramadah_10_2,10,Int64,false,diagonalcheap,transfree,0.0,0.001231246,0.005033456000000001,0.003991061,4.0e-8,0.010470761,81,0,3.125639808796116e-277,41.16748238563362,27.367033098085926,1.331998346195134e-256,4.313224513301401e-17,1.446795426495243e-15,41.16748238563359,mpmath_1792,5.986432228136159,534.0,221.12569600654436,851
dramadah_10_2,10,Int64,false,diagonalcheap,complexschur,0.0,6.507400000000001e-5,0.0007829260000000001,0.00077155,4.0e-8,0.001834055,13,0,7.525425509221118e-16,41.16748238563355,28.516936436403064,2.220446049250313e-16,1.397119140404883e-16,4.884981308350689e-15,41.16748238563359,mpmath_1792,5.986432228136159,534.0,221.12569600654436,53
dramadah_10_2,10,Int64,false,diagonalcheap,complexschur,0.0,0.00048373100000000005,0.002043179,0.002349699,4.0e-8,0.005065935,37,0,9.001333889122784e-84,41.1674823856336,27.619834039276334,1.727233711018889e-77,4.313224513301401e-17,1.446795426495243e-15,41.16748238563359,mpmath_1792,5.986432228136159,534.0,221.12569600654436,256
dramadah_10_2,10,Int64,false,diagonalcheap,complexschur,0.0,0.002201974,0.008544560999999997,0.007021945,3.0e-8,0.018135625,81,0,3.125639808796116e-277,41.16748238563362,27.367033098085926,1.331998346195134e-256,4.313224513301401e-17,1.446795426495243e-15,41.16748238563359,mpmath_1792,5.986432228136159,534.0,221.12569600654436,851
dramadah_10_2,10,Int64,false,diagonalcheap,realschur,0.0,6.786099999999999e-5,0.0009498820000000001,0.000838245,3.0e-8,0.002062113,13,0,7.525425509221118e-16,41.16748238563355,28.516936436403064,2.220446049250313e-16,1.397119140404883e-16,4.884981308350689e-15,41.16748238563359,mpmath_1792,5.986432228136159,534.0,221.12569600654436,53
dramadah_10_2,10,Int64,false,diagonalcheap,realschur,0.0,0.000480864,0.001993722,0.001896913,4.0e-8,0.004563411,37,0,9.001333889122784e-84,41.1674823856336,27.619834039276334,1.727233711018889e-77,4.313224513301401e-17,1.446795426495243e-15,41.16748238563359,mpmath_1792,5.986432228136159,534.0,221.12569600654436,256
dramadah_10_2,10,Int64,false,diagonalcheap,realschur,0.0,0.001633736,0.006852468000000003,0.0045092019999999995,4.0e-8,0.013336969,81,0,3.125639808796116e-277,41.16748238563362,27.367033098085926,1.331998346195134e-256,4.313224513301401e-17,1.446795426495243e-15,41.16748238563359,mpmath_1792,5.986432228136159,534.0,221.12569600654436,851
dramadah_10_2,10,Int64,false,taylor,transfree,0.0,0.00036858,0.0006786689999999999,0.000995889,4.0e-8,0.002299563,30,0,1.110223024625157e-16,28.5,1,2.220446049250313e-16,1.333094567536161e-16,4.218847493575595e-15,41.16748238563359,mpmath_1792,5.986432228136159,534.0,221.12569600654436,53
dramadah_10_2,10,Int64,false,taylor,transfree,0.0,0.001196911,0.001715284,0.003685933,4.0e-8,0.006890027,81,0,1.647218428629769e-83,28.5,1,1.727233711018889e-77,4.313224513301401e-17,1.446795426495243e-15,41.16748238563359,mpmath_1792,5.986432228136159,534.0,221.12569600654436,256
dramadah_10_2,10,Int64,false,taylor,transfree,0.0,0.0017111550000000002,0.005867519999999999,0.0035671410000000002,0.001561853,0.013096703,90,6,1.54080216324314e-267,1.096355878627369,1,1.331998346195134e-256,4.313224513301401e-17,1.446795426495243e-15,41.16748238563359,mpmath_1792,5.986432228136159,534.0,221.12569600654436,851
dramadah_10_2,10,Int64,false,taylor,complexschur,0.0,0.00027264199999999997,0.00048498300000000003,0.00087275,3.0e-8,0.001890939,30,0,1.110223024625157e-16,28.5,1,2.220446049250313e-16,1.333094567536161e-16,4.218847493575595e-15,41.16748238563359,mpmath_1792,5.986432228136159,534.0,221.12569600654436,53
dramadah_10_2,10,Int64,false,taylor,complexschur,0.0,0.000650528,0.000918729,0.0020838120000000004,4.0e-8,0.003839644,81,0,1.647218428629769e-83,28.5,1,1.727233711018889e-77,4.313224513301401e-17,1.446795426495243e-15,41.16748238563359,mpmath_1792,5.986432228136159,534.0,221.12569600654436,256
dramadah_10_2,10,Int64,false,taylor,complexschur,0.0,0.0009594529999999999,0.003716824,0.004424827,0.002273511,0.011791465,90,6,1.54080216324314e-267,1.096355878627369,1,1.331998346195134e-256,4.313224513301401e-17,1.446795426495243e-15,41.16748238563359,mpmath_1792,5.986432228136159,534.0,221.12569600654436,851
dramadah_10_2,10,Int64,false,taylor,realschur,0.0,0.00047097899999999995,0.0007784559999999999,0.0015849980000000002,4.0e-8,0.003156323,30,0,1.110223024625157e-16,28.5,1,2.220446049250313e-16,1.333094567536161e-16,4.218847493575595e-15,41.16748238563359,mpmath_1792,5.986432228136159,534.0,221.12569600654436,53
dramadah_10_2,10,Int64,false,taylor,realschur,0.0,0.0012222329999999999,0.0016355780000000006,0.00369785,4.0e-8,0.006845362,81,0,1.647218428629769e-83,28.5,1,1.727233711018889e-77,4.313224513301401e-17,1.446795426495243e-15,41.16748238563359,mpmath_1792,5.986432228136159,534.0,221.12569600654436,256
dramadah_10_2,10,Int64,false,taylor,realschur,0.0,0.001098679,0.019168948000000012,0.004482665,0.002654429,0.0279086,90,6,1.54080216324314e-267,1.096355878627369,1,1.331998346195134e-256,4.313224513301401e-17,1.446795426495243e-15,41.16748238563359,mpmath_1792,5.986432228136159,534.0,221.12569600654436,851
frank_10,10,Int64,false,scaling_and_squaring,NaN,NaN,NaN,NaN,NaN,NaN,3.2287e-5,NaN,NaN,NaN,NaN,NaN,2.220446049250313e-16,6.662052376290176e-15,0.001682183414231986,245316055550.1183,mpmath_1792,76.07143353284282,3.8360384996437006e7,2.8543218328297913e7,53
frank_10,10,Int64,false,diagonalcheap,transfree,0.0,0.000126637,0.001633697,0.0011494880000000002,0.000248302,0.08543427,13,3,1.256049604871135e-15,40.57609509276203,11.66720524640248,2.220446049250313e-16,2.164495710187762e-15,0.0005222712643444538,245316055550.1183,mpmath_1792,76.07143353284282,3.8360384996437006e7,2.8543218328297913e7,53
frank_10,10,Int64,false,diagonalcheap,transfree,0.0,0.000576202,0.0027721559999999996,0.0038949920000000003,0.000229549,0.007781333,43,2,4.282283513000539e-81,1101.93917177726,63.4874101384262,1.727233711018889e-77,5.640357940904717e-17,1.787328655287124e-05,245316055550.1183,mpmath_1792,76.07143353284282,3.8360384996437006e7,2.8543218328297913e7,256
frank_10,10,Int64,false,diagonalcheap,transfree,0.0,0.0016653199999999999,0.007652367000000003,0.008917969999999999,0.00135474,0.020104196,91,3,1.083602704461564e-279,40.576095092762,11.02321112714945,1.331998346195134e-256,5.640357940904717e-17,1.787328655287124e-05,245316055550.1183,mpmath_1792,76.07143353284282,3.8360384996437006e7,2.8543218328297913e7,851
frank_10,10,Int64,false,diagonalcheap,complexschur,0.003068943,0.000167362,0.003026694,0.0059090969999999994,0.001342702,0.015449331,13,3,3.881558470133365e-16,36.71259772115952,7.520450497151999,2.220446049250313e-16,1.878448687914899e-14,0.004799946007551625,245316055550.1183,mpmath_1792,76.07143353284282,3.8360384996437006e7,2.8543218328297913e7,53
frank_10,10,Int64,false,diagonalcheap,complexschur,0.006097221,0.0006847670000000002,0.006195039000000001,0.034750382,0.000755022,0.049814558,43,2,2.677243105769603e-80,975.4463625259141,68.36448722278035,1.727233711018889e-77,5.640357940904717e-17,1.787328655287124e-05,245316055550.1183,mpmath_1792,76.07143353284282,3.8360384996437006e7,2.8543218328297913e7,256
frank_10,10,Int64,false,diagonalcheap,complexschur,0.009546837,0.0009167320000000001,0.010826628000000003,0.036516609,0.001742139,0.061187631,91,3,1.829732531626471e-280,36.71259772115944,10.166990084528486,1.331998346195134e-256,5.640357940904717e-17,1.787328655287124e-05,245316055550.1183,mpmath_1792,76.07143353284282,3.8360384996437006e7,2.8543218328297913e7,851
frank_10,10,Int64,false,diagonalcheap,realschur,0.001758227,7.1226e-5,0.001304121,0.00084792,0.000277972,0.004661892,13,3,3.881558470133365e-16,36.71259772115952,7.520450497151999,2.220446049250313e-16,1.878448687914899e-14,0.004799946007551625,245316055550.1183,mpmath_1792,76.07143353284282,3.8360384996437006e7,2.8543218328297913e7,53
frank_10,10,Int64,false,diagonalcheap,realschur,0.005263775,0.000395477,0.0035562269999999995,0.002524896,0.000278964,0.012638674,43,2,2.677243105769603e-80,975.4463625259141,68.36448722278037,1.727233711018889e-77,5.640357940904717e-17,1.787328655287124e-05,245316055550.1183,mpmath_1792,76.07143353284282,3.8360384996437006e7,2.8543218328297913e7,256
frank_10,10,Int64,false,diagonalcheap,realschur,0.006660824,0.000737501,0.008161868000000001,0.008914681999999998,0.001025357,0.026493191,91,3,1.829732531626471e-280,36.71259772115944,10.166990084528488,1.331998346195134e-256,5.640357940904717e-17,1.787328655287124e-05,245316055550.1183,mpmath_1792,76.07143353284282,3.8360384996437006e7,2.8543218328297913e7,851
frank_10,10,Int64,false,taylor,transfree,0.0,0.00042415500000000006,0.0012399890000000002,0.001595967,0.000390617,0.004024516,30,3,2.220446049250313e-16,30.66432698567708,1,2.220446049250313e-16,2.79940740898468e-16,6.729367305524647e-05,245316055550.1183,mpmath_1792,76.07143353284282,3.8360384996437006e7,2.8543218328297913e7,53
frank_10,10,Int64,false,taylor,transfree,0.0,0.001136036,0.0020922420000000002,0.004292443999999999,0.000545841,0.008497194,81,3,1.93334026968276e-79,30.66432698567708,1,1.727233711018889e-77,5.640357940904717e-17,1.787328655287124e-05,245316055550.1183,mpmath_1792,76.07143353284282,3.8360384996437006e7,2.8543218328297913e7,256
frank_10,10,Int64,false,taylor,transfree,0.0,0.0016389960000000002,0.005874808,0.007507010000000001,0.014002485,0.029543701,90,9,9.966316950743724e-257,1.070379191993526,1,1.331998346195134e-256,5.640357940904717e-17,1.787328655287124e-05,245316055550.1183,mpmath_1792,76.07143353284282,3.8360384996437006e7,2.8543218328297913e7,851
frank_10,10,Int64,false,taylor,complexschur,0.00270564,0.000544047,0.0020125820000000006,0.005223932000000001,0.001818698,0.014016007,30,3,2.220446049250313e-16,27.91221271967624,1,2.220446049250313e-16,1.909675637940463e-14,0.004821873008040711,245316055550.1183,mpmath_1792,76.07143353284282,3.8360384996437006e7,2.8543218328297913e7,53
frank_10,10,Int64,false,taylor,complexschur,0.00547064,0.0008480919999999999,0.002660430999999999,0.007419598,0.001176752,0.018818879,81,3,5.769382546275767e-80,27.91221271967623,1,1.727233711018889e-77,5.640357940904717e-17,1.787328655287124e-05,245316055550.1183,mpmath_1792,76.07143353284282,3.8360384996437006e7,2.8543218328297913e7,256
frank_10,10,Int64,false,taylor,complexschur,0.01138872,0.001194407,0.007822788999999998,0.017260555999999996,0.004727125,0.043999309,90,9,2.964284809394224e-257,1.066073525324286,1,1.331998346195134e-256,5.640357940904717e-17,1.787328655287124e-05,245316055550.1183,mpmath_1792,76.07143353284282,3.8360384996437006e7,2.8543218328297913e7,851
frank_10,10,Int64,false,taylor,realschur,0.00169143,0.00025843299999999997,0.0010628170000000002,0.0009075880000000001,0.000268581,0.004612275,30,3,2.220446049250313e-16,27.91221271967624,1,2.220446049250313e-16,1.909675637940463e-14,0.004821873008040711,245316055550.1183,mpmath_1792,76.07143353284282,3.8360384996437006e7,2.8543218328297913e7,53
frank_10,10,Int64,false,taylor,realschur,0.003471308,0.00046913900000000014,0.0015022670000000007,0.00206654,0.000412428,0.008383035,81,3,5.769382546275767e-80,27.91221271967623,1,1.727233711018889e-77,5.640357940904717e-17,1.787328655287124e-05,245316055550.1183,mpmath_1792,76.07143353284282,3.8360384996437006e7,2.8543218328297913e7,256
frank_10,10,Int64,false,taylor,realschur,0.006302372,0.0006444840000000001,0.0055807669999999995,0.011559542999999999,0.004462875,0.02976475,90,9,2.964284809394224e-257,1.066073525324286,1,1.331998346195134e-256,5.640357940904717e-17,1.787328655287124e-05,245316055550.1183,mpmath_1792,76.07143353284282,3.8360384996437006e7,2.8543218328297913e7,851
gcdmat_10,10,Int64,true,scaling_and_squaring,NaN,NaN,NaN,NaN,NaN,NaN,6.008e-5,NaN,NaN,NaN,NaN,NaN,2.220446049250313e-16,6.491447399599815e-15,5.580484867095947e-06,978252855.0300817,mpmath_1792,25.59296776055704,211.5,109.46979850012478,53
gcdmat_10,10,Int64,true,diagonalcheap,transfree,0.001884754,0.0,0.0,0.0,0.0,0.078048732,NaN,NaN,NaN,NaN,NaN,2.220446049250313e-16,1.190393111920564e-15,1.05053186416626e-06,978252855.0300817,mpmath_1792,25.59296776055704,211.5,109.46979850012478,53
gcdmat_10,10,Int64,true,diagonalcheap,transfree,0.005617364,0.0,0.0,0.0,0.0,0.006061603,NaN,NaN,NaN,NaN,NaN,1.727233711018889e-77,4.657420325161477e-17,3.944463628314999e-08,978252855.0300817,mpmath_1792,25.59296776055704,211.5,109.46979850012478,256
gcdmat_10,10,Int64,true,diagonalcheap,transfree,0.010804481,0.0,0.0,0.0,0.0,0.011667058,NaN,NaN,NaN,NaN,NaN,1.331998346195134e-256,4.657420325161477e-17,3.944463628314999e-08,978252855.0300817,mpmath_1792,25.59296776055704,211.5,109.46979850012478,851
gcdmat_10,10,Int64,true,diagonalcheap,complexschur,0.001533116,0.000108604,0.0018147710000000004,0.003275409,0.00076548,0.009308993,13,2,7.992639001934746e-15,160.4201807247613,14.068015486409234,2.220446049250313e-16,2.09504055849218e-14,2.103298902511597e-05,978252855.0300817,mpmath_1792,25.59296776055704,211.5,109.46979850012478,53
gcdmat_10,10,Int64,true,diagonalcheap,complexschur,0.004571023,0.000708449,0.006419831000000002,0.028212064,0.001429284,0.042987361,37,2,3.400543094419757e-76,160.4201807247608,12.933556220583652,1.727233711018889e-77,4.657420325161477e-17,3.944463628314999e-08,978252855.0300817,mpmath_1792,25.59296776055704,211.5,109.46979850012478,256
gcdmat_10,10,Int64,true,diagonalcheap,complexschur,0.008513222,0.0012562130000000002,0.011367724000000001,0.038933241,0.001192293,0.063043242,91,2,5.214299005625275e-259,160.4201807247582,12.597633186841048,1.331998346195134e-256,4.657420325161477e-17,3.944463628314999e-08,978252855.0300817,mpmath_1792,25.59296776055704,211.5,109.46979850012478,851
gcdmat_10,10,Int64,true,diagonalcheap,realschur,0.001335857,6.8601e-5,0.0013922080000000002,0.0008761899999999999,0.000195445,0.00427768,13,2,7.992639001934746e-15,160.4201807247613,14.068015486409234,2.220446049250313e-16,2.09504055849218e-14,2.103298902511597e-05,978252855.0300817,mpmath_1792,25.59296776055704,211.5,109.46979850012478,53
gcdmat_10,10,Int64,true,diagonalcheap,realschur,0.002846601,0.00030844900000000003,0.0028840080000000004,0.002015277,0.000296129,0.008829178,37,2,3.400543094419757e-76,160.4201807247608,12.933556220583652,1.727233711018889e-77,4.657420325161477e-17,3.944463628314999e-08,978252855.0300817,mpmath_1792,25.59296776055704,211.5,109.46979850012478,256
gcdmat_10,10,Int64,true,diagonalcheap,realschur,0.005758464,0.0010410519999999998,0.010342305000000001,0.007944711,0.000607613,0.02661983,91,2,5.214299005625275e-259,160.4201807247582,12.597633186841048,1.331998346195134e-256,4.657420325161477e-17,3.944463628314999e-08,978252855.0300817,mpmath_1792,25.59296776055704,211.5,109.46979850012478,851
gcdmat_10,10,Int64,true,taylor,transfree,0.001702951,0.0,0.0,0.0,0.0,0.00202516,NaN,NaN,NaN,NaN,NaN,2.220446049250313e-16,1.190393111920564e-15,1.05053186416626e-06,978252855.0300817,mpmath_1792,25.59296776055704,211.5,109.46979850012478,53
gcdmat_10,10,Int64,true,taylor,transfree,0.004589916,0.0,0.0,0.0,0.0,0.005011898,NaN,NaN,NaN,NaN,NaN,1.727233711018889e-77,4.657420325161477e-17,3.944463628314999e-08,978252855.0300817,mpmath_1792,25.59296776055704,211.5,109.46979850012478,256
gcdmat_10,10,Int64,true,taylor,transfree,0.018687137,0.0,0.0,0.0,0.0,0.019808084,NaN,NaN,NaN,NaN,NaN,1.331998346195134e-256,4.657420325161477e-17,3.944463628314999e-08,978252855.0300817,mpmath_1792,25.59296776055704,211.5,109.46979850012478,851
gcdmat_10,10,Int64,true,taylor,complexschur,0.002043263,0.000716144,0.0017799,0.005190452,0.000724476,0.01156878,36,2,0,68.49145187530257,1,2.220446049250313e-16,2.09504055849218e-14,2.103298902511597e-05,978252855.0300817,mpmath_1792,25.59296776055704,211.5,109.46979850012478,53
gcdmat_10,10,Int64,true,taylor,complexschur,0.003353129,0.0009052999999999999,0.002112812000000001,0.011132958,0.001498936,0.034030787,90,2,1.288589985672725e-76,68.49145187530236,1,1.727233711018889e-77,4.657420325161477e-17,3.944463628314999e-08,978252855.0300817,mpmath_1792,25.59296776055704,211.5,109.46979850012478,256
gcdmat_10,10,Int64,true,taylor,complexschur,0.006965392,0.0014154310000000002,0.008186495000000004,0.010593248999999999,0.01129398,0.040692303,90,9,2.135769940618455e-268,1.04046766001904,1,1.331998346195134e-256,4.657420325161477e-17,3.944463628314999e-08,978252855.0300817,mpmath_1792,25.59296776055704,211.5,109.46979850012478,851
gcdmat_10,10,Int64,true,taylor,realschur,0.002373441,0.000285774,0.001373395,0.0011293679999999997,0.000191125,0.005796613,36,2,0,68.49145187530257,1,2.220446049250313e-16,2.09504055849218e-14,2.103298902511597e-05,978252855.0300817,mpmath_1792,25.59296776055704,211.5,109.46979850012478,53
gcdmat_10,10,Int64,true,taylor,realschur,0.002772489,0.0005934270000000002,0.0018517949999999996,0.002452876,0.000290717,0.00846043,90,2,1.288589985672725e-76,68.49145187530236,1,1.727233711018889e-77,4.657420325161477e-17,3.944463628314999e-08,978252855.0300817,mpmath_1792,25.59296776055704,211.5,109.46979850012478,256
gcdmat_10,10,Int64,true,taylor,realschur,0.005445326,0.0006715640000000001,0.00560739,0.0034127920000000004,0.004244393,0.020525002,90,9,2.135769940618455e-268,1.04046766001904,1,1.331998346195134e-256,4.657420325161477e-17,3.944463628314999e-08,978252855.0300817,mpmath_1792,25.59296776055704,211.5,109.46979850012478,851
grcar_10,10,Int64,false,scaling_and_squaring,NaN,NaN,NaN,NaN,NaN,NaN,2.4848e-5,NaN,NaN,NaN,NaN,NaN,2.220446049250313e-16,2.379738168044201e-16,5.773159728050814e-15,23.31589524986434,mpmath_1792,4.977804507230434,8.503740648379052,2.885940149695911,53
grcar_10,10,Int64,false,diagonalcheap,transfree,0.0,0.00012145000000000001,0.0015200809999999997,0.0017885220000000003,8.0e-8,0.080964066,13,0,4.980643161760932e-16,23.31589524986434,11.735261662675788,2.220446049250313e-16,2.40793818249983e-16,4.690692279041286e-15,23.31589524986434,mpmath_1792,4.977804507230434,8.503740648379052,2.885940149695911,53
grcar_10,10,Int64,false,diagonalcheap,transfree,0.0,0.000273786,0.002390325,0.003539608,4.0e-8,0.006473212,31,0,1.14881078163416e-76,23.31589524986434,11.319471284249254,1.727233711018889e-77,5.073459998354209e-17,9.850779749903363e-16,23.31589524986434,mpmath_1792,4.977804507230434,8.503740648379052,2.885940149695911,256
grcar_10,10,Int64,false,diagonalcheap,transfree,0.0,0.000943586,0.023019132999999997,0.010726877,5.0e-8,0.034995662,81,0,1.189034369242139e-274,23.31589524986434,11.143419549170188,1.331998346195134e-256,5.073459998354209e-17,9.850779749903363e-16,23.31589524986434,mpmath_1792,4.977804507230434,8.503740648379052,2.885940149695911,851
grcar_10,10,Int64,false,diagonalcheap,complexschur,0.003173189,0.000117622,0.0015176770000000005,0.004093800999999999,4.0e-8,0.01031921,13,0,3.151183651689792e-16,20.15606766458666,8.05908294040557,2.220446049250313e-16,2.569570993973388e-15,5.004330283497893e-14,23.31589524986434,mpmath_1792,4.977804507230434,8.503740648379052,2.885940149695911,53
grcar_10,10,Int64,false,diagonalcheap,complexschur,0.004857079,0.000500639,0.0030604490000000002,0.009278458,5.1e-8,0.020381514,31,0,1.783720436954724e-78,20.07558063689587,7.39351645512161,1.727233711018889e-77,5.073459998354209e-17,9.850779749903363e-16,23.31589524986434,mpmath_1792,4.977804507230434,8.503740648379052,2.885940149695911,256
grcar_10,10,Int64,false,diagonalcheap,complexschur,0.014215323,0.001557595,0.009342917,0.039933197,3.0e-8,0.067937937,81,0,1.529085610857828e-278,20.11692545078305,5.815807355257554,1.331998346195134e-256,5.073459998354209e-17,9.850779749903363e-16,23.31589524986434,mpmath_1792,4.977804507230434,8.503740648379052,2.885940149695911,851
grcar_10,10,Int64,false,diagonalcheap,realschur,0.00222367,7.157600000000001e-5,0.001187712,0.000990483,3.0e-8,0.004819401,13,0,1.68900747260645e-16,23.33252676906935,9.615851768650936,2.220446049250313e-16,2.433354802140518e-15,4.587996649263459e-14,23.31589524986434,mpmath_1792,4.977804507230434,8.503740648379052,2.885940149695911,53
grcar_10,10,Int64,false,diagonalcheap,realschur,0.006685343,0.000443134,0.003396247,0.003483466,5.1e-8,0.014698202,31,0,7.914202105423218e-78,23.33252676906934,9.401435429300182,1.727233711018889e-77,5.073459998354209e-17,9.850779749903363e-16,23.31589524986434,mpmath_1792,4.977804507230434,8.503740648379052,2.885940149695911,256
grcar_10,10,Int64,false,diagonalcheap,realschur,0.010537425,0.0006899860000000001,0.005512055,0.006950538,7.0e-8,0.024996473,81,0,3.858907142871259e-277,23.33252676906935,7.887003621036275,1.331998346195134e-256,5.073459998354209e-17,9.850779749903363e-16,23.31589524986434,mpmath_1792,4.977804507230434,8.503740648379052,2.885940149695911,851
grcar_10,10,Int64,false,taylor,transfree,0.0,0.0004574,0.0009872159999999997,0.001658733,9.0e-8,0.003341389,30,0,2.220446049250313e-16,18,1,2.220446049250313e-16,9.978495198646311e-17,1.387778780781446e-15,23.31589524986434,mpmath_1792,4.977804507230434,8.503740648379052,2.885940149695911,53
grcar_10,10,Int64,false,taylor,transfree,0.0,0.000711516,0.0016632969999999996,0.00519514,5.0e-8,0.007812905,81,0,4.118046071574423e-84,18,1,1.727233711018889e-77,5.073459998354209e-17,9.850779749903363e-16,23.31589524986434,mpmath_1792,4.977804507230434,8.503740648379052,2.885940149695911,256
grcar_10,10,Int64,false,taylor,transfree,0.0,0.0009354569999999999,0.007878578999999998,0.011799394,0.015094439,0.036408794,90,6,3.837092630373153e-268,1.07972721713368,1,1.331998346195134e-256,5.073459998354209e-17,9.850779749903363e-16,23.31589524986434,mpmath_1792,4.977804507230434,8.503740648379052,2.885940149695911,851
grcar_10,10,Int64,false,taylor,complexschur,0.004100808,0.000751681,0.0015262259999999999,0.0070349819999999995,6.0e-8,0.015784347,30,0,2.220446049250313e-16,19.03215229569967,1,2.220446049250313e-16,2.535075821809332e-15,4.971023592759138e-14,23.31589524986434,mpmath_1792,4.977804507230434,8.503740648379052,2.885940149695911,53
grcar_10,10,Int64,false,taylor,complexschur,0.007857478,0.001425182,0.0023112710000000006,0.009257019999999998,3.0e-8,0.022496784,72,0,3.455344565851023e-77,18.96538925048826,1,1.727233711018889e-77,5.073459998354209e-17,9.850779749903363e-16,23.31589524986434,mpmath_1792,4.977804507230434,8.503740648379052,2.885940149695911,256
grcar_10,10,Int64,false,taylor,complexschur,0.009994859,0.0018511960000000005,0.007721877,0.022499436999999997,0.004220726,0.049626898,90,6,6.367446871186095e-270,1.074424929122097,1,1.331998346195134e-256,5.073459998354209e-17,9.850779749903363e-16,23.31589524986434,mpmath_1792,4.977804507230434,8.503740648379052,2.885940149695911,851
grcar_10,10,Int64,false,taylor,realschur,0.002074535,0.000252186,0.0006075160000000002,0.000988632,3.0e-8,0.004258112,30,0,1.110223024625157e-16,20.85991543753857,1,2.220446049250313e-16,2.406603414083118e-15,4.62685445512534e-14,23.31589524986434,mpmath_1792,4.977804507230434,8.503740648379052,2.885940149695911,53
grcar_10,10,Int64,false,taylor,realschur,0.004153811,0.000419308,0.0011627189999999998,0.0018912599999999999,0.000144475,0.008264331,64,1,8.236092143148846e-84,6.189151623752461,1,1.727233711018889e-77,5.073459998354209e-17,9.850779749903363e-16,23.31589524986434,mpmath_1792,4.977804507230434,8.503740648379052,2.885940149695911,256
grcar_10,10,Int64,false,taylor,realschur,0.007885523,0.0009801400000000002,0.0059633390000000015,0.005360716,0.001501688,0.022611589,90,6,2.597369632879723e-269,1.09536289805333,1,1.331998346195134e-256,5.073459998354209e-17,9.850779749903363e-16,23.31589524986434,mpmath_1792,4.977804507230434,8.503740648379052,2.885940149695911,851
hanowa_10,10,Int64,false,scaling_and_squaring,NaN,NaN,NaN,NaN,NaN,NaN,2.5939e-5,NaN,NaN,NaN,NaN,NaN,2.220446049250313e-16,2.450591654583072e-16,1.942890293094024e-16,0.5188741290196174,mpmath_1792,3.464101615137755,6.0,3.60555127546399,53
hanowa_10,10,Int64,false,diagonalcheap,transfree,0.0,0.000429611,0.003298437,0.002798073,3.0e-8,0.091216366,57,0,9.282671632980442e-17,0.5188741290196175,1.984357494858559,2.220446049250313e-16,1.37291959404307,0.7320773275847352,0.5188741290196174,mpmath_1792,3.464101615137755,6.0,3.60555127546399,53
hanowa_10,10,Int64,false,diagonalcheap,transfree,0.0,0.00029509,0.0025877279999999996,0.002326497,1.3e-7,0.005457136,43,0,1.376175508590973e-82,0.5188741290196172,2.0011967031460243,1.727233711018889e-77,1.37291959404307,0.7320773275847352,0.5188741290196174,mpmath_1792,3.464101615137755,6.0,3.60555127546399,256
hanowa_10,10,Int64,false,diagonalcheap,transfree,0.0,0.0008764400000000001,0.007291437000000001,0.007189641,5.0e-8,0.01570441,91,0,2.342173884660065e-258,0.5188741290196173,1.965297143140674,1.331998346195134e-256,1.37291959404307,0.7320773275847352,0.5188741290196174,mpmath_1792,3.464101615137755,6.0,3.60555127546399,851
hanowa_10,10,Int64,false,diagonalcheap,complexschur,0.000787256,0.0,0.0,0.0,0.0,0.038510168,0,0,NaN,NaN,1,2.220446049250313e-16,6.357876996529096e-16,4.718447854656915e-16,0.5188741290196174,mpmath_1792,3.464101615137755,6.0,3.60555127546399,53
hanowa_10,10,Int64,false,diagonalcheap,complexschur,0.000865235,0.0,0.0,0.0,0.0,0.002345259,0,0,NaN,NaN,1,1.727233711018889e-77,4.919150982827381e-17,2.597613523333529e-17,0.5188741290196174,mpmath_1792,3.464101615137755,6.0,3.60555127546399,256
hanowa_10,10,Int64,false,diagonalcheap,complexschur,0.001004587,0.0,0.0,0.0,0.0,0.002771552,0,0,NaN,NaN,1,1.331998346195134e-256,4.919150982827381e-17,2.597613523333529e-17,0.5188741290196174,mpmath_1792,3.464101615137755,6.0,3.60555127546399,851
hanowa_10,10,Int64,false,diagonalcheap,realschur,0.0,0.000579144,0.004381982,0.004164243000000001,4.0e-8,0.009438438,57,0,9.282671632980442e-17,0.5188741290196175,1.984357494858559,2.220446049250313e-16,1.37291959404307,0.7320773275847352,0.5188741290196174,mpmath_1792,3.464101615137755,6.0,3.60555127546399,53
hanowa_10,10,Int64,false,diagonalcheap,realschur,0.0,0.000462155,0.003511435,0.005867453,6.0e-8,0.010124531,43,0,1.376175508590973e-82,0.5188741290196172,2.0011967031460243,1.727233711018889e-77,1.37291959404307,0.7320773275847352,0.5188741290196174,mpmath_1792,3.464101615137755,6.0,3.60555127546399,256
hanowa_10,10,Int64,false,diagonalcheap,realschur,0.0,0.0011138090000000001,0.009654378000000003,0.004318569999999999,3.0e-8,0.015392811,91,0,2.342173884660065e-258,0.5188741290196173,1.965297143140674,1.331998346195134e-256,1.37291959404307,0.7320773275847352,0.5188741290196174,mpmath_1792,3.464101615137755,6.0,3.60555127546399,851
hanowa_10,10,Int64,false,taylor,transfree,0.0,0.000250449,0.0006132009999999997,0.000929646,0.000104261,0.002155621,30,1,0,2,1,2.220446049250313e-16,2.225044702305947,1.555777228669584,0.5188741290196174,mpmath_1792,3.464101615137755,6.0,3.60555127546399,53
hanowa_10,10,Int64,false,taylor,transfree,0.0,0.000464873,0.001081444,0.002291095,0.000223516,0.004303244,81,1,8.236092143148846e-84,2,1,1.727233711018889e-77,2.225044702305947,1.555777228669584,0.5188741290196174,mpmath_1792,3.464101615137755,6.0,3.60555127546399,256
hanowa_10,10,Int64,false,taylor,transfree,0.0,0.0009371490000000001,0.0058724499999999995,0.028771069000000003,0.001584945,0.037634428,90,7,4.762509074102828e-267,1.030209689467612,1,1.331998346195134e-256,3.922380712683206,2.455223939836046,0.5188741290196174,mpmath_1792,3.464101615137755,6.0,3.60555127546399,851
hanowa_10,10,Int64,false,taylor,complexschur,0.000781973,0.0,0.0,0.0,0.0,0.002066365,0,0,NaN,NaN,1,2.220446049250313e-16,6.357876996529096e-16,4.718447854656915e-16,0.5188741290196174,mpmath_1792,3.464101615137755,6.0,3.60555127546399,53
hanowa_10,10,Int64,false,taylor,complexschur,0.000779638,0.0,0.0,0.0,0.0,0.002103221,0,0,NaN,NaN,1,1.727233711018889e-77,4.919150982827381e-17,2.597613523333529e-17,0.5188741290196174,mpmath_1792,3.464101615137755,6.0,3.60555127546399,256
hanowa_10,10,Int64,false,taylor,complexschur,0.00085417,0.0,0.0,0.0,0.0,0.002420032,0,0,NaN,NaN,1,1.331998346195134e-256,4.919150982827381e-17,2.597613523333529e-17,0.5188741290196174,mpmath_1792,3.464101615137755,6.0,3.60555127546399,851
hanowa_10,10,Int64,false,taylor,realschur,0.0,0.000423817,0.0011561549999999999,0.001476245,0.000161212,0.003580949,30,1,0,2,1,2.220446049250313e-16,2.225044702305947,1.555777228669584,0.5188741290196174,mpmath_1792,3.464101615137755,6.0,3.60555127546399,53
hanowa_10,10,Int64,false,taylor,realschur,0.0,0.000714561,0.0019048199999999998,0.002315161,0.000121561,0.005396577,81,1,8.236092143148846e-84,2,1,1.727233711018889e-77,2.225044702305947,1.555777228669584,0.5188741290196174,mpmath_1792,3.464101615137755,6.0,3.60555127546399,256
hanowa_10,10,Int64,false,taylor,realschur,0.0,0.0010318089999999999,0.0063867260000000006,0.0036644739999999996,0.002882909,0.014443972,90,7,4.762509074102828e-267,1.030209689467612,1,1.331998346195134e-256,3.922380712683206,2.455223939836046,0.5188741290196174,mpmath_1792,3.464101615137755,6.0,3.60555127546399,851
hilbert_10,10,Rational{Int64},true,scaling_and_squaring,NaN,NaN,NaN,NaN,NaN,NaN,6.0419e-5,NaN,NaN,NaN,NaN,NaN,2.220446049250313e-16,5.761413296385555e-16,4.884981308350689e-15,9.490802135784818,mpmath_1792,1.564345405905481,3.53568436158517e13,1.602441698742836e13,53
hilbert_10,10,Rational{Int64},true,diagonalcheap,transfree,0.001370997,0.0,0.0,0.0,0.0,0.078613705,NaN,NaN,NaN,NaN,NaN,2.220446049250313e-16,5.39517446118656e-16,5.10702591327572e-15,9.490802135784818,mpmath_1792,1.564345405905481,3.53568436158517e13,1.602441698742836e13,53
hilbert_10,10,Rational{Int64},true,diagonalcheap,transfree,0.003535058,0.0,0.0,0.0,0.0,0.004079001,NaN,NaN,NaN,NaN,NaN,1.727233711018889e-77,5.626817146251712e-17,3.958766288689787e-16,9.490802135784818,mpmath_1792,1.564345405905481,3.53568436158517e13,1.602441698742836e13,256
hilbert_10,10,Rational{Int64},true,diagonalcheap,transfree,0.007379162,0.0,0.0,0.0,0.0,0.008266672,NaN,NaN,NaN,NaN,NaN,1.331998346195134e-256,5.626817146251712e-17,3.958766288689787e-16,9.490802135784818,mpmath_1792,1.564345405905481,3.53568436158517e13,1.602441698742836e13,851
hilbert_10,10,Rational{Int64},true,diagonalcheap,complexschur,0.001132702,3.378e-6,0.001400697,0.003991932,4.0e-8,0.007974655,9,0,3.408247807101795e-17,5.76566022567973,2.4559013686478584,2.220446049250313e-16,2.892566759862278e-15,3.347322419244847e-14,9.490802135784818,mpmath_1792,1.564345405905481,3.53568436158517e13,1.602441698742836e13,53
hilbert_10,10,Rational{Int64},true,diagonalcheap,complexschur,0.002820212,0.000461145,0.0035676309999999995,0.009326508999999998,4.0e-8,0.01787728,31,0,0,5.765660225679714,2.416326847090508,1.727233711018889e-77,5.626817146251712e-17,3.958766288689787e-16,9.490802135784818,mpmath_1792,1.564345405905481,3.53568436158517e13,1.602441698742836e13,256
hilbert_10,10,Rational{Int64},true,diagonalcheap,complexschur,0.006435444,0.00109352,0.008969732,0.043502046,4.0e-8,0.062157707,73,0,3.572305405260116e-263,5.76566022567972,2.4075404535172757,1.331998346195134e-256,5.626817146251712e-17,3.958766288689787e-16,9.490802135784818,mpmath_1792,1.564345405905481,3.53568436158517e13,1.602441698742836e13,851
hilbert_10,10,Rational{Int64},true,diagonalcheap,realschur,0.00171322,2.2259999999999995e-6,0.001195925,0.001080482,4.0e-8,0.004586263,9,0,3.408247807101795e-17,5.76566022567973,2.4559013686478584,2.220446049250313e-16,2.892566759862278e-15,3.347322419244847e-14,9.490802135784818,mpmath_1792,1.564345405905481,3.53568436158517e13,1.602441698742836e13,53
hilbert_10,10,Rational{Int64},true,diagonalcheap,realschur,0.002910489,0.00032342999999999993,0.0027233389999999995,0.0027289249999999997,5.0e-8,0.009391507,31,0,0,5.765660225679714,2.416326847090508,1.727233711018889e-77,5.626817146251712e-17,3.958766288689787e-16,9.490802135784818,mpmath_1792,1.564345405905481,3.53568436158517e13,1.602441698742836e13,256
hilbert_10,10,Rational{Int64},true,diagonalcheap,realschur,0.006510425,0.0006809469999999999,0.006709257000000001,0.007002685,4.0e-8,0.0220556,73,0,3.572305405260116e-263,5.76566022567972,2.4075404535172757,1.331998346195134e-256,5.626817146251712e-17,3.958766288689787e-16,9.490802135784818,mpmath_1792,1.564345405905481,3.53568436158517e13,1.602441698742836e13,851
hilbert_10,10,Rational{Int64},true,taylor,transfree,0.001710774,0.0,0.0,0.0,0.0,0.002240115,NaN,NaN,NaN,NaN,NaN,2.220446049250313e-16,5.39517446118656e-16,5.10702591327572e-15,9.490802135784818,mpmath_1792,1.564345405905481,3.53568436158517e13,1.602441698742836e13,53
hilbert_10,10,Rational{Int64},true,taylor,transfree,0.004368154,0.0,0.0,0.0,0.0,0.005060828,NaN,NaN,NaN,NaN,NaN,1.727233711018889e-77,5.626817146251712e-17,3.958766288689787e-16,9.490802135784818,mpmath_1792,1.564345405905481,3.53568436158517e13,1.602441698742836e13,256
hilbert_10,10,Rational{Int64},true,taylor,transfree,0.01114612,0.0,0.0,0.0,0.0,0.012319745,NaN,NaN,NaN,NaN,NaN,1.331998346195134e-256,5.626817146251712e-17,3.958766288689787e-16,9.490802135784818,mpmath_1792,1.564345405905481,3.53568436158517e13,1.602441698742836e13,851
hilbert_10,10,Rational{Int64},true,taylor,complexschur,0.00183163,0.0004341649999999999,0.001036131,0.005928141999999999,4.0e-8,0.010841053,25,0,5.551115123125783e-17,5.182702823227659,1,2.220446049250313e-16,2.892566759862278e-15,3.347322419244847e-14,9.490802135784818,mpmath_1792,1.564345405905481,3.53568436158517e13,1.602441698742836e13,53
hilbert_10,10,Rational{Int64},true,taylor,complexschur,0.003046911,0.001301225,0.0022090280000000018,0.030088505000000005,4.0e-8,0.037840453,72,0,2.059023035787212e-84,5.182702823227648,1,1.727233711018889e-77,5.626817146251712e-17,3.958766288689787e-16,9.490802135784818,mpmath_1792,1.564345405905481,3.53568436158517e13,1.602441698742836e13,256
hilbert_10,10,Rational{Int64},true,taylor,complexschur,0.004538875,0.00145929,0.008078891000000001,0.014316012999999999,0.005877106,0.037042197,90,6,6.886270049533194e-282,1.027751847949648,1,1.331998346195134e-256,5.626817146251712e-17,3.958766288689787e-16,9.490802135784818,mpmath_1792,1.564345405905481,3.53568436158517e13,1.602441698742836e13,851
hilbert_10,10,Rational{Int64},true,taylor,realschur,0.001254761,0.00032286000000000006,0.0007450329999999999,0.000969527,4.0e-8,0.003738673,25,0,5.551115123125783e-17,5.182702823227659,1,2.220446049250313e-16,2.892566759862278e-15,3.347322419244847e-14,9.490802135784818,mpmath_1792,1.564345405905481,3.53568436158517e13,1.602441698742836e13,53
hilbert_10,10,Rational{Int64},true,taylor,realschur,0.00196684,0.000474474,0.001072957,0.002925634,4.0e-8,0.007061776,72,0,2.059023035787212e-84,5.182702823227648,1,1.727233711018889e-77,5.626817146251712e-17,3.958766288689787e-16,9.490802135784818,mpmath_1792,1.564345405905481,3.53568436158517e13,1.602441698742836e13,256
hilbert_10,10,Rational{Int64},true,taylor,realschur,0.007849699,0.0007071720000000002,0.0056363889999999995,0.012211256,0.002944937,0.030768433,90,6,6.886270049533194e-282,1.027751847949648,1,1.331998346195134e-256,5.626817146251712e-17,3.958766288689787e-16,9.490802135784818,mpmath_1792,1.564345405905481,3.53568436158517e13,1.602441698742836e13,851
invhess_10,10,Int64,false,scaling_and_squaring,NaN,NaN,NaN,NaN,NaN,NaN,2.6661e-5,NaN,NaN,NaN,NaN,NaN,2.220446049250313e-16,1.820661764289676e-15,8.201439527510956e-12,3729.716758954511,mpmath_1792,34.5524738524913,54.99999999999999,21.887598458218704,53
invhess_10,10,Int64,false,diagonalcheap,transfree,0.0,0.000140228,0.002012386999999999,0.001713776,0.00042587,0.085453971,13,3,5.954660957309963e-16,4.903270679725938,5.50746178084438,2.220446049250313e-16,1.477887845078788e-15,7.425171588693047e-12,3729.716758954511,mpmath_1792,34.5524738524913,54.99999999999999,21.887598458218704,53
invhess_10,10,Int64,false,diagonalcheap,transfree,0.0,0.000422614,0.003915704999999999,0.005050791000000001,0.00039515,0.010151435,43,2,6.323199961839163e-81,22.15575440314777,9.12399905140529,1.727233711018889e-77,5.292477667207698e-17,1.710013217393487e-13,3729.716758954511,mpmath_1792,34.5524738524913,54.99999999999999,21.887598458218704,256
invhess_10,10,Int64,false,diagonalcheap,transfree,0.0,0.0008997210000000001,0.009116596,0.012298739,0.001312161,0.024159721,91,3,5.094833245561252e-281,4.903270679725939,5.591922834975226,1.331998346195134e-256,5.292477667207698e-17,1.710013217393487e-13,3729.716758954511,mpmath_1792,34.5524738524913,54.99999999999999,21.887598458218704,851
invhess_10,10,Int64,false,diagonalcheap,complexschur,0.003166035,0.00021464,0.002701256,0.006486024000000001,0.002059173,0.016682559,13,3,3.481048431806853e-16,6.611678030855812,3.8936906487116056,2.220446049250313e-16,1.344443337909572e-14,5.126743474193063e-11,3729.716758954511,mpmath_1792,34.5524738524913,54.99999999999999,21.887598458218704,53
invhess_10,10,Int64,false,diagonalcheap,complexschur,0.005645667,0.0008835430000000001,0.005833736000000001,0.039969152,0.001518451,0.056429423,43,2,2.12794804673453e-81,21.27922592001491,11.166815432459329,1.727233711018889e-77,5.292477667207698e-17,1.710013217393487e-13,3729.716758954511,mpmath_1792,34.5524738524913,54.99999999999999,21.887598458218704,256
invhess_10,10,Int64,false,diagonalcheap,complexschur,0.012087007,0.002186441,0.013797826000000003,0.047947392000000005,0.003640517,0.083926539,91,3,5.588176710078128e-280,2.948544531639209,3.8582565929184924,1.331998346195134e-256,5.292477667207698e-17,1.710013217393487e-13,3729.716758954511,mpmath_1792,34.5524738524913,54.99999999999999,21.887598458218704,851
invhess_10,10,Int64,false,diagonalcheap,realschur,0.002826552,0.000100689,0.0019926230000000002,0.001551745,0.000497304,0.007574382,13,3,2.533204218130093e-16,3.597388406519565,3.2411735725299655,2.220446049250313e-16,1.434399058331299e-14,5.434941385829006e-11,3729.716758954511,mpmath_1792,34.5524738524913,54.99999999999999,21.887598458218704,53
invhess_10,10,Int64,false,diagonalcheap,realschur,0.005302144,0.000463336,0.004415135000000001,0.003746438,0.000447339,0.015128568,43,2,4.543345130187256e-81,19.86706675241435,10.830576874447322,1.727233711018889e-77,5.292477667207698e-17,1.710013217393487e-13,3729.716758954511,mpmath_1792,34.5524738524913,54.99999999999999,21.887598458218704,256
invhess_10,10,Int64,false,diagonalcheap,realschur,0.010902186,0.0007367680000000001,0.007990556999999999,0.009616994,0.0014436,0.032017448,91,3,4.165994287576365e-281,3.712116210964506,3.6658573639118406,1.331998346195134e-256,5.292477667207698e-17,1.710013217393487e-13,3729.716758954511,mpmath_1792,34.5524738524913,54.99999999999999,21.887598458218704,851
invhess_10,10,Int64,false,taylor,transfree,0.0,0.0004483809999999999,0.0015976510000000003,0.0020420250000000003,0.000479342,0.004894234,30,3,2.220446049250313e-16,13.1680908203125,1,2.220446049250313e-16,6.421344542196003e-16,2.797762022055394e-12,3729.716758954511,mpmath_1792,34.5524738524913,54.99999999999999,21.887598458218704,53
invhess_10,10,Int64,false,taylor,transfree,0.0,0.000695536,0.0021732259999999995,0.003756658,0.000393136,0.007316104,81,3,1.970157248781064e-77,13.1680908203125,1,1.727233711018889e-77,5.292477667207698e-17,1.710013217393487e-13,3729.716758954511,mpmath_1792,34.5524738524913,54.99999999999999,21.887598458218704,256
invhess_10,10,Int64,false,taylor,transfree,0.0,0.0005676269999999999,0.004161305,0.00695136,0.00465545,0.016659096,90,10,1.032940507429979e-281,1.053810839383489,1,1.331998346195134e-256,5.292477667207698e-17,1.710013217393487e-13,3729.716758954511,mpmath_1792,34.5524738524913,54.99999999999999,21.887598458218704,851
invhess_10,10,Int64,false,taylor,complexschur,0.003564514,0.0007860840000000002,0.0026106980000000003,0.006869385999999999,0.00210532,0.018197569,30,3,0,7.587789087152665,1,2.220446049250313e-16,1.344909458644837e-14,5.125233570879573e-11,3729.716758954511,mpmath_1792,34.5524738524913,54.99999999999999,21.887598458218704,53
invhess_10,10,Int64,false,taylor,complexschur,0.006486167,0.00100033,0.002611853,0.011570549000000001,0.001667786,0.037021106,81,3,4.44765447914324e-79,7.589077273761579,1,1.727233711018889e-77,5.292477667207698e-17,1.710013217393487e-13,3729.716758954511,mpmath_1792,34.5524738524913,54.99999999999999,21.887598458218704,256
invhess_10,10,Int64,false,taylor,complexschur,0.007558652,0.0012985039999999996,0.008702945999999998,0.013435405,0.012201022,0.046180782,90,10,3.443135024766597e-282,1.024612057494493,1,1.331998346195134e-256,5.292477667207698e-17,1.710013217393487e-13,3729.716758954511,mpmath_1792,34.5524738524913,54.99999999999999,21.887598458218704,851
invhess_10,10,Int64,false,taylor,realschur,0.001713199,0.00025812499999999995,0.0009092839999999999,0.000966526,0.000310865,0.004541672,30,3,2.220446049250313e-16,9.045001939799313,1,2.220446049250313e-16,1.431276494903861e-14,5.384581669432009e-11,3729.716758954511,mpmath_1792,34.5524738524913,54.99999999999999,21.887598458218704,53
invhess_10,10,Int64,false,taylor,realschur,0.003388192,0.000486565,0.0016704189999999994,0.002226408,0.000430117,0.008688186,81,3,6.219468509714565e-78,9.045001939799329,1,1.727233711018889e-77,5.292477667207698e-17,1.710013217393487e-13,3729.716758954511,mpmath_1792,34.5524738524913,54.99999999999999,21.887598458218704,256
invhess_10,10,Int64,false,taylor,realschur,0.009439462,0.0009636700000000002,0.007107822000000001,0.004257612,0.002662405,0.025274996,90,10,1.032940507429979e-281,1.033794960931397,1,1.331998346195134e-256,5.292477667207698e-17,1.710013217393487e-13,3729.716758954511,mpmath_1792,34.5524738524913,54.99999999999999,21.887598458218704,851
jordbloc_10_1,10,Int64,false,scaling_and_squaring,NaN,NaN,NaN,NaN,NaN,NaN,2.5257e-5,NaN,NaN,NaN,NaN,NaN,2.220446049250313e-16,1.992369073980915e-17,3.432753484678558e-16,7.38905527560154,mpmath_1792,2.457489166124581,20.0,13.232029812481906,53
jordbloc_10_1,10,Int64,false,diagonalcheap,transfree,0.0,2.3550000000000003e-6,0.000783664,0.000807867,7.0e-8,0.075692567,9,0,6.215601714198626e-16,7.389055275601542,2.703510110522506,2.220446049250313e-16,2.194676869839168e-16,2.100804339516538e-15,7.38905527560154,mpmath_1792,2.457489166124581,20.0,13.232029812481906,53
jordbloc_10_1,10,Int64,false,diagonalcheap,transfree,0.0,0.000307846,0.002043873,0.0016480899999999998,3.0e-8,0.004164602,31,0,2.821532050995605e-84,7.389055275601547,2.6468001901367706,1.727233711018889e-77,5.318267933069875e-17,3.933001247859803e-16,7.38905527560154,mpmath_1792,2.457489166124581,20.0,13.232029812481906,256
jordbloc_10_1,10,Int64,false,diagonalcheap,transfree,0.0,0.0017773029999999996,0.025721070999999998,0.006263571999999999,5.1e-8,0.034014748,81,0,0,7.389055275601542,2.633336357318806,1.331998346195134e-256,5.318267933069875e-17,3.933001247859803e-16,7.38905527560154,mpmath_1792,2.457489166124581,20.0,13.232029812481906,851
jordbloc_10_1,10,Int64,false,diagonalcheap,complexschur,0.0,3.2779999999999998e-6,0.001226685,0.001125918,4.0e-8,0.002643561,9,0,6.215601714198626e-16,7.389055275601542,2.703510110522506,2.220446049250313e-16,2.194676869839168e-16,2.100804339516538e-15,7.38905527560154,mpmath_1792,2.457489166124581,20.0,13.232029812481906,53
jordbloc_10_1,10,Int64,false,diagonalcheap,complexschur,0.0,0.000553252,0.0027185490000000002,0.002789049,4.0e-8,0.006315116,31,0,2.821532050995605e-84,7.389055275601547,2.6468001901367706,1.727233711018889e-77,5.318267933069875e-17,3.933001247859803e-16,7.38905527560154,mpmath_1792,2.457489166124581,20.0,13.232029812481906,256
jordbloc_10_1,10,Int64,false,diagonalcheap,complexschur,0.0,0.001908187,0.008269196000000003,0.0069996780000000005,5.0e-8,0.017539618,81,0,0,7.389055275601542,2.633336357318806,1.331998346195134e-256,5.318267933069875e-17,3.933001247859803e-16,7.38905527560154,mpmath_1792,2.457489166124581,20.0,13.232029812481906,851
jordbloc_10_1,10,Int64,false,diagonalcheap,realschur,0.0,3.6589999999999996e-6,0.001159684,0.001055418,5.0e-8,0.002411105,9,0,6.215601714198626e-16,7.389055275601542,2.703510110522506,2.220446049250313e-16,2.194676869839168e-16,2.100804339516538e-15,7.38905527560154,mpmath_1792,2.457489166124581,20.0,13.232029812481906,53
jordbloc_10_1,10,Int64,false,diagonalcheap,realschur,0.0,0.0005629529999999999,0.0029788099999999997,0.002741882,4.1e-8,0.006521573,31,0,2.821532050995605e-84,7.389055275601547,2.6468001901367706,1.727233711018889e-77,5.318267933069875e-17,3.933001247859803e-16,7.38905527560154,mpmath_1792,2.457489166124581,20.0,13.232029812481906,256
jordbloc_10_1,10,Int64,false,diagonalcheap,realschur,0.0,0.001731176,0.007196844000000002,0.006675088,3.0e-8,0.016220153,81,0,0,7.389055275601542,2.633336357318806,1.331998346195134e-256,5.318267933069875e-17,3.933001247859803e-16,7.38905527560154,mpmath_1792,2.457489166124581,20.0,13.232029812481906,851
jordbloc_10_1,10,Int64,false,taylor,transfree,0.0,0.00020219799999999998,0.00053948,0.0011680330000000002,4.0e-8,0.002089888,25,0,8.326672684688674e-17,6.333333333333334,1,2.220446049250313e-16,5.025018480432085e-17,2.394011570472192e-16,7.38905527560154,mpmath_1792,2.457489166124581,20.0,13.232029812481906,53
jordbloc_10_1,10,Int64,false,taylor,transfree,0.0,0.00066737,0.0009635899999999996,0.0021651400000000003,4.0e-8,0.00400078,72,0,2.059023035787212e-84,6.333333333333333,1,1.727233711018889e-77,5.318267933069875e-17,3.933001247859803e-16,7.38905527560154,mpmath_1792,2.457489166124581,20.0,13.232029812481906,256
jordbloc_10_1,10,Int64,false,taylor,transfree,0.0,0.0010432739999999999,0.020598968,0.003090902,0.001540926,0.026560886,90,6,7.880991758188264e-278,1.031743407499103,1,1.331998346195134e-256,5.318267933069875e-17,3.933001247859803e-16,7.38905527560154,mpmath_1792,2.457489166124581,20.0,13.232029812481906,851
jordbloc_10_1,10,Int64,false,taylor,complexschur,0.0,0.00016593299999999997,0.0004338839999999999,0.0007419550000000001,3.0e-8,0.001522274,25,0,8.326672684688674e-17,6.333333333333334,1,2.220446049250313e-16,5.025018480432085e-17,2.394011570472192e-16,7.38905527560154,mpmath_1792,2.457489166124581,20.0,13.232029812481906,53
jordbloc_10_1,10,Int64,false,taylor,complexschur,0.0,0.0007491539999999999,0.0009505619999999998,0.002489044,3.0e-8,0.004409756,72,0,2.059023035787212e-84,6.333333333333333,1,1.727233711018889e-77,5.318267933069875e-17,3.933001247859803e-16,7.38905527560154,mpmath_1792,2.457489166124581,20.0,13.232029812481906,256
jordbloc_10_1,10,Int64,false,taylor,complexschur,0.0,0.001380332,0.004821364999999999,0.004627335999999999,0.002668547,0.013932758,90,6,7.880991758188264e-278,1.031743407499103,1,1.331998346195134e-256,5.318267933069875e-17,3.933001247859803e-16,7.38905527560154,mpmath_1792,2.457489166124581,20.0,13.232029812481906,851
jordbloc_10_1,10,Int64,false,taylor,realschur,0.0,0.00031329999999999997,0.0007042529999999998,0.001335201,4.0e-8,0.002604171,25,0,8.326672684688674e-17,6.333333333333334,1,2.220446049250313e-16,5.025018480432085e-17,2.394011570472192e-16,7.38905527560154,mpmath_1792,2.457489166124581,20.0,13.232029812481906,53
jordbloc_10_1,10,Int64,false,taylor,realschur,0.0,0.001067476,0.001256975,0.003086511,4.0e-8,0.005659834,72,0,2.059023035787212e-84,6.333333333333333,1,1.727233711018889e-77,5.318267933069875e-17,3.933001247859803e-16,7.38905527560154,mpmath_1792,2.457489166124581,20.0,13.232029812481906,256
jordbloc_10_1,10,Int64,false,taylor,realschur,0.0,0.0012551590000000005,0.0034746390000000007,0.0033177759999999997,0.001531304,0.0098575,90,6,7.880991758188264e-278,1.031743407499103,1,1.331998346195134e-256,5.318267933069875e-17,3.933001247859803e-16,7.38905527560154,mpmath_1792,2.457489166124581,20.0,13.232029812481906,851
kahan_10,10,Float64,false,scaling_and_squaring,NaN,NaN,NaN,NaN,NaN,NaN,2.4175e-5,NaN,NaN,NaN,NaN,NaN,2.220446049250313e-16,1.489024927142104e-16,9.992007221626409e-16,4.507097919017024,mpmath_1792,1.345100236310036,92.37047056626557,29.852624720016145,53
kahan_10,10,Float64,false,diagonalcheap,transfree,0.0,1.1324999999999999e-5,0.018878857000000002,0.0011817140000000002,5.0e-8,0.110273365,9,0,1.810461146703008e-17,4.503197440806563,5.067902629976462,2.220446049250313e-16,8.832464259067483e-17,8.326672684688674e-16,4.507097919017024,mpmath_1792,1.345100236310036,92.37047056626557,29.852624720016145,53
kahan_10,10,Float64,false,diagonalcheap,transfree,0.0,0.00030756200000000005,0.006898541000000001,0.002408047,4.0e-8,0.009900427,25,0,3.165286602056007e-77,4.503197440806562,5.05647600558963,1.727233711018889e-77,4.248906135470499e-17,2.429349144962336e-16,4.507097919017024,mpmath_1792,1.345100236310036,92.37047056626557,29.852624720016145,256
kahan_10,10,Float64,false,diagonalcheap,transfree,0.0,0.000723362,0.030706973999999995,0.007159077,4.0e-8,0.038930686,73,0,4.486785679237279e-281,4.503197440806559,5.052463422311417,1.331998346195134e-256,4.248906135470499e-17,2.429349144962336e-16,4.507097919017024,mpmath_1792,1.345100236310036,92.37047056626557,29.852624720016145,851
kahan_10,10,Float64,false,diagonalcheap,complexschur,0.0,2.997e-6,0.001278563,0.001020098,3.0e-8,0.002600783,9,0,1.810461146703008e-17,4.503197440806563,5.067902629976462,2.220446049250313e-16,8.832464259067483e-17,8.326672684688674e-16,4.507097919017024,mpmath_1792,1.345100236310036,92.37047056626557,29.852624720016145,53
kahan_10,10,Float64,false,diagonalcheap,complexschur,0.0,0.00020342899999999998,0.0017725439999999998,0.002240441,5.0e-8,0.004408898,25,0,3.165286602056007e-77,4.503197440806562,5.05647600558963,1.727233711018889e-77,4.248906135470499e-17,2.429349144962336e-16,4.507097919017024,mpmath_1792,1.345100236310036,92.37047056626557,29.852624720016145,256
kahan_10,10,Float64,false,diagonalcheap,complexschur,0.0,0.000828547,0.007721436999999999,0.006950466,4.0e-8,0.015854008,73,0,4.486785679237279e-281,4.503197440806559,5.052463422311417,1.331998346195134e-256,4.248906135470499e-17,2.429349144962336e-16,4.507097919017024,mpmath_1792,1.345100236310036,92.37047056626557,29.852624720016145,851
kahan_10,10,Float64,false,diagonalcheap,realschur,0.0,2.825e-6,0.001354432,0.0012581369999999999,5.0e-8,0.002928461,9,0,1.810461146703008e-17,4.503197440806563,5.067902629976462,2.220446049250313e-16,8.832464259067483e-17,8.326672684688674e-16,4.507097919017024,mpmath_1792,1.345100236310036,92.37047056626557,29.852624720016145,53
kahan_10,10,Float64,false,diagonalcheap,realschur,0.0,0.000303565,0.0026649280000000004,0.002750691,4.0e-8,0.006027718,25,0,3.165286602056007e-77,4.503197440806562,5.05647600558963,1.727233711018889e-77,4.248906135470499e-17,2.429349144962336e-16,4.507097919017024,mpmath_1792,1.345100236310036,92.37047056626557,29.852624720016145,256
kahan_10,10,Float64,false,diagonalcheap,realschur,0.0,0.000792317,0.007317026000000001,0.00789281,4.0e-8,0.016377197,73,0,4.486785679237279e-281,4.503197440806559,5.052463422311417,1.331998346195134e-256,4.248906135470499e-17,2.429349144962336e-16,4.507097919017024,mpmath_1792,1.345100236310036,92.37047056626557,29.852624720016145,851
kahan_10,10,Float64,false,taylor,transfree,0.0,0.000310399,0.0008071509999999998,0.001306944,4.0e-8,0.00271904,20,0,1.387778780781446e-17,4.516030141321018,1,2.220446049250313e-16,3.267320684952345e-17,2.220446049250313e-16,4.507097919017024,mpmath_1792,1.345100236310036,92.37047056626557,29.852624720016145,53
kahan_10,10,Float64,false,taylor,transfree,0.0,0.000664501,0.001440279,0.003392301,4.0e-8,0.005771099,64,0,1.029511517893606e-84,4.516030141321017,1,1.727233711018889e-77,4.248906135470499e-17,2.429349144962336e-16,4.507097919017024,mpmath_1792,1.345100236310036,92.37047056626557,29.852624720016145,256
kahan_10,10,Float64,false,taylor,transfree,0.0,0.000917596,0.006464114,0.005862362999999999,0.00272792,0.01652068,90,5,3.045509038734419e-273,1.095168067989248,1,1.331998346195134e-256,4.248906135470499e-17,2.429349144962336e-16,4.507097919017024,mpmath_1792,1.345100236310036,92.37047056626557,29.852624720016145,851
kahan_10,10,Float64,false,taylor,complexschur,0.0,0.000313817,0.0008007250000000001,0.0013047910000000002,5.0e-8,0.002704777,20,0,1.387778780781446e-17,4.516030141321018,1,2.220446049250313e-16,3.267320684952345e-17,2.220446049250313e-16,4.507097919017024,mpmath_1792,1.345100236310036,92.37047056626557,29.852624720016145,53
kahan_10,10,Float64,false,taylor,complexschur,0.0,0.0010304709999999998,0.0016587800000000003,0.003739669,4.0e-8,0.006828243,64,0,1.029511517893606e-84,4.516030141321017,1,1.727233711018889e-77,4.248906135470499e-17,2.429349144962336e-16,4.507097919017024,mpmath_1792,1.345100236310036,92.37047056626557,29.852624720016145,256
kahan_10,10,Float64,false,taylor,complexschur,0.0,0.0009160040000000001,0.005858401,0.0071386950000000005,0.002366114,0.016812738,90,5,3.045509038734419e-273,1.095168067989248,1,1.331998346195134e-256,4.248906135470499e-17,2.429349144962336e-16,4.507097919017024,mpmath_1792,1.345100236310036,92.37047056626557,29.852624720016145,851
kahan_10,10,Float64,false,taylor,realschur,0.0,0.000291497,0.0007730229999999999,0.0011508850000000001,4.0e-8,0.002477074,20,0,1.387778780781446e-17,4.516030141321018,1,2.220446049250313e-16,3.267320684952345e-17,2.220446049250313e-16,4.507097919017024,mpmath_1792,1.345100236310036,92.37047056626557,29.852624720016145,53
kahan_10,10,Float64,false,taylor,realschur,0.0,0.0008087919999999999,0.0022889989999999986,0.023637455999999994,5.0e-8,0.02701178,64,0,1.029511517893606e-84,4.516030141321017,1,1.727233711018889e-77,4.248906135470499e-17,2.429349144962336e-16,4.507097919017024,mpmath_1792,1.345100236310036,92.37047056626557,29.852624720016145,256
kahan_10,10,Float64,false,taylor,realschur,0.0,0.00087856,0.003969995999999999,0.003923926,0.002523889,0.011682253,90,5,3.045509038734419e-273,1.095168067989248,1,1.331998346195134e-256,4.248906135470499e-17,2.429349144962336e-16,4.507097919017024,mpmath_1792,1.345100236310036,92.37047056626557,29.852624720016145,851
lehmer_10,10,Rational{Int64},true,scaling_and_squaring,NaN,NaN,NaN,NaN,NaN,NaN,5.9874e-5,NaN,NaN,NaN,NaN,NaN,2.220446049250313e-16,1.920550698987342e-15,7.371880883511039e-13,360.1006183755074,mpmath_1792,6.133785043551848,114.72857142857151,86.38931620332264,53
lehmer_10,10,Rational{Int64},true,diagonalcheap,transfree,0.001359785,0.0,0.0,0.0,0.0,0.071844802,NaN,NaN,NaN,NaN,NaN,2.220446049250313e-16,6.777786454116149e-16,3.232969447708456e-13,360.1006183755074,mpmath_1792,6.133785043551848,114.72857142857151,86.38931620332264,53
lehmer_10,10,Rational{Int64},true,diagonalcheap,transfree,0.004606298,0.0,0.0,0.0,0.0,0.005296649,NaN,NaN,NaN,NaN,NaN,1.727233711018889e-77,5.66231426378204e-17,2.327309105328529e-14,360.1006183755074,mpmath_1792,6.133785043551848,114.72857142857151,86.38931620332264,256
lehmer_10,10,Rational{Int64},true,diagonalcheap,transfree,0.010442058,0.0,0.0,0.0,0.0,0.011216076,NaN,NaN,NaN,NaN,NaN,1.331998346195134e-256,5.66231426378204e-17,2.327309105328529e-14,360.1006183755074,mpmath_1792,6.133785043551848,114.72857142857151,86.38931620332264,851
lehmer_10,10,Rational{Int64},true,diagonalcheap,complexschur,0.002064157,0.000401683,0.0036205639999999997,0.008767997,8.0e-8,0.016491897,25,0,2.365447946724395e-14,316.866821696523,18.734025268253543,2.220446049250313e-16,5.071987599526865e-15,1.788791337276052e-12,360.1006183755074,mpmath_1792,6.133785043551848,114.72857142857151,86.38931620332264,53
lehmer_10,10,Rational{Int64},true,diagonalcheap,complexschur,0.002574563,0.00047494800000000005,0.0035190749999999995,0.009730229,1.3e-7,0.018157449,43,0,3.694338724358788e-81,316.8668216965117,18.077025879261235,1.727233711018889e-77,5.66231426378204e-17,2.327309105328529e-14,360.1006183755074,mpmath_1792,6.133785043551848,114.72857142857151,86.38931620332264,256
lehmer_10,10,Rational{Int64},true,diagonalcheap,complexschur,0.008969258,0.0012248010000000002,0.032174746,0.020408085,0.000976273,0.065685606,91,1,2.337650352926081e-280,17.80075340249724,4.173188051234691,1.331998346195134e-256,5.66231426378204e-17,2.327309105328529e-14,360.1006183755074,mpmath_1792,6.133785043551848,114.72857142857151,86.38931620332264,851
lehmer_10,10,Rational{Int64},true,diagonalcheap,realschur,0.00142452,0.000171255,0.00166538,0.001356098,3.0e-8,0.005024457,25,0,2.365447946724395e-14,316.866821696523,18.734025268253543,2.220446049250313e-16,5.071987599526865e-15,1.788791337276052e-12,360.1006183755074,mpmath_1792,6.133785043551848,114.72857142857151,86.38931620332264,53
lehmer_10,10,Rational{Int64},true,diagonalcheap,realschur,0.002423343,0.00028180299999999996,0.0025320850000000003,0.002291518,3.1e-8,0.007991251,43,0,3.694338724358788e-81,316.8668216965117,18.077025879261235,1.727233711018889e-77,5.66231426378204e-17,2.327309105328529e-14,360.1006183755074,mpmath_1792,6.133785043551848,114.72857142857151,86.38931620332264,256
lehmer_10,10,Rational{Int64},true,diagonalcheap,realschur,0.004806587,0.000909923,0.009804301000000001,0.00885008,0.000585756,0.026606328,91,1,2.337650352926081e-280,17.80075340249724,4.173188051234691,1.331998346195134e-256,5.66231426378204e-17,2.327309105328529e-14,360.1006183755074,mpmath_1792,6.133785043551848,114.72857142857151,86.38931620332264,851
lehmer_10,10,Rational{Int64},true,taylor,transfree,0.001383819,0.0,0.0,0.0,0.0,0.001766138,NaN,NaN,NaN,NaN,NaN,2.220446049250313e-16,6.777786454116149e-16,3.232969447708456e-13,360.1006183755074,mpmath_1792,6.133785043551848,114.72857142857151,86.38931620332264,53
lehmer_10,10,Rational{Int64},true,taylor,transfree,0.004317068,0.0,0.0,0.0,0.0,0.004978122,NaN,NaN,NaN,NaN,NaN,1.727233711018889e-77,5.66231426378204e-17,2.327309105328529e-14,360.1006183755074,mpmath_1792,6.133785043551848,114.72857142857151,86.38931620332264,256
lehmer_10,10,Rational{Int64},true,taylor,transfree,0.020745543,0.0,0.0,0.0,0.0,0.022412938,NaN,NaN,NaN,NaN,NaN,1.331998346195134e-256,5.66231426378204e-17,2.327309105328529e-14,360.1006183755074,mpmath_1792,6.133785043551848,114.72857142857151,86.38931620332264,851
lehmer_10,10,Rational{Int64},true,taylor,complexschur,0.002125214,0.000444798,0.0012328830000000004,0.005305565,0.000637582,0.011515198,25,1,2.331468351712829e-15,12.00241872652855,1,2.220446049250313e-16,5.071987599526865e-15,1.788791337276052e-12,360.1006183755074,mpmath_1792,6.133785043551848,114.72857142857151,86.38931620332264,53
lehmer_10,10,Rational{Int64},true,taylor,complexschur,0.002479069,0.000708398,0.0018458860000000001,0.008283434000000001,0.000721261,0.015982463,81,1,0,12.00241872652853,1,1.727233711018889e-77,5.66231426378204e-17,2.327309105328529e-14,360.1006183755074,mpmath_1792,6.133785043551848,114.72857142857151,86.38931620332264,256
lehmer_10,10,Rational{Int64},true,taylor,complexschur,0.00673526,0.001333107,0.007254013,0.010813156,0.003895501,0.036797542,90,7,2.000572322211753e-263,1.046015451188932,1,1.331998346195134e-256,5.66231426378204e-17,2.327309105328529e-14,360.1006183755074,mpmath_1792,6.133785043551848,114.72857142857151,86.38931620332264,851
lehmer_10,10,Rational{Int64},true,taylor,realschur,0.001273832,0.00018400999999999997,0.000704032,0.000821055,0.000100536,0.003536495,25,1,2.331468351712829e-15,12.00241872652855,1,2.220446049250313e-16,5.071987599526865e-15,1.788791337276052e-12,360.1006183755074,mpmath_1792,6.133785043551848,114.72857142857151,86.38931620332264,53
lehmer_10,10,Rational{Int64},true,taylor,realschur,0.002305288,0.00045027999999999995,0.001386969,0.002176658,0.000140656,0.006999965,81,1,0,12.00241872652853,1,1.727233711018889e-77,5.66231426378204e-17,2.327309105328529e-14,360.1006183755074,mpmath_1792,6.133785043551848,114.72857142857151,86.38931620332264,256
lehmer_10,10,Rational{Int64},true,taylor,realschur,0.004659086,0.0008147759999999998,0.005898299000000001,0.00526617,0.002267664,0.019866799,90,7,2.000572322211753e-263,1.046015451188932,1,1.331998346195134e-256,5.66231426378204e-17,2.327309105328529e-14,360.1006183755074,mpmath_1792,6.133785043551848,114.72857142857151,86.38931620332264,851
minij_10,10,Int64,true,scaling_and_squaring,NaN,NaN,NaN,NaN,NaN,NaN,6.4083e-5,NaN,NaN,NaN,NaN,NaN,2.220446049250313e-16,1.669663945537784e-14,597632,3.503802468654952e+19,mpmath_1792,45.11097427455984,220.0,175.08661295841006,53
minij_10,10,Int64,true,diagonalcheap,transfree,0.001251483,0.0,0.0,0.0,0.0,0.067453919,NaN,NaN,NaN,NaN,NaN,2.220446049250313e-16,1.132329140056161e-14,402432,3.503802468654952e+19,mpmath_1792,45.11097427455984,220.0,175.08661295841006,53
minij_10,10,Int64,true,diagonalcheap,transfree,0.003695327,0.0,0.0,0.0,0.0,0.004093946,NaN,NaN,NaN,NaN,NaN,1.727233711018889e-77,4.281835998187291e-17,1343.090165121573,3.503802468654952e+19,mpmath_1792,45.11097427455984,220.0,175.08661295841006,256
minij_10,10,Int64,true,diagonalcheap,transfree,0.014442199,0.0,0.0,0.0,0.0,0.015595823,NaN,NaN,NaN,NaN,NaN,1.331998346195134e-256,4.281835998187291e-17,1343.090165121573,3.503802468654952e+19,mpmath_1792,45.11097427455984,220.0,175.08661295841006,851
minij_10,10,Int64,true,diagonalcheap,complexschur,0.002532963,0.000384407,0.00359395,0.007757111,0.001654753,0.01770527,21,3,5.610879191429669e-14,269.2818448831574,17.7632034660784,2.220446049250313e-16,1.004283980169651e-14,349824,3.503802468654952e+19,mpmath_1792,45.11097427455984,220.0,175.08661295841006,53
minij_10,10,Int64,true,diagonalcheap,complexschur,0.003995126,0.0006196719999999998,0.0056232,0.039870675,0.002002068,0.053892576,43,3,7.075904647280296e-83,269.2818448831453,16.910252968629287,1.727233711018889e-77,4.281835998187291e-17,1343.090165121573,3.503802468654952e+19,mpmath_1792,45.11097427455984,220.0,175.08661295841006,256
minij_10,10,Int64,true,diagonalcheap,complexschur,0.008086656,0.001280276,0.013306735,0.025441306,0.005710433,0.07289893,91,4,2.804681924319448e-280,16.40980941032385,4.040447630854702,1.331998346195134e-256,4.281835998187291e-17,1343.090165121573,3.503802468654952e+19,mpmath_1792,45.11097427455984,220.0,175.08661295841006,851
minij_10,10,Int64,true,diagonalcheap,realschur,0.002317231,0.000262675,0.002655687,0.0020519780000000003,0.000475692,0.008412543,21,3,5.610879191429669e-14,269.2818448831574,17.7632034660784,2.220446049250313e-16,1.004283980169651e-14,349824,3.503802468654952e+19,mpmath_1792,45.11097427455984,220.0,175.08661295841006,53
minij_10,10,Int64,true,diagonalcheap,realschur,0.004020252,0.00044023900000000004,0.004570671000000001,0.0036586550000000002,0.000690371,0.01414236,43,3,7.075904647280296e-83,269.2818448831453,16.910252968629287,1.727233711018889e-77,4.281835998187291e-17,1343.090165121573,3.503802468654952e+19,mpmath_1792,45.11097427455984,220.0,175.08661295841006,256
minij_10,10,Int64,true,diagonalcheap,realschur,0.007866655,0.0008972920000000001,0.009972072999999998,0.009287247,0.001920185,0.031160888,91,4,2.804681924319448e-280,16.40980941032385,4.040447630854702,1.331998346195134e-256,4.281835998187291e-17,1343.090165121573,3.503802468654952e+19,mpmath_1792,45.11097427455984,220.0,175.08661295841006,851
minij_10,10,Int64,true,taylor,transfree,0.002161864,0.0,0.0,0.0,0.0,0.002638227,NaN,NaN,NaN,NaN,NaN,2.220446049250313e-16,1.132329140056161e-14,402432,3.503802468654952e+19,mpmath_1792,45.11097427455984,220.0,175.08661295841006,53
minij_10,10,Int64,true,taylor,transfree,0.007172637,0.0,0.0,0.0,0.0,0.007789744,NaN,NaN,NaN,NaN,NaN,1.727233711018889e-77,4.281835998187291e-17,1343.090165121573,3.503802468654952e+19,mpmath_1792,45.11097427455984,220.0,175.08661295841006,256
minij_10,10,Int64,true,taylor,transfree,0.01669672,0.0,0.0,0.0,0.0,0.017752686,NaN,NaN,NaN,NaN,NaN,1.331998346195134e-256,4.281835998187291e-17,1343.090165121573,3.503802468654952e+19,mpmath_1792,45.11097427455984,220.0,175.08661295841006,851
minij_10,10,Int64,true,taylor,complexschur,0.002281772,0.000557784,0.0020185000000000003,0.0074530659999999995,0.001692226,0.015592707,36,3,1.77635683940025e-15,92.30795802910626,1,2.220446049250313e-16,1.004283980169651e-14,349824,3.503802468654952e+19,mpmath_1792,45.11097427455984,220.0,175.08661295841006,53
minij_10,10,Int64,true,taylor,complexschur,0.004010179,0.0011709340000000002,0.003943344,0.012083172,0.001832299,0.024336639,90,4,8.236092143148846e-84,16.40713983072946,1,1.727233711018889e-77,4.281835998187291e-17,1343.090165121573,3.503802468654952e+19,mpmath_1792,45.11097427455984,220.0,175.08661295841006,256
minij_10,10,Int64,true,taylor,complexschur,0.005208433,0.0013284610000000002,0.008581578999999999,0.022404608,0.0053681,0.044284134,90,10,1.473289906676509e-264,1.044686524561515,1,1.331998346195134e-256,4.281835998187291e-17,1343.090165121573,3.503802468654952e+19,mpmath_1792,45.11097427455984,220.0,175.08661295841006,851
minij_10,10,Int64,true,taylor,realschur,0.001371761,0.00023462500000000002,0.0009659429999999998,0.001019757,0.000266495,0.004246878,36,3,1.77635683940025e-15,92.30795802910626,1,2.220446049250313e-16,1.004283980169651e-14,349824,3.503802468654952e+19,mpmath_1792,45.11097427455984,220.0,175.08661295841006,53
minij_10,10,Int64,true,taylor,realschur,0.002455741,0.000497922,0.0018346989999999995,0.002271314,0.000539103,0.008055637,90,4,8.236092143148846e-84,16.40713983072946,1,1.727233711018889e-77,4.281835998187291e-17,1343.090165121573,3.503802468654952e+19,mpmath_1792,45.11097427455984,220.0,175.08661295841006,256
minij_10,10,Int64,true,taylor,realschur,0.004701863,0.0010240560000000002,0.015290762999999997,0.0052120199999999995,0.004949826,0.032135793,90,10,1.473289906676509e-264,1.044686524561515,1,1.331998346195134e-256,4.281835998187291e-17,1343.090165121573,3.503802468654952e+19,mpmath_1792,45.11097427455984,220.0,175.08661295841006,851
moler_10,10,Float64,true,scaling_and_squaring,NaN,NaN,NaN,NaN,NaN,NaN,6.0084e-5,NaN,NaN,NaN,NaN,NaN,2.220446049250313e-16,1.677123084678652e-15,0.13958740234375,67944521770975.79,mpmath_1792,32.78719262151001,6.815757e6,3.6805919110181164e6,53
moler_10,10,Float64,true,diagonalcheap,transfree,0.001238725,0.0,0.0,0.0,0.0,0.08465209,NaN,NaN,NaN,NaN,NaN,2.220446049250313e-16,1.27672340378862e-15,0.0863189697265625,67944521770975.79,mpmath_1792,32.78719262151001,6.815757e6,3.6805919110181164e6,53
moler_10,10,Float64,true,diagonalcheap,transfree,0.003596991,0.0,0.0,0.0,0.0,0.003980435,NaN,NaN,NaN,NaN,NaN,1.727233711018889e-77,4.739978088840463e-17,0.003104960865601882,67944521770975.79,mpmath_1792,32.78719262151001,6.815757e6,3.6805919110181164e6,256
moler_10,10,Float64,true,diagonalcheap,transfree,0.009485882,0.0,0.0,0.0,0.0,0.010165534,NaN,NaN,NaN,NaN,NaN,1.331998346195134e-256,4.739978088840463e-17,0.003104960865601882,67944521770975.79,mpmath_1792,32.78719262151001,6.815757e6,3.6805919110181164e6,851
moler_10,10,Float64,true,diagonalcheap,complexschur,0.001468416,0.00015506300000000002,0.0036539370000000003,0.004815071999999999,0.001765497,0.01360294,13,3,6.48143839585158e-16,51.86925460097535,7.7839434363288085,2.220446049250313e-16,2.556366548656516e-15,0.186126708984375,67944521770975.79,mpmath_1792,32.78719262151001,6.815757e6,3.6805919110181164e6,53
moler_10,10,Float64,true,diagonalcheap,complexschur,0.003852821,0.000649194,0.005184627000000001,0.009520988,0.000776287,0.021224925,43,2,2.777800875854318e-76,2690.419572860827,56.8459126714825,1.727233711018889e-77,4.739978088840463e-17,0.003104960865601882,67944521770975.79,mpmath_1792,32.78719262151001,6.815757e6,3.6805919110181164e6,256
moler_10,10,Float64,true,diagonalcheap,complexschur,0.02818579,0.0012303070000000001,0.013164011,0.02059604,0.001692174,0.066510313,91,3,7.018485436242711e-280,51.86925460097493,7.27999505938777,1.331998346195134e-256,4.739978088840463e-17,0.003104960865601882,67944521770975.79,mpmath_1792,32.78719262151001,6.815757e6,3.6805919110181164e6,851
moler_10,10,Float64,true,diagonalcheap,realschur,0.001336042,8.420800000000002e-5,0.001383808,0.000949732,0.000291078,0.004437651,13,3,6.48143839585158e-16,51.86925460097535,7.783943436328808,2.220446049250313e-16,2.556366548656516e-15,0.186126708984375,67944521770975.79,mpmath_1792,32.78719262151001,6.815757e6,3.6805919110181164e6,53
moler_10,10,Float64,true,diagonalcheap,realschur,0.003511291,0.00035123299999999995,0.0035746099999999998,0.003581489,0.000523234,0.012241882,43,2,2.777800875854318e-76,2690.419572860828,56.8459126714825,1.727233711018889e-77,4.739978088840463e-17,0.003104960865601882,67944521770975.79,mpmath_1792,32.78719262151001,6.815757e6,3.6805919110181164e6,256
moler_10,10,Float64,true,diagonalcheap,realschur,0.022083004,0.0007510079999999998,0.008799204000000001,0.009291008,0.001590659,0.043808163,91,3,7.018485436242711e-280,51.86925460097493,7.27999505938777,1.331998346195134e-256,4.739978088840463e-17,0.003104960865601882,67944521770975.79,mpmath_1792,32.78719262151001,6.815757e6,3.6805919110181164e6,851
moler_10,10,Float64,true,taylor,transfree,0.002391239,0.0,0.0,0.0,0.0,0.002734032,NaN,NaN,NaN,NaN,NaN,2.220446049250313e-16,1.27672340378862e-15,0.0863189697265625,67944521770975.79,mpmath_1792,32.78719262151001,6.815757e6,3.6805919110181164e6,53
moler_10,10,Float64,true,taylor,transfree,0.00586633,0.0,0.0,0.0,0.0,0.006480747,NaN,NaN,NaN,NaN,NaN,1.727233711018889e-77,4.739978088840463e-17,0.003104960865601882,67944521770975.79,mpmath_1792,32.78719262151001,6.815757e6,3.6805919110181164e6,256
moler_10,10,Float64,true,taylor,transfree,0.018390771,0.0,0.0,0.0,0.0,0.01957279,NaN,NaN,NaN,NaN,NaN,1.331998346195134e-256,4.739978088840463e-17,0.003104960865601882,67944521770975.79,mpmath_1792,32.78719262151001,6.815757e6,3.6805919110181164e6,851
moler_10,10,Float64,true,taylor,complexschur,0.002370473,0.000600257,0.0021542899999999992,0.006210358,0.002088716,0.015420393,30,3,6.661338147750939e-16,33.1368302802794,1,2.220446049250313e-16,2.556366548656516e-15,0.186126708984375,67944521770975.79,mpmath_1792,32.78719262151001,6.815757e6,3.6805919110181164e6,53
moler_10,10,Float64,true,taylor,complexschur,0.004614616,0.001306566,0.0033166689999999987,0.012556264000000001,0.001238465,0.024369782,90,3,1.647218428629769e-83,33.13683028027941,1,1.727233711018889e-77,4.739978088840463e-17,0.003104960865601882,67944521770975.79,mpmath_1792,32.78719262151001,6.815757e6,3.6805919110181164e6,256
moler_10,10,Float64,true,taylor,complexschur,0.004996384,0.0009889710000000002,0.018884078000000002,0.009904791999999999,0.005542201,0.041704005,90,10,2.457709780678397e-278,1.031330198180995,1,1.331998346195134e-256,4.739978088840463e-17,0.003104960865601882,67944521770975.79,mpmath_1792,32.78719262151001,6.815757e6,3.6805919110181164e6,851
moler_10,10,Float64,true,taylor,realschur,0.001310857,0.000255246,0.0009998970000000002,0.000905657,0.000278066,0.004136273,30,3,6.661338147750939e-16,33.1368302802794,1,2.220446049250313e-16,2.556366548656516e-15,0.186126708984375,67944521770975.79,mpmath_1792,32.78719262151001,6.815757e6,3.6805919110181164e6,53
moler_10,10,Float64,true,taylor,realschur,0.002368743,0.0004906760000000001,0.0015885259999999998,0.002285838,0.000421454,0.007592107,90,3,1.647218428629769e-83,33.13683028027941,1,1.727233711018889e-77,4.739978088840463e-17,0.003104960865601882,67944521770975.79,mpmath_1792,32.78719262151001,6.815757e6,3.6805919110181164e6,256
moler_10,10,Float64,true,taylor,realschur,0.004677684,0.0008612989999999998,0.006980321999999998,0.004751717999999999,0.002963141,0.021124718,90,10,2.457709780678397e-278,1.031330198180995,1,1.331998346195134e-256,4.739978088840463e-17,0.003104960865601882,67944521770975.79,mpmath_1792,32.78719262151001,6.815757e6,3.6805919110181164e6,851
parter_10,10,Rational{Int64},false,scaling_and_squaring,NaN,NaN,NaN,NaN,NaN,NaN,3.5519e-5,NaN,NaN,NaN,NaN,NaN,2.220446049250313e-16,6.103849734101923e-16,2.51534904016637e-14,26.1713688171766,mpmath_1792,5.246889943546,12.596690828838046,2.4148096414912876,53
parter_10,10,Rational{Int64},false,diagonalcheap,transfree,0.0,9.1462e-5,0.001387079,0.001183064,3.0e-8,0.104337024,13,0,1.045848267939214e-15,26.1713688171766,9.150945855568066,2.220446049250313e-16,6.509206785154805e-16,2.514828623123577e-14,26.1713688171766,mpmath_1792,5.246889943546,12.596690828838046,2.4148096414912876,53
parter_10,10,Rational{Int64},false,diagonalcheap,transfree,0.0,0.00033712499999999997,0.002508186,0.003035242,4.0e-8,0.006160963,37,0,0,26.17136881717661,8.841808538199269,1.727233711018889e-77,5.765925345852658e-17,1.931080209566389e-15,26.1713688171766,mpmath_1792,5.246889943546,12.596690828838046,2.4148096414912876,256
parter_10,10,Rational{Int64},false,diagonalcheap,transfree,0.0,0.0007601510000000001,0.007355675000000002,0.014451574000000002,4.0e-8,0.022969838,81,0,1.542647228633927e-255,26.17136881717667,9.075506542368474,1.331998346195134e-256,5.765925345852658e-17,1.931080209566389e-15,26.1713688171766,mpmath_1792,5.246889943546,12.596690828838046,2.4148096414912876,851
parter_10,10,Rational{Int64},false,diagonalcheap,complexschur,0.002523239,0.000122392,0.001640388,0.003625405,4.0e-8,0.009351336,13,0,6.743279598969652e-16,37.83576251723287,5.326274709327428,2.220446049250313e-16,2.674687521515675e-15,1.14663487038591e-13,26.1713688171766,mpmath_1792,5.246889943546,12.596690828838046,2.4148096414912876,53
parter_10,10,Rational{Int64},false,diagonalcheap,complexschur,0.006343717,0.001035348,0.005418471000000001,0.010856193,4.0e-8,0.025525879,37,0,8.077583226820916e-83,37.07667290519916,8.139500835583313,1.727233711018889e-77,5.765925345852658e-17,1.931080209566389e-15,26.1713688171766,mpmath_1792,5.246889943546,12.596690828838046,2.4148096414912876,256
parter_10,10,Rational{Int64},false,diagonalcheap,complexschur,0.009342647,0.0026627279999999996,0.031867559999999996,0.022691191000000003,1.8e-7,0.069313065,91,0,2.142280408284426e-280,37.88977116364044,5.367598866635965,1.331998346195134e-256,5.765925345852658e-17,1.931080209566389e-15,26.1713688171766,mpmath_1792,5.246889943546,12.596690828838046,2.4148096414912876,851
parter_10,10,Rational{Int64},false,diagonalcheap,realschur,0.002061237,7.3754e-5,0.0011880859999999999,0.0010481370000000002,3.0e-8,0.004771992,13,0,2.290489347168345e-15,35.22544596113075,7.164827183327795,2.220446049250313e-16,2.72579523594877e-15,1.151058415249651e-13,26.1713688171766,mpmath_1792,5.246889943546,12.596690828838046,2.4148096414912876,53
parter_10,10,Rational{Int64},false,diagonalcheap,realschur,0.004321104,0.0003809,0.002696994,0.0023236949999999998,4.1e-8,0.010282595,37,0,1.286501617652854e-82,35.22544596113077,9.540860814984773,1.727233711018889e-77,5.765925345852658e-17,1.931080209566389e-15,26.1713688171766,mpmath_1792,5.246889943546,12.596690828838046,2.4148096414912876,256
parter_10,10,Rational{Int64},false,diagonalcheap,realschur,0.009076969,0.001120178,0.010066968000000003,0.010183996,2.31e-7,0.031754531,91,0,7.313420100765191e-280,35.22544596113086,6.813262255801736,1.331998346195134e-256,5.765925345852658e-17,1.931080209566389e-15,26.1713688171766,mpmath_1792,5.246889943546,12.596690828838046,2.4148096414912876,851
parter_10,10,Rational{Int64},false,taylor,transfree,0.0,0.000337867,0.0009900990000000001,0.00138424,0.000142836,0.003320973,25,1,2.775557561562891e-17,5.928925889187153,1,2.220446049250313e-16,1.759773267124192e-16,7.591149930874508e-15,26.1713688171766,mpmath_1792,5.246889943546,12.596690828838046,2.4148096414912876,53
parter_10,10,Rational{Int64},false,taylor,transfree,0.0,0.0007478930000000001,0.0017360580000000002,0.006798632,0.000339341,0.010277564,64,1,6.329465844234693e-77,5.928925889187153,1,1.727233711018889e-77,5.765925345852658e-17,1.931080209566389e-15,26.1713688171766,mpmath_1792,5.246889943546,12.596690828838046,2.4148096414912876,256
parter_10,10,Rational{Int64},false,taylor,transfree,0.0,0.0012503260000000004,0.006303686,0.029893157000000004,0.002845992,0.041208253,90,6,7.762512489355453e-258,1.112950145678709,1,1.331998346195134e-256,5.765925345852658e-17,1.931080209566389e-15,26.1713688171766,mpmath_1792,5.246889943546,12.596690828838046,2.4148096414912876,851
parter_10,10,Rational{Int64},false,taylor,complexschur,0.00407036,0.00046594099999999994,0.0013891429999999998,0.004328011,0.00039795,0.012475393,25,1,2.775557561562891e-17,7.266635602513933,1,2.220446049250313e-16,2.585932048998748e-15,1.134474458819312e-13,26.1713688171766,mpmath_1792,5.246889943546,12.596690828838046,2.4148096414912876,53
parter_10,10,Rational{Int64},false,taylor,complexschur,0.00441864,0.000964945,0.0017751030000000003,0.010780318,2.41e-7,0.020599006,81,0,1.200986956313965e-79,25.96149136025229,1,1.727233711018889e-77,5.765925345852658e-17,1.931080209566389e-15,26.1713688171766,mpmath_1792,5.246889943546,12.596690828838046,2.4148096414912876,256
parter_10,10,Rational{Int64},false,taylor,complexschur,0.00929434,0.001315257,0.005187984999999999,0.015352548,0.012929829,0.047151614,90,6,8.234953154477315e-257,1.093032539994139,1,1.331998346195134e-256,5.765925345852658e-17,1.931080209566389e-15,26.1713688171766,mpmath_1792,5.246889943546,12.596690828838046,2.4148096414912876,851
parter_10,10,Rational{Int64},false,taylor,realschur,0.002051566,0.00019663599999999998,0.000684262,0.000867878,0.000107508,0.004366144,25,1,0,8.443616408515172,1,2.220446049250313e-16,2.641956302593674e-15,1.119278281169755e-13,26.1713688171766,mpmath_1792,5.246889943546,12.596690828838046,2.4148096414912876,53
parter_10,10,Rational{Int64},false,taylor,realschur,0.004075471,0.000516902,0.0013721539999999996,0.002352865,3.0e-8,0.008816444,81,0,1.962166592183781e-79,30.45410579210239,1,1.727233711018889e-77,5.765925345852658e-17,1.931080209566389e-15,26.1713688171766,mpmath_1792,5.246889943546,12.596690828838046,2.4148096414912876,256
parter_10,10,Rational{Int64},false,taylor,realschur,0.00819513,0.0009466730000000001,0.006474620999999999,0.005485732,0.001839948,0.024024911,90,7,1.032940507429979e-281,1.052592944344313,1,1.331998346195134e-256,5.765925345852658e-17,1.931080209566389e-15,26.1713688171766,mpmath_1792,5.246889943546,12.596690828838046,2.4148096414912876,851
pei_10,10,Int64,true,scaling_and_squaring,NaN,NaN,NaN,NaN,NaN,NaN,6.0493e-5,NaN,NaN,NaN,NaN,NaN,2.220446049250313e-16,1.805825341462956e-14,1.106855052057654e-09,59874.14171519782,mpmath_1792,11.40175414523793,18.999999999999996,11.000000000000005,53
pei_10,10,Int64,true,diagonalcheap,transfree,0.000295039,0.0,0.0,0.0,0.0,0.080344621,NaN,NaN,NaN,NaN,NaN,2.220446049250313e-16,1.870789951240845e-15,1.355147105641663e-10,59874.14171519782,mpmath_1792,11.40175414523793,18.999999999999996,11.000000000000005,53
pei_10,10,Int64,true,diagonalcheap,transfree,0.000425565,0.0,0.0,0.0,0.0,0.000804649,NaN,NaN,NaN,NaN,NaN,1.727233711018889e-77,7.439151721612881e-17,4.450560609791231e-12,59874.14171519782,mpmath_1792,11.40175414523793,18.999999999999996,11.000000000000005,256
pei_10,10,Int64,true,diagonalcheap,transfree,0.000588814,0.0,0.0,0.0,0.0,0.001214069,NaN,NaN,NaN,NaN,NaN,1.331998346195134e-256,7.439151721612881e-17,4.450560609791231e-12,59874.14171519782,mpmath_1792,11.40175414523793,18.999999999999996,11.000000000000005,851
pei_10,10,Int64,true,diagonalcheap,complexschur,0.000646031,0.000261735,0.0025424399999999995,0.005210464999999999,0.000333723,0.010014756,25,1,9.378838981203622e-16,244.6919322642146,13.149772988594105,2.220446049250313e-16,3.835585047723829e-15,2.601154847070575e-10,59874.14171519782,mpmath_1792,11.40175414523793,18.999999999999996,11.000000000000005,53
pei_10,10,Int64,true,diagonalcheap,complexschur,0.000469883,0.0006852059999999999,0.005374445,0.036275949,0.000715694,0.045512775,43,1,2.491793958563432e-81,244.6919322642227,12.731685923835894,1.727233711018889e-77,7.439151721612881e-17,4.450560609791231e-12,59874.14171519782,mpmath_1792,11.40175414523793,18.999999999999996,11.000000000000005,256
pei_10,10,Int64,true,diagonalcheap,complexschur,0.000702384,0.001172515,0.013045221000000003,0.022585853000000003,0.001011824,0.039950207,91,2,1.095133556334187e-280,15.64263188418812,3.508467756818431,1.331998346195134e-256,7.439151721612881e-17,4.450560609791231e-12,59874.14171519782,mpmath_1792,11.40175414523793,18.999999999999996,11.000000000000005,851
pei_10,10,Int64,true,diagonalcheap,realschur,0.000628221,0.000186781,0.0019230370000000005,0.001352043,9.6092e-5,0.004595132,25,1,9.378838981203622e-16,244.6919322642146,13.149772988594107,2.220446049250313e-16,3.835585047723829e-15,2.601154847070575e-10,59874.14171519782,mpmath_1792,11.40175414523793,18.999999999999996,11.000000000000005,53
pei_10,10,Int64,true,diagonalcheap,realschur,0.000408769,0.000307825,0.002726064,0.0022391219999999996,0.000143916,0.006289156,43,1,2.491793958563432e-81,244.6919322642227,12.731685923835894,1.727233711018889e-77,7.439151721612881e-17,4.450560609791231e-12,59874.14171519782,mpmath_1792,11.40175414523793,18.999999999999996,11.000000000000005,256
pei_10,10,Int64,true,diagonalcheap,realschur,0.000403216,0.0007883120000000001,0.009126793,0.022298540999999998,0.000501753,0.033852351,91,2,1.095133556334187e-280,15.64263188418812,3.508467756818431,1.331998346195134e-256,7.439151721612881e-17,4.450560609791231e-12,59874.14171519782,mpmath_1792,11.40175414523793,18.999999999999996,11.000000000000005,851
pei_10,10,Int64,true,taylor,transfree,0.000296582,0.0,0.0,0.0,0.0,0.000597323,NaN,NaN,NaN,NaN,NaN,2.220446049250313e-16,1.870789951240845e-15,1.355147105641663e-10,59874.14171519782,mpmath_1792,11.40175414523793,18.999999999999996,11.000000000000005,53
pei_10,10,Int64,true,taylor,transfree,0.000434876,0.0,0.0,0.0,0.0,0.000822548,NaN,NaN,NaN,NaN,NaN,1.727233711018889e-77,7.439151721612881e-17,4.450560609791231e-12,59874.14171519782,mpmath_1792,11.40175414523793,18.999999999999996,11.000000000000005,256
pei_10,10,Int64,true,taylor,transfree,0.000613058,0.0,0.0,0.0,0.0,0.001235536,NaN,NaN,NaN,NaN,NaN,1.331998346195134e-256,7.439151721612881e-17,4.450560609791231e-12,59874.14171519782,mpmath_1792,11.40175414523793,18.999999999999996,11.000000000000005,851
pei_10,10,Int64,true,taylor,complexschur,0.000608358,0.000277269,0.0011078890000000001,0.0028324959999999995,0.000706073,0.006854729,25,2,8.326672684688674e-16,13.38037109374999,1,2.220446049250313e-16,3.835585047723829e-15,2.601154847070575e-10,59874.14171519782,mpmath_1792,11.40175414523793,18.999999999999996,11.000000000000005,53
pei_10,10,Int64,true,taylor,complexschur,0.000425305,0.001171905,0.0029551430000000004,0.012215287000000002,0.001454167,0.020140126,81,2,4.118046071574423e-84,13.38037109375,1,1.727233711018889e-77,7.439151721612881e-17,4.450560609791231e-12,59874.14171519782,mpmath_1792,11.40175414523793,18.999999999999996,11.000000000000005,256
pei_10,10,Int64,true,taylor,complexschur,0.000431278,0.0007873090000000001,0.004716211999999999,0.007938126,0.016645955,0.032516465,90,8,3.062832226448717e-265,1.043905272301128,1,1.331998346195134e-256,7.439151721612881e-17,4.450560609791231e-12,59874.14171519782,mpmath_1792,11.40175414523793,18.999999999999996,11.000000000000005,851
pei_10,10,Int64,true,taylor,realschur,0.000691581,0.00018884500000000004,0.000899136,0.0008321919999999999,0.000184866,0.003181234,25,2,8.326672684688674e-16,13.38037109374999,1,2.220446049250313e-16,3.835585047723829e-15,2.601154847070575e-10,59874.14171519782,mpmath_1792,11.40175414523793,18.999999999999996,11.000000000000005,53
pei_10,10,Int64,true,taylor,realschur,0.000418741,0.00046257700000000004,0.0015140990000000005,0.0021387629999999997,0.000323441,0.005304441,81,2,4.118046071574423e-84,13.38037109375,1,1.727233711018889e-77,7.439151721612881e-17,4.450560609791231e-12,59874.14171519782,mpmath_1792,11.40175414523793,18.999999999999996,11.000000000000005,256
pei_10,10,Int64,true,taylor,realschur,0.000382582,0.0006641799999999999,0.0057636280000000015,0.003667567,0.00294742,0.014149687,90,8,3.062832226448717e-265,1.043905272301128,1,1.331998346195134e-256,7.439151721612881e-17,4.450560609791231e-12,59874.14171519782,mpmath_1792,11.40175414523793,18.999999999999996,11.000000000000005,851
poisson_4,4,Int64,true,scaling_and_squaring,NaN,NaN,NaN,NaN,NaN,NaN,4.5861e-5,NaN,NaN,NaN,NaN,NaN,2.220446049250313e-16,1.572302312196348e-15,9.521272659185342e-13,403.4287934927351,mpmath_1792,8.332663321854087,3.0,3.000000000000001,53
poisson_4,4,Int64,true,diagonalcheap,transfree,0.000114572,0.0,0.0,0.0,0.0,0.068802271,NaN,NaN,NaN,NaN,NaN,2.220446049250313e-16,9.84494748663036e-16,4.689582056016661e-13,403.4287934927351,mpmath_1792,8.332663321854087,3.0,3.000000000000001,53
poisson_4,4,Int64,true,diagonalcheap,transfree,0.000321064,0.0,0.0,0.0,0.0,0.000409197,NaN,NaN,NaN,NaN,NaN,1.727233711018889e-77,5.016347818246986e-17,1.70325917449729e-14,403.4287934927351,mpmath_1792,8.332663321854087,3.0,3.000000000000001,256
poisson_4,4,Int64,true,diagonalcheap,transfree,0.000701639,0.0,0.0,0.0,0.0,0.000832755,NaN,NaN,NaN,NaN,NaN,1.331998346195134e-256,5.016347818246986e-17,1.70325917449729e-14,403.4287934927351,mpmath_1792,8.332663321854087,3.0,3.000000000000001,851
poisson_4,4,Int64,true,diagonalcheap,complexschur,0.000112386,9.6372e-5,0.000967642,0.000529432,3.0e-8,0.001857613,17,0,7.662660861178006e-14,403.4287934927364,8.336363252585304,2.220446049250313e-16,2.299237056235546e-15,1.236344360222574e-12,403.4287934927351,mpmath_1792,8.332663321854087,3.0,3.000000000000001,53
poisson_4,4,Int64,true,diagonalcheap,complexschur,0.000162577,0.000239726,0.0018833190000000005,0.001133074,7.0e-8,0.003614725,43,0,1.20345859817364e-80,403.4287934927254,7.744830052476348,1.727233711018889e-77,5.016347818246986e-17,1.70325917449729e-14,403.4287934927351,mpmath_1792,8.332663321854087,3.0,3.000000000000001,256
poisson_4,4,Int64,true,diagonalcheap,complexschur,0.000385205,0.000640504,0.006510512000000002,0.0034583229999999997,0.000177258,0.011498549,91,1,6.210906892420368e-281,20.08553692318764,2.7333409405916664,1.331998346195134e-256,5.016347818246986e-17,1.70325917449729e-14,403.4287934927351,mpmath_1792,8.332663321854087,3.0,3.000000000000001,851
poisson_4,4,Int64,true,diagonalcheap,realschur,0.000152946,0.00010432,0.001104744,0.000354256,4.0e-8,0.001854305,17,0,7.662660861178006e-14,403.4287934927364,8.336363252585304,2.220446049250313e-16,2.299237056235546e-15,1.236344360222574e-12,403.4287934927351,mpmath_1792,8.332663321854087,3.0,3.000000000000001,53
poisson_4,4,Int64,true,diagonalcheap,realschur,0.000222247,0.000264262,0.00224412,0.0006846119999999999,3.0e-8,0.003544791,43,0,1.20345859817364e-80,403.4287934927254,7.744830052476348,1.727233711018889e-77,5.016347818246986e-17,1.70325917449729e-14,403.4287934927351,mpmath_1792,8.332663321854087,3.0,3.000000000000001,256
poisson_4,4,Int64,true,diagonalcheap,realschur,0.000376766,0.0005524399999999999,0.006492295,0.001579731,0.000141561,0.009376577,91,1,6.210906892420368e-281,20.08553692318764,2.7333409405916664,1.331998346195134e-256,5.016347818246986e-17,1.70325917449729e-14,403.4287934927351,mpmath_1792,8.332663321854087,3.0,3.000000000000001,851
poisson_4,4,Int64,true,taylor,transfree,0.000154529,0.0,0.0,0.0,0.0,0.000256863,NaN,NaN,NaN,NaN,NaN,2.220446049250313e-16,9.84494748663036e-16,4.689582056016661e-13,403.4287934927351,mpmath_1792,8.332663321854087,3.0,3.000000000000001,53
poisson_4,4,Int64,true,taylor,transfree,0.000485344,0.0,0.0,0.0,0.0,0.000581655,NaN,NaN,NaN,NaN,NaN,1.727233711018889e-77,5.016347818246986e-17,1.70325917449729e-14,403.4287934927351,mpmath_1792,8.332663321854087,3.0,3.000000000000001,256
poisson_4,4,Int64,true,taylor,transfree,0.001088907,0.0,0.0,0.0,0.0,0.001253368,NaN,NaN,NaN,NaN,NaN,1.331998346195134e-256,5.016347818246986e-17,1.70325917449729e-14,403.4287934927351,mpmath_1792,8.332663321854087,3.0,3.000000000000001,851
poisson_4,4,Int64,true,taylor,complexschur,0.000154989,0.00026793600000000003,0.0007112289999999999,0.000579449,6.8951e-5,0.002007561,30,1,2.220446049250313e-16,13,1,2.220446049250313e-16,2.299237056235546e-15,1.236344360222574e-12,403.4287934927351,mpmath_1792,8.332663321854087,3.0,3.000000000000001,53
poisson_4,4,Int64,true,taylor,complexschur,0.000240176,0.000484274,0.0013074260000000002,0.001197556,9.6762e-5,0.003580219,81,1,1.647218428629769e-83,13,1,1.727233711018889e-77,5.016347818246986e-17,1.70325917449729e-14,403.4287934927351,mpmath_1792,8.332663321854087,3.0,3.000000000000001,256
poisson_4,4,Int64,true,taylor,complexschur,0.000386196,0.0005649260000000001,0.0036802230000000003,0.001535856,0.001169284,0.007631892,90,7,8.412027766891355e-262,1.047991002016633,1,1.331998346195134e-256,5.016347818246986e-17,1.70325917449729e-14,403.4287934927351,mpmath_1792,8.332663321854087,3.0,3.000000000000001,851
poisson_4,4,Int64,true,taylor,realschur,0.000153126,0.000224852,0.000624442,0.000234903,3.4737e-5,0.001433492,30,1,2.220446049250313e-16,13,1,2.220446049250313e-16,2.299237056235546e-15,1.236344360222574e-12,403.4287934927351,mpmath_1792,8.332663321854087,3.0,3.000000000000001,53
poisson_4,4,Int64,true,taylor,realschur,0.000233312,0.00041657300000000005,0.001518552,0.000510558,6.4561e-5,0.002904428,81,1,1.647218428629769e-83,13,1,1.727233711018889e-77,5.016347818246986e-17,1.70325917449729e-14,403.4287934927351,mpmath_1792,8.332663321854087,3.0,3.000000000000001,256
poisson_4,4,Int64,true,taylor,realschur,0.000377968,0.00046735700000000006,0.0035417260000000007,0.000704304,0.000933326,0.006229858,90,7,8.412027766891355e-262,1.047991002016633,1,1.331998346195134e-256,5.016347818246986e-17,1.70325917449729e-14,403.4287934927351,mpmath_1792,8.332663321854087,3.0,3.000000000000001,851
prolate_10_1.0,10,Float64,true,scaling_and_squaring,NaN,NaN,NaN,NaN,NaN,NaN,5.0902e-5,NaN,NaN,NaN,NaN,NaN,2.220446049250313e-16,1.915201277307434e-15,4.879412318801614e-14,7.389056098930872,mpmath_1792,2.000000000000017,1.0000000000000302,1.000000000000004,53
prolate_10_1.0,10,Float64,true,diagonalcheap,transfree,0.000494241,0.0,0.0,0.0,0.0,0.078703518,NaN,NaN,NaN,NaN,NaN,2.220446049250313e-16,1.118656963443573e-15,2.960661776446808e-14,7.389056098930872,mpmath_1792,2.000000000000017,1.0000000000000302,1.000000000000004,53
prolate_10_1.0,10,Float64,true,diagonalcheap,transfree,0.004849073,0.0,0.0,0.0,0.0,0.005330244,NaN,NaN,NaN,NaN,NaN,1.727233711018889e-77,2.432129254021224e-17,1.79711394978321e-16,7.389056098930872,mpmath_1792,2.000000000000017,1.0000000000000302,1.000000000000004,256
prolate_10_1.0,10,Float64,true,diagonalcheap,transfree,0.01279196,0.0,0.0,0.0,0.0,0.013507364,NaN,NaN,NaN,NaN,NaN,1.331998346195134e-256,2.432129254021224e-17,1.79711394978321e-16,7.389056098930872,mpmath_1792,2.000000000000017,1.0000000000000302,1.000000000000004,851
prolate_10_1.0,10,Float64,true,diagonalcheap,complexschur,0.000367042,3.5070000000000005e-6,0.0016366290000000001,0.003931136,4.0e-8,0.007515152,9,0,5.438651506616753e-16,7.389056098930763,1.0000000000000187,2.220446049250313e-16,8.518742940262951e-16,1.918626598834836e-14,7.389056098930872,mpmath_1792,2.000000000000017,1.0000000000000302,1.000000000000004,53
prolate_10_1.0,10,Float64,true,diagonalcheap,complexschur,0.003757075,0.000463604,0.0037119839999999993,0.006975844,3.0e-8,0.015981865,31,0,5.643064103975782e-84,7.389056098930769,1.0000000000000195,1.727233711018889e-77,2.432129254021224e-17,1.79711394978321e-16,7.389056098930872,mpmath_1792,2.000000000000017,1.0000000000000302,1.000000000000004,256
prolate_10_1.0,10,Float64,true,diagonalcheap,complexschur,0.006890215,0.0014539079999999996,0.011945786,0.040769145,3.0e-8,0.062566103,81,0,5.63311348637961e-281,7.389056098930761,1.0000000000000182,1.331998346195134e-256,2.432129254021224e-17,1.79711394978321e-16,7.389056098930872,mpmath_1792,2.000000000000017,1.0000000000000302,1.000000000000004,851
prolate_10_1.0,10,Float64,true,diagonalcheap,realschur,0.000396216,2.567e-6,0.0011337250000000001,0.000736162,3.0e-8,0.002688558,9,0,5.438651506616753e-16,7.389056098930764,1.0000000000000187,2.220446049250313e-16,8.518742940262951e-16,1.918626598834836e-14,7.389056098930872,mpmath_1792,2.000000000000017,1.0000000000000302,1.000000000000004,53
prolate_10_1.0,10,Float64,true,diagonalcheap,realschur,0.002449516,0.000286959,0.0024890899999999994,0.0020654469999999998,3.0e-8,0.007757863,31,0,5.643064103975782e-84,7.389056098930769,1.0000000000000195,1.727233711018889e-77,2.432129254021224e-17,1.79711394978321e-16,7.389056098930872,mpmath_1792,2.000000000000017,1.0000000000000302,1.000000000000004,256
prolate_10_1.0,10,Float64,true,diagonalcheap,realschur,0.004953541,0.000595375,0.005930033000000001,0.008207006,4.0e-8,0.020820735,81,0,5.63311348637961e-281,7.389056098930761,1.0000000000000182,1.331998346195134e-256,2.432129254021224e-17,1.79711394978321e-16,7.389056098930872,mpmath_1792,2.000000000000017,1.0000000000000302,1.000000000000004,851
prolate_10_1.0,10,Float64,true,taylor,transfree,0.000763139,0.0,0.0,0.0,0.0,0.001262731,NaN,NaN,NaN,NaN,NaN,2.220446049250313e-16,1.118656963443573e-15,2.960661776446808e-14,7.389056098930872,mpmath_1792,2.000000000000017,1.0000000000000302,1.000000000000004,53
prolate_10_1.0,10,Float64,true,taylor,transfree,0.009705171,0.0,0.0,0.0,0.0,0.010429404,NaN,NaN,NaN,NaN,NaN,1.727233711018889e-77,2.432129254021224e-17,1.79711394978321e-16,7.389056098930872,mpmath_1792,2.000000000000017,1.0000000000000302,1.000000000000004,256
prolate_10_1.0,10,Float64,true,taylor,transfree,0.019496189,0.0,0.0,0.0,0.0,0.020587907,NaN,NaN,NaN,NaN,NaN,1.331998346195134e-256,2.432129254021224e-17,1.79711394978321e-16,7.389056098930872,mpmath_1792,2.000000000000017,1.0000000000000302,1.000000000000004,851
prolate_10_1.0,10,Float64,true,taylor,complexschur,0.000600854,0.0004009650000000001,0.0010456070000000005,0.004721605,7.0e-8,0.008300209,25,0,2.775557561562891e-17,6.333333333333414,1,2.220446049250313e-16,8.518742940262951e-16,1.918626598834836e-14,7.389056098930872,mpmath_1792,2.000000000000017,1.0000000000000302,1.000000000000004,53
prolate_10_1.0,10,Float64,true,taylor,complexschur,0.003004599,0.0007388779999999999,0.001335314,0.006203216,4.0e-8,0.012353522,72,0,0,6.333333333333414,1,1.727233711018889e-77,2.432129254021224e-17,1.79711394978321e-16,7.389056098930872,mpmath_1792,2.000000000000017,1.0000000000000302,1.000000000000004,256
prolate_10_1.0,10,Float64,true,taylor,complexschur,0.005555848,0.0012510759999999998,0.005864091,0.030243778999999995,0.005425022,0.050867834,90,6,7.952264653200932e-278,1.031743407499103,1,1.331998346195134e-256,2.432129254021224e-17,1.79711394978321e-16,7.389056098930872,mpmath_1792,2.000000000000017,1.0000000000000302,1.000000000000004,851
prolate_10_1.0,10,Float64,true,taylor,realschur,0.000386164,0.000203273,0.0006699939999999999,0.0008367619999999999,3.0e-8,0.002489182,25,0,2.775557561562891e-17,6.333333333333414,1,2.220446049250313e-16,8.518742940262951e-16,1.918626598834836e-14,7.389056098930872,mpmath_1792,2.000000000000017,1.0000000000000302,1.000000000000004,53
prolate_10_1.0,10,Float64,true,taylor,realschur,0.002363718,0.0005222509999999999,0.0012424050000000002,0.002130958,4.0e-8,0.006732821,72,0,0,6.333333333333414,1,1.727233711018889e-77,2.432129254021224e-17,1.79711394978321e-16,7.389056098930872,mpmath_1792,2.000000000000017,1.0000000000000302,1.000000000000004,256
prolate_10_1.0,10,Float64,true,taylor,realschur,0.005010876,0.0005750860000000002,0.005253598000000001,0.00489719,0.003078892,0.020126728,90,6,7.952264653200932e-278,1.031743407499103,1,1.331998346195134e-256,2.432129254021224e-17,1.79711394978321e-16,7.389056098930872,mpmath_1792,2.000000000000017,1.0000000000000302,1.000000000000004,851
randcorr_10,10,Float64,true,scaling_and_squaring,NaN,NaN,NaN,NaN,NaN,NaN,5.961e-5,NaN,NaN,NaN,NaN,NaN,2.220446049250313e-16,3.18591234172984e-15,5.825895321720509e-14,14.68318992034747,mpmath_1792,2.563624952925077,27784.228628123707,11784.292254005735,53
randcorr_10,10,Float64,true,diagonalcheap,transfree,0.001494651,0.0,0.0,0.0,0.0,0.07974184,NaN,NaN,NaN,NaN,NaN,2.220446049250313e-16,1.284357045546103e-15,2.142036548136161e-14,14.68318992034747,mpmath_1792,2.563624952925077,27784.228628123707,11784.292254005735,53
randcorr_10,10,Float64,true,diagonalcheap,transfree,0.004189995,0.0,0.0,0.0,0.0,0.004616473,NaN,NaN,NaN,NaN,NaN,1.727233711018889e-77,4.650243616000384e-17,8.633716216634532e-16,14.68318992034747,mpmath_1792,2.563624952925077,27784.228628123707,11784.292254005735,256
randcorr_10,10,Float64,true,diagonalcheap,transfree,0.029739365,0.0,0.0,0.0,0.0,0.030514652,NaN,NaN,NaN,NaN,NaN,1.331998346195134e-256,4.650243616000384e-17,8.633716216634532e-16,14.68318992034747,mpmath_1792,2.563624952925077,27784.228628123707,11784.292254005735,851
randcorr_10,10,Float64,true,diagonalcheap,complexschur,0.001729201,9.981600000000001e-5,0.0015547040000000003,0.0031491720000000004,3.0e-8,0.007462875,13,0,0,9.615108690313269,3.180876602869528,2.220446049250313e-16,2.870886010898405e-15,6.245004513516506e-14,14.68318992034747,mpmath_1792,2.563624952925077,27784.228628123707,11784.292254005735,53
randcorr_10,10,Float64,true,diagonalcheap,complexschur,0.00405884,0.000341324,0.0029563999999999992,0.009954046,7.0e-8,0.019093706,31,0,2.484031781082989e-82,9.615108690313285,3.1332388791497547,1.727233711018889e-77,4.650243616000384e-17,8.633716216634532e-16,14.68318992034747,mpmath_1792,2.563624952925077,27784.228628123707,11784.292254005735,256
randcorr_10,10,Float64,true,diagonalcheap,complexschur,0.00838481,0.0008587279999999999,0.0072111560000000016,0.036285435,4.0e-8,0.054170993,81,0,0,9.615108690313278,3.112881899103887,1.331998346195134e-256,4.650243616000384e-17,8.633716216634532e-16,14.68318992034747,mpmath_1792,2.563624952925077,27784.228628123707,11784.292254005735,851
randcorr_10,10,Float64,true,diagonalcheap,realschur,0.001741088,6.7636e-5,0.001162572,0.0008909460000000001,4.1e-8,0.004227998,13,0,0,9.615108690313271,3.1808766028695277,2.220446049250313e-16,2.870886010898405e-15,6.245004513516506e-14,14.68318992034747,mpmath_1792,2.563624952925077,27784.228628123707,11784.292254005735,53
randcorr_10,10,Float64,true,diagonalcheap,realschur,0.002883112,0.000245112,0.002286082,0.001854804,3.0e-8,0.007691442,31,0,2.484031781082989e-82,9.615108690313285,3.1332388791497547,1.727233711018889e-77,4.650243616000384e-17,8.633716216634532e-16,14.68318992034747,mpmath_1792,2.563624952925077,27784.228628123707,11784.292254005735,256
randcorr_10,10,Float64,true,diagonalcheap,realschur,0.00548837,0.00090172,0.008578371000000001,0.013401485,3.0e-8,0.029119386,81,0,0,9.61510869031328,3.112881899103887,1.331998346195134e-256,4.650243616000384e-17,8.633716216634532e-16,14.68318992034747,mpmath_1792,2.563624952925077,27784.228628123707,11784.292254005735,851
randcorr_10,10,Float64,true,taylor,transfree,0.001472103,0.0,0.0,0.0,0.0,0.001793802,NaN,NaN,NaN,NaN,NaN,2.220446049250313e-16,1.284357045546103e-15,2.142036548136161e-14,14.68318992034747,mpmath_1792,2.563624952925077,27784.228628123707,11784.292254005735,53
randcorr_10,10,Float64,true,taylor,transfree,0.00507482,0.0,0.0,0.0,0.0,0.005542317,NaN,NaN,NaN,NaN,NaN,1.727233711018889e-77,4.650243616000384e-17,8.633716216634532e-16,14.68318992034747,mpmath_1792,2.563624952925077,27784.228628123707,11784.292254005735,256
randcorr_10,10,Float64,true,taylor,transfree,0.019788017,0.0,0.0,0.0,0.0,0.0209199,NaN,NaN,NaN,NaN,NaN,1.331998346195134e-256,4.650243616000384e-17,8.633716216634532e-16,14.68318992034747,mpmath_1792,2.563624952925077,27784.228628123707,11784.292254005735,851
randcorr_10,10,Float64,true,taylor,complexschur,0.002192058,0.000335439,0.0007943720000000002,0.003737077,4.0e-8,0.008046094,25,0,0,7.757073804621875,1,2.220446049250313e-16,2.870886010898405e-15,6.245004513516506e-14,14.68318992034747,mpmath_1792,2.563624952925077,27784.228628123707,11784.292254005735,53
randcorr_10,10,Float64,true,taylor,complexschur,0.003740286,0.000752828,0.0014385420000000001,0.007268399000000001,4.0e-8,0.014959924,72,0,1.819764559028738e-80,7.757073804621883,1,1.727233711018889e-77,4.650243616000384e-17,8.633716216634532e-16,14.68318992034747,mpmath_1792,2.563624952925077,27784.228628123707,11784.292254005735,256
randcorr_10,10,Float64,true,taylor,complexschur,0.01001648,0.0013626740000000001,0.005245069999999998,0.025923395000000002,0.005914747,0.04999558,90,6,6.151322139358622e-273,1.035997385360015,1,1.331998346195134e-256,4.650243616000384e-17,8.633716216634532e-16,14.68318992034747,mpmath_1792,2.563624952925077,27784.228628123707,11784.292254005735,851
randcorr_10,10,Float64,true,taylor,realschur,0.001750327,0.00020108899999999997,0.0006346579999999999,0.000879103,4.0e-8,0.003812404,25,0,0,7.757073804621875,1,2.220446049250313e-16,2.870886010898405e-15,6.245004513516506e-14,14.68318992034747,mpmath_1792,2.563624952925077,27784.228628123707,11784.292254005735,53
randcorr_10,10,Float64,true,taylor,realschur,0.002818641,0.00044042800000000003,0.0010696599999999998,0.002104707,4.0e-8,0.006841674,72,0,1.819764559028738e-80,7.757073804621883,1,1.727233711018889e-77,4.650243616000384e-17,8.633716216634532e-16,14.68318992034747,mpmath_1792,2.563624952925077,27784.228628123707,11784.292254005735,256
randcorr_10,10,Float64,true,taylor,realschur,0.005374692,0.0005809230000000001,0.005301427,0.0048813960000000005,0.003068185,0.020454486,90,6,6.151322139358622e-273,1.035997385360015,1,1.331998346195134e-256,4.650243616000384e-17,8.633716216634532e-16,14.68318992034747,mpmath_1792,2.563624952925077,27784.228628123707,11784.292254005735,851
sampling_10,10,Float64,false,scaling_and_squaring,NaN,NaN,NaN,NaN,NaN,NaN,2.6297e-5,NaN,NaN,NaN,NaN,NaN,2.220446049250313e-16,1.218022185344262e-14,3.952902514828271e-07,26798951.37612844,mpmath_1792,855.6189837051888,1.7383713330276808e18,5.8481529760586856e16,53
sampling_10,10,Float64,false,diagonalcheap,transfree,0.0,8.5325e-5,0.001667746,0.001319395,0.000297104,0.085109165,13,3,6.909500435662652e-16,34.40043687738195,13.342230567585618,2.220446049250313e-16,4.57823395198237e-14,1.572450884872222e-06,26798951.37612844,mpmath_1792,855.6189837051888,1.7383713330276808e18,5.8481529760586856e16,53
sampling_10,10,Float64,false,diagonalcheap,transfree,0.0,0.000326868,0.002860583,0.0030104820000000005,0.000729994,0.007265126,37,3,3.323167886747008e-83,34.40043687738179,12.870147231235702,1.727233711018889e-77,4.885609017802762e-17,1.228634631368197e-09,26798951.37612844,mpmath_1792,855.6189837051888,1.7383713330276808e18,5.8481529760586856e16,256
sampling_10,10,Float64,false,diagonalcheap,transfree,0.0,0.0007782180000000001,0.007204139999999999,0.014220231,0.000967459,0.023728684,91,2,3.600759908923403e-271,497.686243149567,92.35556522099219,1.331998346195134e-256,4.885609017802762e-17,1.228634631368197e-09,26798951.37612844,mpmath_1792,855.6189837051888,1.7383713330276808e18,5.8481529760586856e16,851
sampling_10,10,Float64,false,diagonalcheap,complexschur,0.004921039,0.00019756800000000002,0.0027756039999999992,0.005964926000000001,0.001934679,0.017219327,13,3,3.977229325103456e-16,33.75501979845533,13.507484270998921,2.220446049250313e-16,4.209634230522116e-14,1.48235842845762e-06,26798951.37612844,mpmath_1792,855.6189837051888,1.7383713330276808e18,5.8481529760586856e16,53
sampling_10,10,Float64,false,diagonalcheap,complexschur,0.008919526,0.00083847,0.006278504000000001,0.009509838000000001,0.001297596,0.028370176,37,3,6.409133812983113e-83,34.46530620482614,12.420101745583672,1.727233711018889e-77,4.885609017802762e-17,1.228634631368197e-09,26798951.37612844,mpmath_1792,855.6189837051888,1.7383713330276808e18,5.8481529760586856e16,256
sampling_10,10,Float64,false,diagonalcheap,complexschur,0.01122542,0.001612941,0.03814406699999999,0.022189781999999998,0.001183579,0.076179797,91,2,2.50343303731667e-270,532.6676810873363,78.86436404895285,1.331998346195134e-256,4.885609017802762e-17,1.228634631368197e-09,26798951.37612844,mpmath_1792,855.6189837051888,1.7383713330276808e18,5.8481529760586856e16,851
sampling_10,10,Float64,false,diagonalcheap,realschur,0.002813185,7.5796e-5,0.001410849,0.001047546,0.000304341,0.00620248,13,3,3.977229325103456e-16,33.75501979845532,13.507484270998921,2.220446049250313e-16,4.209634230522116e-14,1.48235842845762e-06,26798951.37612844,mpmath_1792,855.6189837051888,1.7383713330276808e18,5.8481529760586856e16,53
sampling_10,10,Float64,false,diagonalcheap,realschur,0.005743413,0.0005866739999999999,0.004713651999999999,0.003682681,0.000832226,0.01654761,37,3,6.409133812983113e-83,34.46530620482615,12.420101745583672,1.727233711018889e-77,4.885609017802762e-17,1.228634631368197e-09,26798951.37612844,mpmath_1792,855.6189837051888,1.7383713330276808e18,5.8481529760586856e16,256
sampling_10,10,Float64,false,diagonalcheap,realschur,0.013620849,0.00082041,0.009621019,0.01466759,0.001460429,0.059874073,91,2,2.50343303731667e-270,532.6676810873364,78.86436404895285,1.331998346195134e-256,4.885609017802762e-17,1.228634631368197e-09,26798951.37612844,mpmath_1792,855.6189837051888,1.7383713330276808e18,5.8481529760586856e16,851
sampling_10,10,Float64,false,taylor,transfree,0.0,0.000295228,0.0009916270000000001,0.001304529,0.000273553,0.003252599,30,3,0,30.79960435870673,1,2.220446049250313e-16,1.556393456439051e-14,4.999329209223139e-07,26798951.37612844,mpmath_1792,855.6189837051888,1.7383713330276808e18,5.8481529760586856e16,53
sampling_10,10,Float64,false,taylor,transfree,0.0,0.0006236729999999998,0.001626079,0.003757151,0.000405059,0.006821142,81,3,0,30.79960435870673,1,1.727233711018889e-77,4.885609017802762e-17,1.228634631368197e-09,26798951.37612844,mpmath_1792,855.6189837051888,1.7383713330276808e18,5.8481529760586856e16,256
sampling_10,10,Float64,false,taylor,transfree,0.0,0.0010995759999999997,0.007650809,0.010304447,0.00395836,0.023694319,90,9,2.326225384292213e-268,1.095381423655211,1,1.331998346195134e-256,4.885609017802762e-17,1.228634631368197e-09,26798951.37612844,mpmath_1792,855.6189837051888,1.7383713330276808e18,5.8481529760586856e16,851
sampling_10,10,Float64,false,taylor,complexschur,0.004768969,0.0006803269999999999,0.002060329,0.0060268879999999985,0.001978303,0.017695952,30,3,0,28.85344094736115,1,2.220446049250313e-16,4.194356893404754e-14,1.478434635553312e-06,26798951.37612844,mpmath_1792,855.6189837051888,1.7383713330276808e18,5.8481529760586856e16,53
sampling_10,10,Float64,false,taylor,complexschur,0.006977703,0.0008093770000000001,0.002020261,0.006749519,0.001224317,0.019107745,81,3,8.236092143148846e-84,28.85344094757442,1,1.727233711018889e-77,4.885609017802762e-17,1.228634631368197e-09,26798951.37612844,mpmath_1792,855.6189837051888,1.7383713330276808e18,5.8481529760586856e16,256
sampling_10,10,Float64,false,taylor,complexschur,0.015282424,0.0014472280000000003,0.021708279,0.012624914000000001,0.009168991,0.061843465,90,9,7.255243781636942e-268,1.067790954808435,1,1.331998346195134e-256,4.885609017802762e-17,1.228634631368197e-09,26798951.37612844,mpmath_1792,855.6189837051888,1.7383713330276808e18,5.8481529760586856e16,851
sampling_10,10,Float64,false,taylor,realschur,0.002897844,0.00026541499999999997,0.001184282,0.0013869350000000002,0.00049413,0.006822381,30,3,0,28.85344094736115,1,2.220446049250313e-16,4.194356893404754e-14,1.478434635553312e-06,26798951.37612844,mpmath_1792,855.6189837051888,1.7383713330276808e18,5.8481529760586856e16,53
sampling_10,10,Float64,false,taylor,realschur,0.007910566,0.0008248450000000002,0.002501045,0.0026318879999999998,0.000542234,0.015125997,81,3,8.236092143148846e-84,28.85344094757442,1,1.727233711018889e-77,4.885609017802762e-17,1.228634631368197e-09,26798951.37612844,mpmath_1792,855.6189837051888,1.7383713330276808e18,5.8481529760586856e16,256
sampling_10,10,Float64,false,taylor,realschur,0.01515033,0.00094547,0.005736946,0.003953852,0.002903416,0.029610485,90,9,7.255243781636942e-268,1.067790954808435,1,1.331998346195134e-256,4.885609017802762e-17,1.228634631368197e-09,26798951.37612844,mpmath_1792,855.6189837051888,1.7383713330276808e18,5.8481529760586856e16,851
toeppd_10,10,Float64,true,scaling_and_squaring,NaN,NaN,NaN,NaN,NaN,NaN,5.4749e-5,NaN,NaN,NaN,NaN,NaN,2.220446049250313e-16,7.378009441856981e-15,6.367883997882018e-11,6633.193546461599,mpmath_1792,12.33548391413298,202.2266713790484,92.86187485865912,53
toeppd_10,10,Float64,true,diagonalcheap,transfree,0.001421617,0.0,0.0,0.0,0.0,0.001668112,NaN,NaN,NaN,NaN,NaN,2.220446049250313e-16,2.034751151321033e-15,1.433875240763882e-11,6633.193546461599,mpmath_1792,12.33548391413298,202.2266713790484,92.86187485865912,53
toeppd_10,10,Float64,true,diagonalcheap,transfree,0.004267208,0.0,0.0,0.0,0.0,0.004625274,NaN,NaN,NaN,NaN,NaN,1.727233711018889e-77,4.424858188396931e-17,2.409430807031298e-13,6633.193546461599,mpmath_1792,12.33548391413298,202.2266713790484,92.86187485865912,256
toeppd_10,10,Float64,true,diagonalcheap,transfree,0.020284645,0.0,0.0,0.0,0.0,0.021336262,NaN,NaN,NaN,NaN,NaN,1.331998346195134e-256,4.424858188396931e-17,2.409430807031298e-13,6633.193546461599,mpmath_1792,12.33548391413298,202.2266713790484,92.86187485865912,851
toeppd_10,10,Float64,true,diagonalcheap,complexschur,0.002289647,0.000150185,0.0024817749999999994,0.004353223000000001,0.000342541,0.010796003,13,1,1.792825328922939e-15,71.04764971316963,9.018114574991033,2.220446049250313e-16,5.865687079615644e-15,4.773426098836353e-11,6633.193546461599,mpmath_1792,12.33548391413298,202.2266713790484,92.86187485865912,53
toeppd_10,10,Float64,true,diagonalcheap,complexschur,0.00258682,0.000468274,0.0036114269999999995,0.0070940579999999994,0.000714507,0.016163233,37,1,1.790387084104273e-82,71.04764971317007,8.497962068822249,1.727233711018889e-77,4.424858188396931e-17,2.409430807031298e-13,6633.193546461599,mpmath_1792,12.33548391413298,202.2266713790484,92.86187485865912,256
toeppd_10,10,Float64,true,diagonalcheap,complexschur,0.00933972,0.001149979,0.009591137000000001,0.035845081,0.000602836,0.057923331,91,1,2.91634856791768e-273,71.04764971317054,8.341727371199765,1.331998346195134e-256,4.424858188396931e-17,2.409430807031298e-13,6633.193546461599,mpmath_1792,12.33548391413298,202.2266713790484,92.86187485865912,851
toeppd_10,10,Float64,true,diagonalcheap,realschur,0.001399209,7.221699999999999e-5,0.0014020949999999997,0.000940456,0.000101199,0.004251645,13,1,1.792825328922939e-15,71.04764971316963,9.018114574991033,2.220446049250313e-16,5.865687079615644e-15,4.773426098836353e-11,6633.193546461599,mpmath_1792,12.33548391413298,202.2266713790484,92.86187485865912,53
toeppd_10,10,Float64,true,diagonalcheap,realschur,0.003384237,0.000528635,0.004718317,0.003006327,0.000150997,0.012433498,37,1,1.790387084104273e-82,71.04764971317007,8.497962068822249,1.727233711018889e-77,4.424858188396931e-17,2.409430807031298e-13,6633.193546461599,mpmath_1792,12.33548391413298,202.2266713790484,92.86187485865912,256
toeppd_10,10,Float64,true,diagonalcheap,realschur,0.00974153,0.0009573739999999999,0.009134996,0.019367279,0.000614701,0.0409338,91,1,2.91634856791768e-273,71.04764971317054,8.341727371199765,1.331998346195134e-256,4.424858188396931e-17,2.409430807031298e-13,6633.193546461599,mpmath_1792,12.33548391413298,202.2266713790484,92.86187485865912,851
toeppd_10,10,Float64,true,taylor,transfree,0.002734581,0.0,0.0,0.0,0.0,0.003171727,NaN,NaN,NaN,NaN,NaN,2.220446049250313e-16,2.034751151321033e-15,1.433875240763882e-11,6633.193546461599,mpmath_1792,12.33548391413298,202.2266713790484,92.86187485865912,53
toeppd_10,10,Float64,true,taylor,transfree,0.007503765,0.0,0.0,0.0,0.0,0.00810223,NaN,NaN,NaN,NaN,NaN,1.727233711018889e-77,4.424858188396931e-17,2.409430807031298e-13,6633.193546461599,mpmath_1792,12.33548391413298,202.2266713790484,92.86187485865912,256
toeppd_10,10,Float64,true,taylor,transfree,0.024258048,0.0,0.0,0.0,0.0,0.025283869,NaN,NaN,NaN,NaN,NaN,1.331998346195134e-256,4.424858188396931e-17,2.409430807031298e-13,6633.193546461599,mpmath_1792,12.33548391413298,202.2266713790484,92.86187485865912,851
toeppd_10,10,Float64,true,taylor,complexschur,0.002102162,0.000528141,0.001418873,0.005525903,0.000667645,0.011779933,30,1,3.996802888650564e-15,27.26665486891687,1,2.220446049250313e-16,5.865687079615644e-15,4.773426098836353e-11,6633.193546461599,mpmath_1792,12.33548391413298,202.2266713790484,92.86187485865912,53
toeppd_10,10,Float64,true,taylor,complexschur,0.003987864,0.001272925,0.0026234160000000004,0.009550158,0.000395356,0.019005195,90,1,1.317774742903815e-82,27.2666548689169,1,1.727233711018889e-77,4.424858188396931e-17,2.409430807031298e-13,6633.193546461599,mpmath_1792,12.33548391413298,202.2266713790484,92.86187485865912,256
toeppd_10,10,Float64,true,taylor,complexschur,0.005539092,0.000881071,0.007003919,0.017663012000000006,0.004845421,0.037391531,90,8,2.632812133930415e-275,1.033868330387499,1,1.331998346195134e-256,4.424858188396931e-17,2.409430807031298e-13,6633.193546461599,mpmath_1792,12.33548391413298,202.2266713790484,92.86187485865912,851
toeppd_10,10,Float64,true,taylor,realschur,0.002562739,0.00039956400000000004,0.001126009,0.0016650450000000002,0.000176682,0.006497648,30,1,3.996802888650564e-15,27.26665486891687,1,2.220446049250313e-16,5.865687079615644e-15,4.773426098836353e-11,6633.193546461599,mpmath_1792,12.33548391413298,202.2266713790484,92.86187485865912,53
toeppd_10,10,Float64,true,taylor,realschur,0.003595414,0.00078007,0.0019186350000000003,0.0033668590000000003,0.000172433,0.010374952,90,1,1.317774742903815e-82,27.2666548689169,1,1.727233711018889e-77,4.424858188396931e-17,2.409430807031298e-13,6633.193546461599,mpmath_1792,12.33548391413298,202.2266713790484,92.86187485865912,256
toeppd_10,10,Float64,true,taylor,realschur,0.005360946,0.000603974,0.01199986,0.004760235999999999,0.004160127,0.027861759,90,8,2.632812133930415e-275,1.033868330387499,1,1.331998346195134e-256,4.424858188396931e-17,2.409430807031298e-13,6633.193546461599,mpmath_1792,12.33548391413298,202.2266713790484,92.86187485865912,851
symtridiagonal_10_2_-1,10,Float64,true,scaling_and_squaring,NaN,NaN,NaN,NaN,NaN,NaN,5.7404e-5,NaN,NaN,NaN,NaN,NaN,2.220446049250313e-16,1.358396941177373e-15,1.119382364578314e-13,54.48251828315611,mpmath_1792,5.2687093546015,60.00000000000001,48.37415007870835,53
symtridiagonal_10_2_-1,10,Float64,true,diagonalcheap,transfree,0.001506176,0.0,0.0,0.0,0.0,0.001792654,NaN,NaN,NaN,NaN,NaN,2.220446049250313e-16,1.130669499308746e-15,9.618000840205809e-14,54.48251828315611,mpmath_1792,5.2687093546015,60.00000000000001,48.37415007870835,53
symtridiagonal_10_2_-1,10,Float64,true,diagonalcheap,transfree,0.004783869,0.0,0.0,0.0,0.0,0.005134595,NaN,NaN,NaN,NaN,NaN,1.727233711018889e-77,6.367559783753286e-17,3.184329089801942e-15,54.48251828315611,mpmath_1792,5.2687093546015,60.00000000000001,48.37415007870835,256
symtridiagonal_10_2_-1,10,Float64,true,diagonalcheap,transfree,0.011758211,0.0,0.0,0.0,0.0,0.012381163,NaN,NaN,NaN,NaN,NaN,1.331998346195134e-256,6.367559783753286e-17,3.184329089801942e-15,54.48251828315611,mpmath_1792,5.2687093546015,60.00000000000001,48.37415007870835,851
symtridiagonal_10_2_-1,10,Float64,true,diagonalcheap,complexschur,0.001710947,0.00015512399999999997,0.0024844330000000003,0.004897547,4.0e-8,0.010684447,13,0,2.126118156256476e-16,50.3493619720864,7.355817195326296,2.220446049250313e-16,3.301399763552478e-15,2.54493258064481e-13,54.48251828315611,mpmath_1792,5.2687093546015,60.00000000000001,48.37415007870835,53
symtridiagonal_10_2_-1,10,Float64,true,diagonalcheap,complexschur,0.004566922,0.000577033,0.03282790099999999,0.007068845,2.11e-7,0.045957996,37,0,0,50.34936197208663,6.995476281745695,1.727233711018889e-77,6.367559783753286e-17,3.184329089801942e-15,54.48251828315611,mpmath_1792,5.2687093546015,60.00000000000001,48.37415007870835,256
symtridiagonal_10_2_-1,10,Float64,true,diagonalcheap,complexschur,0.005275359,0.0009994790000000002,0.008514270000000003,0.023119877,4.0e-8,0.039942272,91,0,0,50.34936197208628,6.886668568159312,1.331998346195134e-256,6.367559783753286e-17,3.184329089801942e-15,54.48251828315611,mpmath_1792,5.2687093546015,60.00000000000001,48.37415007870835,851
symtridiagonal_10_2_-1,10,Float64,true,diagonalcheap,realschur,0.002449048,9.8903e-5,0.0016129340000000001,0.00148412,4.0e-8,0.006101459,13,0,2.126118156256476e-16,50.3493619720864,7.355817195326296,2.220446049250313e-16,3.301399763552478e-15,2.54493258064481e-13,54.48251828315611,mpmath_1792,5.2687093546015,60.00000000000001,48.37415007870835,53
symtridiagonal_10_2_-1,10,Float64,true,diagonalcheap,realschur,0.004021136,0.000552542,0.024689718999999995,0.0023624110000000005,4.0e-8,0.032026382,37,0,0,50.34936197208663,6.995476281745695,1.727233711018889e-77,6.367559783753286e-17,3.184329089801942e-15,54.48251828315611,mpmath_1792,5.2687093546015,60.00000000000001,48.37415007870835,256
symtridiagonal_10_2_-1,10,Float64,true,diagonalcheap,realschur,0.005182008,0.000781575,0.008024651,0.008992904,5.0e-8,0.0240444,91,0,0,50.34936197208629,6.886668568159312,1.331998346195134e-256,6.367559783753286e-17,3.184329089801942e-15,54.48251828315611,mpmath_1792,5.2687093546015,60.00000000000001,48.37415007870835,851
symtridiagonal_10_2_-1,10,Float64,true,taylor,transfree,0.002693354,0.0,0.0,0.0,0.0,0.003153987,NaN,NaN,NaN,NaN,NaN,2.220446049250313e-16,1.130669499308746e-15,9.618000840205809e-14,54.48251828315611,mpmath_1792,5.2687093546015,60.00000000000001,48.37415007870835,53
symtridiagonal_10_2_-1,10,Float64,true,taylor,transfree,0.005569403,0.0,0.0,0.0,0.0,0.005940683,NaN,NaN,NaN,NaN,NaN,1.727233711018889e-77,6.367559783753286e-17,3.184329089801942e-15,54.48251828315611,mpmath_1792,5.2687093546015,60.00000000000001,48.37415007870835,256
symtridiagonal_10_2_-1,10,Float64,true,taylor,transfree,0.013462293,0.0,0.0,0.0,0.0,0.014109047,NaN,NaN,NaN,NaN,NaN,1.331998346195134e-256,6.367559783753286e-17,3.184329089801942e-15,54.48251828315611,mpmath_1792,5.2687093546015,60.00000000000001,48.37415007870835,851
symtridiagonal_10_2_-1,10,Float64,true,taylor,complexschur,0.002517546,0.000456783,0.0013138240000000001,0.005422514999999999,0.000944295,0.012358384,25,1,2.775557561562891e-17,6.1332483527347,1,2.220446049250313e-16,3.301399763552478e-15,2.54493258064481e-13,54.48251828315611,mpmath_1792,5.2687093546015,60.00000000000001,48.37415007870835,53
symtridiagonal_10_2_-1,10,Float64,true,taylor,complexschur,0.003947196,0.00068695,0.001391482,0.006243141,0.000381161,0.014273472,72,1,6.177069107361635e-84,6.1332483527347,1,1.727233711018889e-77,6.367559783753286e-17,3.184329089801942e-15,54.48251828315611,mpmath_1792,5.2687093546015,60.00000000000001,48.37415007870835,256
symtridiagonal_10_2_-1,10,Float64,true,taylor,complexschur,0.009253573,0.001383945,0.007561620000000001,0.026731048,0.004968838,0.052041066,90,7,1.236429787393685e-278,1.031090600711524,1,1.331998346195134e-256,6.367559783753286e-17,3.184329089801942e-15,54.48251828315611,mpmath_1792,5.2687093546015,60.00000000000001,48.37415007870835,851
symtridiagonal_10_2_-1,10,Float64,true,taylor,realschur,0.001380395,0.00017807299999999997,0.0007303640000000001,0.000810888,9.1176e-5,0.003509243,25,1,2.775557561562891e-17,6.1332483527347,1,2.220446049250313e-16,3.301399763552478e-15,2.54493258064481e-13,54.48251828315611,mpmath_1792,5.2687093546015,60.00000000000001,48.37415007870835,53
symtridiagonal_10_2_-1,10,Float64,true,taylor,realschur,0.002563134,0.0005010110000000001,0.0013684080000000002,0.002053385,0.00017161,0.007140288,72,1,6.177069107361635e-84,6.1332483527347,1,1.727233711018889e-77,6.367559783753286e-17,3.184329089801942e-15,54.48251828315611,mpmath_1792,5.2687093546015,60.00000000000001,48.37415007870835,256
symtridiagonal_10_2_-1,10,Float64,true,taylor,realschur,0.00764646,0.000865814,0.006164961,0.004108119,0.002773487,0.02265292,90,7,1.236429787393685e-278,1.031090600711524,1,1.331998346195134e-256,6.367559783753286e-17,3.184329089801942e-15,54.48251828315611,mpmath_1792,5.2687093546015,60.00000000000001,48.37415007870835,851
wathen_2_2,21,Float64,true,scaling_and_squaring,NaN,NaN,NaN,NaN,NaN,NaN,8.9622e-5,NaN,NaN,NaN,NaN,NaN,2.220446049250313e-16,2.202146265961419e-13,3.665885906010633e+67,1.669164807650756e+80,mpmath_1792,226.3783745724116,283.2437182822522,116.64704685358069,53
wathen_2_2,21,Float64,true,diagonalcheap,transfree,0.019563473,0.0,0.0,0.0,0.0,0.130500498,NaN,NaN,NaN,NaN,NaN,2.220446049250313e-16,6.430497731280408e-14,1.075080118122327e+67,1.669164807650756e+80,mpmath_1792,226.3783745724116,283.2437182822522,116.64704685358069,53
wathen_2_2,21,Float64,true,diagonalcheap,transfree,0.047834717,0.0,0.0,0.0,0.0,0.050470741,NaN,NaN,NaN,NaN,NaN,1.727233711018889e-77,4.439519996083196e-17,6.50352962369944e+63,1.669164807650756e+80,mpmath_1792,226.3783745724116,283.2437182822522,116.64704685358069,256
wathen_2_2,21,Float64,true,diagonalcheap,transfree,0.05794697,0.0,0.0,0.0,0.0,0.06222339,NaN,NaN,NaN,NaN,NaN,1.331998346195134e-256,4.439519996083196e-17,6.50352962369944e+63,1.669164807650756e+80,mpmath_1792,226.3783745724116,283.2437182822522,116.64704685358069,851
wathen_2_2,21,Float64,true,diagonalcheap,complexschur,0.016416617,0.000453419,0.023962084999999994,0.04335437,0.012039692,0.11746135,13,5,1.693251799627152e-14,138.1328622096846,19.5013953332013,2.220446049250313e-16,1.722620317063478e-13,2.882831424795404e+67,1.669164807650756e+80,mpmath_1792,226.3783745724116,283.2437182822522,116.64704685358069,53
wathen_2_2,21,Float64,true,diagonalcheap,complexschur,0.028285755,0.001180414,0.010522611,0.060149678000000005,0.018407111,0.126538371,37,5,3.093762737547705e-77,138.1328622096855,18.051520720920646,1.727233711018889e-77,4.439519996083196e-17,6.50352962369944e+63,1.669164807650756e+80,mpmath_1792,226.3783745724116,283.2437182822522,116.64704685358069,256
wathen_2_2,21,Float64,true,diagonalcheap,complexschur,0.051528191,0.00249925,0.021908684999999997,0.128176474,0.023137677,0.237383136,91,5,1.883600534860963e-261,138.1328622096862,17.620358131950038,1.331998346195134e-256,4.439519996083196e-17,6.50352962369944e+63,1.669164807650756e+80,mpmath_1792,226.3783745724116,283.2437182822522,116.64704685358069,851
wathen_2_2,21,Float64,true,diagonalcheap,realschur,0.016587615,0.000171095,0.003090003,0.004740643,0.002819204,0.040108689,13,5,1.693251799627152e-14,138.1328622096846,19.501395333201298,2.220446049250313e-16,1.722620317063478e-13,2.882831424795404e+67,1.669164807650756e+80,mpmath_1792,226.3783745724116,283.2437182822522,116.64704685358069,53
wathen_2_2,21,Float64,true,diagonalcheap,realschur,0.024352308,0.000761012,0.019374302,0.012280573000000001,0.00354912,0.063491599,37,5,3.093762737547705e-77,138.1328622096856,18.051520720920646,1.727233711018889e-77,4.439519996083196e-17,6.50352962369944e+63,1.669164807650756e+80,mpmath_1792,226.3783745724116,283.2437182822522,116.64704685358069,256
wathen_2_2,21,Float64,true,diagonalcheap,realschur,0.061126945,0.002605589,0.020118261000000002,0.041178767,0.006271969,0.136316437,91,5,1.883600534860963e-261,138.1328622096862,17.620358131950038,1.331998346195134e-256,4.439519996083196e-17,6.50352962369944e+63,1.669164807650756e+80,mpmath_1792,226.3783745724116,283.2437182822522,116.64704685358069,851
wathen_2_2,21,Float64,true,taylor,transfree,0.010263444,0.0,0.0,0.0,0.0,0.012800055,NaN,NaN,NaN,NaN,NaN,2.220446049250313e-16,6.430497731280408e-14,1.075080118122327e+67,1.669164807650756e+80,mpmath_1792,226.3783745724116,283.2437182822522,116.64704685358069,53
wathen_2_2,21,Float64,true,taylor,transfree,0.038090685,0.0,0.0,0.0,0.0,0.040841151,NaN,NaN,NaN,NaN,NaN,1.727233711018889e-77,4.439519996083196e-17,6.50352962369944e+63,1.669164807650756e+80,mpmath_1792,226.3783745724116,283.2437182822522,116.64704685358069,256
wathen_2_2,21,Float64,true,taylor,transfree,0.071282419,0.0,0.0,0.0,0.0,0.07566647,NaN,NaN,NaN,NaN,NaN,1.331998346195134e-256,4.439519996083196e-17,6.50352962369944e+63,1.669164807650756e+80,mpmath_1792,226.3783745724116,283.2437182822522,116.64704685358069,851
wathen_2_2,21,Float64,true,taylor,complexschur,0.012279324,0.001384922,0.007545592999999998,0.040761713,0.012059986,0.080931251,36,5,1.77635683940025e-15,86.82399444901715,1,2.220446049250313e-16,1.722620317063478e-13,2.882831424795404e+67,1.669164807650756e+80,mpmath_1792,226.3783745724116,283.2437182822522,116.64704685358069,53
wathen_2_2,21,Float64,true,taylor,complexschur,0.020829903,0.002665635,0.008947206000000006,0.071877094,0.028935625,0.140712445,90,5,8.466043835785562e-78,86.82399444901749,1,1.727233711018889e-77,4.439519996083196e-17,6.50352962369944e+63,1.669164807650756e+80,mpmath_1792,226.3783745724116,283.2437182822522,116.64704685358069,256
wathen_2_2,21,Float64,true,taylor,complexschur,0.044897044,0.0028664719999999992,0.017399515000000004,0.091267952,0.045864267,0.214257992,90,12,1.405604466720048e-269,1.039252482027088,1,1.331998346195134e-256,4.439519996083196e-17,6.50352962369944e+63,1.669164807650756e+80,mpmath_1792,226.3783745724116,283.2437182822522,116.64704685358069,851
wathen_2_2,21,Float64,true,taylor,realschur,0.012096604,0.000937657,0.0064238640000000005,0.018046728,0.003038489,0.043149509,36,5,1.77635683940025e-15,86.82399444901715,1,2.220446049250313e-16,1.722620317063478e-13,2.882831424795404e+67,1.669164807650756e+80,mpmath_1792,226.3783745724116,283.2437182822522,116.64704685358069,53
wathen_2_2,21,Float64,true,taylor,realschur,0.021796458,0.0021674139999999995,0.007404105,0.017210913999999997,0.003413157,0.05473892,90,5,8.466043835785562e-78,86.82399444901749,1,1.727233711018889e-77,4.439519996083196e-17,6.50352962369944e+63,1.669164807650756e+80,mpmath_1792,226.3783745724116,283.2437182822522,116.64704685358069,256
wathen_2_2,21,Float64,true,taylor,realschur,0.045794134,0.0014849229999999995,0.012536159000000003,0.032732255000000016,0.021009283,0.1183316,90,12,1.405604466720048e-269,1.039252482027088,1,1.331998346195134e-256,4.439519996083196e-17,6.50352962369944e+63,1.669164807650756e+80,mpmath_1792,226.3783745724116,283.2437182822522,116.64704685358069,851
wilkinson_3,3,Float64,true,scaling_and_squaring,NaN,NaN,NaN,NaN,NaN,NaN,2.9192e-5,NaN,NaN,NaN,NaN,NaN,2.220446049250313e-16,5.13315833112412e-16,4.884981308350689e-15,7.389056098930651,mpmath_1792,2.296360045026237,3.0,2.0000000000000004,53
wilkinson_3,3,Float64,true,diagonalcheap,transfree,0.000124966,0.0,0.0,0.0,0.0,0.070579697,NaN,NaN,NaN,NaN,NaN,2.220446049250313e-16,3.047253252080929e-16,2.442490654175344e-15,7.389056098930651,mpmath_1792,2.296360045026237,3.0,2.0000000000000004,53
wilkinson_3,3,Float64,true,diagonalcheap,transfree,0.000303326,0.0,0.0,0.0,0.0,0.000372443,NaN,NaN,NaN,NaN,NaN,1.727233711018889e-77,6.44527399634192e-17,6.238006048284541e-16,7.389056098930651,mpmath_1792,2.296360045026237,3.0,2.0000000000000004,256
wilkinson_3,3,Float64,true,diagonalcheap,transfree,0.000983394,0.0,0.0,0.0,0.0,0.001075971,NaN,NaN,NaN,NaN,NaN,1.331998346195134e-256,6.44527399634192e-17,6.238006048284541e-16,7.389056098930651,mpmath_1792,2.296360045026237,3.0,2.0000000000000004,851
wilkinson_3,3,Float64,true,diagonalcheap,complexschur,9.5774e-5,2.787e-6,0.000847743,0.00026276100000000003,3.0e-8,0.001312274,9,0,6.604076829463147e-16,7.38905609893065,4.581402147183758,2.220446049250313e-16,3.790136976528765e-16,3.552713678800501e-15,7.389056098930651,mpmath_1792,2.296360045026237,3.0,2.0000000000000004,53
wilkinson_3,3,Float64,true,diagonalcheap,complexschur,0.000119975,0.000176225,0.0015505500000000004,0.000563231,3.0e-8,0.002512189,31,0,2.821532051987866e-84,7.389056098930644,4.509320485841965,1.727233711018889e-77,6.44527399634192e-17,6.238006048284541e-16,7.389056098930651,mpmath_1792,2.296360045026237,3.0,2.0000000000000004,256
wilkinson_3,3,Float64,true,diagonalcheap,complexschur,0.000355918,0.000434587,0.004079776,0.001686903,3.0e-8,0.006727163,81,0,5.63311348637957e-281,7.389056098930649,4.492139698009942,1.331998346195134e-256,6.44527399634192e-17,6.238006048284541e-16,7.389056098930651,mpmath_1792,2.296360045026237,3.0,2.0000000000000004,851
wilkinson_3,3,Float64,true,diagonalcheap,realschur,8.8218e-5,2.054e-6,0.0006610780000000002,0.00015901699999999999,3.0e-8,0.000994157,9,0,6.604076829463147e-16,7.38905609893065,4.581402147183758,2.220446049250313e-16,3.790136976528765e-16,3.552713678800501e-15,7.389056098930651,mpmath_1792,2.296360045026237,3.0,2.0000000000000004,53
wilkinson_3,3,Float64,true,diagonalcheap,realschur,0.000127301,0.00016671299999999997,0.0012300899999999999,0.000296962,3.0e-8,0.001903773,31,0,2.821532051987866e-84,7.389056098930644,4.509320485841965,1.727233711018889e-77,6.44527399634192e-17,6.238006048284541e-16,7.389056098930651,mpmath_1792,2.296360045026237,3.0,2.0000000000000004,256
wilkinson_3,3,Float64,true,diagonalcheap,realschur,0.000217203,0.00038405900000000007,0.0033482869999999997,0.0007993080000000001,3.0e-8,0.004872922,81,0,5.63311348637957e-281,7.389056098930648,4.492139698009942,1.331998346195134e-256,6.44527399634192e-17,6.238006048284541e-16,7.389056098930651,mpmath_1792,2.296360045026237,3.0,2.0000000000000004,851
wilkinson_3,3,Float64,true,taylor,transfree,0.000116287,0.0,0.0,0.0,0.0,0.000184472,NaN,NaN,NaN,NaN,NaN,2.220446049250313e-16,3.047253252080929e-16,2.442490654175344e-15,7.389056098930651,mpmath_1792,2.296360045026237,3.0,2.0000000000000004,53
wilkinson_3,3,Float64,true,taylor,transfree,0.000297893,0.0,0.0,0.0,0.0,0.000359273,NaN,NaN,NaN,NaN,NaN,1.727233711018889e-77,6.44527399634192e-17,6.238006048284541e-16,7.389056098930651,mpmath_1792,2.296360045026237,3.0,2.0000000000000004,256
wilkinson_3,3,Float64,true,taylor,transfree,0.000662498,0.0,0.0,0.0,0.0,0.000759804,NaN,NaN,NaN,NaN,NaN,1.331998346195134e-256,6.44527399634192e-17,6.238006048284541e-16,7.389056098930651,mpmath_1792,2.296360045026237,3.0,2.0000000000000004,851
wilkinson_3,3,Float64,true,taylor,complexschur,8.6113e-5,0.000136728,0.00041197600000000004,0.000177147,3.0e-8,0.000925036,25,0,0,6.333333333333335,1,2.220446049250313e-16,3.790136976528765e-16,3.552713678800501e-15,7.389056098930651,mpmath_1792,2.296360045026237,3.0,2.0000000000000004,53
wilkinson_3,3,Float64,true,taylor,complexschur,0.000198431,0.0004988099999999999,0.0009537869999999999,0.000667629,4.0e-8,0.002462664,72,0,2.059023035787212e-84,6.333333333333333,1,1.727233711018889e-77,6.44527399634192e-17,6.238006048284541e-16,7.389056098930651,mpmath_1792,2.296360045026237,3.0,2.0000000000000004,256
wilkinson_3,3,Float64,true,taylor,complexschur,0.000349283,0.0006070790000000001,0.0025382199999999995,0.0009303209999999999,0.000756578,0.005416782,90,6,7.952953280205886e-278,1.031743407499103,1,1.331998346195134e-256,6.44527399634192e-17,6.238006048284541e-16,7.389056098930651,mpmath_1792,2.296360045026237,3.0,2.0000000000000004,851
wilkinson_3,3,Float64,true,taylor,realschur,0.000123633,0.000191777,0.0005678049999999999,0.000147432,5.0e-8,0.001122225,25,0,0,6.333333333333335,1,2.220446049250313e-16,3.790136976528765e-16,3.552713678800501e-15,7.389056098930651,mpmath_1792,2.296360045026237,3.0,2.0000000000000004,53
wilkinson_3,3,Float64,true,taylor,realschur,0.000201618,0.000366441,0.0007366920000000001,0.00022381000000000001,3.0e-8,0.001611936,72,0,2.059023035787212e-84,6.333333333333333,1,1.727233711018889e-77,6.44527399634192e-17,6.238006048284541e-16,7.389056098930651,mpmath_1792,2.296360045026237,3.0,2.0000000000000004,256
wilkinson_3,3,Float64,true,taylor,realschur,0.000362901,0.000518471,0.002083116,0.000410591,0.000427729,0.003970147,90,6,7.952953280205886e-278,1.031743407499103,1,1.331998346195134e-256,6.44527399634192e-17,6.238006048284541e-16,7.389056098930651,mpmath_1792,2.296360045026237,3.0,2.0000000000000004,851
wilkinson_4,4,Float64,true,scaling_and_squaring,NaN,NaN,NaN,NaN,NaN,NaN,4.0536e-5,NaN,NaN,NaN,NaN,NaN,2.220446049250313e-16,8.311228775618841e-16,1.598721155460225e-14,12.18249396070347,mpmath_1792,2.87666003244479,5.0,5.0,53
wilkinson_4,4,Float64,true,diagonalcheap,transfree,0.000252557,0.0,0.0,0.0,0.0,0.000354354,NaN,NaN,NaN,NaN,NaN,2.220446049250313e-16,7.184268135705036e-16,1.176836406102666e-14,12.18249396070347,mpmath_1792,2.87666003244479,5.0,5.0,53
wilkinson_4,4,Float64,true,diagonalcheap,transfree,0.000580474,0.0,0.0,0.0,0.0,0.000667568,NaN,NaN,NaN,NaN,NaN,1.727233711018889e-77,4.563045716129355e-17,6.474292315835441e-16,12.18249396070347,mpmath_1792,2.87666003244479,5.0,5.0,256
wilkinson_4,4,Float64,true,diagonalcheap,transfree,0.001447767,0.0,0.0,0.0,0.0,0.001588476,NaN,NaN,NaN,NaN,NaN,1.331998346195134e-256,4.563045716129355e-17,6.474292315835441e-16,12.18249396070347,mpmath_1792,2.87666003244479,5.0,5.0,851
wilkinson_4,4,Float64,true,diagonalcheap,complexschur,0.000159529,5.4604999999999996e-5,0.0008728150000000001,0.00048289599999999997,3.0e-8,0.001713151,13,0,4.997372017593621e-17,12.18249396070346,5.6640337559695455,2.220446049250313e-16,1.624397034961894e-15,2.731148640577885e-14,12.18249396070347,mpmath_1792,2.87666003244479,5.0,5.0,53
wilkinson_4,4,Float64,true,diagonalcheap,complexschur,0.0002872,0.00023567,0.001418534,0.000926549,4.0e-8,0.003025169,31,0,1.590747832074521e-79,12.18249396070348,5.574478399465781,1.727233711018889e-77,4.563045716129355e-17,6.474292315835441e-16,12.18249396070347,mpmath_1792,2.87666003244479,5.0,5.0,256
wilkinson_4,4,Float64,true,diagonalcheap,complexschur,0.000490322,0.0004654100000000001,0.0037279909999999995,0.002124907,4.1e-8,0.007017134,81,0,1.226774754661608e-273,12.18249396070348,5.536210368664948,1.331998346195134e-256,4.563045716129355e-17,6.474292315835441e-16,12.18249396070347,mpmath_1792,2.87666003244479,5.0,5.0,851
wilkinson_4,4,Float64,true,diagonalcheap,realschur,0.000146101,4.663e-5,0.0007325170000000001,0.000223986,3.0e-8,0.00124695,13,0,4.997372017593621e-17,12.18249396070346,5.6640337559695455,2.220446049250313e-16,1.624397034961894e-15,2.731148640577885e-14,12.18249396070347,mpmath_1792,2.87666003244479,5.0,5.0,53
wilkinson_4,4,Float64,true,diagonalcheap,realschur,0.000234147,0.00015526,0.0011879409999999997,0.00046512100000000003,4.0e-8,0.002142924,31,0,1.590747832074521e-79,12.18249396070348,5.574478399465781,1.727233711018889e-77,4.563045716129355e-17,6.474292315835441e-16,12.18249396070347,mpmath_1792,2.87666003244479,5.0,5.0,256
wilkinson_4,4,Float64,true,diagonalcheap,realschur,0.00061168,0.000587416,0.005379769,0.0016603780000000001,4.0e-8,0.008433855,81,0,1.226774754661608e-273,12.18249396070348,5.536210368664948,1.331998346195134e-256,4.563045716129355e-17,6.474292315835441e-16,12.18249396070347,mpmath_1792,2.87666003244479,5.0,5.0,851
wilkinson_4,4,Float64,true,taylor,transfree,0.0003956,0.0,0.0,0.0,0.0,0.000502919,NaN,NaN,NaN,NaN,NaN,2.220446049250313e-16,7.184268135705036e-16,1.176836406102666e-14,12.18249396070347,mpmath_1792,2.87666003244479,5.0,5.0,53
wilkinson_4,4,Float64,true,taylor,transfree,0.000982839,0.0,0.0,0.0,0.0,0.001102674,NaN,NaN,NaN,NaN,NaN,1.727233711018889e-77,4.563045716129355e-17,6.474292315835441e-16,12.18249396070347,mpmath_1792,2.87666003244479,5.0,5.0,256
wilkinson_4,4,Float64,true,taylor,transfree,0.001517235,0.0,0.0,0.0,0.0,0.001675721,NaN,NaN,NaN,NaN,NaN,1.331998346195134e-256,4.563045716129355e-17,6.474292315835441e-16,12.18249396070347,mpmath_1792,2.87666003244479,5.0,5.0,851
wilkinson_4,4,Float64,true,taylor,complexschur,0.000189403,0.000168137,0.0005683099999999999,0.000373905,3.0e-8,0.001502493,25,0,5.551115123125783e-17,9.229166666666663,1,2.220446049250313e-16,1.624397034961894e-15,2.731148640577885e-14,12.18249396070347,mpmath_1792,2.87666003244479,5.0,5.0,53
wilkinson_4,4,Float64,true,taylor,complexschur,0.000298785,0.0005421390000000001,0.001257041,0.001197135,4.0e-8,0.0035291,72,0,2.595497781520105e-77,9.229166666666667,1,1.727233711018889e-77,4.563045716129355e-17,6.474292315835441e-16,12.18249396070347,mpmath_1792,2.87666003244479,5.0,5.0,256
wilkinson_4,4,Float64,true,taylor,complexschur,0.000803187,0.00066739,0.004300891999999999,0.001919942,0.001145846,0.009160028,90,6,5.240472070716204e-269,1.03983547133623,1,1.331998346195134e-256,4.563045716129355e-17,6.474292315835441e-16,12.18249396070347,mpmath_1792,2.87666003244479,5.0,5.0,851
wilkinson_4,4,Float64,true,taylor,realschur,0.000164389,0.00013538900000000003,0.0004167540000000001,0.000153055,3.0e-8,0.000996408,25,0,5.551115123125783e-17,9.229166666666663,1,2.220446049250313e-16,1.624397034961894e-15,2.731148640577885e-14,12.18249396070347,mpmath_1792,2.87666003244479,5.0,5.0,53
wilkinson_4,4,Float64,true,taylor,realschur,0.000254572,0.000304418,0.0007608839999999999,0.000315952,4.0e-8,0.001740749,72,0,2.595497781520105e-77,9.229166666666667,1,1.727233711018889e-77,4.563045716129355e-17,6.474292315835441e-16,12.18249396070347,mpmath_1792,2.87666003244479,5.0,5.0,256
wilkinson_4,4,Float64,true,taylor,realschur,0.000579251,0.0005591070000000002,0.003958318000000001,0.000855596,0.000917299,0.007117005,90,6,5.240472070716204e-269,1.03983547133623,1,1.331998346195134e-256,4.563045716129355e-17,6.474292315835441e-16,12.18249396070347,mpmath_1792,2.87666003244479,5.0,5.0,851
wilkinson_5,5,Float64,true,scaling_and_squaring,NaN,NaN,NaN,NaN,NaN,NaN,4.1889e-5,NaN,NaN,NaN,NaN,NaN,2.220446049250313e-16,6.546937773766387e-16,1.443289932012704e-14,19.13549674692646,mpmath_1792,3.289992698718796,10.499999999999998,7.489686958661079,53
wilkinson_5,5,Float64,true,diagonalcheap,transfree,0.000275555,0.0,0.0,0.0,0.0,0.000386622,NaN,NaN,NaN,NaN,NaN,2.220446049250313e-16,5.060459558852069e-16,1.201816424156732e-14,19.13549674692646,mpmath_1792,3.289992698718796,10.499999999999998,7.489686958661079,53
wilkinson_5,5,Float64,true,diagonalcheap,transfree,0.00068687,0.0,0.0,0.0,0.0,0.000786642,NaN,NaN,NaN,NaN,NaN,1.727233711018889e-77,4.455670091623419e-17,7.964483798819081e-16,19.13549674692646,mpmath_1792,3.289992698718796,10.499999999999998,7.489686958661079,256
wilkinson_5,5,Float64,true,diagonalcheap,transfree,0.001536455,0.0,0.0,0.0,0.0,0.001707268,NaN,NaN,NaN,NaN,NaN,1.331998346195134e-256,4.455670091623419e-17,7.964483798819081e-16,19.13549674692646,mpmath_1792,3.289992698718796,10.499999999999998,7.489686958661079,851
wilkinson_5,5,Float64,true,diagonalcheap,complexschur,0.000188782,5.5126e-5,0.000901608,0.0006494000000000001,3.0e-8,0.001974747,13,0,1.208667005382908e-16,17.47560403367139,7.557133121460952,2.220446049250313e-16,9.705821836730038e-16,2.953193245502916e-14,19.13549674692646,mpmath_1792,3.289992698718796,10.499999999999998,7.489686958661079,53
wilkinson_5,5,Float64,true,diagonalcheap,complexschur,0.000335994,0.000256656,0.0016465100000000001,0.0013279219999999998,3.0e-8,0.003771756,37,0,5.237373920246895e-83,17.4756040336714,7.387132224664055,1.727233711018889e-77,4.455670091623419e-17,7.964483798819081e-16,19.13549674692646,mpmath_1792,3.289992698718796,10.499999999999998,7.489686958661079,256
wilkinson_5,5,Float64,true,diagonalcheap,complexschur,0.000594834,0.0007614079999999999,0.006565135000000001,0.0054721480000000005,4.0e-8,0.013842911,81,0,6.167863508882449e-264,17.47560403367137,7.339315432320855,1.331998346195134e-256,4.455670091623419e-17,7.964483798819081e-16,19.13549674692646,mpmath_1792,3.289992698718796,10.499999999999998,7.489686958661079,851
wilkinson_5,5,Float64,true,diagonalcheap,realschur,0.000352279,8.001e-5,0.0010913579999999997,0.000351357,4.0e-8,0.002009531,13,0,1.208667005382908e-16,17.47560403367139,7.557133121460952,2.220446049250313e-16,9.705821836730038e-16,2.953193245502916e-14,19.13549674692646,mpmath_1792,3.289992698718796,10.499999999999998,7.489686958661079,53
wilkinson_5,5,Float64,true,diagonalcheap,realschur,0.000414651,0.00024694600000000006,0.001803733,0.000603924,3.1e-8,0.003247612,37,0,5.237373920246895e-83,17.4756040336714,7.387132224664055,1.727233711018889e-77,4.455670091623419e-17,7.964483798819081e-16,19.13549674692646,mpmath_1792,3.289992698718796,10.499999999999998,7.489686958661079,256
wilkinson_5,5,Float64,true,diagonalcheap,realschur,0.000979422,0.000725203,0.007432846,0.002351536,4.0e-8,0.01180567,81,0,6.167863508882449e-264,17.47560403367137,7.339315432320855,1.331998346195134e-256,4.455670091623419e-17,7.964483798819081e-16,19.13549674692646,mpmath_1792,3.289992698718796,10.499999999999998,7.489686958661079,851
wilkinson_5,5,Float64,true,taylor,transfree,0.00031044,0.0,0.0,0.0,0.0,0.000423881,NaN,NaN,NaN,NaN,NaN,2.220446049250313e-16,5.060459558852069e-16,1.201816424156732e-14,19.13549674692646,mpmath_1792,3.289992698718796,10.499999999999998,7.489686958661079,53
wilkinson_5,5,Float64,true,taylor,transfree,0.000695508,0.0,0.0,0.0,0.0,0.000815854,NaN,NaN,NaN,NaN,NaN,1.727233711018889e-77,4.455670091623419e-17,7.964483798819081e-16,19.13549674692646,mpmath_1792,3.289992698718796,10.499999999999998,7.489686958661079,256
wilkinson_5,5,Float64,true,taylor,transfree,0.002708486,0.0,0.0,0.0,0.0,0.002998333,NaN,NaN,NaN,NaN,NaN,1.331998346195134e-256,4.455670091623419e-17,7.964483798819081e-16,19.13549674692646,mpmath_1792,3.289992698718796,10.499999999999998,7.489686958661079,851
wilkinson_5,5,Float64,true,taylor,complexschur,0.000392694,0.00031144199999999994,0.0008564730000000001,0.000977816,5.0e-8,0.00289865,25,0,1.887379141862766e-15,11.85515029116184,1,2.220446049250313e-16,9.705821836730038e-16,2.953193245502916e-14,19.13549674692646,mpmath_1792,3.289992698718796,10.499999999999998,7.489686958661079,53
wilkinson_5,5,Float64,true,taylor,complexschur,0.000624838,0.00069755,0.001462606,0.002205438,4.0e-8,0.005374061,81,0,1.647218428629769e-83,11.85515029116183,1,1.727233711018889e-77,4.455670091623419e-17,7.964483798819081e-16,19.13549674692646,mpmath_1792,3.289992698718796,10.499999999999998,7.489686958661079,256
wilkinson_5,5,Float64,true,taylor,complexschur,0.000999574,0.000849444,0.004665115,0.002738459,0.001517816,0.011354832,90,6,1.115062837587121e-263,1.045714194252943,1,1.331998346195134e-256,4.455670091623419e-17,7.964483798819081e-16,19.13549674692646,mpmath_1792,3.289992698718796,10.499999999999998,7.489686958661079,851
wilkinson_5,5,Float64,true,taylor,realschur,0.000368804,0.000231552,0.0006127809999999999,0.00030696400000000006,4.0e-8,0.001697528,25,0,1.887379141862766e-15,11.85515029116184,1,2.220446049250313e-16,9.705821836730038e-16,2.953193245502916e-14,19.13549674692646,mpmath_1792,3.289992698718796,10.499999999999998,7.489686958661079,53
wilkinson_5,5,Float64,true,taylor,realschur,0.00037622,0.000362098,0.0010177440000000001,0.000561144,4.0e-8,0.002469849,81,0,1.647218428629769e-83,11.85515029116183,1,1.727233711018889e-77,4.455670091623419e-17,7.964483798819081e-16,19.13549674692646,mpmath_1792,3.289992698718796,10.499999999999998,7.489686958661079,256
wilkinson_5,5,Float64,true,taylor,realschur,0.000834484,0.000546601,0.0038695420000000006,0.0012565710000000002,0.001084635,0.007934553,90,6,1.115062837587121e-263,1.045714194252943,1,1.331998346195134e-256,4.455670091623419e-17,7.964483798819081e-16,19.13549674692646,mpmath_1792,3.289992698718796,10.499999999999998,7.489686958661079,851
binomial_10,10,Int64,false,scaling_and_squaring,NaN,NaN,NaN,NaN,NaN,NaN,2.8541e-5,NaN,NaN,NaN,NaN,NaN,2.220446049250313e-16,5.209755920535565e-15,0.0002579689025878906,52610166297.89982,mpmath_1792,1029.584991471387,215.28124999999997,95.30907509382511,53
binomial_10,10,Int64,false,diagonalcheap,transfree,0.0,4.51e-6,0.0017034259999999996,0.001079359,0.000694824,0.08636034,7,5,4.433979856984065e-17,12.52204886472465,40.44202109952058,2.220446049250313e-16,6.310008393837584e-15,0.0003474950790405273,52610166297.89982,mpmath_1792,1029.584991471387,215.28124999999997,95.30907509382511,53
binomial_10,10,Int64,false,diagonalcheap,transfree,0.0,0.000440286,0.003851814,0.0028803380000000005,0.000597257,0.008219158,37,3,9.571973047660122e-82,132.1758205092697,934.5484482674502,1.727233711018889e-77,3.250164699133458e-17,1.669573239241719e-06,52610166297.89982,mpmath_1792,1029.584991471387,215.28124999999997,95.30907509382511,256
binomial_10,10,Int64,false,diagonalcheap,transfree,0.0,0.0008814,0.00883766,0.007132393999999999,0.001465329,0.018911773,91,3,4.233643636509951e-280,132.175820509269,934.5484482674442,1.331998346195134e-256,3.250164699133458e-17,1.669573239241719e-06,52610166297.89982,mpmath_1792,1029.584991471387,215.28124999999997,95.30907509382511,851
binomial_10,10,Int64,false,diagonalcheap,complexschur,0.000907215,4.061e-6,0.002186288,0.003915056,0.003384571,0.012325169,7,5,3.768114196972412e-17,9.656707052860387,22.122952010421997,2.220446049250313e-16,1.541907597411582e-14,0.0008813142776489258,52610166297.89982,mpmath_1792,1029.584991471387,215.28124999999997,95.30907509382511,53
binomial_10,10,Int64,false,diagonalcheap,complexschur,0.000996034,0.000698221,0.0051469099999999985,0.011222479,0.002096348,0.021999914,37,3,2.033823970831859e-82,93.56861248726199,558.2410178549695,1.727233711018889e-77,3.250164699133458e-17,1.669573239241719e-06,52610166297.89982,mpmath_1792,1029.584991471387,215.28124999999997,95.30907509382511,256
binomial_10,10,Int64,false,diagonalcheap,complexschur,0.00189445,0.0012414149999999998,0.011622870000000002,0.025682557,0.002890052,0.045664251,91,3,3.976098872902546e-280,124.0743509109547,935.4185634953518,1.331998346195134e-256,3.250164699133458e-17,1.669573239241719e-06,52610166297.89982,mpmath_1792,1029.584991471387,215.28124999999997,95.30907509382511,851
binomial_10,10,Int64,false,diagonalcheap,realschur,0.000937289,3.917e-6,0.0018299999999999998,0.0012574090000000001,0.000599953,0.005324467,9,4,7.005591546367777e-17,23.34633215702801,76.646858236754,2.220446049250313e-16,1.15576938422475e-14,0.0007575750350952148,52610166297.89982,mpmath_1792,1029.584991471387,215.28124999999997,95.30907509382511,53
binomial_10,10,Int64,false,diagonalcheap,realschur,0.000973857,0.0004519000000000001,0.0037602959999999998,0.0032448340000000003,0.000804597,0.010070726,37,3,2.033823970831859e-82,93.56861248726221,558.2410178549695,1.727233711018889e-77,3.250164699133458e-17,1.669573239241719e-06,52610166297.89982,mpmath_1792,1029.584991471387,215.28124999999997,95.30907509382511,256
binomial_10,10,Int64,false,diagonalcheap,realschur,0.001873164,0.0012520760000000002,0.009107400000000003,0.013520836999999999,0.002117413,0.029645906,91,3,3.976098872902546e-280,124.0743509109548,935.418563495352,1.331998346195134e-256,3.250164699133458e-17,1.669573239241719e-06,52610166297.89982,mpmath_1792,1029.584991471387,215.28124999999997,95.30907509382511,851
binomial_10,10,Int64,false,taylor,transfree,0.0,0.00038780399999999995,0.0014867329999999994,0.0015947210000000001,0.000441546,0.004327331,30,3,1.554312234475219e-15,104.5,1,2.220446049250313e-16,2.282686010752361e-16,1.549720764160156e-05,52610166297.89982,mpmath_1792,1029.584991471387,215.28124999999997,95.30907509382511,53
binomial_10,10,Int64,false,taylor,transfree,0.0,0.0007419559999999999,0.0034557979999999995,0.005865945000000001,0.000609874,0.011126396,81,3,9.958850526418991e-76,104.5,1,1.727233711018889e-77,3.250164699133458e-17,1.669573239241719e-06,52610166297.89982,mpmath_1792,1029.584991471387,215.28124999999997,95.30907509382511,256
binomial_10,10,Int64,false,taylor,transfree,0.0,0.000967925,0.009076121,0.010854581,0.005828716,0.027581446,90,10,3.443135024766597e-282,1.324489286192862,1,1.331998346195134e-256,3.250164699133458e-17,1.669573239241719e-06,52610166297.89982,mpmath_1792,1029.584991471387,215.28124999999997,95.30907509382511,851
binomial_10,10,Int64,false,taylor,complexschur,0.000927929,0.0006604599999999999,0.0023216869999999994,0.007378153,0.002690287,0.016607103,30,3,6.661338147750939e-16,87.03913714310281,1,2.220446049250313e-16,9.868791442350544e-15,0.0006570816040039062,52610166297.89982,mpmath_1792,1029.584991471387,215.28124999999997,95.30907509382511,53
binomial_10,10,Int64,false,taylor,complexschur,0.00099929,0.001212753,0.0028834349999999997,0.011595280999999999,0.002811345,0.023462327,81,3,5.685927871807668e-77,83.31274994288297,1,1.727233711018889e-77,3.250164699133458e-17,1.669573239241719e-06,52610166297.89982,mpmath_1792,1029.584991471387,215.28124999999997,95.30907509382511,256
binomial_10,10,Int64,false,taylor,complexschur,0.003534999,0.0016677760000000002,0.007655218,0.050772701999999996,0.005806439,0.070976753,90,10,1.377254009906639e-281,1.303251280384473,1,1.331998346195134e-256,3.250164699133458e-17,1.669573239241719e-06,52610166297.89982,mpmath_1792,1029.584991471387,215.28124999999997,95.30907509382511,851
binomial_10,10,Int64,false,taylor,realschur,0.000524984,0.000245552,0.0009636550000000001,0.000915711,0.000264231,0.003323591,30,3,6.661338147750939e-16,82.37420680826517,1,2.220446049250313e-16,1.087456319941163e-14,0.0006719827651977539,52610166297.89982,mpmath_1792,1029.584991471387,215.28124999999997,95.30907509382511,53
binomial_10,10,Int64,false,taylor,realschur,0.00058421,0.00045872700000000003,0.00152843,0.002151684,0.000490009,0.005673417,81,3,5.685927871807668e-77,83.31274994288297,1,1.727233711018889e-77,3.250164699133458e-17,1.669573239241719e-06,52610166297.89982,mpmath_1792,1029.584991471387,215.28124999999997,95.30907509382511,256
binomial_10,10,Int64,false,taylor,realschur,0.001136602,0.000529872,0.004038928,0.003039288,0.003036102,0.012535555,90,10,1.377254009906639e-281,1.303251280384473,1,1.331998346195134e-256,3.250164699133458e-17,1.669573239241719e-06,52610166297.89982,mpmath_1792,1029.584991471387,215.28124999999997,95.30907509382511,851
fiedler_10,10,Int64,true,scaling_and_squaring,NaN,NaN,NaN,NaN,NaN,NaN,5.8854e-5,NaN,NaN,NaN,NaN,NaN,2.220446049250313e-16,9.753900693020349e-15,10.4375,1041599933981322,mpmath_1792,40.62019202317984,90.0000000000003,67.00488372234285,53
fiedler_10,10,Int64,true,diagonalcheap,transfree,0.003058848,0.0,0.0,0.0,0.0,0.080566302,NaN,NaN,NaN,NaN,NaN,2.220446049250313e-16,3.392406454420233e-15,3.65625,1041599933981322,mpmath_1792,40.62019202317984,90.0000000000003,67.00488372234285,53
fiedler_10,10,Int64,true,diagonalcheap,transfree,0.005223685,0.0,0.0,0.0,0.0,0.005661591,NaN,NaN,NaN,NaN,NaN,1.727233711018889e-77,4.045677911977227e-17,0.03710721474654181,1041599933981322,mpmath_1792,40.62019202317984,90.0000000000003,67.00488372234285,256
fiedler_10,10,Int64,true,diagonalcheap,transfree,0.012737242,0.0,0.0,0.0,0.0,0.013605598,NaN,NaN,NaN,NaN,NaN,1.331998346195134e-256,4.045677911977227e-17,0.03710721474654181,1041599933981322,mpmath_1792,40.62019202317984,90.0000000000003,67.00488372234285,851
fiedler_10,10,Int64,true,diagonalcheap,complexschur,0.001539185,0.000139966,0.002441953,0.005281437999999999,0.00192514,0.013235015,13,3,3.123005647132929e-15,73.17537586950004,32.5449815926589,2.220446049250313e-16,3.963393763985824e-14,40.953125,1041599933981322,mpmath_1792,40.62019202317984,90.0000000000003,67.00488372234285,53
fiedler_10,10,Int64,true,diagonalcheap,complexschur,0.004622293,0.000666226,0.005570995,0.013577585999999999,0.001351096,0.027689378,49,2,5.831531392579119e-79,5354.635633643246,1000.3576441597345,1.727233711018889e-77,4.045677911977227e-17,0.03710721474654181,1041599933981322,mpmath_1792,40.62019202317984,90.0000000000003,67.00488372234285,256
fiedler_10,10,Int64,true,diagonalcheap,complexschur,0.008489801,0.001424314,0.013614035000000005,0.072998049,0.002775028,0.101680919,91,3,1.061674099627646e-272,73.17537586949945,30.927138432156166,1.331998346195134e-256,4.045677911977227e-17,0.03710721474654181,1041599933981322,mpmath_1792,40.62019202317984,90.0000000000003,67.00488372234285,851
fiedler_10,10,Int64,true,diagonalcheap,realschur,0.002414525,0.00011344999999999999,0.002275632,0.001487134,0.000503214,0.007439821,13,3,3.123005647132929e-15,73.17537586950004,32.5449815926589,2.220446049250313e-16,3.963393763985824e-14,40.953125,1041599933981322,mpmath_1792,40.62019202317984,90.0000000000003,67.00488372234285,53
fiedler_10,10,Int64,true,diagonalcheap,realschur,0.003458643,0.00038936200000000003,0.003548145999999999,0.002483187,0.000316259,0.010699393,49,2,5.831531392579119e-79,5354.635633643246,1000.3576441597345,1.727233711018889e-77,4.045677911977227e-17,0.03710721474654181,1041599933981322,mpmath_1792,40.62019202317984,90.0000000000003,67.00488372234285,256
fiedler_10,10,Int64,true,diagonalcheap,realschur,0.009145257,0.0011007880000000001,0.010612182000000003,0.007634772,0.001066335,0.030477623,91,3,1.061674099627646e-272,73.17537586949945,30.927138432156166,1.331998346195134e-256,4.045677911977227e-17,0.03710721474654181,1041599933981322,mpmath_1792,40.62019202317984,90.0000000000003,67.00488372234285,851
fiedler_10,10,Int64,true,taylor,transfree,0.002362666,0.0,0.0,0.0,0.0,0.002806484,NaN,NaN,NaN,NaN,NaN,2.220446049250313e-16,3.392406454420233e-15,3.65625,1041599933981322,mpmath_1792,40.62019202317984,90.0000000000003,67.00488372234285,53
fiedler_10,10,Int64,true,taylor,transfree,0.005516194,0.0,0.0,0.0,0.0,0.006174866,NaN,NaN,NaN,NaN,NaN,1.727233711018889e-77,4.045677911977227e-17,0.03710721474654181,1041599933981322,mpmath_1792,40.62019202317984,90.0000000000003,67.00488372234285,256
fiedler_10,10,Int64,true,taylor,transfree,0.021857396,0.0,0.0,0.0,0.0,0.022685487,NaN,NaN,NaN,NaN,NaN,1.331998346195134e-256,4.045677911977227e-17,0.03710721474654181,1041599933981322,mpmath_1792,40.62019202317984,90.0000000000003,67.00488372234285,851
fiedler_10,10,Int64,true,taylor,complexschur,0.001654819,0.000457327,0.0018517339999999996,0.005801196000000001,0.002017536,0.013659332,30,3,5.329070518200751e-15,41.84304808425213,1,2.220446049250313e-16,3.963393763985824e-14,40.953125,1041599933981322,mpmath_1792,40.62019202317984,90.0000000000003,67.00488372234285,53
fiedler_10,10,Int64,true,taylor,complexschur,0.004787012,0.0010839010000000002,0.0030797090000000004,0.008623055000000001,0.001218707,0.020004779,90,3,9.883310571778616e-83,41.84304808425199,1,1.727233711018889e-77,4.045677911977227e-17,0.03710721474654181,1041599933981322,mpmath_1792,40.62019202317984,90.0000000000003,67.00488372234285,256
fiedler_10,10,Int64,true,taylor,complexschur,0.00649316,0.0013054289999999999,0.006821441000000001,0.010819866999999999,0.005528931,0.032426053,90,10,4.93192526203852e-275,1.034106698391703,1,1.331998346195134e-256,4.045677911977227e-17,0.03710721474654181,1041599933981322,mpmath_1792,40.62019202317984,90.0000000000003,67.00488372234285,851
fiedler_10,10,Int64,true,taylor,realschur,0.001547702,0.000270854,0.0009848799999999998,0.000976714,0.000291637,0.004482598,30,3,5.329070518200751e-15,41.84304808425213,1,2.220446049250313e-16,3.963393763985824e-14,40.953125,1041599933981322,mpmath_1792,40.62019202317984,90.0000000000003,67.00488372234285,53
fiedler_10,10,Int64,true,taylor,realschur,0.004436381,0.0009158849999999999,0.0025667059999999993,0.004023539,0.000444139,0.013012966,90,3,9.883310571778616e-83,41.84304808425199,1,1.727233711018889e-77,4.045677911977227e-17,0.03710721474654181,1041599933981322,mpmath_1792,40.62019202317984,90.0000000000003,67.00488372234285,256
fiedler_10,10,Int64,true,taylor,realschur,0.005212842,0.0007212459999999999,0.006403244,0.008299881,0.032589759,0.054226669,90,10,4.93192526203852e-275,1.034106698391703,1,1.331998346195134e-256,4.045677911977227e-17,0.03710721474654181,1041599933981322,mpmath_1792,40.62019202317984,90.0000000000003,67.00488372234285,851
householder_10,10,Float64,true,scaling_and_squaring,NaN,NaN,NaN,NaN,NaN,NaN,3.766e-5,NaN,NaN,NaN,NaN,NaN,2.220446049250313e-16,4.50404142439546e-16,2.220446049250313e-15,4.892907286744045,mpmath_1792,6.411794687223787,35.000000000000014,19.000000000000004,53
householder_10,10,Float64,true,diagonalcheap,transfree,0.000204673,0.0,0.0,0.0,0.0,0.000489164,NaN,NaN,NaN,NaN,NaN,2.220446049250313e-16,3.702857338260321e-16,2.664535259100376e-15,4.892907286744045,mpmath_1792,6.411794687223787,35.000000000000014,19.000000000000004,53
householder_10,10,Float64,true,diagonalcheap,transfree,0.00020337,0.0,0.0,0.0,0.0,0.00051569,NaN,NaN,NaN,NaN,NaN,1.727233711018889e-77,7.095434840143468e-17,2.413069299770074e-16,4.892907286744045,mpmath_1792,6.411794687223787,35.000000000000014,19.000000000000004,256
householder_10,10,Float64,true,diagonalcheap,transfree,0.000407502,0.0,0.0,0.0,0.0,0.00094127,NaN,NaN,NaN,NaN,NaN,1.331998346195134e-256,7.095434840143468e-17,2.413069299770074e-16,4.892907286744045,mpmath_1792,6.411794687223787,35.000000000000014,19.000000000000004,851
householder_10,10,Float64,true,diagonalcheap,complexschur,0.000525681,9.206500000000001e-5,0.0018480570000000002,0.002879119,0.000617556,0.006827847,13,2,6.292203494246491e-17,1.284025416687741,10.892185121390463,2.220446049250313e-16,7.187898423656684e-16,6.827871601444713e-15,4.892907286744045,mpmath_1792,6.411794687223787,35.000000000000014,19.000000000000004,53
householder_10,10,Float64,true,diagonalcheap,complexschur,0.000703046,0.0008065850000000001,0.006721248000000002,0.013997187000000001,0.000682754,0.024664942,49,1,1.312612440408597e-79,1.648721270700128,132.17972167370817,1.727233711018889e-77,7.095434840143468e-17,2.413069299770074e-16,4.892907286744045,mpmath_1792,6.411794687223787,35.000000000000014,19.000000000000004,256
householder_10,10,Float64,true,diagonalcheap,complexschur,0.000699469,0.0013788040000000002,0.014014535000000007,0.01757037,0.001074819,0.036875852,91,2,1.929151174021319e-265,1.284025416687742,11.994673569339723,1.331998346195134e-256,7.095434840143468e-17,2.413069299770074e-16,4.892907286744045,mpmath_1792,6.411794687223787,35.000000000000014,19.000000000000004,851
householder_10,10,Float64,true,diagonalcheap,realschur,0.00106078,0.000114373,0.0021574959999999996,0.0016169710000000003,0.000348395,0.005872568,13,2,6.292203494246491e-17,1.284025416687741,10.892185121390463,2.220446049250313e-16,7.187898423656684e-16,6.827871601444713e-15,4.892907286744045,mpmath_1792,6.411794687223787,35.000000000000014,19.000000000000004,53
householder_10,10,Float64,true,diagonalcheap,realschur,0.000714889,0.0005951460000000001,0.005025288,0.004185827,0.000229956,0.011447356,49,1,1.312612440408597e-79,1.648721270700128,132.17972167370817,1.727233711018889e-77,7.095434840143468e-17,2.413069299770074e-16,4.892907286744045,mpmath_1792,6.411794687223787,35.000000000000014,19.000000000000004,256
householder_10,10,Float64,true,diagonalcheap,realschur,0.00041215,0.000758062,0.007271341,0.003972165,0.000706902,0.01373745,91,2,1.929151174021319e-265,1.284025416687742,11.994673569339723,1.331998346195134e-256,7.095434840143468e-17,2.413069299770074e-16,4.892907286744045,mpmath_1792,6.411794687223787,35.000000000000014,19.000000000000004,851
householder_10,10,Float64,true,taylor,transfree,0.000225837,0.0,0.0,0.0,0.0,0.000854604,NaN,NaN,NaN,NaN,NaN,2.220446049250313e-16,3.702857338260321e-16,2.664535259100376e-15,4.892907286744045,mpmath_1792,6.411794687223787,35.000000000000014,19.000000000000004,53
householder_10,10,Float64,true,taylor,transfree,0.000387969,0.0,0.0,0.0,0.0,0.000956819,NaN,NaN,NaN,NaN,NaN,1.727233711018889e-77,7.095434840143468e-17,2.413069299770074e-16,4.892907286744045,mpmath_1792,6.411794687223787,35.000000000000014,19.000000000000004,256
householder_10,10,Float64,true,taylor,transfree,0.00086194,0.0,0.0,0.0,0.0,0.001814491,NaN,NaN,NaN,NaN,NaN,1.331998346195134e-256,7.095434840143468e-17,2.413069299770074e-16,4.892907286744045,mpmath_1792,6.411794687223787,35.000000000000014,19.000000000000004,851
householder_10,10,Float64,true,taylor,complexschur,0.001124604,0.000654722,0.0028098809999999998,0.0071698460000000006,0.001103449,0.01439106,36,2,8.881784197001252e-16,10.88037109374998,1,2.220446049250313e-16,7.187898423656684e-16,6.827871601444713e-15,4.892907286744045,mpmath_1792,6.411794687223787,35.000000000000014,19.000000000000004,53
householder_10,10,Float64,true,taylor,complexschur,0.000666748,0.0011209959999999995,0.0026500049999999995,0.011424497,0.001222771,0.018695758,90,2,2.960710403619147e-79,10.88037109375,1,1.727233711018889e-77,7.095434840143468e-17,2.413069299770074e-16,4.892907286744045,mpmath_1792,6.411794687223787,35.000000000000014,19.000000000000004,256
householder_10,10,Float64,true,taylor,complexschur,0.000627524,0.0011062639999999998,0.007678399,0.03900957100000001,0.004296389,0.054100167,90,9,4.922766861195088e-271,1.001955033591003,1,1.331998346195134e-256,7.095434840143468e-17,2.413069299770074e-16,4.892907286744045,mpmath_1792,6.411794687223787,35.000000000000014,19.000000000000004,851
householder_10,10,Float64,true,taylor,realschur,0.000598483,0.00027728400000000004,0.0012642270000000001,0.001076724,0.000179649,0.003732159,36,2,8.881784197001252e-16,10.88037109374998,1,2.220446049250313e-16,7.187898423656684e-16,6.827871601444713e-15,4.892907286744045,mpmath_1792,6.411794687223787,35.000000000000014,19.000000000000004,53
householder_10,10,Float64,true,taylor,realschur,0.000430769,0.0005875,0.001930443,0.002259331,0.000283649,0.005908382,90,2,2.960710403619147e-79,10.88037109375,1,1.727233711018889e-77,7.095434840143468e-17,2.413069299770074e-16,4.892907286744045,mpmath_1792,6.411794687223787,35.000000000000014,19.000000000000004,256
householder_10,10,Float64,true,taylor,realschur,0.000427333,0.000537326,0.004260475999999999,0.002410066,0.002105264,0.010304794,90,9,4.922766861195088e-271,1.001955033591003,1,1.331998346195134e-256,7.095434840143468e-17,2.413069299770074e-16,4.892907286744045,mpmath_1792,6.411794687223787,35.000000000000014,19.000000000000004,851
jordbloc_10_2,10,Int64,false,scaling_and_squaring,NaN,NaN,NaN,NaN,NaN,NaN,3.2699e-5,NaN,NaN,NaN,NaN,NaN,2.220446049250313e-16,2.144776163811476e-18,9.194034422677078e-17,20.08553468514711,mpmath_1792,3.946506763677976,2.9970703125,2.7854972896927994,53
jordbloc_10_2,10,Int64,false,diagonalcheap,transfree,0.0,6.355400000000001e-5,0.0011233589999999998,0.000792804,4.1e-8,0.002160871,13,0,1.301059602763527e-16,20.08553468514712,2.730167613227799,2.220446049250313e-16,3.551740318819444e-16,9.02782622963505e-15,20.08553468514711,mpmath_1792,3.946506763677976,2.9970703125,2.7854972896927994,53
jordbloc_10_2,10,Int64,false,diagonalcheap,transfree,0.0,0.000441162,0.002235893,0.002106025,5.0e-8,0.004979933,37,0,4.685590980248268e-83,20.08553468514713,2.660725926899577,1.727233711018889e-77,2.43218288725713e-17,4.897561783582292e-16,20.08553468514711,mpmath_1792,3.946506763677976,2.9970703125,2.7854972896927994,256
jordbloc_10_2,10,Int64,false,diagonalcheap,transfree,0.0,0.0013213080000000002,0.005472825000000002,0.004202222,3.0e-8,0.01123164,81,0,1.604071905054738e-260,20.0855346851471,2.6412275904568285,1.331998346195134e-256,2.43218288725713e-17,4.897561783582292e-16,20.08553468514711,mpmath_1792,3.946506763677976,2.9970703125,2.7854972896927994,851
jordbloc_10_2,10,Int64,false,diagonalcheap,complexschur,0.0,8.8296e-5,0.0008616670000000001,0.000859794,4.0e-8,0.001972874,13,0,1.301059602763527e-16,20.08553468514712,2.730167613227799,2.220446049250313e-16,3.551740318819444e-16,9.02782622963505e-15,20.08553468514711,mpmath_1792,3.946506763677976,2.9970703125,2.7854972896927994,53
jordbloc_10_2,10,Int64,false,diagonalcheap,complexschur,0.0,0.000727806,0.002931628000000001,0.0033690950000000003,4.0e-8,0.007233981,37,0,4.685590980248268e-83,20.08553468514713,2.660725926899577,1.727233711018889e-77,2.43218288725713e-17,4.897561783582292e-16,20.08553468514711,mpmath_1792,3.946506763677976,2.9970703125,2.7854972896927994,256
jordbloc_10_2,10,Int64,false,diagonalcheap,complexschur,0.0,0.0021270399999999997,0.008881022999999998,0.00515613,4.0e-8,0.01645174,81,0,1.604071905054738e-260,20.0855346851471,2.6412275904568285,1.331998346195134e-256,2.43218288725713e-17,4.897561783582292e-16,20.08553468514711,mpmath_1792,3.946506763677976,2.9970703125,2.7854972896927994,851
jordbloc_10_2,10,Int64,false,diagonalcheap,realschur,0.0,6.877499999999999e-5,0.000959096,0.0008908789999999999,3.0e-8,0.002092989,13,0,1.301059602763527e-16,20.08553468514712,2.730167613227799,2.220446049250313e-16,3.551740318819444e-16,9.02782622963505e-15,20.08553468514711,mpmath_1792,3.946506763677976,2.9970703125,2.7854972896927994,53
jordbloc_10_2,10,Int64,false,diagonalcheap,realschur,0.0,0.000481688,0.0022535849999999994,0.0019544239999999997,4.1e-8,0.004864529,37,0,4.685590980248268e-83,20.08553468514713,2.660725926899577,1.727233711018889e-77,2.43218288725713e-17,4.897561783582292e-16,20.08553468514711,mpmath_1792,3.946506763677976,2.9970703125,2.7854972896927994,256
jordbloc_10_2,10,Int64,false,diagonalcheap,realschur,0.0,0.001814357,0.008130178,0.0074888739999999995,5.0e-8,0.017712592,81,0,1.604071905054738e-260,20.0855346851471,2.6412275904568285,1.331998346195134e-256,2.43218288725713e-17,4.897561783582292e-16,20.08553468514711,mpmath_1792,3.946506763677976,2.9970703125,2.7854972896927994,851
jordbloc_10_2,10,Int64,false,taylor,transfree,0.0,0.000652226,0.000872262,0.001728548,1.2e-7,0.003502203,30,0,1.110223024625157e-16,13,1,2.220446049250313e-16,3.691799017909772e-17,4.512856017699352e-16,20.08553468514711,mpmath_1792,3.946506763677976,2.9970703125,2.7854972896927994,53
jordbloc_10_2,10,Int64,false,taylor,transfree,0.0,0.0006419770000000001,0.001027568,0.002187029,4.0e-8,0.004034026,81,0,1.647218428629769e-83,13,1,1.727233711018889e-77,2.43218288725713e-17,4.897561783582292e-16,20.08553468514711,mpmath_1792,3.946506763677976,2.9970703125,2.7854972896927994,256
jordbloc_10_2,10,Int64,false,taylor,transfree,0.0,0.000932116,0.0032897850000000004,0.0030568139999999997,0.002016667,0.009564771,90,6,8.410731476838382e-262,1.047991002016633,1,1.331998346195134e-256,2.43218288725713e-17,4.897561783582292e-16,20.08553468514711,mpmath_1792,3.946506763677976,2.9970703125,2.7854972896927994,851
jordbloc_10_2,10,Int64,false,taylor,complexschur,0.0,0.000506819,0.000767131,0.001896674,4.0e-8,0.003469484,30,0,1.110223024625157e-16,13,1,2.220446049250313e-16,3.691799017909772e-17,4.512856017699352e-16,20.08553468514711,mpmath_1792,3.946506763677976,2.9970703125,2.7854972896927994,53
jordbloc_10_2,10,Int64,false,taylor,complexschur,0.0,0.001170702,0.0017015919999999998,0.0037737789999999997,4.0e-8,0.006899665,81,0,1.647218428629769e-83,13,1,1.727233711018889e-77,2.43218288725713e-17,4.897561783582292e-16,20.08553468514711,mpmath_1792,3.946506763677976,2.9970703125,2.7854972896927994,256
jordbloc_10_2,10,Int64,false,taylor,complexschur,0.0,0.0016707499999999997,0.031930164,0.005858458,0.001657409,0.04154837,90,6,8.410731476838382e-262,1.047991002016633,1,1.331998346195134e-256,2.43218288725713e-17,4.897561783582292e-16,20.08553468514711,mpmath_1792,3.946506763677976,2.9970703125,2.7854972896927994,851
jordbloc_10_2,10,Int64,false,taylor,realschur,0.0,0.00026105,0.0005708080000000001,0.0009140400000000001,4.0e-8,0.00193278,30,0,1.110223024625157e-16,13,1,2.220446049250313e-16,3.691799017909772e-17,4.512856017699352e-16,20.08553468514711,mpmath_1792,3.946506763677976,2.9970703125,2.7854972896927994,53
jordbloc_10_2,10,Int64,false,taylor,realschur,0.0,0.000618022,0.0010682469999999998,0.002083377,2.0e-8,0.00392715,81,0,1.647218428629769e-83,13,1,1.727233711018889e-77,2.43218288725713e-17,4.897561783582292e-16,20.08553468514711,mpmath_1792,3.946506763677976,2.9970703125,2.7854972896927994,256
jordbloc_10_2,10,Int64,false,taylor,realschur,0.0,0.0008964239999999998,0.0045032200000000005,0.004093299,0.002616634,0.012474274,90,6,8.410731476838382e-262,1.047991002016633,1,1.331998346195134e-256,2.43218288725713e-17,4.897561783582292e-16,20.08553468514711,mpmath_1792,3.946506763677976,2.9970703125,2.7854972896927994,851
kms_10,10,Float64,true,scaling_and_squaring,NaN,NaN,NaN,NaN,NaN,NaN,0.000103137,NaN,NaN,NaN,NaN,NaN,2.220446049250313e-16,1.566528905484315e-15,3.79141162909491e-14,16.68899489695451,mpmath_1792,3.292538440316186,8.718749999999998,7.884472867533711,53
kms_10,10,Float64,true,diagonalcheap,transfree,0.001457983,0.0,0.0,0.0,0.0,0.077265696,NaN,NaN,NaN,NaN,NaN,2.220446049250313e-16,7.377079279495393e-16,1.668110094499298e-14,16.68899489695451,mpmath_1792,3.292538440316186,8.718749999999998,7.884472867533711,53
kms_10,10,Float64,true,diagonalcheap,transfree,0.004058654,0.0,0.0,0.0,0.0,0.004473338,NaN,NaN,NaN,NaN,NaN,1.727233711018889e-77,3.585800074798733e-17,6.784965060762379e-16,16.68899489695451,mpmath_1792,3.292538440316186,8.718749999999998,7.884472867533711,256
kms_10,10,Float64,true,diagonalcheap,transfree,0.011515281,0.0,0.0,0.0,0.0,0.012529379,NaN,NaN,NaN,NaN,NaN,1.331998346195134e-256,3.585800074798733e-17,6.784965060762379e-16,16.68899489695451,mpmath_1792,3.292538440316186,8.718749999999998,7.884472867533711,851
kms_10,10,Float64,true,diagonalcheap,complexschur,0.001747363,0.000167312,0.007084634,0.0051300420000000005,7.1e-8,0.015812419,13,0,0,14.62622467498588,3.3421949269700786,2.220446049250313e-16,2.812852688856934e-15,7.505107646466058e-14,16.68899489695451,mpmath_1792,3.292538440316186,8.718749999999998,7.884472867533711,53
kms_10,10,Float64,true,diagonalcheap,complexschur,0.004351582,0.000585125,0.010351498,0.011311442,4.0e-8,0.02823377,31,0,1.635624941065742e-77,14.62622467498587,3.2732495140417104,1.727233711018889e-77,3.585800074798733e-17,6.784965060762379e-16,16.68899489695451,mpmath_1792,3.292538440316186,8.718749999999998,7.884472867533711,256
kms_10,10,Float64,true,diagonalcheap,complexschur,0.008748499,0.00126584,0.010301160000000004,0.017387138,4.0e-8,0.039238404,81,0,1.461802585619354e-268,14.62622467498581,3.2438899785315196,1.331998346195134e-256,3.585800074798733e-17,6.784965060762379e-16,16.68899489695451,mpmath_1792,3.292538440316186,8.718749999999998,7.884472867533711,851
kms_10,10,Float64,true,diagonalcheap,realschur,0.001688489,0.00011375099999999999,0.001585952,0.001019069,3.0e-8,0.004800558,13,0,0,14.62622467498588,3.3421949269700786,2.220446049250313e-16,2.812852688856934e-15,7.505107646466058e-14,16.68899489695451,mpmath_1792,3.292538440316186,8.718749999999998,7.884472867533711,53
kms_10,10,Float64,true,diagonalcheap,realschur,0.003851107,0.0002589459999999999,0.0022053479999999998,0.001819072,3.0e-8,0.008697222,31,0,1.635624941065742e-77,14.62622467498587,3.2732495140417104,1.727233711018889e-77,3.585800074798733e-17,6.784965060762379e-16,16.68899489695451,mpmath_1792,3.292538440316186,8.718749999999998,7.884472867533711,256
kms_10,10,Float64,true,diagonalcheap,realschur,0.005814305,0.0007143570000000001,0.006477715000000003,0.03256511700000001,3.0e-8,0.046289055,81,0,1.461802585619354e-268,14.62622467498581,3.2438899785315196,1.331998346195134e-256,3.585800074798733e-17,6.784965060762379e-16,16.68899489695451,mpmath_1792,3.292538440316186,8.718749999999998,7.884472867533711,851
kms_10,10,Float64,true,taylor,transfree,0.001457042,0.0,0.0,0.0,0.0,0.00176012,NaN,NaN,NaN,NaN,NaN,2.220446049250313e-16,7.377079279495393e-16,1.668110094499298e-14,16.68899489695451,mpmath_1792,3.292538440316186,8.718749999999998,7.884472867533711,53
kms_10,10,Float64,true,taylor,transfree,0.005067812,0.0,0.0,0.0,0.0,0.005723012,NaN,NaN,NaN,NaN,NaN,1.727233711018889e-77,3.585800074798733e-17,6.784965060762379e-16,16.68899489695451,mpmath_1792,3.292538440316186,8.718749999999998,7.884472867533711,256
kms_10,10,Float64,true,taylor,transfree,0.014134883,0.0,0.0,0.0,0.0,0.015267657,NaN,NaN,NaN,NaN,NaN,1.331998346195134e-256,3.585800074798733e-17,6.784965060762379e-16,16.68899489695451,mpmath_1792,3.292538440316186,8.718749999999998,7.884472867533711,851
kms_10,10,Float64,true,taylor,complexschur,0.002533653,0.000458476,0.001279452,0.005397059,4.0e-8,0.011586384,25,0,4.996003610813204e-16,10.49982989309284,1,2.220446049250313e-16,2.812852688856934e-15,7.505107646466058e-14,16.68899489695451,mpmath_1792,3.292538440316186,8.718749999999998,7.884472867533711,53
kms_10,10,Float64,true,taylor,complexschur,0.004655277,0.00111276,0.0021969750000000003,0.011467254,7.0e-8,0.021284995,81,0,4.118046071574423e-84,10.49982989309283,1,1.727233711018889e-77,3.585800074798733e-17,6.784965060762379e-16,16.68899489695451,mpmath_1792,3.292538440316186,8.718749999999998,7.884472867533711,256
kms_10,10,Float64,true,taylor,complexschur,0.009252703,0.000872645,0.004672436000000001,0.014038273,0.004747221,0.035251449,90,6,3.225639170964645e-266,1.042810009805911,1,1.331998346195134e-256,3.585800074798733e-17,6.784965060762379e-16,16.68899489695451,mpmath_1792,3.292538440316186,8.718749999999998,7.884472867533711,851
kms_10,10,Float64,true,taylor,realschur,0.002621176,0.000326519,0.0009303260000000001,0.0015218839999999998,4.0e-8,0.005950503,25,0,4.996003610813204e-16,10.49982989309284,1,2.220446049250313e-16,2.812852688856934e-15,7.505107646466058e-14,16.68899489695451,mpmath_1792,3.292538440316186,8.718749999999998,7.884472867533711,53
kms_10,10,Float64,true,taylor,realschur,0.004696454,0.000505042,0.0012105940000000002,0.0022966460000000003,4.0e-8,0.009182605,81,0,4.118046071574423e-84,10.49982989309283,1,1.727233711018889e-77,3.585800074798733e-17,6.784965060762379e-16,16.68899489695451,mpmath_1792,3.292538440316186,8.718749999999998,7.884472867533711,256
kms_10,10,Float64,true,taylor,realschur,0.005323383,0.0005331890000000001,0.0034218309999999997,0.003225038,0.002581212,0.016221359,90,6,3.225639170964645e-266,1.042810009805911,1,1.331998346195134e-256,3.585800074798733e-17,6.784965060762379e-16,16.68899489695451,mpmath_1792,3.292538440316186,8.718749999999998,7.884472867533711,851
lesp_10,10,Float64,false,scaling_and_squaring,NaN,NaN,NaN,NaN,NaN,NaN,2.6436e-5,NaN,NaN,NaN,NaN,NaN,2.220446049250313e-16,2.079439004096765e-15,2.612488755093481e-17,0.01080312886619892,mpmath_1792,51.98851071542212,7.30970817216349,6.694545265994159,53
lesp_10,10,Float64,false,diagonalcheap,transfree,0.0,6.6271e-5,0.001273433,0.001316188,0.000259906,0.076369678,13,2,1.683721768470825e-15,10.72497451781743,27.62417865657607,2.220446049250313e-16,1.191337407423348e-15,1.474602346536451e-17,0.01080312886619892,mpmath_1792,51.98851071542212,7.30970817216349,6.694545265994159,53
lesp_10,10,Float64,false,diagonalcheap,transfree,0.0,0.0002999280000000001,0.002670925,0.002985703,0.000113909,0.00630975,43,1,3.743165269114985e-81,114.5773675406453,601.0516346394811,1.727233711018889e-77,4.268288922858206e-17,4.334340438452233e-19,0.01080312886619892,mpmath_1792,51.98851071542212,7.30970817216349,6.694545265994159,256
lesp_10,10,Float64,false,diagonalcheap,transfree,0.0,0.000998305,0.04046009599999999,0.00759463,0.000487214,0.049890663,91,2,2.26527536409163e-280,10.72497451781742,28.78084329178433,1.331998346195134e-256,4.268288922858206e-17,4.334340438452233e-19,0.01080312886619892,mpmath_1792,51.98851071542212,7.30970817216349,6.694545265994159,851
lesp_10,10,Float64,false,diagonalcheap,complexschur,0.002337612,0.00015752300000000002,0.002440948,0.009572325999999999,0.000685481,0.01646952,13,2,7.440554623327479e-16,10.61977409125889,27.72229738032702,2.220446049250313e-16,5.654208157272545e-15,7.479821640729055e-17,0.01080312886619892,mpmath_1792,51.98851071542212,7.30970817216349,6.694545265994159,53
lesp_10,10,Float64,false,diagonalcheap,complexschur,0.004780777,0.0007284900000000001,0.006164275000000001,0.012456568,0.000408097,0.025878883,43,1,2.196334133972243e-80,112.7796017493746,599.4169613512441,1.727233711018889e-77,4.268288922858206e-17,4.334340438452233e-19,0.01080312886619892,mpmath_1792,51.98851071542212,7.30970817216349,6.694545265994159,256
lesp_10,10,Float64,false,diagonalcheap,complexschur,0.006153542,0.0014891289999999998,0.013768537,0.019730302,0.001214643,0.044407891,91,2,4.505530898141704e-280,10.61977409125889,28.88495665784711,1.331998346195134e-256,4.268288922858206e-17,4.334340438452233e-19,0.01080312886619892,mpmath_1792,51.98851071542212,7.30970817216349,6.694545265994159,851
lesp_10,10,Float64,false,diagonalcheap,realschur,0.002106026,7.9526e-5,0.0015134430000000002,0.001093606,0.000258283,0.005574324,13,2,7.440554623327479e-16,10.61977409125889,27.72229738032702,2.220446049250313e-16,5.654208157272545e-15,7.479821640729055e-17,0.01080312886619892,mpmath_1792,51.98851071542212,7.30970817216349,6.694545265994159,53
lesp_10,10,Float64,false,diagonalcheap,realschur,0.002758618,0.00033336899999999997,0.0029298590000000004,0.002353555,0.00014737,0.008996706,43,1,2.196334133972243e-80,112.7796017493746,599.4169613512443,1.727233711018889e-77,4.268288922858206e-17,4.334340438452233e-19,0.01080312886619892,mpmath_1792,51.98851071542212,7.30970817216349,6.694545265994159,256
lesp_10,10,Float64,false,diagonalcheap,realschur,0.006067861,0.001067862,0.011019316000000003,0.038854214000000005,0.001061941,0.059062056,91,2,4.505530898141704e-280,10.61977409125889,28.88495665784711,1.331998346195134e-256,4.268288922858206e-17,4.334340438452233e-19,0.01080312886619892,mpmath_1792,51.98851071542212,7.30970817216349,6.694545265994159,851
lesp_10,10,Float64,false,taylor,transfree,0.0,0.000250465,0.00098551,0.001030096,0.000164526,0.002657855,30,2,0,9.738092719184028,1,2.220446049250313e-16,1.960744808258928e-16,2.196383112048952e-18,0.01080312886619892,mpmath_1792,51.98851071542212,7.30970817216349,6.694545265994159,53
lesp_10,10,Float64,false,taylor,transfree,0.0,0.0007425020000000001,0.002526939,0.0033535690000000003,0.000218118,0.007208178,81,2,1.550197263183476e-79,9.738092719184028,1,1.727233711018889e-77,4.268288922858206e-17,4.334340438452233e-19,0.01080312886619892,mpmath_1792,51.98851071542212,7.30970817216349,6.694545265994159,256
lesp_10,10,Float64,false,taylor,transfree,0.0,0.000630944,0.004377878000000001,0.005937479,0.003622864,0.014977143,90,8,1.00184036192112e-257,1.03780586533594,1,1.331998346195134e-256,4.268288922858206e-17,4.334340438452233e-19,0.01080312886619892,mpmath_1792,51.98851071542212,7.30970817216349,6.694545265994159,851
lesp_10,10,Float64,false,taylor,complexschur,0.002519585,0.000648684,0.002097639999999999,0.006825372,0.000993748,0.014416145,30,2,0,9.650704321349973,1,2.220446049250313e-16,5.662220452030202e-15,7.479821640729055e-17,0.01080312886619892,mpmath_1792,51.98851071542212,7.30970817216349,6.694545265994159,53
lesp_10,10,Float64,false,taylor,complexschur,0.002938185,0.0007049819999999999,0.0017994400000000005,0.006953824,0.001186753,0.015314352,81,2,1.449058051665608e-79,9.650704321349968,1,1.727233711018889e-77,4.268288922858206e-17,4.334340438452233e-19,0.01080312886619892,mpmath_1792,51.98851071542212,7.30970817216349,6.694545265994159,256
lesp_10,10,Float64,false,taylor,complexschur,0.009647574,0.0011586939999999998,0.007574837999999998,0.010980234,0.005120852,0.036266793,90,8,9.301391737501444e-258,1.037607378112738,1,1.331998346195134e-256,4.268288922858206e-17,4.334340438452233e-19,0.01080312886619892,mpmath_1792,51.98851071542212,7.30970817216349,6.694545265994159,851
lesp_10,10,Float64,false,taylor,realschur,0.001333603,0.00026549799999999997,0.0008793859999999999,0.000996527,0.000195421,0.004074893,30,2,0,9.650704321349973,1,2.220446049250313e-16,5.662220452030202e-15,7.479821640729055e-17,0.01080312886619892,mpmath_1792,51.98851071542212,7.30970817216349,6.694545265994159,53
lesp_10,10,Float64,false,taylor,realschur,0.002828463,0.0005671129999999998,0.0014956239999999994,0.002545137,0.000373656,0.008310184,81,2,1.449058051665608e-79,9.650704321349968,1,1.727233711018889e-77,4.268288922858206e-17,4.334340438452233e-19,0.01080312886619892,mpmath_1792,51.98851071542212,7.30970817216349,6.694545265994159,256
lesp_10,10,Float64,false,taylor,realschur,0.009548997,0.0007978890000000002,0.005017825000000001,0.0038980719999999994,0.002714114,0.022820086,90,8,9.301391737501444e-258,1.037607378112738,1,1.331998346195134e-256,4.268288922858206e-17,4.334340438452233e-19,0.01080312886619892,mpmath_1792,51.98851071542212,7.30970817216349,6.694545265994159,851
lotkin_10,10,Rational{Int64},false,scaling_and_squaring,NaN,NaN,NaN,NaN,NaN,NaN,2.6836e-5,NaN,NaN,NaN,NaN,NaN,2.220446049250313e-16,1.413328628529068e-16,1.942890293094024e-15,13.32017997457215,mpmath_1792,3.493049942322684,3.3822546773563918e13,2.7673395684266797e13,53
lotkin_10,10,Rational{Int64},false,diagonalcheap,transfree,0.0,8.0159e-5,0.0012427360000000001,0.0012412049999999998,3.0e-8,0.080288662,13,0,2.742495543920821e-16,13.32017997457216,5.421617906146216,2.220446049250313e-16,5.338345013782877e-16,6.938893903907228e-15,13.32017997457215,mpmath_1792,3.493049942322684,3.3822546773563918e13,2.7673395684266797e13,53
lotkin_10,10,Rational{Int64},false,diagonalcheap,transfree,0.0,0.0004944390000000001,0.00212023,0.002488169,9.0e-8,0.005400182,31,0,1.075888783977265e-79,13.32017997457215,5.321572829746615,1.727233711018889e-77,5.161593994353624e-17,7.340538917269786e-16,13.32017997457215,mpmath_1792,3.493049942322684,3.3822546773563918e13,2.7673395684266797e13,256
lotkin_10,10,Rational{Int64},false,diagonalcheap,transfree,0.0,0.038257351,0.009352711000000001,0.013307863,3.0e-8,0.06135944,81,0,1.006845187491475e-274,13.32017997457214,5.278874568129015,1.331998346195134e-256,5.161593994353624e-17,7.340538917269786e-16,13.32017997457215,mpmath_1792,3.493049942322684,3.3822546773563918e13,2.7673395684266797e13,851
lotkin_10,10,Rational{Int64},false,diagonalcheap,complexschur,0.001132727,0.000117156,0.0018054589999999997,0.004810194,5.1e-8,0.009199655,13,0,4.81354309882631e-17,11.34247442943036,5.281722387341183,2.220446049250313e-16,1.27723102184528e-15,2.470246229790973e-14,13.32017997457215,mpmath_1792,3.493049942322684,3.3822546773563918e13,2.7673395684266797e13,53
lotkin_10,10,Rational{Int64},false,diagonalcheap,complexschur,0.001939951,0.000352942,0.0028816659999999993,0.005958012999999999,4.0e-8,0.01222314,31,0,2.380425854722591e-80,11.34247442943035,6.512049628319328,1.727233711018889e-77,5.161593994353624e-17,7.340538917269786e-16,13.32017997457215,mpmath_1792,3.493049942322684,3.3822546773563918e13,2.7673395684266797e13,256
lotkin_10,10,Rational{Int64},false,diagonalcheap,complexschur,0.007208688,0.001327471,0.010132885000000005,0.020989895,5.0e-8,0.042080484,81,0,1.011529103516607e-275,11.34247442943037,6.460291197883408,1.331998346195134e-256,5.161593994353624e-17,7.340538917269786e-16,13.32017997457215,mpmath_1792,3.493049942322684,3.3822546773563918e13,2.7673395684266797e13,851
lotkin_10,10,Rational{Int64},false,diagonalcheap,realschur,0.002081808,0.00012234500000000002,0.0018262029999999998,0.001735281,4.0e-8,0.006546999,13,0,4.81354309882631e-17,11.34247442943036,5.281722387341183,2.220446049250313e-16,1.27723102184528e-15,2.470246229790973e-14,13.32017997457215,mpmath_1792,3.493049942322684,3.3822546773563918e13,2.7673395684266797e13,53
lotkin_10,10,Rational{Int64},false,diagonalcheap,realschur,0.002033758,0.000259315,0.002137376,0.0017804459999999998,4.0e-8,0.006725934,31,0,2.380425854722591e-80,11.34247442943035,6.512049628319329,1.727233711018889e-77,5.161593994353624e-17,7.340538917269786e-16,13.32017997457215,mpmath_1792,3.493049942322684,3.3822546773563918e13,2.7673395684266797e13,256
lotkin_10,10,Rational{Int64},false,diagonalcheap,realschur,0.005211305,0.000629271,0.005406448000000001,0.008325818999999998,4.0e-8,0.020849401,81,0,1.011529103516607e-275,11.34247442943037,6.460291197883408,1.331998346195134e-256,5.161593994353624e-17,7.340538917269786e-16,13.32017997457215,mpmath_1792,3.493049942322684,3.3822546773563918e13,2.7673395684266797e13,851
lotkin_10,10,Rational{Int64},false,taylor,transfree,0.0,0.00038989799999999996,0.0007965949999999999,0.0021314,4.0e-8,0.003763016,25,0,1.110223024625157e-16,10.2597363956153,1,2.220446049250313e-16,1.091553902965177e-16,1.720845688168993e-15,13.32017997457215,mpmath_1792,3.493049942322684,3.3822546773563918e13,2.7673395684266797e13,53
lotkin_10,10,Rational{Int64},false,taylor,transfree,0.0,0.001101862,0.0013206489999999997,0.003995287,4.0e-8,0.006832698,72,0,1.257411599977463e-77,10.25973639561529,1,1.727233711018889e-77,5.161593994353624e-17,7.340538917269786e-16,13.32017997457215,mpmath_1792,3.493049942322684,3.3822546773563918e13,2.7673395684266797e13,256
lotkin_10,10,Rational{Int64},false,taylor,transfree,0.0,0.0020236649999999996,0.004173475,0.008026947000000001,0.002809054,0.017534756,90,6,1.785793442946978e-269,1.046629606915533,1,1.331998346195134e-256,5.161593994353624e-17,7.340538917269786e-16,13.32017997457215,mpmath_1792,3.493049942322684,3.3822546773563918e13,2.7673395684266797e13,851
lotkin_10,10,Rational{Int64},false,taylor,complexschur,0.002108004,0.000497594,0.001188245,0.004809873,9.0e-8,0.009858478,25,0,1.665334536937735e-16,8.764712112115657,1,2.220446049250313e-16,1.373476647776659e-15,2.431388423929093e-14,13.32017997457215,mpmath_1792,3.493049942322684,3.3822546773563918e13,2.7673395684266797e13,53
lotkin_10,10,Rational{Int64},false,taylor,complexschur,0.002173592,0.0011803859999999998,0.0020339869999999993,0.011514902999999998,4.0e-8,0.018801505,72,0,3.122920238378464e-78,8.764712112115651,1,1.727233711018889e-77,5.161593994353624e-17,7.340538917269786e-16,13.32017997457215,mpmath_1792,3.493049942322684,3.3822546773563918e13,2.7673395684266797e13,256
lotkin_10,10,Rational{Int64},false,taylor,complexschur,0.007659092,0.0014577340000000002,0.006944125,0.044865226999999994,0.003772395,0.066406054,90,6,3.745231901815626e-270,1.038675312959412,1,1.331998346195134e-256,5.161593994353624e-17,7.340538917269786e-16,13.32017997457215,mpmath_1792,3.493049942322684,3.3822546773563918e13,2.7673395684266797e13,851
lotkin_10,10,Rational{Int64},false,taylor,realschur,0.001119466,0.000203237,0.000631614,0.0008322939999999999,3.0e-8,0.003208945,25,0,1.665334536937735e-16,8.764712112115657,1,2.220446049250313e-16,1.373476647776659e-15,2.431388423929093e-14,13.32017997457215,mpmath_1792,3.493049942322684,3.3822546773563918e13,2.7673395684266797e13,53
lotkin_10,10,Rational{Int64},false,taylor,realschur,0.002011846,0.0004893459999999999,0.0010814560000000004,0.002046812,4.0e-8,0.006133362,72,0,3.122920238378464e-78,8.764712112115651,1,1.727233711018889e-77,5.161593994353624e-17,7.340538917269786e-16,13.32017997457215,mpmath_1792,3.493049942322684,3.3822546773563918e13,2.7673395684266797e13,256
lotkin_10,10,Rational{Int64},false,taylor,realschur,0.007631612,0.0008398079999999998,0.004303521000000001,0.00499223,0.003181958,0.02233321,90,6,3.745231901815626e-270,1.038675312959412,1,1.331998346195134e-256,5.161593994353624e-17,7.340538917269786e-16,13.32017997457215,mpmath_1792,3.493049942322684,3.3822546773563918e13,2.7673395684266797e13,851
orthog_10_1,10,Float64,true,scaling_and_squaring,NaN,NaN,NaN,NaN,NaN,NaN,6.2531e-5,NaN,NaN,NaN,NaN,NaN,2.220446049250313e-16,9.866201951360682e-16,7.438494264988549e-15,5.028359662476911,mpmath_1792,1.401437683265231,8.795300014310591,1.0000000000000007,53
orthog_10_1,10,Float64,true,diagonalcheap,transfree,0.000889051,0.0,0.0,0.0,0.0,0.102584472,NaN,NaN,NaN,NaN,NaN,2.220446049250313e-16,5.314264569633792e-16,3.552713678800501e-15,5.028359662476911,mpmath_1792,1.401437683265231,8.795300014310591,1.0000000000000007,53
orthog_10_1,10,Float64,true,diagonalcheap,transfree,0.00362225,0.0,0.0,0.0,0.0,0.004073625,NaN,NaN,NaN,NaN,NaN,1.727233711018889e-77,5.567924661731303e-17,3.286849861662383e-16,5.028359662476911,mpmath_1792,1.401437683265231,8.795300014310591,1.0000000000000007,256
orthog_10_1,10,Float64,true,diagonalcheap,transfree,0.015409468,0.0,0.0,0.0,0.0,0.016521796,NaN,NaN,NaN,NaN,NaN,1.331998346195134e-256,5.567924661731303e-17,3.286849861662383e-16,5.028359662476911,mpmath_1792,1.401437683265231,8.795300014310591,1.0000000000000007,851
orthog_10_1,10,Float64,true,diagonalcheap,complexschur,0.00055462,4.66e-6,0.0017679610000000002,0.0030306219999999997,3.1e-8,0.006435858,9,0,1.152469038860686e-17,2.718281828459047,2.7182818284590478,2.220446049250313e-16,9.305135788350802e-16,6.744604874597826e-15,5.028359662476911,mpmath_1792,1.401437683265231,8.795300014310591,1.0000000000000007,53
orthog_10_1,10,Float64,true,diagonalcheap,complexschur,0.001927985,0.00042994,0.0045092579999999995,0.008280988,1.6e-7,0.016918375,25,0,1.393447587571537e-80,2.718281828459046,2.7182818284590455,1.727233711018889e-77,5.567924661731303e-17,3.286849861662383e-16,5.028359662476911,mpmath_1792,1.401437683265231,8.795300014310591,1.0000000000000007,256
orthog_10_1,10,Float64,true,diagonalcheap,complexschur,0.004758959,0.0007809049999999999,0.007980851,0.043441399,3.0e-8,0.058423745,65,0,3.381632240058543e-260,2.718281828459047,2.7182818284590464,1.331998346195134e-256,5.567924661731303e-17,3.286849861662383e-16,5.028359662476911,mpmath_1792,1.401437683265231,8.795300014310591,1.0000000000000007,851
orthog_10_1,10,Float64,true,diagonalcheap,realschur,0.000495787,2.847e-6,0.0010583230000000001,0.000710468,4.0e-8,0.00263733,9,0,1.152469038860686e-17,2.718281828459047,2.7182818284590478,2.220446049250313e-16,9.305135788350802e-16,6.744604874597826e-15,5.028359662476911,mpmath_1792,1.401437683265231,8.795300014310591,1.0000000000000007,53
orthog_10_1,10,Float64,true,diagonalcheap,realschur,0.002238345,0.000195588,0.0020804929999999997,0.0014750969999999999,4.0e-8,0.006433794,25,0,1.393447587571537e-80,2.718281828459046,2.7182818284590455,1.727233711018889e-77,5.567924661731303e-17,3.286849861662383e-16,5.028359662476911,mpmath_1792,1.401437683265231,8.795300014310591,1.0000000000000007,256
orthog_10_1,10,Float64,true,diagonalcheap,realschur,0.00455843,0.000521359,0.005596808000000002,0.0071439649999999995,5.0e-8,0.018953023,65,0,3.381632240058543e-260,2.718281828459046,2.7182818284590464,1.331998346195134e-256,5.567924661731303e-17,3.286849861662383e-16,5.028359662476911,mpmath_1792,1.401437683265231,8.795300014310591,1.0000000000000007,851
orthog_10_1,10,Float64,true,taylor,transfree,0.001400962,0.0,0.0,0.0,0.0,0.00195934,NaN,NaN,NaN,NaN,NaN,2.220446049250313e-16,5.314264569633792e-16,3.552713678800501e-15,5.028359662476911,mpmath_1792,1.401437683265231,8.795300014310591,1.0000000000000007,53
orthog_10_1,10,Float64,true,taylor,transfree,0.005169378,0.0,0.0,0.0,0.0,0.005673182,NaN,NaN,NaN,NaN,NaN,1.727233711018889e-77,5.567924661731303e-17,3.286849861662383e-16,5.028359662476911,mpmath_1792,1.401437683265231,8.795300014310591,1.0000000000000007,256
orthog_10_1,10,Float64,true,taylor,transfree,0.010718942,0.0,0.0,0.0,0.0,0.011582629,NaN,NaN,NaN,NaN,NaN,1.331998346195134e-256,5.567924661731303e-17,3.286849861662383e-16,5.028359662476911,mpmath_1792,1.401437683265231,8.795300014310591,1.0000000000000007,851
orthog_10_1,10,Float64,true,taylor,complexschur,0.000584794,0.000440662,0.0010527929999999998,0.004315282,4.0e-8,0.0081182,20,0,2.775557561562891e-17,2.666666666666668,1,2.220446049250313e-16,9.305135788350802e-16,6.744604874597826e-15,5.028359662476911,mpmath_1792,1.401437683265231,8.795300014310591,1.0000000000000007,53
orthog_10_1,10,Float64,true,taylor,complexschur,0.003530649,0.000797999,0.0014168269999999998,0.007920293,4.0e-8,0.01545817,56,0,2.510772072132015e-77,2.666666666666667,1,1.727233711018889e-77,5.567924661731303e-17,3.286849861662383e-16,5.028359662476911,mpmath_1792,1.401437683265231,8.795300014310591,1.0000000000000007,256
orthog_10_1,10,Float64,true,taylor,complexschur,0.009186846,0.001211116,0.00675013,0.012232447,0.003408102,0.035324635,90,5,7.954330534215792e-278,1.031743407499103,1,1.331998346195134e-256,5.567924661731303e-17,3.286849861662383e-16,5.028359662476911,mpmath_1792,1.401437683265231,8.795300014310591,1.0000000000000007,851
orthog_10_1,10,Float64,true,taylor,realschur,0.000965651,0.00032887899999999997,0.0008938989999999999,0.0013751689999999999,4.0e-8,0.004180949,20,0,2.775557561562891e-17,2.666666666666668,1,2.220446049250313e-16,9.305135788350802e-16,6.744604874597826e-15,5.028359662476911,mpmath_1792,1.401437683265231,8.795300014310591,1.0000000000000007,53
orthog_10_1,10,Float64,true,taylor,realschur,0.003557986,0.0004131170000000001,0.0009068810000000001,0.0017503310000000002,4.0e-8,0.007167159,56,0,2.510772072132015e-77,2.666666666666667,1,1.727233711018889e-77,5.567924661731303e-17,3.286849861662383e-16,5.028359662476911,mpmath_1792,1.401437683265231,8.795300014310591,1.0000000000000007,256
orthog_10_1,10,Float64,true,taylor,realschur,0.004652186,0.0005628669999999999,0.0033961310000000006,0.003280313,0.001435694,0.014147487,90,5,7.954330534215792e-278,1.031743407499103,1,1.331998346195134e-256,5.567924661731303e-17,3.286849861662383e-16,5.028359662476911,mpmath_1792,1.401437683265231,8.795300014310591,1.0000000000000007,851
orthog_10_2,10,Float64,true,scaling_and_squaring,NaN,NaN,NaN,NaN,NaN,NaN,7.4716e-5,NaN,NaN,NaN,NaN,NaN,2.220446049250313e-16,1.123450062981094e-15,8.104628079763643e-15,4.965167063499091,mpmath_1792,1.401437683265231,8.47925117194573,1.0000000000000007,53
orthog_10_2,10,Float64,true,diagonalcheap,transfree,0.000931617,0.0,0.0,0.0,0.0,0.001317433,NaN,NaN,NaN,NaN,NaN,2.220446049250313e-16,5.829678195316893e-16,3.511080315377058e-15,4.965167063499091,mpmath_1792,1.401437683265231,8.47925117194573,1.0000000000000007,53
orthog_10_2,10,Float64,true,diagonalcheap,transfree,0.003724834,0.0,0.0,0.0,0.0,0.00439718,NaN,NaN,NaN,NaN,NaN,1.727233711018889e-77,4.432159371134331e-17,2.664605510966188e-16,4.965167063499091,mpmath_1792,1.401437683265231,8.47925117194573,1.0000000000000007,256
orthog_10_2,10,Float64,true,diagonalcheap,transfree,0.014615366,0.0,0.0,0.0,0.0,0.016353128,NaN,NaN,NaN,NaN,NaN,1.331998346195134e-256,4.432159371134331e-17,2.664605510966188e-16,4.965167063499091,mpmath_1792,1.401437683265231,8.47925117194573,1.0000000000000007,851
orthog_10_2,10,Float64,true,diagonalcheap,complexschur,0.001640239,3.4669999999999996e-6,0.0017628350000000001,0.004422342,5.0e-8,0.009499334,9,0,1.152469038860686e-17,2.71828182845905,2.718281828459049,2.220446049250313e-16,1.424256173570105e-15,1.244837566360957e-14,4.965167063499091,mpmath_1792,1.401437683265231,8.47925117194573,1.0000000000000007,53
orthog_10_2,10,Float64,true,diagonalcheap,complexschur,0.003505788,0.00039976700000000004,0.004206504,0.006297581,3.0e-8,0.015581466,25,0,1.392937073709082e-80,2.718281828459046,2.7182818284590464,1.727233711018889e-77,4.432159371134331e-17,2.664605510966188e-16,4.965167063499091,mpmath_1792,1.401437683265231,8.47925117194573,1.0000000000000007,256
orthog_10_2,10,Float64,true,diagonalcheap,complexschur,0.044128038,0.001053933,0.011419571000000003,0.015036237000000001,3.0e-8,0.073065297,65,0,3.38163224005874e-260,2.718281828459047,2.7182818284590473,1.331998346195134e-256,4.432159371134331e-17,2.664605510966188e-16,4.965167063499091,mpmath_1792,1.401437683265231,8.47925117194573,1.0000000000000007,851
orthog_10_2,10,Float64,true,diagonalcheap,realschur,0.000924622,2.1340000000000002e-6,0.0009235879999999999,0.0007317809999999999,4.0e-8,0.003019631,9,0,1.152469038860686e-17,2.718281828459049,2.7182818284590495,2.220446049250313e-16,1.424256173570105e-15,1.244837566360957e-14,4.965167063499091,mpmath_1792,1.401437683265231,8.47925117194573,1.0000000000000007,53
orthog_10_2,10,Float64,true,diagonalcheap,realschur,0.001957791,0.000242547,0.00195168,0.001536059,4.0e-8,0.006125843,25,0,1.392937073709082e-80,2.718281828459046,2.7182818284590464,1.727233711018889e-77,4.432159371134331e-17,2.664605510966188e-16,4.965167063499091,mpmath_1792,1.401437683265231,8.47925117194573,1.0000000000000007,256
orthog_10_2,10,Float64,true,diagonalcheap,realschur,0.006758666,0.0007913459999999998,0.008769917000000002,0.0076334160000000005,4.0e-8,0.024774319,65,0,3.38163224005874e-260,2.718281828459046,2.7182818284590473,1.331998346195134e-256,4.432159371134331e-17,2.664605510966188e-16,4.965167063499091,mpmath_1792,1.401437683265231,8.47925117194573,1.0000000000000007,851
orthog_10_2,10,Float64,true,taylor,transfree,0.000725908,0.0,0.0,0.0,0.0,0.001083815,NaN,NaN,NaN,NaN,NaN,2.220446049250313e-16,5.829678195316893e-16,3.511080315377058e-15,4.965167063499091,mpmath_1792,1.401437683265231,8.47925117194573,1.0000000000000007,53
orthog_10_2,10,Float64,true,taylor,transfree,0.006281338,0.0,0.0,0.0,0.0,0.00704306,NaN,NaN,NaN,NaN,NaN,1.727233711018889e-77,4.432159371134331e-17,2.664605510966188e-16,4.965167063499091,mpmath_1792,1.401437683265231,8.47925117194573,1.0000000000000007,256
orthog_10_2,10,Float64,true,taylor,transfree,0.018925284,0.0,0.0,0.0,0.0,0.020270847,NaN,NaN,NaN,NaN,NaN,1.331998346195134e-256,4.432159371134331e-17,2.664605510966188e-16,4.965167063499091,mpmath_1792,1.401437683265231,8.47925117194573,1.0000000000000007,851
orthog_10_2,10,Float64,true,taylor,complexschur,0.001665612,0.000463609,0.001206749,0.005324942,4.0e-8,0.010481376,20,0,2.775557561562891e-17,2.66666666666667,1,2.220446049250313e-16,1.424256173570105e-15,1.244837566360957e-14,4.965167063499091,mpmath_1792,1.401437683265231,8.47925117194573,1.0000000000000007,53
orthog_10_2,10,Float64,true,taylor,complexschur,0.003690403,0.0009376390000000001,0.0017613020000000004,0.01010568,5.0e-8,0.018424678,56,0,2.510771866229711e-77,2.666666666666668,1,1.727233711018889e-77,4.432159371134331e-17,2.664605510966188e-16,4.965167063499091,mpmath_1792,1.401437683265231,8.47925117194573,1.0000000000000007,256
orthog_10_2,10,Float64,true,taylor,complexschur,0.009045044,0.0011668160000000002,0.006793554000000001,0.015203521000000001,0.017520718,0.051464291,90,5,7.953641907210839e-278,1.031743407499103,1,1.331998346195134e-256,4.432159371134331e-17,2.664605510966188e-16,4.965167063499091,mpmath_1792,1.401437683265231,8.47925117194573,1.0000000000000007,851
orthog_10_2,10,Float64,true,taylor,realschur,0.000899871,0.000214969,0.0005903970000000001,0.000710504,4.0e-8,0.002782746,20,0,2.775557561562891e-17,2.66666666666667,1,2.220446049250313e-16,1.424256173570105e-15,1.244837566360957e-14,4.965167063499091,mpmath_1792,1.401437683265231,8.47925117194573,1.0000000000000007,53
orthog_10_2,10,Float64,true,taylor,realschur,0.001925935,0.0004484869999999999,0.0010396340000000002,0.001721689,3.0e-8,0.005563969,56,0,2.510771866229711e-77,2.666666666666668,1,1.727233711018889e-77,4.432159371134331e-17,2.664605510966188e-16,4.965167063499091,mpmath_1792,1.401437683265231,8.47925117194573,1.0000000000000007,256
orthog_10_2,10,Float64,true,taylor,realschur,0.00462701,0.0009426029999999999,0.0055577660000000004,0.0053894369999999995,0.001523825,0.018973936,90,5,7.953641907210839e-278,1.031743407499103,1,1.331998346195134e-256,4.432159371134331e-17,2.664605510966188e-16,4.965167063499091,mpmath_1792,1.401437683265231,8.47925117194573,1.0000000000000007,851
orthog_10_5,10,Float64,true,scaling_and_squaring,NaN,NaN,NaN,NaN,NaN,NaN,7.9226e-5,NaN,NaN,NaN,NaN,NaN,2.220446049250313e-16,8.284172994875737e-16,5.523359547510154e-15,5.259393115678251,mpmath_1792,1.401437683265231,10.000000000000005,1.000000000000001,53
orthog_10_5,10,Float64,true,diagonalcheap,transfree,0.000907818,0.0,0.0,0.0,0.0,0.001257939,NaN,NaN,NaN,NaN,NaN,2.220446049250313e-16,5.810015840488553e-16,4.635181127810029e-15,5.259393115678251,mpmath_1792,1.401437683265231,10.000000000000005,1.000000000000001,53
orthog_10_5,10,Float64,true,diagonalcheap,transfree,0.003496468,0.0,0.0,0.0,0.0,0.003925434,NaN,NaN,NaN,NaN,NaN,1.727233711018889e-77,5.320844395013043e-17,2.375062728000528e-16,5.259393115678251,mpmath_1792,1.401437683265231,10.000000000000005,1.000000000000001,256
orthog_10_5,10,Float64,true,diagonalcheap,transfree,0.011754667,0.0,0.0,0.0,0.0,0.012893578,NaN,NaN,NaN,NaN,NaN,1.331998346195134e-256,5.320844395013043e-17,2.375062728000528e-16,5.259393115678251,mpmath_1792,1.401437683265231,10.000000000000005,1.000000000000001,851
orthog_10_5,10,Float64,true,diagonalcheap,complexschur,0.001175387,3.408e-6,0.001823921,0.004387571,5.0e-8,0.009228939,9,0,1.152469038860686e-17,2.718281828459047,2.71828182845905,2.220446049250313e-16,8.617461985101893e-16,7.965850201685498e-15,5.259393115678251,mpmath_1792,1.401437683265231,10.000000000000005,1.000000000000001,53
orthog_10_5,10,Float64,true,diagonalcheap,complexschur,0.002323947,0.00033864800000000004,0.0027031179999999996,0.005087404000000001,4.1e-8,0.011557194,25,0,1.393022159352825e-80,2.718281828459046,2.718281828459047,1.727233711018889e-77,5.320844395013043e-17,2.375062728000528e-16,5.259393115678251,mpmath_1792,1.401437683265231,10.000000000000005,1.000000000000001,256
orthog_10_5,10,Float64,true,diagonalcheap,complexschur,0.004844836,0.000847992,0.007700928000000001,0.018102933999999998,4.0e-8,0.032957671,65,0,3.381632240058838e-260,2.718281828459046,2.718281828459047,1.331998346195134e-256,5.320844395013043e-17,2.375062728000528e-16,5.259393115678251,mpmath_1792,1.401437683265231,10.000000000000005,1.000000000000001,851
orthog_10_5,10,Float64,true,diagonalcheap,realschur,0.00105735,2.514e-6,0.001253279,0.00114819,4.0e-8,0.004260094,9,0,1.152469038860686e-17,2.718281828459047,2.71828182845905,2.220446049250313e-16,8.617461985101893e-16,7.965850201685498e-15,5.259393115678251,mpmath_1792,1.401437683265231,10.000000000000005,1.000000000000001,53
orthog_10_5,10,Float64,true,diagonalcheap,realschur,0.002894289,0.000292251,0.002445008,0.002319298,4.0e-8,0.008632162,25,0,1.393022159352825e-80,2.718281828459046,2.718281828459047,1.727233711018889e-77,5.320844395013043e-17,2.375062728000528e-16,5.259393115678251,mpmath_1792,1.401437683265231,10.000000000000005,1.000000000000001,256
orthog_10_5,10,Float64,true,diagonalcheap,realschur,0.007421782,0.000657253,0.0059031380000000005,0.006907186,4.0e-8,0.022001564,65,0,3.381632240058838e-260,2.718281828459047,2.718281828459047,1.331998346195134e-256,5.320844395013043e-17,2.375062728000528e-16,5.259393115678251,mpmath_1792,1.401437683265231,10.000000000000005,1.000000000000001,851
orthog_10_5,10,Float64,true,taylor,transfree,0.001524928,0.0,0.0,0.0,0.0,0.002125091,NaN,NaN,NaN,NaN,NaN,2.220446049250313e-16,5.810015840488553e-16,4.635181127810029e-15,5.259393115678251,mpmath_1792,1.401437683265231,10.000000000000005,1.000000000000001,53
orthog_10_5,10,Float64,true,taylor,transfree,0.005767003,0.0,0.0,0.0,0.0,0.006562807,NaN,NaN,NaN,NaN,NaN,1.727233711018889e-77,5.320844395013043e-17,2.375062728000528e-16,5.259393115678251,mpmath_1792,1.401437683265231,10.000000000000005,1.000000000000001,256
orthog_10_5,10,Float64,true,taylor,transfree,0.014675352,0.0,0.0,0.0,0.0,0.01547865,NaN,NaN,NaN,NaN,NaN,1.331998346195134e-256,5.320844395013043e-17,2.375062728000528e-16,5.259393115678251,mpmath_1792,1.401437683265231,10.000000000000005,1.000000000000001,851
orthog_10_5,10,Float64,true,taylor,complexschur,0.000715195,0.00028961599999999997,0.000728371,0.0026280310000000003,4.0e-8,0.005321622,20,0,2.775557561562891e-17,2.666666666666669,1,2.220446049250313e-16,8.617461985101893e-16,7.965850201685498e-15,5.259393115678251,mpmath_1792,1.401437683265231,10.000000000000005,1.000000000000001,53
orthog_10_5,10,Float64,true,taylor,complexschur,0.002257749,0.001012335,0.001615886,0.009594613,4.0e-8,0.016318926,56,0,2.510771969180863e-77,2.666666666666668,1,1.727233711018889e-77,5.320844395013043e-17,2.375062728000528e-16,5.259393115678251,mpmath_1792,1.401437683265231,10.000000000000005,1.000000000000001,256
orthog_10_5,10,Float64,true,taylor,complexschur,0.032466896,0.001065308,0.00554337,0.009135064,0.002927007,0.052819704,90,5,7.953641907210839e-278,1.031743407499103,1,1.331998346195134e-256,5.320844395013043e-17,2.375062728000528e-16,5.259393115678251,mpmath_1792,1.401437683265231,10.000000000000005,1.000000000000001,851
orthog_10_5,10,Float64,true,taylor,realschur,0.00070303,0.00020176299999999999,0.000613752,0.0007227090000000001,3.0e-8,0.002648523,20,0,2.775557561562891e-17,2.666666666666669,1,2.220446049250313e-16,8.617461985101893e-16,7.965850201685498e-15,5.259393115678251,mpmath_1792,1.401437683265231,10.000000000000005,1.000000000000001,53
orthog_10_5,10,Float64,true,taylor,realschur,0.001865905,0.00041751099999999997,0.0009680399999999999,0.001650707,4.0e-8,0.005370981,56,0,2.510771969180863e-77,2.666666666666668,1,1.727233711018889e-77,5.320844395013043e-17,2.375062728000528e-16,5.259393115678251,mpmath_1792,1.401437683265231,10.000000000000005,1.000000000000001,256
orthog_10_5,10,Float64,true,taylor,realschur,0.004637841,0.0007014329999999999,0.005010371,0.005040187999999999,0.002547828,0.019244691,90,5,7.953641907210839e-278,1.031743407499103,1,1.331998346195134e-256,5.320844395013043e-17,2.375062728000528e-16,5.259393115678251,mpmath_1792,1.401437683265231,10.000000000000005,1.000000000000001,851
orthog_10_6,10,Float64,true,scaling_and_squaring,NaN,NaN,NaN,NaN,NaN,NaN,7.2672e-5,NaN,NaN,NaN,NaN,NaN,2.220446049250313e-16,8.0500148006076e-16,6.293576770843856e-15,4.97650567230082,mpmath_1792,1.401437683265232,8.535533905932741,1.000000000000001,53
orthog_10_6,10,Float64,true,diagonalcheap,transfree,0.000603881,0.0,0.0,0.0,0.0,0.000980146,NaN,NaN,NaN,NaN,NaN,2.220446049250313e-16,6.529751213870401e-16,5.363764987720288e-15,4.97650567230082,mpmath_1792,1.401437683265232,8.535533905932741,1.000000000000001,53
orthog_10_6,10,Float64,true,diagonalcheap,transfree,0.003546793,0.0,0.0,0.0,0.0,0.004119819,NaN,NaN,NaN,NaN,NaN,1.727233711018889e-77,5.550317713316894e-17,2.574721636782698e-16,4.97650567230082,mpmath_1792,1.401437683265232,8.535533905932741,1.000000000000001,256
orthog_10_6,10,Float64,true,diagonalcheap,transfree,0.010449212,0.0,0.0,0.0,0.0,0.011174926,NaN,NaN,NaN,NaN,NaN,1.331998346195134e-256,5.550317713316894e-17,2.574721636782698e-16,4.97650567230082,mpmath_1792,1.401437683265232,8.535533905932741,1.000000000000001,851
orthog_10_6,10,Float64,true,diagonalcheap,complexschur,0.00075202,2.665e-6,0.0012016490000000002,0.002549922,4.0e-8,0.006095945,9,0,1.152469038860686e-17,2.718281828459049,2.718281828459048,2.220446049250313e-16,6.238137096645812e-16,3.885780586188048e-15,4.97650567230082,mpmath_1792,1.401437683265232,8.535533905932741,1.000000000000001,53
orthog_10_6,10,Float64,true,diagonalcheap,complexschur,0.00339646,0.000421079,0.0038056139999999993,0.008080335999999999,3.0e-8,0.016912963,25,0,1.392937073709082e-80,2.718281828459046,2.7182818284590464,1.727233711018889e-77,5.550317713316894e-17,2.574721636782698e-16,4.97650567230082,mpmath_1792,1.401437683265232,8.535533905932741,1.000000000000001,256
orthog_10_6,10,Float64,true,diagonalcheap,complexschur,0.004911563,0.000631478,0.007659449000000001,0.029142018999999998,3.0e-8,0.043794475,65,0,3.381632240058739e-260,2.718281828459046,2.7182818284590464,1.331998346195134e-256,5.550317713316894e-17,2.574721636782698e-16,4.97650567230082,mpmath_1792,1.401437683265232,8.535533905932741,1.000000000000001,851
orthog_10_6,10,Float64,true,diagonalcheap,realschur,0.000767302,1.8240000000000002e-6,0.0010220229999999997,0.000753563,3.0e-8,0.00291277,9,0,1.152469038860686e-17,2.718281828459049,2.718281828459048,2.220446049250313e-16,6.238137096645812e-16,3.885780586188048e-15,4.97650567230082,mpmath_1792,1.401437683265232,8.535533905932741,1.000000000000001,53
orthog_10_6,10,Float64,true,diagonalcheap,realschur,0.001943046,0.000302342,0.0024516169999999997,0.001667141,4.0e-8,0.006815176,25,0,1.392937073709082e-80,2.718281828459046,2.7182818284590464,1.727233711018889e-77,5.550317713316894e-17,2.574721636782698e-16,4.97650567230082,mpmath_1792,1.401437683265232,8.535533905932741,1.000000000000001,256
orthog_10_6,10,Float64,true,diagonalcheap,realschur,0.00498257,0.0006982169999999999,0.006864821,0.007643662,8.0e-8,0.021334723,65,0,3.381632240058739e-260,2.718281828459047,2.7182818284590464,1.331998346195134e-256,5.550317713316894e-17,2.574721636782698e-16,4.97650567230082,mpmath_1792,1.401437683265232,8.535533905932741,1.000000000000001,851
orthog_10_6,10,Float64,true,taylor,transfree,0.001057899,0.0,0.0,0.0,0.0,0.001649744,NaN,NaN,NaN,NaN,NaN,2.220446049250313e-16,6.529751213870401e-16,5.363764987720288e-15,4.97650567230082,mpmath_1792,1.401437683265232,8.535533905932741,1.000000000000001,53
orthog_10_6,10,Float64,true,taylor,transfree,0.005996727,0.0,0.0,0.0,0.0,0.006529469,NaN,NaN,NaN,NaN,NaN,1.727233711018889e-77,5.550317713316894e-17,2.574721636782698e-16,4.97650567230082,mpmath_1792,1.401437683265232,8.535533905932741,1.000000000000001,256
orthog_10_6,10,Float64,true,taylor,transfree,0.013191225,0.0,0.0,0.0,0.0,0.014442477,NaN,NaN,NaN,NaN,NaN,1.331998346195134e-256,5.550317713316894e-17,2.574721636782698e-16,4.97650567230082,mpmath_1792,1.401437683265232,8.535533905932741,1.000000000000001,851
orthog_10_6,10,Float64,true,taylor,complexschur,0.001037275,0.00048291900000000006,0.001021844,0.004629853000000001,3.81e-7,0.00903992,20,0,2.775557561562891e-17,2.66666666666667,1,2.220446049250313e-16,6.238137096645812e-16,3.885780586188048e-15,4.97650567230082,mpmath_1792,1.401437683265232,8.535533905932741,1.000000000000001,53
orthog_10_6,10,Float64,true,taylor,complexschur,0.003543507,0.000997091,0.0017154319999999998,0.009070833,4.0e-8,0.017093621,56,0,2.510771866229711e-77,2.666666666666668,1,1.727233711018889e-77,5.550317713316894e-17,2.574721636782698e-16,4.97650567230082,mpmath_1792,1.401437683265232,8.535533905932741,1.000000000000001,256
orthog_10_6,10,Float64,true,taylor,complexschur,0.008158119,0.001348226,0.007016526999999999,0.012155463,0.023252677,0.054527449,90,5,7.953641907210839e-278,1.031743407499103,1,1.331998346195134e-256,5.550317713316894e-17,2.574721636782698e-16,4.97650567230082,mpmath_1792,1.401437683265232,8.535533905932741,1.000000000000001,851
orthog_10_6,10,Float64,true,taylor,realschur,0.001338113,0.00031961699999999996,0.0009810490000000001,0.000967079,4.0e-8,0.004083854,20,0,2.775557561562891e-17,2.66666666666667,1,2.220446049250313e-16,6.238137096645812e-16,3.885780586188048e-15,4.97650567230082,mpmath_1792,1.401437683265232,8.535533905932741,1.000000000000001,53
orthog_10_6,10,Float64,true,taylor,realschur,0.002111448,0.0005088830000000001,0.001367645,0.001857667,3.0e-8,0.006419339,56,0,2.510771866229711e-77,2.666666666666668,1,1.727233711018889e-77,5.550317713316894e-17,2.574721636782698e-16,4.97650567230082,mpmath_1792,1.401437683265232,8.535533905932741,1.000000000000001,256
orthog_10_6,10,Float64,true,taylor,realschur,0.00545187,0.0006847000000000001,0.0036135239999999995,0.0035860249999999996,0.001557861,0.015805652,90,5,7.953641907210839e-278,1.031743407499103,1,1.331998346195134e-256,5.550317713316894e-17,2.574721636782698e-16,4.97650567230082,mpmath_1792,1.401437683265232,8.535533905932741,1.000000000000001,851
orthog_10_-1,10,Float64,true,scaling_and_squaring,NaN,NaN,NaN,NaN,NaN,NaN,5.8041e-5,NaN,NaN,NaN,NaN,NaN,2.220446049250313e-16,1.293109634171713e-15,5.506706202140776e-14,58.58556268626876,mpmath_1792,6.558348997237998,13.333333333333336,1.5906672908862565,53
orthog_10_-1,10,Float64,true,diagonalcheap,transfree,0.001007921,0.0,0.0,0.0,0.0,0.001380037,NaN,NaN,NaN,NaN,NaN,2.220446049250313e-16,9.829314319095546e-16,5.10702591327572e-14,58.58556268626876,mpmath_1792,6.558348997237998,13.333333333333336,1.5906672908862565,53
orthog_10_-1,10,Float64,true,diagonalcheap,transfree,0.002867158,0.0,0.0,0.0,0.0,0.003414288,NaN,NaN,NaN,NaN,NaN,1.727233711018889e-77,5.00892920351434e-17,2.949910080036284e-15,58.58556268626876,mpmath_1792,6.558348997237998,13.333333333333336,1.5906672908862565,256
orthog_10_-1,10,Float64,true,diagonalcheap,transfree,0.009297393,0.0,0.0,0.0,0.0,0.010015691,NaN,NaN,NaN,NaN,NaN,1.331998346195134e-256,5.00892920351434e-17,2.949910080036284e-15,58.58556268626876,mpmath_1792,6.558348997237998,13.333333333333336,1.5906672908862565,851
orthog_10_-1,10,Float64,true,diagonalcheap,complexschur,0.000757298,9.2231e-5,0.0013998600000000002,0.00348215,4.0e-8,0.006934367,13,0,1.587585164452102e-16,29.20426861373046,29.204268613730463,2.220446049250313e-16,2.132280778505914e-15,1.389999226830696e-13,58.58556268626876,mpmath_1792,6.558348997237998,13.333333333333336,1.5906672908862565,53
orthog_10_-1,10,Float64,true,diagonalcheap,complexschur,0.001867263,0.000718798,0.005209211999999999,0.01198207,4.0e-8,0.020905875,37,0,2.26923409759196e-83,29.20426861373033,29.20426861373033,1.727233711018889e-77,5.00892920351434e-17,2.949910080036284e-15,58.58556268626876,mpmath_1792,6.558348997237998,13.333333333333336,1.5906672908862565,256
orthog_10_-1,10,Float64,true,diagonalcheap,complexschur,0.005124333,0.0011584520000000001,0.011012448000000001,0.023297130000000003,4.0e-8,0.058852055,91,0,9.752038014487577e-280,29.20426861373046,29.204268613730477,1.331998346195134e-256,5.00892920351434e-17,2.949910080036284e-15,58.58556268626876,mpmath_1792,6.558348997237998,13.333333333333336,1.5906672908862565,851
orthog_10_-1,10,Float64,true,diagonalcheap,realschur,0.00078214,8.4325e-5,0.0013757390000000004,0.0009607519999999999,3.0e-8,0.003637052,13,0,1.587585164452102e-16,29.20426861373046,29.204268613730463,2.220446049250313e-16,2.132280778505914e-15,1.389999226830696e-13,58.58556268626876,mpmath_1792,6.558348997237998,13.333333333333336,1.5906672908862565,53
orthog_10_-1,10,Float64,true,diagonalcheap,realschur,0.001868366,0.00033676100000000004,0.0026648979999999993,0.002089405,3.0e-8,0.00741058,37,0,2.26923409759196e-83,29.20426861373033,29.20426861373033,1.727233711018889e-77,5.00892920351434e-17,2.949910080036284e-15,58.58556268626876,mpmath_1792,6.558348997237998,13.333333333333336,1.5906672908862565,256
orthog_10_-1,10,Float64,true,diagonalcheap,realschur,0.00493053,0.0008677100000000002,0.008836493,0.009630284000000001,1.11e-7,0.025452273,91,0,9.752038014487577e-280,29.20426861373046,29.204268613730477,1.331998346195134e-256,5.00892920351434e-17,2.949910080036284e-15,58.58556268626876,mpmath_1792,6.558348997237998,13.333333333333336,1.5906672908862565,851
orthog_10_-1,10,Float64,true,taylor,transfree,0.001351327,0.0,0.0,0.0,0.0,0.001903458,NaN,NaN,NaN,NaN,NaN,2.220446049250313e-16,9.829314319095546e-16,5.10702591327572e-14,58.58556268626876,mpmath_1792,6.558348997237998,13.333333333333336,1.5906672908862565,53
orthog_10_-1,10,Float64,true,taylor,transfree,0.004884753,0.0,0.0,0.0,0.0,0.005615828,NaN,NaN,NaN,NaN,NaN,1.727233711018889e-77,5.00892920351434e-17,2.949910080036284e-15,58.58556268626876,mpmath_1792,6.558348997237998,13.333333333333336,1.5906672908862565,256
orthog_10_-1,10,Float64,true,taylor,transfree,0.013892494,0.0,0.0,0.0,0.0,0.01513322,NaN,NaN,NaN,NaN,NaN,1.331998346195134e-256,5.00892920351434e-17,2.949910080036284e-15,58.58556268626876,mpmath_1792,6.558348997237998,13.333333333333336,1.5906672908862565,851
orthog_10_-1,10,Float64,true,taylor,complexschur,0.00138141,0.000652812,0.001238911,0.006809367,4.0e-8,0.01182873,30,0,2.220446049250313e-16,16.47064075692365,1,2.220446049250313e-16,2.132280778505914e-15,1.389999226830696e-13,58.58556268626876,mpmath_1792,6.558348997237998,13.333333333333336,1.5906672908862565,53
orthog_10_-1,10,Float64,true,taylor,complexschur,0.003424379,0.001207607,0.002231981,0.011815632,3.1e-8,0.02045721,81,0,4.493611873302011e-80,16.47064075692363,1,1.727233711018889e-77,5.00892920351434e-17,2.949910080036284e-15,58.58556268626876,mpmath_1792,6.558348997237998,13.333333333333336,1.5906672908862565,256
orthog_10_-1,10,Float64,true,taylor,complexschur,0.008340368,0.001326068,0.005768994,0.014098916,0.00583781,0.037027475,90,6,3.730649368320894e-257,1.054138314894774,1,1.331998346195134e-256,5.00892920351434e-17,2.949910080036284e-15,58.58556268626876,mpmath_1792,6.558348997237998,13.333333333333336,1.5906672908862565,851
orthog_10_-1,10,Float64,true,taylor,realschur,0.001002741,0.00026590399999999997,0.0006384229999999999,0.0010254980000000001,4.0e-8,0.00332903,30,0,2.220446049250313e-16,16.47064075692365,1,2.220446049250313e-16,2.132280778505914e-15,1.389999226830696e-13,58.58556268626876,mpmath_1792,6.558348997237998,13.333333333333336,1.5906672908862565,53
orthog_10_-1,10,Float64,true,taylor,realschur,0.00174118,0.000508512,0.0011963639999999997,0.002266615,3.0e-8,0.006256584,81,0,4.493611873302011e-80,16.47064075692363,1,1.727233711018889e-77,5.00892920351434e-17,2.949910080036284e-15,58.58556268626876,mpmath_1792,6.558348997237998,13.333333333333336,1.5906672908862565,256
orthog_10_-1,10,Float64,true,taylor,realschur,0.028978605,0.0009972640000000003,0.004995223,0.005330472,0.002066699,0.043283007,90,6,3.730649368320894e-257,1.054138314894774,1,1.331998346195134e-256,5.00892920351434e-17,2.949910080036284e-15,58.58556268626876,mpmath_1792,6.558348997237998,13.333333333333336,1.5906672908862565,851
redheff_10,10,Int64,false,scaling_and_squaring,NaN,NaN,NaN,NaN,NaN,NaN,2.5754e-5,NaN,NaN,NaN,NaN,NaN,2.220446049250313e-16,5.299923002565623e-16,7.993605777301127e-14,157.9162118326071,mpmath_1792,6.079842903390619,120.0,46.77181691292625,53
redheff_10,10,Int64,false,diagonalcheap,transfree,0.0,6.940499999999999e-5,0.0011528220000000004,0.0010305650000000002,8.4666e-5,0.083444459,13,1,7.433619967435733e-17,17.17567239685025,14.472739998403709,2.220446049250313e-16,3.56530826509321e-16,4.796163466380676e-14,157.9162118326071,mpmath_1792,6.079842903390619,120.0,46.77181691292625,53
redheff_10,10,Int64,false,diagonalcheap,transfree,0.0,0.000566398,0.0025801749999999997,0.0033266870000000005,4.0e-8,0.006641139,37,0,1.799503559178041e-78,157.9162118326064,76.96318987722881,1.727233711018889e-77,5.346373887130545e-17,7.569796849965218e-15,157.9162118326071,mpmath_1792,6.079842903390619,120.0,46.77181691292625,256
redheff_10,10,Int64,false,diagonalcheap,transfree,0.0,0.0018113750000000005,0.006482879000000002,0.011898665000000001,9.0e-8,0.020500027,91,0,8.415396905095924e-267,157.9162118326076,75.55760381837553,1.331998346195134e-256,5.346373887130545e-17,7.569796849965218e-15,157.9162118326071,mpmath_1792,6.079842903390619,120.0,46.77181691292625,851
redheff_10,10,Int64,false,diagonalcheap,complexschur,0.001161749,0.00010829499999999999,0.001728781,0.005297871,4.11e-7,0.010194147,13,0,8.203613708839126e-15,80.15733563869544,22.491634381123642,2.220446049250313e-16,2.324700922546499e-15,3.184119634624949e-13,157.9162118326071,mpmath_1792,6.079842903390619,120.0,46.77181691292625,53
redheff_10,10,Int64,false,diagonalcheap,complexschur,0.001737357,0.000634552,0.0045172150000000015,0.010907131999999998,2.01e-7,0.019390898,37,0,2.514737997177129e-81,80.1573356386952,21.255735358391416,1.727233711018889e-77,5.346373887130545e-17,7.569796849965218e-15,157.9162118326071,mpmath_1792,6.079842903390619,120.0,46.77181691292625,256
redheff_10,10,Int64,false,diagonalcheap,complexschur,0.002683508,0.001251819,0.010842220999999999,0.061296393,5.0e-8,0.078074036,91,0,5.439525709852441e-271,80.15733563869458,20.883405977497958,1.331998346195134e-256,5.346373887130545e-17,7.569796849965218e-15,157.9162118326071,mpmath_1792,6.079842903390619,120.0,46.77181691292625,851
redheff_10,10,Int64,false,diagonalcheap,realschur,0.001012218,0.000113286,0.0020320629999999998,0.0016259240000000002,5.1e-8,0.005286539,13,0,8.203613708839126e-15,80.15733563869544,22.491634381123642,2.220446049250313e-16,2.326981017859425e-15,3.184119634624949e-13,157.9162118326071,mpmath_1792,6.079842903390619,120.0,46.77181691292625,53
redheff_10,10,Int64,false,diagonalcheap,realschur,0.001744943,0.00045942800000000006,0.004259809999999999,0.00308298,3.0e-8,0.010018952,37,0,2.514737997177129e-81,80.15733563869522,21.255735358391416,1.727233711018889e-77,5.346373887130545e-17,7.569796849965218e-15,157.9162118326071,mpmath_1792,6.079842903390619,120.0,46.77181691292625,256
redheff_10,10,Int64,false,diagonalcheap,realschur,0.001606355,0.0009754510000000001,0.009354504,0.009428891,3.0e-8,0.022430287,91,0,5.439525709852441e-271,80.15733563869458,20.883405977497958,1.331998346195134e-256,5.346373887130545e-17,7.569796849965218e-15,157.9162118326071,mpmath_1792,6.079842903390619,120.0,46.77181691292625,851
redheff_10,10,Int64,false,taylor,transfree,0.0,0.000290195,0.0008147359999999999,0.0010530529999999998,8.3383e-5,0.002514336,25,1,0,14.02083333333333,1,2.220446049250313e-16,1.508080985850868e-16,1.953992523340276e-14,157.9162118326071,mpmath_1792,6.079842903390619,120.0,46.77181691292625,53
redheff_10,10,Int64,false,taylor,transfree,0.0,0.0009246119999999999,0.0011576239999999997,0.003211184,0.000110319,0.00571446,72,1,4.359487112750832e-79,14.02083333333333,1,1.727233711018889e-77,5.346373887130545e-17,7.569796849965218e-15,157.9162118326071,mpmath_1792,6.079842903390619,120.0,46.77181691292625,256
redheff_10,10,Int64,false,taylor,transfree,0.0,0.0014110719999999998,0.005972276,0.007376689,0.003143355,0.018307482,90,7,1.619537754343687e-271,1.079237177041388,1,1.331998346195134e-256,5.346373887130545e-17,7.569796849965218e-15,157.9162118326071,mpmath_1792,6.079842903390619,120.0,46.77181691292625,851
redheff_10,10,Int64,false,taylor,complexschur,0.001218898,0.000588355,0.001605953,0.005961092999999999,0.000638559,0.012328772,25,1,5.551115123125783e-17,7.349784921791763,1,2.220446049250313e-16,3.442309559203517e-16,4.440892098500626e-14,157.9162118326071,mpmath_1792,6.079842903390619,120.0,46.77181691292625,53
redheff_10,10,Int64,false,taylor,complexschur,0.002039136,0.001253877,0.0022654080000000013,0.011301268,0.000684894,0.01939831,72,1,1.746051534347555e-81,7.349784921791762,1,1.727233711018889e-77,5.346373887130545e-17,7.569796849965218e-15,157.9162118326071,mpmath_1792,6.079842903390619,120.0,46.77181691292625,256
redheff_10,10,Int64,false,taylor,complexschur,0.003093184,0.00148525,0.006196834,0.012883800999999999,0.006943111,0.03296263,90,7,3.335948923054303e-274,1.034843215674577,1,1.331998346195134e-256,5.346373887130545e-17,7.569796849965218e-15,157.9162118326071,mpmath_1792,6.079842903390619,120.0,46.77181691292625,851
redheff_10,10,Int64,false,taylor,realschur,0.001159823,0.00021221300000000002,0.0007348770000000001,0.001004418,0.000113036,0.003710939,25,1,5.551115123125783e-17,7.349784921791763,1,2.220446049250313e-16,3.372967768429217e-16,4.440892098500626e-14,157.9162118326071,mpmath_1792,6.079842903390619,120.0,46.77181691292625,53
redheff_10,10,Int64,false,taylor,realschur,0.001195837,0.0008549579999999998,0.0019765219999999997,0.0036172109999999995,0.00025965,0.008714816,72,1,1.746051534347555e-81,7.349784921791762,1,1.727233711018889e-77,5.346373887130545e-17,7.569796849965218e-15,157.9162118326071,mpmath_1792,6.079842903390619,120.0,46.77181691292625,256
redheff_10,10,Int64,false,taylor,realschur,0.002883818,0.0007406889999999999,0.0041866559999999995,0.005542969,0.002949806,0.017359166,90,7,3.335948923054303e-274,1.034843215674577,1,1.331998346195134e-256,5.346373887130545e-17,7.569796849965218e-15,157.9162118326071,mpmath_1792,6.079842903390619,120.0,46.77181691292625,851
riemann_10,10,Int64,false,scaling_and_squaring,NaN,NaN,NaN,NaN,NaN,NaN,3.7618e-5,NaN,NaN,NaN,NaN,NaN,2.220446049250313e-16,2.533270931621819e-15,2.391971065662801e-10,84214.15598986159,mpmath_1792,21.32723789970713,25084.50000000087,6276.127812157695,53
riemann_10,10,Int64,false,diagonalcheap,transfree,0.0,0.00012631399999999998,0.00228627,0.0019342580000000001,0.000279681,0.088267696,13,2,1.984490023996636e-16,29.24935134290766,14.115803779202846,2.220446049250313e-16,2.355324020732131e-15,1.757598511176184e-10,84214.15598986159,mpmath_1792,21.32723789970713,25084.50000000087,6276.127812157695,53
riemann_10,10,Int64,false,diagonalcheap,transfree,0.0,0.00044911299999999995,0.004105711000000001,0.004946155999999999,0.000195376,0.010065341,43,1,1.004099833678203e-81,394.5223408206865,88.56066934252803,1.727233711018889e-77,4.091672830106874e-17,2.752202661870868e-12,84214.15598986159,mpmath_1792,21.32723789970713,25084.50000000087,6276.127812157695,256
riemann_10,10,Int64,false,diagonalcheap,transfree,0.0,0.000753998,0.008908226000000002,0.013373197,0.001007994,0.024586901,91,2,0,29.24935134290766,13.608999908341431,1.331998346195134e-256,4.091672830106874e-17,2.752202661870868e-12,84214.15598986159,mpmath_1792,21.32723789970713,25084.50000000087,6276.127812157695,851
riemann_10,10,Int64,false,diagonalcheap,complexschur,0.002466254,0.00016061300000000002,0.0028508430000000005,0.004792627,0.000807297,0.013086238,13,2,1.43318574848755e-16,16.91509803513571,7.18465533418393,2.220446049250313e-16,7.384946536448738e-15,6.505160854430869e-10,84214.15598986159,mpmath_1792,21.32723789970713,25084.50000000087,6276.127812157695,53
riemann_10,10,Int64,false,diagonalcheap,complexschur,0.004289853,0.000713623,0.006412874000000002,0.014407933,0.000756011,0.028038744,43,1,1.406023508148245e-81,257.4483670203246,33.49130509629031,1.727233711018889e-77,4.091672830106874e-17,2.752202661870868e-12,84214.15598986159,mpmath_1792,21.32723789970713,25084.50000000087,6276.127812157695,256
riemann_10,10,Int64,false,diagonalcheap,complexschur,0.007560237,0.001446526,0.015858789,0.02973217,0.002154907,0.059449673,91,2,1.03693338377615e-280,16.91509803513568,6.982460530442578,1.331998346195134e-256,4.091672830106874e-17,2.752202661870868e-12,84214.15598986159,mpmath_1792,21.32723789970713,25084.50000000087,6276.127812157695,851
riemann_10,10,Int64,false,diagonalcheap,realschur,0.001666933,7.752900000000001e-5,0.0014026950000000002,0.000968633,0.000208282,0.004779029,13,2,1.43318574848755e-16,16.91509803513571,7.18465533418393,2.220446049250313e-16,7.384946536448738e-15,6.505160854430869e-10,84214.15598986159,mpmath_1792,21.32723789970713,25084.50000000087,6276.127812157695,53
riemann_10,10,Int64,false,diagonalcheap,realschur,0.002497389,0.00037021,0.0029066599999999993,0.004412908,0.000313802,0.011164857,43,1,1.406023508148245e-81,257.4483670203246,33.49130509629031,1.727233711018889e-77,4.091672830106874e-17,2.752202661870868e-12,84214.15598986159,mpmath_1792,21.32723789970713,25084.50000000087,6276.127812157695,256
riemann_10,10,Int64,false,diagonalcheap,realschur,0.009202229,0.00104057,0.009521074000000006,0.045158752,0.001025861,0.066804443,91,2,1.03693338377615e-280,16.91509803513568,6.982460530442578,1.331998346195134e-256,4.091672830106874e-17,2.752202661870868e-12,84214.15598986159,mpmath_1792,21.32723789970713,25084.50000000087,6276.127812157695,851
riemann_10,10,Int64,false,taylor,transfree,0.0,0.000439343,0.0015359880000000003,0.002070334,0.000323112,0.004731069,30,2,1.110223024625157e-16,25.65006510416666,1,2.220446049250313e-16,3.003707237313129e-16,2.478373062331229e-11,84214.15598986159,mpmath_1792,21.32723789970713,25084.50000000087,6276.127812157695,53
riemann_10,10,Int64,false,taylor,transfree,0.0,0.000764708,0.002500863999999999,0.005690143,0.00047649,0.009804179,81,2,2.470827642944654e-83,25.65006510416667,1,1.727233711018889e-77,4.091672830106874e-17,2.752202661870868e-12,84214.15598986159,mpmath_1792,21.32723789970713,25084.50000000087,6276.127812157695,256
riemann_10,10,Int64,false,taylor,transfree,0.0,0.0009195,0.006971663000000001,0.010805669,0.00241146,0.021659711,90,8,7.747932337651438e-264,1.084003695134045,1,1.331998346195134e-256,4.091672830106874e-17,2.752202661870868e-12,84214.15598986159,mpmath_1792,21.32723789970713,25084.50000000087,6276.127812157695,851
riemann_10,10,Int64,false,taylor,complexschur,0.001353762,0.000292118,0.0012544450000000003,0.003326403,0.001075975,0.009174521,25,2,1.110223024625157e-15,16.42510897113804,1,2.220446049250313e-16,7.345770729596488e-15,6.486970960395411e-10,84214.15598986159,mpmath_1792,21.32723789970713,25084.50000000087,6276.127812157695,53
riemann_10,10,Int64,false,taylor,complexschur,0.004453323,0.000954454,0.0027423809999999986,0.007920043,0.000849314,0.018127682,81,2,4.118046071574423e-84,16.42510897113803,1,1.727233711018889e-77,4.091672830106874e-17,2.752202661870868e-12,84214.15598986159,mpmath_1792,21.32723789970713,25084.50000000087,6276.127812157695,256
riemann_10,10,Int64,false,taylor,complexschur,0.005072889,0.001197731,0.008065447000000002,0.010909045000000001,0.004800384,0.031703146,90,8,2.655860276871993e-265,1.066314203333523,1,1.331998346195134e-256,4.091672830106874e-17,2.752202661870868e-12,84214.15598986159,mpmath_1792,21.32723789970713,25084.50000000087,6276.127812157695,851
riemann_10,10,Int64,false,taylor,realschur,0.001450784,0.000214985,0.0009224970000000002,0.0008891470000000001,0.000205407,0.004101591,25,2,1.110223024625157e-15,16.42510897113804,1,2.220446049250313e-16,7.345770729596488e-15,6.486970960395411e-10,84214.15598986159,mpmath_1792,21.32723789970713,25084.50000000087,6276.127812157695,53
riemann_10,10,Int64,false,taylor,realschur,0.002434167,0.0005279859999999999,0.0014185419999999996,0.003139203,0.000519389,0.008693802,81,2,4.118046071574423e-84,16.42510897113803,1,1.727233711018889e-77,4.091672830106874e-17,2.752202661870868e-12,84214.15598986159,mpmath_1792,21.32723789970713,25084.50000000087,6276.127812157695,256
riemann_10,10,Int64,false,taylor,realschur,0.007891486,0.0006278709999999999,0.005196039,0.004919099,0.004299111,0.024152089,90,8,2.655860276871993e-265,1.066314203333523,1,1.331998346195134e-256,4.091672830106874e-17,2.752202661870868e-12,84214.15598986159,mpmath_1792,21.32723789970713,25084.50000000087,6276.127812157695,851
ris_10,10,Rational{Int64},true,scaling_and_squaring,NaN,NaN,NaN,NaN,NaN,NaN,7.5226e-5,NaN,NaN,NaN,NaN,NaN,2.220446049250313e-16,4.61942507602685e-15,4.384600321705179e-14,7.505111848133102,mpmath_1792,2.309621414971629,12.596690828838046,2.414809641491288,53
ris_10,10,Rational{Int64},true,diagonalcheap,transfree,0.001545584,0.0,0.0,0.0,0.0,0.082370129,NaN,NaN,NaN,NaN,NaN,2.220446049250313e-16,1.011345806439917e-15,1.346145417358002e-14,7.505111848133102,mpmath_1792,2.309621414971629,12.596690828838046,2.414809641491288,53
ris_10,10,Rational{Int64},true,diagonalcheap,transfree,0.004417408,0.0,0.0,0.0,0.0,0.004985306,NaN,NaN,NaN,NaN,NaN,1.727233711018889e-77,4.695817850533811e-17,4.53386879799143e-16,7.505111848133102,mpmath_1792,2.309621414971629,12.596690828838046,2.414809641491288,256
ris_10,10,Rational{Int64},true,diagonalcheap,transfree,0.010849342,0.0,0.0,0.0,0.0,0.012164088,NaN,NaN,NaN,NaN,NaN,1.331998346195134e-256,4.695817850533811e-17,4.53386879799143e-16,7.505111848133102,mpmath_1792,2.309621414971629,12.596690828838046,2.414809641491288,851
ris_10,10,Rational{Int64},true,diagonalcheap,complexschur,0.00190558,3.7679999999999998e-6,0.0021339930000000003,0.004315719000000001,4.0e-8,0.010609065,9,0,0,4.810477380909716,4.810477380936126,2.220446049250313e-16,1.885979831561687e-15,2.49513951167124e-14,7.505111848133102,mpmath_1792,2.309621414971629,12.596690828838046,2.414809641491288,53
ris_10,10,Rational{Int64},true,diagonalcheap,complexschur,0.003061467,0.000620827,0.004689983,0.046357507,4.0e-8,0.056506338,31,0,6.808355473087389e-84,4.810477380909711,4.81047738093704,1.727233711018889e-77,4.695817850533811e-17,4.53386879799143e-16,7.505111848133102,mpmath_1792,2.309621414971629,12.596690828838046,2.414809641491288,256
ris_10,10,Rational{Int64},true,diagonalcheap,complexschur,0.006646168,0.001039227,0.009710753000000003,0.021939314,4.0e-8,0.041709952,73,0,3.212767552160073e-270,4.810477380909716,4.810477380937251,1.331998346195134e-256,4.695817850533811e-17,4.53386879799143e-16,7.505111848133102,mpmath_1792,2.309621414971629,12.596690828838046,2.414809641491288,851
ris_10,10,Rational{Int64},true,diagonalcheap,realschur,0.001754648,2.837e-6,0.0012665749999999998,0.0011424179999999999,4.0e-8,0.004841748,9,0,0,4.810477380909716,4.810477380936126,2.220446049250313e-16,1.885979831561687e-15,2.49513951167124e-14,7.505111848133102,mpmath_1792,2.309621414971629,12.596690828838046,2.414809641491288,53
ris_10,10,Rational{Int64},true,diagonalcheap,realschur,0.003138817,0.00036380500000000003,0.003033097,0.00284081,4.0e-8,0.010181728,31,0,6.808355473087389e-84,4.810477380909711,4.81047738093704,1.727233711018889e-77,4.695817850533811e-17,4.53386879799143e-16,7.505111848133102,mpmath_1792,2.309621414971629,12.596690828838046,2.414809641491288,256
ris_10,10,Rational{Int64},true,diagonalcheap,realschur,0.006803825,0.000774024,0.007063515,0.00729378,4.1e-8,0.023205148,73,0,3.212767552160073e-270,4.810477380909717,4.810477380937251,1.331998346195134e-256,4.695817850533811e-17,4.53386879799143e-16,7.505111848133102,mpmath_1792,2.309621414971629,12.596690828838046,2.414809641491288,851
ris_10,10,Rational{Int64},true,taylor,transfree,0.002396438,0.0,0.0,0.0,0.0,0.003039552,NaN,NaN,NaN,NaN,NaN,2.220446049250313e-16,1.011345806439917e-15,1.346145417358002e-14,7.505111848133102,mpmath_1792,2.309621414971629,12.596690828838046,2.414809641491288,53
ris_10,10,Rational{Int64},true,taylor,transfree,0.006176785,0.0,0.0,0.0,0.0,0.006976613,NaN,NaN,NaN,NaN,NaN,1.727233711018889e-77,4.695817850533811e-17,4.53386879799143e-16,7.505111848133102,mpmath_1792,2.309621414971629,12.596690828838046,2.414809641491288,256
ris_10,10,Rational{Int64},true,taylor,transfree,0.016614945,0.0,0.0,0.0,0.0,0.017931675,NaN,NaN,NaN,NaN,NaN,1.331998346195134e-256,4.695817850533811e-17,4.53386879799143e-16,7.505111848133102,mpmath_1792,2.309621414971629,12.596690828838046,2.414809641491288,851
ris_10,10,Rational{Int64},true,taylor,complexschur,0.001838031,0.000421955,0.0011785619999999995,0.004754257,5.0e-8,0.01010982,20,0,2.775557561562891e-16,4.450460974393314,1,2.220446049250313e-16,1.885979831561687e-15,2.49513951167124e-14,7.505111848133102,mpmath_1792,2.309621414971629,12.596690828838046,2.414809641491288,53
ris_10,10,Rational{Int64},true,taylor,complexschur,0.003180424,0.0008857439999999998,0.0016333200000000004,0.009775072,5.0e-8,0.017360341,64,0,6.948955663017545e-79,4.450460974393309,1,1.727233711018889e-77,4.695817850533811e-17,4.53386879799143e-16,7.505111848133102,mpmath_1792,2.309621414971629,12.596690828838046,2.414809641491288,256
ris_10,10,Rational{Int64},true,taylor,complexschur,0.006576715,0.000873434,0.004098495000000001,0.034807704,0.00285035,0.051112836,90,5,5.591333312406353e-260,1.050312128477952,1,1.331998346195134e-256,4.695817850533811e-17,4.53386879799143e-16,7.505111848133102,mpmath_1792,2.309621414971629,12.596690828838046,2.414809641491288,851
ris_10,10,Rational{Int64},true,taylor,realschur,0.001032139,0.000191096,0.00061378,0.00071385,3.0e-8,0.003052408,20,0,2.775557561562891e-16,4.450460974393314,1,2.220446049250313e-16,1.885979831561687e-15,2.49513951167124e-14,7.505111848133102,mpmath_1792,2.309621414971629,12.596690828838046,2.414809641491288,53
ris_10,10,Rational{Int64},true,taylor,realschur,0.001994234,0.000501593,0.001237986,0.0019123770000000003,4.0e-8,0.00621271,64,0,6.948955663017545e-79,4.450460974393309,1,1.727233711018889e-77,4.695817850533811e-17,4.53386879799143e-16,7.505111848133102,mpmath_1792,2.309621414971629,12.596690828838046,2.414809641491288,256
ris_10,10,Rational{Int64},true,taylor,realschur,0.007555725,0.0009725379999999997,0.004676710999999999,0.005444733,0.002563956,0.022734012,90,5,5.591333312406353e-260,1.050312128477952,1,1.331998346195134e-256,4.695817850533811e-17,4.53386879799143e-16,7.505111848133102,mpmath_1792,2.309621414971629,12.596690828838046,2.414809641491288,851
wilkinson_21,21,Float64,true,scaling_and_squaring,NaN,NaN,NaN,NaN,NaN,NaN,0.000113245,NaN,NaN,NaN,NaN,NaN,2.220446049250313e-16,1.085933975725548e-15,6.78494084755623e-11,55994.33591096451,mpmath_1792,19.62584090841154,59.59037865827256,42.34022019601692,53
wilkinson_21,21,Float64,true,diagonalcheap,transfree,0.00696477,0.0,0.0,0.0,0.0,0.009385058,NaN,NaN,NaN,NaN,NaN,2.220446049250313e-16,2.309029703090032e-15,2.313437703513172e-10,55994.33591096451,mpmath_1792,19.62584090841154,59.59037865827256,42.34022019601692,53
wilkinson_21,21,Float64,true,diagonalcheap,transfree,0.026754515,0.0,0.0,0.0,0.0,0.031419797,NaN,NaN,NaN,NaN,NaN,1.727233711018889e-77,5.646292936332457e-17,3.221562301634643e-12,55994.33591096451,mpmath_1792,19.62584090841154,59.59037865827256,42.34022019601692,256
wilkinson_21,21,Float64,true,diagonalcheap,transfree,0.058066049,0.0,0.0,0.0,0.0,0.062465943,NaN,NaN,NaN,NaN,NaN,1.331998346195134e-256,5.646292936332457e-17,3.221562301634643e-12,55994.33591096451,mpmath_1792,19.62584090841154,59.59037865827256,42.34022019601692,851
wilkinson_21,21,Float64,true,diagonalcheap,complexschur,0.008601357,0.000759923,0.007770247000000002,0.046370291,0.002684765,0.073601502,17,1,1.272297335544057e-14,215.529349199521,21.664701739063084,2.220446049250313e-16,9.754088870069233e-15,9.929058640225389e-10,55994.33591096451,mpmath_1792,19.62584090841154,59.59037865827256,42.34022019601692,53
wilkinson_21,21,Float64,true,diagonalcheap,complexschur,0.018269169,0.0012231400000000002,0.011279197000000003,0.067740305,0.002771374,0.108906678,43,1,2.081552633289298e-81,215.5293491995201,20.28491911491232,1.727233711018889e-77,5.646292936332457e-17,3.221562301634643e-12,55994.33591096451,mpmath_1792,19.62584090841154,59.59037865827256,42.34022019601692,256
wilkinson_21,21,Float64,true,diagonalcheap,complexschur,0.045514269,0.00386165,0.04723291800000001,0.14320397799999998,0.003368549,0.253792418,91,1,2.186823363153781e-254,215.5293491995172,19.838529607264743,1.331998346195134e-256,5.646292936332457e-17,3.221562301634643e-12,55994.33591096451,mpmath_1792,19.62584090841154,59.59037865827256,42.34022019601692,851
wilkinson_21,21,Float64,true,diagonalcheap,realschur,0.008294832,0.000282375,0.003146897999999999,0.007480288,0.001090216,0.02358116,17,1,1.272297335544057e-14,215.529349199521,21.664701739063084,2.220446049250313e-16,9.754088870069233e-15,9.929058640225389e-10,55994.33591096451,mpmath_1792,19.62584090841154,59.59037865827256,42.34022019601692,53
wilkinson_21,21,Float64,true,diagonalcheap,realschur,0.025000647,0.0012911710000000002,0.009566271,0.018013412,0.000780746,0.058116353,43,1,2.081552633289298e-81,215.5293491995201,20.28491911491232,1.727233711018889e-77,5.646292936332457e-17,3.221562301634643e-12,55994.33591096451,mpmath_1792,19.62584090841154,59.59037865827256,42.34022019601692,256
wilkinson_21,21,Float64,true,diagonalcheap,realschur,0.06198616,0.0020866780000000002,0.015573538999999997,0.038619215,0.00161433,0.12507919,91,1,2.186823363153781e-254,215.5293491995172,19.838529607264743,1.331998346195134e-256,5.646292936332457e-17,3.221562301634643e-12,55994.33591096451,mpmath_1792,19.62584090841154,59.59037865827256,42.34022019601692,851
wilkinson_21,21,Float64,true,taylor,transfree,0.006869904,0.0,0.0,0.0,0.0,0.009357811,NaN,NaN,NaN,NaN,NaN,2.220446049250313e-16,2.309029703090032e-15,2.313437703513172e-10,55994.33591096451,mpmath_1792,19.62584090841154,59.59037865827256,42.34022019601692,53
wilkinson_21,21,Float64,true,taylor,transfree,0.03033317,0.0,0.0,0.0,0.0,0.033857391,NaN,NaN,NaN,NaN,NaN,1.727233711018889e-77,5.646292936332457e-17,3.221562301634643e-12,55994.33591096451,mpmath_1792,19.62584090841154,59.59037865827256,42.34022019601692,256
wilkinson_21,21,Float64,true,taylor,transfree,0.073992301,0.0,0.0,0.0,0.0,0.078433189,NaN,NaN,NaN,NaN,NaN,1.331998346195134e-256,5.646292936332457e-17,3.221562301634643e-12,55994.33591096451,mpmath_1792,19.62584090841154,59.59037865827256,42.34022019601692,851
wilkinson_21,21,Float64,true,taylor,complexschur,0.008524377,0.001156534,0.0049962639999999985,0.034149216,0.006056561,0.061920634,25,2,4.440892098500626e-16,12.69757208115905,1,2.220446049250313e-16,9.754088870069233e-15,9.929058640225389e-10,55994.33591096451,mpmath_1792,19.62584090841154,59.59037865827256,42.34022019601692,53
wilkinson_21,21,Float64,true,taylor,complexschur,0.017934304,0.002650771,0.006274459999999999,0.067943269,0.00529298,0.10831318,81,2,0,12.69757208115905,1,1.727233711018889e-77,5.646292936332457e-17,3.221562301634643e-12,55994.33591096451,mpmath_1792,19.62584090841154,59.59037865827256,42.34022019601692,256
wilkinson_21,21,Float64,true,taylor,complexschur,0.039756638,0.0028668050000000005,0.02805446,0.07761271500000001,0.042899253,0.201324271,90,8,3.660668631509204e-266,1.0428708272432,1,1.331998346195134e-256,5.646292936332457e-17,3.221562301634643e-12,55994.33591096451,mpmath_1792,19.62584090841154,59.59037865827256,42.34022019601692,851
wilkinson_21,21,Float64,true,taylor,realschur,0.008509149,0.000823582,0.003567735,0.008650851999999999,0.00116582,0.025240012,25,2,4.440892098500626e-16,12.69757208115905,1,2.220446049250313e-16,9.754088870069233e-15,9.929058640225389e-10,55994.33591096451,mpmath_1792,19.62584090841154,59.59037865827256,42.34022019601692,53
wilkinson_21,21,Float64,true,taylor,realschur,0.020873356,0.001641121,0.0046312620000000014,0.014724557,0.001442481,0.046144872,81,2,0,12.69757208115905,1,1.727233711018889e-77,5.646292936332457e-17,3.221562301634643e-12,55994.33591096451,mpmath_1792,19.62584090841154,59.59037865827256,42.34022019601692,256
wilkinson_21,21,Float64,true,taylor,realschur,0.053626066,0.001418523,0.009302456,0.019230512,0.01717917,0.105444716,90,8,3.660668631509204e-266,1.0428708272432,1,1.331998346195134e-256,5.646292936332457e-17,3.221562301634643e-12,55994.33591096451,mpmath_1792,19.62584090841154,59.59037865827256,42.34022019601692,851
clement_10_1,10,Float64,true,scaling_and_squaring,NaN,NaN,NaN,NaN,NaN,NaN,4.9181e-5,NaN,NaN,NaN,NaN,NaN,2.220446049250313e-16,1.557869899379304e-15,1.696776052995119e-11,10726.51024817475,mpmath_1792,17.99877326838465,16.041101142185465,9.0,53
clement_10_1,10,Float64,true,diagonalcheap,transfree,0.001478935,0.0,0.0,0.0,0.0,0.088081818,NaN,NaN,NaN,NaN,NaN,2.220446049250313e-16,3.408525449474514e-15,4.132516551180743e-11,10726.51024817475,mpmath_1792,17.99877326838465,16.041101142185465,9.0,53
clement_10_1,10,Float64,true,diagonalcheap,transfree,0.004532891,0.0,0.0,0.0,0.0,0.0049536,NaN,NaN,NaN,NaN,NaN,1.727233711018889e-77,3.985784629458799e-17,2.989817890050559e-13,10726.51024817475,mpmath_1792,17.99877326838465,16.041101142185465,9.0,256
clement_10_1,10,Float64,true,diagonalcheap,transfree,0.016242382,0.0,0.0,0.0,0.0,0.017421988,NaN,NaN,NaN,NaN,NaN,1.331998346195134e-256,3.985784629458799e-17,2.989817890050559e-13,10726.51024817475,mpmath_1792,17.99877326838465,16.041101142185465,9.0,851
clement_10_1,10,Float64,true,diagonalcheap,complexschur,0.00279873,0.00016234599999999998,0.0025042000000000003,0.004264159,0.000806666,0.011662104,13,2,0,9.487735836358517,9.487735836358535,2.220446049250313e-16,2.441103020988807e-15,2.371081109231454e-11,10726.51024817475,mpmath_1792,17.99877326838465,16.041101142185465,9.0,53
clement_10_1,10,Float64,true,diagonalcheap,complexschur,0.003219719,0.00044553100000000004,0.003672905000000001,0.010874086,0.000802878,0.020879208,37,1,2.164009859774876e-80,90.01713130052089,90.01713130052087,1.727233711018889e-77,3.985784629458799e-17,2.989817890050559e-13,10726.51024817475,mpmath_1792,17.99877326838465,16.041101142185465,9.0,256
clement_10_1,10,Float64,true,diagonalcheap,complexschur,0.008301904,0.000969009,0.008500848000000002,0.026867232,0.000718824,0.046944234,91,1,7.28266795420717e-269,90.01713130052174,90.01713130052174,1.331998346195134e-256,3.985784629458799e-17,2.989817890050559e-13,10726.51024817475,mpmath_1792,17.99877326838465,16.041101142185465,9.0,851
clement_10_1,10,Float64,true,diagonalcheap,realschur,0.001712757,7.5717e-5,0.0012976609999999999,0.00094907,0.000253834,0.004713003,13,2,0,9.487735836358517,9.487735836358535,2.220446049250313e-16,2.441103020988807e-15,2.371081109231454e-11,10726.51024817475,mpmath_1792,17.99877326838465,16.041101142185465,9.0,53
clement_10_1,10,Float64,true,diagonalcheap,realschur,0.003149264,0.000522018,0.0038548609999999994,0.003478241,0.000291862,0.012075698,37,1,2.164009859774876e-80,90.01713130052089,90.01713130052087,1.727233711018889e-77,3.985784629458799e-17,2.989817890050559e-13,10726.51024817475,mpmath_1792,17.99877326838465,16.041101142185465,9.0,256
clement_10_1,10,Float64,true,diagonalcheap,realschur,0.008087702,0.000646978,0.006253717,0.041719181,0.000724476,0.058374409,91,1,7.28266795420717e-269,90.01713130052173,90.01713130052174,1.331998346195134e-256,3.985784629458799e-17,2.989817890050559e-13,10726.51024817475,mpmath_1792,17.99877326838465,16.041101142185465,9.0,851
clement_10_1,10,Float64,true,taylor,transfree,0.001620637,0.0,0.0,0.0,0.0,0.001988587,NaN,NaN,NaN,NaN,NaN,2.220446049250313e-16,3.408525449474514e-15,4.132516551180743e-11,10726.51024817475,mpmath_1792,17.99877326838465,16.041101142185465,9.0,53
clement_10_1,10,Float64,true,taylor,transfree,0.004975926,0.0,0.0,0.0,0.0,0.005438331,NaN,NaN,NaN,NaN,NaN,1.727233711018889e-77,3.985784629458799e-17,2.989817890050559e-13,10726.51024817475,mpmath_1792,17.99877326838465,16.041101142185465,9.0,256
clement_10_1,10,Float64,true,taylor,transfree,0.016148157,0.0,0.0,0.0,0.0,0.017367346,NaN,NaN,NaN,NaN,NaN,1.331998346195134e-256,3.985784629458799e-17,2.989817890050559e-13,10726.51024817475,mpmath_1792,17.99877326838465,16.041101142185465,9.0,851
clement_10_1,10,Float64,true,taylor,complexschur,0.003018033,0.00045932700000000004,0.0014717369999999999,0.0048521020000000005,0.000397341,0.011482242,36,1,4.440892098500626e-16,30.8125,1,2.220446049250313e-16,2.441103020988807e-15,2.371081109231454e-11,10726.51024817475,mpmath_1792,17.99877326838465,16.041101142185465,9.0,53
clement_10_1,10,Float64,true,taylor,complexschur,0.002777506,0.0008435049999999999,0.0019035379999999998,0.01015371,0.00076996,0.018282365,90,1,2.273161431509082e-81,30.8125,1,1.727233711018889e-77,3.985784629458799e-17,2.989817890050559e-13,10726.51024817475,mpmath_1792,17.99877326838465,16.041101142185465,9.0,256
clement_10_1,10,Float64,true,taylor,complexschur,0.007960339,0.0013040909999999998,0.008349649999999998,0.011340913000000001,0.007750907,0.038292167,90,8,3.592694787276401e-273,1.035781537021624,1,1.331998346195134e-256,3.985784629458799e-17,2.989817890050559e-13,10726.51024817475,mpmath_1792,17.99877326838465,16.041101142185465,9.0,851
clement_10_1,10,Float64,true,taylor,realschur,0.00267772,0.00044114100000000004,0.0012726800000000002,0.001981872,0.000211777,0.007245222,36,1,4.440892098500626e-16,30.8125,1,2.220446049250313e-16,2.441103020988807e-15,2.371081109231454e-11,10726.51024817475,mpmath_1792,17.99877326838465,16.041101142185465,9.0,53
clement_10_1,10,Float64,true,taylor,realschur,0.002490272,0.0005359739999999999,0.0013447999999999997,0.002355281,0.00016438,0.007379439,90,1,2.273161431509082e-81,30.8125,1,1.727233711018889e-77,3.985784629458799e-17,2.989817890050559e-13,10726.51024817475,mpmath_1792,17.99877326838465,16.041101142185465,9.0,256
clement_10_1,10,Float64,true,taylor,realschur,0.006995627,0.0009017330000000002,0.006004847000000001,0.004109518,0.004257582,0.023440366,90,8,3.592694787276401e-273,1.035781537021624,1,1.331998346195134e-256,3.985784629458799e-17,2.989817890050559e-13,10726.51024817475,mpmath_1792,17.99877326838465,16.041101142185465,9.0,851
chebspec_10,10,Float64,false,scaling_and_squaring,NaN,NaN,NaN,NaN,NaN,NaN,2.867e-5,NaN,NaN,NaN,NaN,NaN,2.220446049250313e-16,9.376028998034075e-14,2.653523034581349e-09,26492.49374497338,mpmath_1792,1710.555031880105,Inf,3.633647495988732e16,53
chebspec_10,10,Float64,false,diagonalcheap,transfree,0.0,7.312200000000001e-5,0.001483691,0.001176113,0.00028597,0.003209797,13,3,7.302067020744897e-17,18.97451879669954,26.664762434973103,2.220446049250313e-16,8.870429395834627e-14,2.427136651390214e-09,26492.49374497338,mpmath_1792,1710.555031880105,Inf,3.633647495988732e16,53
chebspec_10,10,Float64,false,diagonalcheap,transfree,0.0,0.00026079799999999997,0.002277993,0.0027588179999999997,0.000443794,0.005939985,31,2,4.863372476416387e-80,103.468407888828,359.8718940444787,1.727233711018889e-77,3.915394112176379e-17,1.145449544670254e-12,26492.49374497338,mpmath_1792,1710.555031880105,Inf,3.633647495988732e16,256
chebspec_10,10,Float64,false,diagonalcheap,transfree,0.0,0.000680035,0.006334308000000001,0.008321505000000002,0.000548561,0.016379335,49,2,1.007876372983377e-266,103.4684078888283,359.96888910480243,1.331998346195134e-256,3.915394112176379e-17,1.145449544670254e-12,26492.49374497338,mpmath_1792,1710.555031880105,Inf,3.633647495988732e16,851
chebspec_10,10,Float64,false,diagonalcheap,complexschur,0.008175713,4.598e-6,0.0023839549999999997,0.004201320000000001,0.002521277,0.019172633,9,4,6.13483434181443e-17,10.51957639832353,18.529619378307196,2.220446049250313e-16,5.378296110438447e-15,1.483455135286224e-10,26492.49374497338,mpmath_1792,1710.555031880105,Inf,3.633647495988732e16,53
chebspec_10,10,Float64,false,diagonalcheap,complexschur,0.014193359,0.0007331010000000001,0.004734802999999999,0.012158332,0.002443648,0.075780637,31,2,4.774720912366341e-79,224.2904088085387,1431.3236826606549,1.727233711018889e-77,3.915394112176379e-17,1.145449544670254e-12,26492.49374497338,mpmath_1792,1710.555031880105,Inf,3.633647495988732e16,256
chebspec_10,10,Float64,false,diagonalcheap,complexschur,0.018442378,0.001549572,0.009035564000000003,0.019030491,0.001750579,0.053553446,49,2,2.652487010009095e-263,223.1209474871615,1429.2136073949587,1.331998346195134e-256,3.915394112176379e-17,1.145449544670254e-12,26492.49374497338,mpmath_1792,1710.555031880105,Inf,3.633647495988732e16,851
chebspec_10,10,Float64,false,diagonalcheap,realschur,0.00871719,5.16e-6,0.0022070270000000003,0.001506389,0.000796151,0.013897008,9,4,0,10.51951362961452,18.703797783969655,2.220446049250313e-16,5.17815713841718e-15,1.451733798986022e-10,26492.49374497338,mpmath_1792,1710.555031880105,Inf,3.633647495988732e16,53
chebspec_10,10,Float64,false,diagonalcheap,realschur,0.0117153,0.000405575,0.004218124000000001,0.003386454,0.000425187,0.020943193,31,2,3.959809033676505e-79,224.2285152819877,1430.9086789127662,1.727233711018889e-77,3.915394112176379e-17,1.145449544670254e-12,26492.49374497338,mpmath_1792,1710.555031880105,Inf,3.633647495988732e16,256
chebspec_10,10,Float64,false,diagonalcheap,realschur,0.028375464,0.000554523,0.005178487000000002,0.00404218,0.000490101,0.039450344,49,2,2.602069261497416e-263,223.1310915176778,1429.1329068796608,1.331998346195134e-256,3.915394112176379e-17,1.145449544670254e-12,26492.49374497338,mpmath_1792,1710.555031880105,Inf,3.633647495988732e16,851
chebspec_10,10,Float64,false,taylor,transfree,0.0,0.000414887,0.0014687899999999998,0.002163449,0.000369742,0.004764171,30,2,1.110223024625157e-16,97.23918060565197,1,2.220446049250313e-16,9.553428135327492e-15,3.425097479235033e-10,26492.49374497338,mpmath_1792,1710.555031880105,Inf,3.633647495988732e16,53
chebspec_10,10,Float64,false,taylor,transfree,0.0,0.0007734139999999999,0.0019490779999999995,0.00508419,0.000493498,0.008622985,72,2,4.118046071574423e-84,97.23918060565199,1,1.727233711018889e-77,3.915394112176379e-17,1.145449544670254e-12,26492.49374497338,mpmath_1792,1710.555031880105,Inf,3.633647495988732e16,256
chebspec_10,10,Float64,false,taylor,transfree,0.0,0.001004703,0.004683737999999999,0.011718946,0.002137968,0.020062698,90,4,2.435124654957166e-263,5.164429436127344,1,1.331998346195134e-256,3.915394112176379e-17,1.145449544670254e-12,26492.49374497338,mpmath_1792,1710.555031880105,Inf,3.633647495988732e16,851
chebspec_10,10,Float64,false,taylor,complexschur,0.01089516,0.00081555,0.0023766169999999997,0.0070567979999999995,0.001505855,0.024933889,30,2,2.220446049250313e-16,200.307740091774,1,2.220446049250313e-16,5.745028333753082e-15,1.546008527902791e-10,26492.49374497338,mpmath_1792,1710.555031880105,Inf,3.633647495988732e16,53
chebspec_10,10,Float64,false,taylor,complexschur,0.015876167,0.0015752989999999996,0.003496899,0.010192412000000001,0.001823809,0.035598303,72,2,0,201.1772213507395,1,1.727233711018889e-77,3.915394112176379e-17,1.145449544670254e-12,26492.49374497338,mpmath_1792,1710.555031880105,Inf,3.633647495988732e16,256
chebspec_10,10,Float64,false,taylor,complexschur,0.026471098,0.001533061,0.005513819999999997,0.03938084,0.003024675,0.078593655,90,4,3.061469058759296e-261,10.51855150555646,1,1.331998346195134e-256,3.915394112176379e-17,1.145449544670254e-12,26492.49374497338,mpmath_1792,1710.555031880105,Inf,3.633647495988732e16,851
chebspec_10,10,Float64,false,taylor,realschur,0.00475894,0.000255247,0.0009864549999999998,0.000976752,0.000182647,0.007516675,30,2,2.220446049250313e-16,200.3107001154198,1,2.220446049250313e-16,5.502670998609497e-15,1.544678771226696e-10,26492.49374497338,mpmath_1792,1710.555031880105,Inf,3.633647495988732e16,53
chebspec_10,10,Float64,false,taylor,realschur,0.008471113,0.000474078,0.0014991679999999997,0.002073825,0.000250186,0.013188898,72,2,4.118046071574423e-84,201.0474043575006,1,1.727233711018889e-77,3.915394112176379e-17,1.145449544670254e-12,26492.49374497338,mpmath_1792,1710.555031880105,Inf,3.633647495988732e16,256
chebspec_10,10,Float64,false,taylor,realschur,0.022088674,0.000982867,0.00466101,0.0055613,0.001365525,0.035923704,90,4,2.849871130504395e-261,10.51830066787766,1,1.331998346195134e-256,3.915394112176379e-17,1.145449544670254e-12,26492.49374497338,mpmath_1792,1710.555031880105,Inf,3.633647495988732e16,851
chebvand_10,10,Float64,false,scaling_and_squaring,NaN,NaN,NaN,NaN,NaN,NaN,2.5743e-5,NaN,NaN,NaN,NaN,NaN,2.220446049250313e-16,3.654290751149056e-16,1.02695629777827e-14,29.01198674458368,mpmath_1792,7.35742303113814,4.8462552322574705e7,1.326442174998281e7,53
chebvand_10,10,Float64,false,diagonalcheap,transfree,0.0,7.2321e-5,0.001162302,0.001147924,4.0e-8,0.002499809,13,0,4.763662377651349e-16,29.01198674458369,42.78832236900575,2.220446049250313e-16,3.173079645953122e-16,4.9439619065339e-15,29.01198674458368,mpmath_1792,7.35742303113814,4.8462552322574705e7,1.326442174998281e7,53
chebvand_10,10,Float64,false,diagonalcheap,transfree,0.0,0.000336263,0.0023409419999999995,0.0028368010000000003,4.0e-8,0.005615606,37,0,1.219306864948935e-82,29.01198674458368,42.73659875875627,1.727233711018889e-77,2.888805701682092e-17,4.944771362616767e-16,29.01198674458368,mpmath_1792,7.35742303113814,4.8462552322574705e7,1.326442174998281e7,256
chebvand_10,10,Float64,false,diagonalcheap,transfree,0.0,0.000977552,0.009015407999999999,0.01120512,4.0e-8,0.021440902,81,0,2.292401217065334e-256,29.01198674458367,42.718048562361574,1.331998346195134e-256,2.888805701682092e-17,4.944771362616767e-16,29.01198674458368,mpmath_1792,7.35742303113814,4.8462552322574705e7,1.326442174998281e7,851
chebvand_10,10,Float64,false,diagonalcheap,complexschur,0.002136099,0.00013335499999999999,0.0014528920000000001,0.0033413930000000002,4.0e-8,0.008101717,13,0,1.803841074559121e-16,20.8662569559364,20.806482025721262,2.220446049250313e-16,1.578417835922337e-15,4.346523141407488e-14,29.01198674458368,mpmath_1792,7.35742303113814,4.8462552322574705e7,1.326442174998281e7,53
chebvand_10,10,Float64,false,diagonalcheap,complexschur,0.003517926,0.0006330540000000001,0.0037632340000000003,0.012111716,4.0e-8,0.022467506,37,0,0,20.85316691683935,24.45915293111455,1.727233711018889e-77,2.888805701682092e-17,4.944771362616767e-16,29.01198674458368,mpmath_1792,7.35742303113814,4.8462552322574705e7,1.326442174998281e7,256
chebvand_10,10,Float64,false,diagonalcheap,complexschur,0.007754261,0.001882677,0.010890799999999999,0.062028623000000005,1.2e-7,0.086382772,81,0,8.031860655130929e-258,20.85879192561249,24.46738325019386,1.331998346195134e-256,2.888805701682092e-17,4.944771362616767e-16,29.01198674458368,mpmath_1792,7.35742303113814,4.8462552322574705e7,1.326442174998281e7,851
chebvand_10,10,Float64,false,diagonalcheap,realschur,0.001897849,8.1286e-5,0.0013290449999999998,0.001019943,4.0e-8,0.004619565,13,0,7.230654096241462e-16,17.47274887616211,30.379532467444427,2.220446049250313e-16,1.459449129881931e-15,3.641531520770513e-14,29.01198674458368,mpmath_1792,7.35742303113814,4.8462552322574705e7,1.326442174998281e7,53
chebvand_10,10,Float64,false,diagonalcheap,realschur,0.003173517,0.000457152,0.003604376,0.003462862,5.0e-8,0.011269161,37,0,1.324767006565903e-83,17.47274887616218,30.63503520375956,1.727233711018889e-77,2.888805701682092e-17,4.944771362616767e-16,29.01198674458368,mpmath_1792,7.35742303113814,4.8462552322574705e7,1.326442174998281e7,256
chebvand_10,10,Float64,false,diagonalcheap,realschur,0.0109971,0.000674929,0.006275136000000001,0.005676562,3.0e-8,0.024310351,81,0,1.169698684448289e-256,17.47274887616221,27.03743934195314,1.331998346195134e-256,2.888805701682092e-17,4.944771362616767e-16,29.01198674458368,mpmath_1792,7.35742303113814,4.8462552322574705e7,1.326442174998281e7,851
chebvand_10,10,Float64,false,taylor,transfree,0.0,0.000287093,0.0006798700000000001,0.001679179,4.0e-8,0.002769434,30,0,3.33066907387547e-16,29.60275567634363,1,2.220446049250313e-16,1.741582221200461e-16,4.996003610813204e-15,29.01198674458368,mpmath_1792,7.35742303113814,4.8462552322574705e7,1.326442174998281e7,53
chebvand_10,10,Float64,false,taylor,transfree,0.0,0.0008994419999999999,0.0019227719999999995,0.006159616,4.0e-8,0.009168093,81,0,1.21070554504288e-81,29.60275567634362,1,1.727233711018889e-77,2.888805701682092e-17,4.944771362616767e-16,29.01198674458368,mpmath_1792,7.35742303113814,4.8462552322574705e7,1.326442174998281e7,256
chebvand_10,10,Float64,false,taylor,transfree,0.0,0.001051168,0.004854285,0.008298512,0.00168925,0.016214296,90,6,2.957297437508807e-259,1.157965322211723,1,1.331998346195134e-256,2.888805701682092e-17,4.944771362616767e-16,29.01198674458368,mpmath_1792,7.35742303113814,4.8462552322574705e7,1.326442174998281e7,851
chebvand_10,10,Float64,false,taylor,complexschur,0.002004609,0.000542157,0.0010642119999999997,0.006024659999999999,5.0e-8,0.011565291,30,0,0,21.04054177063494,1,2.220446049250313e-16,1.574220698314032e-15,4.379829832146243e-14,29.01198674458368,mpmath_1792,7.35742303113814,4.8462552322574705e7,1.326442174998281e7,53
chebvand_10,10,Float64,false,taylor,complexschur,0.006308092,0.0013419229999999999,0.002144665,0.009243781999999999,3.0e-8,0.020548433,81,0,1.400135664335304e-82,21.14353625170153,1,1.727233711018889e-77,2.888805701682092e-17,4.944771362616767e-16,29.01198674458368,mpmath_1792,7.35742303113814,4.8462552322574705e7,1.326442174998281e7,256
chebvand_10,10,Float64,false,taylor,complexschur,0.007063418,0.001867978,0.00856606,0.013656993000000001,0.004390724,0.039463623,90,6,5.049859722798832e-260,1.091200949537895,1,1.331998346195134e-256,2.888805701682092e-17,4.944771362616767e-16,29.01198674458368,mpmath_1792,7.35742303113814,4.8462552322574705e7,1.326442174998281e7,851
chebvand_10,10,Float64,false,taylor,realschur,0.003206675,0.000480009,0.0010585679999999997,0.001859802,4.0e-8,0.007105765,30,0,0,19.49682145926172,1,2.220446049250313e-16,1.481799248759128e-15,3.963496197911809e-14,29.01198674458368,mpmath_1792,7.35742303113814,4.8462552322574705e7,1.326442174998281e7,53
chebvand_10,10,Float64,false,taylor,realschur,0.004208509,0.00069351,0.0016573869999999997,0.004051074,5.0e-8,0.011279221,81,0,8.730257671737777e-82,19.49682145926176,1,1.727233711018889e-77,2.888805701682092e-17,4.944771362616767e-16,29.01198674458368,mpmath_1792,7.35742303113814,4.8462552322574705e7,1.326442174998281e7,256
chebvand_10,10,Float64,false,taylor,realschur,0.008979625,0.0006383150000000001,0.0037336189999999997,0.0036171390000000006,0.001668637,0.019397803,90,6,4.676638497294088e-259,1.092537039687085,1,1.331998346195134e-256,2.888805701682092e-17,4.944771362616767e-16,29.01198674458368,mpmath_1792,7.35742303113814,4.8462552322574705e7,1.326442174998281e7,851
chow_10,10,Int64,false,scaling_and_squaring,NaN,NaN,NaN,NaN,NaN,NaN,2.5722e-5,NaN,NaN,NaN,NaN,NaN,2.220446049250313e-16,5.796377611235627e-16,1.865174681370263e-13,307.1747528206736,mpmath_1792,10.5997098114867,Inf,1.4673762389364598e21,53
chow_10,10,Int64,false,diagonalcheap,transfree,0.0,0.00011240100000000001,0.001441315,0.0021183710000000004,0.000197316,0.081616827,13,1,1.937509362950123e-16,27.80687491508752,11.074381747899471,2.220446049250313e-16,3.165973005514897e-16,7.671641100159832e-14,307.1747528206736,mpmath_1792,10.5997098114867,Inf,1.4673762389364598e21,53
chow_10,10,Int64,false,diagonalcheap,transfree,0.0,0.000711714,0.003734204,0.004137408,0.000219852,0.009175624,31,1,1.524663464993884e-78,27.80687491508751,10.782293561885076,1.727233711018889e-77,3.145157300207605e-17,9.946249991322209e-15,307.1747528206736,mpmath_1792,10.5997098114867,Inf,1.4673762389364598e21,256
chow_10,10,Int64,false,diagonalcheap,transfree,0.0,0.003195827000000001,0.05528699100000001,0.008475832999999999,0.00026278,0.06789211,81,1,2.089706811287112e-279,27.80687491508753,10.657647835013893,1.331998346195134e-256,3.145157300207605e-17,9.946249991322209e-15,307.1747528206736,mpmath_1792,10.5997098114867,Inf,1.4673762389364598e21,851
chow_10,10,Int64,false,diagonalcheap,complexschur,0.001829422,0.000223419,0.0023281499999999998,0.004313798,4.0e-8,0.009962948,17,0,1.883528291849691e-14,191.1446394717708,29.90723826409311,2.220446049250313e-16,3.301686256877051e-15,1.168842800325365e-12,307.1747528206736,mpmath_1792,10.5997098114867,Inf,1.4673762389364598e21,53
chow_10,10,Int64,false,diagonalcheap,complexschur,0.009742304,0.0007101210000000001,0.004624250999999999,0.011420225,6.0e-8,0.028299714,37,0,1.32337647441541e-78,191.1446394717701,26.085470810456236,1.727233711018889e-77,3.145157300207605e-17,9.946249991322209e-15,307.1747528206736,mpmath_1792,10.5997098114867,Inf,1.4673762389364598e21,256
chow_10,10,Int64,false,diagonalcheap,complexschur,0.04236128,0.0016212420000000002,0.012261835,0.028606032,6.0e-8,0.087449837,91,0,6.31289184320863e-271,191.1446394717711,27.77805716553365,1.331998346195134e-256,3.145157300207605e-17,9.946249991322209e-15,307.1747528206736,mpmath_1792,10.5997098114867,Inf,1.4673762389364598e21,851
chow_10,10,Int64,false,diagonalcheap,realschur,0.003027957,0.00017636199999999998,0.001786683,0.001995054,4.0e-8,0.007500774,17,0,1.883528291849691e-14,191.1446394717708,29.907238263626876,2.220446049250313e-16,3.304469098081905e-15,1.160849194548064e-12,307.1747528206736,mpmath_1792,10.5997098114867,Inf,1.4673762389364598e21,53
chow_10,10,Int64,false,diagonalcheap,realschur,0.009958258,0.000458282,0.0033445769999999996,0.003387357,8.0e-8,0.017777537,37,0,1.32337647441541e-78,191.1446394717701,26.085470810456236,1.727233711018889e-77,3.145157300207605e-17,9.946249991322209e-15,307.1747528206736,mpmath_1792,10.5997098114867,Inf,1.4673762389364598e21,256
chow_10,10,Int64,false,diagonalcheap,realschur,0.07825507,0.000935683,0.010305637000000001,0.008755726,9.0e-8,0.099300426,91,0,6.31289184320863e-271,191.1446394717711,27.77805716553365,1.331998346195134e-256,3.145157300207605e-17,9.946249991322209e-15,307.1747528206736,mpmath_1792,10.5997098114867,Inf,1.4673762389364598e21,851
chow_10,10,Int64,false,taylor,transfree,0.0,0.000308403,0.000763851,0.001427266,0.000133284,0.002936108,25,1,4.107825191113079e-15,21,1,2.220446049250313e-16,8.100682291723199e-17,1.887379141862766e-14,307.1747528206736,mpmath_1792,10.5997098114867,Inf,1.4673762389364598e21,53
chow_10,10,Int64,false,taylor,transfree,0.0,0.001121665,0.0014771590000000002,0.003903479,0.000188918,0.00699328,72,1,1.861419830456534e-77,21,1,1.727233711018889e-77,3.145157300207605e-17,9.946249991322209e-15,307.1747528206736,mpmath_1792,10.5997098114867,Inf,1.4673762389364598e21,256
chow_10,10,Int64,false,taylor,transfree,0.0,0.0016263150000000001,0.0054850800000000016,0.007544193999999999,0.002895193,0.017977949,90,7,3.634676667171113e-270,1.080105074980207,1,1.331998346195134e-256,3.145157300207605e-17,9.946249991322209e-15,307.1747528206736,mpmath_1792,10.5997098114867,Inf,1.4673762389364598e21,851
chow_10,10,Int64,false,taylor,complexschur,0.002888199,0.0004778629999999999,0.001450743,0.005486182,0.000641088,0.012870887,25,1,2.220446049250313e-16,14.08759789104958,1,2.220446049250313e-16,4.102456880084535e-15,1.48858703141741e-12,307.1747528206736,mpmath_1792,10.5997098114867,Inf,1.4673762389364598e21,53
chow_10,10,Int64,false,taylor,complexschur,0.010163049,0.0011645670000000002,0.0022783579999999994,0.01094346,0.000673706,0.027218471,72,1,3.057978651829735e-79,14.08759789104954,1,1.727233711018889e-77,3.145157300207605e-17,9.946249991322209e-15,307.1747528206736,mpmath_1792,10.5997098114867,Inf,1.4673762389364598e21,256
chow_10,10,Int64,false,taylor,complexschur,0.03562598,0.001327378,0.007482634999999999,0.011177818,0.004295363,0.061722453,90,7,3.575426385360053e-272,1.057925145082565,1,1.331998346195134e-256,3.145157300207605e-17,9.946249991322209e-15,307.1747528206736,mpmath_1792,10.5997098114867,Inf,1.4673762389364598e21,851
chow_10,10,Int64,false,taylor,realschur,0.001861928,0.00023782999999999996,0.0006649370000000002,0.000879499,0.000109114,0.0041478,25,1,2.220446049250313e-16,14.08759789104958,1,2.220446049250313e-16,4.103007041402099e-15,1.480593425640109e-12,307.1747528206736,mpmath_1792,10.5997098114867,Inf,1.4673762389364598e21,53
chow_10,10,Int64,false,taylor,realschur,0.00647229,0.000508905,0.0011798079999999996,0.002024122,0.000159739,0.010814038,72,1,3.057978651829735e-79,14.08759789104954,1,1.727233711018889e-77,3.145157300207605e-17,9.946249991322209e-15,307.1747528206736,mpmath_1792,10.5997098114867,Inf,1.4673762389364598e21,256
chow_10,10,Int64,false,taylor,realschur,0.058008015,0.000614925,0.004627657000000001,0.00330247,0.001962817,0.069303643,90,7,3.575426385360053e-272,1.057925145082565,1,1.331998346195134e-256,3.145157300207605e-17,9.946249991322209e-15,307.1747528206736,mpmath_1792,10.5997098114867,Inf,1.4673762389364598e21,851
circulant_10,10,Int64,false,scaling_and_squaring,NaN,NaN,NaN,NaN,NaN,NaN,2.6244e-5,NaN,NaN,NaN,NaN,NaN,2.220446049250313e-16,1.241693118263559e-14,9697230848,7.694785265142017e+23,mpmath_1792,62.04836822995432,11.800000000000002,10.999999999999996,53
circulant_10,10,Int64,false,diagonalcheap,transfree,0.0,7.4916e-5,0.00157161,0.001180845,0.000339728,0.080342695,13,4,8.210270393744553e-16,31.1090881509676,11.54857167102348,2.220446049250313e-16,1.027537476596749e-15,872415232,7.694785265142017e+23,mpmath_1792,62.04836822995432,11.800000000000002,10.999999999999996,53
circulant_10,10,Int64,false,diagonalcheap,transfree,0.0,0.000582177,0.003520304999999999,0.0031942130000000004,0.000425243,0.007983604,43,3,1.785186818650989e-80,967.7753655847062,86.50982771395537,1.727233711018889e-77,6.666287965467205e-18,5129565.440987061,7.694785265142017e+23,mpmath_1792,62.04836822995432,11.800000000000002,10.999999999999996,256
circulant_10,10,Int64,false,diagonalcheap,transfree,0.0,0.002833553,0.009898295000000001,0.012185944999999998,0.001658969,0.027130166,91,4,3.872323126038641e-280,31.10908815096773,10.940156547064813,1.331998346195134e-256,6.666287965467205e-18,5129565.440987061,7.694785265142017e+23,mpmath_1792,62.04836822995432,11.800000000000002,10.999999999999996,851
circulant_10,10,Int64,false,diagonalcheap,complexschur,0.002727474,0.000183516,0.0029373769999999997,0.006333685,0.002709918,0.016997045,13,4,1.642054078748915e-16,31.10908815096771,6.945323283742375,2.220446049250313e-16,1.531940011752254e-14,12096372736,7.694785265142017e+23,mpmath_1792,62.04836822995432,11.800000000000002,10.999999999999996,53
circulant_10,10,Int64,false,diagonalcheap,complexschur,0.006052326,0.000976895,0.017213356,0.023021813999999998,0.00250175,0.052564808,43,3,1.785186818650995e-80,967.7753655847094,45.80151347761683,1.727233711018889e-77,6.666287965467205e-18,5129565.440987061,7.694785265142017e+23,mpmath_1792,62.04836822995432,11.800000000000002,10.999999999999996,256
circulant_10,10,Int64,false,diagonalcheap,complexschur,0.010213626,0.0019882859999999997,0.013524018,0.069155029,0.005431661,0.103147624,91,4,3.872323126038608e-280,31.10908815096748,6.57800501127826,1.331998346195134e-256,6.666287965467205e-18,5129565.440987061,7.694785265142017e+23,mpmath_1792,62.04836822995432,11.800000000000002,10.999999999999996,851
circulant_10,10,Int64,false,diagonalcheap,realschur,0.001572171,7.5493e-5,0.0018418840000000002,0.000984162,0.000407999,0.005295682,13,4,1.642054078748915e-16,31.10908815096771,9.361394413562007,2.220446049250313e-16,1.532119984814764e-14,12213813248,7.694785265142017e+23,mpmath_1792,62.04836822995432,11.800000000000002,10.999999999999996,53
circulant_10,10,Int64,false,diagonalcheap,realschur,0.004285796,0.000350142,0.0034824409999999993,0.002377161,0.000402647,0.011413212,43,3,1.785186818650995e-80,967.7753655847094,63.80800476736727,1.727233711018889e-77,6.666287965467205e-18,5129565.440987061,7.694785265142017e+23,mpmath_1792,62.04836822995432,11.800000000000002,10.999999999999996,256
circulant_10,10,Int64,false,diagonalcheap,realschur,0.007154159,0.0010735739999999999,0.011279346,0.010708838,0.001788843,0.033374566,91,4,3.872323126038608e-280,31.10908815096748,8.873564573172072,1.331998346195134e-256,6.666287965467205e-18,5129565.440987061,7.694785265142017e+23,mpmath_1792,62.04836822995432,11.800000000000002,10.999999999999996,851
circulant_10,10,Int64,false,taylor,transfree,0.0,0.000705801,0.0016646500000000004,0.0021249330000000003,0.000296388,0.00521112,42,3,3.552713678800501e-15,178.7513122558594,1,2.220446049250313e-16,1.344049270741103e-16,134217728,7.694785265142017e+23,mpmath_1792,62.04836822995432,11.800000000000002,10.999999999999996,53
circulant_10,10,Int64,false,taylor,transfree,0.0,0.001128628,0.002398926999999999,0.003564397000000001,0.000445615,0.007879819,90,4,0,31.08158751330685,1,1.727233711018889e-77,6.666287965467205e-18,5129565.440987061,7.694785265142017e+23,mpmath_1792,62.04836822995432,11.800000000000002,10.999999999999996,256
circulant_10,10,Int64,false,taylor,transfree,0.0,0.0014036020000000003,0.007222409,0.008260419,0.004274236,0.021689363,90,11,3.443135024766597e-282,1.027219326740717,1,1.331998346195134e-256,6.666287965467205e-18,5129565.440987061,7.694785265142017e+23,mpmath_1792,62.04836822995432,11.800000000000002,10.999999999999996,851
circulant_10,10,Int64,false,taylor,complexschur,0.002890004,0.001006889,0.0029166770000000003,0.008662797,0.001664678,0.019358037,42,3,3.552713678800501e-15,178.7513122558595,1,2.220446049250313e-16,1.531940011752254e-14,12096372736,7.694785265142017e+23,mpmath_1792,62.04836822995432,11.800000000000002,10.999999999999996,53
circulant_10,10,Int64,false,taylor,complexschur,0.003349628,0.00109451,0.002852706,0.011033745,0.0035554,0.024377703,90,4,0,31.08158751330685,1,1.727233711018889e-77,6.666287965467205e-18,5129565.440987061,7.694785265142017e+23,mpmath_1792,62.04836822995432,11.800000000000002,10.999999999999996,256
circulant_10,10,Int64,false,taylor,complexschur,0.006621806,0.0011745930000000003,0.006818352999999998,0.013756133,0.010190784,0.040976253,90,11,3.443135024766597e-282,1.027219326740717,1,1.331998346195134e-256,6.666287965467205e-18,5129565.440987061,7.694785265142017e+23,mpmath_1792,62.04836822995432,11.800000000000002,10.999999999999996,851
circulant_10,10,Int64,false,taylor,realschur,0.002345556,0.000381925,0.0012727239999999998,0.0019093489999999999,0.000435494,0.035803432,42,3,3.552713678800501e-15,178.7513122558595,1,2.220446049250313e-16,1.532119984814764e-14,12213813248,7.694785265142017e+23,mpmath_1792,62.04836822995432,11.800000000000002,10.999999999999996,53
circulant_10,10,Int64,false,taylor,realschur,0.00322433,0.0005683860000000002,0.002085172,0.002339053,0.000536792,0.009266637,90,4,0,31.08158751330685,1,1.727233711018889e-77,6.666287965467205e-18,5129565.440987061,7.694785265142017e+23,mpmath_1792,62.04836822995432,11.800000000000002,10.999999999999996,256
circulant_10,10,Int64,false,taylor,realschur,0.010390484,0.0006386609999999999,0.007305095000000001,0.005195844,0.004155873,0.028708515,90,11,3.443135024766597e-282,1.027219326740717,1,1.331998346195134e-256,6.666287965467205e-18,5129565.440987061,7.694785265142017e+23,mpmath_1792,62.04836822995432,11.800000000000002,10.999999999999996,851
cycol_10,10,Float64,false,scaling_and_squaring,NaN,NaN,NaN,NaN,NaN,NaN,3.3819e-5,NaN,NaN,NaN,NaN,NaN,2.220446049250313e-16,4.186674743719846e-16,1.98729921407903e-14,40.02030449256152,mpmath_1792,13.06584662432592,Inf,7.472405995562992e66,53
cycol_10,10,Float64,false,diagonalcheap,transfree,0.0,7.904199999999999e-5,0.001137424,0.0010793349999999998,3.0e-8,0.088487764,13,0,1.196862488482923e-15,40.02030449256145,81.54822782974693,2.220446049250313e-16,5.583642992494952e-16,2.564615186884112e-14,40.02030449256152,mpmath_1792,13.06584662432592,Inf,7.472405995562992e66,53
cycol_10,10,Float64,false,diagonalcheap,transfree,0.0,0.00034122999999999993,0.002403753,0.0028121780000000002,4.0e-8,0.005768926,37,0,2.577968140029381e-82,40.02030449256155,74.66201024597159,1.727233711018889e-77,3.604546072150567e-17,1.264643956236531e-15,40.02030449256152,mpmath_1792,13.06584662432592,Inf,7.472405995562992e66,256
cycol_10,10,Float64,false,diagonalcheap,transfree,0.0,0.0007083219999999999,0.0061081450000000015,0.01059542,4.0e-8,0.017712852,91,0,1.479272269872015e-279,40.02030449256138,83.22116191271365,1.331998346195134e-256,3.604546072150567e-17,1.264643956236531e-15,40.02030449256152,mpmath_1792,13.06584662432592,Inf,7.472405995562992e66,851
cycol_10,10,Float64,false,diagonalcheap,complexschur,0.002337255,0.000187486,0.0024932160000000004,0.006226304,4.0e-8,0.013306772,13,0,5.568731794630534e-16,31.38275731946123,40.2540417081554,2.220446049250313e-16,1.43504254218117e-15,6.737405772172522e-14,40.02030449256152,mpmath_1792,13.06584662432592,Inf,7.472405995562992e66,53
cycol_10,10,Float64,false,diagonalcheap,complexschur,0.002991418,0.0005982989999999999,0.003522979,0.009426701000000001,4.0e-8,0.018823,37,0,1.305001297218906e-83,25.62196056447261,48.989849642233516,1.727233711018889e-77,3.604546072150567e-17,1.264643956236531e-15,40.02030449256152,mpmath_1792,13.06584662432592,Inf,7.472405995562992e66,256
cycol_10,10,Float64,false,diagonalcheap,complexschur,0.010460873,0.0013264130000000002,0.008577885,0.030252662,3.0e-8,0.052746371,91,0,7.774502511992753e-281,26.10013856499951,36.06698911015498,1.331998346195134e-256,3.604546072150567e-17,1.264643956236531e-15,40.02030449256152,mpmath_1792,13.06584662432592,Inf,7.472405995562992e66,851
cycol_10,10,Float64,false,diagonalcheap,realschur,0.00137465,7.316e-5,0.001146401,0.0009998939999999999,4.0e-8,0.003982021,13,0,7.424975726174044e-16,31.38275731946123,40.25404170815539,2.220446049250313e-16,1.354019292096127e-15,6.030679428059571e-14,40.02030449256152,mpmath_1792,13.06584662432592,Inf,7.472405995562992e66,53
cycol_10,10,Float64,false,diagonalcheap,realschur,0.003883528,0.00035029,0.002557817,0.002096973,3.0e-8,0.009358761,37,0,1.322298267236844e-83,25.89453198391537,51.25610580798243,1.727233711018889e-77,3.604546072150567e-17,1.264643956236531e-15,40.02030449256152,mpmath_1792,13.06584662432592,Inf,7.472405995562992e66,256
cycol_10,10,Float64,false,diagonalcheap,realschur,0.005467989,0.000954498,0.045234972,0.010445548,1.11e-7,0.063217115,91,0,8.242425667472133e-281,28.0774326623175,38.23774914618697,1.331998346195134e-256,3.604546072150567e-17,1.264643956236531e-15,40.02030449256152,mpmath_1792,13.06584662432592,Inf,7.472405995562992e66,851
cycol_10,10,Float64,false,taylor,transfree,0.0,0.00033584900000000004,0.0011322429999999998,0.0016324590000000002,8.4022e-5,0.003569534,25,1,2.775557561562891e-17,7.875488137712891,1,2.220446049250313e-16,9.914715077518439e-17,3.947363269585225e-15,40.02030449256152,mpmath_1792,13.06584662432592,Inf,7.472405995562992e66,53
cycol_10,10,Float64,false,taylor,transfree,0.0,0.000542625,0.001361643,0.003970656,0.000221785,0.006353005,72,1,1.441316125051048e-83,7.875488137712892,1,1.727233711018889e-77,3.604546072150567e-17,1.264643956236531e-15,40.02030449256152,mpmath_1792,13.06584662432592,Inf,7.472405995562992e66,256
cycol_10,10,Float64,false,taylor,transfree,0.0,0.0007531060000000001,0.0040443269999999995,0.0061303569999999995,0.001918496,0.013225215,90,7,1.318720714485607e-278,1.069950764429176,1,1.331998346195134e-256,3.604546072150567e-17,1.264643956236531e-15,40.02030449256152,mpmath_1792,13.06584662432592,Inf,7.472405995562992e66,851
cycol_10,10,Float64,false,taylor,complexschur,0.001328295,0.000465376,0.0008850579999999999,0.004104137999999999,5.0e-8,0.008520191,30,0,2.220446049250313e-16,20.70810170588239,1,2.220446049250313e-16,1.337334317571407e-15,6.28802565572073e-14,40.02030449256152,mpmath_1792,13.06584662432592,Inf,7.472405995562992e66,53
cycol_10,10,Float64,false,taylor,complexschur,0.004983686,0.00155518,0.002889709,0.01268689,0.000748545,0.025287463,72,1,0,6.287037466906072,1,1.727233711018889e-77,3.604546072150567e-17,1.264643956236531e-15,40.02030449256152,mpmath_1792,13.06584662432592,Inf,7.472405995562992e66,256
cycol_10,10,Float64,false,taylor,complexschur,0.00983578,0.001830777,0.007477482999999999,0.014381196000000002,0.00686272,0.04388941,90,7,1.308391309411307e-280,1.039960933805017,1,1.331998346195134e-256,3.604546072150567e-17,1.264643956236531e-15,40.02030449256152,mpmath_1792,13.06584662432592,Inf,7.472405995562992e66,851
cycol_10,10,Float64,false,taylor,realschur,0.001577627,0.000321759,0.000684056,0.001076499,3.0e-8,0.004036813,30,0,2.220446049250313e-16,20.70810170588239,1,2.220446049250313e-16,1.322756306097931e-15,5.83179338153883e-14,40.02030449256152,mpmath_1792,13.06584662432592,Inf,7.472405995562992e66,53
cycol_10,10,Float64,false,taylor,realschur,0.002788051,0.00046035600000000004,0.0011716329999999998,0.002093607,0.000128023,0.007138526,72,1,4.118046071574423e-84,6.384940144721192,1,1.727233711018889e-77,3.604546072150567e-17,1.264643956236531e-15,40.02030449256152,mpmath_1792,13.06584662432592,Inf,7.472405995562992e66,256
cycol_10,10,Float64,false,taylor,realschur,0.005417215,0.0006405919999999998,0.005939536,0.004793113999999999,0.002170253,0.020253856,90,7,1.308391309411307e-280,1.040936480645086,1,1.331998346195134e-256,3.604546072150567e-17,1.264643956236531e-15,40.02030449256152,mpmath_1792,13.06584662432592,Inf,7.472405995562992e66,851
dramadah_10_1,10,Int64,false,scaling_and_squaring,NaN,NaN,NaN,NaN,NaN,NaN,3.2307e-5,NaN,NaN,NaN,NaN,NaN,2.220446049250313e-16,2.128490604477643e-16,2.042810365310288e-14,98.4089040883864,mpmath_1792,6.695476258165029,1026.0,504.97133313997983,53
dramadah_10_1,10,Int64,false,diagonalcheap,transfree,0.0,6.6858e-5,0.001003407,0.00105394,3.0e-8,0.002359227,13,0,7.092621356493725e-15,98.40890408838663,27.056641925681802,2.220446049250313e-16,0.3355969991487339,17.53308105561833,98.4089040883864,mpmath_1792,6.695476258165029,1026.0,504.97133313997983,53
dramadah_10_1,10,Int64,false,diagonalcheap,transfree,0.0,0.000481858,0.0021904610000000003,0.0026000909999999997,3.0e-8,0.005456517,37,0,2.427957272896402e-81,98.40890408838621,28.717096047005647,1.727233711018889e-77,0.3355969991487339,17.53308105561828,98.4089040883864,mpmath_1792,6.695476258165029,1026.0,504.97133313997983,256
dramadah_10_1,10,Int64,false,diagonalcheap,transfree,0.0,0.001491207,0.005638348000000001,0.007409863,3.0e-8,0.014757367,91,0,1.615928912713612e-272,98.40890408838632,28.16977088550232,1.331998346195134e-256,0.3355969991487339,17.53308105561828,98.4089040883864,mpmath_1792,6.695476258165029,1026.0,504.97133313997983,851
dramadah_10_1,10,Int64,false,diagonalcheap,complexschur,0.002962855,0.000189388,0.002351019999999999,0.005926651000000001,4.0e-8,0.013375955,13,0,3.640650498545992e-15,64.33538939524708,19.671806923007217,2.220446049250313e-16,2.426562938745233e-15,3.40172334745148e-13,98.4089040883864,mpmath_1792,6.695476258165029,1026.0,504.97133313997983,53
dramadah_10_1,10,Int64,false,diagonalcheap,complexschur,0.005093553,0.000571914,0.0032928809999999997,0.009283072,4.0e-8,0.021623024,37,0,4.763582085809295e-82,64.33538939524712,15.944679228692763,1.727233711018889e-77,4.7270562840842e-17,4.781097501275746e-15,98.4089040883864,mpmath_1792,6.695476258165029,1026.0,504.97133313997983,256
dramadah_10_1,10,Int64,false,diagonalcheap,complexschur,0.049176456,0.00139947,0.009865159000000002,0.020120351,4.0e-8,0.082767627,91,0,3.54254181978201e-275,64.3353893952473,16.259257561862338,1.331998346195134e-256,4.7270562840842e-17,4.781097501275746e-15,98.4089040883864,mpmath_1792,6.695476258165029,1026.0,504.97133313997983,851
dramadah_10_1,10,Int64,false,diagonalcheap,realschur,0.0,6.9411e-5,0.0011699200000000003,0.0011215099999999998,3.0e-8,0.002585632,13,0,7.092621356493725e-15,98.40890408838663,27.056641925681802,2.220446049250313e-16,0.3355969991487339,17.53308105561833,98.4089040883864,mpmath_1792,6.695476258165029,1026.0,504.97133313997983,53
dramadah_10_1,10,Int64,false,diagonalcheap,realschur,0.0,0.0005449659999999999,0.0022685320000000006,0.002699434,4.0e-8,0.00571134,37,0,2.427957272896402e-81,98.40890408838621,28.717096047005647,1.727233711018889e-77,0.3355969991487339,17.53308105561828,98.4089040883864,mpmath_1792,6.695476258165029,1026.0,504.97133313997983,256
dramadah_10_1,10,Int64,false,diagonalcheap,realschur,0.0,0.0025234930000000004,0.009008647000000003,0.010591398,4.0e-8,0.022439197,91,0,1.615928912713612e-272,98.40890408838632,28.16977088550232,1.331998346195134e-256,0.3355969991487339,17.53308105561828,98.4089040883864,mpmath_1792,6.695476258165029,1026.0,504.97133313997983,851
dramadah_10_1,10,Int64,false,taylor,transfree,0.0,0.00019533999999999998,0.0005561689999999999,0.001003417,0.000119715,0.002150138,25,1,0,9.708333333333334,1,2.220446049250313e-16,0.3680183145620196,30.83427194663774,98.4089040883864,mpmath_1792,6.695476258165029,1026.0,504.97133313997983,53
dramadah_10_1,10,Int64,false,taylor,transfree,0.0,0.0006676610000000001,0.00101939,0.0025448690000000004,0.000176953,0.004673803,72,1,1.387781526120581e-81,9.708333333333333,1,1.727233711018889e-77,0.3680183145620196,30.83427194663774,98.4089040883864,mpmath_1792,6.695476258165029,1026.0,504.97133313997983,256
dramadah_10_1,10,Int64,false,taylor,transfree,0.0,0.0010140890000000001,0.005042755,0.006995174000000001,0.004532643,0.018024355,90,7,1.608373725385741e-274,1.047707947906384,1,1.331998346195134e-256,0.4083063097360157,37.1740075085569,98.4089040883864,mpmath_1792,6.695476258165029,1026.0,504.97133313997983,851
dramadah_10_1,10,Int64,false,taylor,complexschur,0.006907112,0.000560538,0.0015491779999999998,0.007624602,0.000735888,0.019646922,25,1,1.110223024625157e-16,6.753799578103475,1,2.220446049250313e-16,1.868385264050891e-15,2.113864638886298e-13,98.4089040883864,mpmath_1792,6.695476258165029,1026.0,504.97133313997983,53
dramadah_10_1,10,Int64,false,taylor,complexschur,0.00628668,0.0015151070000000001,0.002310357,0.012425254,0.000866487,0.025434718,72,1,5.35345989304675e-83,6.753799578103478,1,1.727233711018889e-77,4.7270562840842e-17,4.781097501275746e-15,98.4089040883864,mpmath_1792,6.695476258165029,1026.0,504.97133313997983,256
dramadah_10_1,10,Int64,false,taylor,complexschur,0.008266709,0.0020289310000000003,0.008912172000000001,0.042228623,0.008010033,0.072404881,90,7,3.087348996387415e-276,1.033067062613107,1,1.331998346195134e-256,4.7270562840842e-17,4.781097501275746e-15,98.4089040883864,mpmath_1792,6.695476258165029,1026.0,504.97133313997983,851
dramadah_10_1,10,Int64,false,taylor,realschur,0.0,0.00020033400000000004,0.0006913280000000001,0.001004509,0.000116168,0.002304726,25,1,0,9.708333333333334,1,2.220446049250313e-16,0.3680183145620196,30.83427194663774,98.4089040883864,mpmath_1792,6.695476258165029,1026.0,504.97133313997983,53
dramadah_10_1,10,Int64,false,taylor,realschur,0.0,0.000699948,0.001307028,0.0024630220000000005,0.000180399,0.004915899,72,1,1.387781526120581e-81,9.708333333333333,1,1.727233711018889e-77,0.3680183145620196,30.83427194663774,98.4089040883864,mpmath_1792,6.695476258165029,1026.0,504.97133313997983,256
dramadah_10_1,10,Int64,false,taylor,realschur,0.0,0.0010834019999999998,0.004912543,0.007213149,0.004572605,0.018240658,90,7,1.608373725385741e-274,1.047707947906384,1,1.331998346195134e-256,0.4083063097360157,37.1740075085569,98.4089040883864,mpmath_1792,6.695476258165029,1026.0,504.97133313997983,851
dramadah_10_3,10,Int64,false,scaling_and_squaring,NaN,NaN,NaN,NaN,NaN,NaN,2.7747e-5,NaN,NaN,NaN,NaN,NaN,2.220446049250313e-16,2.659763706377483e-16,1.77635683940025e-14,60.50895669867163,mpmath_1792,6.35635224851983,11.89090909090909,4.215520833463272,53
dramadah_10_3,10,Int64,false,diagonalcheap,transfree,0.0,6.686799999999998e-5,0.001060502,0.0010203019999999998,4.0e-8,0.002353004,13,0,2.973933097260254e-16,60.50895669867153,19.744595522600495,2.220446049250313e-16,0.1790397920162673,4.973041648942215,60.50895669867163,mpmath_1792,6.35635224851983,11.89090909090909,4.215520833463272,53
dramadah_10_3,10,Int64,false,diagonalcheap,transfree,0.0,0.000560638,0.002749456,0.0037921569999999996,3.0e-8,0.007325369,37,0,1.267317033684559e-82,60.50895669867157,18.79640236743403,1.727233711018889e-77,0.1790397920162673,4.9730416489422,60.50895669867163,mpmath_1792,6.35635224851983,11.89090909090909,4.215520833463272,256
dramadah_10_3,10,Int64,false,diagonalcheap,transfree,0.0,0.0025335919999999994,0.009542612,0.008694339,3.0e-8,0.021074078,91,0,6.968274081885425e-280,60.50895669867161,18.508868644720593,1.331998346195134e-256,0.1790397920162673,4.9730416489422,60.50895669867163,mpmath_1792,6.35635224851983,11.89090909090909,4.215520833463272,851
dramadah_10_3,10,Int64,false,diagonalcheap,complexschur,0.002329195,0.000115556,0.001468453,0.003969196,4.0e-8,0.009138917,13,0,6.718008106279177e-16,41.92937030663569,8.603825742280732,2.220446049250313e-16,6.459110538550293e-15,3.739231146937527e-13,60.50895669867163,mpmath_1792,6.35635224851983,11.89090909090909,4.215520833463272,53
dramadah_10_3,10,Int64,false,diagonalcheap,complexschur,0.006957816,0.0010515879999999998,0.005500196000000001,0.009894988,3.0e-8,0.025026963,37,0,4.794174312281277e-83,41.92937030663548,9.103349851632222,1.727233711018889e-77,4.091119198625171e-17,2.073250295956655e-15,60.50895669867163,mpmath_1792,6.35635224851983,11.89090909090909,4.215520833463272,256
dramadah_10_3,10,Int64,false,diagonalcheap,complexschur,0.008934328,0.002118332,0.011756436,0.021917958,4.0e-8,0.047226718,81,0,3.463969695019778e-255,41.92937030663551,9.51640755678731,1.331998346195134e-256,4.091119198625171e-17,2.073250295956655e-15,60.50895669867163,mpmath_1792,6.35635224851983,11.89090909090909,4.215520833463272,851
dramadah_10_3,10,Int64,false,diagonalcheap,realschur,0.0,6.901100000000001e-5,0.000996692,0.0010591709999999998,3.0e-8,0.002381814,13,0,2.973933097260254e-16,60.50895669867153,19.744595522600495,2.220446049250313e-16,0.1790397920162673,4.973041648942215,60.50895669867163,mpmath_1792,6.35635224851983,11.89090909090909,4.215520833463272,53
dramadah_10_3,10,Int64,false,diagonalcheap,realschur,0.0,0.0007591280000000001,0.003052657000000001,0.004113894999999999,4.0e-8,0.008193729,37,0,1.267317033684559e-82,60.50895669867157,18.79640236743403,1.727233711018889e-77,0.1790397920162673,4.9730416489422,60.50895669867163,mpmath_1792,6.35635224851983,11.89090909090909,4.215520833463272,256
dramadah_10_3,10,Int64,false,diagonalcheap,realschur,0.0,0.0026011550000000004,0.009091519000000003,0.043702692999999994,4.0e-8,0.05586069,91,0,6.968274081885425e-280,60.50895669867161,18.508868644720593,1.331998346195134e-256,0.1790397920162673,4.9730416489422,60.50895669867163,mpmath_1792,6.35635224851983,11.89090909090909,4.215520833463272,851
dramadah_10_3,10,Int64,false,taylor,transfree,0.0,0.000298694,0.0007689159999999998,0.001456578,0.000176422,0.003065555,25,1,0,8.958333333333332,1,2.220446049250313e-16,0.1959494301366824,9.564265656216827,60.50895669867163,mpmath_1792,6.35635224851983,11.89090909090909,4.215520833463272,53
dramadah_10_3,10,Int64,false,taylor,transfree,0.0,0.0010476160000000001,0.001623991,0.003949969,0.000276577,0.007244624,72,1,6.177069107361635e-84,8.958333333333333,1,1.727233711018889e-77,0.1959494301366824,9.564265656216832,60.50895669867163,mpmath_1792,6.35635224851983,11.89090909090909,4.215520833463272,256
dramadah_10_3,10,Int64,false,taylor,transfree,0.0,0.001480697,0.005688486999999999,0.007349584,0.00452117,0.019508277,90,7,3.443135024766597e-282,1.047644977991329,1,1.331998346195134e-256,0.215453764465044,11.79780454648638,60.50895669867163,mpmath_1792,6.35635224851983,11.89090909090909,4.215520833463272,851
dramadah_10_3,10,Int64,false,taylor,complexschur,0.003786283,0.00057539,0.0012824209999999997,0.005435264,4.0e-8,0.013226157,30,0,2.220446049250313e-16,24.70685601802633,1,2.220446049250313e-16,5.074710651039207e-15,2.970956813896919e-13,60.50895669867163,mpmath_1792,6.35635224851983,11.89090909090909,4.215520833463272,53
dramadah_10_3,10,Int64,false,taylor,complexschur,0.007351363,0.001004161,0.002051237,0.012072253,5.0e-8,0.025016232,81,0,1.720519648703794e-80,24.70685601802627,1,1.727233711018889e-77,4.091119198625171e-17,2.073250295956655e-15,60.50895669867163,mpmath_1792,6.35635224851983,11.89090909090909,4.215520833463272,256
dramadah_10_3,10,Int64,false,taylor,complexschur,0.00898541,0.001298599,0.005921003,0.013762476999999999,0.007514216,0.040219876,90,6,4.786756256539874e-258,1.085726799029994,1,1.331998346195134e-256,4.091119198625171e-17,2.073250295956655e-15,60.50895669867163,mpmath_1792,6.35635224851983,11.89090909090909,4.215520833463272,851
dramadah_10_3,10,Int64,false,taylor,realschur,0.0,0.000194006,0.000608888,0.0009524309999999999,0.000113513,0.002149875,25,1,0,8.958333333333332,1,2.220446049250313e-16,0.1959494301366824,9.564265656216827,60.50895669867163,mpmath_1792,6.35635224851983,11.89090909090909,4.215520833463272,53
dramadah_10_3,10,Int64,false,taylor,realschur,0.0,0.000664652,0.0010480410000000002,0.0025283280000000003,0.000178004,0.004685931,72,1,6.177069107361635e-84,8.958333333333333,1,1.727233711018889e-77,0.1959494301366824,9.564265656216832,60.50895669867163,mpmath_1792,6.35635224851983,11.89090909090909,4.215520833463272,256
dramadah_10_3,10,Int64,false,taylor,realschur,0.0,0.0009730940000000001,0.004611399000000001,0.007161592,0.004533118,0.017772523,90,7,3.443135024766597e-282,1.047644977991329,1,1.331998346195134e-256,0.215453764465044,11.79780454648638,60.50895669867163,mpmath_1792,6.35635224851983,11.89090909090909,4.215520833463272,851
forsythe_10,10,Float64,false,scaling_and_squaring,NaN,NaN,NaN,NaN,NaN,NaN,2.7937e-5,NaN,NaN,NaN,NaN,NaN,2.220446049250313e-16,1.679715421914906e-16,7.228375883987111e-16,2.718281525573197,mpmath_1792,1.691360042031752,6.7108864e7,6.7108864e7,53
forsythe_10,10,Float64,false,diagonalcheap,transfree,0.0,2.716e-6,0.000999848,0.0010955119999999999,6.0e-8,0.079897439,9,0,1.152469037665662e-17,2.718281525573197,2.718281825640393,2.220446049250313e-16,2.012924638454431e-14,4.556976665198514e-14,2.718281525573197,mpmath_1792,1.691360042031752,6.7108864e7,6.7108864e7,53
forsythe_10,10,Float64,false,diagonalcheap,transfree,0.0,0.00032190900000000005,0.0022021519999999998,0.0021564640000000003,5.0e-8,0.004896716,25,0,1.392937073183684e-80,2.718281525573197,2.7182818272837044,1.727233711018889e-77,2.012899934106985e-14,4.517660927707979e-14,2.718281525573197,mpmath_1792,1.691360042031752,6.7108864e7,6.7108864e7,256
forsythe_10,10,Float64,false,diagonalcheap,transfree,0.0,0.000845872,0.004205378,0.004001336,5.0e-8,0.00928438,49,0,2.467483110787691e-262,2.718281525573197,2.718281827466352,1.331998346195134e-256,2.012899934106985e-14,4.517660927707979e-14,2.718281525573197,mpmath_1792,1.691360042031752,6.7108864e7,6.7108864e7,851
forsythe_10,10,Float64,false,diagonalcheap,complexschur,0.006957957,5.3620000000000005e-6,0.0019696629999999965,0.042372278,4.1e-8,0.053044921,9,0,1.22932725708103e-17,2.738677004148674,2.9189240922156237,2.220446049250313e-16,1.994408213019208e-15,1.154717905204414e-14,2.718281525573197,mpmath_1792,1.691360042031752,6.7108864e7,6.7108864e7,53
forsythe_10,10,Float64,false,diagonalcheap,complexschur,0.01109143,0.000594817,0.004304962999999999,0.009571478000000001,5.0e-8,0.02784326,25,0,4.696254247470253e-79,2.989728598267252,2.9450721912754085,1.727233711018889e-77,9.054537136839698e-17,2.257586610717359e-16,2.718281525573197,mpmath_1792,1.691360042031752,6.7108864e7,6.7108864e7,256
forsythe_10,10,Float64,false,diagonalcheap,complexschur,0.019556313,0.0012670530000000004,0.007290218,0.021351428999999998,5.0e-8,0.053128332,49,0,2.632126126631699e-262,2.742699710889864,2.8331338978296445,1.331998346195134e-256,9.054537136839698e-17,2.257586610717359e-16,2.718281525573197,mpmath_1792,1.691360042031752,6.7108864e7,6.7108864e7,851
forsythe_10,10,Float64,false,diagonalcheap,realschur,0.0,2.524e-6,0.001323639,0.001225597,5.0e-8,0.002857481,9,0,1.152469037665662e-17,2.718281525573197,2.718281825640393,2.220446049250313e-16,2.012924638454431e-14,4.556976665198514e-14,2.718281525573197,mpmath_1792,1.691360042031752,6.7108864e7,6.7108864e7,53
forsythe_10,10,Float64,false,diagonalcheap,realschur,0.0,0.000351972,0.002498095,0.0023450230000000003,8.0e-8,0.005452604,25,0,1.392937073183684e-80,2.718281525573197,2.7182818272837044,1.727233711018889e-77,2.012899934106985e-14,4.517660927707979e-14,2.718281525573197,mpmath_1792,1.691360042031752,6.7108864e7,6.7108864e7,256
forsythe_10,10,Float64,false,diagonalcheap,realschur,0.0,0.0008732979999999999,0.004642524,0.004192153,4.0e-8,0.010013223,49,0,2.467483110787691e-262,2.718281525573197,2.718281827466352,1.331998346195134e-256,2.012899934106985e-14,4.517660927707979e-14,2.718281525573197,mpmath_1792,1.691360042031752,6.7108864e7,6.7108864e7,851
forsythe_10,10,Float64,false,taylor,transfree,0.0,0.00029009200000000004,0.000592144,0.001092297,4.0e-8,0.002196357,20,0,2.775557561562891e-17,2.666666666666667,1,2.220446049250313e-16,2.012896564021018e-14,4.506043896452972e-14,2.718281525573197,mpmath_1792,1.691360042031752,6.7108864e7,6.7108864e7,53
forsythe_10,10,Float64,false,taylor,transfree,0.0,0.000715115,0.0009164560000000001,0.002488486,4.0e-8,0.004325146,56,0,2.51077176327856e-77,2.666666666666667,1,1.727233711018889e-77,2.012899934106985e-14,4.517660927707979e-14,2.718281525573197,mpmath_1792,1.691360042031752,6.7108864e7,6.7108864e7,256
forsythe_10,10,Float64,false,taylor,transfree,0.0,0.001178291,0.0027105,0.0041063,0.000964244,0.009319472,90,2,2.152670398120619e-260,1.284025416687473,1,1.331998346195134e-256,2.012901641894705e-14,4.519728174886322e-14,2.718281525573197,mpmath_1792,1.691360042031752,6.7108864e7,6.7108864e7,851
forsythe_10,10,Float64,false,taylor,complexschur,0.007649041,0.000531097,0.0012174539999999998,0.004797624,5.1e-8,0.015975941,20,0,1.387778780781446e-17,2.936898378661384,1,2.220446049250313e-16,1.989476314398961e-15,1.155114300707478e-14,2.718281525573197,mpmath_1792,1.691360042031752,6.7108864e7,6.7108864e7,53
forsythe_10,10,Float64,false,taylor,complexschur,0.011157254,0.001240411,0.002078163,0.011332904999999999,4.0e-8,0.028130919,64,0,1.029511517893606e-84,2.936898378661376,1,1.727233711018889e-77,9.054537136839698e-17,2.257586610717359e-16,2.718281525573197,mpmath_1792,1.691360042031752,6.7108864e7,6.7108864e7,256
forsythe_10,10,Float64,false,taylor,complexschur,0.020339426,0.001638345,0.005101654999999999,0.051527947,0.001544492,0.083037683,90,2,1.864602182731132e-259,1.343429908507653,1,1.331998346195134e-256,9.054537136839698e-17,2.257586610717359e-16,2.718281525573197,mpmath_1792,1.691360042031752,6.7108864e7,6.7108864e7,851
forsythe_10,10,Float64,false,taylor,realschur,0.0,0.00016200100000000002,0.000479881,0.000642246,4.0e-8,0.00146985,20,0,2.775557561562891e-17,2.666666666666667,1,2.220446049250313e-16,2.012896564021018e-14,4.506043896452972e-14,2.718281525573197,mpmath_1792,1.691360042031752,6.7108864e7,6.7108864e7,53
forsythe_10,10,Float64,false,taylor,realschur,0.0,0.00041044000000000003,0.0007902679999999999,0.0014771139999999999,4.0e-8,0.002827109,56,0,2.51077176327856e-77,2.666666666666667,1,1.727233711018889e-77,2.012899934106985e-14,4.517660927707979e-14,2.718281525573197,mpmath_1792,1.691360042031752,6.7108864e7,6.7108864e7,256
forsythe_10,10,Float64,false,taylor,realschur,0.0,0.0007006050000000001,0.0019828630000000005,0.003092993,0.001022734,0.007044874,90,2,2.152670398120619e-260,1.284025416687473,1,1.331998346195134e-256,2.012901641894705e-14,4.519728174886322e-14,2.718281525573197,mpmath_1792,1.691360042031752,6.7108864e7,6.7108864e7,851
leslie_10_1,10,Int64,false,scaling_and_squaring,NaN,NaN,NaN,NaN,NaN,NaN,2.4169e-5,NaN,NaN,NaN,NaN,NaN,2.220446049250313e-16,1.382920037037525e-16,1.751040718672714e-15,7.389055727637594,mpmath_1792,4.355216783714111,4.0,10.90832691319598,53
leslie_10_1,10,Int64,false,diagonalcheap,transfree,0.0,3.7180000000000002e-6,0.00109989,0.001183332,6.0e-8,0.086667541,9,0,6.215601717467331e-16,7.389055727637595,5.775202858683046,2.220446049250313e-16,1.745207548465548e-16,2.310136673969176e-15,7.389055727637594,mpmath_1792,4.355216783714111,4.0,10.90832691319598,53
leslie_10_1,10,Int64,false,diagonalcheap,transfree,0.0,0.000529943,0.0028166460000000003,0.003280742,5.1e-8,0.006860809,31,0,2.821532051362997e-84,7.389055727637593,5.6790939723265605,1.727233711018889e-77,4.916624474338289e-17,5.190626379549785e-16,7.389055727637594,mpmath_1792,4.355216783714111,4.0,10.90832691319598,256
leslie_10_1,10,Int64,false,diagonalcheap,transfree,0.0,0.0018388329999999998,0.007900670000000004,0.009409142,8.0e-8,0.019429497,81,0,1.877704495178663e-281,7.389055727637587,5.656186251493258,1.331998346195134e-256,4.916624474338289e-17,5.190626379549785e-16,7.389055727637594,mpmath_1792,4.355216783714111,4.0,10.90832691319598,851
leslie_10_1,10,Int64,false,diagonalcheap,complexschur,0.004555882,3.307e-6,0.0017198689999999997,0.005436003,4.0e-8,0.013549796,9,0,7.497045084146383e-16,7.38180827794084,7.247533231563908,2.220446049250313e-16,1.230650981037921e-15,1.747106420039307e-14,7.389055727637594,mpmath_1792,4.355216783714111,4.0,10.90832691319598,53
leslie_10_1,10,Int64,false,diagonalcheap,complexschur,0.007928363,0.000742237,0.004240825999999999,0.011255573999999999,5.0e-8,0.026482799,31,0,5.769210248197947e-84,7.381808277940835,7.9816705162364245,1.727233711018889e-77,4.916624474338289e-17,5.190626379549785e-16,7.389055727637594,mpmath_1792,4.355216783714111,4.0,10.90832691319598,256
leslie_10_1,10,Int64,false,diagonalcheap,complexschur,0.012727994,0.002248772,0.011796927,0.022092319000000003,4.0e-8,0.05130936,81,0,1.537741903456807e-280,7.381808277940844,7.145988642951578,1.331998346195134e-256,4.916624474338289e-17,5.190626379549785e-16,7.389055727637594,mpmath_1792,4.355216783714111,4.0,10.90832691319598,851
leslie_10_1,10,Int64,false,diagonalcheap,realschur,0.002911928,2.435e-6,0.0009322480000000002,0.000852393,3.0e-8,0.005062339,9,0,8.739964329038007e-16,7.381808277940839,7.985086477450523,2.220446049250313e-16,1.256553616046032e-15,1.858326589398301e-14,7.389055727637594,mpmath_1792,4.355216783714111,4.0,10.90832691319598,53
leslie_10_1,10,Int64,false,diagonalcheap,realschur,0.004914326,0.00037800500000000005,0.0033188799999999997,0.003470492,3.0e-8,0.012772856,31,0,6.720133036282438e-84,7.381808277940835,10.081054099585927,1.727233711018889e-77,4.916624474338289e-17,5.190626379549785e-16,7.389055727637594,mpmath_1792,4.355216783714111,4.0,10.90832691319598,256
leslie_10_1,10,Int64,false,diagonalcheap,realschur,0.015458883,0.0006729080000000002,0.006006649000000001,0.007576595,4.0e-8,0.030823411,81,0,1.791343004972849e-280,8.040041902105227,7.847764634733665,1.331998346195134e-256,4.916624474338289e-17,5.190626379549785e-16,7.389055727637594,mpmath_1792,4.355216783714111,4.0,10.90832691319598,851
leslie_10_1,10,Int64,false,taylor,transfree,0.0,0.00033464400000000004,0.0006912630000000002,0.0014569020000000002,5.0e-8,0.002734997,25,0,8.326672684688674e-17,6.333333333333334,1,2.220446049250313e-16,9.019355063875931e-17,7.010485128609162e-16,7.389055727637594,mpmath_1792,4.355216783714111,4.0,10.90832691319598,53
leslie_10_1,10,Int64,false,taylor,transfree,0.0,0.0011395210000000001,0.001230901,0.004176012999999999,4.0e-8,0.00676825,72,0,2.059023035787212e-84,6.333333333333333,1,1.727233711018889e-77,4.916624474338289e-17,5.190626379549785e-16,7.389055727637594,mpmath_1792,4.355216783714111,4.0,10.90832691319598,256
leslie_10_1,10,Int64,false,taylor,transfree,0.0,0.0021571969999999996,0.005206351999999999,0.049849093000000004,0.001585254,0.059304611,90,6,7.880991758188264e-278,1.031743407499103,1,1.331998346195134e-256,4.916624474338289e-17,5.190626379549785e-16,7.389055727637594,mpmath_1792,4.355216783714111,4.0,10.90832691319598,851
leslie_10_1,10,Int64,false,taylor,complexschur,0.002874302,0.00038608,0.0010785249999999997,0.003611640000000001,4.0e-8,0.009369442,25,0,2.775557561562891e-17,6.32842794134895,1,2.220446049250313e-16,1.269898320628574e-15,1.839068448309528e-14,7.389055727637594,mpmath_1792,4.355216783714111,4.0,10.90832691319598,53
leslie_10_1,10,Int64,false,taylor,complexschur,0.005255203,0.00104051,0.0018795580000000004,0.010239741,8.0e-8,0.020591274,72,0,0,6.328427941348953,1,1.727233711018889e-77,4.916624474338289e-17,5.190626379549785e-16,7.389055727637594,mpmath_1792,4.355216783714111,4.0,10.90832691319598,256
leslie_10_1,10,Int64,false,taylor,complexschur,0.009375244,0.0012492220000000001,0.005603419000000001,0.014706584,0.006765954,0.040409217,90,6,7.604163702197029e-278,1.039181171267378,1,1.331998346195134e-256,4.916624474338289e-17,5.190626379549785e-16,7.389055727637594,mpmath_1792,4.355216783714111,4.0,10.90832691319598,851
leslie_10_1,10,Int64,false,taylor,realschur,0.00277084,0.00020703399999999998,0.00070302,0.000890793,4.0e-8,0.00492134,25,0,2.775557561562891e-17,7.193291205806618,1,2.220446049250313e-16,1.234765239369809e-15,1.795184010125461e-14,7.389055727637594,mpmath_1792,4.355216783714111,4.0,10.90832691319598,53
leslie_10_1,10,Int64,false,taylor,realschur,0.004932382,0.0007884930000000001,0.0017358550000000001,0.003738388,4.0e-8,0.011877594,72,0,0,7.193291205806623,1,1.727233711018889e-77,4.916624474338289e-17,5.190626379549785e-16,7.389055727637594,mpmath_1792,4.355216783714111,4.0,10.90832691319598,256
leslie_10_1,10,Int64,false,taylor,realschur,0.014190968,0.0007091349999999998,0.004028911999999999,0.0038080649999999994,0.00157855,0.025158049,90,6,7.604163702197029e-278,1.050724990510458,1,1.331998346195134e-256,4.916624474338289e-17,5.190626379549785e-16,7.389055727637594,mpmath_1792,4.355216783714111,4.0,10.90832691319598,851
leslie_10_2,10,Int64,false,scaling_and_squaring,NaN,NaN,NaN,NaN,NaN,NaN,2.7085e-5,NaN,NaN,NaN,NaN,NaN,2.220446049250313e-16,1.382920037037525e-16,1.751040718672714e-15,7.389055727637594,mpmath_1792,4.355216783714111,4.0,10.90832691319598,53
leslie_10_2,10,Int64,false,diagonalcheap,transfree,0.0,2.624e-6,0.0010930859999999998,0.00113504,9.1e-8,0.00243519,9,0,6.215601717467331e-16,7.389055727637595,5.775202858683046,2.220446049250313e-16,1.745207548465548e-16,2.310136673969176e-15,7.389055727637594,mpmath_1792,4.355216783714111,4.0,10.90832691319598,53
leslie_10_2,10,Int64,false,diagonalcheap,transfree,0.0,0.0004974770000000001,0.002551458,0.0030388930000000004,4.0e-8,0.00626889,31,0,2.821532051362997e-84,7.389055727637593,5.6790939723265605,1.727233711018889e-77,4.916624474338289e-17,5.190626379549785e-16,7.389055727637594,mpmath_1792,4.355216783714111,4.0,10.90832691319598,256
leslie_10_2,10,Int64,false,diagonalcheap,transfree,0.0,0.00177431,0.007087512,0.008977197999999999,5.0e-8,0.018069942,81,0,1.877704495178663e-281,7.389055727637587,5.656186251493258,1.331998346195134e-256,4.916624474338289e-17,5.190626379549785e-16,7.389055727637594,mpmath_1792,4.355216783714111,4.0,10.90832691319598,851
leslie_10_2,10,Int64,false,diagonalcheap,complexschur,0.004367051,3.0859999999999998e-6,0.001654022,0.004367653,5.0e-8,0.012136358,9,0,7.497045084146383e-16,7.38180827794084,7.247533231563908,2.220446049250313e-16,1.230650981037921e-15,1.747106420039307e-14,7.389055727637594,mpmath_1792,4.355216783714111,4.0,10.90832691319598,53
leslie_10_2,10,Int64,false,diagonalcheap,complexschur,0.007719586,0.0007121570000000002,0.004054413,0.011115620000000001,5.0e-8,0.025879783,31,0,5.769210248197947e-84,7.381808277940835,7.9816705162364245,1.727233711018889e-77,4.916624474338289e-17,5.190626379549785e-16,7.389055727637594,mpmath_1792,4.355216783714111,4.0,10.90832691319598,256
leslie_10_2,10,Int64,false,diagonalcheap,complexschur,0.014834716,0.0026976569999999996,0.011130158000000005,0.064508547,5.0e-8,0.096822216,81,0,1.537741903456807e-280,7.381808277940844,7.145988642951578,1.331998346195134e-256,4.916624474338289e-17,5.190626379549785e-16,7.389055727637594,mpmath_1792,4.355216783714111,4.0,10.90832691319598,851
leslie_10_2,10,Int64,false,diagonalcheap,realschur,0.004166531,2.6059999999999997e-6,0.0012979939999999998,0.001326041,4.0e-8,0.007298285,9,0,8.739964329038007e-16,7.381808277940839,7.985086477450523,2.220446049250313e-16,1.256553616046032e-15,1.858326589398301e-14,7.389055727637594,mpmath_1792,4.355216783714111,4.0,10.90832691319598,53
leslie_10_2,10,Int64,false,diagonalcheap,realschur,0.00750116,0.000371531,0.003048605,0.003118457,5.0e-8,0.014662333,31,0,6.720133036282438e-84,7.381808277940835,10.081054099585927,1.727233711018889e-77,4.916624474338289e-17,5.190626379549785e-16,7.389055727637594,mpmath_1792,4.355216783714111,4.0,10.90832691319598,256
leslie_10_2,10,Int64,false,diagonalcheap,realschur,0.014219378,0.0009154240000000001,0.008246181000000002,0.008894596999999999,4.0e-8,0.033396624,81,0,1.791343004972849e-280,8.040041902105227,7.847764634733665,1.331998346195134e-256,4.916624474338289e-17,5.190626379549785e-16,7.389055727637594,mpmath_1792,4.355216783714111,4.0,10.90832691319598,851
leslie_10_2,10,Int64,false,taylor,transfree,0.0,0.000306398,0.000663026,0.001356374,4.0e-8,0.002551388,25,0,8.326672684688674e-17,6.333333333333334,1,2.220446049250313e-16,9.019355063875931e-17,7.010485128609162e-16,7.389055727637594,mpmath_1792,4.355216783714111,4.0,10.90832691319598,53
leslie_10_2,10,Int64,false,taylor,transfree,0.0,0.001014485,0.0010930519999999995,0.0037082910000000003,5.0e-8,0.006020672,72,0,2.059023035787212e-84,6.333333333333333,1,1.727233711018889e-77,4.916624474338289e-17,5.190626379549785e-16,7.389055727637594,mpmath_1792,4.355216783714111,4.0,10.90832691319598,256
leslie_10_2,10,Int64,false,taylor,transfree,0.0,0.0013878280000000002,0.004785243999999999,0.0067323489999999995,0.002596319,0.015885084,90,6,7.880991758188264e-278,1.031743407499103,1,1.331998346195134e-256,4.916624474338289e-17,5.190626379549785e-16,7.389055727637594,mpmath_1792,4.355216783714111,4.0,10.90832691319598,851
leslie_10_2,10,Int64,false,taylor,complexschur,0.004721044,0.0005406759999999999,0.001293203,0.005978414999999999,4.1e-8,0.014454128,25,0,2.775557561562891e-17,6.32842794134895,1,2.220446049250313e-16,1.269898320628574e-15,1.839068448309528e-14,7.389055727637594,mpmath_1792,4.355216783714111,4.0,10.90832691319598,53
leslie_10_2,10,Int64,false,taylor,complexschur,0.007984868,0.001446978,0.002226029999999999,0.012177435,4.0e-8,0.026231913,72,0,0,6.328427941348953,1,1.727233711018889e-77,4.916624474338289e-17,5.190626379549785e-16,7.389055727637594,mpmath_1792,4.355216783714111,4.0,10.90832691319598,256
leslie_10_2,10,Int64,false,taylor,complexschur,0.011596835,0.0019149850000000001,0.007532440999999999,0.015717693,0.02643624,0.065701907,90,6,7.604163702197029e-278,1.039181171267378,1,1.331998346195134e-256,4.916624474338289e-17,5.190626379549785e-16,7.389055727637594,mpmath_1792,4.355216783714111,4.0,10.90832691319598,851
leslie_10_2,10,Int64,false,taylor,realschur,0.0024845,0.000206071,0.000722421,0.0008775600000000001,3.0e-8,0.004625328,25,0,2.775557561562891e-17,7.193291205806618,1,2.220446049250313e-16,1.234765239369809e-15,1.795184010125461e-14,7.389055727637594,mpmath_1792,4.355216783714111,4.0,10.90832691319598,53
leslie_10_2,10,Int64,false,taylor,realschur,0.004444148,0.0004907720000000001,0.0013609329999999997,0.0028114499999999996,1.71e-7,0.009695467,72,0,0,7.193291205806623,1,1.727233711018889e-77,4.916624474338289e-17,5.190626379549785e-16,7.389055727637594,mpmath_1792,4.355216783714111,4.0,10.90832691319598,256
leslie_10_2,10,Int64,false,taylor,realschur,0.012463577,0.0006182930000000001,0.004408786000000002,0.005175612,0.002511556,0.02651431,90,6,7.604163702197029e-278,1.050724990510458,1,1.331998346195134e-256,4.916624474338289e-17,5.190626379549785e-16,7.389055727637594,mpmath_1792,4.355216783714111,4.0,10.90832691319598,851
randn_xoshiro10_10x10,10,Float64,false,scaling_and_squaring,NaN,NaN,NaN,NaN,NaN,NaN,3.43e-5,NaN,NaN,NaN,NaN,NaN,2.220446049250313e-16,5.912656300349032e-16,2.131628207280301e-14,40.01460176271689,mpmath_1792,10.32041256959357,41.3848619534701,15.049166372723016,53
randn_xoshiro10_10x10,10,Float64,false,diagonalcheap,transfree,0.0,0.00010895200000000001,0.0017136520000000002,0.001747414,0.000138443,0.003969247,13,1,5.506289037679304e-17,9.635227057573768,14.78141651658193,2.220446049250313e-16,4.494596242294339e-16,1.532107773982716e-14,40.01460176271689,mpmath_1792,10.32041256959357,41.3848619534701,15.049166372723016,53
randn_xoshiro10_10x10,10,Float64,false,diagonalcheap,transfree,0.0,0.000445601,0.0031520079999999995,0.004437132000000001,4.0e-8,0.008184507,37,0,4.024154039745165e-83,40.01460176271689,100.91824217292725,1.727233711018889e-77,5.092548230920476e-17,2.106051983692764e-15,40.01460176271689,mpmath_1792,10.32041256959357,41.3848619534701,15.049166372723016,256
randn_xoshiro10_10x10,10,Float64,false,diagonalcheap,transfree,0.0,0.000943337,0.008325346,0.014341784,4.0e-8,0.023847006,91,0,4.003790654450946e-280,40.01460176271682,101.51918369247642,1.331998346195134e-256,5.092548230920476e-17,2.106051983692764e-15,40.01460176271689,mpmath_1792,10.32041256959357,41.3848619534701,15.049166372723016,851
randn_xoshiro10_10x10,10,Float64,false,diagonalcheap,complexschur,0.003543787,0.00016358399999999998,0.0020938099999999998,0.005661879,4.0e-8,0.013378308,13,0,1.098763328655412e-15,44.35464552641519,63.46450857466715,2.220446049250313e-16,2.863934165719671e-15,1.036948304999896e-13,40.01460176271689,mpmath_1792,10.32041256959357,41.3848619534701,15.049166372723016,53
randn_xoshiro10_10x10,10,Float64,false,diagonalcheap,complexschur,0.007104449,0.001038913,0.005287173,0.009165833,3.0e-8,0.024197522,37,0,1.777078202132753e-82,44.3546455264152,64.24673516854952,1.727233711018889e-77,5.092548230920476e-17,2.106051983692764e-15,40.01460176271689,mpmath_1792,10.32041256959357,41.3848619534701,15.049166372723016,256
randn_xoshiro10_10x10,10,Float64,false,diagonalcheap,complexschur,0.012072919,0.0017895660000000002,0.009338406000000004,0.027056489999999996,5.0e-8,0.054414695,91,0,3.923261114130835e-280,44.35464552641528,64.48688700266871,1.331998346195134e-256,5.092548230920476e-17,2.106051983692764e-15,40.01460176271689,mpmath_1792,10.32041256959357,41.3848619534701,15.049166372723016,851
randn_xoshiro10_10x10,10,Float64,false,diagonalcheap,realschur,0.002639337,8.9161e-5,0.0014020970000000002,0.0010210100000000001,3.0e-8,0.005464825,13,0,1.626904197961219e-15,41.41963735757314,70.4320465999299,2.220446049250313e-16,2.997628080743072e-15,1.07858166842334e-13,40.01460176271689,mpmath_1792,10.32041256959357,41.3848619534701,15.049166372723016,53
randn_xoshiro10_10x10,10,Float64,false,diagonalcheap,realschur,0.004030763,0.00038557000000000006,0.002647467999999999,0.003673189,4.0e-8,0.011191045,37,0,1.952499947700791e-83,41.41963735757313,71.54431188534451,1.727233711018889e-77,5.092548230920476e-17,2.106051983692764e-15,40.01460176271689,mpmath_1792,10.32041256959357,41.3848619534701,15.049166372723016,256
randn_xoshiro10_10x10,10,Float64,false,diagonalcheap,realschur,0.014469705,0.0010504190000000001,0.04030671999999999,0.008920901,4.0e-8,0.06544819,91,0,5.175391361348643e-280,41.41963735757322,71.8838572057731,1.331998346195134e-256,5.092548230920476e-17,2.106051983692764e-15,40.01460176271689,mpmath_1792,10.32041256959357,41.3848619534701,15.049166372723016,851
randn_xoshiro10_10x10,10,Float64,false,taylor,transfree,0.0,0.000298419,0.0007839439999999997,0.0012905570000000001,4.0e-8,0.002501883,30,0,2.220446049250313e-16,33.01383701135341,1,2.220446049250313e-16,1.78379813056918e-16,5.273559366969494e-15,40.01460176271689,mpmath_1792,10.32041256959357,41.3848619534701,15.049166372723016,53
randn_xoshiro10_10x10,10,Float64,false,taylor,transfree,0.0,0.0006680220000000001,0.0015107189999999998,0.0044129700000000004,4.0e-8,0.006772161,81,0,1.109582805709299e-78,33.01383701135341,1,1.727233711018889e-77,5.092548230920476e-17,2.106051983692764e-15,40.01460176271689,mpmath_1792,10.32041256959357,41.3848619534701,15.049166372723016,256
randn_xoshiro10_10x10,10,Float64,false,taylor,transfree,0.0,0.000728552,0.004308045,0.008033437000000001,0.003392854,0.016795525,90,7,1.342822659658973e-280,1.076893809428242,1,1.331998346195134e-256,5.092548230920476e-17,2.106051983692764e-15,40.01460176271689,mpmath_1792,10.32041256959357,41.3848619534701,15.049166372723016,851
randn_xoshiro10_10x10,10,Float64,false,taylor,complexschur,0.003852273,0.000808914,0.0015179720000000005,0.007145455,4.0e-8,0.015299578,30,0,2.220446049250313e-16,31.7291977755272,1,2.220446049250313e-16,2.945096025197396e-15,1.055266984906211e-13,40.01460176271689,mpmath_1792,10.32041256959357,41.3848619534701,15.049166372723016,53
randn_xoshiro10_10x10,10,Float64,false,taylor,complexschur,0.006657997,0.001556028,0.002409333,0.013237582999999999,5.0e-8,0.026381787,81,0,8.624028555275443e-78,31.72919777552723,1,1.727233711018889e-77,5.092548230920476e-17,2.106051983692764e-15,40.01460176271689,mpmath_1792,10.32041256959357,41.3848619534701,15.049166372723016,256
randn_xoshiro10_10x10,10,Float64,false,taylor,complexschur,0.012348567,0.0022702770000000002,0.008098633000000001,0.019437759,0.007832217,0.05445958,90,7,2.410194517336618e-281,1.060417879255442,1,1.331998346195134e-256,5.092548230920476e-17,2.106051983692764e-15,40.01460176271689,mpmath_1792,10.32041256959357,41.3848619534701,15.049166372723016,851
randn_xoshiro10_10x10,10,Float64,false,taylor,realschur,0.003762629,0.000467174,0.0010340340000000003,0.001826,5.0e-8,0.007580111,30,0,0,30.46235534327282,1,2.220446049250313e-16,2.963039054798931e-15,1.028066520802895e-13,40.01460176271689,mpmath_1792,10.32041256959357,41.3848619534701,15.049166372723016,53
randn_xoshiro10_10x10,10,Float64,false,taylor,realschur,0.004338436,0.000517276,0.0011958820000000003,0.002191709,0.000148924,0.008836259,72,1,2.059023035787212e-84,8.774531974131822,1,1.727233711018889e-77,5.092548230920476e-17,2.106051983692764e-15,40.01460176271689,mpmath_1792,10.32041256959357,41.3848619534701,15.049166372723016,256
randn_xoshiro10_10x10,10,Float64,false,taylor,realschur,0.013302847,0.0008881740000000003,0.004639220999999999,0.005970079,0.003146099,0.029133631,90,7,0,1.067630084509802,1,1.331998346195134e-256,5.092548230920476e-17,2.106051983692764e-15,40.01460176271689,mpmath_1792,10.32041256959357,41.3848619534701,15.049166372723016,851
orthog_complex_10_3,10,ComplexF64,false,scaling_and_squaring,NaN,NaN,NaN,NaN,NaN,NaN,0.005290071,NaN,NaN,NaN,NaN,NaN,2.220446049250313e-16,2.636957510356945e-16,1.456078804082779e-15,5.259393115678251,mpmath_1792,1.667526579489047,10.000000000000002,1.0000000000000004,53
orthog_complex_10_3,10,ComplexF64,false,diagonalcheap,transfree,0.0,4.299000000000001e-6,0.001476597,0.025140628,3.0e-8,0.13293101,7,0,1.050010012104892e-15,5.25939311567825,6.7885440894453035,2.220446049250313e-16,3.260394821449194e-16,1.774884531413324e-15,5.259393115678251,mpmath_1792,1.667526579489047,10.000000000000002,1.0000000000000004,53
orthog_complex_10_3,10,ComplexF64,false,diagonalcheap,transfree,0.0,0.000606196,0.0032682349999999995,0.011197339,5.0e-8,0.015502475,31,0,2.86324355099229e-84,5.259393115678251,6.788544089445301,1.727233711018889e-77,4.807964226442429e-17,2.714532032160033e-16,5.259393115678251,mpmath_1792,1.667526579489047,10.000000000000002,1.0000000000000004,256
orthog_complex_10_3,10,ComplexF64,false,diagonalcheap,transfree,0.0,0.0017372880000000002,0.009826055,0.036404531999999996,4.0e-8,0.048898943,73,0,2.869372046583376e-281,5.259393115678251,6.788544089445303,1.331998346195134e-256,4.807964226442429e-17,2.714532032160033e-16,5.259393115678251,mpmath_1792,1.667526579489047,10.000000000000002,1.0000000000000004,851
orthog_complex_10_3,10,ComplexF64,false,diagonalcheap,complexschur,0.019799314,2.596e-6,0.001676936,0.0041339060000000006,4.0e-8,0.026990756,7,0,6.006384086341818e-16,2.718281828459053,2.7182818284590526,2.220446049250313e-16,1.737597145183706e-15,1.139094126349797e-14,5.259393115678251,mpmath_1792,1.667526579489047,10.000000000000002,1.0000000000000004,53
orthog_complex_10_3,10,ComplexF64,false,diagonalcheap,complexschur,0.008542784,0.00037908,0.002596424999999999,0.008233126,5.0e-8,0.022341891,25,0,1.392937073709082e-80,2.718281828459046,2.7182818284590473,1.727233711018889e-77,4.807964226442429e-17,2.714532032160033e-16,5.259393115678251,mpmath_1792,1.667526579489047,10.000000000000002,1.0000000000000004,256
orthog_complex_10_3,10,ComplexF64,false,diagonalcheap,complexschur,0.021132428,0.0017979320000000001,0.010860553,0.027973146,3.0e-8,0.066415528,65,0,3.381632240058742e-260,2.71828182845905,2.7182818284590495,1.331998346195134e-256,4.807964226442429e-17,2.714532032160033e-16,5.259393115678251,mpmath_1792,1.667526579489047,10.000000000000002,1.0000000000000004,851
orthog_complex_10_3,10,ComplexF64,false,taylor,transfree,0.0,0.000276191,0.0009886340000000002,0.0053075069999999995,3.0e-8,0.006969139,20,0,0,5.18932393686311,1,2.220446049250313e-16,6.887318470917373e-17,3.17215779228364e-16,5.259393115678251,mpmath_1792,1.667526579489047,10.000000000000002,1.0000000000000004,53
orthog_complex_10_3,10,ComplexF64,false,taylor,transfree,0.0,0.001022161,0.0015577250000000003,0.09107116,4.0e-8,0.094076419,64,0,5.147557589468029e-84,5.189323936863109,1,1.727233711018889e-77,4.807964226442429e-17,2.714532032160033e-16,5.259393115678251,mpmath_1792,1.667526579489047,10.000000000000002,1.0000000000000004,256
orthog_complex_10_3,10,ComplexF64,false,taylor,transfree,0.0,0.0014629980000000003,0.005924996000000001,0.026123108000000003,0.005764557,0.040732806,90,5,1.088685039080837e-273,1.099325582829288,1,1.331998346195134e-256,4.807964226442429e-17,2.714532032160033e-16,5.259393115678251,mpmath_1792,1.667526579489047,10.000000000000002,1.0000000000000004,851
orthog_complex_10_3,10,ComplexF64,false,taylor,complexschur,0.003194915,0.000335612,0.0008659550000000002,0.003038277,4.0e-8,0.008763063,20,0,2.775557561562891e-17,2.666666666666675,1,2.220446049250313e-16,1.737597145183706e-15,1.139094126349797e-14,5.259393115678251,mpmath_1792,1.667526579489047,10.000000000000002,1.0000000000000004,53
orthog_complex_10_3,10,ComplexF64,false,taylor,complexschur,0.012901509,0.000847857,0.001538942,0.006240064,3.0e-8,0.023128923,56,0,2.510771866229711e-77,2.666666666666669,1,1.727233711018889e-77,4.807964226442429e-17,2.714532032160033e-16,5.259393115678251,mpmath_1792,1.667526579489047,10.000000000000002,1.0000000000000004,256
orthog_complex_10_3,10,ComplexF64,false,taylor,complexschur,0.024326672,0.002044742,0.006186629999999999,0.014213348,0.00440275,0.054507609,90,5,7.953641907210839e-278,1.031743407499103,1,1.331998346195134e-256,4.807964226442429e-17,2.714532032160033e-16,5.259393115678251,mpmath_1792,1.667526579489047,10.000000000000002,1.0000000000000004,851
orthog_10_4,10,Float64,false,scaling_and_squaring,NaN,NaN,NaN,NaN,NaN,NaN,2.4159e-5,NaN,NaN,NaN,NaN,NaN,2.220446049250313e-16,2.54251978161008e-16,9.71445146547012e-16,4.98304800499865,mpmath_1792,2.910588815126426,8.340928899208869,1.000000000000001,53
orthog_10_4,10,Float64,false,diagonalcheap,transfree,0.0,2.445e-6,0.0009202640000000001,0.001098195,5.0e-8,0.002218505,9,0,1.817400150206809e-17,4.983048004998649,5.193136888782106,2.220446049250313e-16,1.985159069953033e-16,8.604228440844963e-16,4.98304800499865,mpmath_1792,2.910588815126426,8.340928899208869,1.000000000000001,53
orthog_10_4,10,Float64,false,diagonalcheap,transfree,0.0,0.00018934599999999999,0.0017513629999999997,0.0020076960000000002,3.0e-8,0.00410773,25,0,2.470343133709096e-77,4.983048004998649,5.161495378207862,1.727233711018889e-77,3.538450350133436e-17,1.506071762811208e-16,4.98304800499865,mpmath_1792,2.910588815126426,8.340928899208869,1.000000000000001,256
orthog_10_4,10,Float64,false,diagonalcheap,transfree,0.0,0.000533015,0.005041177000000001,0.008569242,5.0e-8,0.014382761,73,0,7.159093615413766e-281,4.983048004998651,5.150371816298208,1.331998346195134e-256,3.538450350133436e-17,1.506071762811208e-16,4.98304800499865,mpmath_1792,2.910588815126426,8.340928899208869,1.000000000000001,851
orthog_10_4,10,Float64,false,diagonalcheap,complexschur,0.002893258,3.528e-6,0.001952093,0.004930354999999999,4.0e-8,0.011767489,9,0,0,2.718281828459044,2.718281828459046,2.220446049250313e-16,7.931846063664531e-16,3.302913498259841e-15,4.98304800499865,mpmath_1792,2.910588815126426,8.340928899208869,1.000000000000001,53
orthog_10_4,10,Float64,false,diagonalcheap,complexschur,0.004954764,0.00039127700000000004,0.0026428159999999992,0.006562073999999999,4.1e-8,0.016874973,25,0,1.393107244996567e-80,2.718281828459045,2.718281828459045,1.727233711018889e-77,3.538450350133436e-17,1.506071762811208e-16,4.98304800499865,mpmath_1792,2.910588815126426,8.340928899208869,1.000000000000001,256
orthog_10_4,10,Float64,false,diagonalcheap,complexschur,0.016723094,0.0016503389999999998,0.012294739000000002,0.083984162,5.0e-8,0.118451646,65,0,3.381632240058344e-260,2.718281828459046,2.718281828459046,1.331998346195134e-256,3.538450350133436e-17,1.506071762811208e-16,4.98304800499865,mpmath_1792,2.910588815126426,8.340928899208869,1.000000000000001,851
orthog_10_4,10,Float64,false,diagonalcheap,realschur,0.001530896,2.615e-6,0.001147305,0.001223439,4.0e-8,0.004422159,9,0,3.457407116582056e-17,2.718281828459044,3.091352987164548,2.220446049250313e-16,7.185572490649361e-16,2.997602166487923e-15,4.98304800499865,mpmath_1792,2.910588815126426,8.340928899208869,1.000000000000001,53
orthog_10_4,10,Float64,false,diagonalcheap,realschur,0.004174386,0.000285673,0.002833144,0.002508706,4.1e-8,0.010436961,25,0,1.713471710815969e-79,2.718281828459045,3.0902779099594206,1.727233711018889e-77,3.538450350133436e-17,1.506071762811208e-16,4.98304800499865,mpmath_1792,2.910588815126426,8.340928899208869,1.000000000000001,256
orthog_10_4,10,Float64,false,diagonalcheap,realschur,0.009117545,0.000701057,0.006670385000000002,0.0076151990000000004,5.0e-8,0.025248354,65,0,1.909044032777944e-258,2.718281828459046,3.0899027041055307,1.331998346195134e-256,3.538450350133436e-17,1.506071762811208e-16,4.98304800499865,mpmath_1792,2.910588815126426,8.340928899208869,1.000000000000001,851
orthog_10_4,10,Float64,false,taylor,transfree,0.0,0.000312426,0.000814298,0.001427614,4.0e-8,0.002816893,20,0,2.775557561562891e-17,4.858273706230999,1,2.220446049250313e-16,6.083815183855597e-17,1.318389841742373e-16,4.98304800499865,mpmath_1792,2.910588815126426,8.340928899208869,1.000000000000001,53
orthog_10_4,10,Float64,false,taylor,transfree,0.0,0.0006338500000000001,0.0013384050000000004,0.004098269999999999,8.0e-8,0.006317948,64,0,3.088534553680817e-84,4.858273706230998,1,1.727233711018889e-77,3.538450350133436e-17,1.506071762811208e-16,4.98304800499865,mpmath_1792,2.910588815126426,8.340928899208869,1.000000000000001,256
orthog_10_4,10,Float64,false,taylor,transfree,0.0,0.0009256809999999999,0.0051242990000000006,0.008606887,0.002096446,0.017255607,90,5,1.608821298507611e-274,1.08335441946397,1,1.331998346195134e-256,3.538450350133436e-17,1.506071762811208e-16,4.98304800499865,mpmath_1792,2.910588815126426,8.340928899208869,1.000000000000001,851
orthog_10_4,10,Float64,false,taylor,complexschur,0.003031309,0.00053552,0.001349136,0.0049985030000000005,4.0e-8,0.011701023,20,0,1.387778780781446e-17,2.666666666666666,1,2.220446049250313e-16,7.931846063664531e-16,3.302913498259841e-15,4.98304800499865,mpmath_1792,2.910588815126426,8.340928899208869,1.000000000000001,53
orthog_10_4,10,Float64,false,taylor,complexschur,0.004811753,0.0012021659999999997,0.0020044980000000004,0.010262586,5.0e-8,0.020553199,56,0,2.510772278034319e-77,2.666666666666667,1,1.727233711018889e-77,3.538450350133436e-17,1.506071762811208e-16,4.98304800499865,mpmath_1792,2.910588815126426,8.340928899208869,1.000000000000001,256
orthog_10_4,10,Float64,false,taylor,complexschur,0.009742708,0.0019269330000000002,0.006171929,0.01395263,0.007683317,0.043515861,90,5,7.953641907210839e-278,1.031743407499103,1,1.331998346195134e-256,3.538450350133436e-17,1.506071762811208e-16,4.98304800499865,mpmath_1792,2.910588815126426,8.340928899208869,1.000000000000001,851
orthog_10_4,10,Float64,false,taylor,realschur,0.00167564,0.00022334299999999998,0.0006247820000000002,0.000993111,5.1e-8,0.004061145,20,0,0,2.666666666666666,1,2.220446049250313e-16,7.185572490649361e-16,2.997602166487923e-15,4.98304800499865,mpmath_1792,2.910588815126426,8.340928899208869,1.000000000000001,53
orthog_10_4,10,Float64,false,taylor,realschur,0.005311329,0.0007547359999999999,0.0016806789999999996,0.0035642150000000004,3.0e-8,0.011911412,64,0,6.177069107361635e-84,2.666666666666667,1,1.727233711018889e-77,3.538450350133436e-17,1.506071762811208e-16,4.98304800499865,mpmath_1792,2.910588815126426,8.340928899208869,1.000000000000001,256
orthog_10_4,10,Float64,false,taylor,realschur,0.008868569,0.001047462,0.005097369,0.004631367,0.002121938,0.023072826,90,5,1.840424533438241e-276,1.031743407499103,1,1.331998346195134e-256,3.538450350133436e-17,1.506071762811208e-16,4.98304800499865,mpmath_1792,2.910588815126426,8.340928899208869,1.000000000000001,851
orthog_10_-2,10,Float64,false,scaling_and_squaring,NaN,NaN,NaN,NaN,NaN,NaN,3.6354e-5,NaN,NaN,NaN,NaN,NaN,2.220446049250313e-16,4.633274369915263e-16,1.3537782006523e-14,25.02622090902918,mpmath_1792,4.984299072939971,9.691750313280313,1.414213562373096,53
orthog_10_-2,10,Float64,false,diagonalcheap,transfree,0.0,8.0553e-5,0.001104369,0.0011533140000000001,3.0e-8,0.002554537,13,0,2.85069143458118e-16,25.02622090902917,31.52002109919369,2.220446049250313e-16,6.294628823023667e-16,1.826316875508383e-14,25.02622090902918,mpmath_1792,4.984299072939971,9.691750313280313,1.414213562373096,53
orthog_10_-2,10,Float64,false,diagonalcheap,transfree,0.0,0.00038847799999999994,0.0024702569999999996,0.0030878200000000002,4.0e-8,0.006147395,37,0,6.894538165568987e-84,25.02622090902921,31.349797094527858,1.727233711018889e-77,4.307494575839566e-17,1.002330751178969e-15,25.02622090902918,mpmath_1792,4.984299072939971,9.691750313280313,1.414213562373096,256
orthog_10_-2,10,Float64,false,diagonalcheap,transfree,0.0,0.001070073,0.010036245000000004,0.013243963000000001,4.0e-8,0.02475158,81,0,1.355145310679052e-268,25.02622090902916,31.300998837062945,1.331998346195134e-256,4.307494575839566e-17,1.002330751178969e-15,25.02622090902918,mpmath_1792,4.984299072939971,9.691750313280313,1.414213562373096,851
orthog_10_-2,10,Float64,false,diagonalcheap,complexschur,0.00273367,0.000213574,0.0022624119999999997,0.0077593539999999996,3.1e-8,0.015794058,13,0,1.313453828405319e-16,17.03058032837802,20.78887231527153,2.220446049250313e-16,5.965045653375905e-15,2.005826060802463e-13,25.02622090902918,mpmath_1792,4.984299072939971,9.691750313280313,1.414213562373096,53
orthog_10_-2,10,Float64,false,diagonalcheap,complexschur,0.006379678,0.0007283950000000001,0.004069026000000001,0.011571509,4.0e-8,0.026310872,37,0,3.79085792386767e-83,19.42509585769737,20.69523132525116,1.727233711018889e-77,4.307494575839566e-17,1.002330751178969e-15,25.02622090902918,mpmath_1792,4.984299072939971,9.691750313280313,1.414213562373096,256
orthog_10_-2,10,Float64,false,diagonalcheap,complexschur,0.049852961,0.0013679329999999998,0.008796316000000002,0.018389648000000005,4.0e-8,0.081019591,81,0,3.525602157903868e-267,19.42509585769739,20.66817827482513,1.331998346195134e-256,4.307494575839566e-17,1.002330751178969e-15,25.02622090902918,mpmath_1792,4.984299072939971,9.691750313280313,1.414213562373096,851
orthog_10_-2,10,Float64,false,diagonalcheap,realschur,0.001662532,8.5464e-5,0.0011497780000000002,0.0010167980000000002,3.0e-8,0.004277171,13,0,4.217739672448132e-16,17.08654014390997,21.344251962393095,2.220446049250313e-16,5.91764304244909e-15,1.985425712724975e-13,25.02622090902918,mpmath_1792,4.984299072939971,9.691750313280313,1.414213562373096,53
orthog_10_-2,10,Float64,false,diagonalcheap,realschur,0.004637053,0.000355535,0.0026112119999999995,0.002906011,5.0e-8,0.011150382,37,0,3.03965617260726e-83,21.25105256591139,21.12514245454695,1.727233711018889e-77,4.307494575839566e-17,1.002330751178969e-15,25.02622090902918,mpmath_1792,4.984299072939971,9.691750313280313,1.414213562373096,256
orthog_10_-2,10,Float64,false,diagonalcheap,realschur,0.012461609,0.0009776180000000002,0.008062108000000004,0.006184029000000001,3.0e-8,0.028601993,81,0,1.513889025915155e-266,12.61406418867773,22.379679415948793,1.331998346195134e-256,4.307494575839566e-17,1.002330751178969e-15,25.02622090902918,mpmath_1792,4.984299072939971,9.691750313280313,1.414213562373096,851
orthog_10_-2,10,Float64,false,taylor,transfree,0.0,0.00047110899999999994,0.0007966399999999998,0.00208915,6.0e-8,0.00363791,30,0,1.110223024625157e-16,19.22528952299733,1,2.220446049250313e-16,1.411108837549618e-16,3.108624468950438e-15,25.02622090902918,mpmath_1792,4.984299072939971,9.691750313280313,1.414213562373096,53
orthog_10_-2,10,Float64,false,taylor,transfree,0.0,0.000798163,0.001745113,0.005883295,8.1e-8,0.008735269,81,0,8.236092143148846e-84,19.22528952299733,1,1.727233711018889e-77,4.307494575839566e-17,1.002330751178969e-15,25.02622090902918,mpmath_1792,4.984299072939971,9.691750313280313,1.414213562373096,256
orthog_10_-2,10,Float64,false,taylor,transfree,0.0,0.0011494700000000003,0.006562799,0.011161363,0.002807722,0.022299853,90,6,1.838443084918912e-264,1.10813652146195,1,1.331998346195134e-256,4.307494575839566e-17,1.002330751178969e-15,25.02622090902918,mpmath_1792,4.984299072939971,9.691750313280313,1.414213562373096,851
orthog_10_-2,10,Float64,false,taylor,complexschur,0.003266224,0.0008703000000000001,0.0017430640000000003,0.007280269000000001,3.0e-8,0.014931184,30,0,3.33066907387547e-16,13.26456171746443,1,2.220446049250313e-16,6.029200000304271e-15,2.035524526711185e-13,25.02622090902918,mpmath_1792,4.984299072939971,9.691750313280313,1.414213562373096,53
orthog_10_-2,10,Float64,false,taylor,complexschur,0.006346651,0.001587551,0.002495798,0.013776224,4.0e-8,0.026025291,81,0,1.647218428629769e-83,13.26456171746442,1,1.727233711018889e-77,4.307494575839566e-17,1.002330751178969e-15,25.02622090902918,mpmath_1792,4.984299072939971,9.691750313280313,1.414213562373096,256
orthog_10_-2,10,Float64,false,taylor,complexschur,0.012043639,0.001899958,0.009177738,0.045308538,0.005102619,0.076839508,90,6,1.166091577363426e-264,1.049538286177975,1,1.331998346195134e-256,4.307494575839566e-17,1.002330751178969e-15,25.02622090902918,mpmath_1792,4.984299072939971,9.691750313280313,1.414213562373096,851
orthog_10_-2,10,Float64,false,taylor,realschur,0.001686751,0.00034622499999999997,0.0007905069999999999,0.001153197,3.0e-8,0.004361091,30,0,0,14.39351331404852,1,2.220446049250313e-16,5.953037784689777e-15,1.984731823334585e-13,25.02622090902918,mpmath_1792,4.984299072939971,9.691750313280313,1.414213562373096,53
orthog_10_-2,10,Float64,false,taylor,realschur,0.003387922,0.0005092979999999999,0.0015406400000000005,0.003438848,3.0e-7,0.009533584,81,0,2.470827642944654e-83,14.39351331404849,1,1.727233711018889e-77,4.307494575839566e-17,1.002330751178969e-15,25.02622090902918,mpmath_1792,4.984299072939971,9.691750313280313,1.414213562373096,256
orthog_10_-2,10,Float64,false,taylor,realschur,0.010531844,0.0007372679999999999,0.005924221000000001,0.005362629,0.002532632,0.026184666,90,6,2.601824102024645e-264,1.052771387760291,1,1.331998346195134e-256,4.307494575839566e-17,1.002330751178969e-15,25.02622090902918,mpmath_1792,4.984299072939971,9.691750313280313,1.414213562373096,851
randcolu_10,10,Float64,false,scaling_and_squaring,NaN,NaN,NaN,NaN,NaN,NaN,2.4239e-5,NaN,NaN,NaN,NaN,NaN,2.220446049250313e-16,2.008205047043681e-16,9.853229343548264e-16,4.605130900910481,mpmath_1792,1.917703213303497,32.109022744887156,9.624229770834633,53
randcolu_10,10,Float64,false,diagonalcheap,transfree,0.0,3.868e-6,0.0011769410000000001,0.0013069359999999999,3.0e-8,0.077774263,9,0,1.772763231376623e-17,3.580429507674742,5.942025116548617,2.220446049250313e-16,2.1766139496357e-16,1.054711873393899e-15,4.605130900910481,mpmath_1792,1.917703213303497,32.109022744887156,9.624229770834633,53
randcolu_10,10,Float64,false,diagonalcheap,transfree,0.0,0.00020104799999999998,0.0018506979999999996,0.002201456,3.0e-8,0.004434824,25,0,1.268590317123799e-78,3.580429507674742,5.922378188328011,1.727233711018889e-77,4.797109504198155e-17,2.118356964207576e-16,4.605130900910481,mpmath_1792,1.917703213303497,32.109022744887156,9.624229770834633,256
randcolu_10,10,Float64,false,diagonalcheap,transfree,0.0,0.000563524,0.004989853000000001,0.007468768999999999,4.0e-8,0.013292727,65,0,5.902581085294334e-263,3.580429507674741,5.915895451703126,1.331998346195134e-256,4.797109504198155e-17,2.118356964207576e-16,4.605130900910481,mpmath_1792,1.917703213303497,32.109022744887156,9.624229770834633,851
randcolu_10,10,Float64,false,diagonalcheap,complexschur,0.002230844,2.555e-6,0.0012401900000000002,0.002788488,4.0e-8,0.007404599,9,0,1.954877615891263e-17,5.44746014080726,4.609432943395724,2.220446049250313e-16,1.193383503450013e-15,6.813993813636898e-15,4.605130900910481,mpmath_1792,1.917703213303497,32.109022744887156,9.624229770834633,53
randcolu_10,10,Float64,false,diagonalcheap,complexschur,0.004770476,0.0006329770000000001,0.004188512,0.009711319,3.0e-8,0.020980382,25,0,1.935076020533537e-80,4.901246536375064,5.030319962685805,1.727233711018889e-77,4.797109504198155e-17,2.118356964207576e-16,4.605130900910481,mpmath_1792,1.917703213303497,32.109022744887156,9.624229770834633,256
randcolu_10,10,Float64,false,diagonalcheap,complexschur,0.008238925,0.001739836,0.009391934000000003,0.020113759000000002,4.0e-8,0.042315084,65,0,1.04800812922415e-264,4.828652875694694,4.599009192798448,1.331998346195134e-256,4.797109504198155e-17,2.118356964207576e-16,4.605130900910481,mpmath_1792,1.917703213303497,32.109022744887156,9.624229770834633,851
randcolu_10,10,Float64,false,diagonalcheap,realschur,0.002124609,3.127e-6,0.001142502,0.000929809,3.0e-8,0.004580771,9,0,1.946403905928805e-17,5.001968007930293,5.1924880093025445,2.220446049250313e-16,1.224233402265448e-15,6.911138328291599e-15,4.605130900910481,mpmath_1792,1.917703213303497,32.109022744887156,9.624229770834633,53
randcolu_10,10,Float64,false,diagonalcheap,realschur,0.003986312,0.000204755,0.0017847799999999995,0.0016325270000000002,3.0e-8,0.008163451,25,0,2.919805092743546e-80,5.339212937703032,4.898588687746396,1.727233711018889e-77,4.797109504198155e-17,2.118356964207576e-16,4.605130900910481,mpmath_1792,1.917703213303497,32.109022744887156,9.624229770834633,256
randcolu_10,10,Float64,false,diagonalcheap,realschur,0.013016546,0.000640753,0.045949222000000005,0.005208946,3.0e-8,0.06554145,65,0,4.379034456734536e-265,5.152165736071383,5.252137497009262,1.331998346195134e-256,4.797109504198155e-17,2.118356964207576e-16,4.605130900910481,mpmath_1792,1.917703213303497,32.109022744887156,9.624229770834633,851
randcolu_10,10,Float64,false,taylor,transfree,0.0,0.000210128,0.0006493080000000001,0.000974672,3.0e-8,0.002029374,20,0,4.163336342344337e-17,4.606327551548009,1,2.220446049250313e-16,9.608493493083166e-17,5.299580219109146e-16,4.605130900910481,mpmath_1792,1.917703213303497,32.109022744887156,9.624229770834633,53
randcolu_10,10,Float64,false,taylor,transfree,0.0,0.00042535400000000013,0.0009390969999999998,0.00284424,4.0e-8,0.004363809,56,0,1.849873241076447e-77,4.606327551548008,1,1.727233711018889e-77,4.797109504198155e-17,2.118356964207576e-16,4.605130900910481,mpmath_1792,1.917703213303497,32.109022744887156,9.624229770834633,256
randcolu_10,10,Float64,false,taylor,transfree,0.0,0.000881502,0.005076915,0.009828191,0.002222357,0.018504259,90,5,4.658561688509206e-279,1.086266359904244,1,1.331998346195134e-256,4.797109504198155e-17,2.118356964207576e-16,4.605130900910481,mpmath_1792,1.917703213303497,32.109022744887156,9.624229770834633,851
randcolu_10,10,Float64,false,taylor,complexschur,0.003738498,0.000556251,0.0012145160000000006,0.0050230510000000015,1.1e-7,0.012476999,20,0,0,5.458930804331311,1,2.220446049250313e-16,1.169257405620849e-15,6.578071420904053e-15,4.605130900910481,mpmath_1792,1.917703213303497,32.109022744887156,9.624229770834633,53
randcolu_10,10,Float64,false,taylor,complexschur,0.006570324,0.001227816,0.001967243000000001,0.010279299999999998,7.0e-8,0.022570022,56,0,2.467719547672133e-78,5.459840905068938,1,1.727233711018889e-77,4.797109504198155e-17,2.118356964207576e-16,4.605130900910481,mpmath_1792,1.917703213303497,32.109022744887156,9.624229770834633,256
randcolu_10,10,Float64,false,taylor,complexschur,0.012944218,0.0021366419999999994,0.006048356,0.017259869,0.006504069,0.04776012,90,5,1.239528608915975e-280,1.096213980266287,1,1.331998346195134e-256,4.797109504198155e-17,2.118356964207576e-16,4.605130900910481,mpmath_1792,1.917703213303497,32.109022744887156,9.624229770834633,851
randcolu_10,10,Float64,false,taylor,realschur,0.002470672,0.00021387399999999997,0.000665313,0.00092038,3.0e-8,0.004671684,20,0,2.775557561562891e-17,5.322363374430113,1,2.220446049250313e-16,1.232208124633184e-15,6.841749389252527e-15,4.605130900910481,mpmath_1792,1.917703213303497,32.109022744887156,9.624229770834633,53
randcolu_10,10,Float64,false,taylor,realschur,0.003932963,0.000734543,0.0015593179999999999,0.0031814770000000003,4.0e-8,0.010114557,56,0,1.320247629569796e-78,5.322363374430115,1,1.727233711018889e-77,4.797109504198155e-17,2.118356964207576e-16,4.605130900910481,mpmath_1792,1.917703213303497,32.109022744887156,9.624229770834633,256
randcolu_10,10,Float64,false,taylor,realschur,0.010557919,0.0010222379999999997,0.005807150999999999,0.005062798999999999,0.001257747,0.024716896,90,5,2.13474371535529e-280,1.097452589796129,1,1.331998346195134e-256,4.797109504198155e-17,2.118356964207576e-16,4.605130900910481,mpmath_1792,1.917703213303497,32.109022744887156,9.624229770834633,851
randhess_10,10,Float64,false,scaling_and_squaring,NaN,NaN,NaN,NaN,NaN,NaN,2.7065e-5,NaN,NaN,NaN,NaN,NaN,2.220446049250313e-16,4.309717673195232e-16,7.522661911960003e-14,145.1509537809867,mpmath_1792,5.541771530533818,270.68400381904746,97.64906706545845,53
randhess_10,10,Float64,false,diagonalcheap,transfree,0.0,9.338900000000001e-5,0.00167864,0.001621663,0.000138672,0.003789165,13,1,0,13.57467678759098,6.339289847908185,2.220446049250313e-16,9.993794739062033e-16,1.353783491431847e-13,145.1509537809867,mpmath_1792,5.541771530533818,270.68400381904746,97.64906706545845,53
randhess_10,10,Float64,false,diagonalcheap,transfree,0.0,0.00041096300000000003,0.0033213159999999995,0.004115016000000001,9.0e-8,0.008028574,37,0,8.550381002546687e-78,145.1509537809861,31.01844980208059,1.727233711018889e-77,4.918506901331443e-17,5.834769198060011e-15,145.1509537809867,mpmath_1792,5.541771530533818,270.68400381904746,97.64906706545845,256
randhess_10,10,Float64,false,diagonalcheap,transfree,0.0,0.000873846,0.009042050000000001,0.012830840000000001,3.2e-7,0.02298154,91,0,7.417896240341073e-264,145.1509537809885,30.34667433799379,1.331998346195134e-256,4.918506901331443e-17,5.834769198060011e-15,145.1509537809867,mpmath_1792,5.541771530533818,270.68400381904746,97.64906706545845,851
randhess_10,10,Float64,false,diagonalcheap,complexschur,0.045482626,0.000247984,0.004786221,0.006478246000000001,0.000734511,0.059522939,13,1,4.590123759028402e-17,10.35858778079892,5.707498282354888,2.220446049250313e-16,6.870436957735577e-16,9.623843122904554e-14,145.1509537809867,mpmath_1792,5.541771530533818,270.68400381904746,97.64906706545845,53
randhess_10,10,Float64,false,diagonalcheap,complexschur,0.006434658,0.000807882,0.0048627240000000006,0.012597153000000002,4.0e-8,0.027047829,37,0,4.598827612460279e-79,107.3003408125164,21.407684628349564,1.727233711018889e-77,4.918506901331443e-17,5.834769198060011e-15,145.1509537809867,mpmath_1792,5.541771530533818,270.68400381904746,97.64906706545845,256
randhess_10,10,Float64,false,diagonalcheap,complexschur,0.013695383,0.001911792,0.012434421000000001,0.032324769,5.0e-8,0.064093701,91,0,9.603035245664039e-266,107.300340812517,26.785430775763285,1.331998346195134e-256,4.918506901331443e-17,5.834769198060011e-15,145.1509537809867,mpmath_1792,5.541771530533818,270.68400381904746,97.64906706545845,851
randhess_10,10,Float64,false,diagonalcheap,realschur,0.003215249,0.00014452300000000003,0.002192051,0.001768019,0.000197151,0.008140271,13,1,4.590123759028402e-17,10.35858778079892,5.584156942984882,2.220446049250313e-16,6.243718166737986e-16,8.573874634015279e-14,145.1509537809867,mpmath_1792,5.541771530533818,270.68400381904746,97.64906706545845,53
randhess_10,10,Float64,false,diagonalcheap,realschur,0.0064555,0.00047682,0.0032000999999999996,0.003483695,4.0e-8,0.014036976,37,0,4.598827612460279e-79,107.3003408125164,25.979008436760846,1.727233711018889e-77,4.918506901331443e-17,5.834769198060011e-15,145.1509537809867,mpmath_1792,5.541771530533818,270.68400381904746,97.64906706545845,256
randhess_10,10,Float64,false,diagonalcheap,realschur,0.013364981,0.001064252,0.009776957999999999,0.010060270000000001,7.0e-8,0.03538039,91,0,9.603035245664039e-266,107.300340812517,21.460467296677194,1.331998346195134e-256,4.918506901331443e-17,5.834769198060011e-15,145.1509537809867,mpmath_1792,5.541771530533818,270.68400381904746,97.64906706545845,851
randhess_10,10,Float64,false,taylor,transfree,0.0,0.00032271499999999995,0.0010086369999999997,0.002013388,0.000164995,0.003783083,25,1,5.551115123125783e-17,10.63840496367997,1,2.220446049250313e-16,4.822119998949864e-17,4.440892151440185e-15,145.1509537809867,mpmath_1792,5.541771530533818,270.68400381904746,97.64906706545845,53
randhess_10,10,Float64,false,taylor,transfree,0.0,0.000835505,0.0018696109999999998,0.004869475,0.000239787,0.008111272,72,1,2.352512061262249e-78,10.63840496367997,1,1.727233711018889e-77,4.918506901331443e-17,5.834769198060011e-15,145.1509537809867,mpmath_1792,5.541771530533818,270.68400381904746,97.64906706545845,256
randhess_10,10,Float64,false,taylor,transfree,0.0,0.00073334,0.004257214000000001,0.00556019,0.002159616,0.013004429,90,7,1.927625423049603e-270,1.049066053935908,1,1.331998346195134e-256,4.918506901331443e-17,5.834769198060011e-15,145.1509537809867,mpmath_1792,5.541771530533818,270.68400381904746,97.64906706545845,851
randhess_10,10,Float64,false,taylor,complexschur,0.003028751,0.000581722,0.0015744190000000003,0.005936305,0.000747639,0.014004691,25,1,5.551115123125783e-17,8.200017520254992,1,2.220446049250313e-16,6.785983362286289e-16,9.630474713255197e-14,145.1509537809867,mpmath_1792,5.541771530533818,270.68400381904746,97.64906706545845,53
randhess_10,10,Float64,false,taylor,complexschur,0.00652978,0.000956059,0.0016838800000000002,0.007609923,0.000505236,0.01879057,72,1,1.935399292718547e-79,8.200017520254996,1,1.727233711018889e-77,4.918506901331443e-17,5.834769198060011e-15,145.1509537809867,mpmath_1792,5.541771530533818,270.68400381904746,97.64906706545845,256
randhess_10,10,Float64,false,taylor,complexschur,0.009267751,0.0021449459999999996,0.010156284000000002,0.05778072200000001,0.006819929,0.088714701,90,7,1.170997329482764e-271,1.037203732845325,1,1.331998346195134e-256,4.918506901331443e-17,5.834769198060011e-15,145.1509537809867,mpmath_1792,5.541771530533818,270.68400381904746,97.64906706545845,851
randhess_10,10,Float64,false,taylor,realschur,0.002212333,0.000218415,0.000774671,0.0009064410000000001,0.000168312,0.004674243,25,1,5.551115123125783e-17,8.200017520254992,1,2.220446049250313e-16,6.285770110034472e-16,8.575466717142938e-14,145.1509537809867,mpmath_1792,5.541771530533818,270.68400381904746,97.64906706545845,53
randhess_10,10,Float64,false,taylor,realschur,0.003839768,0.000821469,0.002028808,0.0036578189999999997,0.000251551,0.011336572,72,1,1.935399292718547e-79,8.200017520254996,1,1.727233711018889e-77,4.918506901331443e-17,5.834769198060011e-15,145.1509537809867,mpmath_1792,5.541771530533818,270.68400381904746,97.64906706545845,256
randhess_10,10,Float64,false,taylor,realschur,0.009525284,0.0010868289999999999,0.006957924,0.005697326999999999,0.001987015,0.026212351,90,7,1.170997329482764e-271,1.037203732845325,1,1.331998346195134e-256,4.918506901331443e-17,5.834769198060011e-15,145.1509537809867,mpmath_1792,5.541771530533818,270.68400381904746,97.64906706545845,851
rando_10_1,10,Int64,false,scaling_and_squaring,NaN,NaN,NaN,NaN,NaN,NaN,2.5712e-5,NaN,NaN,NaN,NaN,NaN,2.220446049250313e-16,2.057550288546226e-16,8.526512829121202e-14,367.6060680057708,mpmath_1792,7.691123289608728,128.0,51.0856052997879,53
rando_10_1,10,Int64,false,diagonalcheap,transfree,0.0,7.067299999999999e-5,0.001230035,0.001106637,0.000100735,0.076141376,13,1,1.561062576764314e-16,22.97102257538943,9.168492188947592,2.220446049250313e-16,3.542719914653977e-16,1.49213974509621e-13,367.6060680057708,mpmath_1792,7.691123289608728,128.0,51.0856052997879,53
rando_10_1,10,Int64,false,diagonalcheap,transfree,0.0,0.0005189919999999999,0.0024205549999999996,0.0026096649999999997,0.000113009,0.005900193,37,1,2.253542557459084e-83,22.97102257538943,8.930335951038703,1.727233711018889e-77,4.745566681202396e-17,1.721084942809553e-14,367.6060680057708,mpmath_1792,7.691123289608728,128.0,51.0856052997879,256
rando_10_1,10,Int64,false,diagonalcheap,transfree,0.0,0.0015544569999999998,0.006055197000000001,0.00979696,0.000278165,0.018009686,81,1,2.005757660188429e-264,22.97102257538945,8.863440114411556,1.331998346195134e-256,4.745566681202396e-17,1.721084942809553e-14,367.6060680057708,mpmath_1792,7.691123289608728,128.0,51.0856052997879,851
rando_10_1,10,Int64,false,diagonalcheap,complexschur,0.002668285,0.00033700200000000004,0.002262368,0.007335456,5.0e-8,0.014589265,17,0,5.150861573732894e-14,243.998792445994,49.276655899131,2.220446049250313e-16,3.412984780206397e-15,1.293187779083382e-12,367.6060680057708,mpmath_1792,7.691123289608728,128.0,51.0856052997879,53
rando_10_1,10,Int64,false,diagonalcheap,complexschur,0.005712191,0.000658786,0.004559573000000002,0.014111933,4.1e-8,0.027440473,43,0,3.833093127655967e-81,243.9987924459929,54.08927989037251,1.727233711018889e-77,4.745566681202396e-17,1.721084942809553e-14,367.6060680057708,mpmath_1792,7.691123289608728,128.0,51.0856052997879,256
rando_10_1,10,Int64,false,diagonalcheap,complexschur,0.015230186,0.002602504,0.017527334000000002,0.06899046,0.000912732,0.107978374,91,1,5.471756449716218e-281,15.62046069890364,8.254668436543605,1.331998346195134e-256,4.745566681202396e-17,1.721084942809553e-14,367.6060680057708,mpmath_1792,7.691123289608728,128.0,51.0856052997879,851
rando_10_1,10,Int64,false,diagonalcheap,realschur,0.002091734,0.000135224,0.0016846999999999997,0.0014979000000000001,3.0e-8,0.005798426,17,0,5.150861573732894e-14,243.998792445994,47.28410456768642,2.220446049250313e-16,3.421072298722833e-15,1.232791646543774e-12,367.6060680057708,mpmath_1792,7.691123289608728,128.0,51.0856052997879,53
rando_10_1,10,Int64,false,diagonalcheap,realschur,0.003808619,0.000325847,0.0031676899999999995,0.003237932,5.0e-8,0.011176399,43,0,3.833093127655967e-81,243.998792445993,36.32269146911873,1.727233711018889e-77,4.745566681202396e-17,1.721084942809553e-14,367.6060680057708,mpmath_1792,7.691123289608728,128.0,51.0856052997879,256
rando_10_1,10,Int64,false,diagonalcheap,realschur,0.013853743,0.000964617,0.008783004000000002,0.006561765000000001,0.000283745,0.031353765,91,1,5.471756449716218e-281,15.62046069890364,7.993392560868238,1.331998346195134e-256,4.745566681202396e-17,1.721084942809553e-14,367.6060680057708,mpmath_1792,7.691123289608728,128.0,51.0856052997879,851
rando_10_1,10,Int64,false,taylor,transfree,0.0,0.000476287,0.001011683,0.001686863,0.00010867,0.003599144,30,1,0,15.97916666666667,1,2.220446049250313e-16,1.101225082121261e-16,3.197442310920451e-14,367.6060680057708,mpmath_1792,7.691123289608728,128.0,51.0856052997879,53
rando_10_1,10,Int64,false,taylor,transfree,0.0,0.000764081,0.001162373,0.0032697650000000004,0.000229255,0.005693724,81,1,8.236092143148846e-84,15.97916666666667,1,1.727233711018889e-77,4.745566681202396e-17,1.721084942809553e-14,367.6060680057708,mpmath_1792,7.691123289608728,128.0,51.0856052997879,256
rando_10_1,10,Int64,false,taylor,transfree,0.0,0.0019653660000000005,0.006638931,0.006784877,0.001880106,0.017790612,90,7,1.233326184829486e-263,1.063923972025452,1,1.331998346195134e-256,4.745566681202396e-17,1.721084942809553e-14,367.6060680057708,mpmath_1792,7.691123289608728,128.0,51.0856052997879,851
rando_10_1,10,Int64,false,taylor,complexschur,0.002529143,0.00040927000000000004,0.0010842789999999998,0.0043817610000000005,0.000736495,0.011230329,25,1,6.661338147750939e-16,10.98671756716593,1,2.220446049250313e-16,3.537970695534934e-15,1.364242052659392e-12,367.6060680057708,mpmath_1792,7.691123289608728,128.0,51.0856052997879,53
rando_10_1,10,Int64,false,taylor,complexschur,0.007593679,0.0015693520000000002,0.0028918580000000006,0.012636292000000004,0.000934597,0.028522309,81,1,4.118046071574423e-84,10.98671756716592,1,1.727233711018889e-77,4.745566681202396e-17,1.721084942809553e-14,367.6060680057708,mpmath_1792,7.691123289608728,128.0,51.0856052997879,256
rando_10_1,10,Int64,false,taylor,complexschur,0.01460657,0.001307918,0.0068958399999999994,0.015193062,0.0058202,0.048036678,90,7,2.922363831022133e-265,1.043882137629063,1,1.331998346195134e-256,4.745566681202396e-17,1.721084942809553e-14,367.6060680057708,mpmath_1792,7.691123289608728,128.0,51.0856052997879,851
rando_10_1,10,Int64,false,taylor,realschur,0.003195094,0.000241811,0.000821096,0.0013797199999999999,0.000153852,0.006370317,25,1,6.661338147750939e-16,10.98671756716593,1,2.220446049250313e-16,3.532369291197789e-15,1.367794766338193e-12,367.6060680057708,mpmath_1792,7.691123289608728,128.0,51.0856052997879,53
rando_10_1,10,Int64,false,taylor,realschur,0.004408325,0.0009294470000000002,0.002125823000000001,0.004240896,0.000255559,0.012794413,81,1,4.118046071574423e-84,10.98671756716592,1,1.727233711018889e-77,4.745566681202396e-17,1.721084942809553e-14,367.6060680057708,mpmath_1792,7.691123289608728,128.0,51.0856052997879,256
rando_10_1,10,Int64,false,taylor,realschur,0.041619916,0.000625874,0.005667223999999999,0.003465093,0.001600217,0.053804342,90,7,2.922363831022133e-265,1.044570252632594,1,1.331998346195134e-256,4.745566681202396e-17,1.721084942809553e-14,367.6060680057708,mpmath_1792,7.691123289608728,128.0,51.0856052997879,851
rando_10_2,10,Int64,false,scaling_and_squaring,NaN,NaN,NaN,NaN,NaN,NaN,2.5011e-5,NaN,NaN,NaN,NaN,NaN,2.220446049250313e-16,4.888507444544284e-16,1.976196983832779e-14,32.46770433363472,mpmath_1792,6.581515007497202,27.99999999999999,9.22729870003158,53
rando_10_2,10,Int64,false,diagonalcheap,transfree,0.0,8.4492e-5,0.0012242039999999996,0.001175214,3.0e-8,0.0026956,13,0,5.261452765079826e-15,25.77620038442837,52.28736399943984,2.220446049250313e-16,8.462836327155893e-16,3.071154441869339e-14,32.46770433363472,mpmath_1792,6.581515007497202,27.99999999999999,9.22729870003158,53
rando_10_2,10,Int64,false,diagonalcheap,transfree,0.0,0.00038543299999999997,0.0026969629999999993,0.003102866,3.1e-8,0.006400649,37,0,1.839412539297251e-82,25.7762003844284,51.9285469659293,1.727233711018889e-77,4.422656202202409e-17,1.358619512701073e-15,32.46770433363472,mpmath_1792,6.581515007497202,27.99999999999999,9.22729870003158,256
rando_10_2,10,Int64,false,diagonalcheap,transfree,0.0,0.000780494,0.007875621000000001,0.013134144,9.0e-8,0.022132241,91,0,2.452111154508483e-280,25.7762003844284,51.80334036213399,1.331998346195134e-256,4.422656202202409e-17,1.358619512701073e-15,32.46770433363472,mpmath_1792,6.581515007497202,27.99999999999999,9.22729870003158,851
rando_10_2,10,Int64,false,diagonalcheap,complexschur,0.002515705,0.00012056600000000001,0.0017325149999999998,0.003849905,3.0e-8,0.009670774,13,0,0,31.34411601650865,58.84209569682797,2.220446049250313e-16,1.941339241884786e-15,5.795364188543317e-14,32.46770433363472,mpmath_1792,6.581515007497202,27.99999999999999,9.22729870003158,53
rando_10_2,10,Int64,false,diagonalcheap,complexschur,0.004382934,0.0010988600000000001,0.006181364999999999,0.013572171000000001,5.1e-8,0.027759921,37,0,1.199570178419198e-82,32.03221851314671,59.61755421729524,1.727233711018889e-77,4.422656202202409e-17,1.358619512701073e-15,32.46770433363472,mpmath_1792,6.581515007497202,27.99999999999999,9.22729870003158,256
rando_10_2,10,Int64,false,diagonalcheap,complexschur,0.010363831,0.0027095979999999993,0.012626617,0.023190168999999997,4.0e-8,0.051456557,91,0,1.335171894762483e-280,31.12476481062795,59.9582713640255,1.331998346195134e-256,4.422656202202409e-17,1.358619512701073e-15,32.46770433363472,mpmath_1792,6.581515007497202,27.99999999999999,9.22729870003158,851
rando_10_2,10,Int64,false,diagonalcheap,realschur,0.002444089,7.4752e-5,0.0011384700000000002,0.001085251,3.0e-8,0.005156811,13,0,1.836649657670513e-15,28.43838554932928,63.67583480240102,2.220446049250313e-16,1.933801579003769e-15,7.72715225139109e-14,32.46770433363472,mpmath_1792,6.581515007497202,27.99999999999999,9.22729870003158,53
rando_10_2,10,Int64,false,diagonalcheap,realschur,0.004573427,0.0005472879999999999,0.003937298,0.004037822,6.0e-8,0.013809833,37,0,2.008964647649899e-82,32.52127686414601,64.00154011613277,1.727233711018889e-77,4.422656202202409e-17,1.358619512701073e-15,32.46770433363472,mpmath_1792,6.581515007497202,27.99999999999999,9.22729870003158,256
rando_10_2,10,Int64,false,diagonalcheap,realschur,0.011043552,0.0007093099999999999,0.006269690000000001,0.035028664,4.0e-8,0.05383794,91,0,7.424449966078359e-280,28.43838554932931,64.09240240751082,1.331998346195134e-256,4.422656202202409e-17,1.358619512701073e-15,32.46770433363472,mpmath_1792,6.581515007497202,27.99999999999999,9.22729870003158,851
rando_10_2,10,Int64,false,taylor,transfree,0.0,0.000218583,0.0008087830000000002,0.001203299,9.5945e-5,0.002595595,25,1,0,9.416666666666666,1,2.220446049250313e-16,1.152870918813292e-16,4.6074255521944e-15,32.46770433363472,mpmath_1792,6.581515007497202,27.99999999999999,9.22729870003158,53
rando_10_2,10,Int64,false,taylor,transfree,0.0,0.000633387,0.001730571,0.003383442,0.000155736,0.006257713,72,1,4.118046071574423e-84,9.416666666666667,1,1.727233711018889e-77,4.422656202202409e-17,1.358619512701073e-15,32.46770433363472,mpmath_1792,6.581515007497202,27.99999999999999,9.22729870003158,256
rando_10_2,10,Int64,false,taylor,transfree,0.0,0.000729678,0.004667708999999999,0.006375552999999999,0.002018966,0.014239996,90,7,1.771492970242414e-278,1.078919065912133,1,1.331998346195134e-256,4.422656202202409e-17,1.358619512701073e-15,32.46770433363472,mpmath_1792,6.581515007497202,27.99999999999999,9.22729870003158,851
rando_10_2,10,Int64,false,taylor,complexschur,0.004137944,0.0008353540000000001,0.0016169119999999999,0.007499572,5.0e-8,0.016176765,30,0,2.220446049250313e-16,33.43146573644493,1,2.220446049250313e-16,2.037536507370463e-15,6.888933867799096e-14,32.46770433363472,mpmath_1792,6.581515007497202,27.99999999999999,9.22729870003158,53
rando_10_2,10,Int64,false,taylor,complexschur,0.006280189,0.0016856389999999998,0.0025837029999999993,0.012381474,4.0e-8,0.025587314,81,0,1.143228559888805e-76,33.45804790207307,1,1.727233711018889e-77,4.422656202202409e-17,1.358619512701073e-15,32.46770433363472,mpmath_1792,6.581515007497202,27.99999999999999,9.22729870003158,256
rando_10_2,10,Int64,false,taylor,complexschur,0.010563849,0.002169261,0.008622415000000001,0.014153075000000001,0.005307256,0.043684894,90,7,2.754508019813278e-281,1.077895631503596,1,1.331998346195134e-256,4.422656202202409e-17,1.358619512701073e-15,32.46770433363472,mpmath_1792,6.581515007497202,27.99999999999999,9.22729870003158,851
rando_10_2,10,Int64,false,taylor,realschur,0.002111864,0.00021203899999999997,0.0007054690000000001,0.000910769,0.000106066,0.004470778,25,1,2.775557561562891e-17,10.65996490496965,1,2.220446049250313e-16,1.857864720297172e-15,6.356026815979021e-14,32.46770433363472,mpmath_1792,6.581515007497202,27.99999999999999,9.22729870003158,53
rando_10_2,10,Int64,false,taylor,realschur,0.003810019,0.00048719000000000003,0.0011703940000000002,0.0023484720000000003,3.0e-8,0.008233511,81,0,5.908587657904526e-76,36.1342318620736,1,1.727233711018889e-77,4.422656202202409e-17,1.358619512701073e-15,32.46770433363472,mpmath_1792,6.581515007497202,27.99999999999999,9.22729870003158,256
rando_10_2,10,Int64,false,taylor,realschur,0.009192907,0.001000322,0.006473390000000001,0.004506581,0.002924713,0.025331264,90,7,1.411685360154305e-280,1.08487141344091,1,1.331998346195134e-256,4.422656202202409e-17,1.358619512701073e-15,32.46770433363472,mpmath_1792,6.581515007497202,27.99999999999999,9.22729870003158,851
rando_10_3,10,Int64,false,scaling_and_squaring,NaN,NaN,NaN,NaN,NaN,NaN,3.491e-5,NaN,NaN,NaN,NaN,NaN,2.220446049250313e-16,4.643854529619776e-16,8.271161533457416e-15,23.12714371477516,mpmath_1792,6.664494347439239,44.77108433734939,17.04915322583708,53
rando_10_3,10,Int64,false,diagonalcheap,transfree,0.0,8.839e-5,0.001451625,0.001669506,1.7e-7,0.003458265,13,0,1.914109427865301e-16,23.12714371477515,28.607222521659782,2.220446049250313e-16,4.555355235581486e-16,9.159339953157541e-15,23.12714371477516,mpmath_1792,6.664494347439239,44.77108433734939,17.04915322583708,53
rando_10_3,10,Int64,false,diagonalcheap,transfree,0.0,0.00033261400000000006,0.0026365299999999998,0.003836412,1.21e-7,0.007023698,31,0,4.900542915405813e-78,23.12714371477516,28.543922909081857,1.727233711018889e-77,4.389035808434901e-17,6.963669114933286e-16,23.12714371477516,mpmath_1792,6.664494347439239,44.77108433734939,17.04915322583708,256
rando_10_3,10,Int64,false,diagonalcheap,transfree,0.0,0.0008105120000000002,0.007455074000000001,0.035744857,5.1e-8,0.044325725,81,0,1.455069929381154e-274,23.12714371477514,28.51583396831552,1.331998346195134e-256,4.389035808434901e-17,6.963669114933286e-16,23.12714371477516,mpmath_1792,6.664494347439239,44.77108433734939,17.04915322583708,851
rando_10_3,10,Int64,false,diagonalcheap,complexschur,0.003573429,0.00017737,0.002207757,0.005575321,1.2e-7,0.013473441,13,0,1.962923768967725e-16,25.58807242781131,17.047526722821697,2.220446049250313e-16,1.905009749743746e-15,4.116151863797768e-14,23.12714371477516,mpmath_1792,6.664494347439239,44.77108433734939,17.04915322583708,53
rando_10_3,10,Int64,false,diagonalcheap,complexschur,0.006109353,0.000716735,0.004451748000000001,0.011035067,7.0e-8,0.02458965,31,0,1.184023288627791e-77,25.54738221248244,16.889773961755775,1.727233711018889e-77,4.389035808434901e-17,6.963669114933286e-16,23.12714371477516,mpmath_1792,6.664494347439239,44.77108433734939,17.04915322583708,256
rando_10_3,10,Int64,false,diagonalcheap,complexschur,0.012140567,0.00191278,0.010946513,0.030002643,6.0e-8,0.058638268,81,0,1.990968999361325e-274,25.5751469220109,18.04431469620379,1.331998346195134e-256,4.389035808434901e-17,6.963669114933286e-16,23.12714371477516,mpmath_1792,6.664494347439239,44.77108433734939,17.04915322583708,851
rando_10_3,10,Int64,false,diagonalcheap,realschur,0.003618941,0.000123862,0.001630543,0.00169995,7.0e-8,0.007646911,13,0,3.762274833139315e-16,25.48990763044426,16.337231677180988,2.220446049250313e-16,2.095464367787235e-15,4.557465516086268e-14,23.12714371477516,mpmath_1792,6.664494347439239,44.77108433734939,17.04915322583708,53
rando_10_3,10,Int64,false,diagonalcheap,realschur,0.005751147,0.00037015100000000004,0.003099308,0.003083274,1.1e-7,0.012959829,31,0,9.94904421417804e-78,25.4899076304442,20.266516692535724,1.727233711018889e-77,4.389035808434901e-17,6.963669114933286e-16,23.12714371477516,mpmath_1792,6.664494347439239,44.77108433734939,17.04915322583708,256
rando_10_3,10,Int64,false,diagonalcheap,realschur,0.011794695,0.0008823940000000001,0.008058788000000002,0.008635316,5.0e-8,0.030479377,81,0,1.049133641096402e-277,25.48990763044421,16.19197804263985,1.331998346195134e-256,4.389035808434901e-17,6.963669114933286e-16,23.12714371477516,mpmath_1792,6.664494347439239,44.77108433734939,17.04915322583708,851
rando_10_3,10,Int64,false,taylor,transfree,0.0,0.000291452,0.000866519,0.001388527,0.000148411,0.003027191,20,1,2.498001805406602e-16,7.145833333333334,1,2.220446049250313e-16,1.219699803320519e-16,3.219646771412954e-15,23.12714371477516,mpmath_1792,6.664494347439239,44.77108433734939,17.04915322583708,53
rando_10_3,10,Int64,false,taylor,transfree,0.0,0.000595506,0.0014251809999999995,0.004175651,0.000209535,0.006762578,64,1,1.029511517893606e-84,7.145833333333333,1,1.727233711018889e-77,4.389035808434901e-17,6.963669114933286e-16,23.12714371477516,mpmath_1792,6.664494347439239,44.77108433734939,17.04915322583708,256
rando_10_3,10,Int64,false,taylor,transfree,0.0,0.000857989,0.005120967999999999,0.008668202,0.00266217,0.017780378,90,6,1.095816759761565e-269,1.127193884375746,1,1.331998346195134e-256,4.389035808434901e-17,6.963669114933286e-16,23.12714371477516,mpmath_1792,6.664494347439239,44.77108433734939,17.04915322583708,851
rando_10_3,10,Int64,false,taylor,complexschur,0.0041411,0.000780263,0.0014728370000000005,0.0070698919999999995,7.0e-8,0.015690809,30,0,1.110223024625157e-16,25.21049530999665,1,2.220446049250313e-16,2.049396851120417e-15,4.624078897563777e-14,23.12714371477516,mpmath_1792,6.664494347439239,44.77108433734939,17.04915322583708,53
rando_10_3,10,Int64,false,taylor,complexschur,0.00812426,0.001616679,0.0025570650000000007,0.014940007,9.1e-8,0.029924743,81,0,8.236092143148846e-84,25.23939482240027,1,1.727233711018889e-77,4.389035808434901e-17,6.963669114933286e-16,23.12714371477516,mpmath_1792,6.664494347439239,44.77108433734939,17.04915322583708,256
rando_10_3,10,Int64,false,taylor,complexschur,0.040902661,0.0017117310000000006,0.008410499,0.013208821000000003,0.005507342,0.072504485,90,6,5.647973476400336e-269,1.116868933197741,1,1.331998346195134e-256,4.389035808434901e-17,6.963669114933286e-16,23.12714371477516,mpmath_1792,6.664494347439239,44.77108433734939,17.04915322583708,851
rando_10_3,10,Int64,false,taylor,realschur,0.002171555,0.00022116700000000003,0.00067974,0.000825243,0.000110294,0.004457723,20,1,1.942890293094024e-16,6.844112297968823,1,2.220446049250313e-16,2.09769299497693e-15,4.71289673953379e-14,23.12714371477516,mpmath_1792,6.664494347439239,44.77108433734939,17.04915322583708,53
rando_10_3,10,Int64,false,taylor,realschur,0.003511573,0.0004036179999999999,0.001067446,0.0018811740000000002,0.000127508,0.007463579,64,1,1.132462669682966e-83,6.844112297968814,1,1.727233711018889e-77,4.389035808434901e-17,6.963669114933286e-16,23.12714371477516,mpmath_1792,6.664494347439239,44.77108433734939,17.04915322583708,256
rando_10_3,10,Int64,false,taylor,realschur,0.008783958,0.0009655869999999998,0.0050673010000000015,0.004212764,0.001444721,0.021496877,90,6,7.526186219642767e-269,1.13386771376648,1,1.331998346195134e-256,4.389035808434901e-17,6.963669114933286e-16,23.12714371477516,mpmath_1792,6.664494347439239,44.77108433734939,17.04915322583708,851
randsvd_10_1.0,10,Float64,false,scaling_and_squaring,NaN,NaN,NaN,NaN,NaN,NaN,2.6333e-5,NaN,NaN,NaN,NaN,NaN,2.220446049250313e-16,1.858707431712062e-16,8.101158632811689e-16,3.898168242807073,mpmath_1792,1.594785913705749,8.477697289686363,1.0000000000000009,53
randsvd_10_1.0,10,Float64,false,diagonalcheap,transfree,0.0,2.745e-6,0.0009458680000000002,0.001427996,7.0e-8,0.080502294,9,0,1.612160547526578e-17,3.898168242807073,5.662738313035925,2.220446049250313e-16,2.06831570323785e-16,9.957312752106873e-16,3.898168242807073,mpmath_1792,1.594785913705749,8.477697289686363,1.0000000000000009,53
randsvd_10_1.0,10,Float64,false,diagonalcheap,transfree,0.0,0.000210947,0.0019143100000000002,0.002273259,3.0e-8,0.004603021,25,0,2.776632988741427e-77,3.898168242807072,5.681015541289849,1.727233711018889e-77,5.130239728388918e-17,2.499492061221898e-16,3.898168242807073,mpmath_1792,1.594785913705749,8.477697289686363,1.0000000000000009,256
randsvd_10_1.0,10,Float64,false,diagonalcheap,transfree,0.0,0.0005703260000000001,0.005041699000000001,0.007659326,4.0e-8,0.013521239,73,0,3.997028503570276e-281,3.898168242807073,5.687443719357931,1.331998346195134e-256,5.130239728388918e-17,2.499492061221898e-16,3.898168242807073,mpmath_1792,1.594785913705749,8.477697289686363,1.0000000000000009,851
randsvd_10_1.0,10,Float64,false,diagonalcheap,complexschur,0.002004433,2.375e-6,0.001211216,0.004206706,5.0e-8,0.009273458,9,0,1.003905439505049e-17,2.09046705422935,2.3621909467190925,2.220446049250313e-16,2.633842275870899e-15,1.937859595013691e-14,3.898168242807073,mpmath_1792,1.594785913705749,8.477697289686363,1.0000000000000009,53
randsvd_10_1.0,10,Float64,false,diagonalcheap,complexschur,0.006231862,0.0005494110000000001,0.0034599949999999996,0.006674087000000001,4.0e-8,0.018521385,25,0,1.218843984320528e-80,2.090467054229352,2.3723168667726218,1.727233711018889e-77,5.130239728388918e-17,2.499492061221898e-16,3.898168242807073,mpmath_1792,1.594785913705749,8.477697289686363,1.0000000000000009,256
randsvd_10_1.0,10,Float64,false,diagonalcheap,complexschur,0.00817937,0.002002359,0.010298063000000001,0.058721876000000006,3.0e-8,0.081890078,65,0,2.962898614089521e-260,2.090467054229353,2.3756669904497905,1.331998346195134e-256,5.130239728388918e-17,2.499492061221898e-16,3.898168242807073,mpmath_1792,1.594785913705749,8.477697289686363,1.0000000000000009,851
randsvd_10_1.0,10,Float64,false,diagonalcheap,realschur,0.001589001,2.575e-6,0.001060278,0.000937211,5.1e-8,0.004073067,9,0,0,2.938522159421194,3.3736598740179025,2.220446049250313e-16,2.650175367155905e-15,1.912359159916832e-14,3.898168242807073,mpmath_1792,1.594785913705749,8.477697289686363,1.0000000000000009,53
randsvd_10_1.0,10,Float64,false,diagonalcheap,realschur,0.004693183,0.00035434800000000004,0.0034283780000000006,0.002839589,4.0e-8,0.012040617,25,0,1.993819818323759e-79,2.938522159421201,3.372140870666065,1.727233711018889e-77,5.130239728388918e-17,2.499492061221898e-16,3.898168242807073,mpmath_1792,1.594785913705749,8.477697289686363,1.0000000000000009,256
randsvd_10_1.0,10,Float64,false,diagonalcheap,realschur,0.010047076,0.0008126979999999999,0.007694821,0.008841551,4.0e-8,0.028481394,65,0,2.381255099757792e-258,2.938522159421201,3.3715988095743876,1.331998346195134e-256,5.130239728388918e-17,2.499492061221898e-16,3.898168242807073,mpmath_1792,1.594785913705749,8.477697289686363,1.0000000000000009,851
randsvd_10_1.0,10,Float64,false,taylor,transfree,0.0,0.00034353699999999993,0.0008842640000000001,0.005344855,4.0e-8,0.006841428,20,0,1.387778780781446e-17,3.941732447650454,1,2.220446049250313e-16,8.078697356473374e-17,3.677613769070831e-16,3.898168242807073,mpmath_1792,1.594785913705749,8.477697289686363,1.0000000000000009,53
randsvd_10_1.0,10,Float64,false,taylor,transfree,0.0,0.0009616779999999999,0.0019109149999999996,0.006250649999999999,5.0e-8,0.009599399,64,0,0,3.941732447650454,1,1.727233711018889e-77,5.130239728388918e-17,2.499492061221898e-16,3.898168242807073,mpmath_1792,1.594785913705749,8.477697289686363,1.0000000000000009,256
randsvd_10_1.0,10,Float64,false,taylor,transfree,0.0,0.000700588,0.003753649,0.007082277,0.00146005,0.013450214,90,5,7.002324117658525e-274,1.081679657454651,1,1.331998346195134e-256,5.130239728388918e-17,2.499492061221898e-16,3.898168242807073,mpmath_1792,1.594785913705749,8.477697289686363,1.0000000000000009,851
randsvd_10_1.0,10,Float64,false,taylor,complexschur,0.002746177,0.000350211,0.000955147,0.0036262909999999994,3.0e-8,0.00896867,20,0,2.775557561562891e-17,2.127601486563793,1,2.220446049250313e-16,2.633842275870899e-15,1.937859595013691e-14,3.898168242807073,mpmath_1792,1.594785913705749,8.477697289686363,1.0000000000000009,53
randsvd_10_1.0,10,Float64,false,taylor,complexschur,0.003035733,0.0008913570000000001,0.001340229,0.006064876,4.0e-8,0.012838434,56,0,2.510772278034319e-77,2.127601486563789,1,1.727233711018889e-77,5.130239728388918e-17,2.499492061221898e-16,3.898168242807073,mpmath_1792,1.594785913705749,8.477697289686363,1.0000000000000009,256
randsvd_10_1.0,10,Float64,false,taylor,complexschur,0.006572483,0.0014906589999999999,0.006018556999999998,0.011607484,0.003832168,0.032647649,90,5,7.953641907210839e-278,1.023310909088363,1,1.331998346195134e-256,5.130239728388918e-17,2.499492061221898e-16,3.898168242807073,mpmath_1792,1.594785913705749,8.477697289686363,1.0000000000000009,851
randsvd_10_1.0,10,Float64,false,taylor,realschur,0.001819008,0.00022739199999999998,0.0006051939999999998,0.0008464869999999999,3.0e-8,0.003880566,20,0,2.775557561562891e-17,2.985560568852656,1,2.220446049250313e-16,2.650175367155905e-15,1.912359159916832e-14,3.898168242807073,mpmath_1792,1.594785913705749,8.477697289686363,1.0000000000000009,53
randsvd_10_1.0,10,Float64,false,taylor,realschur,0.003015492,0.00043102699999999995,0.0009649240000000003,0.002125081,4.0e-8,0.006976022,64,0,4.118046071574423e-84,2.985560568852656,1,1.727233711018889e-77,5.130239728388918e-17,2.499492061221898e-16,3.898168242807073,mpmath_1792,1.594785913705749,8.477697289686363,1.0000000000000009,256
randsvd_10_1.0,10,Float64,false,taylor,realschur,0.005749866,0.0008868780000000001,0.005598735999999999,0.00790344,0.002029244,0.023987123,90,5,1.824954527771965e-276,1.044681830064272,1,1.331998346195134e-256,5.130239728388918e-17,2.499492061221898e-16,3.898168242807073,mpmath_1792,1.594785913705749,8.477697289686363,1.0000000000000009,851
randsvd_10_2.0,10,Float64,false,scaling_and_squaring,NaN,NaN,NaN,NaN,NaN,NaN,3.923e-5,NaN,NaN,NaN,NaN,NaN,2.220446049250313e-16,2.132368629518109e-16,7.91033905045424e-16,3.60721039800628,mpmath_1792,1.483443780689182,9.698098681349524,1.9999999999999993,53
randsvd_10_2.0,10,Float64,false,diagonalcheap,transfree,0.0,1.7629999999999999e-6,0.000841126,0.001153409,3.0e-8,0.002172424,7,0,2.418508614833919e-16,3.60721039800628,4.370006226749296,2.220446049250313e-16,1.434337919719698e-16,5.885049392251318e-16,3.60721039800628,mpmath_1792,1.483443780689182,9.698098681349524,1.9999999999999993,53
randsvd_10_2.0,10,Float64,false,diagonalcheap,transfree,0.0,0.000230025,0.002031265,0.0021939100000000003,3.0e-8,0.004619794,25,0,5.144141806652833e-83,3.60721039800628,4.364476355931796,1.727233711018889e-77,4.725781826998256e-17,1.690737530504846e-16,3.60721039800628,mpmath_1792,1.483443780689182,9.698098681349524,1.9999999999999993,256
randsvd_10_2.0,10,Float64,false,diagonalcheap,transfree,0.0,0.0009414149999999999,0.008992999000000003,0.047063402000000004,3.0e-8,0.057363389,65,0,1.359359196191031e-267,3.60721039800628,4.363227754529317,1.331998346195134e-256,4.725781826998256e-17,1.690737530504846e-16,3.60721039800628,mpmath_1792,1.483443780689182,9.698098681349524,1.9999999999999993,851
randsvd_10_2.0,10,Float64,false,diagonalcheap,complexschur,0.002199026,1.8030000000000001e-6,0.001141536,0.0031816579999999995,3.0e-8,0.007779104,7,0,1.482079929991325e-16,2.296863420868971,2.654378609830151,2.220446049250313e-16,2.133010098655814e-15,9.159339953157541e-15,3.60721039800628,mpmath_1792,1.483443780689182,9.698098681349524,1.9999999999999993,53
randsvd_10_2.0,10,Float64,false,diagonalcheap,complexschur,0.005568053,0.00068184,0.00452052,0.010114796,3.0e-8,0.022978554,25,0,0,2.296863420868974,2.6509146456203374,1.727233711018889e-77,4.725781826998256e-17,1.690737530504846e-16,3.60721039800628,mpmath_1792,1.483443780689182,9.698098681349524,1.9999999999999993,256
randsvd_10_2.0,10,Float64,false,diagonalcheap,complexschur,0.008156598,0.0017607469999999998,0.010027467000000003,0.022109714,3.0e-8,0.044834182,65,0,9.135001027274186e-271,2.296863420868975,2.581855969524281,1.331998346195134e-256,4.725781826998256e-17,1.690737530504846e-16,3.60721039800628,mpmath_1792,1.483443780689182,9.698098681349524,1.9999999999999993,851
randsvd_10_2.0,10,Float64,false,diagonalcheap,realschur,0.002223305,1.8249999999999999e-6,0.0008688700000000001,0.000888642,4.0e-8,0.004479427,7,0,3.367105112822607e-16,2.296863420868971,3.173979474970166,2.220446049250313e-16,2.174434748535505e-15,1.013078509970455e-14,3.60721039800628,mpmath_1792,1.483443780689182,9.698098681349524,1.9999999999999993,53
randsvd_10_2.0,10,Float64,false,diagonalcheap,realschur,0.006116024,0.000329507,0.003097316,0.002861368,5.0e-8,0.013133233,25,0,1.777904408322659e-84,2.664746464450425,3.1543384193879214,1.727233711018889e-77,4.725781826998256e-17,1.690737530504846e-16,3.60721039800628,mpmath_1792,1.483443780689182,9.698098681349524,1.9999999999999993,256
randsvd_10_2.0,10,Float64,false,diagonalcheap,realschur,0.012595073,0.000807728,0.007121318000000001,0.008196429,4.0e-8,0.029893747,65,0,1.039401625546476e-270,2.296863420868975,3.391779379683289,1.331998346195134e-256,4.725781826998256e-17,1.690737530504846e-16,3.60721039800628,mpmath_1792,1.483443780689182,9.698098681349524,1.9999999999999993,851
randsvd_10_2.0,10,Float64,false,taylor,transfree,0.0,0.00035907800000000003,0.0008784009999999999,0.001705045,5.0e-8,0.003214524,20,0,1.387778780781446e-17,3.564175128313681,1,2.220446049250313e-16,8.163102506070685e-17,3.608224830031759e-16,3.60721039800628,mpmath_1792,1.483443780689182,9.698098681349524,1.9999999999999993,53
randsvd_10_2.0,10,Float64,false,taylor,transfree,0.0,0.0006640050000000001,0.001479395,0.004739152999999999,4.0e-8,0.007162655,56,0,5.070653079081377e-80,3.564175128313681,1,1.727233711018889e-77,4.725781826998256e-17,1.690737530504846e-16,3.60721039800628,mpmath_1792,1.483443780689182,9.698098681349524,1.9999999999999993,256
randsvd_10_2.0,10,Float64,false,taylor,transfree,0.0,0.0009638709999999999,0.005695654000000001,0.010732217,0.002264238,0.020240726,90,5,2.754508019813278e-281,1.068324267883571,1,1.331998346195134e-256,4.725781826998256e-17,1.690737530504846e-16,3.60721039800628,mpmath_1792,1.483443780689182,9.698098681349524,1.9999999999999993,851
randsvd_10_2.0,10,Float64,false,taylor,complexschur,0.003822967,0.000595909,0.0013170190000000002,0.004213878,4.0e-8,0.011291953,20,0,0,2.273108372281291,1,2.220446049250313e-16,2.145155875447098e-15,9.173217740965356e-15,3.60721039800628,mpmath_1792,1.483443780689182,9.698098681349524,1.9999999999999993,53
randsvd_10_2.0,10,Float64,false,taylor,complexschur,0.004160792,0.0008303710000000001,0.001621697,0.009494127,4.1e-8,0.018532754,56,0,6.733005327024182e-82,2.273108372281295,1,1.727233711018889e-77,4.725781826998256e-17,1.690737530504846e-16,3.60721039800628,mpmath_1792,1.483443780689182,9.698098681349524,1.9999999999999993,256
randsvd_10_2.0,10,Float64,false,taylor,complexschur,0.012093376,0.0014092949999999999,0.006890985000000002,0.039851265000000004,0.003162499,0.066386276,90,4,1.00908577059788e-257,1.053345752157868,1,1.331998346195134e-256,4.725781826998256e-17,1.690737530504846e-16,3.60721039800628,mpmath_1792,1.483443780689182,9.698098681349524,1.9999999999999993,851
randsvd_10_2.0,10,Float64,false,taylor,realschur,0.001957066,0.000206187,0.0006107409999999999,0.000755459,4.0e-8,0.003873719,20,0,1.387778780781446e-17,2.669789115717302,1,2.220446049250313e-16,2.168808622412563e-15,9.936496070395151e-15,3.60721039800628,mpmath_1792,1.483443780689182,9.698098681349524,1.9999999999999993,53
randsvd_10_2.0,10,Float64,false,taylor,realschur,0.003657992,0.000403186,0.0010768190000000001,0.0017526240000000002,3.0e-8,0.0072938,56,0,6.733005327024182e-82,2.6697891157173,1,1.727233711018889e-77,4.725781826998256e-17,1.690737530504846e-16,3.60721039800628,mpmath_1792,1.483443780689182,9.698098681349524,1.9999999999999993,256
randsvd_10_2.0,10,Float64,false,taylor,realschur,0.007479036,0.000850404,0.005222863,0.00557695,0.001019556,0.021131802,90,4,1.00908577059788e-257,1.079475737425191,1,1.331998346195134e-256,4.725781826998256e-17,1.690737530504846e-16,3.60721039800628,mpmath_1792,1.483443780689182,9.698098681349524,1.9999999999999993,851
randsvd_10_3.0,10,Float64,false,scaling_and_squaring,NaN,NaN,NaN,NaN,NaN,NaN,2.7977e-5,NaN,NaN,NaN,NaN,NaN,2.220446049250313e-16,1.661323799186614e-16,6.531233887052679e-16,3.237761908259373,mpmath_1792,1.071914278424425,13.438031143388752,3.0,53
randsvd_10_3.0,10,Float64,false,diagonalcheap,transfree,0.0,2.605e-6,0.0008749820000000002,0.001009587,3.0e-8,0.002094825,7,0,7.230855076945275e-17,2.499809759720944,3.743159521460289,2.220446049250313e-16,1.191581388594018e-16,4.163336342344337e-16,3.237761908259373,mpmath_1792,1.071914278424425,13.438031143388752,3.0,53
randsvd_10_3.0,10,Float64,false,diagonalcheap,transfree,0.0,0.00022061799999999998,0.0022063499999999997,0.00327149,6.0e-8,0.005912942,25,0,4.2933294715076e-84,2.499809759720944,3.7507536844170617,1.727233711018889e-77,4.882041439445603e-17,1.51707802963602e-16,3.237761908259373,mpmath_1792,1.071914278424425,13.438031143388752,3.0,256
randsvd_10_3.0,10,Float64,false,diagonalcheap,transfree,0.0,0.000843419,0.008851912000000003,0.012065016999999999,3.0e-8,0.022110875,65,0,3.929428521601271e-276,2.499809759720944,3.7524570933446224,1.331998346195134e-256,4.882041439445603e-17,1.51707802963602e-16,3.237761908259373,mpmath_1792,1.071914278424425,13.438031143388752,3.0,851
randsvd_10_3.0,10,Float64,false,diagonalcheap,complexschur,0.003375369,3.017e-6,0.0015798690000000002,0.00490902,5.0e-8,0.011691572,7,0,3.902620095387033e-17,2.769011394458493,2.6559287778839242,2.220446049250313e-16,1.37633622007958e-15,5.245803791353865e-15,3.237761908259373,mpmath_1792,1.071914278424425,13.438031143388752,3.0,53
randsvd_10_3.0,10,Float64,false,diagonalcheap,complexschur,0.00615378,0.000596407,0.003755302,0.009096652,5.0e-8,0.021830969,25,0,9.628476190568096e-85,2.534434753498452,2.659238328150505,1.727233711018889e-77,4.882041439445603e-17,1.51707802963602e-16,3.237761908259373,mpmath_1792,1.071914278424425,13.438031143388752,3.0,256
randsvd_10_3.0,10,Float64,false,diagonalcheap,complexschur,0.012676387,0.001570092,0.008665067,0.025629937999999998,5.0e-8,0.052220169,65,0,2.86831195310529e-277,2.769011394458492,2.65999282016326,1.331998346195134e-256,4.882041439445603e-17,1.51707802963602e-16,3.237761908259373,mpmath_1792,1.071914278424425,13.438031143388752,3.0,851
randsvd_10_3.0,10,Float64,false,diagonalcheap,realschur,0.003284255,1.964e-6,0.0010665019999999998,0.001340003,4.0e-8,0.006229564,7,0,5.529803108488071e-17,3.149441803837394,3.0887617797431153,2.220446049250313e-16,1.374852699839884e-15,5.967448757360216e-15,3.237761908259373,mpmath_1792,1.071914278424425,13.438031143388752,3.0,53
randsvd_10_3.0,10,Float64,false,diagonalcheap,realschur,0.005820184,0.000281321,0.0025231109999999998,0.0026110320000000005,4.0e-8,0.011913702,25,0,3.068783035792259e-84,3.066122586185549,2.825170292799761,1.727233711018889e-77,4.882041439445603e-17,1.51707802963602e-16,3.237761908259373,mpmath_1792,1.071914278424425,13.438031143388752,3.0,256
randsvd_10_3.0,10,Float64,false,diagonalcheap,realschur,0.012051691,0.000666109,0.006236881000000001,0.03966193900000001,5.0e-8,0.059783356,65,0,2.000956076323659e-276,3.149441803837393,3.122515481527518,1.331998346195134e-256,4.882041439445603e-17,1.51707802963602e-16,3.237761908259373,mpmath_1792,1.071914278424425,13.438031143388752,3.0,851
randsvd_10_3.0,10,Float64,false,taylor,transfree,0.0,0.00021625,0.000824723,0.001295292,4.0e-8,0.002592333,16,0,1.804112415015879e-16,3.259689500957544,1,2.220446049250313e-16,5.089547154495134e-17,1.318389841742373e-16,3.237761908259373,mpmath_1792,1.071914278424425,13.438031143388752,3.0,53
randsvd_10_3.0,10,Float64,false,taylor,transfree,0.0,0.000563191,0.0014520840000000002,0.0041385269999999995,1.4e-7,0.006396992,56,0,0,3.259689500957543,1,1.727233711018889e-77,4.882041439445603e-17,1.51707802963602e-16,3.237761908259373,mpmath_1792,1.071914278424425,13.438031143388752,3.0,256
randsvd_10_3.0,10,Float64,false,taylor,transfree,0.0,0.0008691520000000001,0.005019209,0.009988156,0.00176695,0.018180424,90,4,1.318381802694466e-261,1.136764950823496,1,1.331998346195134e-256,4.882041439445603e-17,1.51707802963602e-16,3.237761908259373,mpmath_1792,1.071914278424425,13.438031143388752,3.0,851
randsvd_10_3.0,10,Float64,false,taylor,complexschur,0.003635745,0.000377545,0.0012024260000000001,0.004568363,7.0e-8,0.011811468,16,0,9.71445146547012e-17,2.975359485229023,1,2.220446049250313e-16,1.378456904627454e-15,5.218048215738236e-15,3.237761908259373,mpmath_1792,1.071914278424425,13.438031143388752,3.0,53
randsvd_10_3.0,10,Float64,false,taylor,complexschur,0.004062229,0.000723533,0.0014466850000000003,0.0063697910000000005,4.0e-8,0.0140441,56,0,2.059023035787212e-84,2.975359485229024,1,1.727233711018889e-77,4.882041439445603e-17,1.51707802963602e-16,3.237761908259373,mpmath_1792,1.071914278424425,13.438031143388752,3.0,256
randsvd_10_3.0,10,Float64,false,taylor,complexschur,0.008634381,0.0020410640000000004,0.006437354000000001,0.014868217999999999,0.00475845,0.040859201,90,4,2.071738856928943e-262,1.098625402679753,1,1.331998346195134e-256,4.882041439445603e-17,1.51707802963602e-16,3.237761908259373,mpmath_1792,1.071914278424425,13.438031143388752,3.0,851
randsvd_10_3.0,10,Float64,false,taylor,realschur,0.003534339,0.00024225100000000005,0.0009170679999999999,0.001242375,4.0e-8,0.006532954,16,0,1.804112415015879e-16,3.169319017190409,1,2.220446049250313e-16,1.383383505405021e-15,6.13398221105399e-15,3.237761908259373,mpmath_1792,1.071914278424425,13.438031143388752,3.0,53
randsvd_10_3.0,10,Float64,false,taylor,realschur,0.004170478,0.000593292,0.0015545790000000002,0.0032045030000000005,6.0e-8,0.010250204,56,0,1.029511517893606e-84,3.169319017190408,1,1.727233711018889e-77,4.882041439445603e-17,1.51707802963602e-16,3.237761908259373,mpmath_1792,1.071914278424425,13.438031143388752,3.0,256
randsvd_10_3.0,10,Float64,false,taylor,realschur,0.010743805,0.000937656,0.005590805,0.005828086,0.001055288,0.025223907,90,4,8.946787597624736e-262,1.112533380639636,1,1.331998346195134e-256,4.882041439445603e-17,1.51707802963602e-16,3.237761908259373,mpmath_1792,1.071914278424425,13.438031143388752,3.0,851
randsvd_10_4.0,10,Float64,false,scaling_and_squaring,NaN,NaN,NaN,NaN,NaN,NaN,3.3227e-5,NaN,NaN,NaN,NaN,NaN,2.220446049250313e-16,1.785287519231294e-16,8.326672684688674e-16,2.874069028008004,mpmath_1792,0.9817066558881961,17.980696725247554,4.000000000000003,53
randsvd_10_4.0,10,Float64,false,diagonalcheap,transfree,0.0,2.474e-6,0.000843319,0.001002802,4.0e-8,0.00208771,7,0,1.332525827161948e-17,2.73538190359496,3.597348059307921,2.220446049250313e-16,1.625972487285084e-16,5.967448757360216e-16,2.874069028008004,mpmath_1792,0.9817066558881961,17.980696725247554,4.000000000000003,53
randsvd_10_4.0,10,Float64,false,diagonalcheap,transfree,0.0,0.00021689100000000003,0.0022518049999999995,0.003520821,4.0e-8,0.006257075,25,0,1.975945525518542e-84,2.73538190359496,3.596342583674687,1.727233711018889e-77,4.939511605488981e-17,1.449522738807903e-16,2.874069028008004,mpmath_1792,0.9817066558881961,17.980696725247554,4.000000000000003,256
randsvd_10_4.0,10,Float64,false,diagonalcheap,transfree,0.0,0.000685549,0.007761812000000001,0.012662399999999999,5.0e-8,0.021490855,65,0,5.946832900806681e-281,2.73538190359496,3.5961168994227997,1.331998346195134e-256,4.939511605488981e-17,1.449522738807903e-16,2.874069028008004,mpmath_1792,0.9817066558881961,17.980696725247554,4.000000000000003,851
randsvd_10_4.0,10,Float64,false,diagonalcheap,complexschur,0.004237964,3.176e-6,0.0017721,0.004352628000000001,4.0e-8,0.012446002,7,0,1.040986122075227e-17,2.158828259543995,2.728617981353737,2.220446049250313e-16,1.470257956139487e-15,6.020574663812006e-15,2.874069028008004,mpmath_1792,0.9817066558881961,17.980696725247554,4.000000000000003,53
randsvd_10_4.0,10,Float64,false,diagonalcheap,complexschur,0.008800638,0.0006706790000000001,0.004098663000000001,0.007549846,4.0e-8,0.02272258,25,0,0,2.080357203918084,2.829204865245746,1.727233711018889e-77,4.939511605488981e-17,1.449522738807903e-16,2.874069028008004,mpmath_1792,0.9817066558881961,17.980696725247554,4.000000000000003,256
randsvd_10_4.0,10,Float64,false,diagonalcheap,complexschur,0.042366604,0.001592995,0.009554637000000003,0.018250988000000003,3.0e-8,0.074161393,65,0,1.029053109673523e-281,1.650047922415667,2.6995962728622516,1.331998346195134e-256,4.939511605488981e-17,1.449522738807903e-16,2.874069028008004,mpmath_1792,0.9817066558881961,17.980696725247554,4.000000000000003,851
randsvd_10_4.0,10,Float64,false,diagonalcheap,realschur,0.002263636,2.356e-6,0.001414656,0.001365904,5.1e-8,0.005636779,7,0,1.04511532259419e-17,2.100951658896322,3.01068564266444,2.220446049250313e-16,1.434361473349086e-15,6.254762333068875e-15,2.874069028008004,mpmath_1792,0.9817066558881961,17.980696725247554,4.000000000000003,53
randsvd_10_4.0,10,Float64,false,diagonalcheap,realschur,0.007788988,0.000313867,0.003053317,0.0031240580000000003,4.0e-8,0.015077243,25,0,1.550509567145056e-84,2.045331693857586,2.79083985373034,1.727233711018889e-77,4.939511605488981e-17,1.449522738807903e-16,2.874069028008004,mpmath_1792,0.9817066558881961,17.980696725247554,4.000000000000003,256
randsvd_10_4.0,10,Float64,false,diagonalcheap,realschur,0.017012583,0.000782376,0.008244971000000002,0.009911379000000001,5.0e-8,0.037303006,65,0,1.555647949365705e-281,2.014883223169439,2.864851524969067,1.331998346195134e-256,4.939511605488981e-17,1.449522738807903e-16,2.874069028008004,mpmath_1792,0.9817066558881961,17.980696725247554,4.000000000000003,851
randsvd_10_4.0,10,Float64,false,taylor,transfree,0.0,0.000168641,0.0009421999999999998,0.0015042279999999998,5.0e-8,0.00318404,16,0,6.938893903907228e-17,2.890394582501991,1,2.220446049250313e-16,4.913637261799989e-17,1.301042606982605e-16,2.874069028008004,mpmath_1792,0.9817066558881961,17.980696725247554,4.000000000000003,53
randsvd_10_4.0,10,Float64,false,taylor,transfree,0.0,0.001619751,0.0015193550000000002,0.0048536939999999995,5.0e-8,0.008301938,56,0,1.029511517893606e-84,2.890394582501991,1,1.727233711018889e-77,4.939511605488981e-17,1.449522738807903e-16,2.874069028008004,mpmath_1792,0.9817066558881961,17.980696725247554,4.000000000000003,256
randsvd_10_4.0,10,Float64,false,taylor,transfree,0.0,0.0009726579999999999,0.004937972,0.012741864,0.001850779,0.021052297,90,4,3.137176793101862e-265,1.111434399150154,1,1.331998346195134e-256,4.939511605488981e-17,1.449522738807903e-16,2.874069028008004,mpmath_1792,0.9817066558881961,17.980696725247554,4.000000000000003,851
randsvd_10_4.0,10,Float64,false,taylor,complexschur,0.00395911,0.0003784479999999999,0.00127369,0.004625519999999999,4.0e-8,0.012145303,16,0,2.775557561562891e-17,2.153098506507877,1,2.220446049250313e-16,1.476848115702315e-15,6.127476998019077e-15,2.874069028008004,mpmath_1792,0.9817066558881961,17.980696725247554,4.000000000000003,53
randsvd_10_4.0,10,Float64,false,taylor,complexschur,0.007026765,0.001054475,0.001974732,0.010089879,4.0e-8,0.022447633,56,0,5.147557589468029e-85,2.153098506507876,1,1.727233711018889e-77,4.939511605488981e-17,1.449522738807903e-16,2.874069028008004,mpmath_1792,0.9817066558881961,17.980696725247554,4.000000000000003,256
randsvd_10_4.0,10,Float64,false,taylor,complexschur,0.009419582,0.0012813559999999998,0.005056033000000001,0.042373467,0.005192389,0.067968598,90,4,1.232279087732179e-267,1.057050067416066,1,1.331998346195134e-256,4.939511605488981e-17,1.449522738807903e-16,2.874069028008004,mpmath_1792,0.9817066558881961,17.980696725247554,4.000000000000003,851
randsvd_10_4.0,10,Float64,false,taylor,realschur,0.003602868,0.000171969,0.000808657,0.000789329,3.1e-8,0.005853458,16,0,4.163336342344337e-17,2.095069227160936,1,2.220446049250313e-16,1.477549812986195e-15,6.496973098402137e-15,2.874069028008004,mpmath_1792,0.9817066558881961,17.980696725247554,4.000000000000003,53
randsvd_10_4.0,10,Float64,false,taylor,realschur,0.004496899,0.000624606,0.001804853,0.003226958,5.0e-8,0.010878797,56,0,5.147557589468029e-85,2.095069227160932,1,1.727233711018889e-77,4.939511605488981e-17,1.449522738807903e-16,2.874069028008004,mpmath_1792,0.9817066558881961,17.980696725247554,4.000000000000003,256
randsvd_10_4.0,10,Float64,false,taylor,realschur,0.011648507,0.0007732749999999999,0.005298883000000002,0.005827336000000001,0.002044932,0.027048133,90,4,9.103352236346812e-268,1.061533316316879,1,1.331998346195134e-256,4.939511605488981e-17,1.449522738807903e-16,2.874069028008004,mpmath_1792,0.9817066558881961,17.980696725247554,4.000000000000003,851
randsvd_10_5.0,10,Float64,false,scaling_and_squaring,NaN,NaN,NaN,NaN,NaN,NaN,2.976e-5,NaN,NaN,NaN,NaN,NaN,2.220446049250313e-16,1.795650408560105e-16,5.412337245047638e-16,3.09175388561849,mpmath_1792,0.9933979842727821,21.925051856294843,5.000000000000003,53
randsvd_10_5.0,10,Float64,false,diagonalcheap,transfree,0.0,1.872e-6,0.0010457490000000001,0.001516982,5.0e-8,0.002815972,7,0,1.368892355158112e-17,2.293715421167288,3.560416009728035,2.220446049250313e-16,1.334509079439912e-16,5.828670879282072e-16,3.09175388561849,mpmath_1792,0.9933979842727821,21.925051856294843,5.000000000000003,53
randsvd_10_5.0,10,Float64,false,diagonalcheap,transfree,0.0,0.0002912,0.0024840039999999993,0.003322938,5.0e-8,0.006311091,25,0,1.013205398314709e-84,2.293715421167288,3.555212841205564,1.727233711018889e-77,4.204646954565477e-17,1.571961183319351e-16,3.09175388561849,mpmath_1792,0.9933979842727821,21.925051856294843,5.000000000000003,256
randsvd_10_5.0,10,Float64,false,diagonalcheap,transfree,0.0,0.000674798,0.005964858000000001,0.012752446,4.1e-8,0.019633941,65,0,6.773764463117345e-282,2.293715421167288,3.554046963484328,1.331998346195134e-256,4.204646954565477e-17,1.571961183319351e-16,3.09175388561849,mpmath_1792,0.9933979842727821,21.925051856294843,5.000000000000003,851
randsvd_10_5.0,10,Float64,false,diagonalcheap,complexschur,0.004056826,2.8850000000000003e-6,0.0014140439999999997,0.003519398,3.0e-8,0.010297955,7,0,1.028989743242209e-17,1.633793230572554,2.438117127449207,2.220446049250313e-16,1.076046026798551e-15,4.75490415270674e-15,3.09175388561849,mpmath_1792,0.9933979842727821,21.925051856294843,5.000000000000003,53
randsvd_10_5.0,10,Float64,false,diagonalcheap,complexschur,0.004201699,0.00044028000000000003,0.002662803,0.009423065,4.0e-8,0.019243731,25,0,1.527083543112579e-84,1.738681186079676,2.734072884391558,1.727233711018889e-77,4.204646954565477e-17,1.571961183319351e-16,3.09175388561849,mpmath_1792,0.9933979842727821,21.925051856294843,5.000000000000003,256
randsvd_10_5.0,10,Float64,false,diagonalcheap,complexschur,0.012183563,0.0010975040000000002,0.006323056000000002,0.023886663000000002,5.0e-8,0.046574108,65,0,2.553766487241023e-281,1.633793230572553,2.5241995415573304,1.331998346195134e-256,4.204646954565477e-17,1.571961183319351e-16,3.09175388561849,mpmath_1792,0.9933979842727821,21.925051856294843,5.000000000000003,851
randsvd_10_5.0,10,Float64,false,diagonalcheap,realschur,0.003314532,2.545e-6,0.0015343199999999998,0.0014240430000000003,4.0e-8,0.007734874,7,0,1.009102838816651e-17,1.633793230572554,2.46581225584033,2.220446049250313e-16,1.113042040867672e-15,5.120524230323165e-15,3.09175388561849,mpmath_1792,0.9933979842727821,21.925051856294843,5.000000000000003,53
randsvd_10_5.0,10,Float64,false,diagonalcheap,realschur,0.00642926,0.00041384000000000006,0.009803012,0.0030303170000000003,4.0e-8,0.020430745,25,0,1.497342331771914e-84,1.845274161158829,2.7928032556160383,1.727233711018889e-77,4.204646954565477e-17,1.571961183319351e-16,3.09175388561849,mpmath_1792,0.9933979842727821,21.925051856294843,5.000000000000003,256
randsvd_10_5.0,10,Float64,false,diagonalcheap,realschur,0.013272559,0.000806403,0.036799362,0.005475189,3.0e-8,0.057377236,65,0,1.001576287057796e-281,1.633793230572553,2.4752844760012653,1.331998346195134e-256,4.204646954565477e-17,1.571961183319351e-16,3.09175388561849,mpmath_1792,0.9933979842727821,21.925051856294843,5.000000000000003,851
randsvd_10_5.0,10,Float64,false,taylor,transfree,0.0,0.000147518,0.0005610059999999999,0.000863921,3.0e-8,0.001754463,16,0,8.326672684688674e-17,3.086826369904778,1,2.220446049250313e-16,6.138545645877955e-17,1.769417945496343e-16,3.09175388561849,mpmath_1792,0.9933979842727821,21.925051856294843,5.000000000000003,53
randsvd_10_5.0,10,Float64,false,taylor,transfree,0.0,0.00046650399999999996,0.001126592,0.004081382999999999,6.1e-8,0.005906171,56,0,5.147557589468029e-85,3.086826369904779,1,1.727233711018889e-77,4.204646954565477e-17,1.571961183319351e-16,3.09175388561849,mpmath_1792,0.9933979842727821,21.925051856294843,5.000000000000003,256
randsvd_10_5.0,10,Float64,false,taylor,transfree,0.0,0.0008727990000000001,0.005985425000000001,0.010962666999999999,0.002040021,0.020420424,90,4,1.205473835814434e-267,1.114086627089391,1,1.331998346195134e-256,4.204646954565477e-17,1.571961183319351e-16,3.09175388561849,mpmath_1792,0.9933979842727821,21.925051856294843,5.000000000000003,851
randsvd_10_5.0,10,Float64,false,taylor,complexschur,0.003459707,0.00027035799999999995,0.0010835720000000003,0.0030810399999999997,5.0e-8,0.009349574,16,0,4.163336342344337e-17,1.958162003943208,1,2.220446049250313e-16,1.074401798707778e-15,4.716333660420569e-15,3.09175388561849,mpmath_1792,0.9933979842727821,21.925051856294843,5.000000000000003,53
randsvd_10_5.0,10,Float64,false,taylor,complexschur,0.004470273,0.0013741140000000003,0.0023832350000000005,0.011750155,4.0e-8,0.02264056,56,0,5.147557589468029e-85,1.958162003943209,1,1.727233711018889e-77,4.204646954565477e-17,1.571961183319351e-16,3.09175388561849,mpmath_1792,0.9933979842727821,21.925051856294843,5.000000000000003,256
randsvd_10_5.0,10,Float64,false,taylor,complexschur,0.011409265,0.001989987,0.006879985000000002,0.017127222999999997,0.006177791,0.047307053,90,4,8.475718621604255e-269,1.06217669476021,1,1.331998346195134e-256,4.204646954565477e-17,1.571961183319351e-16,3.09175388561849,mpmath_1792,0.9933979842727821,21.925051856294843,5.000000000000003,851
randsvd_10_5.0,10,Float64,false,taylor,realschur,0.002345369,7.2296e-5,0.0006166909999999999,0.0007464220000000001,3.0e-8,0.004210537,16,0,5.551115123125783e-17,1.901473623459337,1,2.220446049250313e-16,1.100300399149955e-15,5.183814532142006e-15,3.09175388561849,mpmath_1792,0.9933979842727821,21.925051856294843,5.000000000000003,53
randsvd_10_5.0,10,Float64,false,taylor,realschur,0.00373787,0.000349155,0.0009731389999999996,0.0017209530000000003,3.0e-8,0.007216745,56,0,0,1.901473623459337,1,1.727233711018889e-77,4.204646954565477e-17,1.571961183319351e-16,3.09175388561849,mpmath_1792,0.9933979842727821,21.925051856294843,5.000000000000003,256
randsvd_10_5.0,10,Float64,false,taylor,realschur,0.01202405,0.000576208,0.003292195000000001,0.0036003809999999997,0.000957369,0.021289173,90,4,8.118146885781465e-269,1.057371591512645,1,1.331998346195134e-256,4.204646954565477e-17,1.571961183319351e-16,3.09175388561849,mpmath_1792,0.9933979842727821,21.925051856294843,5.000000000000003,851
smoke_10,10,ComplexF64,false,scaling_and_squaring,NaN,NaN,NaN,NaN,NaN,NaN,3.0091e-5,NaN,NaN,NaN,NaN,NaN,2.220446049250313e-16,2.366718514040959e-16,1.759414379982435e-15,6.488128793452632,mpmath_1792,3.393632683189225,10.000000000000002,6.313751514675041,53
smoke_10,10,ComplexF64,false,diagonalcheap,transfree,0.0,3.557e-6,0.00145151,0.004283026,8.0e-8,0.092636478,9,0,2.623909113582333e-16,6.488128793452633,6.963103376184819,2.220446049250313e-16,4.13600865525238e-16,3.665734184441639e-15,6.488128793452632,mpmath_1792,3.393632683189225,10.000000000000002,6.313751514675041,53
smoke_10,10,ComplexF64,false,diagonalcheap,transfree,0.0,0.000537095,0.003864410000000001,0.013418148,5.0e-8,0.018187089,31,0,0,6.488128793452634,6.964313248263441,1.727233711018889e-77,5.188088132003809e-17,3.917987559783398e-16,6.488128793452632,mpmath_1792,3.393632683189225,10.000000000000002,6.313751514675041,256
smoke_10,10,ComplexF64,false,diagonalcheap,transfree,0.0,0.0016434869999999997,0.04926511599999999,0.037434735,5.0e-8,0.088918804,73,0,2.733414072581608e-281,6.488128793452637,6.964397184319365,1.331998346195134e-256,5.188088132003809e-17,3.917987559783398e-16,6.488128793452632,mpmath_1792,3.393632683189225,10.000000000000002,6.313751514675041,851
smoke_10,10,ComplexF64,false,diagonalcheap,complexschur,0.011691903,0.000171678,0.00214972,0.005464741,5.0e-8,0.021347345,13,0,4.210698894536812e-17,7.160917893437391,8.483169938976154,2.220446049250313e-16,1.800525799817122e-15,1.981857854386642e-14,6.488128793452632,mpmath_1792,3.393632683189225,10.000000000000002,6.313751514675041,53
smoke_10,10,ComplexF64,false,diagonalcheap,complexschur,0.019573485,0.0007368520000000002,0.0043762889999999985,0.011159614000000002,4.1e-8,0.038234494,31,0,6.201367254493872e-84,4.566896698491576,8.496959070272394,1.727233711018889e-77,5.188088132003809e-17,3.917987559783398e-16,6.488128793452632,mpmath_1792,3.393632683189225,10.000000000000002,6.313751514675041,256
smoke_10,10,ComplexF64,false,diagonalcheap,complexschur,0.039921588,0.0016677460000000001,0.009821585000000002,0.028019811,5.1e-8,0.083576612,73,0,5.825146746653061e-281,6.583607608694627,7.7926898723467435,1.331998346195134e-256,5.188088132003809e-17,3.917987559783398e-16,6.488128793452632,mpmath_1792,3.393632683189225,10.000000000000002,6.313751514675041,851
smoke_10,10,ComplexF64,false,taylor,transfree,0.0,0.000300487,0.0007852009999999998,0.003269627,3.0e-8,0.004610962,25,0,0,6.047695524856813,1,2.220446049250313e-16,1.009635503626689e-16,5.955592245269341e-16,6.488128793452632,mpmath_1792,3.393632683189225,10.000000000000002,6.313751514675041,53
smoke_10,10,ComplexF64,false,taylor,transfree,0.0,0.0006303170000000001,0.0011359790000000003,0.011318036,4.0e-8,0.013323446,64,0,5.491414436444493e-81,6.047695524856814,1,1.727233711018889e-77,5.188088132003809e-17,3.917987559783398e-16,6.488128793452632,mpmath_1792,3.393632683189225,10.000000000000002,6.313751514675041,256
smoke_10,10,ComplexF64,false,taylor,transfree,0.0,0.0016196569999999998,0.008691307000000002,0.05521687900000001,0.005577519,0.071617107,90,5,7.607119971043024e-273,1.064393283201912,1,1.331998346195134e-256,5.188088132003809e-17,3.917987559783398e-16,6.488128793452632,mpmath_1792,3.393632683189225,10.000000000000002,6.313751514675041,851
smoke_10,10,ComplexF64,false,taylor,complexschur,0.006887189,0.000358818,0.0010143240000000003,0.0038417050000000004,3.0e-8,0.013368156,25,0,5.551115123125783e-17,6.850668107254965,1,2.220446049250313e-16,1.86296926076203e-15,1.988526023703685e-14,6.488128793452632,mpmath_1792,3.393632683189225,10.000000000000002,6.313751514675041,53
smoke_10,10,ComplexF64,false,taylor,complexschur,0.017420988,0.0008459429999999999,0.001735483,0.006838510999999999,4.0e-8,0.028403907,64,0,3.049042491854419e-79,6.850668107254963,1,1.727233711018889e-77,5.188088132003809e-17,3.917987559783398e-16,6.488128793452632,mpmath_1792,3.393632683189225,10.000000000000002,6.313751514675041,256
smoke_10,10,ComplexF64,false,taylor,complexschur,0.035174801,0.0014236810000000002,0.0057933210000000014,0.017077763,0.007667778,0.07192871,90,5,3.340103859792934e-272,1.076666914745846,1,1.331998346195134e-256,5.188088132003809e-17,3.917987559783398e-16,6.488128793452632,mpmath_1792,3.393632683189225,10.000000000000002,6.313751514675041,851
smoke_10_1,10,ComplexF64,false,scaling_and_squaring,NaN,NaN,NaN,NaN,NaN,NaN,2.8497e-5,NaN,NaN,NaN,NaN,NaN,2.220446049250313e-16,2.35378787153598e-16,9.930136612989092e-16,6.488128459651135,mpmath_1792,3.033032640705277,19.999999999999996,13.232029812481908,53
smoke_10_1,10,ComplexF64,false,diagonalcheap,transfree,0.0,2.512e-6,0.001465068,0.003789555,4.0e-8,0.005557095,9,0,2.623909111794074e-16,6.488128459651135,6.962753680119448,2.220446049250313e-16,1.532020364233847e-16,9.655999368715008e-16,6.488128459651135,mpmath_1792,3.033032640705277,19.999999999999996,13.232029812481908,53
smoke_10_1,10,ComplexF64,false,diagonalcheap,transfree,0.0,0.000504281,0.003931077000000001,0.010223568,4.0e-8,0.014986768,31,0,0,6.488128459651139,6.96368311616006,1.727233711018889e-77,4.674628711134207e-17,2.611063319593711e-16,6.488128459651135,mpmath_1792,3.033032640705277,19.999999999999996,13.232029812481908,256
smoke_10_1,10,ComplexF64,false,diagonalcheap,transfree,0.0,0.000966478,0.008002709000000002,0.05429512500000001,5.0e-8,0.063656338,65,0,2.155299198149072e-256,6.488128459651138,6.963699368006935,1.331998346195134e-256,4.674628711134207e-17,2.611063319593711e-16,6.488128459651135,mpmath_1792,3.033032640705277,19.999999999999996,13.232029812481908,851
smoke_10_1,10,ComplexF64,false,diagonalcheap,complexschur,0.0,3.0959999999999997e-6,0.0017361489999999998,0.004373755,5.0e-8,0.006463481,9,0,2.623909111794074e-16,6.488128459651135,6.962753680119448,2.220446049250313e-16,1.532020364233847e-16,9.655999368715008e-16,6.488128459651135,mpmath_1792,3.033032640705277,19.999999999999996,13.232029812481908,53
smoke_10_1,10,ComplexF64,false,diagonalcheap,complexschur,0.0,0.000555303,0.004341867000000001,0.010809781999999999,4.0e-8,0.01606149,31,0,0,6.488128459651139,6.96368311616006,1.727233711018889e-77,4.674628711134207e-17,2.611063319593711e-16,6.488128459651135,mpmath_1792,3.033032640705277,19.999999999999996,13.232029812481908,256
smoke_10_1,10,ComplexF64,false,diagonalcheap,complexschur,0.0,0.001039194,0.008814423000000002,0.023864963,5.1e-8,0.034160058,65,0,2.155299198149072e-256,6.488128459651138,6.963699368006935,1.331998346195134e-256,4.674628711134207e-17,2.611063319593711e-16,6.488128459651135,mpmath_1792,3.033032640705277,19.999999999999996,13.232029812481908,851
smoke_10_1,10,ComplexF64,false,taylor,transfree,0.0,0.00044713800000000003,0.0011777979999999999,0.0071284469999999996,4.0e-8,0.00911396,25,0,0,6.047695524856813,1,2.220446049250313e-16,1.37617741699929e-16,6.335982932120524e-16,6.488128459651135,mpmath_1792,3.033032640705277,19.999999999999996,13.232029812481908,53
smoke_10_1,10,ComplexF64,false,taylor,transfree,0.0,0.0009341120000000001,0.0017343080000000004,0.010324781,5.0e-8,0.013519598,64,0,5.491414436444493e-81,6.047695524856814,1,1.727233711018889e-77,4.674628711134207e-17,2.611063319593711e-16,6.488128459651135,mpmath_1792,3.033032640705277,19.999999999999996,13.232029812481908,256
smoke_10_1,10,ComplexF64,false,taylor,transfree,0.0,0.001378966,0.006914425,0.016314339999999997,0.006509075,0.031793692,90,5,2.459636903351759e-275,1.064393283201912,1,1.331998346195134e-256,4.674628711134207e-17,2.611063319593711e-16,6.488128459651135,mpmath_1792,3.033032640705277,19.999999999999996,13.232029812481908,851
smoke_10_1,10,ComplexF64,false,taylor,complexschur,0.0,0.000304506,0.0008030489999999999,0.003254143,3.0e-8,0.004624274,25,0,0,6.047695524856813,1,2.220446049250313e-16,1.37617741699929e-16,6.335982932120524e-16,6.488128459651135,mpmath_1792,3.033032640705277,19.999999999999996,13.232029812481908,53
smoke_10_1,10,ComplexF64,false,taylor,complexschur,0.0,0.000898493,0.0015660129999999998,0.010484222999999999,4.0e-8,0.013300972,64,0,5.491414436444493e-81,6.047695524856814,1,1.727233711018889e-77,4.674628711134207e-17,2.611063319593711e-16,6.488128459651135,mpmath_1792,3.033032640705277,19.999999999999996,13.232029812481908,256
smoke_10_1,10,ComplexF64,false,taylor,complexschur,0.0,0.0009521120000000001,0.004795888999999999,0.036045751,0.003808706,0.046114876,90,5,2.459636903351759e-275,1.064393283201912,1,1.331998346195134e-256,4.674628711134207e-17,2.611063319593711e-16,6.488128459651135,mpmath_1792,3.033032640705277,19.999999999999996,13.232029812481908,851
toeppen_10,10,Float64,false,scaling_and_squaring,NaN,NaN,NaN,NaN,NaN,NaN,2.6073e-5,NaN,NaN,NaN,NaN,NaN,2.220446049250313e-16,3.35998956452463e-16,3.108624468950438e-15,8.428750851945745,mpmath_1792,25.66520381734778,12.82210457497437,5.967732834378493,53
toeppen_10,10,Float64,false,diagonalcheap,transfree,0.0,0.000990194,0.009573541000000001,0.006320416999999999,0.000420896,0.01757179,91,3,9.308587110556063e-17,2.245645888784972,4.444729529450742,2.220446049250313e-16,7.760522807589144e-16,8.291978215169138e-15,8.428750851945745,mpmath_1792,25.66520381734778,12.82210457497437,5.967732834378493,53
toeppen_10,10,Float64,false,diagonalcheap,transfree,0.0,0.0005201270000000001,0.004949483000000001,0.0048434739999999995,0.000424061,0.011003158,43,2,1.2635813110542e-82,3.093686089765006,5.986119034600465,1.727233711018889e-77,3.055723186027425e-17,2.173952456288717e-16,8.428750851945745,mpmath_1792,25.66520381734778,12.82210457497437,5.967732834378493,256
toeppen_10,10,Float64,false,diagonalcheap,transfree,0.0,0.0010407460000000002,0.009461961000000003,0.012157195,0.000897553,0.023909076,91,2,2.752249691478387e-261,3.093686089765007,5.950780990502322,1.331998346195134e-256,3.055723186027425e-17,2.173952456288717e-16,8.428750851945745,mpmath_1792,25.66520381734778,12.82210457497437,5.967732834378493,851
toeppen_10,10,Float64,false,diagonalcheap,complexschur,0.003492471,0.0006499800000000001,0.0046029600000000006,0.011098279999999999,0.001358443,0.023254188,31,2,1.489793686892631e-16,1.655797254380843,1.7416882182521374,2.220446049250313e-16,6.829707322846588e-15,6.613459779813979e-14,8.428750851945745,mpmath_1792,25.66520381734778,12.82210457497437,5.967732834378493,53
toeppen_10,10,Float64,false,diagonalcheap,complexschur,0.005778716,0.001061728,0.006606132999999999,0.015407554,0.000811813,0.032329085,49,1,2.206106027715816e-80,2.375782510011181,2.846625741657958,1.727233711018889e-77,3.055723186027425e-17,2.173952456288717e-16,8.428750851945745,mpmath_1792,25.66520381734778,12.82210457497437,5.967732834378493,256
toeppen_10,10,Float64,false,diagonalcheap,complexschur,0.012024622,0.002042948,0.013688123000000003,0.034185591999999994,0.002581756,0.069002678,91,2,2.958121252614108e-264,1.655797254380842,1.6905172801043113,1.331998346195134e-256,3.055723186027425e-17,2.173952456288717e-16,8.428750851945745,mpmath_1792,25.66520381734778,12.82210457497437,5.967732834378493,851
toeppen_10,10,Float64,false,diagonalcheap,realschur,0.003033543,0.000104111,0.0018162569999999995,0.001648677,0.000370855,0.007510036,13,2,9.683900835427734e-17,2.31262773793116,3.42624873624751,2.220446049250313e-16,7.485364016367938e-15,7.061018436615996e-14,8.428750851945745,mpmath_1792,25.66520381734778,12.82210457497437,5.967732834378493,53
toeppen_10,10,Float64,false,diagonalcheap,realschur,0.005440625,0.00049156,0.003824392,0.0037029139999999994,0.000496729,0.014662921,37,2,1.499722124367603e-77,2.296688873681751,3.2570522056657083,1.727233711018889e-77,3.055723186027425e-17,2.173952456288717e-16,8.428750851945745,mpmath_1792,25.66520381734778,12.82210457497437,5.967732834378493,256
toeppen_10,10,Float64,false,diagonalcheap,realschur,0.011553274,0.000995142,0.009502327000000003,0.009936345999999999,0.000875927,0.034083063,91,2,9.036110135234209e-263,2.307302952836738,3.1718722858989685,1.331998346195134e-256,3.055723186027425e-17,2.173952456288717e-16,8.428750851945745,mpmath_1792,25.66520381734778,12.82210457497437,5.967732834378493,851
toeppen_10,10,Float64,false,taylor,transfree,0.0,0.00047957199999999994,0.0013849060000000004,0.002053044,0.000298777,0.004469102,36,2,1.77635683940025e-15,28.63216145833334,1,2.220446049250313e-16,1.37575511321795e-15,1.020017403874363e-14,8.428750851945745,mpmath_1792,25.66520381734778,12.82210457497437,5.967732834378493,53
toeppen_10,10,Float64,false,taylor,transfree,0.0,0.0010018339999999998,0.0022158489999999993,0.0050566199999999995,0.000434258,0.008973631,90,2,1.72707557804974e-76,28.63216145833333,1,1.727233711018889e-77,3.055723186027425e-17,2.173952456288717e-16,8.428750851945745,mpmath_1792,25.66520381734778,12.82210457497437,5.967732834378493,256
toeppen_10,10,Float64,false,taylor,transfree,0.0,0.0012464410000000003,0.010032343000000004,0.04837209599999999,0.002525875,0.062439945,90,9,2.861998201589648e-268,1.042971538480359,1,1.331998346195134e-256,3.055723186027425e-17,2.173952456288717e-16,8.428750851945745,mpmath_1792,25.66520381734778,12.82210457497437,5.967732834378493,851
toeppen_10,10,Float64,false,taylor,complexschur,0.002358213,0.00048133299999999997,0.0016155429999999997,0.004870605,0.00077295,0.011533502,36,2,4.440892098500626e-16,16.79885848416725,1,2.220446049250313e-16,6.837527545832447e-15,6.636358129696873e-14,8.428750851945745,mpmath_1792,25.66520381734778,12.82210457497437,5.967732834378493,53
toeppen_10,10,Float64,false,taylor,complexschur,0.005355176,0.001124942,0.002641747,0.011722499,0.001708503,0.02487995,90,2,1.040152548942554e-78,16.79885848416729,1,1.727233711018889e-77,3.055723186027425e-17,2.173952456288717e-16,8.428750851945745,mpmath_1792,25.66520381734778,12.82210457497437,5.967732834378493,256
toeppen_10,10,Float64,false,taylor,complexschur,0.00813072,0.0016961499999999998,0.010812432000000002,0.013404681999999996,0.007118255,0.044099172,90,9,1.729041074968149e-270,1.005266972166525,1,1.331998346195134e-256,3.055723186027425e-17,2.173952456288717e-16,8.428750851945745,mpmath_1792,25.66520381734778,12.82210457497437,5.967732834378493,851
toeppen_10,10,Float64,false,taylor,realschur,0.001920119,0.000321918,0.0012035460000000004,0.001244706,0.000221232,0.005278949,36,2,8.881784197001252e-16,22.48308646689395,1,2.220446049250313e-16,7.504826389759251e-15,7.048528427588963e-14,8.428750851945745,mpmath_1792,25.66520381734778,12.82210457497437,5.967732834378493,53
toeppen_10,10,Float64,false,taylor,realschur,0.003443709,0.0006391260000000001,0.0017446010000000001,0.002624772,0.000321356,0.009229797,90,2,2.322999672285704e-77,22.48308646689399,1,1.727233711018889e-77,3.055723186027425e-17,2.173952456288717e-16,8.428750851945745,mpmath_1792,25.66520381734778,12.82210457497437,5.967732834378493,256
toeppen_10,10,Float64,false,taylor,realschur,0.007851754,0.0010118869999999997,0.007595220000000001,0.004676568999999999,0.003264757,0.025585781,90,9,3.854365139702162e-269,1.033305168043406,1,1.331998346195134e-256,3.055723186027425e-17,2.173952456288717e-16,8.428750851945745,mpmath_1792,25.66520381734778,12.82210457497437,5.967732834378493,851
uniformdata_10_1000,10,Float64,false,scaling_and_squaring,NaN,NaN,NaN,NaN,NaN,NaN,3.7792e-5,NaN,NaN,NaN,NaN,NaN,2.220446049250313e-16,3.221195780053405e-16,6.750155989720952e-14,164.8956767731772,mpmath_1792,5.919219508342974,139.88581680161747,66.55942062314672,53
uniformdata_10_1000,10,Float64,false,diagonalcheap,transfree,0.0,0.000123213,0.001638406,0.0017295890000000001,0.000136613,0.003877278,13,1,0,13.94586050769488,6.7643065556036195,2.220446049250313e-16,2.607527420333767e-16,5.595524044110789e-14,164.8956767731772,mpmath_1792,5.919219508342974,139.88581680161747,66.55942062314672,53
uniformdata_10_1000,10,Float64,false,diagonalcheap,transfree,0.0,0.0006580150000000001,0.002693726999999999,0.00305879,4.0e-8,0.006534661,37,0,1.59536661080247e-76,164.8956767731773,39.80580233157981,1.727233711018889e-77,4.449285677570445e-17,8.01737803478518e-15,164.8956767731772,mpmath_1792,5.919219508342974,139.88581680161747,66.55942062314672,256
uniformdata_10_1000,10,Float64,false,diagonalcheap,transfree,0.0,0.0021187510000000003,0.006012579,0.012230666,4.0e-8,0.020574981,91,0,1.903219311712755e-260,164.8956767731775,38.87933369109906,1.331998346195134e-256,4.449285677570445e-17,8.01737803478518e-15,164.8956767731772,mpmath_1792,5.919219508342974,139.88581680161747,66.55942062314672,851
uniformdata_10_1000,10,Float64,false,diagonalcheap,complexschur,0.003515577,0.000163857,0.0028111560000000004,0.033849177,4.0e-8,0.042269562,13,0,1.172326444682138e-14,136.9410164170058,20.880621927119506,2.220446049250313e-16,6.021384964173455e-15,1.252331571777177e-12,164.8956767731772,mpmath_1792,5.919219508342974,139.88581680161747,66.55942062314672,53
uniformdata_10_1000,10,Float64,false,diagonalcheap,complexschur,0.006485381,0.0010248070000000002,0.006691827,0.01384413,9.0e-8,0.030439064,37,0,2.687024248003233e-77,136.9410164170059,23.241904082244698,1.727233711018889e-77,4.449285677570445e-17,8.01737803478518e-15,164.8956767731772,mpmath_1792,5.919219508342974,139.88581680161747,66.55942062314672,256
uniformdata_10_1000,10,Float64,false,diagonalcheap,complexschur,0.009485695,0.0022284229999999998,0.012746564000000002,0.024306393,4.0e-8,0.051177944,91,0,1.353014896535389e-261,136.941016417004,24.50922082707585,1.331998346195134e-256,4.449285677570445e-17,8.01737803478518e-15,164.8956767731772,mpmath_1792,5.919219508342974,139.88581680161747,66.55942062314672,851
uniformdata_10_1000,10,Float64,false,diagonalcheap,realschur,0.001991155,7.5063e-5,0.001224984,0.0010414220000000002,3.0e-8,0.004660208,13,0,1.172326444682138e-14,136.9410164170057,21.554769630076787,2.220446049250313e-16,6.01324671375345e-15,1.196376331336069e-12,164.8956767731772,mpmath_1792,5.919219508342974,139.88581680161747,66.55942062314672,53
uniformdata_10_1000,10,Float64,false,diagonalcheap,realschur,0.004028976,0.000341056,0.0024964189999999993,0.002572867,5.0e-8,0.010003862,37,0,2.687024248003233e-77,136.9410164170059,26.02820258482287,1.727233711018889e-77,4.449285677570445e-17,8.01737803478518e-15,164.8956767731772,mpmath_1792,5.919219508342974,139.88581680161747,66.55942062314672,256
uniformdata_10_1000,10,Float64,false,diagonalcheap,realschur,0.01455436,0.000885489,0.008427214,0.007309427,3.0e-8,0.031928799,91,0,1.353014896535389e-261,136.941016417004,19.474508018251374,1.331998346195134e-256,4.449285677570445e-17,8.01737803478518e-15,164.8956767731772,mpmath_1792,5.919219508342974,139.88581680161747,66.55942062314672,851
uniformdata_10_1000,10,Float64,false,taylor,transfree,0.0,0.000387824,0.0009633620000000002,0.002034127,0.000179934,0.003865559,25,1,1.110223024625157e-16,10.64866513523483,1,2.220446049250313e-16,1.166452199546536e-16,1.953992523340276e-14,164.8956767731772,mpmath_1792,5.919219508342974,139.88581680161747,66.55942062314672,53
uniformdata_10_1000,10,Float64,false,taylor,transfree,0.0,0.000973783,0.0012312230000000007,0.004102045999999999,0.000234493,0.006744895,72,1,3.599069727208864e-77,10.64866513523483,1,1.727233711018889e-77,4.449285677570445e-17,8.01737803478518e-15,164.8956767731772,mpmath_1792,5.919219508342974,139.88581680161747,66.55942062314672,256
uniformdata_10_1000,10,Float64,false,taylor,transfree,0.0,0.0023866829999999997,0.006964073000000001,0.010740145,0.003193559,0.023761199,90,7,6.523296471624765e-269,1.04834153323882,1,1.331998346195134e-256,4.449285677570445e-17,8.01737803478518e-15,164.8956767731772,mpmath_1792,5.919219508342974,139.88581680161747,66.55942062314672,851
uniformdata_10_1000,10,Float64,false,taylor,complexschur,0.004499685,0.0006439430000000001,0.001815358,0.006536976,0.000396589,0.015367128,25,1,5.551115123125783e-17,8.965497742421809,1,2.220446049250313e-16,5.980737644929848e-15,9.698908343125368e-13,164.8956767731772,mpmath_1792,5.919219508342974,139.88581680161747,66.55942062314672,53
uniformdata_10_1000,10,Float64,false,taylor,complexschur,0.007838693,0.0017869009999999996,0.0029575540000000003,0.013696706,0.000877754,0.029937895,72,1,7.938176218146866e-78,8.965497742421787,1,1.727233711018889e-77,4.449285677570445e-17,8.01737803478518e-15,164.8956767731772,mpmath_1792,5.919219508342974,139.88581680161747,66.55942062314672,256
uniformdata_10_1000,10,Float64,false,taylor,complexschur,0.013597235,0.0019080189999999995,0.043606999999999986,0.016299142,0.00590352,0.084362065,90,7,1.197592052905106e-269,1.039182126239387,1,1.331998346195134e-256,4.449285677570445e-17,8.01737803478518e-15,164.8956767731772,mpmath_1792,5.919219508342974,139.88581680161747,66.55942062314672,851
uniformdata_10_1000,10,Float64,false,taylor,realschur,0.002149614,0.000223524,0.0007660200000000002,0.001043506,0.000117021,0.004681142,25,1,5.551115123125783e-17,8.965497742421809,1,2.220446049250313e-16,5.963463389929417e-15,9.681144774731365e-13,164.8956767731772,mpmath_1792,5.919219508342974,139.88581680161747,66.55942062314672,53
uniformdata_10_1000,10,Float64,false,taylor,realschur,0.004052785,0.000520601,0.001295511,0.002228438,0.000145178,0.008675681,72,1,7.938176218146866e-78,8.965497742421787,1,1.727233711018889e-77,4.449285677570445e-17,8.01737803478518e-15,164.8956767731772,mpmath_1792,5.919219508342974,139.88581680161747,66.55942062314672,256
uniformdata_10_1000,10,Float64,false,taylor,realschur,0.013311959,0.000754511,0.006357232,0.005501563,0.003231282,0.030442901,90,7,1.197592052905106e-269,1.039182126239387,1,1.331998346195134e-256,4.449285677570445e-17,8.01737803478518e-15,164.8956767731772,mpmath_1792,5.919219508342974,139.88581680161747,66.55942062314672,851
gearmat_10,10,Int64,false,scaling_and_squaring,NaN,NaN,NaN,NaN,NaN,NaN,2.4951e-5,NaN,NaN,NaN,NaN,NaN,2.220446049250313e-16,2.65825118263874e-16,2.668004706052329e-15,7.380746061228714,mpmath_1792,3.108157548058436,Inf,3.844062731816695e16,53
gearmat_10,10,Int64,false,diagonalcheap,transfree,0.0,3.0360000000000002e-6,0.0009548410000000001,0.000843378,4.0e-8,0.093819258,9,0,6.215111303118566e-16,7.380746061228715,7.387704851595193,2.220446049250313e-16,3.325661321195361e-16,3.250871793980536e-15,7.380746061228714,mpmath_1792,3.108157548058436,Inf,3.844062731816695e16,53
gearmat_10,10,Int64,false,diagonalcheap,transfree,0.0,0.00031356799999999996,0.002644463,0.0027351280000000003,4.0e-8,0.005932918,31,0,1.128558358122067e-83,7.380746061228713,7.387258909320135,1.727233711018889e-77,4.861607813965264e-17,3.825561584110567e-16,7.380746061228714,mpmath_1792,3.108157548058436,Inf,3.844062731816695e16,256
gearmat_10,10,Int64,false,diagonalcheap,transfree,0.0,0.0006304850000000001,0.0064409240000000015,0.005980013,5.0e-8,0.013330225,73,0,1.848192599855943e-256,7.380746061228706,7.387133485362342,1.331998346195134e-256,4.861607813965264e-17,3.825561584110567e-16,7.380746061228714,mpmath_1792,3.108157548058436,Inf,3.844062731816695e16,851
gearmat_10,10,Int64,false,diagonalcheap,complexschur,0.002638519,2.995e-6,0.0016304940000000001,0.0040515840000000004,5.0e-8,0.009888865,9,0,1.570165760847956e-15,8.568809106536275,9.204726617916704,2.220446049250313e-16,1.067830529552712e-15,1.011945518700208e-14,7.380746061228714,mpmath_1792,3.108157548058436,Inf,3.844062731816695e16,53
gearmat_10,10,Int64,false,diagonalcheap,complexschur,0.004136564,0.000539498,0.004739564,0.010304628000000001,5.0e-8,0.021413179,31,0,3.192001928581069e-84,8.808757617535615,9.017869630138351,1.727233711018889e-77,4.861607813965264e-17,3.825561584110567e-16,7.380746061228714,mpmath_1792,3.108157548058436,Inf,3.844062731816695e16,256
gearmat_10,10,Int64,false,diagonalcheap,complexschur,0.007949696,0.001226509,0.010185457000000002,0.064784196,5.0e-8,0.086938042,81,0,2.123148758331922e-281,8.808757617535605,9.013302398490772,1.331998346195134e-256,4.861607813965264e-17,3.825561584110567e-16,7.380746061228714,mpmath_1792,3.108157548058436,Inf,3.844062731816695e16,851
gearmat_10,10,Int64,false,diagonalcheap,realschur,0.002588217,3.186e-6,0.001377574,0.001345584,5.0e-8,0.00586138,9,0,1.570165760847956e-15,8.568809106536275,9.204726617916704,2.220446049250313e-16,1.065894983962008e-15,1.007928549651149e-14,7.380746061228714,mpmath_1792,3.108157548058436,Inf,3.844062731816695e16,53
gearmat_10,10,Int64,false,diagonalcheap,realschur,0.004151999,0.000389819,0.0034118639999999997,0.003001817,5.0e-8,0.011626182,31,0,3.192001928581069e-84,8.808757617535615,9.017869630138353,1.727233711018889e-77,4.861607813965264e-17,3.825561584110567e-16,7.380746061228714,mpmath_1792,3.108157548058436,Inf,3.844062731816695e16,256
gearmat_10,10,Int64,false,diagonalcheap,realschur,0.008133748,0.0009149140000000001,0.008496589,0.008707259,5.0e-8,0.027390812,81,0,2.123148758331922e-281,8.808757617535605,9.01330239849077,1.331998346195134e-256,4.861607813965264e-17,3.825561584110567e-16,7.380746061228714,mpmath_1792,3.108157548058436,Inf,3.844062731816695e16,851
gearmat_10,10,Int64,false,taylor,transfree,0.0,0.00027932000000000006,0.0008079670000000001,0.0014261150000000002,5.0e-8,0.002771037,25,0,8.326672684688674e-17,6.333333333333334,1,2.220446049250313e-16,5.418352353344255e-17,3.712308238590367e-16,7.380746061228714,mpmath_1792,3.108157548058436,Inf,3.844062731816695e16,53
gearmat_10,10,Int64,false,taylor,transfree,0.0,0.000659153,0.0014725320000000004,0.003581829,5.0e-8,0.005955456,72,0,8.236092143148846e-84,6.333333333333333,1,1.727233711018889e-77,4.861607813965264e-17,3.825561584110567e-16,7.380746061228714,mpmath_1792,3.108157548058436,Inf,3.844062731816695e16,256
gearmat_10,10,Int64,false,taylor,transfree,0.0,0.000890674,0.005484995999999999,0.005503578999999999,0.002640033,0.014947355,90,6,1.032251880425026e-278,1.031743407499021,1,1.331998346195134e-256,4.861607813965264e-17,3.825561584110567e-16,7.380746061228714,mpmath_1792,3.108157548058436,Inf,3.844062731816695e16,851
gearmat_10,10,Int64,false,taylor,complexschur,0.002678586,0.0005811869999999999,0.0021115049999999996,0.005985114,5.0e-8,0.013173577,25,0,0,7.398149896973374,1,2.220446049250313e-16,1.084506647803379e-15,1.164053662489062e-14,7.380746061228714,mpmath_1792,3.108157548058436,Inf,3.844062731816695e16,53
gearmat_10,10,Int64,false,taylor,complexschur,0.004207531,0.0011115080000000002,0.001918407,0.010867865,5.0e-8,0.01983242,72,0,2.059023035787212e-84,7.54128886030615,1,1.727233711018889e-77,4.861607813965264e-17,3.825561584110567e-16,7.380746061228714,mpmath_1792,3.108157548058436,Inf,3.844062731816695e16,256
gearmat_10,10,Int64,false,taylor,complexschur,0.00758149,0.0011690209999999997,0.005198367000000001,0.011165387,0.005820774,0.03343363,90,6,5.844721704541298e-278,1.052049344441634,1,1.331998346195134e-256,4.861607813965264e-17,3.825561584110567e-16,7.380746061228714,mpmath_1792,3.108157548058436,Inf,3.844062731816695e16,851
gearmat_10,10,Int64,false,taylor,realschur,0.002965778,0.00027984900000000004,0.000927091,0.001153885,4.0e-8,0.005771924,25,0,0,7.398149896973374,1,2.220446049250313e-16,1.082386413121743e-15,1.156019724390944e-14,7.380746061228714,mpmath_1792,3.108157548058436,Inf,3.844062731816695e16,53
gearmat_10,10,Int64,false,taylor,realschur,0.002775295,0.0005396689999999999,0.0012747699999999995,0.003005401,5.0e-8,0.008129912,72,0,2.059023035787212e-84,7.54128886030615,1,1.727233711018889e-77,4.861607813965264e-17,3.825561584110567e-16,7.380746061228714,mpmath_1792,3.108157548058436,Inf,3.844062731816695e16,256
gearmat_10,10,Int64,false,taylor,realschur,0.004902984,0.000789489,0.00428303,0.0037231469999999996,0.002185845,0.017057115,90,6,5.844721704541298e-278,1.052049344441634,1,1.331998346195134e-256,4.861607813965264e-17,3.825561584110567e-16,7.380746061228714,mpmath_1792,3.108157548058436,Inf,3.844062731816695e16,851
neumann_16,16,Int64,false,scaling_and_squaring,NaN,NaN,NaN,NaN,NaN,NaN,3.4316e-5,NaN,NaN,NaN,NaN,NaN,2.220446049250313e-16,4.378109799848024e-15,2.191313797084149e-11,5168.379063993997,mpmath_1792,16.74842806347653,1.4411518807585584e17,2.3692064377641136e17,53
neumann_16,16,Int64,false,diagonalcheap,transfree,0.0,0.000185065,0.002628278,0.004851781,0.000555679,0.089396652,13,1,0,86.53652563034906,15.539643089893344,2.220446049250313e-16,7.738011900224327e-16,4.476419235288631e-12,5168.379063993997,mpmath_1792,16.74842806347653,1.4411518807585584e17,2.3692064377641136e17,53
neumann_16,16,Int64,false,diagonalcheap,transfree,0.0,0.000795046,0.0054271100000000015,0.009035611999999998,0.000464889,0.016253584,37,1,2.606334533918053e-82,86.53652563034878,14.598222203522282,1.727233711018889e-77,5.264890317519525e-17,2.328844585342069e-13,5168.379063993997,mpmath_1792,16.74842806347653,1.4411518807585584e17,2.3692064377641136e17,256
neumann_16,16,Int64,false,diagonalcheap,transfree,0.0,0.0019040019999999997,0.014421903000000002,0.035799595,0.001062397,0.053880163,91,1,5.276020715791283e-275,86.53652563034882,14.315177914288153,1.331998346195134e-256,5.264890317519525e-17,2.328844585342069e-13,5168.379063993997,mpmath_1792,16.74842806347653,1.4411518807585584e17,2.3692064377641136e17,851
neumann_16,16,Int64,false,diagonalcheap,complexschur,0.004932541,0.000211511,0.003277473,0.018182067000000003,0.003442867,0.033882674,13,1,0,54.59815003314414,8.002264170200581,2.220446049250313e-16,3.898445630921888e-15,2.140154720109422e-11,5168.379063993997,mpmath_1792,16.74842806347653,1.4411518807585584e17,2.3692064377641136e17,53
neumann_16,16,Int64,false,diagonalcheap,complexschur,0.007032437,0.001337422,0.010091927,0.054194064,0.001223975,0.077515071,37,1,1.56366624704684e-83,54.59815003314432,7.594214439903119,1.727233711018889e-77,5.264890317519525e-17,2.328844585342069e-13,5168.379063993997,mpmath_1792,16.74842806347653,1.4411518807585584e17,2.3692064377641136e17,256
neumann_16,16,Int64,false,diagonalcheap,complexschur,0.011680607,0.002077165,0.017473435,0.07395801499999999,0.001814873,0.11196908,91,1,1.677216597947988e-278,54.59815003314434,7.471150787026225,1.331998346195134e-256,5.264890317519525e-17,2.328844585342069e-13,5168.379063993997,mpmath_1792,16.74842806347653,1.4411518807585584e17,2.3692064377641136e17,851
neumann_16,16,Int64,false,diagonalcheap,realschur,0.004539512,0.000130827,0.002305084,0.0032481529999999997,0.000327512,0.011697094,13,1,0,54.59815003314414,8.002264170200581,2.220446049250313e-16,3.898445630921888e-15,2.140154720109422e-11,5168.379063993997,mpmath_1792,16.74842806347653,1.4411518807585584e17,2.3692064377641136e17,53
neumann_16,16,Int64,false,diagonalcheap,realschur,0.008511283,0.000915906,0.008961059000000002,0.0099419,0.000655164,0.031150994,37,1,1.56366624704684e-83,54.59815003314432,7.594214439903119,1.727233711018889e-77,5.264890317519525e-17,2.328844585342069e-13,5168.379063993997,mpmath_1792,16.74842806347653,1.4411518807585584e17,2.3692064377641136e17,256
neumann_16,16,Int64,false,diagonalcheap,realschur,0.017868226,0.0015366409999999998,0.013279963,0.021588771999999996,0.001158577,0.058626627,91,1,1.677216597947988e-278,54.59815003314434,7.471150787026225,1.331998346195134e-256,5.264890317519525e-17,2.328844585342069e-13,5168.379063993997,mpmath_1792,16.74842806347653,1.4411518807585584e17,2.3692064377641136e17,851
neumann_16,16,Int64,false,taylor,transfree,0.0,0.000550922,0.0011770379999999998,0.0042401470000000005,0.00036865,0.006799692,36,1,1.332267629550188e-15,34.16666666666667,1,2.220446049250313e-16,1.371370193771763e-16,6.536993168992922e-13,5168.379063993997,mpmath_1792,16.74842806347653,1.4411518807585584e17,2.3692064377641136e17,53
neumann_16,16,Int64,false,taylor,transfree,0.0,0.001204618,0.0021327499999999992,0.012737527000000002,0.000889772,0.017422908,90,1,6.588873714519077e-83,34.16666666666667,1,1.727233711018889e-77,5.264890317519525e-17,2.328844585342069e-13,5168.379063993997,mpmath_1792,16.74842806347653,1.4411518807585584e17,2.3692064377641136e17,256
neumann_16,16,Int64,false,taylor,transfree,0.0,0.001811078,0.03240006,0.021460592,0.007814631,0.064240857,90,8,1.43351827934635e-275,1.039772417275766,1,1.331998346195134e-256,5.264890317519525e-17,2.328844585342069e-13,5168.379063993997,mpmath_1792,16.74842806347653,1.4411518807585584e17,2.3692064377641136e17,851
neumann_16,16,Int64,false,taylor,complexschur,0.004074081,0.001101983,0.001854528000000001,0.017434097000000003,0.001192022,0.029404784,30,1,6.661338147750939e-16,23.66666666666665,1,2.220446049250313e-16,3.887176534735822e-15,2.148681232938543e-11,5168.379063993997,mpmath_1792,16.74842806347653,1.4411518807585584e17,2.3692064377641136e17,53
neumann_16,16,Int64,false,taylor,complexschur,0.007148769,0.0020943150000000002,0.002744699,0.030195774,0.001452393,0.047626456,90,1,8.236092143148846e-83,23.66666666666667,1,1.727233711018889e-77,5.264890317519525e-17,2.328844585342069e-13,5168.379063993997,mpmath_1792,16.74842806347653,1.4411518807585584e17,2.3692064377641136e17,256
neumann_16,16,Int64,false,taylor,complexschur,0.011777087,0.02119376800000001,0.010253053,0.029445394,0.020944456,0.098777053,90,8,7.953641907210839e-278,1.031743407499103,1,1.331998346195134e-256,5.264890317519525e-17,2.328844585342069e-13,5168.379063993997,mpmath_1792,16.74842806347653,1.4411518807585584e17,2.3692064377641136e17,851
neumann_16,16,Int64,false,taylor,realschur,0.003975869,0.000450444,0.0012625800000000003,0.003090704,0.000333962,0.010227734,30,1,6.661338147750939e-16,23.66666666666665,1,2.220446049250313e-16,3.887176534735822e-15,2.148681232938543e-11,5168.379063993997,mpmath_1792,16.74842806347653,1.4411518807585584e17,2.3692064377641136e17,53
neumann_16,16,Int64,false,taylor,realschur,0.008413061,0.0012797040000000002,0.0028902870000000005,0.010025828999999998,0.000648863,0.025255559,90,1,8.236092143148846e-83,23.66666666666667,1,1.727233711018889e-77,5.264890317519525e-17,2.328844585342069e-13,5168.379063993997,mpmath_1792,16.74842806347653,1.4411518807585584e17,2.3692064377641136e17,256
neumann_16,16,Int64,false,taylor,realschur,0.014899484,0.0011274120000000002,0.010199560000000002,0.013360806000000001,0.010013038,0.053520949,90,8,7.953641907210839e-278,1.031743407499103,1,1.331998346195134e-256,5.264890317519525e-17,2.328844585342069e-13,5168.379063993997,mpmath_1792,16.74842806347653,1.4411518807585584e17,2.3692064377641136e17,851
