kind,n,eltype,ishermitian,approximant,algorithm,schur_time,alpha_time,eval_bound_time,eval_pade_time,squaring_time,total_time,m,s,delta,psi,cond_q,epsilon,rel_err_F,abs_err_1,nrm1_Ytrue,Ytrue_method,cond_expA_F,condA_1,condA_2,precision
rand,8,Float64,false,scaling_and_squaring,NaN,NaN,NaN,NaN,NaN,NaN,0.000104318,NaN,NaN,NaN,NaN,NaN,2.220446049250313e-16,2.373560424184439e-16,1.802861592277032e-14,80.90624298686493,mpmath_1792,4.871499258013311,416.7109417249069,183.63383834533894,53
rand,8,Float64,false,diagonalcheap,transfree,0.0,0.000107955,2.7705589459999995,0.859236224,3.0e-8,3.693740821,13,0,1.805282122112958e-15,80.90624298686501,23.98024933935801,2.220446049250313e-16,8.831571024614812e-16,7.031690783208075e-14,80.90624298686493,mpmath_1792,4.871499258013311,416.7109417249069,183.63383834533894,53
rand,8,Float64,false,diagonalcheap,transfree,0.0,0.000488735,0.022918781,0.001683123,3.0e-8,0.025250534,37,0,5.056417041325344e-82,80.90624298686507,22.67058921555276,1.727233711018889e-77,2.966314396442808e-77,2.17128735881013e-75,80.90624298686493,mpmath_1792,4.871499258013311,416.7109417249069,183.63383834533894,256
rand,8,Float64,false,diagonalcheap,transfree,0.0,0.001383776,0.018613331,0.004800898,3.0e-8,0.02502188,91,0,5.499167977406326e-274,80.90624298686504,22.275739086609104,1.331998346195134e-256,3.663965290337888e-256,2.73813523479176e-254,80.90624298686493,mpmath_1792,4.871499258013311,416.7109417249069,183.63383834533894,851
rand,8,Float64,false,diagonalcheap,complexschur,0.006260998,0.000244143,3.1832343859999996,0.867516612,1.1e-7,4.169245763,13,0,3.846374668163403e-15,63.20786453836474,13.82126747402247,2.220446049250313e-16,1.374307956310014e-15,1.278113663697772e-13,80.90624298686493,mpmath_1792,4.871499258013311,416.7109417249069,183.63383834533894,53
rand,8,Float64,false,diagonalcheap,complexschur,0.001990697,0.000617323,0.003549532,0.0064400690000000005,4.1e-8,0.013623406,37,0,1.011528871011734e-82,63.20786453836477,13.080648700375168,1.727233711018889e-77,2.232704588086453e-76,1.96922028607046e-74,80.90624298686493,mpmath_1792,4.871499258013311,416.7109417249069,183.63383834533894,256
rand,8,Float64,false,diagonalcheap,complexschur,0.006090124,0.001030632,0.007731817,0.04065113499999999,3.0e-8,0.056646789,91,0,1.59723016995718e-275,63.20786453836471,12.857519874402211,1.331998346195134e-256,1.297137458325727e-255,1.069963859292434e-253,80.90624298686493,mpmath_1792,4.871499258013311,416.7109417249069,183.63383834533894,851
rand,8,Float64,false,diagonalcheap,realschur,0.000982584,0.000114388,0.2508338679999999,0.141292946,1.1e-7,0.450349355,13,0,3.846374668163403e-15,63.20786453836475,15.00391846774727,2.220446049250313e-16,1.317726390495234e-15,1.207059390121762e-13,80.90624298686493,mpmath_1792,4.871499258013311,416.7109417249069,183.63383834533894,53
rand,8,Float64,false,diagonalcheap,realschur,0.001945561,0.00025819899999999997,0.0019263290000000003,0.001256561,3.0e-8,0.005612669,37,0,1.011528871011734e-82,63.20786453836477,14.783175418651918,1.727233711018889e-77,2.266812900087605e-76,2.166124929126614e-74,80.90624298686493,mpmath_1792,4.871499258013311,416.7109417249069,183.63383834533894,256
rand,8,Float64,false,diagonalcheap,realschur,0.003684641,0.000523472,0.004705741000000001,0.0034291949999999995,4.0e-8,0.012710294,91,0,1.59723016995718e-275,63.20786453836471,13.97051146249258,1.331998346195134e-256,1.314225301000518e-255,1.080619846061995e-253,80.90624298686493,mpmath_1792,4.871499258013311,416.7109417249069,183.63383834533894,851
rand,8,Float64,false,taylor,transfree,0.0,0.000207763,0.8724455239999999,0.11131221199999998,4.5015e-5,1.050651333,25,1,1.110223024625157e-16,8.330209253480698,1,2.220446049250313e-16,1.033348765608021e-16,8.201014160970463e-15,80.90624298686493,mpmath_1792,4.871499258013311,416.7109417249069,183.63383834533894,53
rand,8,Float64,false,taylor,transfree,0.0,0.00062695,0.0021793270000000056,0.03421651400000001,5.813e-5,0.037272844,72,1,2.388466721513165e-82,8.330209253480697,1,1.727233711018889e-77,7.46721044392202e-78,4.912428537471166e-76,80.90624298686493,mpmath_1792,4.871499258013311,416.7109417249069,183.63383834533894,256
rand,8,Float64,false,taylor,transfree,0.0,0.0010586889999999998,0.003192446,0.0034459469999999996,0.000870502,0.008793282,90,7,2.054299341577151e-275,1.042442192119185,1,1.331998346195134e-256,4.991509898951804e-255,5.692382795800982e-253,80.90624298686493,mpmath_1792,4.871499258013311,416.7109417249069,183.63383834533894,851
rand,8,Float64,false,taylor,complexschur,0.001176462,0.00045404099999999997,0.260898204,0.009084586,0.000262599,0.272633468,25,1,2.775557561562891e-17,6.707511088247431,1,2.220446049250313e-16,1.338415737399276e-15,1.313640800485777e-13,80.90624298686493,mpmath_1792,4.871499258013311,416.7109417249069,183.63383834533894,53
rand,8,Float64,false,taylor,complexschur,0.002042415,0.008213694,0.001135291,0.003980185,0.000285973,0.016415584,72,1,3.706241464416981e-83,6.707511088247435,1,1.727233711018889e-77,2.296573832283451e-76,1.749903166446123e-74,80.90624298686493,mpmath_1792,4.871499258013311,416.7109417249069,183.63383834533894,256
rand,8,Float64,false,taylor,complexschur,0.00572971,0.009861807,0.023161975,0.009203679999999999,0.003428575,0.052835089,90,7,2.096142728592632e-276,1.032924370985322,1,1.331998346195134e-256,1.304225366891866e-255,1.100410904359884e-253,80.90624298686493,mpmath_1792,4.871499258013311,416.7109417249069,183.63383834533894,851
rand,8,Float64,false,taylor,realschur,0.00099652,0.000197814,0.08683698900000002,0.0005058080000000001,5.6297e-5,0.0888101,25,1,2.775557561562891e-17,6.707511088247431,1,2.220446049250313e-16,1.332474393910742e-15,1.349167937273782e-13,80.90624298686493,mpmath_1792,4.871499258013311,416.7109417249069,183.63383834533894,53
rand,8,Float64,false,taylor,realschur,0.001883924,0.00040603000000000004,0.0008557220000000002,0.001315226,8.949e-5,0.004809254,72,1,3.706241464416981e-83,6.707511088247435,1,1.727233711018889e-77,2.291226003642917e-76,1.75335763386816e-74,80.90624298686493,mpmath_1792,4.871499258013311,416.7109417249069,183.63383834533894,256
rand,8,Float64,false,taylor,realschur,0.00379487,0.000477684,0.002952192,0.001913258,0.001099836,0.010653742,90,7,2.096142728592632e-276,1.032924370985322,1,1.331998346195134e-256,1.287466993526897e-255,1.030388584118012e-253,80.90624298686493,mpmath_1792,4.871499258013311,416.7109417249069,183.63383834533894,851
rand,24,Float64,false,scaling_and_squaring,NaN,NaN,NaN,NaN,NaN,NaN,5.3432e-5,NaN,NaN,NaN,NaN,NaN,2.220446049250313e-16,2.302624900993289e-16,3.615127382151693e-11,178874.0415082249,mpmath_1792,14.00211008024811,286.70282481079437,121.87504254467964,53
rand,24,Float64,false,diagonalcheap,transfree,0.0,0.000339004,0.003880470999999999,0.012716083999999999,0.003596955,0.021447581,13,2,3.078825435295897e-16,24.24911240288415,9.277749998268416,2.220446049250313e-16,7.630971102122591e-16,1.379077608772771e-10,178874.0415082249,mpmath_1792,14.00211008024811,286.70282481079437,121.87504254467964,53
rand,24,Float64,false,diagonalcheap,transfree,0.0,0.016125443,0.012017883000000002,0.035339226,0.001321487,0.066233881,43,1,2.903979601318836e-80,475.4071876046449,73.67903510360047,1.727233711018889e-77,3.717025498601084e-76,6.516230730182521e-71,178874.0415082249,mpmath_1792,14.00211008024811,286.70282481079437,121.87504254467964,256
rand,24,Float64,false,diagonalcheap,transfree,0.0,0.011158168,0.029102546,0.09607747,0.005852754,0.143431362,91,2,0,24.24911240288415,8.90781334872764,1.331998346195134e-256,1.661899573932995e-256,2.373434087072614e-251,178874.0415082249,mpmath_1792,14.00211008024811,286.70282481079437,121.87504254467964,851
rand,24,Float64,false,diagonalcheap,complexschur,0.028498969,0.001692691,0.009657632000000001,0.07473629000000001,0.003820368,0.140230609,31,1,3.007551924720452e-14,376.0216790331949,50.83695464054237,2.220446049250313e-16,1.108315514237865e-14,2.273261656693451e-09,178874.0415082249,mpmath_1792,14.00211008024811,286.70282481079437,121.87504254467964,53
rand,24,Float64,false,diagonalcheap,complexschur,0.062689617,0.002525591,0.017930396000000005,0.09296849399999998,0.004291552,0.194541499,43,1,1.849960228747617e-81,376.0216790332007,51.92778620433112,1.727233711018889e-77,1.111215689914245e-75,1.932782839087528e-70,178874.0415082249,mpmath_1792,14.00211008024811,286.70282481079437,121.87504254467964,256
rand,24,Float64,false,diagonalcheap,complexschur,0.107660887,0.005864816000000001,0.03312841500000001,0.20947685700000002,0.017180125,0.398268847,91,2,0,19.391278426994,7.771901388722905,1.331998346195134e-256,1.130739869057532e-255,2.394949726349707e-250,178874.0415082249,mpmath_1792,14.00211008024811,286.70282481079437,121.87504254467964,851
rand,24,Float64,false,diagonalcheap,realschur,0.026922388,0.000636237,0.0050461640000000006,0.024194912,0.000839543,0.06024554,31,1,3.007551924720452e-14,376.0216790331949,38.425533139911586,2.220446049250313e-16,1.108069096316823e-14,2.274171151395224e-09,178874.0415082249,mpmath_1792,14.00211008024811,286.70282481079437,121.87504254467964,53
rand,24,Float64,false,diagonalcheap,realschur,0.057532101,0.0008978219999999999,0.007399239000000004,0.023847561999999996,0.000945374,0.093951488,43,1,1.849960228747617e-81,376.0216790332006,49.8297030089709,1.727233711018889e-77,1.110767186397174e-75,1.934197788943594e-70,178874.0415082249,mpmath_1792,14.00211008024811,286.70282481079437,121.87504254467964,256
rand,24,Float64,false,diagonalcheap,realschur,0.107056822,0.0018053059999999998,0.015474608000000003,0.047479748999999995,0.002984653,0.186126525,91,2,0,19.391278426994,6.764008872570546,1.331998346195134e-256,1.131617134041459e-255,2.400405591575723e-250,178874.0415082249,mpmath_1792,14.00211008024811,286.70282481079437,121.87504254467964,851
rand,24,Float64,false,taylor,transfree,0.0,0.0017278990000000002,0.0028416979999999993,0.012246662,0.002003461,0.019585879,30,2,1.110223024625157e-16,19.86133749947565,1,2.220446049250313e-16,1.55560098972746e-16,2.769823602334292e-11,178874.0415082249,mpmath_1792,14.00211008024811,286.70282481079437,121.87504254467964,53
rand,24,Float64,false,taylor,transfree,0.0,0.004845374000000001,0.005498491,0.039551367000000004,0.002689111,0.053422975,81,2,8.236092143148846e-84,19.86133749947565,1,1.727233711018889e-77,1.175452957791857e-77,2.028835712026479e-72,178874.0415082249,mpmath_1792,14.00211008024811,286.70282481079437,121.87504254467964,256
rand,24,Float64,false,taylor,transfree,0.0,0.007174863,0.027384027,0.067639758,0.027850529,0.13124892,90,8,2.443853052476446e-261,1.059676248621908,1,1.331998346195134e-256,4.25688214994126e-255,1.049455990430228e-249,178874.0415082249,mpmath_1792,14.00211008024811,286.70282481079437,121.87504254467964,851
rand,24,Float64,false,taylor,complexschur,0.027826884,0.001909355,0.005056772999999997,0.044655783000000004,0.007262759,0.100518677,30,2,0,15.92293415859416,1,2.220446049250313e-16,1.102674742148893e-14,1.924015691212647e-09,178874.0415082249,mpmath_1792,14.00211008024811,286.70282481079437,121.87504254467964,53
rand,24,Float64,false,taylor,complexschur,0.062703243,0.004024664,0.006897271000000002,0.08787316900000001,0.008230325,0.194999409,81,2,4.941655285889308e-83,15.92293415859419,1,1.727233711018889e-77,1.11661891795647e-75,2.048101252356962e-70,178874.0415082249,mpmath_1792,14.00211008024811,286.70282481079437,121.87504254467964,256
rand,24,Float64,false,taylor,complexschur,0.10688161,0.005973847000000001,0.023458863,0.139926093,0.056276921,0.358208417,90,8,2.875791623060164e-262,1.047415148395816,1,1.331998346195134e-256,1.102428153808526e-255,2.526797298579964e-250,178874.0415082249,mpmath_1792,14.00211008024811,286.70282481079437,121.87504254467964,851
rand,24,Float64,false,taylor,realschur,0.020912776,0.000991079,0.004457111000000001,0.022717908,0.001555451,0.053280676,30,2,0,15.92293415859416,1,2.220446049250313e-16,1.103338807821666e-14,1.943115079949878e-09,178874.0415082249,mpmath_1792,14.00211008024811,286.70282481079437,121.87504254467964,53
rand,24,Float64,false,taylor,realschur,0.047702623,0.001445,0.003579089999999999,0.030981539,0.001812308,0.088872392,81,2,4.941655285889308e-83,15.92293415859419,1,1.727233711018889e-77,1.11611111508647e-75,2.053053576853195e-70,178874.0415082249,mpmath_1792,14.00211008024811,286.70282481079437,121.87504254467964,256
rand,24,Float64,false,taylor,realschur,0.099281891,0.001796522,0.010390922000000002,0.035166760000000005,0.011351797,0.16394871,90,8,2.875791623060164e-262,1.047415148395816,1,1.331998346195134e-256,1.080230368877368e-255,2.504973837675903e-250,178874.0415082249,mpmath_1792,14.00211008024811,286.70282481079437,121.87504254467964,851
rand_big,8,BigFloat,false,scaling_and_squaring,NaN,NaN,NaN,NaN,NaN,NaN,2.3354e-5,NaN,NaN,NaN,NaN,NaN,2.220446049250313e-16,4.379455270354512e-16,3.860553162404497e-14,92.71708327375159,mpmath_1792,4.910838911981674,440.29859107740714,201.05514996047867,53
rand_big,8,BigFloat,false,diagonalcheap,transfree,0.0,7.573399999999999e-5,0.009268723000000003,0.000666857,4.0e-8,0.010127515,13,0,1.156508681946731e-14,92.71708327375168,25.151569067050932,2.220446049250313e-16,1.312031978696417e-15,1.246351235522917e-13,92.71708327375159,mpmath_1792,4.910838911981674,440.29859107740714,201.05514996047867,53
rand_big,8,BigFloat,false,diagonalcheap,transfree,0.0,0.000412762,0.0019640469999999996,0.001858535,7.0e-8,0.004333402,37,0,3.000440161990888e-81,92.71708327375131,23.619324300271682,1.727233711018889e-77,6.333093535443267e-77,5.249448159824978e-75,92.71708327375159,mpmath_1792,4.910838911981674,440.29859107740714,201.05514996047867,256
rand_big,8,BigFloat,false,diagonalcheap,transfree,0.0,0.002506946,0.008347961000000001,0.006873307,1.5e-7,0.017919037,91,0,1.869995370276491e-271,92.71708327375171,23.15910828355916,1.331998346195134e-256,5.312576217056033e-80,6.227813355782171e-78,92.71708327375159,mpmath_1792,4.910838911981674,440.29859107740714,201.05514996047867,851
rand_big,8,BigFloat,false,diagonalcheap,complexschur,0.001020547,0.000100992,0.001344338,0.001806287,3.0e-8,0.00484384,13,0,7.725207223192046e-16,71.75972338713694,20.686755602345183,2.220446049250313e-16,4.857568929338222e-15,4.384699945375877e-13,92.71708327375159,mpmath_1792,4.910838911981674,440.29859107740714,201.05514996047867,53
rand_big,8,BigFloat,false,diagonalcheap,complexschur,0.001995306,0.0006201170000000001,0.003381308,0.005750027,7.0e-8,0.012836614,37,0,5.398796588769134e-82,71.75972338713733,19.50851507544498,1.727233711018889e-77,1.134499289260909e-76,1.235707552750087e-74,92.71708327375159,mpmath_1792,4.910838911981674,440.29859107740714,201.05514996047867,256
rand_big,8,BigFloat,false,diagonalcheap,complexschur,0.007109749,0.0013856620000000002,0.008573247000000003,0.041999283000000005,1.1e-7,0.060354668,91,0,4.517618648582668e-273,71.75972338713657,19.154327190294378,1.331998346195134e-256,5.312576217056033e-80,6.227813355782171e-78,92.71708327375159,mpmath_1792,4.910838911981674,440.29859107740714,201.05514996047867,851
rand_big,8,BigFloat,false,diagonalcheap,realschur,0.00095929,6.2098e-5,0.000999826,0.000595319,4.0e-8,0.002781988,13,0,7.725207223192046e-16,71.75972338713694,20.08847352457747,2.220446049250313e-16,4.874271597230472e-15,4.45115523413208e-13,92.71708327375159,mpmath_1792,4.910838911981674,440.29859107740714,201.05514996047867,53
rand_big,8,BigFloat,false,diagonalcheap,realschur,0.001925954,0.00025152599999999996,0.0018600019999999997,0.0012642170000000002,3.0e-8,0.005505535,37,0,5.398796588769134e-82,71.75972338713733,18.940442856461967,1.727233711018889e-77,1.143845495361832e-76,1.180436073997482e-74,92.71708327375159,mpmath_1792,4.910838911981674,440.29859107740714,201.05514996047867,256
rand_big,8,BigFloat,false,diagonalcheap,realschur,0.003987425,0.0006271299999999999,0.006358532,0.005954038,4.0e-8,0.017525911,91,0,4.517618648582668e-273,71.75972338713659,18.59537443633854,1.331998346195134e-256,5.312576217056033e-80,6.227813355782171e-78,92.71708327375159,mpmath_1792,4.910838911981674,440.29859107740714,201.05514996047867,851
rand_big,8,BigFloat,false,taylor,transfree,0.0,0.000259062,0.0006883769999999999,0.000984637,7.0955e-5,0.002192159,25,1,1.665334536937735e-16,8.666426778428466,1,2.220446049250313e-16,1.209071006355604e-16,9.390220115435054e-15,92.71708327375159,mpmath_1792,4.910838911981674,440.29859107740714,201.05514996047867,53
rand_big,8,BigFloat,false,taylor,transfree,0.0,0.0009833049999999999,0.001439575,0.0022647060000000004,5.9944e-5,0.00496501,72,1,2.339050168654272e-81,8.666426778428466,1,1.727233711018889e-77,7.440888978510762e-78,7.299043183858466e-76,92.71708327375159,mpmath_1792,4.910838911981674,440.29859107740714,201.05514996047867,256
rand_big,8,BigFloat,false,taylor,transfree,0.0,0.0011098979999999998,0.003328839,0.00346882,0.000903044,0.009031395,90,7,3.631862138762418e-274,1.041425759575053,1,1.331998346195134e-256,5.312576217056033e-80,6.227813355782171e-78,92.71708327375159,mpmath_1792,4.910838911981674,440.29859107740714,201.05514996047867,851
rand_big,8,BigFloat,false,taylor,complexschur,0.001809904,0.00025972100000000003,0.0008759229999999999,0.002350109,0.000430657,0.006676837,25,1,5.551115123125783e-17,7.045081755468584,1,2.220446049250313e-16,4.74256924997671e-15,4.152877579183923e-13,92.71708327375159,mpmath_1792,4.910838911981674,440.29859107740714,201.05514996047867,53
rand_big,8,BigFloat,false,taylor,complexschur,0.003514017,0.001052285,0.0020026410000000003,0.006722934999999999,0.000455214,0.014803686,72,1,2.470827642944654e-82,7.045081755468595,1,1.727233711018889e-77,1.137452938643755e-76,1.366977314787522e-74,92.71708327375159,mpmath_1792,4.910838911981674,440.29859107740714,201.05514996047867,256
rand_big,8,BigFloat,false,taylor,complexschur,0.006326824,0.0009619970000000001,0.004422527,0.007365857,0.005145382,0.026071985,90,7,3.256543962877441e-275,1.033948883082511,1,1.331998346195134e-256,5.312576217056033e-80,6.227813355782171e-78,92.71708327375159,mpmath_1792,4.910838911981674,440.29859107740714,201.05514996047867,851
rand_big,8,BigFloat,false,taylor,realschur,0.001930392,0.000395931,0.000864276,0.000902404,0.000119847,0.004570762,25,1,5.551115123125783e-17,7.045081755468584,1,2.220446049250313e-16,4.727047338430529e-15,4.081823305607913e-13,92.71708327375159,mpmath_1792,4.910838911981674,440.29859107740714,201.05514996047867,53
rand_big,8,BigFloat,false,taylor,realschur,0.002155901,0.00039611000000000003,0.0010216510000000002,0.00125064,9.6433e-5,0.005189586,72,1,2.470827642944654e-82,7.045081755468595,1,1.727233711018889e-77,1.105967145265602e-76,1.33934157541122e-74,92.71708327375159,mpmath_1792,4.910838911981674,440.29859107740714,201.05514996047867,256
rand_big,8,BigFloat,false,taylor,realschur,0.00405874,0.000493227,0.003174211999999999,0.001990285,0.001364148,0.011707642,90,7,3.256543962877441e-275,1.033948883082511,1,1.331998346195134e-256,5.312576217056033e-80,6.227813355782171e-78,92.71708327375159,mpmath_1792,4.910838911981674,440.29859107740714,201.05514996047867,851
rand_big,24,BigFloat,false,scaling_and_squaring,NaN,NaN,NaN,NaN,NaN,NaN,6.7869e-5,NaN,NaN,NaN,NaN,NaN,2.220446049250313e-16,5.398439432975681e-16,9.215519455928539e-11,169981.8737185359,mpmath_1792,14.06999257261405,981.0230716575096,521.9421712659771,53
rand_big,24,BigFloat,false,diagonalcheap,transfree,0.0,0.00032102,0.003601965999999999,0.010654562,0.002017598,0.017321203,13,2,4.53490758111613e-16,23.70784923852127,9.315154375442214,2.220446049250313e-16,9.025554453374732e-16,1.610914371491787e-10,169981.8737185359,mpmath_1792,14.06999257261405,981.0230716575096,521.9421712659771,53
rand_big,24,BigFloat,false,diagonalcheap,transfree,0.0,0.004840502,0.011684617,0.06658697400000001,0.001337197,0.085598855,43,1,1.419165963445887e-80,460.6754300395423,63.8328302084385,1.727233711018889e-77,4.240909320542588e-76,7.302203072239867e-71,169981.8737185359,mpmath_1792,14.06999257261405,981.0230716575096,521.9421712659771,256
rand_big,24,BigFloat,false,diagonalcheap,transfree,0.0,0.011964632,0.020561106,0.100091346,0.005898131,0.139715479,91,2,7.931372925207813e-280,23.70784923852128,8.956360757429644,1.331998346195134e-256,3.027408784824827e-80,7.212086769280793e-75,169981.8737185359,mpmath_1792,14.06999257261405,981.0230716575096,521.9421712659771,851
rand_big,24,BigFloat,false,diagonalcheap,complexschur,0.028529068,0.000803654,0.016361163,0.040324086999999995,0.003888277,0.101280007,17,1,5.107272463803523e-14,368.7107757746397,58.231069205236416,2.220446049250313e-16,4.42899491475329e-15,1.38513400552274e-09,169981.8737185359,mpmath_1792,14.06999257261405,981.0230716575096,521.9421712659771,53
rand_big,24,BigFloat,false,diagonalcheap,complexschur,0.050934126,0.002270596,0.012451292999999999,0.099061499,0.004511409,0.192697402,43,1,1.065461768607324e-80,368.7107757746517,31.80095131138955,1.727233711018889e-77,2.337342448963092e-75,5.198419589695377e-70,169981.8737185359,mpmath_1792,14.06999257261405,981.0230716575096,521.9421712659771,256
rand_big,24,BigFloat,false,diagonalcheap,complexschur,0.099862598,0.005654817000000001,0.028678275,0.195878497,0.020512307,0.374416224,91,2,6.071617403451404e-281,19.20184303067413,8.063348305713308,1.331998346195134e-256,3.027408784824827e-80,7.212086769280793e-75,169981.8737185359,mpmath_1792,14.06999257261405,981.0230716575096,521.9421712659771,851
rand_big,24,BigFloat,false,diagonalcheap,realschur,0.02356536,0.000539001,0.004902222,0.014466716000000001,0.000797533,0.047416403,17,1,5.107272463803523e-14,368.7107757746397,51.51124521512284,2.220446049250313e-16,4.446352391916414e-15,1.370582090294374e-09,169981.8737185359,mpmath_1792,14.06999257261405,981.0230716575096,521.9421712659771,53
rand_big,24,BigFloat,false,diagonalcheap,realschur,0.051312435,0.000965971,0.007659413000000003,0.036652128000000006,0.000947628,0.100906008,43,1,1.065461768607324e-80,368.7107757746517,33.47050927563017,1.727233711018889e-77,2.339530660433318e-75,5.22884101160081e-70,169981.8737185359,mpmath_1792,14.06999257261405,981.0230716575096,521.9421712659771,256
rand_big,24,BigFloat,false,diagonalcheap,realschur,0.10405888,0.001828774,0.015674657999999998,0.050743213999999995,0.002966007,0.181492783,91,2,6.071617403451404e-281,19.20184303067413,7.9589643907417145,1.331998346195134e-256,3.027408784824827e-80,7.212086769280793e-75,169981.8737185359,mpmath_1792,14.06999257261405,981.0230716575096,521.9421712659771,851
rand_big,24,BigFloat,false,taylor,transfree,0.0,0.00136925,0.002716356,0.014405527999999999,0.004481132,0.023695637,30,2,2.220446049250313e-16,19.45262821580847,1,2.220446049250313e-16,1.459490552462088e-16,2.281328678878267e-11,169981.8737185359,mpmath_1792,14.06999257261405,981.0230716575096,521.9421712659771,53
rand_big,24,BigFloat,false,taylor,transfree,0.0,0.005673815,0.004882916000000001,0.034073268,0.0029151,0.04893849,81,2,1.647218428629769e-83,19.45262821580847,1,1.727233711018889e-77,1.182850210062256e-77,1.751046845091426e-72,169981.8737185359,mpmath_1792,14.06999257261405,981.0230716575096,521.9421712659771,256
rand_big,24,BigFloat,false,taylor,transfree,0.0,0.008540294,0.013339153000000001,0.08141789599999999,0.023276402,0.127799483,90,8,1.624327407498706e-261,1.058223402170498,1,1.331998346195134e-256,3.027408784824827e-80,7.212086769280793e-75,169981.8737185359,mpmath_1792,14.06999257261405,981.0230716575096,521.9421712659771,851
rand_big,24,BigFloat,false,taylor,complexschur,0.022119637,0.0022284899999999996,0.005793872,0.055091201,0.007306502,0.103619216,30,2,1.110223024625157e-16,15.79862475260993,1,2.220446049250313e-16,1.232685887517828e-15,2.793023983581433e-10,169981.8737185359,mpmath_1792,14.06999257261405,981.0230716575096,521.9421712659771,53
rand_big,24,BigFloat,false,taylor,complexschur,0.04793107,0.00382266,0.006903166999999999,0.102576128,0.008499827,0.183533075,81,2,1.647218428629769e-83,15.79862475260993,1,1.727233711018889e-77,2.186321883640188e-75,3.655416771654669e-70,169981.8737185359,mpmath_1792,14.06999257261405,981.0230716575096,521.9421712659771,256
rand_big,24,BigFloat,false,taylor,complexschur,0.104470862,0.006011164999999999,0.023923488999999996,0.14040618199999996,0.060139883,0.358602894,90,8,2.126562493916456e-262,1.047254494864365,1,1.331998346195134e-256,3.027408784824827e-80,7.212086769280793e-75,169981.8737185359,mpmath_1792,14.06999257261405,981.0230716575096,521.9421712659771,851
rand_big,24,BigFloat,false,taylor,realschur,0.021545659,0.0012609840000000001,0.004836053,0.011990651,0.001583203,0.044323975,30,2,1.110223024625157e-16,15.79862475260993,1,2.220446049250313e-16,1.202799814697359e-15,2.735574711974599e-10,169981.8737185359,mpmath_1792,14.06999257261405,981.0230716575096,521.9421712659771,53
rand_big,24,BigFloat,false,taylor,realschur,0.048151788,0.0014479970000000003,0.0033668029999999994,0.0371661,0.001848167,0.095337033,81,2,1.647218428629769e-83,15.79862475260993,1,1.727233711018889e-77,2.185865462318942e-75,3.662491520935002e-70,169981.8737185359,mpmath_1792,14.06999257261405,981.0230716575096,521.9421712659771,256
rand_big,24,BigFloat,false,taylor,realschur,0.09275309,0.001830552,0.010360850000000001,0.037576830000000006,0.012053409,0.160569938,90,8,2.126562493916456e-262,1.047254494864365,1,1.331998346195134e-256,3.027408784824827e-80,7.212086769280793e-75,169981.8737185359,mpmath_1792,14.06999257261405,981.0230716575096,521.9421712659771,851
Fasi_1,2,Int64,false,scaling_and_squaring,NaN,NaN,NaN,NaN,NaN,NaN,1.6331e-5,NaN,NaN,NaN,NaN,NaN,2.220446049250313e-16,2.559539202200089e-16,4.625960761996328e-17,0.1870026796624277,mpmath_1792,2.23606797749979,1.8000000000000003,1.0,53
Fasi_1,2,Int64,false,diagonalcheap,transfree,0.0,4.7149999999999994e-5,0.19349085400000005,0.6272455750000001,3.0e-8,1.214255276,13,0,1.398029153296158e-17,0.1870026796624276,1.8192214548848382,2.220446049250313e-16,1.126159455854056e-16,2.105156987771356e-17,0.1870026796624277,mpmath_1792,2.23606797749979,1.8000000000000003,1.0,53
Fasi_1,2,Int64,false,diagonalcheap,transfree,0.0,0.000254233,0.002195745,0.000422813,4.41e-7,0.003017706,31,0,2.336831032884177e-82,0.1870026796624275,1.8325027910172393,1.727233711018889e-77,5.48319042836818e-78,8.705448025370191e-79,0.1870026796624277,mpmath_1792,2.23606797749979,1.8000000000000003,1.0,256
Fasi_1,2,Int64,false,diagonalcheap,transfree,0.0,0.00037439999999999994,0.003524304999999999,0.0005792810000000001,2.01e-7,0.004564741,81,0,1.721296096398469e-281,0.1870026796624276,1.8380989593100703,1.331998346195134e-256,6.128370565334094e-257,1.124700148955855e-257,0.1870026796624277,mpmath_1792,2.23606797749979,1.8000000000000003,1.0,851
Fasi_1,2,Int64,false,diagonalcheap,complexschur,5.7409e-5,0.0,0.0,0.0,0.0,0.036509205,0,0,NaN,NaN,1,2.220446049250313e-16,3.803364639166748e-16,6.268493330115693e-17,0.1870026796624277,mpmath_1792,2.23606797749979,1.8000000000000003,1.0,53
Fasi_1,2,Int64,false,diagonalcheap,complexschur,6.7628e-5,0.0,0.0,0.0,0.0,0.000150746,0,0,NaN,NaN,1,1.727233711018889e-77,2.654585384269466e-77,3.732008400911061e-78,0.1870026796624277,mpmath_1792,2.23606797749979,1.8000000000000003,1.0,256
Fasi_1,2,Int64,false,diagonalcheap,complexschur,6.1066e-5,0.0,0.0,0.0,0.0,0.000142871,0,0,NaN,NaN,1,1.331998346195134e-256,6.128370565334094e-257,1.124700148955855e-257,0.1870026796624277,mpmath_1792,2.23606797749979,1.8000000000000003,1.0,851
Fasi_1,2,Int64,false,diagonalcheap,realschur,0.0,4.1528000000000006e-5,0.0007300049999999998,0.000176666,5.0e-8,0.001410356,13,0,1.398029153296158e-17,0.1870026796624276,1.8192214548848382,2.220446049250313e-16,1.126159455854056e-16,2.105156987771356e-17,0.1870026796624277,mpmath_1792,2.23606797749979,1.8000000000000003,1.0,53
Fasi_1,2,Int64,false,diagonalcheap,realschur,0.0,0.000155324,0.0011905800000000001,0.000247559,3.0e-8,0.001650432,31,0,2.336831032884177e-82,0.1870026796624275,1.8325027910172393,1.727233711018889e-77,5.48319042836818e-78,8.705448025370191e-79,0.1870026796624277,mpmath_1792,2.23606797749979,1.8000000000000003,1.0,256
Fasi_1,2,Int64,false,diagonalcheap,realschur,0.0,0.000425198,0.0036536710000000003,0.000531943,3.0e-8,0.004695991,81,0,1.721296096398469e-281,0.1870026796624276,1.8380989593100703,1.331998346195134e-256,6.128370565334094e-257,1.124700148955855e-257,0.1870026796624277,mpmath_1792,2.23606797749979,1.8000000000000003,1.0,851
Fasi_1,2,Int64,false,taylor,transfree,0.0,0.000248963,0.22862871,0.098629429,3.0e-8,0.32758117,25,0,5.551115123125783e-17,1,1,2.220446049250313e-16,1.126159455854056e-16,2.105156987771356e-17,0.1870026796624277,mpmath_1792,2.23606797749979,1.8000000000000003,1.0,53
Fasi_1,2,Int64,false,taylor,transfree,0.0,0.000296813,0.000814075,0.000140866,3.0e-8,0.001314304,72,0,9.754827534345494e-80,0.9999999999999999,1,1.727233711018889e-77,5.48319042836818e-78,8.705448025370191e-79,0.1870026796624277,mpmath_1792,2.23606797749979,1.8000000000000003,1.0,256
Fasi_1,2,Int64,false,taylor,transfree,0.0,0.000305648,0.002056854,0.00017170499999999997,0.051190052,0.053801568,90,6,1.83326056559681e-272,0.9842585753539435,1,1.331998346195134e-256,6.128370565334094e-257,1.124700148955855e-257,0.1870026796624277,mpmath_1792,2.23606797749979,1.8000000000000003,1.0,851
Fasi_1,2,Int64,false,taylor,complexschur,6.4733e-5,0.0,0.0,0.0,0.0,0.000132913,0,0,NaN,NaN,1,2.220446049250313e-16,3.803364639166748e-16,6.268493330115693e-17,0.1870026796624277,mpmath_1792,2.23606797749979,1.8000000000000003,1.0,53
Fasi_1,2,Int64,false,taylor,complexschur,5.6147e-5,0.0,0.0,0.0,0.0,0.000117142,0,0,NaN,NaN,1,1.727233711018889e-77,2.654585384269466e-77,3.732008400911061e-78,0.1870026796624277,mpmath_1792,2.23606797749979,1.8000000000000003,1.0,256
Fasi_1,2,Int64,false,taylor,complexschur,6.7778e-5,0.0,0.0,0.0,0.0,0.000148922,0,0,NaN,NaN,1,1.331998346195134e-256,6.128370565334094e-257,1.124700148955855e-257,0.1870026796624277,mpmath_1792,2.23606797749979,1.8000000000000003,1.0,851
Fasi_1,2,Int64,false,taylor,realschur,0.0,0.00012574899999999998,0.000387336,7.384e-5,3.0e-8,0.000646767,25,0,5.551115123125783e-17,1,1,2.220446049250313e-16,1.126159455854056e-16,2.105156987771356e-17,0.1870026796624277,mpmath_1792,2.23606797749979,1.8000000000000003,1.0,53
Fasi_1,2,Int64,false,taylor,realschur,0.0,0.00025609399999999995,0.0006626749999999999,0.00011301699999999999,4.0e-8,0.00108594,72,0,9.754827534345494e-80,0.9999999999999999,1,1.727233711018889e-77,5.48319042836818e-78,8.705448025370191e-79,0.1870026796624277,mpmath_1792,2.23606797749979,1.8000000000000003,1.0,256
Fasi_1,2,Int64,false,taylor,realschur,0.0,0.00029806699999999995,0.002153346,0.00015968599999999998,0.00015828,0.002847383,90,6,1.83326056559681e-272,0.9842585753539435,1,1.331998346195134e-256,6.128370565334094e-257,1.124700148955855e-257,0.1870026796624277,mpmath_1792,2.23606797749979,1.8000000000000003,1.0,851
Fasi_2,2,Float64,true,scaling_and_squaring,NaN,NaN,NaN,NaN,NaN,NaN,4.0827e-5,NaN,NaN,NaN,NaN,NaN,2.220446049250313e-16,2.038720640263475e-16,1.812614963873688e-15,7.389056098930662,mpmath_1792,1.98193217849442,1.8014398509482025e15,1.8197290492930792e15,53
Fasi_2,2,Float64,true,diagonalcheap,transfree,1.912690939,0.0,0.0,0.0,0.0,1.912798313,NaN,NaN,NaN,NaN,NaN,2.220446049250313e-16,2.441058484352486e-16,1.812614963873688e-15,7.389056098930662,mpmath_1792,1.98193217849442,1.8014398509482025e15,1.8197290492930792e15,53
Fasi_2,2,Float64,true,diagonalcheap,transfree,4.9153e-5,0.0,0.0,0.0,0.0,0.00012634,NaN,NaN,NaN,NaN,NaN,1.727233711018889e-77,8.809126854542638e-78,8.031995852095115e-77,7.389056098930662,mpmath_1792,1.98193217849442,1.8014398509482025e15,1.8197290492930792e15,256
Fasi_2,2,Float64,true,diagonalcheap,transfree,3.7421e-5,0.0,0.0,0.0,0.0,9.0311e-5,NaN,NaN,NaN,NaN,NaN,1.331998346195134e-256,5.565929337813387e-257,4.171184904290528e-256,7.389056098930662,mpmath_1792,1.98193217849442,1.8014398509482025e15,1.8197290492930792e15,851
Fasi_2,2,Float64,true,diagonalcheap,complexschur,4.3643e-5,0.0,0.0,0.0,0.0,7.9351e-5,0,0,NaN,NaN,1,2.220446049250313e-16,2.75301556153053e-16,2.244554002777346e-15,7.389056098930662,mpmath_1792,1.98193217849442,1.8014398509482025e15,1.8197290492930792e15,53
Fasi_2,2,Float64,true,diagonalcheap,complexschur,2.4957e-5,0.0,0.0,0.0,0.0,5.6508e-5,0,0,NaN,NaN,1,1.727233711018889e-77,1.018421090536413e-77,9.741371834135198e-77,7.389056098930662,mpmath_1792,1.98193217849442,1.8014398509482025e15,1.8197290492930792e15,256
Fasi_2,2,Float64,true,diagonalcheap,complexschur,3.2201e-5,0.0,0.0,0.0,0.0,8.0683e-5,0,0,NaN,NaN,1,1.331998346195134e-256,1.227791449253947e-256,8.958937375818491e-256,7.389056098930662,mpmath_1792,1.98193217849442,1.8014398509482025e15,1.8197290492930792e15,851
Fasi_2,2,Float64,true,diagonalcheap,realschur,1.7723e-5,0.0,0.0,0.0,0.0,3.9495e-5,0,0,NaN,NaN,1,2.220446049250313e-16,2.75301556153053e-16,2.244554002777346e-15,7.389056098930662,mpmath_1792,1.98193217849442,1.8014398509482025e15,1.8197290492930792e15,53
Fasi_2,2,Float64,true,diagonalcheap,realschur,2.2863e-5,0.0,0.0,0.0,0.0,4.8512e-5,0,0,NaN,NaN,1,1.727233711018889e-77,1.018421090536413e-77,9.741371834135198e-77,7.389056098930662,mpmath_1792,1.98193217849442,1.8014398509482025e15,1.8197290492930792e15,256
Fasi_2,2,Float64,true,diagonalcheap,realschur,2.8524e-5,0.0,0.0,0.0,0.0,6.9151e-5,0,0,NaN,NaN,1,1.331998346195134e-256,1.227791449253947e-256,8.958937375818491e-256,7.389056098930662,mpmath_1792,1.98193217849442,1.8014398509482025e15,1.8197290492930792e15,851
Fasi_2,2,Float64,true,taylor,transfree,1.8956e-5,0.0,0.0,0.0,0.0,4.201e-5,NaN,NaN,NaN,NaN,NaN,2.220446049250313e-16,2.441058484352486e-16,1.812614963873688e-15,7.389056098930662,mpmath_1792,1.98193217849442,1.8014398509482025e15,1.8197290492930792e15,53
Fasi_2,2,Float64,true,taylor,transfree,1.9527e-5,0.0,0.0,0.0,0.0,4.7681e-5,NaN,NaN,NaN,NaN,NaN,1.727233711018889e-77,8.809126854542638e-78,8.031995852095115e-77,7.389056098930662,mpmath_1792,1.98193217849442,1.8014398509482025e15,1.8197290492930792e15,256
Fasi_2,2,Float64,true,taylor,transfree,2.4386e-5,0.0,0.0,0.0,0.0,7.2698e-5,NaN,NaN,NaN,NaN,NaN,1.331998346195134e-256,5.565929337813387e-257,4.171184904290528e-256,7.389056098930662,mpmath_1792,1.98193217849442,1.8014398509482025e15,1.8197290492930792e15,851
Fasi_2,2,Float64,true,taylor,complexschur,2.5097e-5,0.0,0.0,0.0,0.0,5.9473e-5,0,0,NaN,NaN,1,2.220446049250313e-16,2.75301556153053e-16,2.244554002777346e-15,7.389056098930662,mpmath_1792,1.98193217849442,1.8014398509482025e15,1.8197290492930792e15,53
Fasi_2,2,Float64,true,taylor,complexschur,2.3355e-5,0.0,0.0,0.0,0.0,5.3111e-5,0,0,NaN,NaN,1,1.727233711018889e-77,1.018421090536413e-77,9.741371834135198e-77,7.389056098930662,mpmath_1792,1.98193217849442,1.8014398509482025e15,1.8197290492930792e15,256
Fasi_2,2,Float64,true,taylor,complexschur,2.9847e-5,0.0,0.0,0.0,0.0,7.6224e-5,0,0,NaN,NaN,1,1.331998346195134e-256,1.227791449253947e-256,8.958937375818491e-256,7.389056098930662,mpmath_1792,1.98193217849442,1.8014398509482025e15,1.8197290492930792e15,851
Fasi_2,2,Float64,true,taylor,realschur,2.7171e-5,0.0,0.0,0.0,0.0,5.4995e-5,0,0,NaN,NaN,1,2.220446049250313e-16,2.75301556153053e-16,2.244554002777346e-15,7.389056098930662,mpmath_1792,1.98193217849442,1.8014398509482025e15,1.8197290492930792e15,53
Fasi_2,2,Float64,true,taylor,realschur,2.9887e-5,0.0,0.0,0.0,0.0,6.0916e-5,0,0,NaN,NaN,1,1.727233711018889e-77,1.018421090536413e-77,9.741371834135198e-77,7.389056098930662,mpmath_1792,1.98193217849442,1.8014398509482025e15,1.8197290492930792e15,256
Fasi_2,2,Float64,true,taylor,realschur,3.696e-5,0.0,0.0,0.0,0.0,8.8818e-5,0,0,NaN,NaN,1,1.331998346195134e-256,1.227791449253947e-256,8.958937375818491e-256,7.389056098930662,mpmath_1792,1.98193217849442,1.8014398509482025e15,1.8197290492930792e15,851
Fasi_3,3,Float64,true,scaling_and_squaring,NaN,NaN,NaN,NaN,NaN,NaN,4.6378e-5,NaN,NaN,NaN,NaN,NaN,2.220446049250313e-16,6.25619459234523e-17,1.378013470051737e-12,22026.46579480672,mpmath_1792,10.1980384428567,9.007199254741002e15,9.098645246465392e15,53
Fasi_3,3,Float64,true,diagonalcheap,transfree,4.9324e-5,0.0,0.0,0.0,0.0,0.000105089,NaN,NaN,NaN,NaN,NaN,2.220446049250313e-16,6.256176574174141e-17,1.378013470051737e-12,22026.46579480672,mpmath_1792,10.1980384428567,9.007199254741002e15,9.098645246465392e15,53
Fasi_3,3,Float64,true,diagonalcheap,transfree,3.3574e-5,0.0,0.0,0.0,0.0,7.7387e-5,NaN,NaN,NaN,NaN,NaN,1.727233711018889e-77,5.194427632094886e-78,1.144148702632625e-73,22026.46579480672,mpmath_1792,10.1980384428567,9.007199254741002e15,9.098645246465392e15,256
Fasi_3,3,Float64,true,diagonalcheap,transfree,3.5267e-5,0.0,0.0,0.0,0.0,0.000106081,NaN,NaN,NaN,NaN,NaN,1.331998346195134e-256,4.875311018060079e-257,1.073858695116495e-252,22026.46579480672,mpmath_1792,10.1980384428567,9.007199254741002e15,9.098645246465392e15,851
Fasi_3,3,Float64,true,diagonalcheap,complexschur,4.5637e-5,0.0,0.0,0.0,0.0,0.000107504,0,0,NaN,NaN,1,2.220446049250313e-16,6.256178058176488e-17,1.378013470051737e-12,22026.46579480672,mpmath_1792,10.1980384428567,9.007199254741002e15,9.098645246465392e15,53
Fasi_3,3,Float64,true,diagonalcheap,complexschur,3.8092e-5,0.0,0.0,0.0,0.0,9.0832e-5,0,0,NaN,NaN,1,1.727233711018889e-77,5.1944279201884e-78,1.144148702632625e-73,22026.46579480672,mpmath_1792,10.1980384428567,9.007199254741002e15,9.098645246465392e15,256
Fasi_3,3,Float64,true,diagonalcheap,complexschur,3.9765e-5,0.0,0.0,0.0,0.0,0.000117322,0,0,NaN,NaN,1,1.331998346195134e-256,4.875312425654929e-257,1.073858695116495e-252,22026.46579480672,mpmath_1792,10.1980384428567,9.007199254741002e15,9.098645246465392e15,851
Fasi_3,3,Float64,true,diagonalcheap,realschur,3.5808e-5,0.0,0.0,0.0,0.0,7.0514e-5,0,0,NaN,NaN,1,2.220446049250313e-16,6.256178058176488e-17,1.378013470051737e-12,22026.46579480672,mpmath_1792,10.1980384428567,9.007199254741002e15,9.098645246465392e15,53
Fasi_3,3,Float64,true,diagonalcheap,realschur,3.0348e-5,0.0,0.0,0.0,0.0,6.5845e-5,0,0,NaN,NaN,1,1.727233711018889e-77,5.1944279201884e-78,1.144148702632625e-73,22026.46579480672,mpmath_1792,10.1980384428567,9.007199254741002e15,9.098645246465392e15,256
Fasi_3,3,Float64,true,diagonalcheap,realschur,3.6439e-5,0.0,0.0,0.0,0.0,9.511e-5,0,0,NaN,NaN,1,1.331998346195134e-256,4.875312425654929e-257,1.073858695116495e-252,22026.46579480672,mpmath_1792,10.1980384428567,9.007199254741002e15,9.098645246465392e15,851
Fasi_3,3,Float64,true,taylor,transfree,2.7512e-5,0.0,0.0,0.0,0.0,6.3079e-5,NaN,NaN,NaN,NaN,NaN,2.220446049250313e-16,6.256176574174141e-17,1.378013470051737e-12,22026.46579480672,mpmath_1792,10.1980384428567,9.007199254741002e15,9.098645246465392e15,53
Fasi_3,3,Float64,true,taylor,transfree,3.2893e-5,0.0,0.0,0.0,0.0,7.9671e-5,NaN,NaN,NaN,NaN,NaN,1.727233711018889e-77,5.194427632094886e-78,1.144148702632625e-73,22026.46579480672,mpmath_1792,10.1980384428567,9.007199254741002e15,9.098645246465392e15,256
Fasi_3,3,Float64,true,taylor,transfree,2.9807e-5,0.0,0.0,0.0,0.0,9.9779e-5,NaN,NaN,NaN,NaN,NaN,1.331998346195134e-256,4.875311018060079e-257,1.073858695116495e-252,22026.46579480672,mpmath_1792,10.1980384428567,9.007199254741002e15,9.098645246465392e15,851
Fasi_3,3,Float64,true,taylor,complexschur,3.9956e-5,0.0,0.0,0.0,0.0,0.000111161,0,0,NaN,NaN,1,2.220446049250313e-16,6.256178058176488e-17,1.378013470051737e-12,22026.46579480672,mpmath_1792,10.1980384428567,9.007199254741002e15,9.098645246465392e15,53
Fasi_3,3,Float64,true,taylor,complexschur,3.6309e-5,0.0,0.0,0.0,0.0,8.8097e-5,0,0,NaN,NaN,1,1.727233711018889e-77,5.1944279201884e-78,1.144148702632625e-73,22026.46579480672,mpmath_1792,10.1980384428567,9.007199254741002e15,9.098645246465392e15,256
Fasi_3,3,Float64,true,taylor,complexschur,5.282e-5,0.0,0.0,0.0,0.0,0.00016373,0,0,NaN,NaN,1,1.331998346195134e-256,4.875312425654929e-257,1.073858695116495e-252,22026.46579480672,mpmath_1792,10.1980384428567,9.007199254741002e15,9.098645246465392e15,851
Fasi_3,3,Float64,true,taylor,realschur,3.6189e-5,0.0,0.0,0.0,0.0,7.2517e-5,0,0,NaN,NaN,1,2.220446049250313e-16,6.256178058176488e-17,1.378013470051737e-12,22026.46579480672,mpmath_1792,10.1980384428567,9.007199254741002e15,9.098645246465392e15,53
Fasi_3,3,Float64,true,taylor,realschur,3.9846e-5,0.0,0.0,0.0,0.0,8.1855e-5,0,0,NaN,NaN,1,1.727233711018889e-77,5.1944279201884e-78,1.144148702632625e-73,22026.46579480672,mpmath_1792,10.1980384428567,9.007199254741002e15,9.098645246465392e15,256
Fasi_3,3,Float64,true,taylor,realschur,5.4023e-5,0.0,0.0,0.0,0.0,0.000134085,0,0,NaN,NaN,1,1.331998346195134e-256,4.875312425654929e-257,1.073858695116495e-252,22026.46579480672,mpmath_1792,10.1980384428567,9.007199254741002e15,9.098645246465392e15,851
Fasi_4,10,Float64,false,scaling_and_squaring,NaN,NaN,NaN,NaN,NaN,NaN,2.4136e-5,NaN,NaN,NaN,NaN,NaN,2.220446049250313e-16,6.575512349695014e-17,7.298487150163711e-15,145.5950667550513,given,7.880038454141526,5.0,4.832333293749307,53
Fasi_4,10,Float64,false,diagonalcheap,transfree,0.0,0.00013375399999999998,0.0015504320000000002,0.0015461750000000001,3.0e-8,0.00341478,13,0,9.927490235267199e-15,145.5950667550513,8.302285053394563,2.220446049250313e-16,1.482268985152131e-15,2.523226383411956e-13,145.5950667550513,given,7.880038454141526,5.0,4.832333293749307,53
Fasi_4,10,Float64,false,diagonalcheap,transfree,0.0,0.000638093,0.0028044320000000004,0.002478253,4.0e-8,0.00605025,37,0,4.546616856410616e-77,145.595066755052,7.682757853574171,1.727233711018889e-77,5.475334295560279e-77,7.312674857204295e-75,145.5950667550513,given,7.880038454141526,5.0,4.832333293749307,256
Fasi_4,10,Float64,false,diagonalcheap,transfree,0.0,0.001290749,0.005456095000000002,0.006068753,4.0e-8,0.01298563,91,0,2.441711290062248e-262,145.5950667550518,7.4983755259705145,1.331998346195134e-256,4.125862353417189e-256,6.259758360883599e-254,145.5950667550513,given,7.880038454141526,5.0,4.832333293749307,851
Fasi_4,10,Float64,false,diagonalcheap,complexschur,0.0,6.4894e-5,0.001085769,0.000847859,3.0e-8,0.0023139,13,0,9.927490235267199e-15,145.5950667550513,8.302285053394563,2.220446049250313e-16,1.482268985152131e-15,2.523226383411956e-13,145.5950667550513,given,7.880038454141526,5.0,4.832333293749307,53
Fasi_4,10,Float64,false,diagonalcheap,complexschur,0.0,0.000643759,0.002736225,0.0024379650000000003,4.0e-8,0.005958567,37,0,4.546616856410616e-77,145.595066755052,7.682757853574171,1.727233711018889e-77,5.475334295560279e-77,7.312674857204295e-75,145.5950667550513,given,7.880038454141526,5.0,4.832333293749307,256
Fasi_4,10,Float64,false,diagonalcheap,complexschur,0.0,0.001508733,0.006585344,0.005954408,4.0e-8,0.014214952,91,0,2.441711290062248e-262,145.5950667550518,7.4983755259705145,1.331998346195134e-256,4.125862353417189e-256,6.259758360883599e-254,145.5950667550513,given,7.880038454141526,5.0,4.832333293749307,851
Fasi_4,10,Float64,false,diagonalcheap,realschur,0.0,0.00010826500000000001,0.0014589380000000001,0.001342448,4.0e-8,0.003081948,13,0,9.927490235267199e-15,145.5950667550513,8.302285053394563,2.220446049250313e-16,1.482268985152131e-15,2.523226383411956e-13,145.5950667550513,given,7.880038454141526,5.0,4.832333293749307,53
Fasi_4,10,Float64,false,diagonalcheap,realschur,0.0,0.0008229229999999999,0.003306013,0.002848005,3.0e-8,0.007141461,37,0,4.546616856410616e-77,145.595066755052,7.682757853574171,1.727233711018889e-77,5.475334295560279e-77,7.312674857204295e-75,145.5950667550513,given,7.880038454141526,5.0,4.832333293749307,256
Fasi_4,10,Float64,false,diagonalcheap,realschur,0.0,0.0017274359999999997,0.04988299899999999,0.004608605000000001,3.0e-8,0.056388387,91,0,2.441711290062248e-262,145.5950667550518,7.4983755259705145,1.331998346195134e-256,4.125862353417189e-256,6.259758360883599e-254,145.5950667550513,given,7.880038454141526,5.0,4.832333293749307,851
Fasi_4,10,Float64,false,taylor,transfree,0.0,0.00017065100000000002,0.0005189460000000002,0.000664682,7.9621e-5,0.001576813,25,1,1.110223024625157e-16,9.229166666666666,1,2.220446049250313e-16,5.912628673397903e-17,8.848658697158598e-15,145.5950667550513,given,7.880038454141526,5.0,4.832333293749307,53
Fasi_4,10,Float64,false,taylor,transfree,0.0,0.000536006,0.0008927450000000001,0.0014662419999999998,0.000114928,0.003145869,72,1,1.255107965005024e-77,9.229166666666667,1,1.727233711018889e-77,4.835821826513223e-78,7.268767110199848e-76,145.5950667550513,given,7.880038454141526,5.0,4.832333293749307,256
Fasi_4,10,Float64,false,taylor,transfree,0.0,0.0007993980000000001,0.0031497549999999984,0.002448478,0.001628591,0.008217442,90,7,1.62268347717496e-269,1.039835471175832,1,1.331998346195134e-256,5.885969162531994e-257,1.093309392218817e-254,145.5950667550513,given,7.880038454141526,5.0,4.832333293749307,851
Fasi_4,10,Float64,false,taylor,complexschur,0.0,0.00016222600000000002,0.00048793800000000004,0.000723812,7.881e-5,0.001613682,25,1,1.110223024625157e-16,9.229166666666666,1,2.220446049250313e-16,5.912628673397903e-17,8.848658697158598e-15,145.5950667550513,given,7.880038454141526,5.0,4.832333293749307,53
Fasi_4,10,Float64,false,taylor,complexschur,0.0,0.001020294,0.0015051899999999998,0.002680904,0.000228172,0.005689175,72,1,1.255107965005024e-77,9.229166666666667,1,1.727233711018889e-77,4.835821826513223e-78,7.268767110199848e-76,145.5950667550513,given,7.880038454141526,5.0,4.832333293749307,256
Fasi_4,10,Float64,false,taylor,complexschur,0.0,0.0013977129999999996,0.005492163000000001,0.0036908829999999994,0.00208154,0.01299087,90,7,1.62268347717496e-269,1.039835471175832,1,1.331998346195134e-256,5.885969162531994e-257,1.093309392218817e-254,145.5950667550513,given,7.880038454141526,5.0,4.832333293749307,851
Fasi_4,10,Float64,false,taylor,realschur,0.0,0.00016829899999999998,0.0005896079999999999,0.0007047179999999999,8.0352e-5,0.001721306,25,1,1.110223024625157e-16,9.229166666666666,1,2.220446049250313e-16,5.912628673397903e-17,8.848658697158598e-15,145.5950667550513,given,7.880038454141526,5.0,4.832333293749307,53
Fasi_4,10,Float64,false,taylor,realschur,0.0,0.0006356070000000001,0.001130472,0.001647087,0.000117904,0.00370471,72,1,1.255107965005024e-77,9.229166666666667,1,1.727233711018889e-77,4.835821826513223e-78,7.268767110199848e-76,145.5950667550513,given,7.880038454141526,5.0,4.832333293749307,256
Fasi_4,10,Float64,false,taylor,realschur,0.0,0.0008427419999999998,0.003265796,0.002413441,0.002178504,0.008991271,90,7,1.62268347717496e-269,1.039835471175832,1,1.331998346195134e-256,5.885969162531994e-257,1.093309392218817e-254,145.5950667550513,given,7.880038454141526,5.0,4.832333293749307,851
Fasi_5,10,Float64,false,scaling_and_squaring,NaN,NaN,NaN,NaN,NaN,NaN,2.4636e-5,NaN,NaN,NaN,NaN,NaN,2.220446049250313e-16,2.157551251518674e-16,3.888137545904595e-15,18.18281828459045,mpmath_1792,3.062735480302551,Inf,Inf,53
Fasi_5,10,Float64,false,diagonalcheap,transfree,0.0,1.984e-6,0.0007133120000000001,0.000547168,3.0e-8,0.001368156,9,0,2.111874350036139e-16,18.18281828459045,31.829899749884074,2.220446049250313e-16,4.176188101682195e-17,8.418839309418817e-16,18.18281828459045,mpmath_1792,3.062735480302551,Inf,Inf,53
Fasi_5,10,Float64,false,diagonalcheap,transfree,0.0,0.000286561,0.001618322,0.0012787450000000002,3.0e-8,0.003278601,31,0,3.871494248471391e-84,18.18281828459046,31.27009708310533,1.727233711018889e-77,1.055454523401075e-77,2.075694655964578e-76,18.18281828459045,mpmath_1792,3.062735480302551,Inf,Inf,256
Fasi_5,10,Float64,false,diagonalcheap,transfree,0.0,0.0008432810000000001,0.0039495039999999995,0.002764658,3.0e-8,0.007677849,73,0,2.582844278598295e-281,18.18281828459045,31.14546399159968,1.331998346195134e-256,2.960239293055103e-257,6.135733340680595e-256,18.18281828459045,mpmath_1792,3.062735480302551,Inf,Inf,851
Fasi_5,10,Float64,false,diagonalcheap,complexschur,0.0,1.8730000000000001e-6,0.0005932530000000001,0.0005394040000000001,3.0e-8,0.001413643,9,0,2.111874350036139e-16,18.18281828459045,31.829899749884074,2.220446049250313e-16,4.176188101682195e-17,8.418839309418817e-16,18.18281828459045,mpmath_1792,3.062735480302551,Inf,Inf,53
Fasi_5,10,Float64,false,diagonalcheap,complexschur,0.0,0.000284749,0.0016132080000000003,0.001262396,3.1e-8,0.003267169,31,0,3.871494248471391e-84,18.18281828459046,31.27009708310533,1.727233711018889e-77,1.055454523401075e-77,2.075694655964578e-76,18.18281828459045,mpmath_1792,3.062735480302551,Inf,Inf,256
Fasi_5,10,Float64,false,diagonalcheap,complexschur,0.0,0.001302371,0.005925694000000002,0.004729625,8.0e-8,0.012138552,73,0,2.582844278598295e-281,18.18281828459045,31.14546399159968,1.331998346195134e-256,2.960239293055103e-257,6.135733340680595e-256,18.18281828459045,mpmath_1792,3.062735480302551,Inf,Inf,851
Fasi_5,10,Float64,false,diagonalcheap,realschur,0.0,2.4959999999999995e-6,0.0009482770000000002,0.0006330429999999999,3.0e-8,0.001704133,9,0,2.111874350036139e-16,18.18281828459045,31.829899749884074,2.220446049250313e-16,4.176188101682195e-17,8.418839309418817e-16,18.18281828459045,mpmath_1792,3.062735480302551,Inf,Inf,53
Fasi_5,10,Float64,false,diagonalcheap,realschur,0.0,0.00029006999999999997,0.0023717139999999996,0.001479534,4.0e-8,0.004282005,31,0,3.871494248471391e-84,18.18281828459046,31.27009708310533,1.727233711018889e-77,1.055454523401075e-77,2.075694655964578e-76,18.18281828459045,mpmath_1792,3.062735480302551,Inf,Inf,256
Fasi_5,10,Float64,false,diagonalcheap,realschur,0.0,0.000990881,0.005192163,0.004679329,2.8e-7,0.011039287,73,0,2.582844278598295e-281,18.18281828459045,31.14546399159968,1.331998346195134e-256,2.960239293055103e-257,6.135733340680595e-256,18.18281828459045,mpmath_1792,3.062735480302551,Inf,Inf,851
Fasi_5,10,Float64,false,taylor,transfree,0.0,0.000292615,0.0006289520000000001,0.000986261,4.0e-8,0.002049819,20,0,3.33066907387547e-16,17.66666666666666,1,2.220446049250313e-16,6.721497492807182e-17,1.378562118308431e-15,18.18281828459045,mpmath_1792,3.062735480302551,Inf,Inf,53
Fasi_5,10,Float64,false,taylor,transfree,0.0,0.0005308359999999999,0.000874809,0.002280606,4.0e-8,0.003822333,64,0,1.85312073220849e-83,17.66666666666667,1,1.727233711018889e-77,3.347819546905191e-78,6.939076871494666e-77,18.18281828459045,mpmath_1792,3.062735480302551,Inf,Inf,256
Fasi_5,10,Float64,false,taylor,transfree,0.0,0.001953347,0.005506691,0.0036544810000000002,0.001100779,0.012614105,90,5,1.001291534071781e-268,1.317434074991027,1,1.331998346195134e-256,2.960239293055103e-257,6.135733340680595e-256,18.18281828459045,mpmath_1792,3.062735480302551,Inf,Inf,851
Fasi_5,10,Float64,false,taylor,complexschur,0.0,0.000286814,0.000588204,0.000992282,4.1e-8,0.002026164,20,0,3.33066907387547e-16,17.66666666666666,1,2.220446049250313e-16,6.721497492807182e-17,1.378562118308431e-15,18.18281828459045,mpmath_1792,3.062735480302551,Inf,Inf,53
Fasi_5,10,Float64,false,taylor,complexschur,0.0,0.000774597,0.0013071289999999998,0.002380657,4.0e-8,0.004640244,64,0,1.85312073220849e-83,17.66666666666667,1,1.727233711018889e-77,3.347819546905191e-78,6.939076871494666e-77,18.18281828459045,mpmath_1792,3.062735480302551,Inf,Inf,256
Fasi_5,10,Float64,false,taylor,complexschur,0.0,0.001391764,0.004776990999999999,0.03252161,0.000693336,0.039606934,90,5,1.001291534071781e-268,1.317434074991027,1,1.331998346195134e-256,2.960239293055103e-257,6.135733340680595e-256,18.18281828459045,mpmath_1792,3.062735480302551,Inf,Inf,851
Fasi_5,10,Float64,false,taylor,realschur,0.0,0.00030101,0.0007023160000000001,0.001014072,4.0e-8,0.002181439,20,0,3.33066907387547e-16,17.66666666666666,1,2.220446049250313e-16,6.721497492807182e-17,1.378562118308431e-15,18.18281828459045,mpmath_1792,3.062735480302551,Inf,Inf,53
Fasi_5,10,Float64,false,taylor,realschur,0.0,0.0007752110000000002,0.0013633930000000003,0.0023607529999999997,4.0e-8,0.004655674,64,0,1.85312073220849e-83,17.66666666666667,1,1.727233711018889e-77,3.347819546905191e-78,6.939076871494666e-77,18.18281828459045,mpmath_1792,3.062735480302551,Inf,Inf,256
Fasi_5,10,Float64,false,taylor,realschur,0.0,0.0013344930000000004,0.004838279000000001,0.002762662,0.000794618,0.010016586,90,5,1.001291534071781e-268,1.317434074991027,1,1.331998346195134e-256,2.960239293055103e-257,6.135733340680595e-256,18.18281828459045,mpmath_1792,3.062735480302551,Inf,Inf,851
Fasi_6,3,Float64,true,scaling_and_squaring,NaN,NaN,NaN,NaN,NaN,NaN,3.226e-6,NaN,NaN,NaN,NaN,NaN,2.220446049250313e-16,Inf,Inf,3.033215396802088e+434294,given,NaN,Inf,Inf,53
Fasi_6,3,Float64,true,diagonalcheap,transfree,9.869e-6,0.0,0.0,0.0,0.0,4.3012e-5,NaN,NaN,NaN,NaN,NaN,2.220446049250313e-16,3.277326200845959e-18,9.940836292748854e+434276,3.033215396802088e+434294,given,NaN,Inf,Inf,53
Fasi_6,3,Float64,true,diagonalcheap,transfree,1.6381e-5,0.0,0.0,0.0,0.0,5.244e-5,NaN,NaN,NaN,NaN,NaN,1.727233711018889e-77,4.57656483191886e-78,1.388170691263924e+434217,3.033215396802088e+434294,given,NaN,Inf,Inf,256
Fasi_6,3,Float64,true,diagonalcheap,transfree,4.218e-6,0.0,0.0,0.0,0.0,5.3021e-5,NaN,NaN,NaN,NaN,NaN,1.331998346195134e-256,6.029542596290472e-258,1.828890143874229e+434037,3.033215396802088e+434294,given,NaN,Inf,Inf,851
Fasi_6,3,Float64,true,diagonalcheap,complexschur,0.0,0.0,0.0,0.0,0.0,0.033780098,0,0,NaN,NaN,1,2.220446049250313e-16,5.820766594442145e-11,1.765563885545317e+434284,3.033215396802088e+434294,given,NaN,Inf,Inf,53
Fasi_6,3,Float64,true,diagonalcheap,complexschur,0.0,0.0,0.0,0.0,0.0,4.5787e-5,0,0,NaN,NaN,1,1.727233711018889e-77,4.527835099259185e-72,1.373389913725387e+434223,3.033215396802088e+434294,given,NaN,Inf,Inf,256
Fasi_6,3,Float64,true,diagonalcheap,complexschur,0.0,0.0,0.0,0.0,0.0,5.7358e-5,0,0,NaN,NaN,1,1.331998346195134e-256,3.491753246891917e-251,1.059123971030624e+434044,3.033215396802088e+434294,given,NaN,Inf,Inf,851
Fasi_6,3,Float64,true,diagonalcheap,realschur,0.0,0.0,0.0,0.0,0.0,1.9747e-5,0,0,NaN,NaN,1,2.220446049250313e-16,5.820766594442145e-11,1.765563885545317e+434284,3.033215396802088e+434294,given,NaN,Inf,Inf,53
Fasi_6,3,Float64,true,diagonalcheap,realschur,0.0,0.0,0.0,0.0,0.0,2.603e-5,0,0,NaN,NaN,1,1.727233711018889e-77,4.527835099259185e-72,1.373389913725387e+434223,3.033215396802088e+434294,given,NaN,Inf,Inf,256
Fasi_6,3,Float64,true,diagonalcheap,realschur,0.0,0.0,0.0,0.0,0.0,5.1848e-5,0,0,NaN,NaN,1,1.331998346195134e-256,3.491753246891917e-251,1.059123971030624e+434044,3.033215396802088e+434294,given,NaN,Inf,Inf,851
Fasi_6,3,Float64,true,taylor,transfree,6.512e-6,0.0,0.0,0.0,0.0,2.3544e-5,NaN,NaN,NaN,NaN,NaN,2.220446049250313e-16,3.277326200845959e-18,9.940836292748854e+434276,3.033215396802088e+434294,given,NaN,Inf,Inf,53
Fasi_6,3,Float64,true,taylor,transfree,3.577e-6,0.0,0.0,0.0,0.0,2.9986e-5,NaN,NaN,NaN,NaN,NaN,1.727233711018889e-77,4.57656483191886e-78,1.388170691263924e+434217,3.033215396802088e+434294,given,NaN,Inf,Inf,256
Fasi_6,3,Float64,true,taylor,transfree,4.088e-6,0.0,0.0,0.0,0.0,4.0938e-5,NaN,NaN,NaN,NaN,NaN,1.331998346195134e-256,6.029542596290472e-258,1.828890143874229e+434037,3.033215396802088e+434294,given,NaN,Inf,Inf,851
Fasi_6,3,Float64,true,taylor,complexschur,0.0,0.0,0.0,0.0,0.0,1.8224e-5,0,0,NaN,NaN,1,2.220446049250313e-16,5.820766594442145e-11,1.765563885545317e+434284,3.033215396802088e+434294,given,NaN,Inf,Inf,53
Fasi_6,3,Float64,true,taylor,complexschur,0.0,0.0,0.0,0.0,0.0,2.5218e-5,0,0,NaN,NaN,1,1.727233711018889e-77,4.527835099259185e-72,1.373389913725387e+434223,3.033215396802088e+434294,given,NaN,Inf,Inf,256
Fasi_6,3,Float64,true,taylor,complexschur,0.0,0.0,0.0,0.0,0.0,5.0195e-5,0,0,NaN,NaN,1,1.331998346195134e-256,3.491753246891917e-251,1.059123971030624e+434044,3.033215396802088e+434294,given,NaN,Inf,Inf,851
Fasi_6,3,Float64,true,taylor,realschur,0.0,0.0,0.0,0.0,0.0,1.7603e-5,0,0,NaN,NaN,1,2.220446049250313e-16,5.820766594442145e-11,1.765563885545317e+434284,3.033215396802088e+434294,given,NaN,Inf,Inf,53
Fasi_6,3,Float64,true,taylor,realschur,0.0,0.0,0.0,0.0,0.0,2.5018e-5,0,0,NaN,NaN,1,1.727233711018889e-77,4.527835099259185e-72,1.373389913725387e+434223,3.033215396802088e+434294,given,NaN,Inf,Inf,256
Fasi_6,3,Float64,true,taylor,realschur,0.0,0.0,0.0,0.0,0.0,5.0746e-5,0,0,NaN,NaN,1,1.331998346195134e-256,3.491753246891917e-251,1.059123971030624e+434044,3.033215396802088e+434294,given,NaN,Inf,Inf,851
Fasi_7,2,Float64,true,scaling_and_squaring,NaN,NaN,NaN,NaN,NaN,NaN,1.283e-6,NaN,NaN,NaN,NaN,NaN,2.220446049250313e-16,Inf,Inf,8.806818225662922e+4342,mpmath_1792,NaN,1.0e8,1.0e8,53
Fasi_7,2,Float64,true,diagonalcheap,transfree,5.781e-6,0.0,0.0,0.0,0.0,2.5017e-5,NaN,NaN,NaN,NaN,NaN,2.220446049250313e-16,6.595964615590512e-18,5.808946139241025e+4325,8.806818225662922e+4342,mpmath_1792,NaN,1.0e8,1.0e8,53
Fasi_7,2,Float64,true,diagonalcheap,transfree,3.436e-6,0.0,0.0,0.0,0.0,2.3164e-5,NaN,NaN,NaN,NaN,NaN,1.727233711018889e-77,2.924237604531641e-78,2.575322903175814e+4265,8.806818225662922e+4342,mpmath_1792,NaN,1.0e8,1.0e8,256
Fasi_7,2,Float64,true,diagonalcheap,transfree,3.867e-6,0.0,0.0,0.0,0.0,4.22e-5,NaN,NaN,NaN,NaN,NaN,1.331998346195134e-256,9.302050344261638e-258,8.192146650787745e+4085,8.806818225662922e+4342,mpmath_1792,NaN,1.0e8,1.0e8,851
Fasi_7,2,Float64,true,diagonalcheap,complexschur,0.0,0.0,0.0,0.0,0.0,1.8816e-5,0,0,NaN,NaN,1,2.220446049250313e-16,1.215008890699248e-16,1.070036244295262e+4327,8.806818225662922e+4342,mpmath_1792,NaN,1.0e8,1.0e8,53
Fasi_7,2,Float64,true,diagonalcheap,complexschur,0.0,0.0,0.0,0.0,0.0,2.3274e-5,0,0,NaN,NaN,1,1.727233711018889e-77,2.924237604531641e-78,2.575322903175814e+4265,8.806818225662922e+4342,mpmath_1792,NaN,1.0e8,1.0e8,256
Fasi_7,2,Float64,true,diagonalcheap,complexschur,0.0,0.0,0.0,0.0,0.0,4.5557e-5,0,0,NaN,NaN,1,1.331998346195134e-256,5.962696929777166e-257,5.251238799526589e+4086,8.806818225662922e+4342,mpmath_1792,NaN,1.0e8,1.0e8,851
Fasi_7,2,Float64,true,diagonalcheap,realschur,0.0,0.0,0.0,0.0,0.0,1.6091e-5,0,0,NaN,NaN,1,2.220446049250313e-16,1.215008890699248e-16,1.070036244295262e+4327,8.806818225662922e+4342,mpmath_1792,NaN,1.0e8,1.0e8,53
Fasi_7,2,Float64,true,diagonalcheap,realschur,0.0,0.0,0.0,0.0,0.0,2.2032e-5,0,0,NaN,NaN,1,1.727233711018889e-77,2.924237604531641e-78,2.575322903175814e+4265,8.806818225662922e+4342,mpmath_1792,NaN,1.0e8,1.0e8,256
Fasi_7,2,Float64,true,diagonalcheap,realschur,0.0,0.0,0.0,0.0,0.0,4.2079e-5,0,0,NaN,NaN,1,1.331998346195134e-256,5.962696929777166e-257,5.251238799526589e+4086,8.806818225662922e+4342,mpmath_1792,NaN,1.0e8,1.0e8,851
Fasi_7,2,Float64,true,taylor,transfree,2.675e-6,0.0,0.0,0.0,0.0,1.5349e-5,NaN,NaN,NaN,NaN,NaN,2.220446049250313e-16,6.595964615590512e-18,5.808946139241025e+4325,8.806818225662922e+4342,mpmath_1792,NaN,1.0e8,1.0e8,53
Fasi_7,2,Float64,true,taylor,transfree,3.016e-6,0.0,0.0,0.0,0.0,2.116e-5,NaN,NaN,NaN,NaN,NaN,1.727233711018889e-77,2.924237604531641e-78,2.575322903175814e+4265,8.806818225662922e+4342,mpmath_1792,NaN,1.0e8,1.0e8,256
Fasi_7,2,Float64,true,taylor,transfree,3.807e-6,0.0,0.0,0.0,0.0,3.7521e-5,NaN,NaN,NaN,NaN,NaN,1.331998346195134e-256,9.302050344261638e-258,8.192146650787745e+4085,8.806818225662922e+4342,mpmath_1792,NaN,1.0e8,1.0e8,851
Fasi_7,2,Float64,true,taylor,complexschur,0.0,0.0,0.0,0.0,0.0,1.5619e-5,0,0,NaN,NaN,1,2.220446049250313e-16,1.215008890699248e-16,1.070036244295262e+4327,8.806818225662922e+4342,mpmath_1792,NaN,1.0e8,1.0e8,53
Fasi_7,2,Float64,true,taylor,complexschur,0.0,0.0,0.0,0.0,0.0,2.3925e-5,0,0,NaN,NaN,1,1.727233711018889e-77,2.924237604531641e-78,2.575322903175814e+4265,8.806818225662922e+4342,mpmath_1792,NaN,1.0e8,1.0e8,256
Fasi_7,2,Float64,true,taylor,complexschur,0.0,0.0,0.0,0.0,0.0,4.4935e-5,0,0,NaN,NaN,1,1.331998346195134e-256,5.962696929777166e-257,5.251238799526589e+4086,8.806818225662922e+4342,mpmath_1792,NaN,1.0e8,1.0e8,851
Fasi_7,2,Float64,true,taylor,realschur,0.0,0.0,0.0,0.0,0.0,1.5389e-5,0,0,NaN,NaN,1,2.220446049250313e-16,1.215008890699248e-16,1.070036244295262e+4327,8.806818225662922e+4342,mpmath_1792,NaN,1.0e8,1.0e8,53
Fasi_7,2,Float64,true,taylor,realschur,0.0,0.0,0.0,0.0,0.0,2.1151e-5,0,0,NaN,NaN,1,1.727233711018889e-77,2.924237604531641e-78,2.575322903175814e+4265,8.806818225662922e+4342,mpmath_1792,NaN,1.0e8,1.0e8,256
Fasi_7,2,Float64,true,taylor,realschur,0.0,0.0,0.0,0.0,0.0,5.9333e-5,0,0,NaN,NaN,1,1.331998346195134e-256,5.962696929777166e-257,5.251238799526589e+4086,8.806818225662922e+4342,mpmath_1792,NaN,1.0e8,1.0e8,851
Fasi_8,2,Float64,true,scaling_and_squaring,NaN,NaN,NaN,NaN,NaN,NaN,1.4628e-5,NaN,NaN,NaN,NaN,NaN,2.220446049250313e-16,1.656495750244955e-16,1.152556234571796e-15,7.38905609893065,mpmath_1792,1.981932178494418,Inf,Inf,53
Fasi_8,2,Float64,true,diagonalcheap,transfree,4.3072e-5,0.0,0.0,0.0,0.0,9.6573e-5,NaN,NaN,NaN,NaN,NaN,2.220446049250313e-16,8.760818973820116e-17,6.238006048284541e-16,7.38905609893065,mpmath_1792,1.981932178494418,Inf,Inf,53
Fasi_8,2,Float64,true,diagonalcheap,transfree,2.6159e-5,0.0,0.0,0.0,0.0,6.3841e-5,NaN,NaN,NaN,NaN,NaN,1.727233711018889e-77,1.113735131712518e-77,1.036340226611333e-76,7.38905609893065,mpmath_1792,1.981932178494418,Inf,Inf,256
Fasi_8,2,Float64,true,diagonalcheap,transfree,3.3393e-5,0.0,0.0,0.0,0.0,9.9629e-5,NaN,NaN,NaN,NaN,NaN,1.331998346195134e-256,1.067926463351372e-256,7.957059554037677e-256,7.38905609893065,mpmath_1792,1.981932178494418,Inf,Inf,851
Fasi_8,2,Float64,true,diagonalcheap,complexschur,3.9605e-5,0.0,0.0,0.0,0.0,8.1164e-5,0,0,NaN,NaN,1,2.220446049250313e-16,1.656495750244955e-16,1.152556234571796e-15,7.38905609893065,mpmath_1792,1.981932178494418,Inf,Inf,53
Fasi_8,2,Float64,true,diagonalcheap,complexschur,3.4485e-5,0.0,0.0,0.0,0.0,7.5534e-5,0,0,NaN,NaN,1,1.727233711018889e-77,2.725374174159015e-77,2.03215255112671e-76,7.38905609893065,mpmath_1792,1.981932178494418,Inf,Inf,256
Fasi_8,2,Float64,true,diagonalcheap,complexschur,4.3082e-5,0.0,0.0,0.0,0.0,0.000106472,0,0,NaN,NaN,1,1.331998346195134e-256,3.525911003027752e-257,2.629066169257139e-256,7.38905609893065,mpmath_1792,1.981932178494418,Inf,Inf,851
Fasi_8,2,Float64,true,diagonalcheap,realschur,2.4967e-5,0.0,0.0,0.0,0.0,4.9293e-5,0,0,NaN,NaN,1,2.220446049250313e-16,1.656495750244955e-16,1.152556234571796e-15,7.38905609893065,mpmath_1792,1.981932178494418,Inf,Inf,53
Fasi_8,2,Float64,true,diagonalcheap,realschur,3.4065e-5,0.0,0.0,0.0,0.0,6.5334e-5,0,0,NaN,NaN,1,1.727233711018889e-77,2.725374174159015e-77,2.03215255112671e-76,7.38905609893065,mpmath_1792,1.981932178494418,Inf,Inf,256
Fasi_8,2,Float64,true,diagonalcheap,realschur,4.1368e-5,0.0,0.0,0.0,0.0,9.1463e-5,0,0,NaN,NaN,1,1.331998346195134e-256,3.525911003027752e-257,2.629066169257139e-256,7.38905609893065,mpmath_1792,1.981932178494418,Inf,Inf,851
Fasi_8,2,Float64,true,taylor,transfree,2.123e-5,0.0,0.0,0.0,0.0,5.7118e-5,NaN,NaN,NaN,NaN,NaN,2.220446049250313e-16,8.760818973820116e-17,6.238006048284541e-16,7.38905609893065,mpmath_1792,1.981932178494418,Inf,Inf,53
Fasi_8,2,Float64,true,taylor,transfree,2.5558e-5,0.0,0.0,0.0,0.0,6.2599e-5,NaN,NaN,NaN,NaN,NaN,1.727233711018889e-77,1.113735131712518e-77,1.036340226611333e-76,7.38905609893065,mpmath_1792,1.981932178494418,Inf,Inf,256
Fasi_8,2,Float64,true,taylor,transfree,3.155e-5,0.0,0.0,0.0,0.0,9.3047e-5,NaN,NaN,NaN,NaN,NaN,1.331998346195134e-256,1.067926463351372e-256,7.957059554037677e-256,7.38905609893065,mpmath_1792,1.981932178494418,Inf,Inf,851
Fasi_8,2,Float64,true,taylor,complexschur,2.7442e-5,0.0,0.0,0.0,0.0,6.2739e-5,0,0,NaN,NaN,1,2.220446049250313e-16,1.656495750244955e-16,1.152556234571796e-15,7.38905609893065,mpmath_1792,1.981932178494418,Inf,Inf,53
Fasi_8,2,Float64,true,taylor,complexschur,3.9234e-5,0.0,0.0,0.0,0.0,8.5702e-5,0,0,NaN,NaN,1,1.727233711018889e-77,2.725374174159015e-77,2.03215255112671e-76,7.38905609893065,mpmath_1792,1.981932178494418,Inf,Inf,256
Fasi_8,2,Float64,true,taylor,complexschur,6.2799e-5,0.0,0.0,0.0,0.0,0.000139034,0,0,NaN,NaN,1,1.331998346195134e-256,3.525911003027752e-257,2.629066169257139e-256,7.38905609893065,mpmath_1792,1.981932178494418,Inf,Inf,851
Fasi_8,2,Float64,true,taylor,realschur,2.2042e-5,0.0,0.0,0.0,0.0,4.4815e-5,0,0,NaN,NaN,1,2.220446049250313e-16,1.656495750244955e-16,1.152556234571796e-15,7.38905609893065,mpmath_1792,1.981932178494418,Inf,Inf,53
Fasi_8,2,Float64,true,taylor,realschur,2.3154e-5,0.0,0.0,0.0,0.0,4.9534e-5,0,0,NaN,NaN,1,1.727233711018889e-77,2.725374174159015e-77,2.03215255112671e-76,7.38905609893065,mpmath_1792,1.981932178494418,Inf,Inf,256
Fasi_8,2,Float64,true,taylor,realschur,2.9987e-5,0.0,0.0,0.0,0.0,7.6966e-5,0,0,NaN,NaN,1,1.331998346195134e-256,3.525911003027752e-257,2.629066169257139e-256,7.38905609893065,mpmath_1792,1.981932178494418,Inf,Inf,851
Fasi_9,10,ComplexF64,false,scaling_and_squaring,NaN,NaN,NaN,NaN,NaN,NaN,5.1979e-5,NaN,NaN,NaN,NaN,NaN,2.220446049250313e-16,2.648078238221704e-15,2.39124391182813e-06,856571943.0481856,mpmath_1792,45.50689172408396,1.9646986692097146,1.757564233028689,53
Fasi_9,10,ComplexF64,false,diagonalcheap,transfree,0.0,0.000139073,0.00202225,0.028506521999999996,0.000535306,0.191002596,13,1,4.753276034356841e-17,10.40269736838936,11.04019240526915,2.220446049250313e-16,5.347717216187866e-16,6.040700647692061e-07,856571943.0481856,mpmath_1792,45.50689172408396,1.9646986692097146,1.757564233028689,53
Fasi_9,10,ComplexF64,false,diagonalcheap,transfree,0.0,0.00041434900000000005,0.0034971669999999994,0.008930565000000001,4.0e-8,0.013254731,43,0,2.206081964374546e-82,96.39447327054282,108.21100484731488,1.727233711018889e-77,9.167605505307229e-77,8.691361152681351e-68,856571943.0481856,mpmath_1792,45.50689172408396,1.9646986692097146,1.757564233028689,256
Fasi_9,10,ComplexF64,false,diagonalcheap,transfree,0.0,0.001409865,0.010939017000000002,0.023151943,4.0e-8,0.036061658,91,0,9.807612766172094e-262,96.39447327054289,108.21498209780094,1.331998346195134e-256,4.225059468678749e-256,3.518565639893858e-247,856571943.0481856,mpmath_1792,45.50689172408396,1.9646986692097146,1.757564233028689,851
Fasi_9,10,ComplexF64,false,diagonalcheap,complexschur,0.026496018,0.00014108700000000003,0.00194963,0.003867598,0.000412783,0.034578304,13,1,2.30126026260472e-16,11.99336670464739,13.65999802009986,2.220446049250313e-16,2.653677874002183e-14,2.325510016112432e-05,856571943.0481856,mpmath_1792,45.50689172408396,1.9646986692097146,1.757564233028689,53
Fasi_9,10,ComplexF64,false,diagonalcheap,complexschur,0.022863845,0.000809705,0.0048177440000000005,0.013084384999999999,4.0e-8,0.043879232,43,0,2.373573362317293e-81,99.37139548358425,126.48564640528481,1.727233711018889e-77,1.717067437229947e-75,1.538520016687201e-66,856571943.0481856,mpmath_1792,45.50689172408396,1.9646986692097146,1.757564233028689,256
Fasi_9,10,ComplexF64,false,diagonalcheap,complexschur,0.039068885,0.0015150439999999997,0.008780882,0.32083666299999997,4.0e-8,0.372698431,91,0,1.459123479535965e-259,99.37139548358391,138.32316551612672,1.331998346195134e-256,5.102635132927338e-255,3.481492062686518e-246,856571943.0481856,mpmath_1792,45.50689172408396,1.9646986692097146,1.757564233028689,851
Fasi_9,10,ComplexF64,false,taylor,transfree,0.0,0.00028407700000000004,0.001105558,0.002948406,0.000406952,0.00512772,25,1,9.992007221626409e-16,8.472866040246457,1,2.220446049250313e-16,1.904672898490613e-16,1.747456607301158e-07,856571943.0481856,mpmath_1792,45.50689172408396,1.9646986692097146,1.757564233028689,53
Fasi_9,10,ComplexF64,false,taylor,transfree,0.0,0.000619189,0.0014985760000000002,0.007774087999999999,0.000538461,0.010842614,81,1,4.118046071574423e-84,8.472866040246457,1,1.727233711018889e-77,2.084890067682243e-77,1.531994154774484e-68,856571943.0481856,mpmath_1792,45.50689172408396,1.9646986692097146,1.757564233028689,256
Fasi_9,10,ComplexF64,false,taylor,transfree,0.0,0.0009846100000000001,0.007613746,0.018273796000000002,0.028028205,0.055626273,90,7,3.96162629842569e-266,1.044574252945616,1,1.331998346195134e-256,1.368844462561581e-255,1.302940008503297e-246,856571943.0481856,mpmath_1792,45.50689172408396,1.9646986692097146,1.757564233028689,851
Fasi_9,10,ComplexF64,false,taylor,complexschur,0.006317207,0.000473777,0.001065817,0.003366075,0.000381875,0.013162697,30,1,0,11.21549830996424,1,2.220446049250313e-16,2.662425921889779e-14,2.320190858126382e-05,856571943.0481856,mpmath_1792,45.50689172408396,1.9646986692097146,1.757564233028689,53
Fasi_9,10,ComplexF64,false,taylor,complexschur,0.018995565,0.001283967,0.002391808,0.00890624,0.000492204,0.033847387,81,1,1.647218428629769e-83,11.21549830996436,1,1.727233711018889e-77,1.703963727539178e-75,1.501600440320613e-66,856571943.0481856,mpmath_1792,45.50689172408396,1.9646986692097146,1.757564233028689,256
Fasi_9,10,ComplexF64,false,taylor,complexschur,0.030971049,0.001361517,0.005452556000000001,0.022389311,0.005885769,0.068880423,90,7,3.865767103412887e-265,1.065456845188194,1,1.331998346195134e-256,5.328421246792981e-255,3.619484198369685e-246,856571943.0481856,mpmath_1792,45.50689172408396,1.9646986692097146,1.757564233028689,851
Fasi_10,2,Float64,false,scaling_and_squaring,NaN,NaN,NaN,NaN,NaN,NaN,1.4588e-5,NaN,NaN,NaN,NaN,NaN,2.220446049250313e-16,2.270410305911382e-15,6.165163393256685e+28,2.715269840218319e+43,given,100.0148973292867,101.0,100.01000099999996,53
Fasi_10,2,Float64,false,diagonalcheap,transfree,0.0,4.2789e-5,0.0010266000000000001,0.00014783,3.2933e-5,0.001325184,13,4,4.141707869746881e-16,22.28201355699503,22.27237044226383,2.220446049250313e-16,1.2430495675667e-16,3.343047894527104e+27,2.715269840218319e+43,given,100.0148973292867,101.0,100.01000099999996,53
Fasi_10,2,Float64,false,diagonalcheap,transfree,0.0,0.000172079,0.0016799180000000003,0.000286874,4.8682e-5,0.002243437,43,3,9.706900934383505e-81,491.5434279280412,491.5333476750889,1.727233711018889e-77,5.33926555818501e-78,1.476257853470086e-34,2.715269840218319e+43,given,100.0148973292867,101.0,100.01000099999996,256
Fasi_10,2,Float64,false,diagonalcheap,transfree,0.0,0.000370179,0.004050754,0.000492537,0.000146838,0.00514369,91,4,2.62973377774667e-280,22.28201355699506,22.27237044226387,1.331998346195134e-256,1.124334500416359e-256,3.032506512165052e-213,2.715269840218319e+43,given,100.0148973292867,101.0,100.01000099999996,851
Fasi_10,2,Float64,false,diagonalcheap,complexschur,0.0,4.5026000000000006e-5,0.0008842759999999999,0.000113396,3.2081e-5,0.001134152,13,4,4.141707869746881e-16,22.28201355699503,22.27237044226383,2.220446049250313e-16,1.2430495675667e-16,3.343047894527104e+27,2.715269840218319e+43,given,100.0148973292867,101.0,100.01000099999996,53
Fasi_10,2,Float64,false,diagonalcheap,complexschur,0.0,0.000173267,0.0015995730000000004,0.000223095,4.4294e-5,0.002101718,43,3,9.706900934383505e-81,491.5434279280412,491.5333476750889,1.727233711018889e-77,5.33926555818501e-78,1.476257853470086e-34,2.715269840218319e+43,given,100.0148973292867,101.0,100.01000099999996,256
Fasi_10,2,Float64,false,diagonalcheap,complexschur,0.0,0.000366645,0.004114128,0.00049082,0.000136449,0.005207542,91,4,2.62973377774667e-280,22.28201355699506,22.27237044226387,1.331998346195134e-256,1.124334500416359e-256,3.032506512165052e-213,2.715269840218319e+43,given,100.0148973292867,101.0,100.01000099999996,851
Fasi_10,2,Float64,false,diagonalcheap,realschur,0.0,4.0548e-5,0.000759819,0.000110121,3.158e-5,0.000989918,13,4,4.141707869746881e-16,22.28201355699503,22.27237044226383,2.220446049250313e-16,1.2430495675667e-16,3.343047894527104e+27,2.715269840218319e+43,given,100.0148973292867,101.0,100.01000099999996,53
Fasi_10,2,Float64,false,diagonalcheap,realschur,0.0,0.000211832,0.0018495400000000002,0.00035621499999999995,6.855e-5,0.002566219,43,3,9.706900934383505e-81,491.5434279280412,491.5333476750889,1.727233711018889e-77,5.33926555818501e-78,1.476257853470086e-34,2.715269840218319e+43,given,100.0148973292867,101.0,100.01000099999996,256
Fasi_10,2,Float64,false,diagonalcheap,realschur,0.0,0.000583765,0.006521097000000003,0.000825403,0.000231359,0.008290061,91,4,2.62973377774667e-280,22.28201355699506,22.27237044226387,1.331998346195134e-256,1.124334500416359e-256,3.032506512165052e-213,2.715269840218319e+43,given,100.0148973292867,101.0,100.01000099999996,851
Fasi_10,2,Float64,false,taylor,transfree,0.0,0.00019911000000000004,0.0006514959999999997,9.429999999999999e-5,3.5457e-5,0.001041246,36,3,1.06581410364015e-14,127.8073024749756,1,2.220446049250313e-16,1.2430495675667e-16,3.343047894527104e+27,2.715269840218319e+43,given,100.0148973292867,101.0,100.01000099999996,53
Fasi_10,2,Float64,false,taylor,transfree,0.0,0.0004713679999999999,0.0016602970000000002,0.000187488,9.6853e-5,0.002494954,90,4,3.294436857259539e-83,22.27356117040359,1,1.727233711018889e-77,5.33926555818501e-78,1.476257853470086e-34,2.715269840218319e+43,given,100.0148973292867,101.0,100.01000099999996,256
Fasi_10,2,Float64,false,taylor,transfree,0.0,0.0004567840000000002,0.002952958,0.000191272,0.000332912,0.004032662,90,10,1.545586529091156e-260,1.050504212880865,1,1.331998346195134e-256,1.124334500416359e-256,3.032506512165052e-213,2.715269840218319e+43,given,100.0148973292867,101.0,100.01000099999996,851
Fasi_10,2,Float64,false,taylor,complexschur,0.0,0.000156381,0.0005167309999999999,8.124400000000001e-5,2.3925e-5,0.000856966,36,3,1.06581410364015e-14,127.8073024749756,1,2.220446049250313e-16,1.2430495675667e-16,3.343047894527104e+27,2.715269840218319e+43,given,100.0148973292867,101.0,100.01000099999996,53
Fasi_10,2,Float64,false,taylor,complexschur,0.0,0.000304739,0.0010088159999999998,0.000123342,5.6858e-5,0.001578956,90,4,3.294436857259539e-83,22.27356117040359,1,1.727233711018889e-77,5.33926555818501e-78,1.476257853470086e-34,2.715269840218319e+43,given,100.0148973292867,101.0,100.01000099999996,256
Fasi_10,2,Float64,false,taylor,complexschur,0.0,0.000360245,0.002358175999999999,0.00015747799999999999,0.000329996,0.003311754,90,10,1.545586529091156e-260,1.050504212880865,1,1.331998346195134e-256,1.124334500416359e-256,3.032506512165052e-213,2.715269840218319e+43,given,100.0148973292867,101.0,100.01000099999996,851
Fasi_10,2,Float64,false,taylor,realschur,0.0,0.000146739,0.0004249230000000001,6.135799999999999e-5,2.2102e-5,0.000704176,36,3,1.06581410364015e-14,127.8073024749756,1,2.220446049250313e-16,1.2430495675667e-16,3.343047894527104e+27,2.715269840218319e+43,given,100.0148973292867,101.0,100.01000099999996,53
Fasi_10,2,Float64,false,taylor,realschur,0.0,0.000298568,0.0009994980000000001,0.000109335,5.5896e-5,0.001524844,90,4,3.294436857259539e-83,22.27356117040359,1,1.727233711018889e-77,5.33926555818501e-78,1.476257853470086e-34,2.715269840218319e+43,given,100.0148973292867,101.0,100.01000099999996,256
Fasi_10,2,Float64,false,taylor,realschur,0.0,0.0002997319999999999,0.002227986,0.000150384,0.000332701,0.003094432,90,10,1.545586529091156e-260,1.050504212880865,1,1.331998346195134e-256,1.124334500416359e-256,3.032506512165052e-213,2.715269840218319e+43,given,100.0148973292867,101.0,100.01000099999996,851
Fasi_11,2,Float64,true,scaling_and_squaring,NaN,NaN,NaN,NaN,NaN,NaN,2.0609e-5,NaN,NaN,NaN,NaN,NaN,2.220446049250313e-16,Inf,Inf,5.355208510004607e+434,mpmath_1792,NaN,1.002002002002002,1.002002002002002,53
Fasi_11,2,Float64,true,diagonalcheap,transfree,4.5577e-5,0.0,0.0,0.0,0.0,0.00011621,NaN,NaN,NaN,NaN,NaN,2.220446049250313e-16,6.156729209267387e-17,3.297056865526265e+418,5.355208510004607e+434,mpmath_1792,NaN,1.002002002002002,1.002002002002002,53
Fasi_11,2,Float64,true,diagonalcheap,transfree,3.0458e-5,0.0,0.0,0.0,0.0,7.5633e-5,NaN,NaN,NaN,NaN,NaN,1.727233711018889e-77,2.391913015913502e-78,1.280919293801077e+357,5.355208510004607e+434,mpmath_1792,NaN,1.002002002002002,1.002002002002002,256
Fasi_11,2,Float64,true,diagonalcheap,transfree,3.65e-5,0.0,0.0,0.0,0.0,0.000118064,NaN,NaN,NaN,NaN,NaN,1.331998346195134e-256,1.199162493666866e-257,6.421765190963143e+177,5.355208510004607e+434,mpmath_1792,NaN,1.002002002002002,1.002002002002002,851
Fasi_11,2,Float64,true,diagonalcheap,complexschur,4.2802e-5,0.0,0.0,0.0,0.0,8.6915e-5,0,0,NaN,NaN,1,2.220446049250313e-16,2.63393508708665e-16,1.410527159316616e+419,5.355208510004607e+434,mpmath_1792,NaN,1.002002002002002,1.002002002002002,53
Fasi_11,2,Float64,true,diagonalcheap,complexschur,3.7722e-5,0.0,0.0,0.0,0.0,7.8338e-5,0,0,NaN,NaN,1,1.727233711018889e-77,8.832557996711541e-75,4.732119439077868e+360,5.355208510004607e+434,mpmath_1792,NaN,1.002002002002002,1.002002002002002,256
Fasi_11,2,Float64,true,diagonalcheap,complexschur,5.5145e-5,0.0,0.0,0.0,0.0,0.000130909,0,0,NaN,NaN,1,1.331998346195134e-256,1.199162493666866e-257,6.421765190963143e+177,5.355208510004607e+434,mpmath_1792,NaN,1.002002002002002,1.002002002002002,851
Fasi_11,2,Float64,true,diagonalcheap,realschur,2.9455e-5,0.0,0.0,0.0,0.0,6.1577e-5,0,0,NaN,NaN,1,2.220446049250313e-16,2.63393508708665e-16,1.410527159316616e+419,5.355208510004607e+434,mpmath_1792,NaN,1.002002002002002,1.002002002002002,53
Fasi_11,2,Float64,true,diagonalcheap,realschur,4.0487e-5,0.0,0.0,0.0,0.0,8.0884e-5,0,0,NaN,NaN,1,1.727233711018889e-77,8.832557996711541e-75,4.732119439077868e+360,5.355208510004607e+434,mpmath_1792,NaN,1.002002002002002,1.002002002002002,256
Fasi_11,2,Float64,true,diagonalcheap,realschur,5.0817e-5,0.0,0.0,0.0,0.0,0.000120238,0,0,NaN,NaN,1,1.331998346195134e-256,1.199162493666866e-257,6.421765190963143e+177,5.355208510004607e+434,mpmath_1792,NaN,1.002002002002002,1.002002002002002,851
Fasi_11,2,Float64,true,taylor,transfree,3.6179e-5,0.0,0.0,0.0,0.0,9.2135e-5,NaN,NaN,NaN,NaN,NaN,2.220446049250313e-16,6.156729209267387e-17,3.297056865526265e+418,5.355208510004607e+434,mpmath_1792,NaN,1.002002002002002,1.002002002002002,53
Fasi_11,2,Float64,true,taylor,transfree,2.5619e-5,0.0,0.0,0.0,0.0,5.9383e-5,NaN,NaN,NaN,NaN,NaN,1.727233711018889e-77,2.391913015913502e-78,1.280919293801077e+357,5.355208510004607e+434,mpmath_1792,NaN,1.002002002002002,1.002002002002002,256
Fasi_11,2,Float64,true,taylor,transfree,2.5488e-5,0.0,0.0,0.0,0.0,8.4861e-5,NaN,NaN,NaN,NaN,NaN,1.331998346195134e-256,1.199162493666866e-257,6.421765190963143e+177,5.355208510004607e+434,mpmath_1792,NaN,1.002002002002002,1.002002002002002,851
Fasi_11,2,Float64,true,taylor,complexschur,3.9365e-5,0.0,0.0,0.0,0.0,7.1506e-5,0,0,NaN,NaN,1,2.220446049250313e-16,2.63393508708665e-16,1.410527159316616e+419,5.355208510004607e+434,mpmath_1792,NaN,1.002002002002002,1.002002002002002,53
Fasi_11,2,Float64,true,taylor,complexschur,2.8233e-5,0.0,0.0,0.0,0.0,6.0054e-5,0,0,NaN,NaN,1,1.727233711018889e-77,8.832557996711541e-75,4.732119439077868e+360,5.355208510004607e+434,mpmath_1792,NaN,1.002002002002002,1.002002002002002,256
Fasi_11,2,Float64,true,taylor,complexschur,3.2431e-5,0.0,0.0,0.0,0.0,8.458e-5,0,0,NaN,NaN,1,1.331998346195134e-256,1.199162493666866e-257,6.421765190963143e+177,5.355208510004607e+434,mpmath_1792,NaN,1.002002002002002,1.002002002002002,851
Fasi_11,2,Float64,true,taylor,realschur,1.7904e-5,0.0,0.0,0.0,0.0,3.8232e-5,0,0,NaN,NaN,1,2.220446049250313e-16,2.63393508708665e-16,1.410527159316616e+419,5.355208510004607e+434,mpmath_1792,NaN,1.002002002002002,1.002002002002002,53
Fasi_11,2,Float64,true,taylor,realschur,2.629e-5,0.0,0.0,0.0,0.0,5.5705e-5,0,0,NaN,NaN,1,1.727233711018889e-77,8.832557996711541e-75,4.732119439077868e+360,5.355208510004607e+434,mpmath_1792,NaN,1.002002002002002,1.002002002002002,256
Fasi_11,2,Float64,true,taylor,realschur,3.0217e-5,0.0,0.0,0.0,0.0,7.387e-5,0,0,NaN,NaN,1,1.331998346195134e-256,1.199162493666866e-257,6.421765190963143e+177,5.355208510004607e+434,mpmath_1792,NaN,1.002002002002002,1.002002002002002,851
Fasi_12,3,Int64,false,scaling_and_squaring,NaN,NaN,NaN,NaN,NaN,NaN,1.7684e-5,NaN,NaN,NaN,NaN,NaN,2.220446049250313e-16,3.375895507255981e-16,1.804125239761525e-13,604.6431902391027,given,6.71305683241961,Inf,Inf,53
Fasi_12,3,Int64,false,diagonalcheap,transfree,0.0,2.0328e-5,0.0008095369999999999,0.000174621,3.466e-6,0.001089407,13,1,3.625623055544151e-16,29.62830538478148,7.387676378433373,2.220446049250313e-16,1.140231183172244e-16,6.302323287303321e-14,604.6431902391027,given,6.71305683241961,Inf,Inf,53
Fasi_12,3,Int64,false,diagonalcheap,transfree,0.0,0.00012493699999999999,0.001338121,0.000286742,5.099e-6,0.001806689,37,1,1.30272614275571e-83,29.62830538478151,7.149709412294152,1.727233711018889e-77,1.84588213586447e-76,1.104676806517443e-73,604.6431902391027,given,6.71305683241961,Inf,Inf,256
Fasi_12,3,Int64,false,diagonalcheap,transfree,0.0,0.0003572080000000001,0.0032871969999999995,0.0006380009999999999,9.438e-6,0.00436871,81,1,3.852990994047027e-258,29.62830538478146,7.083080005878933,1.331998346195134e-256,9.558069905736314e-256,5.748162508460485e-253,604.6431902391027,given,6.71305683241961,Inf,Inf,851
Fasi_12,3,Int64,false,diagonalcheap,complexschur,4.3883e-5,4.8432999999999995e-5,0.0008102280000000001,0.00026422200000000005,2.0849e-5,0.001269048,13,1,0,26.83329321367382,5.991311016511135,2.220446049250313e-16,2.135475132649299e-15,1.120806295810207e-12,604.6431902391027,given,6.71305683241961,Inf,Inf,53
Fasi_12,3,Int64,false,diagonalcheap,complexschur,7.0724e-5,0.00020543000000000002,0.0014777700000000002,0.0006592130000000001,5.5375e-5,0.002576048,37,1,5.622709178180288e-83,20.0855369231877,5.92818428261309,1.727233711018889e-77,2.629807992572678e-76,1.548354173607571e-73,604.6431902391027,given,6.71305683241961,Inf,Inf,256
Fasi_12,3,Int64,false,diagonalcheap,complexschur,0.000262879,0.0007120920000000001,0.005857201000000002,0.0025704869999999998,0.000131449,0.009808041,81,1,1.637898902006972e-260,20.0855369231876,5.576120252165664,1.331998346195134e-256,4.181948212961687e-256,2.114965922518635e-253,604.6431902391027,given,6.71305683241961,Inf,Inf,851
Fasi_12,3,Int64,false,diagonalcheap,realschur,4.8442e-5,6.4312e-5,0.0010818229999999998,0.000240826,1.8455e-5,0.001532528,13,1,0,26.83329321367382,5.991311016511135,2.220446049250313e-16,2.135475132649299e-15,1.120806295810207e-12,604.6431902391027,given,6.71305683241961,Inf,Inf,53
Fasi_12,3,Int64,false,diagonalcheap,realschur,0.00010059,0.000274851,0.0020800099999999993,0.00031352200000000005,2.3715e-5,0.002871398,37,1,5.622709178180288e-83,20.0855369231877,5.92818428261309,1.727233711018889e-77,2.629807992572678e-76,1.548354173607571e-73,604.6431902391027,given,6.71305683241961,Inf,Inf,256
Fasi_12,3,Int64,false,diagonalcheap,realschur,0.000189019,0.00034301000000000004,0.003314432,0.000700958,3.165e-5,0.004698926,81,1,1.637898902006972e-260,20.0855369231876,5.588892963773693,1.331998346195134e-256,4.340373920869706e-256,2.711701181614055e-253,604.6431902391027,given,6.71305683241961,Inf,Inf,851
Fasi_12,3,Int64,false,taylor,transfree,0.0,6.0807e-5,0.00031509899999999995,8.050100000000001e-5,3.436e-6,0.000519996,30,1,1.110223024625157e-16,19,1,2.220446049250313e-16,1.103027297630247e-16,6.672568625453644e-14,604.6431902391027,given,6.71305683241961,Inf,Inf,53
Fasi_12,3,Int64,false,taylor,transfree,0.0,0.000151437,0.000699674,0.000178359,4.949e-6,0.00108573,81,1,1.317774742903815e-82,19,1,1.727233711018889e-77,1.352267912418689e-77,8.768159746952091e-75,604.6431902391027,given,6.71305683241961,Inf,Inf,256
Fasi_12,3,Int64,false,taylor,transfree,0.0,0.0002825849999999999,0.0020310059999999997,0.00027801899999999995,6.1717e-5,0.002724991,90,7,3.36775365422907e-260,1.071986503024949,1,1.331998346195134e-256,1.227408157586591e-255,7.794111968216211e-253,604.6431902391027,given,6.71305683241961,Inf,Inf,851
Fasi_12,3,Int64,false,taylor,complexschur,4.2191e-5,0.00016911,0.000428124,0.000172418,1.9306e-5,0.000902333,30,1,0,17.24264068711928,1,2.220446049250313e-16,2.138420150171743e-15,1.155407819252836e-12,604.6431902391027,given,6.71305683241961,Inf,Inf,53
Fasi_12,3,Int64,false,taylor,complexschur,6.9462e-5,0.000293587,0.0007945730000000001,0.00036945999999999995,3.164e-5,0.001644801,81,1,1.647218428629769e-83,13,1,1.727233711018889e-77,2.622174597431474e-76,1.526245582106529e-73,604.6431902391027,given,6.71305683241961,Inf,Inf,256
Fasi_12,3,Int64,false,taylor,complexschur,0.00015274,0.00041002700000000004,0.0029724930000000005,0.0009622569999999999,0.000854762,0.005598453,90,7,8.412027766891355e-262,1.047991002016633,1,1.331998346195134e-256,4.142587745354169e-256,2.029718028362146e-253,604.6431902391027,given,6.71305683241961,Inf,Inf,851
Fasi_12,3,Int64,false,taylor,realschur,5.9413e-5,0.000248182,0.0006020629999999998,0.000132782,1.6281e-5,0.00115928,30,1,0,17.24264068711928,1,2.220446049250313e-16,2.138420150171743e-15,1.155407819252836e-12,604.6431902391027,given,6.71305683241961,Inf,Inf,53
Fasi_12,3,Int64,false,taylor,realschur,0.000111031,0.00043090899999999994,0.0013861230000000002,0.000318812,3.5498e-5,0.002380988,81,1,1.647218428629769e-83,13,1,1.727233711018889e-77,2.622174597431474e-76,1.526245582106529e-73,604.6431902391027,given,6.71305683241961,Inf,Inf,256
Fasi_12,3,Int64,false,taylor,realschur,0.000225167,0.0005244970000000001,0.003834218,0.000458979,0.000248081,0.005456464,90,7,8.412027766891355e-262,1.047991002016633,1,1.331998346195134e-256,4.340373920869706e-256,2.711701181614055e-253,604.6431902391027,given,6.71305683241961,Inf,Inf,851
Fasi_13,2,Float64,false,scaling_and_squaring,NaN,NaN,NaN,NaN,NaN,NaN,2.0108e-5,NaN,NaN,NaN,NaN,NaN,2.220446049250313e-16,8.719184390228061e-17,1.497988133080927e-16,1.381773290676036,mpmath_1792,1,1.0,1.0,53
Fasi_13,2,Float64,false,diagonalcheap,transfree,0.0,2.294e-6,0.0008750179999999999,0.00021169299999999997,4.0e-8,0.001157326,9,0,9.347119128414911e-18,1.381773290676036,1.8414709848078965,2.220446049250313e-16,5.524585260978995e-17,6.782765415233021e-17,1.381773290676036,mpmath_1792,1,1.0,1.0,53
Fasi_13,2,Float64,false,diagonalcheap,transfree,0.0,0.000173881,0.0015352109999999999,0.000299791,4.0e-8,0.002063676,25,0,1.140646070004877e-80,1.381773290676036,1.8414709848078965,1.727233711018889e-77,1.416588632364635e-78,1.668091412109352e-78,1.381773290676036,mpmath_1792,1,1.0,1.0,256
Fasi_13,2,Float64,false,diagonalcheap,transfree,0.0,0.00038075,0.0038073570000000004,0.00074851,4.0e-8,0.005020457,65,0,2.777921177065209e-260,1.381773290676036,1.8414709848078967,1.331998346195134e-256,6.814389310249789e-257,9.626602297080942e-257,1.381773290676036,mpmath_1792,1,1.0,1.0,851
Fasi_13,2,Float64,false,diagonalcheap,complexschur,5.5585e-5,0.0,0.0,0.0,0.0,0.00011626,0,0,NaN,NaN,1,2.220446049250313e-16,2.757295604523008e-16,2.898722590773615e-16,1.381773290676036,mpmath_1792,1,1.0,1.0,53
Fasi_13,2,Float64,false,diagonalcheap,complexschur,5.276e-5,0.0,0.0,0.0,0.0,9.7706e-5,0,0,NaN,NaN,1,1.727233711018889e-77,2.717216307800945e-77,3.343520689434404e-77,1.381773290676036,mpmath_1792,1,1.0,1.0,256
Fasi_13,2,Float64,false,diagonalcheap,complexschur,4.6077e-5,0.0,0.0,0.0,0.0,0.000116862,0,0,NaN,NaN,1,1.331998346195134e-256,6.814389310249789e-257,9.626602297080942e-257,1.381773290676036,mpmath_1792,1,1.0,1.0,851
Fasi_13,2,Float64,false,diagonalcheap,realschur,0.0,1.442e-6,0.0005328809999999999,0.00012144099999999999,3.1e-8,0.000707763,9,0,9.347119128414911e-18,1.381773290676036,1.8414709848078965,2.220446049250313e-16,5.524585260978995e-17,6.782765415233021e-17,1.381773290676036,mpmath_1792,1,1.0,1.0,53
Fasi_13,2,Float64,false,diagonalcheap,realschur,0.0,0.000106231,0.000878926,0.000201465,4.0e-8,0.001241005,25,0,1.140646070004877e-80,1.381773290676036,1.8414709848078965,1.727233711018889e-77,1.416588632364635e-78,1.668091412109352e-78,1.381773290676036,mpmath_1792,1,1.0,1.0,256
Fasi_13,2,Float64,false,diagonalcheap,realschur,0.0,0.00030840399999999997,0.003101302,0.000738995,4.0e-8,0.004237741,65,0,2.777921177065209e-260,1.381773290676036,1.8414709848078967,1.331998346195134e-256,6.814389310249789e-257,9.626602297080942e-257,1.381773290676036,mpmath_1792,1,1.0,1.0,851
Fasi_13,2,Float64,false,taylor,transfree,0.0,0.000195261,0.00031866700000000007,8.0913e-5,4.0e-8,0.000634364,20,0,2.775557561562891e-17,1.333333333333333,1,2.220446049250313e-16,5.524585260978995e-17,6.782765415233021e-17,1.381773290676036,mpmath_1792,1,1.0,1.0,53
Fasi_13,2,Float64,false,taylor,transfree,0.0,0.00039619299999999987,0.0006739980000000001,0.000170694,4.0e-8,0.001293284,64,0,3.088534553680817e-84,1.333333333333333,1,1.727233711018889e-77,1.416588632364635e-78,1.668091412109352e-78,1.381773290676036,mpmath_1792,1,1.0,1.0,256
Fasi_13,2,Float64,false,taylor,transfree,0.0,0.0005355970000000001,0.0018824150000000001,0.000295062,0.000208145,0.003018388,90,5,7.952953280205886e-278,1.030756672470462,1,1.331998346195134e-256,6.814389310249789e-257,9.626602297080942e-257,1.381773290676036,mpmath_1792,1,1.0,1.0,851
Fasi_13,2,Float64,false,taylor,complexschur,5.5546e-5,0.0,0.0,0.0,0.0,0.000104679,0,0,NaN,NaN,1,2.220446049250313e-16,2.757295604523008e-16,2.898722590773615e-16,1.381773290676036,mpmath_1792,1,1.0,1.0,53
Fasi_13,2,Float64,false,taylor,complexschur,5.7439e-5,0.0,0.0,0.0,0.0,0.000123074,0,0,NaN,NaN,1,1.727233711018889e-77,2.717216307800945e-77,3.343520689434404e-77,1.381773290676036,mpmath_1792,1,1.0,1.0,256
Fasi_13,2,Float64,false,taylor,complexschur,6.5785e-5,0.0,0.0,0.0,0.0,0.000170062,0,0,NaN,NaN,1,1.331998346195134e-256,6.814389310249789e-257,9.626602297080942e-257,1.381773290676036,mpmath_1792,1,1.0,1.0,851
Fasi_13,2,Float64,false,taylor,realschur,0.0,0.000219166,0.00033435300000000007,7.520400000000001e-5,4.0e-8,0.000687064,20,0,2.775557561562891e-17,1.333333333333333,1,2.220446049250313e-16,5.524585260978995e-17,6.782765415233021e-17,1.381773290676036,mpmath_1792,1,1.0,1.0,53
Fasi_13,2,Float64,false,taylor,realschur,0.0,0.0003903600000000001,0.000663721,0.00016867,4.0e-8,0.001283826,64,0,3.088534553680817e-84,1.333333333333333,1,1.727233711018889e-77,1.416588632364635e-78,1.668091412109352e-78,1.381773290676036,mpmath_1792,1,1.0,1.0,256
Fasi_13,2,Float64,false,taylor,realschur,0.0,0.000523956,0.0018381400000000003,0.000214294,0.000118745,0.002785095,90,5,7.952953280205886e-278,1.030756672470462,1,1.331998346195134e-256,6.814389310249789e-257,9.626602297080942e-257,1.381773290676036,mpmath_1792,1,1.0,1.0,851
Fasi_14,10,Int64,true,scaling_and_squaring,NaN,NaN,NaN,NaN,NaN,NaN,2.475e-6,NaN,NaN,NaN,NaN,NaN,2.220446049250313e-16,5.278697242164475e-17,1.44564689172925e-16,2.718281828459045,mpmath_1792,0.9925651190069406,Inf,Inf,53
Fasi_14,10,Int64,true,diagonalcheap,transfree,7.514e-6,0.0,0.0,0.0,0.0,9.7986e-5,NaN,NaN,NaN,NaN,NaN,2.220446049250313e-16,5.278697242164475e-17,1.44564689172925e-16,2.718281828459045,mpmath_1792,0.9925651190069406,Inf,Inf,53
Fasi_14,10,Int64,true,diagonalcheap,transfree,4.128e-6,0.0,0.0,0.0,0.0,0.000109287,NaN,NaN,NaN,NaN,NaN,1.727233711018889e-77,2.533764375954287e-78,6.939076871494666e-78,2.718281828459045,mpmath_1792,0.9925651190069406,Inf,Inf,256
Fasi_14,10,Int64,true,diagonalcheap,transfree,4.929e-6,0.0,0.0,0.0,0.0,0.000169702,NaN,NaN,NaN,NaN,NaN,1.331998346195134e-256,2.240428063686055e-257,6.135733340680595e-257,2.718281828459045,mpmath_1792,0.9925651190069406,Inf,Inf,851
Fasi_14,10,Int64,true,diagonalcheap,complexschur,0.0,0.0,0.0,0.0,0.0,3.3824e-5,0,0,NaN,NaN,1,2.220446049250313e-16,5.278697242164475e-17,1.44564689172925e-16,2.718281828459045,mpmath_1792,0.9925651190069406,Inf,Inf,53
Fasi_14,10,Int64,true,diagonalcheap,complexschur,0.0,0.0,0.0,0.0,0.0,4.5576e-5,0,0,NaN,NaN,1,1.727233711018889e-77,2.533764375954287e-78,6.939076871494666e-78,2.718281828459045,mpmath_1792,0.9925651190069406,Inf,Inf,256
Fasi_14,10,Int64,true,diagonalcheap,complexschur,0.0,0.0,0.0,0.0,0.0,9.2646e-5,0,0,NaN,NaN,1,1.331998346195134e-256,2.240428063686055e-257,6.135733340680595e-257,2.718281828459045,mpmath_1792,0.9925651190069406,Inf,Inf,851
Fasi_14,10,Int64,true,diagonalcheap,realschur,0.0,0.0,0.0,0.0,0.0,3.111e-5,0,0,NaN,NaN,1,2.220446049250313e-16,5.278697242164475e-17,1.44564689172925e-16,2.718281828459045,mpmath_1792,0.9925651190069406,Inf,Inf,53
Fasi_14,10,Int64,true,diagonalcheap,realschur,0.0,0.0,0.0,0.0,0.0,4.5216e-5,0,0,NaN,NaN,1,1.727233711018889e-77,2.533764375954287e-78,6.939076871494666e-78,2.718281828459045,mpmath_1792,0.9925651190069406,Inf,Inf,256
Fasi_14,10,Int64,true,diagonalcheap,realschur,0.0,0.0,0.0,0.0,0.0,9.2326e-5,0,0,NaN,NaN,1,1.331998346195134e-256,2.240428063686055e-257,6.135733340680595e-257,2.718281828459045,mpmath_1792,0.9925651190069406,Inf,Inf,851
Fasi_14,10,Int64,true,taylor,transfree,3.386e-6,0.0,0.0,0.0,0.0,7.5363e-5,NaN,NaN,NaN,NaN,NaN,2.220446049250313e-16,5.278697242164475e-17,1.44564689172925e-16,2.718281828459045,mpmath_1792,0.9925651190069406,Inf,Inf,53
Fasi_14,10,Int64,true,taylor,transfree,4.128e-6,0.0,0.0,0.0,0.0,9.4829e-5,NaN,NaN,NaN,NaN,NaN,1.727233711018889e-77,2.533764375954287e-78,6.939076871494666e-78,2.718281828459045,mpmath_1792,0.9925651190069406,Inf,Inf,256
Fasi_14,10,Int64,true,taylor,transfree,4.428e-6,0.0,0.0,0.0,0.0,0.000145766,NaN,NaN,NaN,NaN,NaN,1.331998346195134e-256,2.240428063686055e-257,6.135733340680595e-257,2.718281828459045,mpmath_1792,0.9925651190069406,Inf,Inf,851
Fasi_14,10,Int64,true,taylor,complexschur,0.0,0.0,0.0,0.0,0.0,2.9075e-5,0,0,NaN,NaN,1,2.220446049250313e-16,5.278697242164475e-17,1.44564689172925e-16,2.718281828459045,mpmath_1792,0.9925651190069406,Inf,Inf,53
Fasi_14,10,Int64,true,taylor,complexschur,0.0,0.0,0.0,0.0,0.0,4.0777e-5,0,0,NaN,NaN,1,1.727233711018889e-77,2.533764375954287e-78,6.939076871494666e-78,2.718281828459045,mpmath_1792,0.9925651190069406,Inf,Inf,256
Fasi_14,10,Int64,true,taylor,complexschur,0.0,0.0,0.0,0.0,0.0,8.6995e-5,0,0,NaN,NaN,1,1.331998346195134e-256,2.240428063686055e-257,6.135733340680595e-257,2.718281828459045,mpmath_1792,0.9925651190069406,Inf,Inf,851
Fasi_14,10,Int64,true,taylor,realschur,0.0,0.0,0.0,0.0,0.0,2.8454e-5,0,0,NaN,NaN,1,2.220446049250313e-16,5.278697242164475e-17,1.44564689172925e-16,2.718281828459045,mpmath_1792,0.9925651190069406,Inf,Inf,53
Fasi_14,10,Int64,true,taylor,realschur,0.0,0.0,0.0,0.0,0.0,4.1038e-5,0,0,NaN,NaN,1,1.727233711018889e-77,2.533764375954287e-78,6.939076871494666e-78,2.718281828459045,mpmath_1792,0.9925651190069406,Inf,Inf,256
Fasi_14,10,Int64,true,taylor,realschur,0.0,0.0,0.0,0.0,0.0,9.4579e-5,0,0,NaN,NaN,1,1.331998346195134e-256,2.240428063686055e-257,6.135733340680595e-257,2.718281828459045,mpmath_1792,0.9925651190069406,Inf,Inf,851
Fasi_15,3,Int64,false,scaling_and_squaring,NaN,NaN,NaN,NaN,NaN,NaN,1.4698e-5,NaN,NaN,NaN,NaN,NaN,2.220446049250313e-16,4.870539522172338e-14,2.713571592613859e+32,5.535464111892338e+45,mpmath_1792,150.3859396574688,27.30637436762227,23.815606194275084,53
Fasi_15,3,Int64,false,diagonalcheap,transfree,0.0,4.4083000000000005e-5,0.0012805859999999998,0.00017733999999999998,1.2945e-5,0.001584937,13,4,9.912359044537984e-16,11.46550563070099,26.48377904922926,2.220446049250313e-16,6.889431304649766e-16,3.288671394372472e+30,5.535464111892338e+45,mpmath_1792,150.3859396574688,27.30637436762227,23.815606194275084,53
Fasi_15,3,Int64,false,diagonalcheap,transfree,0.0,0.00018346799999999997,0.0016791220000000006,0.00031187199999999993,1.3516e-5,0.002258757,43,3,4.083663080488079e-76,120.442436979099,640.488109476814,1.727233711018889e-77,2.595085005444569e-75,1.510553336097538e-29,5.535464111892338e+45,mpmath_1792,150.3859396574688,27.30637436762227,23.815606194275084,256
Fasi_15,3,Int64,false,diagonalcheap,transfree,0.0,0.000377877,0.0037696439999999995,0.000830978,3.5958e-5,0.005113243,91,4,2.164670987980373e-278,11.465505630701,27.680134512139812,1.331998346195134e-256,1.030029616425438e-255,4.783612934969255e-210,5.535464111892338e+45,mpmath_1792,150.3859396574688,27.30637436762227,23.815606194275084,851
Fasi_15,3,Int64,false,diagonalcheap,complexschur,8.2256e-5,7.200400000000001e-5,0.0012685049999999998,0.00043246100000000003,0.000145696,0.063026917,13,4,6.285794410118602e-16,9.930330053170392,22.72165610987648,2.220446049250313e-16,2.370178965286174e-14,1.325083991550766e+32,5.535464111892338e+45,mpmath_1792,150.3859396574688,27.30637436762227,23.815606194275084,53
Fasi_15,3,Int64,false,diagonalcheap,complexschur,0.0001264,0.00021214299999999998,0.0018880810000000002,0.000643341,9.2145e-5,0.003095083,43,3,1.982842378371447e-76,98.61145496489905,523.4573719090221,1.727233711018889e-77,2.658165972628765e-75,1.383596034163532e-29,5.535464111892338e+45,mpmath_1792,150.3859396574688,27.30637436762227,23.815606194275084,256
Fasi_15,3,Int64,false,diagonalcheap,complexschur,0.000183198,0.000427641,0.036762832,0.0014574470000000002,0.000248311,0.039236082,91,4,8.711769814947136e-279,9.930330053170403,23.788956871146148,1.331998346195134e-256,6.540722493054747e-255,4.154597109820191e-209,5.535464111892338e+45,mpmath_1792,150.3859396574688,27.30637436762227,23.815606194275084,851
Fasi_15,3,Int64,false,diagonalcheap,realschur,7.4842e-5,4.4044e-5,0.0009552940000000002,0.000173609,4.3392e-5,0.001353929,13,4,6.285794410118602e-16,9.930330053170392,22.721656109876477,2.220446049250313e-16,2.370178965286174e-14,1.325083991550766e+32,5.535464111892338e+45,mpmath_1792,150.3859396574688,27.30637436762227,23.815606194275084,53
Fasi_15,3,Int64,false,diagonalcheap,realschur,0.00010016,0.00018429099999999997,0.0016692310000000002,0.000303534,6.2208e-5,0.002387771,43,3,1.982842378371447e-76,98.61145496489907,523.4573719090221,1.727233711018889e-77,2.658165972628765e-75,1.383596034163532e-29,5.535464111892338e+45,mpmath_1792,150.3859396574688,27.30637436762227,23.815606194275084,256
Fasi_15,3,Int64,false,diagonalcheap,realschur,0.000185422,0.000378897,0.004109197,0.0007821270000000001,0.000224295,0.005806919,91,4,8.711769814947136e-279,9.930330053170403,23.788956871146148,1.331998346195134e-256,6.540722493054747e-255,4.154597109820191e-209,5.535464111892338e+45,mpmath_1792,150.3859396574688,27.30637436762227,23.815606194275084,851
Fasi_15,3,Int64,false,taylor,transfree,0.0,0.00023956499999999996,0.000624237,0.00013497500000000001,9.518e-6,0.001077545,56,3,1.4210854715202e-14,115.3421967431841,1,2.220446049250313e-16,5.090697145211135e-16,3.090600988086811e+30,5.535464111892338e+45,mpmath_1792,150.3859396574688,27.30637436762227,23.815606194275084,53
Fasi_15,3,Int64,false,taylor,transfree,0.0,0.00030094900000000006,0.0010706190000000003,0.000223724,2.137e-5,0.001681841,90,4,1.647218428629769e-83,11.46255857509174,1,1.727233711018889e-77,1.10731604535988e-76,6.223809368685406e-31,5.535464111892338e+45,mpmath_1792,150.3859396574688,27.30637436762227,23.815606194275084,256
Fasi_15,3,Int64,false,taylor,transfree,0.0,0.0004928739999999999,0.004572853,0.0005443090000000001,0.000163931,0.00591794,90,11,1.565111456857904e-277,1.021004222720736,1,1.331998346195134e-256,5.615242675111992e-254,3.054745306844008e-208,5.535464111892338e+45,mpmath_1792,150.3859396574688,27.30637436762227,23.815606194275084,851
Fasi_15,3,Int64,false,taylor,complexschur,9.3818e-5,0.00042888499999999994,0.001089018,0.0005104589999999999,0.000118816,0.002385647,56,3,1.4210854715202e-14,112.7262515498957,1,2.220446049250313e-16,2.370178965286174e-14,1.325083991550766e+32,5.535464111892338e+45,mpmath_1792,150.3859396574688,27.30637436762227,23.815606194275084,53
Fasi_15,3,Int64,false,taylor,complexschur,0.000167618,0.000580883,0.0019720209999999996,0.000734652,0.000231079,0.003849364,90,4,6.588873714519077e-83,9.930042206143166,1,1.727233711018889e-77,2.658106435188119e-75,1.383596034163532e-29,5.535464111892338e+45,mpmath_1792,150.3859396574688,27.30637436762227,23.815606194275084,256
Fasi_15,3,Int64,false,taylor,complexschur,0.000304228,0.0004788070000000001,0.003149867,0.0006040879999999999,0.000666324,0.005368527,90,11,9.40595626065739e-278,1.018096111650619,1,1.331998346195134e-256,6.540722069668908e-255,4.154597109820191e-209,5.535464111892338e+45,mpmath_1792,150.3859396574688,27.30637436762227,23.815606194275084,851
Fasi_15,3,Int64,false,taylor,realschur,8.3318e-5,0.00025067000000000004,0.0006820999999999998,0.000153664,3.3413e-5,0.001295047,56,3,1.4210854715202e-14,112.7262515498957,1,2.220446049250313e-16,2.370178965286174e-14,1.325083991550766e+32,5.535464111892338e+45,mpmath_1792,150.3859396574688,27.30637436762227,23.815606194275084,53
Fasi_15,3,Int64,false,taylor,realschur,0.000119227,0.0003223720000000001,0.0011673039999999999,0.000208839,8.3939e-5,0.00199199,90,4,6.588873714519077e-83,9.930042206143166,1,1.727233711018889e-77,2.658106435188119e-75,1.383596034163532e-29,5.535464111892338e+45,mpmath_1792,150.3859396574688,27.30637436762227,23.815606194275084,256
Fasi_15,3,Int64,false,taylor,realschur,0.000182686,0.00034502700000000014,0.0026187980000000003,0.000291499,0.000562407,0.004116721,90,11,9.40595626065739e-278,1.018096111650619,1,1.331998346195134e-256,6.540722069668908e-255,4.154597109820191e-209,5.535464111892338e+45,mpmath_1792,150.3859396574688,27.30637436762227,23.815606194275084,851
Fasi_16,3,Float64,false,scaling_and_squaring,NaN,NaN,NaN,NaN,NaN,NaN,2.122e-5,NaN,NaN,NaN,NaN,NaN,2.220446049250313e-16,4.818530734304405e-16,1.190626426897774e-14,20.08553692318793,mpmath_1792,2.992591278694038,Inf,3.802951800684682e30,53
Fasi_16,3,Float64,false,diagonalcheap,transfree,0.0,2.0719e-5,0.0007388710000000001,0.00019128100000000001,4.1e-8,0.001005728,13,0,1.301059603900158e-16,20.08553692318794,5.91674831713232,2.220446049250313e-16,3.264950975031516e-16,6.577193750776986e-15,20.08553692318793,mpmath_1792,2.992591278694038,Inf,3.802951800684682e30,53
Fasi_16,3,Float64,false,diagonalcheap,transfree,0.0,0.00013189900000000002,0.0012702310000000001,0.000293316,4.0e-8,0.001744981,37,0,9.371181963633883e-84,20.08553692318795,5.735034561379446,1.727233711018889e-77,8.399591354281847e-78,1.546200584785494e-76,20.08553692318793,mpmath_1792,2.992591278694038,Inf,3.802951800684682e30,256
Fasi_16,3,Float64,false,diagonalcheap,transfree,0.0,0.00039605399999999996,0.003166501,0.000689307,4.0e-8,0.004319477,81,0,1.63789890200783e-260,20.08553692318796,5.684151336320332,1.331998346195134e-256,2.08683860642633e-256,4.488550059555516e-255,20.08553692318793,mpmath_1792,2.992591278694038,Inf,3.802951800684682e30,851
Fasi_16,3,Float64,false,diagonalcheap,complexschur,6.5425e-5,4.7901999999999996e-5,0.0007123249999999999,0.000293657,3.0e-8,0.001199796,13,0,0,20.08553692318782,4.687561237849226,2.220446049250313e-16,5.881081837025297e-16,1.118637464322552e-14,20.08553692318793,mpmath_1792,2.992591278694038,Inf,3.802951800684682e30,53
Fasi_16,3,Float64,false,diagonalcheap,complexschur,0.000115319,0.000213604,0.00146188,0.0005238780000000001,4.0e-8,0.002391748,37,0,3.748472785453541e-83,20.08553692318787,4.551275921034578,1.727233711018889e-77,6.906578562747891e-77,1.770992010268019e-75,20.08553692318793,mpmath_1792,2.992591278694038,Inf,3.802951800684682e30,256
Fasi_16,3,Float64,false,diagonalcheap,complexschur,0.000155294,0.00039052799999999996,0.003243236,0.002000006,4.0e-8,0.005934461,81,0,1.6378989020077e-260,20.08553692318781,4.513113502240229,1.331998346195134e-256,7.597735711068001e-256,1.676503881624022e-254,20.08553692318793,mpmath_1792,2.992591278694038,Inf,3.802951800684682e30,851
Fasi_16,3,Float64,false,diagonalcheap,realschur,8.8367e-5,6.1078e-5,0.0009583390000000002,0.00024637600000000003,4.0e-8,0.001423451,13,0,0,20.08553692318782,4.687561237849226,2.220446049250313e-16,5.881081837025297e-16,1.118637464322552e-14,20.08553692318793,mpmath_1792,2.992591278694038,Inf,3.802951800684682e30,53
Fasi_16,3,Float64,false,diagonalcheap,realschur,0.000145286,0.00024348299999999999,0.0017441489999999997,0.00046608500000000003,4.0e-8,0.002674274,37,0,3.748472785453541e-83,20.08553692318786,4.551275921034578,1.727233711018889e-77,6.906578562747891e-77,1.770992010268019e-75,20.08553692318793,mpmath_1792,2.992591278694038,Inf,3.802951800684682e30,256
Fasi_16,3,Float64,false,diagonalcheap,realschur,0.000244955,0.000556727,0.005023334,0.0009251339999999999,3.0e-8,0.00686682,81,0,1.6378989020077e-260,20.08553692318781,4.513113502240229,1.331998346195134e-256,7.597735711068001e-256,1.676503881624022e-254,20.08553692318793,mpmath_1792,2.992591278694038,Inf,3.802951800684682e30,851
Fasi_16,3,Float64,false,taylor,transfree,0.0,6.9832e-5,0.00031126300000000005,8.9189e-5,4.0e-8,0.000528523,30,0,2.220446049250313e-16,13.00000000000013,1,2.220446049250313e-16,1.043356231647793e-16,2.13075200888782e-15,20.08553692318793,mpmath_1792,2.992591278694038,Inf,3.802951800684682e30,53
Fasi_16,3,Float64,false,taylor,transfree,0.0,0.00015372899999999996,0.0006410869999999997,0.000186724,4.0e-8,0.001026338,81,0,3.294436857259539e-83,13.00000000000013,1,1.727233711018889e-77,7.454981321213911e-78,1.635097460731362e-76,20.08553692318793,mpmath_1792,2.992591278694038,Inf,3.802951800684682e30,256
Fasi_16,3,Float64,false,taylor,transfree,0.0,0.00036675999999999994,0.003221248,0.00047934899999999995,0.000100029,0.004285562,90,6,8.412027766893735e-262,1.047991002016633,1,1.331998346195134e-256,1.904610015585658e-255,4.020820970927458e-254,20.08553692318793,mpmath_1792,2.992591278694038,Inf,3.802951800684682e30,851
Fasi_16,3,Float64,false,taylor,complexschur,0.000125087,0.00023744099999999997,0.000516558,0.000369581,4.1e-8,0.001361303,30,0,1.110223024625157e-16,13.00000000000007,1,2.220446049250313e-16,5.881081837025297e-16,1.118637464322552e-14,20.08553692318793,mpmath_1792,2.992591278694038,Inf,3.802951800684682e30,53
Fasi_16,3,Float64,false,taylor,complexschur,0.000161777,0.00040517699999999995,0.001024743,0.000594329,4.0e-8,0.002290396,81,0,1.647218428629769e-83,13.00000000000007,1,1.727233711018889e-77,6.906578562747891e-77,1.770992010268019e-75,20.08553692318793,mpmath_1792,2.992591278694038,Inf,3.802951800684682e30,256
Fasi_16,3,Float64,false,taylor,complexschur,0.000259703,0.0005944039999999999,0.0035544549999999998,0.0006435329999999998,0.000325277,0.005515196,90,6,8.412027766893395e-262,1.047991002016633,1,1.331998346195134e-256,7.597735711068001e-256,1.676503881624022e-254,20.08553692318793,mpmath_1792,2.992591278694038,Inf,3.802951800684682e30,851
Fasi_16,3,Float64,false,taylor,realschur,6.844e-5,0.000154604,0.00037936,0.000110241,3.0e-8,0.000766004,30,0,1.110223024625157e-16,13.00000000000007,1,2.220446049250313e-16,5.881081837025297e-16,1.118637464322552e-14,20.08553692318793,mpmath_1792,2.992591278694038,Inf,3.802951800684682e30,53
Fasi_16,3,Float64,false,taylor,realschur,0.000115149,0.0002622439999999999,0.0006988179999999999,0.000258022,4.0e-8,0.001409575,81,0,1.647218428629769e-83,13.00000000000007,1,1.727233711018889e-77,6.906578562747891e-77,1.770992010268019e-75,20.08553692318793,mpmath_1792,2.992591278694038,Inf,3.802951800684682e30,256
Fasi_16,3,Float64,false,taylor,realschur,0.000260073,0.0004941869999999999,0.0035902950000000003,0.000478747,0.000432932,0.005413362,90,6,8.412027766893395e-262,1.047991002016633,1,1.331998346195134e-256,7.597735711068001e-256,1.676503881624022e-254,20.08553692318793,mpmath_1792,2.992591278694038,Inf,3.802951800684682e30,851
Fasi_17,3,Float64,false,scaling_and_squaring,NaN,NaN,NaN,NaN,NaN,NaN,1.8465e-5,NaN,NaN,NaN,NaN,NaN,2.220446049250313e-16,1.513501680019991e-14,9.193978693092416e+29,6.071617490886706e+43,mpmath_1792,101.1213740824729,324.60439560439556,223.97701774035167,53
Fasi_17,3,Float64,false,diagonalcheap,transfree,0.0,4.685e-5,0.001022209,0.000187255,1.3225e-5,0.001344832,13,4,5.042228470329442e-16,64.74920041704598,30.4916185990495,2.220446049250313e-16,4.748018016898842e-14,2.882461286606033e+30,6.071617490886706e+43,mpmath_1792,101.1213740824729,324.60439560439556,223.97701774035167,53
Fasi_17,3,Float64,false,diagonalcheap,transfree,0.0,0.000188549,0.0016230910000000003,0.00033342999999999996,1.4197e-5,0.00222936,43,3,1.891138524728353e-74,3858.800972578666,761.5759187504729,1.727233711018889e-77,9.653230442682334e-74,5.861013993139772e-30,6.071617490886706e+43,mpmath_1792,101.1213740824729,324.60439560439556,223.97701774035167,256
Fasi_17,3,Float64,false,diagonalcheap,transfree,0.0,0.000384456,0.003907315,0.000835015,3.7211e-5,0.00526457,91,4,3.548197746020832e-276,64.74920041704596,29.034305335318066,1.331998346195134e-256,2.009441110732326e-254,1.219232461983123e-210,6.071617490886706e+43,mpmath_1792,101.1213740824729,324.60439560439556,223.97701774035167,851
Fasi_17,3,Float64,false,diagonalcheap,complexschur,0.000145416,5.9581e-5,0.0009992780000000001,0.00033672800000000006,0.000146318,0.001814453,13,4,1.629894815283677e-15,59.58365623789248,25.577123546878965,2.220446049250313e-16,1.721406242999196e-14,1.0458319430563e+30,6.071617490886706e+43,mpmath_1792,101.1213740824729,324.60439560439556,223.97701774035167,53
Fasi_17,3,Float64,false,diagonalcheap,complexschur,0.000208215,0.000355727,0.003030162,0.001127768,0.000169311,0.005075181,43,3,7.467804544325777e-75,3550.21209067555,611.3203808967094,1.727233711018889e-77,2.486272283906729e-76,1.215018962252697e-32,6.071617490886706e+43,mpmath_1792,101.1213740824729,324.60439560439556,223.97701774035167,256
Fasi_17,3,Float64,false,diagonalcheap,complexschur,0.000387986,0.000719185,0.007093109000000002,0.001651995,0.000265775,0.01030846,91,4,1.088780219277805e-276,59.58365623789243,24.325179488752646,1.331998346195134e-256,5.322535317906757e-254,3.242948768085644e-210,6.071617490886706e+43,mpmath_1792,101.1213740824729,324.60439560439556,223.97701774035167,851
Fasi_17,3,Float64,false,diagonalcheap,realschur,0.00013701,7.1517e-5,0.001338669,0.00024355400000000002,7.7106e-5,0.001983724,13,4,1.629894815283677e-15,59.58365623789248,25.577123546878965,2.220446049250313e-16,1.721406242999196e-14,1.0458319430563e+30,6.071617490886706e+43,mpmath_1792,101.1213740824729,324.60439560439556,223.97701774035167,53
Fasi_17,3,Float64,false,diagonalcheap,realschur,0.000225197,0.000310189,0.037127984999999995,0.00060109,0.000112092,0.038521798,43,3,7.467804544325777e-75,3550.21209067555,611.3203808967094,1.727233711018889e-77,2.486272283906729e-76,1.215018962252697e-32,6.071617490886706e+43,mpmath_1792,101.1213740824729,324.60439560439556,223.97701774035167,256
Fasi_17,3,Float64,false,diagonalcheap,realschur,0.000383848,0.0006748599999999998,0.007968801000000003,0.001193683,0.000327722,0.010757032,91,4,1.088780219277805e-276,59.58365623789243,24.325179488752646,1.331998346195134e-256,5.322535317906757e-254,3.242948768085644e-210,6.071617490886706e+43,mpmath_1792,101.1213740824729,324.60439560439556,223.97701774035167,851
Fasi_17,3,Float64,false,taylor,transfree,0.0,0.000198685,0.0007509740000000002,9.6335e-5,1.2223e-5,0.001160923,30,4,1.77635683940025e-15,49.9437616768851,1,2.220446049250313e-16,9.156761469431207e-15,5.54679232469825e+29,6.071617490886706e+43,mpmath_1792,101.1213740824729,324.60439560439556,223.97701774035167,53
Fasi_17,3,Float64,false,taylor,transfree,0.0,0.00034474600000000005,0.0011598589999999996,0.000229236,1.7493e-5,0.001834682,90,4,1.647218428629769e-83,49.94376167688513,1,1.727233711018889e-77,8.083102823049438e-76,4.882241183398545e-32,6.071617490886706e+43,mpmath_1792,101.1213740824729,324.60439560439556,223.97701774035167,256
Fasi_17,3,Float64,false,taylor,transfree,0.0,0.000331485,0.002648405,0.000335346,9.7856e-5,0.003527263,90,11,1.212988924145074e-276,1.036521040787114,1,1.331998346195134e-256,3.476458830692918e-254,2.107863432506678e-210,6.071617490886706e+43,mpmath_1792,101.1213740824729,324.60439560439556,223.97701774035167,851
Fasi_17,3,Float64,false,taylor,complexschur,9.4218e-5,0.00017460999999999998,0.000561244,0.000190891,8.4631e-5,0.00120139,30,4,2.442490654175344e-15,45.95856951768356,1,2.220446049250313e-16,1.721126478395962e-14,1.0458319430563e+30,6.071617490886706e+43,mpmath_1792,101.1213740824729,324.60439560439556,223.97701774035167,53
Fasi_17,3,Float64,false,taylor,complexschur,0.00012138,0.00034794199999999996,0.001102564,0.000413984,0.000122753,0.002210385,90,4,4.941655285889308e-83,45.95856951768358,1,1.727233711018889e-77,6.090331273958022e-77,4.662174845709541e-33,6.071617490886706e+43,mpmath_1792,101.1213740824729,324.60439560439556,223.97701774035167,256
Fasi_17,3,Float64,false,taylor,complexschur,0.000218034,0.00040342499999999995,0.0038536169999999993,0.0008203209999999999,0.00119114,0.006707728,90,11,5.682928789727516e-277,1.032447984630402,1,1.331998346195134e-256,5.323448415908974e-254,3.242948768085644e-210,6.071617490886706e+43,mpmath_1792,101.1213740824729,324.60439560439556,223.97701774035167,851
Fasi_17,3,Float64,false,taylor,realschur,0.000135918,0.00025531400000000003,0.000835586,0.00015838900000000002,7.8529e-5,0.001574006,30,4,2.442490654175344e-15,45.95856951768356,1,2.220446049250313e-16,1.721126478395962e-14,1.0458319430563e+30,6.071617490886706e+43,mpmath_1792,101.1213740824729,324.60439560439556,223.97701774035167,53
Fasi_17,3,Float64,false,taylor,realschur,0.000201052,0.000524884,0.0018809949999999999,0.000354911,0.000146598,0.003226873,90,4,4.941655285889308e-83,45.95856951768358,1,1.727233711018889e-77,6.090331273958022e-77,4.662174845709541e-33,6.071617490886706e+43,mpmath_1792,101.1213740824729,324.60439560439556,223.97701774035167,256
Fasi_17,3,Float64,false,taylor,realschur,0.000371235,0.0005348229999999999,0.0036457279999999987,0.000355143,0.0005643,0.005611228,90,11,5.682928789727516e-277,1.032447984630402,1,1.331998346195134e-256,5.323448415908974e-254,3.242948768085644e-210,6.071617490886706e+43,mpmath_1792,101.1213740824729,324.60439560439556,223.97701774035167,851
Fasi_18,4,Float64,false,scaling_and_squaring,NaN,NaN,NaN,NaN,NaN,NaN,2.3935e-5,NaN,NaN,NaN,NaN,NaN,2.220446049250313e-16,1.009353253384874e-15,3.131235908074258e-14,27.00117433951892,mpmath_1792,3.53542415770214,Inf,Inf,53
Fasi_18,4,Float64,false,diagonalcheap,transfree,0.0,3.9377e-5,0.001089537,0.00033466500000000005,4.1e-8,0.001551805,13,0,0,27.0011743395189,9.151687882126264,2.220446049250313e-16,7.750156243211225e-16,1.976603962464095e-14,27.00117433951892,mpmath_1792,3.53542415770214,Inf,Inf,53
Fasi_18,4,Float64,false,diagonalcheap,transfree,0.0,0.00023168899999999998,0.001732269,0.000461537,3.0e-8,0.002496257,37,0,2.37945905421164e-83,27.00117433951892,8.841941635188128,1.727233711018889e-77,4.990507984594112e-77,1.304695057786005e-75,27.00117433951892,mpmath_1792,3.53542415770214,Inf,Inf,256
Fasi_18,4,Float64,false,diagonalcheap,transfree,0.0,0.00046217700000000003,0.0032936979999999994,0.001063229,3.0e-8,0.004901641,81,0,4.033248400863166e-258,27.00117433951893,8.75525248031495,1.331998346195134e-256,6.907767786096236e-256,1.860008548265654e-254,27.00117433951892,mpmath_1792,3.53542415770214,Inf,Inf,851
Fasi_18,4,Float64,false,diagonalcheap,complexschur,0.000115158,6.0083999999999996e-5,0.000880642,0.000404888,3.0e-8,0.001567915,13,0,3.971990881154096e-16,20.75881491555209,6.982630063714898,2.220446049250313e-16,1.560295592112719e-15,5.040005553166894e-14,27.00117433951892,mpmath_1792,3.53542415770214,Inf,Inf,53
Fasi_18,4,Float64,false,diagonalcheap,complexschur,0.0002159,0.000344092,0.002359528,0.001572093,4.0e-8,0.004703024,37,0,1.906038987268975e-83,20.758814915552,6.480872671499313,1.727233711018889e-77,6.647194956349771e-77,1.995588542193561e-75,27.00117433951892,mpmath_1792,3.53542415770214,Inf,Inf,256
Fasi_18,4,Float64,false,diagonalcheap,complexschur,0.000388097,0.0007353259999999999,0.005808421000000001,0.0023541290000000004,3.0e-8,0.009532448,81,0,1.005772010639329e-259,20.758814915552,6.696697839410036,1.331998346195134e-256,3.613610077539058e-256,1.448488807343602e-254,27.00117433951892,mpmath_1792,3.53542415770214,Inf,Inf,851
Fasi_18,4,Float64,false,diagonalcheap,realschur,0.000112604,4.484399999999999e-5,0.0007747610000000001,0.00023093699999999996,4.0e-8,0.00123343,13,0,3.971990881154096e-16,20.7588149155521,6.982630063714898,2.220446049250313e-16,1.560295592112719e-15,5.040005553166894e-14,27.00117433951892,mpmath_1792,3.53542415770214,Inf,Inf,53
Fasi_18,4,Float64,false,diagonalcheap,realschur,0.000172297,0.000228231,0.0017839359999999999,0.000628681,4.0e-8,0.002912076,37,0,1.906038987268975e-83,20.758814915552,6.480872671499313,1.727233711018889e-77,6.647194956349771e-77,1.995588542193561e-75,27.00117433951892,mpmath_1792,3.53542415770214,Inf,Inf,256
Fasi_18,4,Float64,false,diagonalcheap,realschur,0.000350946,0.0005741889999999999,0.005508943,0.001656632,4.0e-8,0.00825794,81,0,1.005772010639329e-259,20.758814915552,6.696697839410036,1.331998346195134e-256,3.613610077539058e-256,1.448488807343602e-254,27.00117433951892,mpmath_1792,3.53542415770214,Inf,Inf,851
Fasi_18,4,Float64,false,taylor,transfree,0.0,0.00012960800000000002,0.00043711799999999996,0.00022328600000000003,4.0e-8,0.000847328,30,0,2.220446049250313e-16,17.16666666666693,1,2.220446049250313e-16,7.291999391761051e-17,1.783197686768722e-15,27.00117433951892,mpmath_1792,3.53542415770214,Inf,Inf,53
Fasi_18,4,Float64,false,taylor,transfree,0.0,0.00036364,0.0010716339999999997,0.00040077099999999996,4.0e-8,0.001891469,81,0,1.153052900040838e-82,17.16666666666693,1,1.727233711018889e-77,4.155165588611571e-78,9.040185186639899e-77,27.00117433951892,mpmath_1792,3.53542415770214,Inf,Inf,256
Fasi_18,4,Float64,false,taylor,transfree,0.0,0.000370512,0.0022551500000000005,0.0006666080000000001,0.000215559,0.003613958,90,6,2.75640419535353e-260,1.06400066309519,1,1.331998346195134e-256,1.377043460239936e-255,4.853263116557823e-254,27.00117433951892,mpmath_1792,3.53542415770214,Inf,Inf,851
Fasi_18,4,Float64,false,taylor,complexschur,0.000191734,0.000302945,0.0006004870000000001,0.000593879,5.0e-8,0.001864027,30,0,1.110223024625157e-16,13.28243340289705,1,2.220446049250313e-16,1.08865534938435e-15,3.707737923616706e-14,27.00117433951892,mpmath_1792,3.53542415770214,Inf,Inf,53
Fasi_18,4,Float64,false,taylor,complexschur,0.000244534,0.000558388,0.0013350670000000001,0.00133381,4.0e-8,0.003659194,81,0,2.470827642944654e-83,13.28243340289704,1,1.727233711018889e-77,7.872260669161219e-77,2.617392678160361e-75,27.00117433951892,mpmath_1792,3.53542415770214,Inf,Inf,256
Fasi_18,4,Float64,false,taylor,complexschur,0.000213956,0.000391429,0.0022592149999999997,0.000932883,0.000484539,0.004459442,90,6,2.274469098984873e-261,1.048531036135448,1,1.331998346195134e-256,2.142658994909455e-256,6.345700697661307e-255,27.00117433951892,mpmath_1792,3.53542415770214,Inf,Inf,851
Fasi_18,4,Float64,false,taylor,realschur,0.000107714,0.000181263,0.00037722499999999997,0.00013646,3.1e-8,0.000857838,30,0,1.110223024625157e-16,13.28243340289705,1,2.220446049250313e-16,1.08865534938435e-15,3.707737923616706e-14,27.00117433951892,mpmath_1792,3.53542415770214,Inf,Inf,53
Fasi_18,4,Float64,false,taylor,realschur,0.000146338,0.000320888,0.0007375110000000002,0.00031508700000000003,4.0e-8,0.001590408,81,0,2.470827642944654e-83,13.28243340289704,1,1.727233711018889e-77,7.872260669161219e-77,2.617392678160361e-75,27.00117433951892,mpmath_1792,3.53542415770214,Inf,Inf,256
Fasi_18,4,Float64,false,taylor,realschur,0.000224757,0.000355726,0.002379932000000001,0.00055103,0.000365834,0.004021501,90,6,2.274469098984873e-261,1.048531036135448,1,1.331998346195134e-256,2.142658994909455e-256,6.345700697661307e-255,27.00117433951892,mpmath_1792,3.53542415770214,Inf,Inf,851
ward77_test1,3,Int64,false,scaling_and_squaring,NaN,NaN,NaN,NaN,NaN,NaN,1.7213e-5,NaN,NaN,NaN,NaN,NaN,2.220446049250313e-16,6.012542349579195e-16,3.459153631826017e-13,531.2098790159176,given,7.496198157309751,3.3703703703703702,2.464222246704459,53
ward77_test1,3,Int64,false,diagonalcheap,transfree,0.0,3.4475e-5,0.00096987,0.000238363,5.34e-6,0.001324984,13,1,3.073338986751533e-16,25.28681954080421,3.654296676287483,2.220446049250313e-16,7.44275492812685e-16,4.031902677731559e-13,531.2098790159176,given,7.496198157309751,3.3703703703703702,2.464222246704459,53
ward77_test1,3,Int64,false,diagonalcheap,transfree,0.0,0.000174871,0.001830805,0.00042944399999999996,7.524e-6,0.002507508,37,1,5.518158444770409e-83,25.28681954080418,3.5443475747393673,1.727233711018889e-77,4.178021025221273e-17,2.352795169593361e-14,531.2098790159176,given,7.496198157309751,3.3703703703703702,2.464222246704459,256
ward77_test1,3,Int64,false,diagonalcheap,transfree,0.0,0.000505289,0.004521389000000001,0.000970173,1.4748e-5,0.006111507,81,1,7.345740895011447e-259,25.28681954080419,3.5134526145090086,1.331998346195134e-256,4.178021025221273e-17,2.352795169593361e-14,531.2098790159176,given,7.496198157309751,3.3703703703703702,2.464222246704459,851
ward77_test1,3,Int64,false,diagonalcheap,complexschur,5.6687e-5,8.1595e-5,0.0015118190000000002,0.00041284400000000005,3.3734e-5,0.002212819,13,1,1.301059603900145e-16,20.08553692318761,2.1894884896094626,2.220446049250313e-16,3.312259730860768e-15,1.937531091285226e-12,531.2098790159176,given,7.496198157309751,3.3703703703703702,2.464222246704459,53
ward77_test1,3,Int64,false,diagonalcheap,complexschur,5.4223e-5,0.000281384,0.0020293890000000004,0.000817512,4.7541e-5,0.003366057,37,1,5.622709178180288e-83,20.0855369231877,2.141604008952554,1.727233711018889e-77,4.178021025221273e-17,2.352795169593361e-14,531.2098790159176,given,7.496198157309751,3.3703703703703702,2.464222246704459,256
ward77_test1,3,Int64,false,diagonalcheap,complexschur,7.3059e-5,0.000509016,0.004816178000000001,0.0019313470000000001,0.000101653,0.007605052,81,1,1.637898902006972e-260,20.0855369231876,2.1281230528077324,1.331998346195134e-256,4.178021025221273e-17,2.352795169593361e-14,531.2098790159176,given,7.496198157309751,3.3703703703703702,2.464222246704459,851
ward77_test1,3,Int64,false,diagonalcheap,realschur,6.5164e-5,9.3408e-5,0.0013559990000000003,0.000264916,1.7493e-5,0.001895607,13,1,1.301059603900145e-16,20.08553692318761,2.1894884896094626,2.220446049250313e-16,3.312259730860768e-15,1.937531091285226e-12,531.2098790159176,given,7.496198157309751,3.3703703703703702,2.464222246704459,53
ward77_test1,3,Int64,false,diagonalcheap,realschur,6.3852e-5,0.000267878,0.0019324770000000004,0.00042748,3.0689e-5,0.002820412,37,1,5.622709178180288e-83,20.0855369231877,2.141604008952554,1.727233711018889e-77,4.178021025221273e-17,2.352795169593361e-14,531.2098790159176,given,7.496198157309751,3.3703703703703702,2.464222246704459,256
ward77_test1,3,Int64,false,diagonalcheap,realschur,8.4681e-5,0.000486354,0.004634412000000001,0.0010000690000000001,7.8819e-5,0.006430162,81,1,1.637898902006972e-260,20.0855369231876,2.1281230528077324,1.331998346195134e-256,4.178021025221273e-17,2.352795169593361e-14,531.2098790159176,given,7.496198157309751,3.3703703703703702,2.464222246704459,851
ward77_test1,3,Int64,false,taylor,transfree,0.0,8.1714e-5,0.00040138100000000013,0.00011381600000000001,5.41e-6,0.000661425,30,1,1.110223024625157e-16,15.9375,1,2.220446049250313e-16,1.445161171584236e-16,8.041027827345841e-14,531.2098790159176,given,7.496198157309751,3.3703703703703702,2.464222246704459,53
ward77_test1,3,Int64,false,taylor,transfree,0.0,0.000177076,0.0007783890000000001,0.000244635,6.652e-6,0.001258528,81,1,5.765264500204192e-83,15.9375,1,1.727233711018889e-77,4.178021025221273e-17,2.352795169593361e-14,531.2098790159176,given,7.496198157309751,3.3703703703703702,2.464222246704459,256
ward77_test1,3,Int64,false,taylor,transfree,0.0,0.00039567100000000016,0.002590576,0.000300981,6.0825e-5,0.003437944,90,7,1.150494841058054e-260,1.056083230488058,1,1.331998346195134e-256,4.178021025221273e-17,2.352795169593361e-14,531.2098790159176,given,7.496198157309751,3.3703703703703702,2.464222246704459,851
ward77_test1,3,Int64,false,taylor,complexschur,6.0906e-5,0.00023180099999999999,0.0006156909999999999,0.00031643899999999996,3.3183e-5,0.001386451,30,1,3.33066907387547e-16,12.99999999999999,1,2.220446049250313e-16,3.348687274467204e-15,2.022796219576438e-12,531.2098790159176,given,7.496198157309751,3.3703703703703702,2.464222246704459,53
ward77_test1,3,Int64,false,taylor,complexschur,5.7159e-5,0.000413945,0.0012059389999999998,0.000694449,5.0676e-5,0.002562643,81,1,1.647218428629769e-83,13,1,1.727233711018889e-77,4.178021025221273e-17,2.352795169593361e-14,531.2098790159176,given,7.496198157309751,3.3703703703703702,2.464222246704459,256
ward77_test1,3,Int64,false,taylor,complexschur,7.2418e-5,0.00047716599999999995,0.003211675000000001,0.000763738,0.000633923,0.005321709,90,7,8.412027766891355e-262,1.047991002016633,1,1.331998346195134e-256,4.178021025221273e-17,2.352795169593361e-14,531.2098790159176,given,7.496198157309751,3.3703703703703702,2.464222246704459,851
ward77_test1,3,Int64,false,taylor,realschur,4.0146e-5,0.000185089,0.000467777,0.00012022900000000002,1.6912e-5,0.000898325,30,1,3.33066907387547e-16,12.99999999999999,1,2.220446049250313e-16,3.348687274467204e-15,2.022796219576438e-12,531.2098790159176,given,7.496198157309751,3.3703703703703702,2.464222246704459,53
ward77_test1,3,Int64,false,taylor,realschur,4.5437e-5,0.000331266,0.0010829270000000002,0.000273368,3.0388e-5,0.001837697,81,1,1.647218428629769e-83,13,1,1.727233711018889e-77,4.178021025221273e-17,2.352795169593361e-14,531.2098790159176,given,7.496198157309751,3.3703703703703702,2.464222246704459,256
ward77_test1,3,Int64,false,taylor,realschur,6.5554e-5,0.0004537280000000001,0.0027565740000000004,0.000345354,0.000344614,0.004077818,90,7,8.412027766891355e-262,1.047991002016633,1,1.331998346195134e-256,4.178021025221273e-17,2.352795169593361e-14,531.2098790159176,given,7.496198157309751,3.3703703703703702,2.464222246704459,851
ward77_test2,3,Float64,true,scaling_and_squaring,NaN,NaN,NaN,NaN,NaN,NaN,3.8112e-5,NaN,NaN,NaN,NaN,NaN,2.220446049250313e-16,1.531955784621329e-15,463.5709761713245,3.010620249796788e+17,mpmath_1792,53.85164801584676,2.514602272494495,2.000000000000001,53
ward77_test2,3,Float64,true,diagonalcheap,transfree,0.000109428,0.0,0.0,0.0,0.0,0.000160275,NaN,NaN,NaN,NaN,NaN,2.220446049250313e-16,5.447200417361337e-15,1692.429023828676,3.010620249796788e+17,mpmath_1792,53.85164801584676,2.514602272494495,2.000000000000001,53
ward77_test2,3,Float64,true,diagonalcheap,transfree,0.000201672,0.0,0.0,0.0,0.0,0.000242299,NaN,NaN,NaN,NaN,NaN,1.727233711018889e-77,2.032880445290138e-76,5.440849046825115e-59,3.010620249796788e+17,mpmath_1792,53.85164801584676,2.514602272494495,2.000000000000001,256
ward77_test2,3,Float64,true,diagonalcheap,transfree,0.000491392,0.0,0.0,0.0,0.0,0.000566204,NaN,NaN,NaN,NaN,NaN,1.331998346195134e-256,1.322402138291889e-255,4.112928690346672e-238,3.010620249796788e+17,mpmath_1792,53.85164801584676,2.514602272494495,2.000000000000001,851
ward77_test2,3,Float64,true,diagonalcheap,complexschur,7.2167e-5,4.7839999999999996e-5,0.000924003,0.000282065,4.6508e-5,0.001461283,13,2,1.499211605278087e-16,12.18249396070348,12.182493960703482,2.220446049250313e-16,5.148813245691267e-15,1592.429023828676,3.010620249796788e+17,mpmath_1792,53.85164801584676,2.514602272494495,2.000000000000001,53
ward77_test2,3,Float64,true,diagonalcheap,complexschur,0.000105891,0.00020626000000000002,0.0014277460000000001,0.000544854,4.0256e-5,0.002415894,37,1,9.856631044319481e-77,148.4131591025778,148.41315910257774,1.727233711018889e-77,7.286939861871046e-76,2.090504201231005e-58,3.010620249796788e+17,mpmath_1792,53.85164801584676,2.514602272494495,2.000000000000001,256
ward77_test2,3,Float64,true,diagonalcheap,complexschur,0.000194469,0.000432981,0.003757380999999999,0.0023716609999999997,0.000109618,0.007080676,91,1,2.856778381758479e-260,148.413159102575,148.41315910257495,1.331998346195134e-256,5.36492455610656e-255,1.551062447595347e-237,3.010620249796788e+17,mpmath_1792,53.85164801584676,2.514602272494495,2.000000000000001,851
ward77_test2,3,Float64,true,diagonalcheap,realschur,0.00011073,6.4652e-5,0.001212873,0.000252667,4.6539e-5,0.001775549,13,2,1.499211605278087e-16,12.18249396070348,12.182493960703482,2.220446049250313e-16,5.148813245691267e-15,1592.429023828676,3.010620249796788e+17,mpmath_1792,53.85164801584676,2.514602272494495,2.000000000000001,53
ward77_test2,3,Float64,true,diagonalcheap,realschur,0.000168049,0.000285083,0.0021383080000000007,0.0005302439999999999,3.5658e-5,0.00326731,37,1,9.856631044319481e-77,148.4131591025778,148.41315910257774,1.727233711018889e-77,7.286939861871046e-76,2.090504201231005e-58,3.010620249796788e+17,mpmath_1792,53.85164801584676,2.514602272494495,2.000000000000001,256
ward77_test2,3,Float64,true,diagonalcheap,realschur,0.000313105,0.0006260990000000001,0.005724785,0.000854361,5.7048e-5,0.007724769,91,1,2.856778381758479e-260,148.413159102575,148.41315910257495,1.331998346195134e-256,5.36492455610656e-255,1.551062447595347e-237,3.010620249796788e+17,mpmath_1792,53.85164801584676,2.514602272494495,2.000000000000001,851
ward77_test2,3,Float64,true,taylor,transfree,0.000113405,0.0,0.0,0.0,0.0,0.000179531,NaN,NaN,NaN,NaN,NaN,2.220446049250313e-16,5.447200417361337e-15,1692.429023828676,3.010620249796788e+17,mpmath_1792,53.85164801584676,2.514602272494495,2.000000000000001,53
ward77_test2,3,Float64,true,taylor,transfree,0.000240646,0.0,0.0,0.0,0.0,0.000301893,NaN,NaN,NaN,NaN,NaN,1.727233711018889e-77,2.032880445290138e-76,5.440849046825115e-59,3.010620249796788e+17,mpmath_1792,53.85164801584676,2.514602272494495,2.000000000000001,256
ward77_test2,3,Float64,true,taylor,transfree,0.000504447,0.0,0.0,0.0,0.0,0.000586984,NaN,NaN,NaN,NaN,NaN,1.331998346195134e-256,1.322402138291889e-255,4.112928690346672e-238,3.010620249796788e+17,mpmath_1792,53.85164801584676,2.514602272494495,2.000000000000001,851
ward77_test2,3,Float64,true,taylor,complexschur,7.8138e-5,0.0001796,0.000496221,0.000231791,2.3154e-5,0.001110467,36,1,0,39.33333333333337,1,2.220446049250313e-16,5.148813245691267e-15,1592.429023828676,3.010620249796788e+17,mpmath_1792,53.85164801584676,2.514602272494495,2.000000000000001,53
ward77_test2,3,Float64,true,taylor,complexschur,0.00012102,0.00036230699999999997,0.0008697180000000002,0.00048419299999999995,3.3954e-5,0.001979637,90,1,3.158956435941597e-77,39.33333333333331,1,1.727233711018889e-77,7.286939861871046e-76,2.090504201231005e-58,3.010620249796788e+17,mpmath_1792,53.85164801584676,2.514602272494495,2.000000000000001,256
ward77_test2,3,Float64,true,taylor,complexschur,0.000191854,0.00037092999999999995,0.0022718150000000004,0.000523113,0.000491152,0.003986435,90,8,5.240472070716204e-269,1.03983547133623,1,1.331998346195134e-256,5.36492455610656e-255,1.551062447595347e-237,3.010620249796788e+17,mpmath_1792,53.85164801584676,2.514602272494495,2.000000000000001,851
ward77_test2,3,Float64,true,taylor,realschur,6.9813e-5,0.000150408,0.0003898670000000002,0.000100431,1.2914e-5,0.000776513,36,1,0,39.33333333333337,1,2.220446049250313e-16,5.148813245691267e-15,1592.429023828676,3.010620249796788e+17,mpmath_1792,53.85164801584676,2.514602272494495,2.000000000000001,53
ward77_test2,3,Float64,true,taylor,realschur,0.000104117,0.00030301399999999994,0.000786361,0.00020420699999999998,2.2894e-5,0.001487934,90,1,3.158956435941597e-77,39.33333333333331,1,1.727233711018889e-77,7.286939861871046e-76,2.090504201231005e-58,3.010620249796788e+17,mpmath_1792,53.85164801584676,2.514602272494495,2.000000000000001,256
ward77_test2,3,Float64,true,taylor,realschur,0.000186654,0.000311277,0.0021493860000000005,0.000300861,0.000400269,0.003455286,90,8,5.240472070716204e-269,1.03983547133623,1,1.331998346195134e-256,5.36492455610656e-255,1.551062447595347e-237,3.010620249796788e+17,mpmath_1792,53.85164801584676,2.514602272494495,2.000000000000001,851
ward77_test3,3,Int64,false,scaling_and_squaring,NaN,NaN,NaN,NaN,NaN,NaN,2.3024e-5,NaN,NaN,NaN,NaN,NaN,2.220446049250313e-16,9.777183966995681e-14,1.163939507929675e-12,12.07715328479679,mpmath_1792,15278.07390210343,30463.399999998073,12610.398449560616,53
ward77_test3,3,Int64,false,diagonalcheap,transfree,0.0,4.649e-6,0.001369679,0.00022362399999999999,3.5277e-5,0.001716066,7,6,3.896784859247638e-17,11.04034629717661,48.67347737551372,2.220446049250313e-16,6.787738038506878e-14,7.873884801515001e-13,12.07715328479679,mpmath_1792,15278.07390210343,30463.399999998073,12610.398449560616,53
ward77_test3,3,Int64,false,diagonalcheap,transfree,0.0,0.00029117199999999997,0.0024146289999999997,0.000515169,2.8534e-5,0.003335409,37,3,3.04106860525293e-82,35.84897952317326,3440.3025680772503,1.727233711018889e-77,4.111428700838355e-75,4.903511138337119e-74,12.07715328479679,mpmath_1792,15278.07390210343,30463.399999998073,12610.398449560616,256
ward77_test3,3,Int64,false,diagonalcheap,transfree,0.0,0.000400609,0.003689195,0.001212258,5.3321e-5,0.005468848,91,3,1.224139314049995e-279,35.84897952317267,3482.664516643189,1.331998346195134e-256,1.17636742246392e-253,1.422058015704211e-252,12.07715328479679,mpmath_1792,15278.07390210343,30463.399999998073,12610.398449560616,851
ward77_test3,3,Int64,false,diagonalcheap,complexschur,0.000137421,4.228e-6,0.0012608809999999997,0.00036249800000000005,0.000236499,0.002130713,7,6,0,8.425726854030868,28.838379718676844,2.220446049250313e-16,6.38570280719407e-13,7.742935729428106e-12,12.07715328479679,mpmath_1792,15278.07390210343,30463.399999998073,12610.398449560616,53
ward77_test3,3,Int64,false,diagonalcheap,complexschur,0.000203035,0.00035480300000000005,0.002630741,0.0009702809999999999,0.000160755,0.004481113,37,3,2.038364891603162e-82,23.61028364579639,1437.7938418538467,1.727233711018889e-77,3.36910384473221e-74,4.082672859459898e-73,12.07715328479679,mpmath_1792,15278.07390210343,30463.399999998073,12610.398449560616,256
ward77_test3,3,Int64,false,diagonalcheap,complexschur,0.000367027,0.00077079,0.006142237000000001,0.0017393089999999999,0.000212614,0.009389978,91,3,5.468838894177703e-280,23.61028364579639,1455.0650924288768,1.331998346195134e-256,6.130277477295802e-254,7.406076617907802e-253,12.07715328479679,mpmath_1792,15278.07390210343,30463.399999998073,12610.398449560616,851
ward77_test3,3,Int64,false,diagonalcheap,realschur,9.7755e-5,2.9770000000000005e-6,0.0008601720000000001,0.000144134,6.3801e-5,0.001229362,7,6,0,8.425726854030868,28.838379718676844,2.220446049250313e-16,6.38570280719407e-13,7.742935729428106e-12,12.07715328479679,mpmath_1792,15278.07390210343,30463.399999998073,12610.398449560616,53
ward77_test3,3,Int64,false,diagonalcheap,realschur,0.000129105,0.00018829600000000001,0.0014675460000000001,0.000280182,6.3881e-5,0.002202991,37,3,2.038364891603162e-82,23.61028364579639,1437.7938418538467,1.727233711018889e-77,3.36910384473221e-74,4.082672859459898e-73,12.07715328479679,mpmath_1792,15278.07390210343,30463.399999998073,12610.398449560616,256
ward77_test3,3,Int64,false,diagonalcheap,realschur,0.000228102,0.00038345899999999995,0.003730976,0.001007744,0.000179571,0.005674778,91,3,5.468838894177703e-280,23.61028364579639,1455.0650924288768,1.331998346195134e-256,6.130277477295802e-254,7.406076617907802e-253,12.07715328479679,mpmath_1792,15278.07390210343,30463.399999998073,12610.398449560616,851
ward77_test3,3,Int64,false,taylor,transfree,0.0,0.000146357,0.000463022,9.3456e-5,9.558e-6,0.000762107,36,3,8.881784197001252e-16,8.097900390624998,1,2.220446049250313e-16,1.228455435672896e-14,1.320859825422815e-13,12.07715328479679,mpmath_1792,15278.07390210343,30463.399999998073,12610.398449560616,53
ward77_test3,3,Int64,false,taylor,transfree,0.0,0.000293768,0.0008863539999999999,0.00021243399999999998,1.4257e-5,0.001462645,90,3,3.294436857259539e-83,8.097900390624997,1,1.727233711018889e-77,3.718921280574181e-75,4.547700993867228e-74,12.07715328479679,mpmath_1792,15278.07390210343,30463.399999998073,12610.398449560616,256
ward77_test3,3,Int64,false,taylor,transfree,0.0,0.000411225,0.004220553,0.000775841,0.000244004,0.005799976,90,10,4.476075532196576e-281,1.624269795326271,1,1.331998346195134e-256,5.541485555952323e-253,6.670098337100469e-252,12.07715328479679,mpmath_1792,15278.07390210343,30463.399999998073,12610.398449560616,851
ward77_test3,3,Int64,false,taylor,complexschur,0.000144414,0.000291003,0.000818752,0.000392717,0.000116561,0.001895106,36,3,0,6.435817006600388,1,2.220446049250313e-16,6.386512686826898e-13,7.744045952452731e-12,12.07715328479679,mpmath_1792,15278.07390210343,30463.399999998073,12610.398449560616,53
ward77_test3,3,Int64,false,taylor,complexschur,0.000210038,0.0005407760000000001,0.0015086390000000004,0.000716623,0.000168219,0.003292538,81,3,2.981442294761882e-77,6.435817006601669,1,1.727233711018889e-77,3.36910384473221e-74,4.082672859459898e-73,12.07715328479679,mpmath_1792,15278.07390210343,30463.399999998073,12610.398449560616,256
ward77_test3,3,Int64,false,taylor,complexschur,0.000537099,0.0006389919999999999,0.004444866000000002,0.001484016,0.000930426,0.008290311,90,10,1.032940507429979e-281,1.541435678520147,1,1.331998346195134e-256,6.116178409073702e-254,7.388760639407265e-253,12.07715328479679,mpmath_1792,15278.07390210343,30463.399999998073,12610.398449560616,851
ward77_test3,3,Int64,false,taylor,realschur,9.8577e-5,0.000159202,0.000522839,0.00011716300000000002,3.4024e-5,0.000997372,36,3,0,6.435817006600388,1,2.220446049250313e-16,6.386512686826898e-13,7.744045952452731e-12,12.07715328479679,mpmath_1792,15278.07390210343,30463.399999998073,12610.398449560616,53
ward77_test3,3,Int64,false,taylor,realschur,0.000130177,0.00026917200000000003,0.000821948,0.000186494,6.3521e-5,0.001540734,81,3,2.981442294761882e-77,6.435817006601669,1,1.727233711018889e-77,3.36910384473221e-74,4.082672859459898e-73,12.07715328479679,mpmath_1792,15278.07390210343,30463.399999998073,12610.398449560616,256
ward77_test3,3,Int64,false,taylor,realschur,0.000349673,0.0003248340000000001,0.002807216,0.0005629820000000001,0.000603455,0.004795731,90,10,1.032940507429979e-281,1.541435678520147,1,1.331998346195134e-256,6.116178409073702e-254,7.388760639407265e-253,12.07715328479679,mpmath_1792,15278.07390210343,30463.399999998073,12610.398449560616,851
ward77_test4,10,Float64,false,scaling_and_squaring,NaN,NaN,NaN,NaN,NaN,NaN,2.6831e-5,NaN,NaN,NaN,NaN,NaN,2.220446049250313e-16,4.822740147560198e-17,2.404171407024431e-16,2.718281525573192,mpmath_1792,1.691360041692454,1.0e10,1.0e10,53
ward77_test4,10,Float64,false,diagonalcheap,transfree,0.0,3.396e-6,0.0008683369999999998,0.004242831,3.0e-8,0.085035252,9,0,1.152469037665662e-17,2.718281525573192,2.718281825640393,2.220446049250313e-16,1.357214996503812e-16,3.401764910100573e-16,2.718281525573192,mpmath_1792,1.691360041692454,1.0e10,1.0e10,53
ward77_test4,10,Float64,false,diagonalcheap,transfree,0.0,0.00037501100000000007,0.0017855490000000002,0.0021373380000000003,4.0e-8,0.004503155,25,0,1.392937073183684e-80,2.718281525573192,2.7182818272837044,1.727233711018889e-77,1.351506991180194e-16,3.031305114638448e-16,2.718281525573192,mpmath_1792,1.691360041692454,1.0e10,1.0e10,256
ward77_test4,10,Float64,false,diagonalcheap,transfree,0.0,0.0005292830000000001,0.004289101,0.002504955,3.0e-8,0.066331971,49,0,0,2.718281525573192,2.718281827466352,1.331998346195134e-256,1.351506991180194e-16,3.031305114638448e-16,2.718281525573192,mpmath_1792,1.691360041692454,1.0e10,1.0e10,851
ward77_test4,10,Float64,false,diagonalcheap,complexschur,0.003859624,2.5350000000000003e-6,0.0011616020000000003,0.002442035,4.0e-8,0.008503767,9,0,1.187553181647755e-17,2.841317783340085,2.7826693612627222,2.220446049250313e-16,1.45509292079014e-15,6.650980910599035e-15,2.718281525573192,mpmath_1792,1.691360041692454,1.0e10,1.0e10,53
ward77_test4,10,Float64,false,diagonalcheap,complexschur,0.006184807,0.000550635,0.0032419530000000005,0.008727471,4.0e-8,0.021031059,25,0,1.454317336117037e-79,2.834149153996954,2.7918660193666653,1.727233711018889e-77,1.924739174869666e-76,1.016254729655278e-75,2.718281525573192,mpmath_1792,1.691360041692454,1.0e10,1.0e10,256
ward77_test4,10,Float64,false,diagonalcheap,complexschur,0.012872607,0.000981074,0.0050066220000000005,0.039987822,3.0e-8,0.061236833,49,0,0,2.834104846888132,2.8119561577454353,1.331998346195134e-256,1.031719201798392e-255,5.355101448980057e-255,2.718281525573192,mpmath_1792,1.691360041692454,1.0e10,1.0e10,851
ward77_test4,10,Float64,false,diagonalcheap,realschur,0.0,1.3819999999999999e-6,0.000736728,0.000694007,3.0e-8,0.001613893,9,0,1.152469037665662e-17,2.718281525573192,2.718281825640393,2.220446049250313e-16,1.357214996503812e-16,3.401764910100573e-16,2.718281525573192,mpmath_1792,1.691360041692454,1.0e10,1.0e10,53
ward77_test4,10,Float64,false,diagonalcheap,realschur,0.0,0.00018990900000000001,0.001333694,0.0012606809999999998,3.0e-8,0.002927205,25,0,1.392937073183684e-80,2.718281525573192,2.7182818272837044,1.727233711018889e-77,1.351506991180194e-16,3.031305114638448e-16,2.718281525573192,mpmath_1792,1.691360041692454,1.0e10,1.0e10,256
ward77_test4,10,Float64,false,diagonalcheap,realschur,0.0,0.000504327,0.002925021,0.004144303,1.0e-7,0.007742652,49,0,0,2.718281525573192,2.718281827466352,1.331998346195134e-256,1.351506991180194e-16,3.031305114638448e-16,2.718281525573192,mpmath_1792,1.691360041692454,1.0e10,1.0e10,851
ward77_test4,10,Float64,false,taylor,transfree,0.0,0.000281272,0.0005943609999999998,0.001090085,4.1e-8,0.002178203,20,0,2.775557561562891e-17,2.666666666666667,1,2.220446049250313e-16,1.352656096604239e-16,3.176259316176754e-16,2.718281525573192,mpmath_1792,1.691360041692454,1.0e10,1.0e10,53
ward77_test4,10,Float64,false,taylor,transfree,0.0,0.0005738799999999999,0.000685183,0.002221866,4.0e-8,0.003643995,56,0,2.51077176327856e-77,2.666666666666667,1,1.727233711018889e-77,1.351506991180194e-16,3.031305114638448e-16,2.718281525573192,mpmath_1792,1.691360041692454,1.0e10,1.0e10,256
ward77_test4,10,Float64,false,taylor,transfree,0.0,0.0011169090000000001,0.0026618820000000004,0.003880072,0.000919184,0.008928292,90,2,2.261795397769178e-278,1.284025416687473,1,1.331998346195134e-256,1.351507178409144e-16,3.033150383257358e-16,2.718281525573192,mpmath_1792,1.691360041692454,1.0e10,1.0e10,851
ward77_test4,10,Float64,false,taylor,complexschur,0.005643469,0.000326509,0.000817411,0.003102395,4.0e-8,0.011066309,20,0,4.163336342344337e-17,2.793063606816895,1,2.220446049250313e-16,1.436471966685166e-15,6.800713692759721e-15,2.718281525573192,mpmath_1792,1.691360041692454,1.0e10,1.0e10,53
ward77_test4,10,Float64,false,taylor,complexschur,0.010350311,0.001331708,0.0021791129999999994,0.008595993,3.0e-8,0.023985014,64,0,0,2.793095381648726,1,1.727233711018889e-77,1.961765811573896e-76,1.028542588825345e-75,2.718281525573192,mpmath_1792,1.691360041692454,1.0e10,1.0e10,256
ward77_test4,10,Float64,false,taylor,complexschur,0.034846414,0.002540029,0.006112537000000001,0.014849591,0.001903302,0.063620185,90,2,1.021922475350726e-277,1.308805105282819,1,1.331998346195134e-256,1.068820685232194e-255,5.552195080742537e-255,2.718281525573192,mpmath_1792,1.691360041692454,1.0e10,1.0e10,851
ward77_test4,10,Float64,false,taylor,realschur,0.0,0.000169461,0.000519205,0.000685109,4.1e-8,0.001603162,20,0,2.775557561562891e-17,2.666666666666667,1,2.220446049250313e-16,1.352656096604239e-16,3.176259316176754e-16,2.718281525573192,mpmath_1792,1.691360041692454,1.0e10,1.0e10,53
ward77_test4,10,Float64,false,taylor,realschur,0.0,0.00039530999999999995,0.0007316670000000002,0.0014604629999999997,3.0e-8,0.002804572,56,0,2.51077176327856e-77,2.666666666666667,1,1.727233711018889e-77,1.351506991180194e-16,3.031305114638448e-16,2.718281525573192,mpmath_1792,1.691360041692454,1.0e10,1.0e10,256
ward77_test4,10,Float64,false,taylor,realschur,0.0,0.0010731260000000002,0.0026040160000000002,0.007761274,0.000978708,0.012775052,90,2,2.261795397769178e-278,1.284025416687473,1,1.331998346195134e-256,1.351507178409144e-16,3.033150383257358e-16,2.718281525573192,mpmath_1792,1.691360041692454,1.0e10,1.0e10,851
naha95_p370,3,Float64,false,scaling_and_squaring,NaN,NaN,NaN,NaN,NaN,NaN,1.2915e-5,NaN,NaN,NaN,NaN,NaN,2.220446049250313e-16,2.957522730036301e-08,4.754108416162134e+38,1.60749405080608e+46,mpmath_1792,17531771.94471745,3.751085628275615e10,1.8792731584784126e10,53
naha95_p370,3,Float64,false,diagonalcheap,transfree,0.0,3.372e-6,0.0012181520000000001,0.000139508,3.4936e-5,0.001466042,5,12,0,15.65723382525483,52.27462295414343,2.220446049250313e-16,8.872540423491553e-09,1.426353630735786e+38,1.60749405080608e+46,mpmath_1792,17531771.94471745,3.751085628275615e10,1.8792731584784126e10,53
naha95_p370,3,Float64,false,diagonalcheap,transfree,0.0,0.000158724,0.0017084579999999997,0.00028679499999999995,2.5678e-5,0.002251762,31,6,1.262064594507965e-79,1333.365900751784,230453.67710910802,1.727233711018889e-77,1.07601192968604e-69,1.729642182066966e-23,1.60749405080608e+46,mpmath_1792,17531771.94471745,3.751085628275615e10,1.8792731584784126e10,256
naha95_p370,3,Float64,false,diagonalcheap,transfree,0.0,0.000309448,0.003460648999999999,0.0007162280000000001,5.3242e-5,0.004645605,73,6,2.593762823170303e-260,1333.3659007867,229869.4309954579,1.331998346195134e-256,7.758918540198532e-249,1.247469856390177e-202,1.60749405080608e+46,mpmath_1792,17531771.94471745,3.751085628275615e10,1.8792731584784126e10,851
naha95_p370,3,Float64,false,diagonalcheap,complexschur,9.2445e-5,3.7240000000000003e-6,0.001083538,0.00018633400000000002,0.000245125,0.001697521,5,12,3.802080013317275e-17,9.97478188456515,29.969572239859325,2.220446049250313e-16,5.946771650355483e-10,9.559559335290024e+36,1.60749405080608e+46,mpmath_1792,17531771.94471745,3.751085628275615e10,1.8792731584784126e10,53
naha95_p370,3,Float64,false,diagonalcheap,complexschur,0.000164682,0.000175494,0.001758145,0.000489157,0.00018433,0.002878282,31,6,1.036170271681372e-81,816.8380456557592,87239.60180113581,1.727233711018889e-77,1.830348826620541e-71,2.942327402048389e-25,1.60749405080608e+46,mpmath_1792,17531771.94471745,3.751085628275615e10,1.8792731584784126e10,256
naha95_p370,3,Float64,false,diagonalcheap,complexschur,0.000224095,0.000352791,0.003632329999999999,0.001239887,0.000476574,0.00611333,73,6,3.775378764095691e-263,816.8380456557594,87019.26207658448,1.331998346195134e-256,1.509128722279128e-250,2.425957136679167e-204,1.60749405080608e+46,mpmath_1792,17531771.94471745,3.751085628275615e10,1.8792731584784126e10,851
naha95_p370,3,Float64,false,diagonalcheap,realschur,0.000134616,5.142e-6,0.001670881,0.00018770499999999998,0.00023174,0.002317207,5,12,3.802080013317275e-17,9.974781884565152,29.969572239859325,2.220446049250313e-16,5.946771650355483e-10,9.559559335290024e+36,1.60749405080608e+46,mpmath_1792,17531771.94471745,3.751085628275615e10,1.8792731584784126e10,53
naha95_p370,3,Float64,false,diagonalcheap,realschur,0.000207253,0.00024144000000000002,0.002643136,0.000462848,0.00021597,0.003886785,31,6,1.036170271681372e-81,816.8380456557592,87239.60180113581,1.727233711018889e-77,1.830348826620541e-71,2.942327402048389e-25,1.60749405080608e+46,mpmath_1792,17531771.94471745,3.751085628275615e10,1.8792731584784126e10,256
naha95_p370,3,Float64,false,diagonalcheap,realschur,0.000360845,0.00051218,0.005582050000000001,0.0009454270000000001,0.000312103,0.007866658,73,6,3.775378764095691e-263,816.8380456557594,87019.26207658448,1.331998346195134e-256,1.509128722279128e-250,2.425957136679167e-204,1.60749405080608e+46,mpmath_1792,17531771.94471745,3.751085628275615e10,1.8792731584784126e10,851
naha95_p370,3,Float64,false,taylor,transfree,0.0,0.000220159,0.0008565939999999999,0.00011526800000000002,1.4668e-5,0.001294988,36,5,1.06581410364015e-14,4453.74589269731,1,2.220446049250313e-16,2.052891775538545e-08,3.300980497902778e+38,1.60749405080608e+46,mpmath_1792,17531771.94471745,3.751085628275615e10,1.8792731584784126e10,53
naha95_p370,3,Float64,false,taylor,transfree,0.0,0.00032928499999999996,0.0010803070000000002,0.00022577999999999997,2.158e-5,0.001734562,90,5,6.588873714519077e-83,4453.745892693323,1,1.727233711018889e-77,2.335185101479044e-69,3.754138402857965e-23,1.60749405080608e+46,mpmath_1792,17531771.94471745,3.751085628275615e10,1.8792731584784126e10,256
naha95_p370,3,Float64,false,taylor,transfree,0.0,0.00034982400000000004,0.0027039330000000004,0.00033596699999999995,0.000111161,0.003622163,90,12,1.531506459016182e-278,15.65723382525484,1,1.331998346195134e-256,1.239193914184484e-248,1.992065876969624e-202,1.60749405080608e+46,mpmath_1792,17531771.94471745,3.751085628275615e10,1.8792731584784126e10,851
naha95_p370,3,Float64,false,taylor,complexschur,9.5451e-5,0.000180459,0.0007122529999999999,0.00021506900000000002,0.000107043,0.001402722,36,5,8.881784197001252e-16,2767.273984673802,1,2.220446049250313e-16,5.946771650355483e-10,9.559559335290024e+36,1.60749405080608e+46,mpmath_1792,17531771.94471745,3.751085628275615e10,1.8792731584784126e10,53
naha95_p370,3,Float64,false,taylor,complexschur,0.000129767,0.0003103490000000001,0.001009014,0.00037195800000000003,0.000158851,0.002078534,81,5,4.691058996450483e-74,2727.618085575071,1,1.727233711018889e-77,1.830351945601893e-71,2.942332332429047e-25,1.60749405080608e+46,mpmath_1792,17531771.94471745,3.751085628275615e10,1.8792731584784126e10,256
naha95_p370,3,Float64,false,taylor,complexschur,0.000215619,0.00035923,0.0026930300000000016,0.000526502,0.000741768,0.004682385,90,12,1.755998862630964e-280,9.974781885730927,1,1.331998346195134e-256,1.509127028243695e-250,2.425954475150974e-204,1.60749405080608e+46,mpmath_1792,17531771.94471745,3.751085628275615e10,1.8792731584784126e10,851
naha95_p370,3,Float64,false,taylor,realschur,9.1574e-5,0.00023163800000000002,0.000959941,0.000171648,0.000102905,0.001651594,36,5,8.881784197001252e-16,2767.273984673802,1,2.220446049250313e-16,5.946771650355483e-10,9.559559335290024e+36,1.60749405080608e+46,mpmath_1792,17531771.94471745,3.751085628275615e10,1.8792731584784126e10,53
naha95_p370,3,Float64,false,taylor,realschur,0.000209438,0.000441106,0.0017006679999999998,0.000338843,0.000182426,0.002987459,81,5,4.691058996450483e-74,2727.618085575071,1,1.727233711018889e-77,1.830351945601893e-71,2.942332332429047e-25,1.60749405080608e+46,mpmath_1792,17531771.94471745,3.751085628275615e10,1.8792731584784126e10,256
naha95_p370,3,Float64,false,taylor,realschur,0.000362147,0.000550296,0.0046388259999999995,0.0005112679999999999,0.001025937,0.007263644,90,12,1.755998862630964e-280,9.974781885730927,1,1.331998346195134e-256,1.509127028243695e-250,2.425954475150974e-204,1.60749405080608e+46,mpmath_1792,17531771.94471745,3.751085628275615e10,1.8792731584784126e10,851
kela98_ex2,2,Float64,false,scaling_and_squaring,NaN,NaN,NaN,NaN,NaN,NaN,1.4588e-5,NaN,NaN,NaN,NaN,NaN,2.220446049250313e-16,2.072142529715632e-11,2.290073952020508e-05,1105172.023246566,given,166666666669.5016,1.00000020000001e14,1.0000000000000198e14,53
kela98_ex2,2,Float64,false,diagonalcheap,transfree,0.0,3.7889999999999996e-6,0.0010653829999999996,9.5629e-5,7.9601e-5,0.001302211,3,16,0,16.2588138714622,74.4664700678436,2.220446049250313e-16,3.603878138395295e-17,3.982909460354305e-11,1105172.023246566,given,166666666669.5016,1.00000020000001e14,1.0000000000000198e14,53
kela98_ex2,2,Float64,false,diagonalcheap,transfree,0.0,4.246e-5,0.0008369089999999998,0.000140847,4.7961e-5,0.001110457,17,4,2.338470394697149e-77,62892.85451980713,9.768099706930743e8,1.727233711018889e-77,9.517152496566834e-78,1.051808657019633e-71,1105172.023246566,given,166666666669.5016,1.00000020000001e14,1.0000000000000198e14,256
kela98_ex2,2,Float64,false,diagonalcheap,transfree,0.0,0.000191731,0.0019943519999999996,0.000346216,9.463e-5,0.00268793,49,3,2.16562586460019e-277,126573.3190210309,3.9068784080011773e9,1.331998346195134e-256,9.223839657672375e-258,1.019392744800203e-251,1105172.023246566,given,166666666669.5016,1.00000020000001e14,1.0000000000000198e14,851
kela98_ex2,2,Float64,false,diagonalcheap,complexschur,0.0,3.6450000000000003e-6,0.0009475560000000001,6.9685e-5,8.1024e-5,0.001155072,3,16,0,16.2588138714622,74.4664700678436,2.220446049250313e-16,3.603878138395295e-17,3.982909460354305e-11,1105172.023246566,given,166666666669.5016,1.00000020000001e14,1.0000000000000198e14,53
kela98_ex2,2,Float64,false,diagonalcheap,complexschur,0.0,4.2562000000000003e-5,0.000847779,0.000154403,4.776e-5,0.001150343,17,4,2.338470394697149e-77,62892.85451980713,9.768099706930743e8,1.727233711018889e-77,9.517152496566834e-78,1.051808657019633e-71,1105172.023246566,given,166666666669.5016,1.00000020000001e14,1.0000000000000198e14,256
kela98_ex2,2,Float64,false,diagonalcheap,complexschur,0.0,0.000312723,0.003166637,0.000545495,0.000165033,0.004299109,49,3,2.16562586460019e-277,126573.3190210309,3.9068784080011773e9,1.331998346195134e-256,9.223839657672375e-258,1.019392744800203e-251,1105172.023246566,given,166666666669.5016,1.00000020000001e14,1.0000000000000198e14,851
kela98_ex2,2,Float64,false,diagonalcheap,realschur,0.0,6.283e-6,0.001593383,0.00010612100000000001,0.000153732,0.001925945,3,16,0,16.2588138714622,74.4664700678436,2.220446049250313e-16,3.603878138395295e-17,3.982909460354305e-11,1105172.023246566,given,166666666669.5016,1.00000020000001e14,1.0000000000000198e14,53
kela98_ex2,2,Float64,false,diagonalcheap,realschur,0.0,6.4921e-5,0.00128354,0.00022565800000000003,8.4441e-5,0.001729943,17,4,2.338470394697149e-77,62892.85451980713,9.768099706930743e8,1.727233711018889e-77,9.517152496566834e-78,1.051808657019633e-71,1105172.023246566,given,166666666669.5016,1.00000020000001e14,1.0000000000000198e14,256
kela98_ex2,2,Float64,false,diagonalcheap,realschur,0.0,0.020678389999999998,0.003748774999999999,0.000356645,9.5772e-5,0.024987876,49,3,2.16562586460019e-277,126573.3190210309,3.9068784080011773e9,1.331998346195134e-256,9.223839657672375e-258,1.019392744800203e-251,1105172.023246566,given,166666666669.5016,1.00000020000001e14,1.0000000000000198e14,851
kela98_ex2,2,Float64,false,taylor,transfree,0.0,3.4034999999999995e-5,0.00025036500000000006,5.6899999999999994e-5,6.422e-6,0.000386604,20,1,2.164934898019055e-15,525636.4679377604,1,2.220446049250313e-16,3.603878138395295e-17,3.982909460354305e-11,1105172.023246566,given,166666666669.5016,1.00000020000001e14,1.0000000000000198e14,53
kela98_ex2,2,Float64,false,taylor,transfree,0.0,9.4056e-5,0.00057773,0.000120257,2.114e-5,0.000859541,49,1,3.217344115825659e-74,525636.4679377604,1,1.727233711018889e-77,9.517152496566834e-78,1.051808657019633e-71,1105172.023246566,given,166666666669.5016,1.00000020000001e14,1.0000000000000198e14,256
kela98_ex2,2,Float64,false,taylor,transfree,0.0,0.000366485,0.002925921999999999,0.000248912,0.000217252,0.003842542,90,4,1.242483500695232e-268,62892.85451980713,1,1.331998346195134e-256,9.223839657672375e-258,1.019392744800203e-251,1105172.023246566,given,166666666669.5016,1.00000020000001e14,1.0000000000000198e14,851
kela98_ex2,2,Float64,false,taylor,complexschur,0.0,5.649900000000001e-5,0.000383859,5.9763000000000004e-5,1.0971e-5,0.000574671,20,1,2.164934898019055e-15,525636.4679377604,1,2.220446049250313e-16,3.603878138395295e-17,3.982909460354305e-11,1105172.023246566,given,166666666669.5016,1.00000020000001e14,1.0000000000000198e14,53
kela98_ex2,2,Float64,false,taylor,complexschur,0.0,0.00014448599999999999,0.0009077000000000001,0.00012109200000000001,2.1351e-5,0.001261533,49,1,3.217344115825659e-74,525636.4679377604,1,1.727233711018889e-77,9.517152496566834e-78,1.051808657019633e-71,1105172.023246566,given,166666666669.5016,1.00000020000001e14,1.0000000000000198e14,256
kela98_ex2,2,Float64,false,taylor,complexschur,0.0,0.00038896799999999995,0.002970334,0.000243896,0.000209307,0.003904239,90,4,1.242483500695232e-268,62892.85451980713,1,1.331998346195134e-256,9.223839657672375e-258,1.019392744800203e-251,1105172.023246566,given,166666666669.5016,1.00000020000001e14,1.0000000000000198e14,851
kela98_ex2,2,Float64,false,taylor,realschur,0.0,5.5573e-5,0.00036945500000000003,5.9281000000000004e-5,1.1231e-5,0.000548511,20,1,2.164934898019055e-15,525636.4679377604,1,2.220446049250313e-16,3.603878138395295e-17,3.982909460354305e-11,1105172.023246566,given,166666666669.5016,1.00000020000001e14,1.0000000000000198e14,53
kela98_ex2,2,Float64,false,taylor,realschur,0.0,0.00014606799999999996,0.000812615,0.000127562,2.1711e-5,0.001175711,49,1,3.217344115825659e-74,525636.4679377604,1,1.727233711018889e-77,9.517152496566834e-78,1.051808657019633e-71,1105172.023246566,given,166666666669.5016,1.00000020000001e14,1.0000000000000198e14,256
kela98_ex2,2,Float64,false,taylor,realschur,0.0,0.00029306299999999993,0.00235265,0.000282414,0.000202634,0.003244096,90,4,1.242483500695232e-268,62892.85451980713,1,1.331998346195134e-256,9.223839657672375e-258,1.019392744800203e-251,1105172.023246566,given,166666666669.5016,1.00000020000001e14,1.0000000000000198e14,851
kela98_p655,5,Float64,false,scaling_and_squaring,NaN,NaN,NaN,NaN,NaN,NaN,3.8643e-5,NaN,NaN,NaN,NaN,NaN,2.220446049250313e-16,1.520189388678071e-09,1.862645149230957e-09,1,mpmath_1792,55735818.84366851,Inf,Inf,53
kela98_p655,5,Float64,false,diagonalcheap,transfree,0.0,0.000227386,0.003735777999999999,0.0006686079999999999,0.000761485,0.005519644,31,22,6.054033703667876e-16,4.711008528077028,56.21346380138703,2.220446049250313e-16,1.901977817626526e-16,2.450390169970646e-16,1,mpmath_1792,55735818.84366851,Inf,Inf,53
kela98_p655,5,Float64,false,diagonalcheap,transfree,0.0,0.000250439,0.004493776999999999,0.000624374,0.000915978,0.006411346,43,22,3.587916100975019e-82,4.711008528077028,56.96994989717099,1.727233711018889e-77,4.333555718655643e-78,7.97675970615328e-78,1,mpmath_1792,55735818.84366851,Inf,Inf,256
kela98_p655,5,Float64,false,diagonalcheap,transfree,0.0,0.000719773,0.010014225000000002,0.002628083,0.003537673,0.017101101,91,22,1.46558541351328e-257,4.711008528077031,58.00586873240444,1.331998346195134e-256,1.134959282206802e-256,1.454840722971309e-256,1,mpmath_1792,55735818.84366851,Inf,Inf,851
kela98_p655,5,Float64,false,diagonalcheap,complexschur,0.0,0.000198615,0.0027727930000000004,0.000525626,0.000593386,0.004208376,31,22,6.054033703667876e-16,4.711008528077028,56.21346380138703,2.220446049250313e-16,1.901977817626526e-16,2.450390169970646e-16,1,mpmath_1792,55735818.84366851,Inf,Inf,53
kela98_p655,5,Float64,false,diagonalcheap,complexschur,0.0,0.00029731600000000005,0.004287560999999999,0.0006508560000000001,0.000864971,0.006244249,43,22,3.587916100975019e-82,4.711008528077028,56.96994989717099,1.727233711018889e-77,4.333555718655643e-78,7.97675970615328e-78,1,mpmath_1792,55735818.84366851,Inf,Inf,256
kela98_p655,5,Float64,false,diagonalcheap,complexschur,0.0,0.0005941669999999999,0.008355686,0.002565827,0.003382388,0.015112237,91,22,1.46558541351328e-257,4.711008528077031,58.00586873240444,1.331998346195134e-256,1.134959282206802e-256,1.454840722971309e-256,1,mpmath_1792,55735818.84366851,Inf,Inf,851
kela98_p655,5,Float64,false,diagonalcheap,realschur,0.0,0.000283463,0.0046095400000000005,0.000748328,0.000675011,0.006468604,31,22,6.054033703667876e-16,4.711008528077028,56.21346380138703,2.220446049250313e-16,1.901977817626526e-16,2.450390169970646e-16,1,mpmath_1792,55735818.84366851,Inf,Inf,53
kela98_p655,5,Float64,false,diagonalcheap,realschur,0.0,0.000261954,0.0037630279999999977,0.000663369,0.000907081,0.005741235,43,22,3.587916100975019e-82,4.711008528077028,56.96994989717099,1.727233711018889e-77,4.333555718655643e-78,7.97675970615328e-78,1,mpmath_1792,55735818.84366851,Inf,Inf,256
kela98_p655,5,Float64,false,diagonalcheap,realschur,0.0,0.00045435299999999995,0.006504936,0.0014973300000000003,0.002384074,0.011007318,91,22,1.46558541351328e-257,4.711008528077031,58.00586873240444,1.331998346195134e-256,1.134959282206802e-256,1.454840722971309e-256,1,mpmath_1792,55735818.84366851,Inf,Inf,851
kela98_p655,5,Float64,false,taylor,transfree,0.0,0.000372777,0.016160234000000002,0.000339211,0.000729254,0.017507962,30,23,1.110223024625157e-16,2.17048577996763,1,2.220446049250313e-16,9.044609420542089e-17,1.800453232683741e-16,1,mpmath_1792,55735818.84366851,Inf,Inf,53
kela98_p655,5,Float64,false,taylor,transfree,0.0,0.000546084,0.005875116,0.000593912,0.001914473,0.008871966,42,27,0,1.049626553750315,1,1.727233711018889e-77,1.647871040320061e-77,3.388578684892587e-77,1,mpmath_1792,55735818.84366851,Inf,Inf,256
kela98_p655,5,Float64,false,taylor,transfree,0.0,0.000419809,0.009992927000000002,0.000807577,0.002921844,0.01411258,81,30,9.903229158891207e-261,1.00607266907169,1,1.331998346195134e-256,4.90779894859915e-257,6.612025481936662e-257,1,mpmath_1792,55735818.84366851,Inf,Inf,851
kela98_p655,5,Float64,false,taylor,complexschur,0.0,0.00033533700000000006,0.0028073399999999993,0.00026331799999999996,0.000526019,0.003861047,30,23,1.110223024625157e-16,2.17048577996763,1,2.220446049250313e-16,9.044609420542089e-17,1.800453232683741e-16,1,mpmath_1792,55735818.84366851,Inf,Inf,53
kela98_p655,5,Float64,false,taylor,complexschur,0.0,0.00045989800000000003,0.004762615,0.0005322339999999999,0.002361481,0.00814181,42,27,0,1.049626553750315,1,1.727233711018889e-77,1.647871040320061e-77,3.388578684892587e-77,1,mpmath_1792,55735818.84366851,Inf,Inf,256
kela98_p655,5,Float64,false,taylor,complexschur,0.0,0.000530663,0.011126508999999995,0.026905263000000002,0.003712054,0.042286302,81,30,9.903229158891207e-261,1.00607266907169,1,1.331998346195134e-256,4.90779894859915e-257,6.612025481936662e-257,1,mpmath_1792,55735818.84366851,Inf,Inf,851
kela98_p655,5,Float64,false,taylor,realschur,0.0,0.0003354659999999999,0.0033265149999999995,0.000257677,0.000514386,0.004360023,30,23,1.110223024625157e-16,2.17048577996763,1,2.220446049250313e-16,9.044609420542089e-17,1.800453232683741e-16,1,mpmath_1792,55735818.84366851,Inf,Inf,53
kela98_p655,5,Float64,false,taylor,realschur,0.0,0.00029083,0.005082666999999999,0.00034738900000000003,0.001181111,0.006894032,42,27,0,1.049626553750315,1,1.727233711018889e-77,1.647871040320061e-77,3.388578684892587e-77,1,mpmath_1792,55735818.84366851,Inf,Inf,256
kela98_p655,5,Float64,false,taylor,realschur,0.0,0.000523343,0.009851353999999996,0.0010307040000000001,0.004698035,0.016169172,81,30,9.903229158891207e-261,1.00607266907169,1,1.331998346195134e-256,4.90779894859915e-257,6.612025481936662e-257,1,mpmath_1792,55735818.84366851,Inf,Inf,851
dipa00_ex3.10,8,Float64,false,scaling_and_squaring,NaN,NaN,NaN,NaN,NaN,NaN,2.7142e-5,NaN,NaN,NaN,NaN,NaN,2.220446049250313e-16,1.255666473834654e-16,8.548502470893079e-11,535960.8744589886,mpmath_1792,40538365881.25993,Inf,Inf,53
dipa00_ex3.10,8,Float64,false,diagonalcheap,transfree,0.0,5.532e-6,0.0020245799999999998,0.000405533,0.000591934,0.003203649,3,15,5.987848751919845e-17,16.2587989816152,74.46657836051844,2.220446049250313e-16,1.510955753846214e-12,9.767559959892101e-07,535960.8744589886,mpmath_1792,40538365881.25993,Inf,Inf,53
dipa00_ex3.10,8,Float64,false,diagonalcheap,transfree,0.0,0.00013452199999999998,0.0014587310000000004,0.0007247450000000001,0.000216752,0.002665168,17,5,8.044244289786955e-81,15627.08454902508,6.105300034879395e7,1.727233711018889e-77,9.408771014166878e-77,7.816676749730144e-71,535960.8744589886,mpmath_1792,40538365881.25993,Inf,Inf,256
dipa00_ex3.10,8,Float64,false,diagonalcheap,transfree,0.0,0.000292044,0.0030820289999999996,0.0019960670000000002,0.000322221,0.005869228,49,4,2.690313828469477e-277,31259.6163992865,2.44205935011957e8,1.331998346195134e-256,5.604258900489887e-256,4.927210989814297e-250,535960.8744589886,mpmath_1792,40538365881.25993,Inf,Inf,851
dipa00_ex3.10,8,Float64,false,diagonalcheap,complexschur,0.000145566,4.657e-6,0.0016498510000000001,0.000583779,0.002738967,0.005625335,3,15,5.987838428767232e-17,16.25876922727164,74.46644997887677,2.220446049250313e-16,1.299132018713274e-16,1.182421909440516e-10,535960.8744589886,mpmath_1792,40538365881.25993,Inf,Inf,53
dipa00_ex3.10,8,Float64,false,diagonalcheap,complexschur,0.000435927,0.000145184,0.0018019890000000002,0.0033532040000000003,0.001792922,0.008353722,17,5,8.04422868758771e-81,15627.0543876387,6.105288193355921e7,1.727233711018889e-77,9.660358516584023e-77,5.993261481738819e-71,535960.8744589886,mpmath_1792,40538365881.25993,Inf,Inf,256
dipa00_ex3.10,8,Float64,false,diagonalcheap,complexschur,0.000888926,0.000637181,0.006297859000000001,0.009676862,0.001394165,0.019661009,49,4,2.690308636521354e-277,31259.55668298656,2.4420546372695956e8,1.331998346195134e-256,2.023975220765964e-256,1.115445714729372e-250,535960.8744589886,mpmath_1792,40538365881.25993,Inf,Inf,851
dipa00_ex3.10,8,Float64,false,diagonalcheap,realschur,0.00015257,4.378e-6,0.0016194860000000005,0.000264561,0.000745966,0.003036903,3,15,5.987838428767232e-17,16.25876922727164,74.46644997887677,2.220446049250313e-16,1.299132018713274e-16,1.182421909440516e-10,535960.8744589886,mpmath_1792,40538365881.25993,Inf,Inf,53
dipa00_ex3.10,8,Float64,false,diagonalcheap,realschur,0.000245506,0.000104417,0.001376744,0.00076976,0.00034253,0.003035871,17,5,8.04422868758771e-81,15627.0543876387,6.105288193355921e7,1.727233711018889e-77,9.660358516584023e-77,5.993261481738819e-71,535960.8744589886,mpmath_1792,40538365881.25993,Inf,Inf,256
dipa00_ex3.10,8,Float64,false,diagonalcheap,realschur,0.000492355,0.000443632,0.020438633999999994,0.002068103,0.000787244,0.024560225,49,4,2.690308636521354e-277,31259.55668298656,2.4420546372695956e8,1.331998346195134e-256,2.023975220765964e-256,1.115445714729372e-250,535960.8744589886,mpmath_1792,40538365881.25993,Inf,Inf,851
dipa00_ex3.10,8,Float64,false,taylor,transfree,0.0,0.00011222399999999999,0.0007504800000000001,0.000433224,7.0002e-5,0.001502721,20,2,3.103683976490856e-12,125551.2051998286,1,2.220446049250313e-16,3.002322964622865e-16,2.346574476740093e-10,535960.8744589886,mpmath_1792,40538365881.25993,Inf,Inf,53
dipa00_ex3.10,8,Float64,false,taylor,transfree,0.0,0.00030425700000000005,0.0009615369999999999,0.000937287,8.463e-5,0.002411276,56,2,1.029511517893606e-84,125551.2051998286,1,1.727233711018889e-77,1.326313015197466e-77,1.024895634111558e-71,535960.8744589886,mpmath_1792,40538365881.25993,Inf,Inf,256
dipa00_ex3.10,8,Float64,false,taylor,transfree,0.0,0.0006019020000000001,0.0029430560000000008,0.002198745,0.000482405,0.006415624,90,6,1.498549410982231e-273,7813.639362250317,1,1.331998346195134e-256,2.786303764828245e-255,1.7846705007338e-249,535960.8744589886,mpmath_1792,40538365881.25993,Inf,Inf,851
dipa00_ex3.10,8,Float64,false,taylor,complexschur,0.000198106,0.000137268,0.0007118880000000001,0.001212221,0.000355174,0.003186957,20,2,3.103683976490856e-12,125550.9802253428,1,2.220446049250313e-16,1.459256862427292e-16,8.548497778170356e-11,535960.8744589886,mpmath_1792,40538365881.25993,Inf,Inf,53
dipa00_ex3.10,8,Float64,false,taylor,complexschur,0.000315739,0.0007573349999999999,0.0018402770000000002,0.004953181,0.000717812,0.009504465,56,2,1.029511517893606e-84,125550.9802253428,1,1.727233711018889e-77,9.660358516584023e-77,5.993261481738819e-71,535960.8744589886,mpmath_1792,40538365881.25993,Inf,Inf,256
dipa00_ex3.10,8,Float64,false,taylor,complexschur,0.000879119,0.0008211080000000001,0.004489569999999999,0.0053345599999999995,0.001777183,0.013996791,90,6,1.498549410982231e-273,7813.624204976139,1,1.331998346195134e-256,2.023975220765964e-256,1.115445714729372e-250,535960.8744589886,mpmath_1792,40538365881.25993,Inf,Inf,851
dipa00_ex3.10,8,Float64,false,taylor,realschur,0.000159563,0.00010686300000000001,0.0005987080000000001,0.000401111,9.0301e-5,0.001536526,20,2,3.103683976490856e-12,125550.9802253428,1,2.220446049250313e-16,1.459256862427292e-16,8.548497778170356e-11,535960.8744589886,mpmath_1792,40538365881.25993,Inf,Inf,53
dipa00_ex3.10,8,Float64,false,taylor,realschur,0.000255676,0.00031900600000000004,0.0009258659999999999,0.0009533300000000001,0.000171736,0.00282978,56,2,1.029511517893606e-84,125550.9802253428,1,1.727233711018889e-77,9.660358516584023e-77,5.993261481738819e-71,535960.8744589886,mpmath_1792,40538365881.25993,Inf,Inf,256
dipa00_ex3.10,8,Float64,false,taylor,realschur,0.009398214,0.0007472299999999999,0.004627390000000001,0.002636553,0.001214024,0.019164696,90,6,1.498549410982231e-273,7813.624204976139,1,1.331998346195134e-256,2.023975220765964e-256,1.115445714729372e-250,535960.8744589886,mpmath_1792,40538365881.25993,Inf,Inf,851
rosser8,8,Float64,true,scaling_and_squaring,NaN,NaN,NaN,NaN,NaN,NaN,5.8181e-5,NaN,NaN,NaN,NaN,NaN,2.220446049250313e-16,4.385580568186541e-16,1.261513039735541e-15,1.283580034198481,mpmath_1792,0.1744559289224141,6.6895721217389384e16,2.217003030771888e16,53
rosser8,8,Float64,true,diagonalcheap,transfree,0.000863448,0.0,0.0,0.0,0.0,0.001009706,NaN,NaN,NaN,NaN,NaN,2.220446049250313e-16,2.343874778179513e-16,7.087158386056228e-16,1.283580034198481,mpmath_1792,0.1744559289224141,6.6895721217389384e16,2.217003030771888e16,53
rosser8,8,Float64,true,diagonalcheap,transfree,0.002307028,0.0,0.0,0.0,0.0,0.002498291,NaN,NaN,NaN,NaN,NaN,1.727233711018889e-77,2.730922416548514e-77,9.390658666616955e-77,1.283580034198481,mpmath_1792,0.1744559289224141,6.6895721217389384e16,2.217003030771888e16,256
rosser8,8,Float64,true,diagonalcheap,transfree,0.005822238,0.0,0.0,0.0,0.0,0.006183804,NaN,NaN,NaN,NaN,NaN,1.331998346195134e-256,1.496122940807298e-256,4.644871979724965e-256,1.283580034198481,mpmath_1792,0.1744559289224141,6.6895721217389384e16,2.217003030771888e16,851
rosser8,8,Float64,true,diagonalcheap,complexschur,0.000551677,1.574e-6,0.000762547,0.001314346,4.0e-8,0.003316593,5,0,7.624198897914118e-18,1.206102818545352,1.2061028185453517,2.220446049250313e-16,9.506642049995006e-16,4.334468484800701e-15,1.283580034198481,mpmath_1792,0.1744559289224141,6.6895721217389384e16,2.217003030771888e16,53
rosser8,8,Float64,true,diagonalcheap,complexschur,0.001682603,0.000339855,0.0020636540000000003,0.0040728,4.0e-8,0.008985361,21,0,0,1.206102818545352,1.2061028185453522,1.727233711018889e-77,8.26320270974579e-77,2.585493993754249e-76,1.283580034198481,mpmath_1792,0.1744559289224141,6.6895721217389384e16,2.217003030771888e16,256
rosser8,8,Float64,true,diagonalcheap,complexschur,0.003361048,0.0006938210000000001,0.004778887,0.01724222,4.0e-8,0.027167162,49,0,5.106853155383104e-257,1.206102818545352,1.206102818545352,1.331998346195134e-256,5.472896457640133e-256,1.932402123412415e-255,1.283580034198481,mpmath_1792,0.1744559289224141,6.6895721217389384e16,2.217003030771888e16,851
rosser8,8,Float64,true,diagonalcheap,realschur,0.000935435,1.844e-6,0.000750205,0.0005431310000000001,3.0e-8,0.002499213,5,0,7.624198897914118e-18,1.206102818545352,1.2061028185453517,2.220446049250313e-16,9.506642049995006e-16,4.334468484800701e-15,1.283580034198481,mpmath_1792,0.1744559289224141,6.6895721217389384e16,2.217003030771888e16,53
rosser8,8,Float64,true,diagonalcheap,realschur,0.001910896,0.000314737,0.0019309249999999998,0.0014820940000000002,4.0e-8,0.005979868,21,0,0,1.206102818545352,1.2061028185453522,1.727233711018889e-77,8.26320270974579e-77,2.585493993754249e-76,1.283580034198481,mpmath_1792,0.1744559289224141,6.6895721217389384e16,2.217003030771888e16,256
rosser8,8,Float64,true,diagonalcheap,realschur,0.003692216,0.0004418699999999999,0.003274752,0.002258498,4.0e-8,0.010083304,49,0,5.106853155383104e-257,1.206102818545352,1.206102818545352,1.331998346195134e-256,5.472896457640133e-256,1.932402123412415e-255,1.283580034198481,mpmath_1792,0.1744559289224141,6.6895721217389384e16,2.217003030771888e16,851
rosser8,8,Float64,true,taylor,transfree,0.000798755,0.0,0.0,0.0,0.0,0.000942479,NaN,NaN,NaN,NaN,NaN,2.220446049250313e-16,2.343874778179513e-16,7.087158386056228e-16,1.283580034198481,mpmath_1792,0.1744559289224141,6.6895721217389384e16,2.217003030771888e16,53
rosser8,8,Float64,true,taylor,transfree,0.002348567,0.0,0.0,0.0,0.0,0.00254543,NaN,NaN,NaN,NaN,NaN,1.727233711018889e-77,2.730922416548514e-77,9.390658666616955e-77,1.283580034198481,mpmath_1792,0.1744559289224141,6.6895721217389384e16,2.217003030771888e16,256
rosser8,8,Float64,true,taylor,transfree,0.007386636,0.0,0.0,0.0,0.0,0.008004119,NaN,NaN,NaN,NaN,NaN,1.331998346195134e-256,1.496122940807298e-256,4.644871979724965e-256,1.283580034198481,mpmath_1792,0.1744559289224141,6.6895721217389384e16,2.217003030771888e16,851
rosser8,8,Float64,true,taylor,complexschur,0.000617442,0.000231318,0.000629918,0.001622639,3.91e-7,0.003831891,12,0,6.938893903907228e-18,1.206049448553734,1,2.220446049250313e-16,9.506642049995006e-16,4.334468484800701e-15,1.283580034198481,mpmath_1792,0.1744559289224141,6.6895721217389384e16,2.217003030771888e16,53
rosser8,8,Float64,true,taylor,complexschur,0.001957845,0.0006120530000000001,0.000980346,0.004165495,7.0e-8,0.008574961,42,0,2.059023035787212e-84,1.206049448553734,1,1.727233711018889e-77,8.26320270974579e-77,2.585493993754249e-76,1.283580034198481,mpmath_1792,0.1744559289224141,6.6895721217389384e16,2.217003030771888e16,256
rosser8,8,Float64,true,taylor,complexschur,0.002779084,0.000705046,0.002494276,0.00496989,0.000682525,0.012384461,90,2,7.991453054671483e-262,1.047963322454197,1,1.331998346195134e-256,5.472896457640133e-256,1.932402123412415e-255,1.283580034198481,mpmath_1792,0.1744559289224141,6.6895721217389384e16,2.217003030771888e16,851
rosser8,8,Float64,true,taylor,realschur,0.000547479,0.00012911499999999999,0.000391766,0.000309517,4.0e-8,0.001548869,12,0,6.938893903907228e-18,1.206049448553734,1,2.220446049250313e-16,9.506642049995006e-16,4.334468484800701e-15,1.283580034198481,mpmath_1792,0.1744559289224141,6.6895721217389384e16,2.217003030771888e16,53
rosser8,8,Float64,true,taylor,realschur,0.001693614,0.00039676399999999997,0.0008786439999999999,0.0012462469999999998,4.0e-8,0.004513906,42,0,2.059023035787212e-84,1.206049448553734,1,1.727233711018889e-77,8.26320270974579e-77,2.585493993754249e-76,1.283580034198481,mpmath_1792,0.1744559289224141,6.6895721217389384e16,2.217003030771888e16,256
rosser8,8,Float64,true,taylor,realschur,0.018797861,0.0006567440000000001,0.002913821,0.0029482239999999997,0.0006108,0.026564799,90,2,7.991453054671483e-262,1.047963322454197,1,1.331998346195134e-256,5.472896457640133e-256,1.932402123412415e-255,1.283580034198481,mpmath_1792,0.1744559289224141,6.6895721217389384e16,2.217003030771888e16,851
cos_sin_x100,2,Float64,false,scaling_and_squaring,NaN,NaN,NaN,NaN,NaN,NaN,1.59e-5,NaN,NaN,NaN,NaN,NaN,2.220446049250313e-16,3.164239923658588e-13,3.435305611874459e-13,1.257769757147267,mpmath_1792,9999.999999999998,1.0,1.0,53
cos_sin_x100,2,Float64,false,diagonalcheap,transfree,0.0,0.0005720329999999998,0.0070938530000000015,0.00044915099999999996,9.1193e-5,0.008329135,91,12,5.316823404853343e-17,1.409082334882068,1.644360245374111,2.220446049250313e-16,4.139000904272546e-17,5.142812191584519e-17,1.257769757147267,mpmath_1792,9999.999999999998,1.0,1.0,53
cos_sin_x100,2,Float64,false,diagonalcheap,transfree,0.0,0.000380238,0.004463593000000001,0.000445555,0.00012117,0.005498904,91,10,8.632670693979618e-80,1.276757373308011,1.334285522597483,1.727233711018889e-77,1.936638761529057e-78,2.228459022547694e-78,1.257769757147267,mpmath_1792,9999.999999999998,1.0,1.0,256
cos_sin_x100,2,Float64,false,diagonalcheap,transfree,0.0,0.00038893800000000013,0.005370422000000002,0.0005536299999999999,0.00025841,0.006669556,91,11,3.924180614645178e-263,1.155112774839531,1.9855130264766998,1.331998346195134e-256,2.856823366771709e-257,3.627230007198387e-257,1.257769757147267,mpmath_1792,9999.999999999998,1.0,1.0,851
cos_sin_x100,2,Float64,false,diagonalcheap,complexschur,5.4454e-5,0.0,0.0,0.0,0.0,9.2656e-5,0,0,NaN,NaN,1,2.220446049250313e-16,1.819000634495405e-12,2.287840669874375e-12,1.257769757147267,mpmath_1792,9999.999999999998,1.0,1.0,53
cos_sin_x100,2,Float64,false,diagonalcheap,complexschur,3.166e-5,0.0,0.0,0.0,0.0,6.9803e-5,0,0,NaN,NaN,1,1.727233711018889e-77,1.414941465220087e-73,1.779589788715311e-73,1.257769757147267,mpmath_1792,9999.999999999998,1.0,1.0,256
cos_sin_x100,2,Float64,false,diagonalcheap,complexschur,3.9044e-5,0.0,0.0,0.0,0.0,9.6242e-5,0,0,NaN,NaN,1,1.331998346195134e-256,2.856823366771709e-257,3.627230007198387e-257,1.257769757147267,mpmath_1792,9999.999999999998,1.0,1.0,851
cos_sin_x100,2,Float64,false,diagonalcheap,realschur,0.0,0.0006139019999999999,0.007854543999999998,0.000697936,0.000172447,0.009464199,91,12,5.316823404853343e-17,1.409082334882068,1.644360245374111,2.220446049250313e-16,4.139000904272546e-17,5.142812191584519e-17,1.257769757147267,mpmath_1792,9999.999999999998,1.0,1.0,53
cos_sin_x100,2,Float64,false,diagonalcheap,realschur,0.0,0.0005478880000000001,0.006149149000000002,0.0005556109999999999,0.000208315,0.007613958,91,10,8.632670693979618e-80,1.276757373308011,1.334285522597483,1.727233711018889e-77,1.936638761529057e-78,2.228459022547694e-78,1.257769757147267,mpmath_1792,9999.999999999998,1.0,1.0,256
cos_sin_x100,2,Float64,false,diagonalcheap,realschur,0.0,0.000629179,0.008903347000000002,0.0008401540000000001,0.000447068,0.010982891,91,11,3.924180614645178e-263,1.155112774839531,1.9855130264766998,1.331998346195134e-256,2.856823366771709e-257,3.627230007198387e-257,1.257769757147267,mpmath_1792,9999.999999999998,1.0,1.0,851
cos_sin_x100,2,Float64,false,taylor,transfree,0.0,0.0002943879999999999,0.0012849069999999996,0.00012124299999999999,0.000119416,0.001898653,49,10,0,1958.32371873205,1,2.220446049250313e-16,4.139000904272546e-17,5.142812191584519e-17,1.257769757147267,mpmath_1792,9999.999999999998,1.0,1.0,53
cos_sin_x100,2,Float64,false,taylor,transfree,0.0,0.000331381,0.001342473,0.00012081099999999999,0.000135367,0.002003632,90,11,3.644833161397663e-78,0.3404064888163104,1,1.727233711018889e-77,1.936638761529057e-78,2.228459022547694e-78,1.257769757147267,mpmath_1792,9999.999999999998,1.0,1.0,256
cos_sin_x100,2,Float64,false,taylor,transfree,0.0,0.00033379500000000007,0.0028969889999999996,0.000149173,0.000392605,0.00385742,90,18,6.05438497918236e-270,1.03741021393775,1,1.331998346195134e-256,2.856823366771709e-257,3.627230007198387e-257,1.257769757147267,mpmath_1792,9999.999999999998,1.0,1.0,851
cos_sin_x100,2,Float64,false,taylor,complexschur,5.4533e-5,0.0,0.0,0.0,0.0,9.1263e-5,0,0,NaN,NaN,1,2.220446049250313e-16,1.819000634495405e-12,2.287840669874375e-12,1.257769757147267,mpmath_1792,9999.999999999998,1.0,1.0,53
cos_sin_x100,2,Float64,false,taylor,complexschur,3.149e-5,0.0,0.0,0.0,0.0,6.876e-5,0,0,NaN,NaN,1,1.727233711018889e-77,1.414941465220087e-73,1.779589788715311e-73,1.257769757147267,mpmath_1792,9999.999999999998,1.0,1.0,256
cos_sin_x100,2,Float64,false,taylor,complexschur,3.7712e-5,0.0,0.0,0.0,0.0,9.3878e-5,0,0,NaN,NaN,1,1.331998346195134e-256,2.856823366771709e-257,3.627230007198387e-257,1.257769757147267,mpmath_1792,9999.999999999998,1.0,1.0,851
cos_sin_x100,2,Float64,false,taylor,realschur,0.0,0.00020055100000000004,0.0008218359999999999,7.2691e-5,7.5563e-5,0.001235725,49,10,0,1958.32371873205,1,2.220446049250313e-16,4.139000904272546e-17,5.142812191584519e-17,1.257769757147267,mpmath_1792,9999.999999999998,1.0,1.0,53
cos_sin_x100,2,Float64,false,taylor,realschur,0.0,0.000301117,0.0012708660000000003,0.000110417,0.000135887,0.001880829,90,11,3.644833161397663e-78,0.3404064888163104,1,1.727233711018889e-77,1.936638761529057e-78,2.228459022547694e-78,1.257769757147267,mpmath_1792,9999.999999999998,1.0,1.0,256
cos_sin_x100,2,Float64,false,taylor,realschur,0.0,0.000317044,0.002817393,0.00013634700000000001,0.000389439,0.003743523,90,18,6.05438497918236e-270,1.03741021393775,1,1.331998346195134e-256,2.856823366771709e-257,3.627230007198387e-257,1.257769757147267,mpmath_1792,9999.999999999998,1.0,1.0,851
nilpotent,4,Float64,false,scaling_and_squaring,NaN,NaN,NaN,NaN,NaN,NaN,2.3795e-5,NaN,NaN,NaN,NaN,NaN,2.220446049250313e-16,7.211950423407526e-15,1.840773120666752e-10,25519.72220376068,mpmath_1792,30588.11878129104,Inf,Inf,53
nilpotent,4,Float64,false,diagonalcheap,transfree,0.0,0.000275952,0.000825786,0.00015303099999999998,3.9154e-5,0.001371914,7,4,0,25.46762273834782,74.01419352475182,2.220446049250313e-16,1.18641674405846e-16,2.796543892200828e-12,25519.72220376068,mpmath_1792,30588.11878129104,Inf,Inf,53
nilpotent,4,Float64,false,diagonalcheap,transfree,0.0,0.00020784400000000002,0.0005334340000000001,0.00014682899999999999,3.3623e-5,0.000978186,7,2,0,448.3294635464797,10853.62784873878,1.727233711018889e-77,0,0,25519.72220376068,mpmath_1792,30588.11878129104,Inf,Inf,256
nilpotent,4,Float64,false,diagonalcheap,transfree,0.0,0.00021123,0.0005970539999999999,0.000165784,5.8271e-5,0.001102282,7,2,0,448.3294635464797,10853.62784873878,1.331998346195134e-256,0,0,25519.72220376068,mpmath_1792,30588.11878129104,Inf,Inf,851
nilpotent,4,Float64,false,diagonalcheap,complexschur,0.0,0.00025900099999999997,0.0005919160000000001,0.00012073900000000001,3.9244e-5,0.001068357,7,4,0,25.46762273834782,74.01419352475182,2.220446049250313e-16,1.18641674405846e-16,2.796543892200828e-12,25519.72220376068,mpmath_1792,30588.11878129104,Inf,Inf,53
nilpotent,4,Float64,false,diagonalcheap,complexschur,0.0,0.000200551,0.0005158599999999999,0.000133603,3.2592e-5,0.000940895,7,2,0,448.3294635464797,10853.62784873878,1.727233711018889e-77,0,0,25519.72220376068,mpmath_1792,30588.11878129104,Inf,Inf,256
nilpotent,4,Float64,false,diagonalcheap,complexschur,0.0,0.000205831,0.000581083,0.00016443099999999998,6.3551e-5,0.001091862,7,2,0,448.3294635464797,10853.62784873878,1.331998346195134e-256,0,0,25519.72220376068,mpmath_1792,30588.11878129104,Inf,Inf,851
nilpotent,4,Float64,false,diagonalcheap,realschur,0.0,0.000268729,0.0005874430000000001,0.000121791,3.8623e-5,0.001068768,7,4,0,25.46762273834782,74.01419352475182,2.220446049250313e-16,1.18641674405846e-16,2.796543892200828e-12,25519.72220376068,mpmath_1792,30588.11878129104,Inf,Inf,53
nilpotent,4,Float64,false,diagonalcheap,realschur,0.0,0.00021356600000000002,0.000524262,0.000135437,3.2752e-5,0.00096422,7,2,0,448.3294635464797,10853.62784873878,1.727233711018889e-77,0,0,25519.72220376068,mpmath_1792,30588.11878129104,Inf,Inf,256
nilpotent,4,Float64,false,diagonalcheap,realschur,0.0,0.000216331,0.000584099,0.00016391,5.6578e-5,0.001095409,7,2,0,448.3294635464797,10853.62784873878,1.331998346195134e-256,0,0,25519.72220376068,mpmath_1792,30588.11878129104,Inf,Inf,851
nilpotent,4,Float64,false,taylor,transfree,0.0,0.000259522,0.00030905600000000004,6.9221e-5,2.0178e-5,0.000702242,12,2,0,448.3294635464797,1,2.220446049250313e-16,1.18641674405846e-16,2.796543892200828e-12,25519.72220376068,mpmath_1792,30588.11878129104,Inf,Inf,53
nilpotent,4,Float64,false,taylor,transfree,0.0,0.00025365100000000003,0.0002987180000000001,6.9941e-5,3.3414e-5,0.000708585,12,2,0,448.3294635464798,1,1.727233711018889e-77,0,0,25519.72220376068,mpmath_1792,30588.11878129104,Inf,Inf,256
nilpotent,4,Float64,false,taylor,transfree,0.0,0.000261266,0.00032908099999999995,8.5454e-5,5.6267e-5,0.000798906,12,2,0,448.3294635464798,1,1.331998346195134e-256,0,0,25519.72220376068,mpmath_1792,30588.11878129104,Inf,Inf,851
nilpotent,4,Float64,false,taylor,complexschur,0.0,0.000254744,0.00025507300000000003,6.0174000000000004e-5,2.081e-5,0.000645435,12,2,0,448.3294635464797,1,2.220446049250313e-16,1.18641674405846e-16,2.796543892200828e-12,25519.72220376068,mpmath_1792,30588.11878129104,Inf,Inf,53
nilpotent,4,Float64,false,taylor,complexschur,0.0,0.000258909,0.00027806600000000004,6.9913e-5,3.3253e-5,0.00070106,12,2,0,448.3294635464798,1,1.727233711018889e-77,0,0,25519.72220376068,mpmath_1792,30588.11878129104,Inf,Inf,256
nilpotent,4,Float64,false,taylor,complexschur,0.0,0.000370522,0.000462508,0.000133933,9.7415e-5,0.00116997,12,2,0,448.3294635464798,1,1.331998346195134e-256,0,0,25519.72220376068,mpmath_1792,30588.11878129104,Inf,Inf,851
nilpotent,4,Float64,false,taylor,realschur,0.0,0.000398587,0.000431786,0.000105232,3.7301e-5,0.001052127,12,2,0,448.3294635464797,1,2.220446049250313e-16,1.18641674405846e-16,2.796543892200828e-12,25519.72220376068,mpmath_1792,30588.11878129104,Inf,Inf,53
nilpotent,4,Float64,false,taylor,realschur,0.0,0.00044576600000000005,0.0004822959999999999,0.000116763,6.0014e-5,0.0011962,12,2,0,448.3294635464798,1,1.727233711018889e-77,0,0,25519.72220376068,mpmath_1792,30588.11878129104,Inf,Inf,256
nilpotent,4,Float64,false,taylor,realschur,0.0,0.000451047,0.000554072,0.00015063700000000001,0.000102455,0.001374368,12,2,0,448.3294635464798,1,1.331998346195134e-256,0,0,25519.72220376068,mpmath_1792,30588.11878129104,Inf,Inf,851
nilpotent,24,Float64,false,scaling_and_squaring,NaN,NaN,NaN,NaN,NaN,NaN,7.6676e-5,NaN,NaN,NaN,NaN,NaN,2.220446049250313e-16,5.787605237437207e-14,9125064.058812407,1.57228630726296e+20,mpmath_1792,6239487455003.812,Inf,Inf,53
nilpotent,24,Float64,false,diagonalcheap,transfree,0.0,0.000179452,0.003763841999999999,0.0060811269999999995,0.005916988,0.016615049,13,7,1.38602674631313e-16,26.40701747531017,62.25179859477165,2.220446049250313e-16,1.085756633555385e-15,133639.8602496971,1.57228630726296e+20,mpmath_1792,6239487455003.812,Inf,Inf,53
nilpotent,24,Float64,false,diagonalcheap,transfree,0.0,0.0006003899999999999,0.006454819000000001,0.017867947000000002,0.017608534,0.04325408,31,7,1.018836189449445e-83,26.40701747531017,62.35809106075164,1.727233711018889e-77,2.517986533012213e-77,3.979950215366854e-57,1.57228630726296e+20,mpmath_1792,6239487455003.812,Inf,Inf,256
nilpotent,24,Float64,false,diagonalcheap,transfree,0.0,0.0017797870000000001,0.019724239,0.036475275999999994,0.008578899,0.067576143,73,7,2.376365168625123e-280,26.40701747531017,62.39808341387852,1.331998346195134e-256,1.664737848219641e-256,2.46215769204604e-236,1.57228630726296e+20,mpmath_1792,6239487455003.812,Inf,Inf,851
nilpotent,24,Float64,false,diagonalcheap,complexschur,0.0,0.00018170599999999998,0.003986328,0.006827963,0.008998435,0.020656057,13,7,1.38602674631313e-16,26.40701747531017,62.25179859477165,2.220446049250313e-16,1.085756633555385e-15,133639.8602496971,1.57228630726296e+20,mpmath_1792,6239487455003.812,Inf,Inf,53
nilpotent,24,Float64,false,diagonalcheap,complexschur,0.0,0.0008423080000000002,0.008200068000000003,0.029369736,0.006186569,0.04536237,31,7,1.018836189449445e-83,26.40701747531017,62.35809106075164,1.727233711018889e-77,2.517986533012213e-77,3.979950215366854e-57,1.57228630726296e+20,mpmath_1792,6239487455003.812,Inf,Inf,256
nilpotent,24,Float64,false,diagonalcheap,complexschur,0.0,0.00188471,0.026569247000000004,0.02993201,0.008612754,0.067958077,73,7,2.376365168625123e-280,26.40701747531017,62.39808341387852,1.331998346195134e-256,1.664737848219641e-256,2.46215769204604e-236,1.57228630726296e+20,mpmath_1792,6239487455003.812,Inf,Inf,851
nilpotent,24,Float64,false,diagonalcheap,realschur,0.0,0.00017499299999999997,0.0038019569999999995,0.006039578,0.005560121,0.016244266,13,7,1.38602674631313e-16,26.40701747531017,62.25179859477165,2.220446049250313e-16,1.085756633555385e-15,133639.8602496971,1.57228630726296e+20,mpmath_1792,6239487455003.812,Inf,Inf,53
nilpotent,24,Float64,false,diagonalcheap,realschur,0.0,0.000594107,0.006560048000000001,0.018670398,0.015876558,0.042902121,31,7,1.018836189449445e-83,26.40701747531017,62.35809106075164,1.727233711018889e-77,2.517986533012213e-77,3.979950215366854e-57,1.57228630726296e+20,mpmath_1792,6239487455003.812,Inf,Inf,256
nilpotent,24,Float64,false,diagonalcheap,realschur,0.0,0.0014159700000000001,0.017595097,0.03510173900000001,0.014133911,0.069852873,73,7,2.376365168625123e-280,26.40701747531017,62.39808341387852,1.331998346195134e-256,1.664737848219641e-256,2.46215769204604e-236,1.57228630726296e+20,mpmath_1792,6239487455003.812,Inf,Inf,851
nilpotent,24,Float64,false,taylor,transfree,0.0,0.001063928,0.004844245,0.014659806,0.005612701,0.02747159,42,5,1.4210854715202e-14,1461.154092072953,1,2.220446049250313e-16,2.666700381733396e-16,31676.15869178237,1.57228630726296e+20,mpmath_1792,6239487455003.812,Inf,Inf,53
nilpotent,24,Float64,false,taylor,transfree,0.0,0.001740016,0.006735967,0.033989801,0.004993445,0.048682811,90,6,4.118046071574423e-83,124.9333674070219,1,1.727233711018889e-77,2.319402908700594e-77,3.910780377999215e-57,1.57228630726296e+20,mpmath_1792,6239487455003.812,Inf,Inf,256
nilpotent,24,Float64,false,taylor,transfree,0.0,0.001790729,0.026353985999999996,0.020221632999999996,0.024558953,0.073851301,90,12,6.880735944643851e-258,1.50456010884178,1,1.331998346195134e-256,9.458052231573525e-257,1.477702055536326e-236,1.57228630726296e+20,mpmath_1792,6239487455003.812,Inf,Inf,851
nilpotent,24,Float64,false,taylor,complexschur,0.0,0.0008545920000000002,0.004427324,0.009745671,0.00375738,0.019447334,42,5,1.4210854715202e-14,1461.154092072953,1,2.220446049250313e-16,2.666700381733396e-16,31676.15869178237,1.57228630726296e+20,mpmath_1792,6239487455003.812,Inf,Inf,53
nilpotent,24,Float64,false,taylor,complexschur,0.0,0.0022647590000000007,0.008795340999999996,0.038014156,0.005013834,0.054792334,90,6,4.118046071574423e-83,124.9333674070219,1,1.727233711018889e-77,2.319402908700594e-77,3.910780377999215e-57,1.57228630726296e+20,mpmath_1792,6239487455003.812,Inf,Inf,256
nilpotent,24,Float64,false,taylor,complexschur,0.0,0.0017570610000000005,0.019000729,0.028295372000000003,0.019944968,0.070114259,90,12,6.880735944643851e-258,1.50456010884178,1,1.331998346195134e-256,9.458052231573525e-257,1.477702055536326e-236,1.57228630726296e+20,mpmath_1792,6239487455003.812,Inf,Inf,851
nilpotent,24,Float64,false,taylor,realschur,0.0,0.000884768,0.004744516999999999,0.013824342000000002,0.00591803,0.026248228,42,5,1.4210854715202e-14,1461.154092072953,1,2.220446049250313e-16,2.666700381733396e-16,31676.15869178237,1.57228630726296e+20,mpmath_1792,6239487455003.812,Inf,Inf,53
nilpotent,24,Float64,false,taylor,realschur,0.0,0.001521507,0.006361165999999999,0.032014107,0.004929795,0.045550517,90,6,4.118046071574423e-83,124.9333674070219,1,1.727233711018889e-77,2.319402908700594e-77,3.910780377999215e-57,1.57228630726296e+20,mpmath_1792,6239487455003.812,Inf,Inf,256
nilpotent,24,Float64,false,taylor,realschur,0.0,0.0016458720000000003,0.015159077,0.030773417999999997,0.019151102,0.068310196,90,12,6.880735944643851e-258,1.50456010884178,1,1.331998346195134e-256,9.458052231573525e-257,1.477702055536326e-236,1.57228630726296e+20,mpmath_1792,6239487455003.812,Inf,Inf,851
edst03_pascal_chol,4,Float64,false,scaling_and_squaring,NaN,NaN,NaN,NaN,NaN,NaN,1.9286e-5,NaN,NaN,NaN,NaN,NaN,2.220446049250313e-16,2.152407416571545e-16,1.887379141862766e-15,8,mpmath_1792,3.642394490085046,Inf,Inf,53
edst03_pascal_chol,4,Float64,false,diagonalcheap,transfree,0.0,6.4843e-5,0.0005711840000000001,0.00016822799999999998,3.0e-8,0.000856265,7,0,0,8,11.383136094674557,2.220446049250313e-16,0,0,8,mpmath_1792,3.642394490085046,Inf,Inf,53
edst03_pascal_chol,4,Float64,false,diagonalcheap,transfree,0.0,5.8021000000000006e-5,0.000461054,0.000157198,3.0e-8,0.000714115,7,0,0,8,11.383136094674557,1.727233711018889e-77,0,0,8,mpmath_1792,3.642394490085046,Inf,Inf,256
edst03_pascal_chol,4,Float64,false,diagonalcheap,transfree,0.0,6.1437e-5,0.00043518500000000004,0.000163941,4.0e-8,0.000709236,7,0,0,8,11.383136094674557,1.331998346195134e-256,0,0,8,mpmath_1792,3.642394490085046,Inf,Inf,851
edst03_pascal_chol,4,Float64,false,diagonalcheap,complexschur,0.0,5.5536000000000005e-5,0.00037400000000000004,0.000131669,3.0e-8,0.000603546,7,0,0,8,11.383136094674557,2.220446049250313e-16,0,0,8,mpmath_1792,3.642394490085046,Inf,Inf,53
edst03_pascal_chol,4,Float64,false,diagonalcheap,complexschur,0.0,5.7187999999999995e-5,0.00038192499999999997,0.000135024,3.0e-8,0.000615869,7,0,0,8,11.383136094674557,1.727233711018889e-77,0,0,8,mpmath_1792,3.642394490085046,Inf,Inf,256
edst03_pascal_chol,4,Float64,false,diagonalcheap,complexschur,0.0,6.226699999999999e-5,0.00041002800000000005,0.00016333000000000002,4.0e-8,0.000689048,7,0,0,8,11.383136094674557,1.331998346195134e-256,0,0,8,mpmath_1792,3.642394490085046,Inf,Inf,851
edst03_pascal_chol,4,Float64,false,diagonalcheap,realschur,0.0,5.5696000000000003e-5,0.00034763099999999994,0.000123894,3.0e-8,0.000570222,7,0,0,8,11.383136094674557,2.220446049250313e-16,0,0,8,mpmath_1792,3.642394490085046,Inf,Inf,53
edst03_pascal_chol,4,Float64,false,diagonalcheap,realschur,0.0,6.0425e-5,0.00036127600000000006,0.00013313099999999998,3.0e-8,0.000598817,7,0,0,8,11.383136094674557,1.727233711018889e-77,0,0,8,mpmath_1792,3.642394490085046,Inf,Inf,256
edst03_pascal_chol,4,Float64,false,diagonalcheap,realschur,0.0,6.1387e-5,0.000420398,0.00016547500000000002,4.0e-8,0.000703335,7,0,0,8,11.383136094674557,1.331998346195134e-256,0,0,8,mpmath_1792,3.642394490085046,Inf,Inf,851
edst03_pascal_chol,4,Float64,false,taylor,transfree,0.0,6.203900000000001e-5,0.00017911900000000004,7.0173e-5,3.0e-8,0.00034269,12,0,0,8,1,2.220446049250313e-16,0,0,8,mpmath_1792,3.642394490085046,Inf,Inf,53
edst03_pascal_chol,4,Float64,false,taylor,transfree,0.0,6.4592e-5,0.00018140700000000002,6.575299999999999e-5,3.0e-8,0.000345977,12,0,0,8,1,1.727233711018889e-77,0,0,8,mpmath_1792,3.642394490085046,Inf,Inf,256
edst03_pascal_chol,4,Float64,false,taylor,transfree,0.0,7.094600000000001e-5,0.000227271,7.853999999999999e-5,3.0e-8,0.000421259,12,0,0,8,1,1.331998346195134e-256,0,0,8,mpmath_1792,3.642394490085046,Inf,Inf,851
edst03_pascal_chol,4,Float64,false,taylor,complexschur,0.0,6.1197e-5,0.00014951300000000004,5.6658e-5,3.0e-8,0.000304488,12,0,0,8,1,2.220446049250313e-16,0,0,8,mpmath_1792,3.642394490085046,Inf,Inf,53
edst03_pascal_chol,4,Float64,false,taylor,complexschur,0.0,6.1017e-5,0.00016442000000000003,6.1328e-5,4.0e-8,0.000326609,12,0,0,8,1,1.727233711018889e-77,0,0,8,mpmath_1792,3.642394490085046,Inf,Inf,256
edst03_pascal_chol,4,Float64,false,taylor,complexschur,0.0,8.005200000000001e-5,0.000258088,8.1175e-5,3.0e-8,0.000480622,12,0,0,8,1,1.331998346195134e-256,0,0,8,mpmath_1792,3.642394490085046,Inf,Inf,851
edst03_pascal_chol,4,Float64,false,taylor,realschur,0.0,6.0184999999999994e-5,0.000151295,5.883299999999999e-5,4.0e-8,0.000307293,12,0,0,8,1,2.220446049250313e-16,0,0,8,mpmath_1792,3.642394490085046,Inf,Inf,53
edst03_pascal_chol,4,Float64,false,taylor,realschur,0.0,6.3018e-5,0.00017570100000000003,6.2131e-5,4.0e-8,0.00034257,12,0,0,8,1,1.727233711018889e-77,0,0,8,mpmath_1792,3.642394490085046,Inf,Inf,256
edst03_pascal_chol,4,Float64,false,taylor,realschur,0.0,6.970199999999999e-5,0.00022481800000000003,9.5952e-5,4.0e-8,0.000442029,12,0,0,8,1,1.331998346195134e-256,0,0,8,mpmath_1792,3.642394490085046,Inf,Inf,851
edst03_pascal_chol,24,Float64,false,scaling_and_squaring,NaN,NaN,NaN,NaN,NaN,NaN,4.3342e-5,NaN,NaN,NaN,NaN,NaN,2.220446049250313e-16,1.299439147143739e-15,1.078046441005398e-08,8388608,mpmath_1792,234.4541049201939,Inf,Inf,53
edst03_pascal_chol,24,Float64,false,diagonalcheap,transfree,0.0,0.00026366,0.0029386079999999997,0.006503891,0.003127515,0.013586712,13,3,1.738404856299474e-16,15.01440119364349,16.25702607468152,2.220446049250313e-16,3.338175283781741e-23,1.110223024625157e-16,8388608,mpmath_1792,234.4541049201939,Inf,Inf,53
edst03_pascal_chol,24,Float64,false,diagonalcheap,transfree,0.0,0.003285965,0.009702121000000003,0.026129513,0.002934659,0.043136687,37,2,1.100028649445302e-78,169.4065894508601,225.36224076780496,1.727233711018889e-77,9.254281053205361e-78,6.128754603827445e-71,8388608,mpmath_1792,234.4541049201939,Inf,Inf,256
edst03_pascal_chol,24,Float64,false,diagonalcheap,transfree,0.0,0.014083106,0.018411128999999995,0.026901333,0.008860364,0.06905539,91,2,3.239855923850482e-278,169.4065894508602,225.42083709746592,1.331998346195134e-256,4.575046097905974e-257,2.461459683859567e-250,8388608,mpmath_1792,234.4541049201939,Inf,Inf,851
edst03_pascal_chol,24,Float64,false,diagonalcheap,complexschur,0.0,0.000248544,0.0026475649999999997,0.005737628,0.00218731,0.011420953,13,3,1.738404856299474e-16,15.01440119364349,16.25702607468152,2.220446049250313e-16,3.338175283781741e-23,1.110223024625157e-16,8388608,mpmath_1792,234.4541049201939,Inf,Inf,53
edst03_pascal_chol,24,Float64,false,diagonalcheap,complexschur,0.0,0.003323568,0.008479299000000003,0.015501332999999997,0.010463806,0.038887804,37,2,1.100028649445302e-78,169.4065894508601,225.36224076780496,1.727233711018889e-77,9.254281053205361e-78,6.128754603827445e-71,8388608,mpmath_1792,234.4541049201939,Inf,Inf,256
edst03_pascal_chol,24,Float64,false,diagonalcheap,complexschur,0.0,0.006543192,0.026553895999999997,0.031531456,0.003111815,0.068983594,91,2,3.239855923850482e-278,169.4065894508602,225.42083709746592,1.331998346195134e-256,4.575046097905974e-257,2.461459683859567e-250,8388608,mpmath_1792,234.4541049201939,Inf,Inf,851
edst03_pascal_chol,24,Float64,false,diagonalcheap,realschur,0.0,0.000252179,0.0029138199999999997,0.0056622949999999995,0.003926871,0.013387734,13,3,1.738404856299474e-16,15.01440119364349,16.25702607468152,2.220446049250313e-16,3.338175283781741e-23,1.110223024625157e-16,8388608,mpmath_1792,234.4541049201939,Inf,Inf,53
edst03_pascal_chol,24,Float64,false,diagonalcheap,realschur,0.0,0.002449609,0.017441047999999997,0.017176693,0.003168793,0.040949827,37,2,1.100028649445302e-78,169.4065894508601,225.36224076780496,1.727233711018889e-77,9.254281053205361e-78,6.128754603827445e-71,8388608,mpmath_1792,234.4541049201939,Inf,Inf,256
edst03_pascal_chol,24,Float64,false,diagonalcheap,realschur,0.0,0.006989124,0.029347739999999997,0.033714756,0.00250273,0.073401097,91,2,3.239855923850482e-278,169.4065894508602,225.42083709746592,1.331998346195134e-256,4.575046097905974e-257,2.461459683859567e-250,8388608,mpmath_1792,234.4541049201939,Inf,Inf,851
edst03_pascal_chol,24,Float64,false,taylor,transfree,0.0,0.0012399919999999999,0.002727566,0.009401322,0.002564627,0.016728544,36,2,0,84.82421875,1,2.220446049250313e-16,0,0,8388608,mpmath_1792,234.4541049201939,Inf,Inf,53
edst03_pascal_chol,24,Float64,false,taylor,transfree,0.0,0.0046131359999999995,0.005323252999999999,0.03388636,0.002279976,0.046855594,90,2,8.433758354584419e-81,84.82421875,1,1.727233711018889e-77,0,0,8388608,mpmath_1792,234.4541049201939,Inf,Inf,256
edst03_pascal_chol,24,Float64,false,taylor,transfree,0.0,0.0033771970000000006,0.015475889,0.026407128999999998,0.010648216,0.058630248,90,9,1.417011256500774e-272,1.045900318205642,1,1.331998346195134e-256,0,0,8388608,mpmath_1792,234.4541049201939,Inf,Inf,851
edst03_pascal_chol,24,Float64,false,taylor,complexschur,0.0,0.00123774,0.0025061150000000006,0.008147571000000001,0.001323983,0.014025065,36,2,0,84.82421875,1,2.220446049250313e-16,0,0,8388608,mpmath_1792,234.4541049201939,Inf,Inf,53
edst03_pascal_chol,24,Float64,false,taylor,complexschur,0.0,0.015779330999999997,0.0035270069999999995,0.016609813999999997,0.001663937,0.03826915,90,2,8.433758354584419e-81,84.82421875,1,1.727233711018889e-77,0,0,8388608,mpmath_1792,234.4541049201939,Inf,Inf,256
edst03_pascal_chol,24,Float64,false,taylor,complexschur,0.0,0.005574519000000001,0.021474952,0.025410306999999997,0.015710773,0.069374747,90,9,1.417011256500774e-272,1.045900318205642,1,1.331998346195134e-256,0,0,8388608,mpmath_1792,234.4541049201939,Inf,Inf,851
edst03_pascal_chol,24,Float64,false,taylor,realschur,0.0,0.001054982,0.002398252,0.007754803000000001,0.001645021,0.013474179,36,2,0,84.82421875,1,2.220446049250313e-16,0,0,8388608,mpmath_1792,234.4541049201939,Inf,Inf,53
edst03_pascal_chol,24,Float64,false,taylor,realschur,0.0,0.004951034,0.004868137,0.031318632,0.003008519,0.044811144,90,2,8.433758354584419e-81,84.82421875,1,1.727233711018889e-77,0,0,8388608,mpmath_1792,234.4541049201939,Inf,Inf,256
edst03_pascal_chol,24,Float64,false,taylor,realschur,0.0,0.003823286,0.011711301,0.029813384000000002,0.010582892,0.05718741,90,9,1.417011256500774e-272,1.045900318205642,1,1.331998346195134e-256,0,0,8388608,mpmath_1792,234.4541049201939,Inf,Inf,851
kela89_206,4,Int64,false,scaling_and_squaring,NaN,NaN,NaN,NaN,NaN,NaN,2.0899e-5,NaN,NaN,NaN,NaN,NaN,2.220446049250313e-16,4.168945964987042e-14,1.476726227432627e-11,245.994433163083,mpmath_1792,3303.306709370389,133926.00000021697,106351.05198481647,53
kela89_206,4,Int64,false,diagonalcheap,transfree,0.0,3.717e-6,0.001435272,0.00028332899999999997,4.3432e-5,0.001845863,9,4,0,11.55461927596276,51.17831459202676,2.220446049250313e-16,3.922161987382278e-14,1.855086757485381e-11,245.994433163083,mpmath_1792,3303.306709370389,133926.00000021697,106351.05198481647,53
kela89_206,4,Int64,false,diagonalcheap,transfree,0.0,0.000234006,0.0018432690000000002,0.00047142299999999995,1.0199e-5,0.002667161,37,1,1.389288781239634e-82,100.001894758444,3129.2616464509024,1.727233711018889e-77,1.759972502155951e-74,4.84883861349345e-72,245.994433163083,mpmath_1792,3303.306709370389,133926.00000021697,106351.05198481647,256
kela89_206,4,Int64,false,diagonalcheap,transfree,0.0,0.0004039,0.003890111999999999,0.000987894,2.0248e-5,0.00540655,81,1,9.176778706999484e-268,100.0018947584454,3176.597211777491,1.331998346195134e-256,7.898594382046022e-254,2.177010405492986e-251,245.994433163083,mpmath_1792,3303.306709370389,133926.00000021697,106351.05198481647,851
kela89_206,4,Int64,false,diagonalcheap,complexschur,0.000717131,3.087e-6,0.0008626090000000002,0.00038879800000000004,0.000287386,0.002442796,9,4,4.14284054716336e-17,10.72794218707674,40.22272113120368,2.220446049250313e-16,5.312272700745395e-14,1.355328930143121e-11,245.994433163083,mpmath_1792,3303.306709370389,133926.00000021697,106351.05198481647,53
kela89_206,4,Int64,false,diagonalcheap,complexschur,0.008151278,0.0004298750000000001,0.002838426,0.001755483,0.000112143,0.013605949,37,1,1.714427225370617e-81,139.8957436242396,6256.365431019927,1.727233711018889e-77,2.319643529873813e-74,6.644692669739543e-72,245.994433163083,mpmath_1792,3303.306709370389,133926.00000021697,106351.05198481647,256
kela89_206,4,Int64,false,diagonalcheap,complexschur,NaN,NaN,NaN,NaN,NaN,NaN,NaN,NaN,NaN,NaN,NaN,NaN,NaN,NaN,245.994433163083,mpmath_1792,3303.306709370389,133926.00000021697,106351.05198481647,851
kela89_206,4,Int64,false,diagonalcheap,realschur,0.000706892,4.027e-6,0.001105781,0.00023454499999999998,7.6234e-5,0.002212248,9,4,0,10.72794215865846,40.22271996578033,2.220446049250313e-16,5.285592992773268e-14,1.355550974748046e-11,245.994433163083,mpmath_1792,3303.306709370389,133926.00000021697,106351.05198481647,53
kela89_206,4,Int64,false,diagonalcheap,realschur,0.004323254,0.00024825300000000004,0.001984888,0.000482845,3.6951e-5,0.007177671,37,1,1.714427225370617e-81,139.8957436242396,6256.365431019926,1.727233711018889e-77,2.320768619246513e-74,6.646765350192766e-72,245.994433163083,mpmath_1792,3303.306709370389,133926.00000021697,106351.05198481647,256
kela89_206,4,Int64,false,diagonalcheap,realschur,NaN,NaN,NaN,NaN,NaN,NaN,NaN,NaN,NaN,NaN,NaN,NaN,NaN,NaN,245.994433163083,mpmath_1792,3303.306709370389,133926.00000021697,106351.05198481647,851
kela89_206,4,Int64,false,taylor,transfree,0.0,0.000175934,0.0006218500000000001,0.000143331,1.3966e-5,0.001029544,30,2,1.110223024625157e-16,30.68489583333333,1,2.220446049250313e-16,2.832500654085967e-14,8.599823769564324e-12,245.994433163083,mpmath_1792,3303.306709370389,133926.00000021697,106351.05198481647,53
kela89_206,4,Int64,false,taylor,transfree,0.0,0.000287496,0.0009558309999999999,0.00032318399999999996,1.9938e-5,0.00164939,72,2,6.177069107361635e-84,30.68489583333333,1,1.727233711018889e-77,1.6471269962578e-75,5.136347997584541e-73,245.994433163083,mpmath_1792,3303.306709370389,133926.00000021697,106351.05198481647,256
kela89_206,4,Int64,false,taylor,transfree,0.0,0.000334834,0.0023066189999999993,0.0005247810000000001,0.000133864,0.003387067,90,7,4.983549363754535e-258,2.521989712354221,1,1.331998346195134e-256,1.816958566066389e-254,7.570813986560226e-252,245.994433163083,mpmath_1792,3303.306709370389,133926.00000021697,106351.05198481647,851
kela89_206,4,Int64,false,taylor,complexschur,0.000708074,0.000204808,0.000565993,0.000365754,8.2557e-5,0.002063806,30,2,2.220446049250313e-16,44.59189796586185,1,2.220446049250313e-16,5.318463005975416e-14,1.357016469140552e-11,245.994433163083,mpmath_1792,3303.306709370389,133926.00000021697,106351.05198481647,53
kela89_206,4,Int64,false,taylor,complexschur,0.005577825,0.0007128820000000001,0.0018218590000000001,0.001369609,0.000284349,0.010121296,72,2,8.236092143148846e-84,44.59183009408805,1,1.727233711018889e-77,2.323511697738488e-74,6.65353610633996e-72,245.994433163083,mpmath_1792,3303.306709370389,133926.00000021697,106351.05198481647,256
kela89_206,4,Int64,false,taylor,complexschur,NaN,NaN,NaN,NaN,NaN,NaN,NaN,NaN,NaN,NaN,NaN,NaN,NaN,NaN,245.994433163083,mpmath_1792,3303.306709370389,133926.00000021697,106351.05198481647,851
kela89_206,4,Int64,false,taylor,realschur,0.000721649,0.00020461900000000001,0.0007194259999999999,0.00016640400000000001,3.9385e-5,0.001961532,30,2,0,44.59189783513833,1,2.220446049250313e-16,5.320470483975357e-14,1.355462156906076e-11,245.994433163083,mpmath_1792,3303.306709370389,133926.00000021697,106351.05198481647,53
kela89_206,4,Int64,false,taylor,realschur,0.004435667,0.000326558,0.0009719240000000002,0.000330207,6.9652e-5,0.006242305,72,2,8.236092143148846e-84,44.59183009408805,1,1.727233711018889e-77,2.322318331901584e-74,6.650081638917922e-72,245.994433163083,mpmath_1792,3303.306709370389,133926.00000021697,106351.05198481647,256
kela89_206,4,Int64,false,taylor,realschur,NaN,NaN,NaN,NaN,NaN,NaN,NaN,NaN,NaN,NaN,NaN,NaN,NaN,NaN,245.994433163083,mpmath_1792,3303.306709370389,133926.00000021697,106351.05198481647,851
pang85_ex1,6,Int64,false,scaling_and_squaring,NaN,NaN,NaN,NaN,NaN,NaN,2.3845e-5,NaN,NaN,NaN,NaN,NaN,2.220446049250313e-16,2.727036153700344e-15,6.935757751494242e-14,20.48186747813922,mpmath_1792,2037.978072595147,87.29222222222221,83.61087826837439,53
pang85_ex1,6,Int64,false,diagonalcheap,transfree,0.0,3.467e-6,0.001049071,0.00031227100000000003,0.000175713,0.001631977,9,5,3.118039389774669e-16,9.458766749544836,58.4435971295211,2.220446049250313e-16,2.930676384374721e-15,7.166189138293208e-14,20.48186747813922,mpmath_1792,2037.978072595147,87.29222222222221,83.61087826837439,53
pang85_ex1,6,Int64,false,diagonalcheap,transfree,0.0,0.000257148,0.0022855969999999995,0.0009056070000000001,0.000150215,0.003698448,49,3,1.512275472277481e-81,6.962131898277348,16.73507842270842,1.727233711018889e-77,2.596472885028354e-76,6.24131085084127e-75,20.48186747813922,mpmath_1792,2037.978072595147,87.29222222222221,83.61087826837439,256
pang85_ex1,6,Int64,false,diagonalcheap,transfree,0.0,0.000522098,0.005869299999999999,0.002765765,0.000809977,0.010164609,91,4,1.163374142351612e-279,4.072844773589825,90.42793272009652,1.331998346195134e-256,1.117574191150088e-255,2.630075807153769e-254,20.48186747813922,mpmath_1792,2037.978072595147,87.29222222222221,83.61087826837439,851
pang85_ex1,6,Int64,false,diagonalcheap,complexschur,0.000240286,4.688e-6,0.0016357319999999998,0.000793458,0.000497744,0.003478831,9,5,1.291785876311232e-15,10.23594398799346,62.61308635408515,2.220446049250313e-16,2.454118723103969e-15,6.013134220025247e-14,20.48186747813922,mpmath_1792,2037.978072595147,87.29222222222221,83.61087826837439,53
pang85_ex1,6,Int64,false,diagonalcheap,complexschur,0.000340947,0.000475523,0.003740127,0.006420365,0.001202903,0.01304216,49,3,7.655606103631964e-81,7.315292534074759,17.711907297696833,1.727233711018889e-77,3.034395878814644e-76,6.643951688235812e-75,20.48186747813922,mpmath_1792,2037.978072595147,87.29222222222221,83.61087826837439,256
pang85_ex1,6,Int64,false,diagonalcheap,complexschur,0.000707363,0.001229894,0.011988420000000001,0.04275069399999999,0.001422339,0.058878068,91,4,5.594589236760477e-280,4.253635305978286,105.91075159045529,1.331998346195134e-256,2.14392826860739e-255,5.170976066770131e-254,20.48186747813922,mpmath_1792,2037.978072595147,87.29222222222221,83.61087826837439,851
pang85_ex1,6,Int64,false,diagonalcheap,realschur,0.0,4.937999999999999e-6,0.0016964719999999999,0.000517721,0.000323233,0.002747514,9,5,3.118039389774669e-16,9.458766749544836,58.4435971295211,2.220446049250313e-16,2.930676384374721e-15,7.166189138293208e-14,20.48186747813922,mpmath_1792,2037.978072595147,87.29222222222221,83.61087826837439,53
pang85_ex1,6,Int64,false,diagonalcheap,realschur,0.0,0.000439296,0.0045245749999999986,0.001505246,0.000268189,0.00690883,49,3,1.512275472277481e-81,6.962131898277348,16.73507842270842,1.727233711018889e-77,2.596472885028354e-76,6.24131085084127e-75,20.48186747813922,mpmath_1792,2037.978072595147,87.29222222222221,83.61087826837439,256
pang85_ex1,6,Int64,false,diagonalcheap,realschur,0.0,0.000799719,0.009273614000000005,0.002912388,0.000577796,0.013813322,91,4,1.163374142351612e-279,4.072844773589825,90.42793272009652,1.331998346195134e-256,1.117574191150088e-255,2.630075807153769e-254,20.48186747813922,mpmath_1792,2037.978072595147,87.29222222222221,83.61087826837439,851
pang85_ex1,6,Int64,false,taylor,transfree,0.0,0.000211983,0.0007974260000000001,0.00034334999999999997,0.000144905,0.001601759,36,4,4.440892098500626e-16,8.260915120442707,1,2.220446049250313e-16,2.824121986929881e-15,6.833122230905661e-14,20.48186747813922,mpmath_1792,2037.978072595147,87.29222222222221,83.61087826837439,53
pang85_ex1,6,Int64,false,taylor,transfree,0.0,0.0004034410000000001,0.0012882389999999996,0.000758509,0.000203536,0.002764216,90,4,1.647218428629769e-82,8.260915120442711,1,1.727233711018889e-77,3.199897748400707e-76,7.528099965550342e-75,20.48186747813922,mpmath_1792,2037.978072595147,87.29222222222221,83.61087826837439,256
pang85_ex1,6,Int64,false,taylor,transfree,0.0,0.000447467,0.0031590389999999998,0.0009571940000000001,0.000989698,0.005698845,90,11,2.494467657262298e-275,1.244840417722181,1,1.331998346195134e-256,1.304440164965944e-255,3.169535137362798e-254,20.48186747813922,mpmath_1792,2037.978072595147,87.29222222222221,83.61087826837439,851
pang85_ex1,6,Int64,false,taylor,complexschur,0.000167027,0.000270049,0.001045295,0.001134972,0.000697784,0.003733545,36,4,4.440892098500626e-16,8.530773281411808,1,2.220446049250313e-16,2.025738375587033e-15,4.478190779291722e-14,20.48186747813922,mpmath_1792,2037.978072595147,87.29222222222221,83.61087826837439,53
pang85_ex1,6,Int64,false,taylor,complexschur,0.000285773,0.0009088950000000001,0.002886208,0.005192754999999999,0.000639784,0.01036015,90,4,6.588873714519077e-83,8.530773281411811,1,1.727233711018889e-77,2.479242197696451e-76,5.403602500997109e-75,20.48186747813922,mpmath_1792,2037.978072595147,87.29222222222221,83.61087826837439,256
pang85_ex1,6,Int64,false,taylor,complexschur,0.000384831,0.0007264910000000002,0.004533339,0.0036829639999999995,0.002714371,0.012501383,90,11,5.730505340872736e-275,1.242267433620558,1,1.331998346195134e-256,2.083891640740853e-255,4.925684811638131e-254,20.48186747813922,mpmath_1792,2037.978072595147,87.29222222222221,83.61087826837439,851
pang85_ex1,6,Int64,false,taylor,realschur,0.0,0.00021720199999999997,0.000825027,0.000384739,0.000143162,0.001927378,36,4,4.440892098500626e-16,8.260915120442707,1,2.220446049250313e-16,2.824121986929881e-15,6.833122230905661e-14,20.48186747813922,mpmath_1792,2037.978072595147,87.29222222222221,83.61087826837439,53
pang85_ex1,6,Int64,false,taylor,realschur,0.0,0.000435557,0.0013754530000000002,0.000904483,0.000320859,0.003162511,90,4,1.647218428629769e-82,8.260915120442711,1,1.727233711018889e-77,3.199897748400707e-76,7.528099965550342e-75,20.48186747813922,mpmath_1792,2037.978072595147,87.29222222222221,83.61087826837439,256
pang85_ex1,6,Int64,false,taylor,realschur,0.0,0.0005490299999999999,0.004864040000000001,0.0014992960000000002,0.001632357,0.008756807,90,11,2.494467657262298e-275,1.244840417722181,1,1.331998346195134e-256,1.304440164965944e-255,3.169535137362798e-254,20.48186747813922,mpmath_1792,2037.978072595147,87.29222222222221,83.61087826837439,851
pang85_ex2,10,ComplexF64,false,scaling_and_squaring,NaN,NaN,NaN,NaN,NaN,NaN,3.6389e-5,NaN,NaN,NaN,NaN,NaN,2.220446049250313e-16,8.694954509665518e-16,9.471399810312774e-13,853.926289170935,mpmath_1792,99.5350535475214,424131.399121252,206665.40286262642,53
pang85_ex2,10,ComplexF64,false,diagonalcheap,transfree,0.0,0.00010540199999999999,0.0017538150000000001,0.0036718790000000003,0.000711119,0.006483353,13,2,8.24234318533806e-16,24.33538542798971,28.39522607946487,2.220446049250313e-16,5.589573486290933e-16,4.474595236101431e-13,853.926289170935,mpmath_1792,99.5350535475214,424131.399121252,206665.40286262642,53
pang85_ex2,10,ComplexF64,false,diagonalcheap,transfree,0.0,0.00039365399999999995,0.002996656,0.009451457,0.000801471,0.013899146,37,1,7.273818885834631e-80,124.2889026820901,380.0378728344246,1.727233711018889e-77,3.132216093335265e-77,2.783614999869388e-74,853.926289170935,mpmath_1792,99.5350535475214,424131.399121252,206665.40286262642,256
pang85_ex2,10,ComplexF64,false,diagonalcheap,transfree,0.0,0.0010908700000000003,0.008987696,0.059605399,0.000891242,0.070937133,91,1,1.012182177891097e-279,124.2889026820901,379.43916169961005,1.331998346195134e-256,4.42125323877774e-256,3.728931282209715e-253,853.926289170935,mpmath_1792,99.5350535475214,424131.399121252,206665.40286262642,851
pang85_ex2,10,ComplexF64,false,diagonalcheap,complexschur,0.0,9.5943e-5,0.001514584,0.0028527929999999993,0.000683948,0.005376933,13,2,8.24234318533806e-16,24.33538542798971,28.39522607946487,2.220446049250313e-16,5.589573486290933e-16,4.474595236101431e-13,853.926289170935,mpmath_1792,99.5350535475214,424131.399121252,206665.40286262642,53
pang85_ex2,10,ComplexF64,false,diagonalcheap,complexschur,0.0,0.00038348799999999997,0.0033193709999999998,0.006934908,0.000618564,0.011504381,37,1,7.273818885834631e-80,124.2889026820901,380.0378728344246,1.727233711018889e-77,3.132216093335265e-77,2.783614999869388e-74,853.926289170935,mpmath_1792,99.5350535475214,424131.399121252,206665.40286262642,256
pang85_ex2,10,ComplexF64,false,diagonalcheap,complexschur,0.0,0.001286961,0.010991507000000003,0.018966365,0.001155573,0.032774294,91,1,1.012182177891097e-279,124.2889026820901,379.43916169961005,1.331998346195134e-256,4.42125323877774e-256,3.728931282209715e-253,853.926289170935,mpmath_1792,99.5350535475214,424131.399121252,206665.40286262642,851
pang85_ex2,10,ComplexF64,false,taylor,transfree,0.0,0.000623465,0.002068735,0.005884986,0.001213363,0.010175018,30,2,1.110223024625157e-16,26.07778430750052,1,2.220446049250313e-16,1.814406419511304e-16,1.569785043335287e-13,853.926289170935,mpmath_1792,99.5350535475214,424131.399121252,206665.40286262642,53
pang85_ex2,10,ComplexF64,false,taylor,transfree,0.0,0.0006928240000000001,0.001975671000000001,0.006433887000000001,0.000887223,0.010300166,72,2,1.575976231591532e-80,26.07778430750051,1,1.727233711018889e-77,7.865738922027196e-78,9.334911242884835e-75,853.926289170935,mpmath_1792,99.5350535475214,424131.399121252,206665.40286262642,256
pang85_ex2,10,ComplexF64,false,taylor,transfree,0.0,0.001339171,0.008657979,0.037665298,0.007406635,0.055608294,90,8,2.108621682862893e-275,1.096041141413454,1,1.331998346195134e-256,2.745143196281679e-256,2.335677394835292e-253,853.926289170935,mpmath_1792,99.5350535475214,424131.399121252,206665.40286262642,851
pang85_ex2,10,ComplexF64,false,taylor,complexschur,0.0,0.00038066,0.001293681,0.0032180900000000003,0.00075354,0.005909164,30,2,1.110223024625157e-16,26.07778430750052,1,2.220446049250313e-16,1.814406419511304e-16,1.569785043335287e-13,853.926289170935,mpmath_1792,99.5350535475214,424131.399121252,206665.40286262642,53
pang85_ex2,10,ComplexF64,false,taylor,complexschur,0.0,0.000795881,0.0022973759999999994,0.009803174000000001,0.001516078,0.014841463,72,2,1.575976231591532e-80,26.07778430750051,1,1.727233711018889e-77,7.865738922027196e-78,9.334911242884835e-75,853.926289170935,mpmath_1792,99.5350535475214,424131.399121252,206665.40286262642,256
pang85_ex2,10,ComplexF64,false,taylor,complexschur,0.0,0.001027008,0.005931695000000001,0.009759921999999999,0.006073415,0.023159809,90,8,2.108621682862893e-275,1.096041141413454,1,1.331998346195134e-256,2.745143196281679e-256,2.335677394835292e-253,853.926289170935,mpmath_1792,99.5350535475214,424131.399121252,206665.40286262642,851
pang85_ex3,10,Float64,false,scaling_and_squaring,NaN,NaN,NaN,NaN,NaN,NaN,3.182e-5,NaN,NaN,NaN,NaN,NaN,2.220446049250313e-16,1.804341724767223e-16,3.056575817815401e-14,169.3759088030254,mpmath_1792,9.058004294784455,55.58201058201058,33.219558235484044,53
pang85_ex3,10,Float64,false,diagonalcheap,transfree,0.0,7.2749e-5,0.001121798,0.000904526,9.8386e-5,0.002375448,13,1,0,14.06190461065158,11.93737383050977,2.220446049250313e-16,4.494490562626777e-17,6.313676082533273e-15,169.3759088030254,mpmath_1792,9.058004294784455,55.58201058201058,33.219558235484044,53
pang85_ex3,10,Float64,false,diagonalcheap,transfree,0.0,0.00026930100000000006,0.002232174,0.0019606,4.0e-8,0.004570042,37,0,7.060336228835538e-77,169.375908803025,134.60255768222035,1.727233711018889e-77,1.352503117008016e-77,2.067159713525617e-75,169.3759088030254,mpmath_1792,9.058004294784455,55.58201058201058,33.219558235484044,256
pang85_ex3,10,Float64,false,diagonalcheap,transfree,0.0,0.000594929,0.0053908520000000015,0.004271013,3.0e-8,0.010398793,91,0,4.097348859379697e-263,169.375908803024,133.8957931294684,1.331998346195134e-256,8.323573118194575e-257,1.637060184653546e-254,169.3759088030254,mpmath_1792,9.058004294784455,55.58201058201058,33.219558235484044,851
pang85_ex3,10,Float64,false,diagonalcheap,complexschur,0.0,6.2801e-5,0.0009576760000000001,0.000802803,9.0612e-5,0.002089625,13,1,0,14.06190461065158,11.93737383050977,2.220446049250313e-16,4.494490562626777e-17,6.313676082533273e-15,169.3759088030254,mpmath_1792,9.058004294784455,55.58201058201058,33.219558235484044,53
pang85_ex3,10,Float64,false,diagonalcheap,complexschur,0.0,0.000330897,0.002124924,0.0029741240000000003,4.0e-8,0.005592042,37,0,7.060336228835538e-77,169.375908803025,134.60255768222035,1.727233711018889e-77,1.352503117008016e-77,2.067159713525617e-75,169.3759088030254,mpmath_1792,9.058004294784455,55.58201058201058,33.219558235484044,256
pang85_ex3,10,Float64,false,diagonalcheap,complexschur,0.0,0.000963918,0.008808757000000002,0.006876782,3.0e-8,0.016880202,91,0,4.097348859379697e-263,169.375908803024,133.8957931294684,1.331998346195134e-256,8.323573118194575e-257,1.637060184653546e-254,169.3759088030254,mpmath_1792,9.058004294784455,55.58201058201058,33.219558235484044,851
pang85_ex3,10,Float64,false,diagonalcheap,realschur,0.0,0.000116651,0.001681561,0.001094918,9.45e-5,0.003174625,13,1,0,14.06190461065158,11.93737383050977,2.220446049250313e-16,4.494490562626777e-17,6.313676082533273e-15,169.3759088030254,mpmath_1792,9.058004294784455,55.58201058201058,33.219558235484044,53
pang85_ex3,10,Float64,false,diagonalcheap,realschur,0.0,0.000422023,0.003117084,0.025904477000000002,3.0e-8,0.029642991,37,0,7.060336228835538e-77,169.375908803025,134.60255768222035,1.727233711018889e-77,1.352503117008016e-77,2.067159713525617e-75,169.3759088030254,mpmath_1792,9.058004294784455,55.58201058201058,33.219558235484044,256
pang85_ex3,10,Float64,false,diagonalcheap,realschur,0.0,0.000811738,0.007827152000000002,0.006629823000000001,4.0e-8,0.01547698,91,0,4.097348859379697e-263,169.375908803024,133.8957931294684,1.331998346195134e-256,8.323573118194575e-257,1.637060184653546e-254,169.3759088030254,mpmath_1792,9.058004294784455,55.58201058201058,33.219558235484044,851
pang85_ex3,10,Float64,false,taylor,transfree,0.0,0.000242882,0.0007801090000000002,0.001184969,0.000141688,0.002563164,25,1,0,10.54947916666667,1,2.220446049250313e-16,4.382818306759289e-17,5.8941470049045e-15,169.3759088030254,mpmath_1792,9.058004294784455,55.58201058201058,33.219558235484044,53
pang85_ex3,10,Float64,false,taylor,transfree,0.0,0.000591482,0.0013431200000000002,0.002907283,0.000208546,0.005268087,72,1,1.655172022812408e-77,10.54947916666667,1,1.727233711018889e-77,5.345437450220164e-78,6.194349956586919e-76,169.3759088030254,mpmath_1792,9.058004294784455,55.58201058201058,33.219558235484044,256
pang85_ex3,10,Float64,false,taylor,transfree,0.0,0.0007538929999999998,0.004929434999999999,0.004448299,0.003033026,0.013443601,90,7,1.51229376045219e-269,1.043873498124358,1,1.331998346195134e-256,4.003844717310632e-257,7.022986297573944e-255,169.3759088030254,mpmath_1792,9.058004294784455,55.58201058201058,33.219558235484044,851
pang85_ex3,10,Float64,false,taylor,complexschur,0.0,0.00023689099999999995,0.0008013230000000004,0.0011755189999999999,0.000145756,0.002606336,25,1,0,10.54947916666667,1,2.220446049250313e-16,4.382818306759289e-17,5.8941470049045e-15,169.3759088030254,mpmath_1792,9.058004294784455,55.58201058201058,33.219558235484044,53
pang85_ex3,10,Float64,false,taylor,complexschur,0.0,0.000589098,0.0013505970000000003,0.0030277340000000002,0.000212413,0.005415577,72,1,1.655172022812408e-77,10.54947916666667,1,1.727233711018889e-77,5.345437450220164e-78,6.194349956586919e-76,169.3759088030254,mpmath_1792,9.058004294784455,55.58201058201058,33.219558235484044,256
pang85_ex3,10,Float64,false,taylor,complexschur,0.0,0.0007150009999999998,0.0050352420000000005,0.004398209,0.003091897,0.013548971,90,7,1.51229376045219e-269,1.043873498124358,1,1.331998346195134e-256,4.003844717310632e-257,7.022986297573944e-255,169.3759088030254,mpmath_1792,9.058004294784455,55.58201058201058,33.219558235484044,851
pang85_ex3,10,Float64,false,taylor,realschur,0.0,0.000247141,0.000830254,0.001231336,0.000146248,0.002699062,25,1,0,10.54947916666667,1,2.220446049250313e-16,4.382818306759289e-17,5.8941470049045e-15,169.3759088030254,mpmath_1792,9.058004294784455,55.58201058201058,33.219558235484044,53
pang85_ex3,10,Float64,false,taylor,realschur,0.0,0.0006275019999999999,0.0014701210000000002,0.003005602,0.000213264,0.005575971,72,1,1.655172022812408e-77,10.54947916666667,1,1.727233711018889e-77,5.345437450220164e-78,6.194349956586919e-76,169.3759088030254,mpmath_1792,9.058004294784455,55.58201058201058,33.219558235484044,256
pang85_ex3,10,Float64,false,taylor,realschur,0.0,0.0007366389999999999,0.005028716000000001,0.004355184999999999,0.003143124,0.013576874,90,7,1.51229376045219e-269,1.043873498124358,1,1.331998346195134e-256,4.003844717310632e-257,7.022986297573944e-255,169.3759088030254,mpmath_1792,9.058004294784455,55.58201058201058,33.219558235484044,851
kela89_ex5,2,Float64,false,scaling_and_squaring,NaN,NaN,NaN,NaN,NaN,NaN,1.7673e-5,NaN,NaN,NaN,NaN,NaN,2.220446049250313e-16,2.910371404141188e-11,2.910374314524233e-05,1000001,given,166666666669.5,Inf,Inf,53
kela89_ex5,2,Float64,false,diagonalcheap,transfree,0.0,0.00023055800000000004,0.0013949899999999992,0.000102705,8.1875e-5,0.001873926,3,16,0,16.2587890625,74.46644997596741,2.220446049250313e-16,0,0,1000001,given,166666666669.5,Inf,Inf,53
kela89_ex5,2,Float64,false,diagonalcheap,transfree,0.0,5.8289000000000004e-5,0.0004008519999999999,9.607100000000001e-5,2.9957e-5,0.000629575,3,3,0,125001,3.906375001e9,1.727233711018889e-77,0,0,1000001,given,166666666669.5,Inf,Inf,256
kela89_ex5,2,Float64,false,diagonalcheap,transfree,0.0,1.6482e-5,0.00020498800000000002,0.00010514,4.0e-8,0.000369932,3,0,0,1000001,2.50001000001e11,1.331998346195134e-256,0,0,1000001,given,166666666669.5,Inf,Inf,851
kela89_ex5,2,Float64,false,diagonalcheap,complexschur,0.0,0.000149163,0.000979988,0.000112216,9.5982e-5,0.001396059,3,16,0,16.2587890625,74.46644997596741,2.220446049250313e-16,0,0,1000001,given,166666666669.5,Inf,Inf,53
kela89_ex5,2,Float64,false,diagonalcheap,complexschur,0.0,4.0528e-5,0.00033677999999999996,7.2278e-5,2.0298e-5,0.000513575,3,3,0,125001,3.906375001e9,1.727233711018889e-77,0,0,1000001,given,166666666669.5,Inf,Inf,256
kela89_ex5,2,Float64,false,diagonalcheap,complexschur,0.0,1.5369e-5,0.000176666,8.235600000000001e-5,4.1e-8,0.000370433,3,0,0,1000001,2.50001000001e11,1.331998346195134e-256,0,0,1000001,given,166666666669.5,Inf,Inf,851
kela89_ex5,2,Float64,false,diagonalcheap,realschur,0.0,0.000162649,0.00100316,7.4495e-5,4.8803e-5,0.001340544,3,16,0,16.2587890625,74.46644997596741,2.220446049250313e-16,0,0,1000001,given,166666666669.5,Inf,Inf,53
kela89_ex5,2,Float64,false,diagonalcheap,realschur,0.0,4.4596000000000005e-5,0.0003944790000000001,7.696499999999999e-5,2.0889e-5,0.000589007,3,3,0,125001,3.906375001e9,1.727233711018889e-77,0,0,1000001,given,166666666669.5,Inf,Inf,256
kela89_ex5,2,Float64,false,diagonalcheap,realschur,0.0,1.2333e-5,0.000178078,8.585299999999999e-5,3.0e-8,0.000329465,3,0,0,1000001,2.50001000001e11,1.331998346195134e-256,0,0,1000001,given,166666666669.5,Inf,Inf,851
kela89_ex5,2,Float64,false,taylor,transfree,0.0,8.696e-6,8.8508e-5,2.7111999999999997e-5,3.0e-8,0.000149193,4,0,0,1000001,1,2.220446049250313e-16,0,0,1000001,given,166666666669.5,Inf,Inf,53
kela89_ex5,2,Float64,false,taylor,transfree,0.0,8.245e-6,6.204800000000001e-5,1.9549e-5,3.0e-8,0.000114828,4,0,0,1000001,1,1.727233711018889e-77,0,0,1000001,given,166666666669.5,Inf,Inf,256
kela89_ex5,2,Float64,false,taylor,transfree,0.0,9.067e-6,6.338999999999999e-5,2.7821e-5,4.0e-8,0.00013675,4,0,0,1000001,1,1.331998346195134e-256,0,0,1000001,given,166666666669.5,Inf,Inf,851
kela89_ex5,2,Float64,false,taylor,complexschur,0.0,7.695e-6,5.7376999999999996e-5,2.8564e-5,4.0e-8,0.00012124,4,0,0,1000001,1,2.220446049250313e-16,0,0,1000001,given,166666666669.5,Inf,Inf,53
kela89_ex5,2,Float64,false,taylor,complexschur,0.0,8.576e-6,6.464199999999998e-5,2.064e-5,4.0e-8,0.000126019,4,0,0,1000001,1,1.727233711018889e-77,0,0,1000001,given,166666666669.5,Inf,Inf,256
kela89_ex5,2,Float64,false,taylor,complexschur,0.0,1.1562e-5,8.7265e-5,3.4665e-5,3.0e-8,0.00017935,4,0,0,1000001,1,1.331998346195134e-256,0,0,1000001,given,166666666669.5,Inf,Inf,851
kela89_ex5,2,Float64,false,taylor,realschur,0.0,9.639e-6,7.2026e-5,2.0408e-5,3.0e-8,0.000132572,4,0,0,1000001,1,2.220446049250313e-16,0,0,1000001,given,166666666669.5,Inf,Inf,53
kela89_ex5,2,Float64,false,taylor,realschur,0.0,1.036e-5,6.4521e-5,2.1340999999999998e-5,4.0e-8,0.000130869,4,0,0,1000001,1,1.727233711018889e-77,0,0,1000001,given,166666666669.5,Inf,Inf,256
kela89_ex5,2,Float64,false,taylor,realschur,0.0,9.388e-6,6.565199999999999e-5,2.7164e-5,3.0e-8,0.000139295,4,0,0,1000001,1,1.331998346195134e-256,0,0,1000001,given,166666666669.5,Inf,Inf,851
jemc05_52,3,Float64,false,scaling_and_squaring,NaN,NaN,NaN,NaN,NaN,NaN,2.2263e-5,NaN,NaN,NaN,NaN,NaN,2.220446049250313e-16,3.197938785708192e-16,2.022519650433646e-15,7.320102322960796,mpmath_1792,6.079072061519,122.66666666666664,87.72145554472485,53
jemc05_52,3,Float64,false,diagonalcheap,transfree,0.0,2.443e-6,0.000771686,0.00020062,5.0e-8,0.001041556,9,0,0,7.320102322960796,14.490134828445704,2.220446049250313e-16,2.550573018169183e-16,1.752238633291886e-15,7.320102322960796,mpmath_1792,6.079072061519,122.66666666666664,87.72145554472485,53
jemc05_52,3,Float64,false,diagonalcheap,transfree,0.0,0.00015515399999999999,0.00129772,0.000334576,4.1e-8,0.001836164,25,0,6.448357154341655e-82,7.320102322960794,14.505127655246543,1.727233711018889e-77,1.422890063952967e-77,9.877533325213226e-77,7.320102322960796,mpmath_1792,6.079072061519,122.66666666666664,87.72145554472485,256
jemc05_52,3,Float64,false,diagonalcheap,transfree,0.0,0.000345867,0.0034762779999999997,0.000835526,3.0e-8,0.004735046,65,0,1.543724400412188e-265,7.3201023229608,14.509715503189057,1.331998346195134e-256,8.062866769129596e-257,5.076595383853138e-256,7.320102322960796,mpmath_1792,6.079072061519,122.66666666666664,87.72145554472485,851
jemc05_52,3,Float64,false,diagonalcheap,complexschur,0.000138583,2.695e-6,0.0007656329999999999,0.000374242,4.0e-8,0.001402321,9,0,0,7.728763989627843,18.49540111688408,2.220446049250313e-16,4.932515363139513e-16,2.831465096456126e-15,7.320102322960796,mpmath_1792,6.079072061519,122.66666666666664,87.72145554472485,53
jemc05_52,3,Float64,false,diagonalcheap,complexschur,0.000302324,0.000231931,0.0017596209999999998,0.00080076,4.0e-8,0.003253173,25,0,1.519265412604262e-80,7.72876398962784,18.463085116079867,1.727233711018889e-77,3.774911719626623e-77,2.887918463129259e-76,7.320102322960796,mpmath_1792,6.079072061519,122.66666666666664,87.72145554472485,256
jemc05_52,3,Float64,false,diagonalcheap,complexschur,0.000532631,0.0005558129999999999,0.004618347,0.0023849550000000002,4.0e-8,0.008346829,65,0,8.128670753364648e-265,7.728763989627841,18.453338636583762,1.331998346195134e-256,4.918128712659094e-256,2.689136492483009e-255,7.320102322960796,mpmath_1792,6.079072061519,122.66666666666664,87.72145554472485,851
jemc05_52,3,Float64,false,diagonalcheap,realschur,0.000155415,2.975e-6,0.001162858,0.00028050100000000006,5.0e-8,0.001699725,9,0,2.900261385317109e-17,7.488933820423278,17.50216490350763,2.220446049250313e-16,5.097486751468024e-16,3.386576608768705e-15,7.320102322960796,mpmath_1792,6.079072061519,122.66666666666664,87.72145554472485,53
jemc05_52,3,Float64,false,diagonalcheap,realschur,0.000281134,0.00011683899999999998,0.0011786140000000001,0.000297014,3.0e-8,0.001943388,25,0,1.354804928989292e-80,7.488933820423279,17.413654785719,1.727233711018889e-77,2.440734490186862e-77,1.981120764844343e-76,7.320102322960796,mpmath_1792,6.079072061519,122.66666666666664,87.72145554472485,256
jemc05_52,3,Float64,false,diagonalcheap,realschur,0.000498136,0.000435805,0.004026565000000001,0.001081812,4.0e-8,0.006182553,65,0,8.042683559373673e-265,7.48893382042328,17.384574309035525,1.331998346195134e-256,5.995863979465157e-256,3.754735169439116e-255,7.320102322960796,mpmath_1792,6.079072061519,122.66666666666664,87.72145554472485,851
jemc05_52,3,Float64,false,taylor,transfree,0.0,0.000198537,0.0004662810000000001,0.00010841600000000001,4.0e-8,0.000828422,20,0,1.387778780781446e-17,7.430666666666665,1,2.220446049250313e-16,7.417992105020131e-17,4.902820205327654e-16,7.320102322960796,mpmath_1792,6.079072061519,122.66666666666664,87.72145554472485,53
jemc05_52,3,Float64,false,taylor,transfree,0.0,0.000329713,0.000911421,0.00027941900000000004,4.1e-8,0.0015812,64,0,1.029511517893606e-84,7.430666666666666,1,1.727233711018889e-77,2.64168036268004e-78,1.432265513461069e-77,7.320102322960796,mpmath_1792,6.079072061519,122.66666666666664,87.72145554472485,256
jemc05_52,3,Float64,false,taylor,transfree,0.0,0.00045398199999999986,0.0026653270000000003,0.000491233,8.0303e-5,0.003797737,90,5,6.544022428071394e-278,1.11001302746131,1,1.331998346195134e-256,6.446142928864541e-256,3.970855238492663e-255,7.320102322960796,mpmath_1792,6.079072061519,122.66666666666664,87.72145554472485,851
jemc05_52,3,Float64,false,taylor,complexschur,0.000185532,0.00022074800000000002,0.0005097779999999999,0.00029921600000000004,4.0e-8,0.001340023,20,0,1.387778780781446e-17,7.804091435412483,1,2.220446049250313e-16,4.932515363139513e-16,2.831465096456126e-15,7.320102322960796,mpmath_1792,6.079072061519,122.66666666666664,87.72145554472485,53
jemc05_52,3,Float64,false,taylor,complexschur,0.000287806,0.000493995,0.001006112,0.0005070820000000001,4.1e-8,0.002443857,64,0,2.059023035787212e-84,7.804091435412483,1,1.727233711018889e-77,3.897028655443221e-77,2.887918463129259e-76,7.320102322960796,mpmath_1792,6.079072061519,122.66666666666664,87.72145554472485,256
jemc05_52,3,Float64,false,taylor,complexschur,0.000523223,0.0006892079999999999,0.003857994999999999,0.001205079,0.000689739,0.007269565,90,5,3.29232571068182e-278,1.184008704779721,1,1.331998346195134e-256,4.000104953890455e-256,1.932696525829867e-255,7.320102322960796,mpmath_1792,6.079072061519,122.66666666666664,87.72145554472485,851
jemc05_52,3,Float64,false,taylor,realschur,0.000158731,0.000182546,0.00043857099999999996,0.00012101100000000001,4.0e-8,0.000967215,20,0,1.387778780781446e-17,7.545730764596867,1,2.220446049250313e-16,5.097486751468024e-16,3.386576608768705e-15,7.320102322960796,mpmath_1792,6.079072061519,122.66666666666664,87.72145554472485,53
jemc05_52,3,Float64,false,taylor,realschur,0.000291713,0.000375892,0.000918157,0.000282132,5.0e-8,0.001946173,56,0,5.756816843444116e-77,7.545730764596867,1,1.727233711018889e-77,2.440734490186862e-77,1.981120764844343e-76,7.320102322960796,mpmath_1792,6.079072061519,122.66666666666664,87.72145554472485,256
jemc05_52,3,Float64,false,taylor,realschur,0.000499257,0.000510698,0.0026225580000000005,0.000386073,0.000201332,0.004340426,90,5,5.26111031784336e-279,1.183073236771433,1,1.331998346195134e-256,5.00596231026966e-256,2.955536161722035e-255,7.320102322960796,mpmath_1792,6.079072061519,122.66666666666664,87.72145554472485,851
jemc05_55,6,Float64,false,scaling_and_squaring,NaN,NaN,NaN,NaN,NaN,NaN,2.3846e-5,NaN,NaN,NaN,NaN,NaN,2.220446049250313e-16,1.767875365652004e-16,4.692996324732094e-16,2.246154055500844,mpmath_1792,4.002881659759157,211.5,344.1596607236965,53
jemc05_55,6,Float64,false,diagonalcheap,transfree,0.0,5.4704000000000003e-5,0.0008912410000000001,0.00039194299999999996,3.0e-8,0.001422049,13,0,0,2.246154055500844,8.82869313557578,2.220446049250313e-16,4.286655063836544e-16,1.095132578270853e-15,2.246154055500844,mpmath_1792,4.002881659759157,211.5,344.1596607236965,53
jemc05_55,6,Float64,false,diagonalcheap,transfree,0.0,0.00017344799999999998,0.0013139550000000003,0.0007300140000000001,4.0e-8,0.002279395,31,0,1.898833465542917e-84,2.246154055500845,9.013384266202824,1.727233711018889e-77,1.732721035034732e-77,4.671919458735452e-77,2.246154055500844,mpmath_1792,4.002881659759157,211.5,344.1596607236965,256
jemc05_55,6,Float64,false,diagonalcheap,transfree,0.0,0.000452809,0.0038788199999999994,0.003422468,8.0e-8,0.007850247,81,0,8.900706909414628e-281,2.246154055500843,9.093792973311622,1.331998346195134e-256,1.428650194887939e-256,3.498918135823954e-256,2.246154055500844,mpmath_1792,4.002881659759157,211.5,344.1596607236965,851
jemc05_55,6,Float64,false,diagonalcheap,complexschur,0.000572165,0.00011398600000000002,0.001435575,0.0016448110000000001,4.0e-8,0.004245847,13,0,1.005131307318071e-16,2.258305386145238,12.500109137472414,2.220446049250313e-16,9.585716583268569e-16,2.893335826373339e-15,2.246154055500844,mpmath_1792,4.002881659759157,211.5,344.1596607236965,53
jemc05_55,6,Float64,false,diagonalcheap,complexschur,0.001805697,0.00047521099999999996,0.0027682339999999996,0.029830366,1.9e-7,0.03555454,31,0,6.351267817827456e-84,2.538798438268961,12.349093323408413,1.727233711018889e-77,1.355606828974133e-76,3.794844571651131e-76,2.246154055500844,mpmath_1792,4.002881659759157,211.5,344.1596607236965,256
jemc05_55,6,Float64,false,diagonalcheap,complexschur,0.003342994,0.000788604,0.005947437,0.006072413,3.0e-8,0.016808847,81,0,1.424021620807678e-281,2.563768881316037,12.525629331069768,1.331998346195134e-256,9.662619571321612e-256,2.051259903133774e-255,2.246154055500844,mpmath_1792,4.002881659759157,211.5,344.1596607236965,851
jemc05_55,6,Float64,false,diagonalcheap,realschur,0.000504778,5.1698e-5,0.00079011,0.000383817,4.0e-8,0.001826225,13,0,2.501198799422605e-17,2.239714627563629,12.007718311592402,2.220446049250313e-16,1.00140386399956e-15,2.758027395247148e-15,2.246154055500844,mpmath_1792,4.002881659759157,211.5,344.1596607236965,53
jemc05_55,6,Float64,false,diagonalcheap,realschur,0.000949061,0.00019225499999999998,0.0016443359999999997,0.001111572,4.0e-8,0.004082878,31,0,4.243247225647241e-84,2.450627814086267,11.82360211336685,1.727233711018889e-77,1.387424074406349e-76,3.39812057865148e-76,2.246154055500844,mpmath_1792,4.002881659759157,211.5,344.1596607236965,256
jemc05_55,6,Float64,false,diagonalcheap,realschur,0.003271889,0.000712111,0.0068867860000000015,0.003450069,4.0e-8,0.014671291,81,0,2.842772724816108e-281,2.450627814086266,11.939208301576544,1.331998346195134e-256,9.838773319449191e-256,2.316197201249784e-255,2.246154055500844,mpmath_1792,4.002881659759157,211.5,344.1596607236965,851
jemc05_55,6,Float64,false,taylor,transfree,0.0,0.00015425099999999997,0.00046966000000000005,0.00042920599999999996,4.0e-8,0.001144302,25,0,1.665334536937735e-16,3.16,1,2.220446049250313e-16,2.056426170815403e-16,4.137230890539624e-16,2.246154055500844,mpmath_1792,4.002881659759157,211.5,344.1596607236965,53
jemc05_55,6,Float64,false,taylor,transfree,0.0,0.0005351360000000001,0.0012340290000000002,0.000941829,3.0e-8,0.002803139,72,0,1.85312073220849e-83,3.16,1,1.727233711018889e-77,1.086701002211629e-77,2.658215002516017e-77,2.246154055500844,mpmath_1792,4.002881659759157,211.5,344.1596607236965,256
jemc05_55,6,Float64,false,taylor,transfree,0.0,0.0004660250000000001,0.0026437759999999996,0.0013107989999999999,0.000351067,0.00490067,90,6,4.784921300783115e-276,1.040013025426241,1,1.331998346195134e-256,1.05905004354311e-255,2.739879055509018e-255,2.246154055500844,mpmath_1792,4.002881659759157,211.5,344.1596607236965,851
jemc05_55,6,Float64,false,taylor,complexschur,0.000532481,0.00020801399999999996,0.000518305,0.0008748979999999999,4.0e-8,0.002424791,25,0,4.440892098500626e-16,3.753366763785958,1,2.220446049250313e-16,1.158430405625388e-15,3.314873631035703e-15,2.246154055500844,mpmath_1792,4.002881659759157,211.5,344.1596607236965,53
jemc05_55,6,Float64,false,taylor,complexschur,0.001007151,0.000722812,0.001214753,0.0032328160000000003,4.0e-8,0.006823349,72,0,3.706241464416981e-83,3.65956756371519,1,1.727233711018889e-77,1.35109370970796e-76,3.629189517328784e-76,2.246154055500844,mpmath_1792,4.002881659759157,211.5,344.1596607236965,256
jemc05_55,6,Float64,false,taylor,complexschur,0.002914881,0.0010841960000000002,0.005663029000000001,0.005179761,0.003142884,0.018919452,90,6,2.398018558948536e-275,1.056332557094227,1,1.331998346195134e-256,1.036123729968724e-255,2.293725227089607e-255,2.246154055500844,mpmath_1792,4.002881659759157,211.5,344.1596607236965,851
jemc05_55,6,Float64,false,taylor,realschur,0.00050037,0.000139925,0.00045126399999999994,0.00029543200000000004,3.0e-8,0.001498534,25,0,2.220446049250313e-16,3.578313084105301,1,2.220446049250313e-16,1.011492058950218e-15,2.896805273325292e-15,2.246154055500844,mpmath_1792,4.002881659759157,211.5,344.1596607236965,53
jemc05_55,6,Float64,false,taylor,realschur,0.000962606,0.000336456,0.000796249,0.0006716269999999999,3.0e-8,0.002897058,72,0,4.941655285889308e-83,3.686438590532417,1,1.727233711018889e-77,1.414654386393566e-76,3.508771488263628e-76,2.246154055500844,mpmath_1792,4.002881659759157,211.5,344.1596607236965,256
jemc05_55,6,Float64,false,taylor,realschur,0.001792932,0.000418821,0.003272854,0.001640071,0.000976773,0.008491364,90,6,1.512825041312306e-275,1.057160830501438,1,1.331998346195134e-256,9.191912721288508e-256,2.180916119214341e-255,2.246154055500844,mpmath_1792,4.002881659759157,211.5,344.1596607236965,851
kela98_ex3,2,Float64,false,scaling_and_squaring,NaN,NaN,NaN,NaN,NaN,NaN,1.6822e-5,NaN,NaN,NaN,NaN,NaN,2.220446049250313e-16,9.712391367746676e-12,3.573098700056045e-12,0.3678794779593901,mpmath_1792,19999998.99999978,2.0000002e7,2.0000000000000052e7,53
kela98_ex3,2,Float64,false,diagonalcheap,transfree,0.0,6.3439e-5,0.0027592449999999987,0.00015597399999999997,0.000178599,0.003264425,13,21,0,10.85022320590447,20.700447124480522,2.220446049250313e-16,8.026528190731746e-17,3.986634634517581e-17,0.3678794779593901,mpmath_1792,19999998.99999978,2.0000002e7,2.0000000000000052e7,53
kela98_ex3,2,Float64,false,diagonalcheap,transfree,0.0,0.000194258,0.0028874799999999996,0.000258801,0.000368549,0.003793609,43,20,9.240078474430195e-83,117.7273320443647,234.45467546401184,1.727233711018889e-77,8.283058301970801e-78,3.974197854166833e-78,0.3678794779593901,mpmath_1792,19999998.99999978,2.0000002e7,2.0000000000000052e7,256
kela98_ex3,2,Float64,false,diagonalcheap,transfree,0.0,0.000486002,0.00560101,0.0005780960000000001,0.001297482,0.00807869,91,20,3.83837166945351e-264,117.7273320443642,234.45467546401102,1.331998346195134e-256,8.377900445434393e-257,4.343927199950203e-257,0.3678794779593901,mpmath_1792,19999998.99999978,2.0000002e7,2.0000000000000052e7,851
kela98_ex3,2,Float64,false,diagonalcheap,complexschur,0.0,7.555e-5,0.0031923019999999984,0.00021428599999999997,0.000302143,0.00391017,13,21,0,10.85022320590447,20.700447124480522,2.220446049250313e-16,8.026528190731746e-17,3.986634634517581e-17,0.3678794779593901,mpmath_1792,19999998.99999978,2.0000002e7,2.0000000000000052e7,53
kela98_ex3,2,Float64,false,diagonalcheap,complexschur,0.0,0.000297285,0.004672276,0.000432508,0.000557248,0.006088533,43,20,9.240078474430195e-83,117.7273320443647,234.45467546401184,1.727233711018889e-77,8.283058301970801e-78,3.974197854166833e-78,0.3678794779593901,mpmath_1792,19999998.99999978,2.0000002e7,2.0000000000000052e7,256
kela98_ex3,2,Float64,false,diagonalcheap,complexschur,0.0,0.00043541699999999995,0.006194304,0.0005345969999999999,0.000855433,0.008162569,91,20,3.83837166945351e-264,117.7273320443642,234.45467546401102,1.331998346195134e-256,8.377900445434393e-257,4.343927199950203e-257,0.3678794779593901,mpmath_1792,19999998.99999978,2.0000002e7,2.0000000000000052e7,851
kela98_ex3,2,Float64,false,diagonalcheap,realschur,0.0,5.0749e-5,0.0017475960000000001,0.00013137,0.000167678,0.002182461,13,21,0,10.85022320590447,20.700447124480522,2.220446049250313e-16,8.026528190731746e-17,3.986634634517581e-17,0.3678794779593901,mpmath_1792,19999998.99999978,2.0000002e7,2.0000000000000052e7,53
kela98_ex3,2,Float64,false,diagonalcheap,realschur,0.0,0.000188344,0.002613694,0.00024032600000000002,0.000341047,0.003476888,43,20,9.240078474430195e-83,117.7273320443647,234.45467546401184,1.727233711018889e-77,8.283058301970801e-78,3.974197854166833e-78,0.3678794779593901,mpmath_1792,19999998.99999978,2.0000002e7,2.0000000000000052e7,256
kela98_ex3,2,Float64,false,diagonalcheap,realschur,0.0,0.000368422,0.004546899,0.000540843,0.000851626,0.006422888,91,20,3.83837166945351e-264,117.7273320443642,234.45467546401102,1.331998346195134e-256,8.377900445434393e-257,4.343927199950203e-257,0.3678794779593901,mpmath_1792,19999998.99999978,2.0000002e7,2.0000000000000052e7,851
kela98_ex3,2,Float64,false,taylor,transfree,0.0,0.000220074,0.001908099,6.305199999999999e-5,0.000176876,0.0022978,20,22,1.110223024625157e-16,3.293967643323135,1,2.220446049250313e-16,8.026528190731746e-17,3.986634634517581e-17,0.3678794779593901,mpmath_1792,19999998.99999978,2.0000002e7,2.0000000000000052e7,53
kela98_ex3,2,Float64,false,taylor,transfree,0.0,0.000461477,0.004544235999999999,0.000187795,0.000585451,0.005767664,81,21,8.236092143148846e-84,10.84978277757991,1,1.727233711018889e-77,8.283058301970801e-78,3.974197854166833e-78,0.3678794779593901,mpmath_1792,19999998.99999978,2.0000002e7,2.0000000000000052e7,256
kela98_ex3,2,Float64,false,taylor,transfree,0.0,0.0004158800000000001,0.008130717999999997,0.00020280900000000003,0.001216779,0.009941114,81,28,6.619959226602468e-261,1.018801007760022,1,1.331998346195134e-256,8.377900445434393e-257,4.343927199950203e-257,0.3678794779593901,mpmath_1792,19999998.99999978,2.0000002e7,2.0000000000000052e7,851
kela98_ex3,2,Float64,false,taylor,complexschur,0.0,0.00026511799999999995,0.0020767490000000006,7.319e-5,0.00017911,0.002505505,20,22,1.110223024625157e-16,3.293967643323135,1,2.220446049250313e-16,8.026528190731746e-17,3.986634634517581e-17,0.3678794779593901,mpmath_1792,19999998.99999978,2.0000002e7,2.0000000000000052e7,53
kela98_ex3,2,Float64,false,taylor,complexschur,0.0,0.0003223420000000001,0.0025855759999999983,0.000139657,0.000323083,0.003363583,81,21,8.236092143148846e-84,10.84978277757991,1,1.727233711018889e-77,8.283058301970801e-78,3.974197854166833e-78,0.3678794779593901,mpmath_1792,19999998.99999978,2.0000002e7,2.0000000000000052e7,256
kela98_ex3,2,Float64,false,taylor,complexschur,0.0,0.00029195899999999995,0.004833104999999997,0.00017555,0.001187824,0.006494845,81,28,6.619959226602468e-261,1.018801007760022,1,1.331998346195134e-256,8.377900445434393e-257,4.343927199950203e-257,0.3678794779593901,mpmath_1792,19999998.99999978,2.0000002e7,2.0000000000000052e7,851
kela98_ex3,2,Float64,false,taylor,realschur,0.0,0.00027758400000000004,0.002972391999999999,0.00010139,0.00032647,0.003661509,20,22,1.110223024625157e-16,3.293967643323135,1,2.220446049250313e-16,8.026528190731746e-17,3.986634634517581e-17,0.3678794779593901,mpmath_1792,19999998.99999978,2.0000002e7,2.0000000000000052e7,53
kela98_ex3,2,Float64,false,taylor,realschur,0.0,0.000478138,0.004988399000000001,0.00020055,0.000580231,0.006237878,81,21,8.236092143148846e-84,10.84978277757991,1,1.727233711018889e-77,8.283058301970801e-78,3.974197854166833e-78,0.3678794779593901,mpmath_1792,19999998.99999978,2.0000002e7,2.0000000000000052e7,256
kela98_ex3,2,Float64,false,taylor,realschur,0.0,0.00032602100000000007,0.006992567,0.000221258,0.001218001,0.008755604,81,28,6.619959226602468e-261,1.018801007760022,1,1.331998346195134e-256,8.377900445434393e-257,4.343927199950203e-257,0.3678794779593901,mpmath_1792,19999998.99999978,2.0000002e7,2.0000000000000052e7,851
mopa03_21,4,Float64,false,scaling_and_squaring,NaN,NaN,NaN,NaN,NaN,NaN,2.8554e-5,NaN,NaN,NaN,NaN,NaN,2.220446049250313e-16,5.470863763154404e-16,5.71988835218701e-16,0.9984925139314272,mpmath_1792,17.12948427704917,3584.2838709677426,2516.039607902103,53
mopa03_21,4,Float64,false,diagonalcheap,transfree,0.0,5.6949e-5,0.001152507,0.000280814,1.8324e-5,0.001604756,13,2,8.326650480838031e-17,0.999974475893087,9.714545788307198,2.220446049250313e-16,3.465766330520307e-16,3.226308589013449e-16,0.9984925139314272,mpmath_1792,17.12948427704917,3584.2838709677426,2516.039607902103,53
mopa03_21,4,Float64,false,diagonalcheap,transfree,0.0,0.00025267,0.00211756,0.000570352,1.057e-5,0.003032625,43,1,1.136550443038911e-80,0.9997707512054602,58.60696661629142,1.727233711018889e-77,6.193572243351435e-77,9.586326235674175e-77,0.9984925139314272,mpmath_1792,17.12948427704917,3584.2838709677426,2516.039607902103,256
mopa03_21,4,Float64,false,diagonalcheap,transfree,0.0,0.000600408,0.005439845999999999,0.001470176,3.161e-5,0.007672349,91,2,6.886254157516247e-281,0.999974475893087,10.283543997583866,1.331998346195134e-256,1.2090288073068e-256,1.248560398363846e-256,0.9984925139314272,mpmath_1792,17.12948427704917,3584.2838709677426,2516.039607902103,851
mopa03_21,4,Float64,false,diagonalcheap,complexschur,0.000314006,0.0006576279999999999,0.009011270000000002,0.0030939210000000003,0.000222733,0.013538692,91,3,2.128877657624614e-17,1.704254758683123,3.541083732318464,2.220446049250313e-16,1.106069539679858e-15,1.278725424430701e-15,0.9984925139314272,mpmath_1792,17.12948427704917,3584.2838709677426,2516.039607902103,53
mopa03_21,4,Float64,false,diagonalcheap,complexschur,0.000341498,0.000381943,0.003053515,0.001825645,0.000106282,0.005955522,43,1,8.745454843393444e-82,1.303636741906626,51.709467588243164,1.727233711018889e-77,8.176394913342312e-77,9.213617356032771e-77,0.9984925139314272,mpmath_1792,17.12948427704917,3584.2838709677426,2516.039607902103,256
mopa03_21,4,Float64,false,diagonalcheap,complexschur,0.000524225,0.0006723760000000001,0.005982054000000001,0.00242442,0.000225027,0.010062054,91,2,1.641447875755942e-280,1.000909807052291,9.037320481197778,1.331998346195134e-256,3.037044615451836e-256,4.203606430949386e-256,0.9984925139314272,mpmath_1792,17.12948427704917,3584.2838709677426,2516.039607902103,851
mopa03_21,4,Float64,false,diagonalcheap,realschur,0.000200811,0.000539182,0.039942858999999976,0.000748049,5.791e-5,0.041598329,91,3,2.128877657624614e-17,1.704254758683123,3.541083732318464,2.220446049250313e-16,1.106069539679858e-15,1.278725424430701e-15,0.9984925139314272,mpmath_1792,17.12948427704917,3584.2838709677426,2516.039607902103,53
mopa03_21,4,Float64,false,diagonalcheap,realschur,0.000213706,0.00019948699999999998,0.0017835289999999998,0.000449473,3.6529e-5,0.002793852,43,1,8.745454843393444e-82,1.303636741906626,51.709467588243164,1.727233711018889e-77,8.176394913342312e-77,9.213617356032771e-77,0.9984925139314272,mpmath_1792,17.12948427704917,3584.2838709677426,2516.039607902103,256
mopa03_21,4,Float64,false,diagonalcheap,realschur,0.000336789,0.00041164200000000004,0.004376326,0.0012717709999999999,0.000209357,0.00674544,91,2,1.641447875755942e-280,1.000909807052291,9.037320481197778,1.331998346195134e-256,3.037044615451836e-256,4.203606430949386e-256,0.9984925139314272,mpmath_1792,17.12948427704917,3584.2838709677426,2516.039607902103,851
mopa03_21,4,Float64,false,taylor,transfree,0.0,0.00019018100000000001,0.0004973520000000001,0.000156037,1.099e-5,0.000915347,30,2,2.220446049250313e-16,4.572653309792149,1,2.220446049250313e-16,4.484747250150396e-16,5.725259071320976e-16,0.9984925139314272,mpmath_1792,17.12948427704917,3584.2838709677426,2516.039607902103,53
mopa03_21,4,Float64,false,taylor,transfree,0.0,0.000312464,0.001113483,0.000445286,2.3134e-5,0.00198156,81,2,5.120152816470915e-77,4.572653309792149,1,1.727233711018889e-77,2.364969540951075e-77,3.540996716579063e-77,0.9984925139314272,mpmath_1792,17.12948427704917,3584.2838709677426,2516.039607902103,256
mopa03_21,4,Float64,false,taylor,transfree,0.0,0.000565487,0.004429994000000001,0.0006595399999999999,0.000149243,0.005935734,90,9,1.721567512383298e-281,0.9999999999998021,1,1.331998346195134e-256,7.67104796380726e-255,7.065000291850709e-255,0.9984925139314272,mpmath_1792,17.12948427704917,3584.2838709677426,2516.039607902103,851
mopa03_21,4,Float64,false,taylor,complexschur,0.00022657,0.000308016,0.0008095359999999999,0.0006211179999999999,0.000149484,0.002315905,30,2,3.33066907387547e-16,2.796288397617364,1,2.220446049250313e-16,1.102501122944284e-15,1.278074903127209e-15,0.9984925139314272,mpmath_1792,17.12948427704917,3584.2838709677426,2516.039607902103,53
mopa03_21,4,Float64,false,taylor,complexschur,0.000325267,0.000561645,0.0015862299999999999,0.001247298,0.000201352,0.004148062,81,2,8.430463917727159e-80,2.796288397617365,1,1.727233711018889e-77,8.308331581820415e-77,9.215304107703688e-77,0.9984925139314272,mpmath_1792,17.12948427704917,3584.2838709677426,2516.039607902103,256
mopa03_21,4,Float64,false,taylor,complexschur,0.000428754,0.0007020430000000002,0.004340151000000002,0.0013230339999999998,0.000887133,0.007916714,90,8,6.620124621571839e-257,1.051128017009214,1,1.331998346195134e-256,2.827591873164219e-256,4.041068521853804e-256,0.9984925139314272,mpmath_1792,17.12948427704917,3584.2838709677426,2516.039607902103,851
mopa03_21,4,Float64,false,taylor,realschur,0.000140066,0.000185563,0.0005041570000000001,0.00015017300000000003,3.9085e-5,0.001095198,30,2,2.220446049250313e-16,2.796288397617364,1,2.220446049250313e-16,1.102501122944284e-15,1.278074903127209e-15,0.9984925139314272,mpmath_1792,17.12948427704917,3584.2838709677426,2516.039607902103,53
mopa03_21,4,Float64,false,taylor,realschur,0.000191623,0.000283496,0.000913658,0.000320957,7.4792e-5,0.001868846,81,2,8.430463917727159e-80,2.796288397617365,1,1.727233711018889e-77,8.308331581820415e-77,9.215304107703688e-77,0.9984925139314272,mpmath_1792,17.12948427704917,3584.2838709677426,2516.039607902103,256
mopa03_21,4,Float64,false,taylor,realschur,0.000334324,0.00034941200000000006,0.002316538,0.0004952429999999999,0.000738451,0.004356066,90,8,6.620124621571839e-257,1.051128017009214,1,1.331998346195134e-256,2.827591873164219e-256,4.041068521853804e-256,0.9984925139314272,mpmath_1792,17.12948427704917,3584.2838709677426,2516.039607902103,851
mopa03_26,3,Float64,false,scaling_and_squaring,NaN,NaN,NaN,NaN,NaN,NaN,1.7273e-5,NaN,NaN,NaN,NaN,NaN,2.220446049250313e-16,1.999526600826771e-17,2.775557561562891e-17,1,mpmath_1792,0.2065784013396638,Inf,Inf,53
mopa03_26,3,Float64,false,diagonalcheap,transfree,0.0,1.262e-6,0.0004320210000000001,0.000122622,3.0e-8,0.000603375,5,0,1.110223024625157e-16,1,1.080558036425934,2.220446049250313e-16,1.999498218328376e-17,2.775557561562891e-17,1,mpmath_1792,0.2065784013396638,Inf,Inf,53
mopa03_26,3,Float64,false,diagonalcheap,transfree,0.0,0.00015621500000000002,0.0008146840000000001,0.00018143399999999998,3.0e-8,0.001190539,21,0,5.14755758946803e-85,1,1.2400318411903024,1.727233711018889e-77,4.002450749016738e-78,7.134756761296346e-78,1,mpmath_1792,0.2065784013396638,Inf,Inf,256
mopa03_26,3,Float64,false,diagonalcheap,transfree,0.0,0.000308615,0.0021689039999999997,0.00043847399999999995,3.0e-8,0.002969205,57,0,1.377254009906639e-281,1,1.0810559333581005,1.331998346195134e-256,2.087500834618743e-257,3.136435459782655e-257,1,mpmath_1792,0.2065784013396638,Inf,Inf,851
mopa03_26,3,Float64,false,diagonalcheap,complexschur,6.847e-5,4.4275e-5,0.00046867900000000006,0.000208837,3.0e-8,0.000850474,7,0,7.244888485429606e-18,1.083796267726694,1.100821094392229,2.220446049250313e-16,4.084297655015516e-16,7.546096587977724e-16,1,mpmath_1792,0.2065784013396638,Inf,Inf,53
mopa03_26,3,Float64,false,diagonalcheap,complexschur,6.35e-5,0.000166116,0.0008963019999999999,0.000377607,3.0e-8,0.001573867,21,0,1.075040201037864e-84,1.083796267726694,1.1011222888983654,1.727233711018889e-77,2.512145487838097e-77,3.593935475328339e-77,1,mpmath_1792,0.2065784013396638,Inf,Inf,256
mopa03_26,3,Float64,false,diagonalcheap,complexschur,8.6674e-5,0.00034357299999999996,0.002291957,0.0010421879999999999,3.0e-8,0.00386287,57,0,7.191060381911007e-282,1.083796267726694,1.101211406015603,1.331998346195134e-256,1.348298281105946e-256,2.154403889076249e-256,1,mpmath_1792,0.2065784013396638,Inf,Inf,851
mopa03_26,3,Float64,false,diagonalcheap,realschur,9.457e-5,5.8992e-5,0.000663319,0.000141106,3.0e-8,0.001011249,7,0,7.244888485429606e-18,1.083796267726694,1.100821094392229,2.220446049250313e-16,4.084297655015516e-16,7.546096587977724e-16,1,mpmath_1792,0.2065784013396638,Inf,Inf,53
mopa03_26,3,Float64,false,diagonalcheap,realschur,6.3159e-5,0.00016876100000000002,0.0009805800000000002,0.000304818,4.0e-8,0.001577344,21,0,1.075040201037864e-84,1.083796267726694,1.1011222888983654,1.727233711018889e-77,2.512145487838097e-77,3.593935475328339e-77,1,mpmath_1792,0.2065784013396638,Inf,Inf,256
mopa03_26,3,Float64,false,diagonalcheap,realschur,0.000140396,0.000473388,0.0035928749999999997,0.000909688,4.0e-8,0.005228331,57,0,7.191060381911007e-282,1.083796267726694,1.101211406015603,1.331998346195134e-256,1.348298281105946e-256,2.154403889076249e-256,1,mpmath_1792,0.2065784013396638,Inf,Inf,851
mopa03_26,3,Float64,false,taylor,transfree,0.0,0.000125969,0.00029448900000000005,6.754800000000001e-5,4.0e-8,0.000529485,12,0,6.938893903907228e-18,1,1,2.220446049250313e-16,1.926528207542955e-17,2.606052575776854e-17,1,mpmath_1792,0.2065784013396638,Inf,Inf,53
mopa03_26,3,Float64,false,taylor,transfree,0.0,0.000318844,0.0006341840000000001,0.00017017199999999998,3.0e-8,0.001178857,42,0,2.396790322135335e-79,1,1,1.727233711018889e-77,2.513017365627558e-78,3.66045393257171e-78,1,mpmath_1792,0.2065784013396638,Inf,Inf,256
mopa03_26,3,Float64,false,taylor,transfree,0.0,0.000542667,0.0028425330000000004,0.00035783799999999997,2.8774e-5,0.003868671,90,3,6.696897623171031e-279,1,1,1.331998346195134e-256,4.120167735176677e-257,6.659991730975672e-257,1,mpmath_1792,0.2065784013396638,Inf,Inf,851
mopa03_26,3,Float64,false,taylor,complexschur,8.2697e-5,0.000141857,0.000330487,0.00018263699999999998,4.0e-8,0.000832109,12,0,0,1.083840083852329,1,2.220446049250313e-16,4.088980785693961e-16,7.53742297059784e-16,1,mpmath_1792,0.2065784013396638,Inf,Inf,53
mopa03_26,3,Float64,false,taylor,complexschur,9.9519e-5,0.00035566300000000004,0.0006771320000000002,0.000448442,4.0e-8,0.001693213,42,0,7.617041719881832e-79,1.083840083852329,1,1.727233711018889e-77,2.411534661472118e-77,3.593935475328339e-77,1,mpmath_1792,0.2065784013396638,Inf,Inf,256
mopa03_26,3,Float64,false,taylor,complexschur,0.000116501,0.000467837,0.001969316,0.000576705,0.000168119,0.003423597,90,3,3.709977989186008e-278,1.011547545874414,1,1.331998346195134e-256,1.287290717523903e-256,2.154403889076249e-256,1,mpmath_1792,0.2065784013396638,Inf,Inf,851
mopa03_26,3,Float64,false,taylor,realschur,6.5625e-5,9.0812e-5,0.000281784,6.2851e-5,4.0e-8,0.000551707,12,0,0,1.083840083852329,1,2.220446049250313e-16,4.088980785693961e-16,7.53742297059784e-16,1,mpmath_1792,0.2065784013396638,Inf,Inf,53
mopa03_26,3,Float64,false,taylor,realschur,6.2699e-5,0.00019853900000000002,0.000416381,0.00018929899999999998,4.0e-8,0.000920627,42,0,7.617041719881832e-79,1.083840083852329,1,1.727233711018889e-77,2.411534661472118e-77,3.593935475328339e-77,1,mpmath_1792,0.2065784013396638,Inf,Inf,256
mopa03_26,3,Float64,false,taylor,realschur,9.0362e-5,0.000346919,0.0018088010000000005,0.00033715100000000005,0.000167829,0.002853254,90,3,3.709977989186008e-278,1.011547545874414,1,1.331998346195134e-256,1.287290717523903e-256,2.154403889076249e-256,1,mpmath_1792,0.2065784013396638,Inf,Inf,851
kase99_table1,10,Float64,false,scaling_and_squaring,NaN,NaN,NaN,NaN,NaN,NaN,1.9367e-5,NaN,NaN,NaN,NaN,NaN,2.220446049250313e-16,5.531727639932654e-17,8.921394191911552e-17,1,mpmath_1792,1.189873915481938e-06,Inf,Inf,53
kase99_table1,10,Float64,false,diagonalcheap,transfree,0.0,5.81e-7,0.000391464,0.000286273,4.0e-8,0.000781313,3,0,0,1,1.0000004393874,2.220446049250313e-16,2.427901545674618e-17,4.422371510414173e-17,1,mpmath_1792,1.189873915481938e-06,Inf,Inf,53
kase99_table1,10,Float64,false,diagonalcheap,transfree,0.0,5.5105e-5,0.000562036,0.000644964,4.0e-8,0.001357335,7,0,0,1,1.0000004393874238,1.727233711018889e-77,2.762589616993328e-78,3.863881872119204e-78,1,mpmath_1792,1.189873915481938e-06,Inf,Inf,256
kase99_table1,10,Float64,false,diagonalcheap,transfree,0.0,0.000222051,0.0013672359999999998,0.001566863,3.0e-8,0.003270085,21,0,0,1,1.000001601000648,1.331998346195134e-256,1.815414928858813e-257,3.008937533143045e-257,1,mpmath_1792,1.189873915481938e-06,Inf,Inf,851
kase99_table1,10,Float64,false,diagonalcheap,complexschur,0.001152767,6.61e-7,0.00047676599999999994,0.001020116,3.0e-8,0.003391045,3,0,6.938902539418403e-18,1.000001833399011,1.0000022935100625,2.220446049250313e-16,7.83430197874065e-16,2.653490416053702e-15,1,mpmath_1792,1.189873915481938e-06,Inf,Inf,53
kase99_table1,10,Float64,false,diagonalcheap,complexschur,0.003012286,0.000111111,0.001310987,0.004012435,4.0e-8,0.010036846,7,0,0,1.000001833396426,1.0000022935102038,1.727233711018889e-77,1.074394989995783e-76,2.979362834071563e-76,1,mpmath_1792,1.189873915481938e-06,Inf,Inf,256
kase99_table1,10,Float64,false,diagonalcheap,complexschur,0.007097769,0.00041330399999999997,0.0024221879999999996,0.006041136,3.0e-8,0.017160875,21,0,3.443139309777133e-282,1.000001242709154,1.000002293510264,1.331998346195134e-256,8.421626634591771e-256,2.79114995163873e-255,1,mpmath_1792,1.189873915481938e-06,Inf,Inf,851
kase99_table1,10,Float64,false,diagonalcheap,realschur,0.001112952,5.41e-7,0.00042706000000000005,0.000334515,3.0e-8,0.002121355,3,0,6.938902539418403e-18,1.000001833399011,1.0000022935100625,2.220446049250313e-16,7.83430197874065e-16,2.653490416053702e-15,1,mpmath_1792,1.189873915481938e-06,Inf,Inf,53
kase99_table1,10,Float64,false,diagonalcheap,realschur,0.001829442,6.0375000000000004e-5,0.000676172,0.0009409970000000001,4.0e-8,0.004019107,7,0,0,1.000001833396426,1.0000022935102038,1.727233711018889e-77,1.074394989995783e-76,2.979362834071563e-76,1,mpmath_1792,1.189873915481938e-06,Inf,Inf,256
kase99_table1,10,Float64,false,diagonalcheap,realschur,0.006222698,0.00033148800000000006,0.002032135,0.002990025,4.0e-8,0.012477668,21,0,3.443139309777133e-282,1.000001242709154,1.000002293510264,1.331998346195134e-256,8.421626634591771e-256,2.79114995163873e-255,1,mpmath_1792,1.189873915481938e-06,Inf,Inf,851
kase99_table1,10,Float64,false,taylor,transfree,0.0,5.51e-7,0.000295521,0.000260334,3.0e-8,0.000673959,4,0,0,1,1,2.220446049250313e-16,2.427901545663099e-17,4.422371510414173e-17,1,mpmath_1792,1.189873915481938e-06,Inf,Inf,53
kase99_table1,10,Float64,false,taylor,transfree,0.0,0.000171455,0.00035060699999999996,0.000709998,4.0e-8,0.001351615,12,0,2.316400915260613e-83,1,1,1.727233711018889e-77,2.762589616990636e-78,3.863881862162843e-78,1,mpmath_1792,1.189873915481938e-06,Inf,Inf,256
kase99_table1,10,Float64,false,taylor,transfree,0.0,0.0004486020000000001,0.0008079930000000001,0.002246342,4.0e-8,0.003659324,42,0,6.886270049533194e-282,1,1,1.331998346195134e-256,1.815414928858145e-257,3.00893753314304e-257,1,mpmath_1792,1.189873915481938e-06,Inf,Inf,851
kase99_table1,10,Float64,false,taylor,complexschur,0.001684797,6.11e-7,0.000473468,0.001121187,4.0e-8,0.004522322,4,0,0,1.000002489015681,1,2.220446049250313e-16,7.83430197874065e-16,2.653490416053702e-15,1,mpmath_1792,1.189873915481938e-06,Inf,Inf,53
kase99_table1,10,Float64,false,taylor,complexschur,0.002828928,0.000302114,0.0007064190000000002,0.0034918679999999995,4.0e-8,0.009713473,12,0,2.573778794734014e-84,1.000002489015681,1,1.727233711018889e-77,1.074394989995783e-76,2.979362834071563e-76,1,mpmath_1792,1.189873915481938e-06,Inf,Inf,256
kase99_table1,10,Float64,false,taylor,complexschur,0.010215746,0.0008250780000000001,0.0016933220000000006,0.049774715000000004,4.0e-8,0.064778827,42,0,6.886270049533194e-282,1.000002489015681,1,1.331998346195134e-256,8.421626634591771e-256,2.79114995163873e-255,1,mpmath_1792,1.189873915481938e-06,Inf,Inf,851
kase99_table1,10,Float64,false,taylor,realschur,0.001864187,9.11e-7,0.00045483399999999993,0.000378067,4.1e-8,0.003131232,4,0,0,1.000002489015681,1,2.220446049250313e-16,7.83430197874065e-16,2.653490416053702e-15,1,mpmath_1792,1.189873915481938e-06,Inf,Inf,53
kase99_table1,10,Float64,false,taylor,realschur,0.001921316,0.00016729899999999999,0.0005522369999999999,0.000601681,4.0e-8,0.003606203,12,0,2.573778794734014e-84,1.000002489015681,1,1.727233711018889e-77,1.074394989995783e-76,2.979362834071563e-76,1,mpmath_1792,1.189873915481938e-06,Inf,Inf,256
kase99_table1,10,Float64,false,taylor,realschur,0.004112114,0.00038010999999999996,0.0011512280000000002,0.002797768,4.0e-8,0.009418272,42,0,6.886270049533194e-282,1.000002489015681,1,1.331998346195134e-256,8.421626634591771e-256,2.79114995163873e-255,1,mpmath_1792,1.189873915481938e-06,Inf,Inf,851
niesen_example,2,ComplexF64,false,scaling_and_squaring,NaN,NaN,NaN,NaN,NaN,NaN,2.3875e-5,NaN,NaN,NaN,NaN,NaN,2.220446049250313e-16,2.371408617636014e-13,1.186891858157482e-10,500.5001768079688,mpmath_1792,499647572.3617147,6.016815107717086e21,8.79610621946402e18,53
niesen_example,2,ComplexF64,false,diagonalcheap,transfree,0.0,6.826e-6,0.0016794750000000002,0.00017636699999999997,8.6615e-5,0.002012609,5,16,5.987847958035298e-17,16.2587967011846,74.4664499837492,2.220446049250313e-16,5.391259335113348e-12,2.698326588366022e-09,500.5001768079688,mpmath_1792,499647572.3617147,6.016815107717086e21,8.79610621946402e18,53
niesen_example,2,ComplexF64,false,diagonalcheap,transfree,0.0,0.000278228,0.002710441,0.000587557,0.00014219,0.00381556,31,10,5.038845671460566e-82,982.561744296446,239551.67174804234,1.727233711018889e-77,1.767337387386358e-74,8.845522965137432e-72,500.5001768079688,mpmath_1792,499647572.3617147,6.016815107717086e21,8.79610621946402e18,256
niesen_example,2,ComplexF64,false,diagonalcheap,transfree,0.0,0.00053697,0.006658566000000001,0.001256144,0.000255325,0.008854753,73,10,3.370418818694525e-279,982.5617442964455,239551.67174804222,1.331998346195134e-256,4.777026644728313e-254,2.390907694023488e-251,500.5001768079688,mpmath_1792,499647572.3617147,6.016815107717086e21,8.79610621946402e18,851
niesen_example,2,ComplexF64,false,diagonalcheap,complexschur,0.000128964,6.683000000000001e-6,0.001759252,0.000170882,0.000333764,0.002485987,5,16,1.196821340718399e-16,16.24804221278393,74.4665403497224,2.220446049250313e-16,8.807233831428449e-11,4.40802402151305e-08,500.5001768079688,mpmath_1792,499647572.3617147,6.016815107717086e21,8.79610621946402e18,53
niesen_example,2,ComplexF64,false,diagonalcheap,complexschur,0.000123735,0.00020558400000000003,0.002138581,0.00038353700000000004,0.00038479,0.003356008,31,10,5.035783625260116e-82,981.9883311278736,239605.37374803543,1.727233711018889e-77,6.447048453579759e-72,3.226751418973439e-69,500.5001768079688,mpmath_1792,499647572.3617147,6.016815107717086e21,8.79610621946402e18,256
niesen_example,2,ComplexF64,false,diagonalcheap,complexschur,0.000156217,0.00038255700000000006,0.003941811000000001,0.00090051,0.000882785,0.006412749,73,10,3.368370655521726e-279,981.9883311278734,239605.37374803534,1.331998346195134e-256,7.264578423760535e-251,3.635926025018077e-248,500.5001768079688,mpmath_1792,499647572.3617147,6.016815107717086e21,8.79610621946402e18,851
niesen_example,2,ComplexF64,false,taylor,transfree,0.0,0.000174842,0.000703197,0.000126657,4.9053e-5,0.001119324,36,9,0,2316.397514292968,1,2.220446049250313e-16,5.939611727762322e-14,2.972768767709792e-11,500.5001768079688,mpmath_1792,499647572.3617147,6.016815107717086e21,8.79610621946402e18,53
niesen_example,2,ComplexF64,false,taylor,transfree,0.0,0.0005866119999999998,0.0025754079999999995,0.000407484,0.00012664,0.003807214,90,9,4.941655285889308e-83,2108.657714142024,1,1.727233711018889e-77,5.927637832568823e-75,2.966797710481584e-72,500.5001768079688,mpmath_1792,499647572.3617147,6.016815107717086e21,8.79610621946402e18,256
niesen_example,2,ComplexF64,false,taylor,transfree,0.0,0.0006016500000000001,0.005203164999999999,0.000526759,0.000410088,0.006878072,90,16,2.410194517336618e-281,16.2587967011846,1,1.331998346195134e-256,1.121074882055994e-252,5.611004623973216e-250,500.5001768079688,mpmath_1792,499647572.3617147,6.016815107717086e21,8.79610621946402e18,851
niesen_example,2,ComplexF64,false,taylor,complexschur,0.00015837,0.00027189499999999997,0.0010127730000000004,0.000188875,0.000188859,0.001917058,49,8,4.547473508864641e-13,10593.29371255516,1,2.220446049250313e-16,8.807233831428449e-11,4.40802402151305e-08,500.5001768079688,mpmath_1792,499647572.3617147,6.016815107717086e21,8.79610621946402e18,53
niesen_example,2,ComplexF64,false,taylor,complexschur,0.000123584,0.00044157,0.001568747,0.000328725,0.000346558,0.002921714,90,9,1.647218428629769e-83,2107.032669243996,1,1.727233711018889e-77,6.447048453579759e-72,3.226751418973439e-69,500.5001768079688,mpmath_1792,499647572.3617147,6.016815107717086e21,8.79610621946402e18,256
niesen_example,2,ComplexF64,false,taylor,complexschur,0.00015307,0.00038927899999999997,0.0029888100000000006,0.000429677,0.001378506,0.00547527,90,16,4.476075532196576e-281,16.24804221278394,1,1.331998346195134e-256,7.264578423760535e-251,3.635926025018077e-248,500.5001768079688,mpmath_1792,499647572.3617147,6.016815107717086e21,8.79610621946402e18,851
awad_25,2,Float64,false,scaling_and_squaring,NaN,NaN,NaN,NaN,NaN,NaN,1.6381e-5,NaN,NaN,NaN,NaN,NaN,2.220446049250313e-16,0.99326205320146,2.69996619011545e+17,2.718281828459045e+17,mpmath_1792,1.666666666666666e+33,1.0e34,1.0e34,53
awad_25,2,Float64,false,diagonalcheap,transfree,0.0,1.9931000000000003e-5,0.00435814,0.000215067,0.000281404,0.071666397,3,53,4.545749279165195e-17,12.10223024625157,42.91710935644734,2.220446049250313e-16,4.243867808833816e-17,11.53602874713527,2.718281828459045e+17,mpmath_1792,1.666666666666666e+33,1.0e34,1.0e34,53
awad_25,2,Float64,false,diagonalcheap,transfree,0.0,1.1169999999999996e-5,0.002750626999999999,0.00011658299999999999,0.000415278,0.003375134,5,40,1.926650501721197e-74,90950.47017737554,2.0680424818529556e9,1.727233711018889e-77,3.243699873920911e-78,8.817290424254108e-61,2.718281828459045e+17,mpmath_1792,1.666666666666666e+33,1.0e34,1.0e34,256
awad_25,2,Float64,false,diagonalcheap,transfree,0.0,9.8926e-5,0.0023767190000000002,0.000204668,0.00061666,0.003379182,25,21,4.967166106906942e-263,47683738558.68547,5.684341941874078e20,1.331998346195134e-256,6.0685360360665e-258,1.649599123218845e-240,2.718281828459045e+17,mpmath_1792,1.666666666666666e+33,1.0e34,1.0e34,851
awad_25,2,Float64,false,diagonalcheap,complexschur,0.0,1.3072999999999998e-5,0.003109309999999998,0.00011920600000000001,0.000501011,0.003846819,3,53,4.545749279165195e-17,12.10223024625157,42.91710935644734,2.220446049250313e-16,4.243867808833816e-17,11.53602874713527,2.718281828459045e+17,mpmath_1792,1.666666666666666e+33,1.0e34,1.0e34,53
awad_25,2,Float64,false,diagonalcheap,complexschur,0.0,1.6186e-5,0.0041972159999999975,0.00015337,0.000765292,0.005247398,5,40,1.926650501721197e-74,90950.47017737554,2.0680424818529556e9,1.727233711018889e-77,3.243699873920911e-78,8.817290424254108e-61,2.718281828459045e+17,mpmath_1792,1.666666666666666e+33,1.0e34,1.0e34,256
awad_25,2,Float64,false,diagonalcheap,complexschur,0.0,0.00015769700000000002,0.0039434299999999995,0.000345559,0.001008594,0.005590198,25,21,4.967166106906942e-263,47683738558.68547,5.684341941874078e20,1.331998346195134e-256,6.0685360360665e-258,1.649599123218845e-240,2.718281828459045e+17,mpmath_1792,1.666666666666666e+33,1.0e34,1.0e34,851
awad_25,2,Float64,false,diagonalcheap,realschur,0.0,1.9726000000000004e-5,0.004064444999999997,0.00010234800000000002,0.00029021,0.004591323,3,53,4.545749279165195e-17,12.10223024625157,42.91710935644734,2.220446049250313e-16,4.243867808833816e-17,11.53602874713527,2.718281828459045e+17,mpmath_1792,1.666666666666666e+33,1.0e34,1.0e34,53
awad_25,2,Float64,false,diagonalcheap,realschur,0.0,1.1841999999999996e-5,0.0026769489999999983,0.00015752800000000001,0.000750964,0.003702887,5,40,1.926650501721197e-74,90950.47017737554,2.0680424818529556e9,1.727233711018889e-77,3.243699873920911e-78,8.817290424254108e-61,2.718281828459045e+17,mpmath_1792,1.666666666666666e+33,1.0e34,1.0e34,256
awad_25,2,Float64,false,diagonalcheap,realschur,0.0,0.000233144,0.0038732579999999988,0.000344712,0.001053199,0.005649581,25,21,4.967166106906942e-263,47683738558.68547,5.684341941874078e20,1.331998346195134e-256,6.0685360360665e-258,1.649599123218845e-240,2.718281828459045e+17,mpmath_1792,1.666666666666666e+33,1.0e34,1.0e34,851
awad_25,2,Float64,false,taylor,transfree,0.0,0.00010644,0.0010429839999999996,9.890700000000001e-5,7.0303e-5,0.001351124,30,7,5.302143790686387e-08,787377419692538.5,1,2.220446049250313e-16,4.243867808833816e-17,11.53602874713527,2.718281828459045e+17,mpmath_1792,1.666666666666666e+33,1.0e34,1.0e34,53
awad_25,2,Float64,false,taylor,transfree,0.0,0.000207953,0.0018506650000000005,0.000134564,0.000170964,0.002390957,56,8,5.147557589468029e-85,392153863022793,1,1.727233711018889e-77,3.243699873920911e-78,8.817290424254108e-61,2.718281828459045e+17,mpmath_1792,1.666666666666666e+33,1.0e34,1.0e34,256
awad_25,2,Float64,false,taylor,transfree,0.0,0.00029399700000000005,0.0036695550000000006,0.000228071,0.000519526,0.004735165,81,12,4.92813242187314e-256,24420023692133.52,1,1.331998346195134e-256,6.0685360360665e-258,1.649599123218845e-240,2.718281828459045e+17,mpmath_1792,1.666666666666666e+33,1.0e34,1.0e34,851
awad_25,2,Float64,false,taylor,complexschur,0.0,8.008100000000001e-5,0.0006867510000000001,6.929299999999999e-5,3.9485e-5,0.000913023,30,7,5.302143790686387e-08,787377419692538.5,1,2.220446049250313e-16,4.243867808833816e-17,11.53602874713527,2.718281828459045e+17,mpmath_1792,1.666666666666666e+33,1.0e34,1.0e34,53
awad_25,2,Float64,false,taylor,complexschur,0.0,0.000126129,0.001012965,8.3048e-5,0.000100801,0.001350913,56,8,5.147557589468029e-85,392153863022793,1,1.727233711018889e-77,3.243699873920911e-78,8.817290424254108e-61,2.718281828459045e+17,mpmath_1792,1.666666666666666e+33,1.0e34,1.0e34,256
awad_25,2,Float64,false,taylor,complexschur,0.0,0.00031783600000000005,0.003728763999999999,0.000205511,0.000625487,0.004930536,81,12,4.92813242187314e-256,24420023692133.52,1,1.331998346195134e-256,6.0685360360665e-258,1.649599123218845e-240,2.718281828459045e+17,mpmath_1792,1.666666666666666e+33,1.0e34,1.0e34,851
awad_25,2,Float64,false,taylor,realschur,0.0,0.00010575700000000001,0.001037294,8.7592e-5,7.7758e-5,0.001345744,30,7,5.302143790686387e-08,787377419692538.5,1,2.220446049250313e-16,4.243867808833816e-17,11.53602874713527,2.718281828459045e+17,mpmath_1792,1.666666666666666e+33,1.0e34,1.0e34,53
awad_25,2,Float64,false,taylor,realschur,0.0,0.000211532,0.0018717640000000002,0.0001329,0.000165484,0.002415133,56,8,5.147557589468029e-85,392153863022793,1,1.727233711018889e-77,3.243699873920911e-78,8.817290424254108e-61,2.718281828459045e+17,mpmath_1792,1.666666666666666e+33,1.0e34,1.0e34,256
awad_25,2,Float64,false,taylor,realschur,0.0,0.0003442899999999999,0.0044478159999999985,0.00022034500000000002,0.00061695,0.005655552,81,12,4.92813242187314e-256,24420023692133.52,1,1.331998346195134e-256,6.0685360360665e-258,1.649599123218845e-240,2.718281828459045e+17,mpmath_1792,1.666666666666666e+33,1.0e34,1.0e34,851
awad_26,4,Float64,false,scaling_and_squaring,NaN,NaN,NaN,NaN,NaN,NaN,2.6831e-5,NaN,NaN,NaN,NaN,NaN,2.220446049250313e-16,1.27105119134225e-10,1033.060938313738,8096721548964.715,mpmath_1792,6.325249279659764e+21,4.004000200562144e23,1.803358506785291e24,53
awad_26,4,Float64,false,diagonalcheap,transfree,0.0,9.129e-6,0.0024775619999999987,0.00012771099999999997,0.000220739,0.002925211,3,31,7.850128541925946e-17,10.31322837975475,31.997277962843064,2.220446049250313e-16,1.988700157514439e-06,16190657.56458383,8096721548964.715,mpmath_1792,6.325249279659764e+21,4.004000200562144e23,1.803358506785291e24,53
awad_26,4,Float64,false,diagonalcheap,transfree,0.0,7.7248e-5,0.0028561489999999997,0.000378079,0.000243161,0.003660897,13,18,1.96563653580988e-80,76440.46809079993,1.4580449149261472e9,1.727233711018889e-77,1.536506430331908e-70,1.247150681672587e-57,8096721548964.715,mpmath_1792,6.325249279659764e+21,4.004000200562144e23,1.803358506785291e24,256
awad_26,4,Float64,false,diagonalcheap,transfree,0.0,0.000334093,0.004315387,0.000810728,0.00017909,0.005802852,37,13,8.666140955419332e-276,2590412.927007178,1.5824557017695662e12,1.331998346195134e-256,3.879216464459645e-251,3.152695886192597e-238,8096721548964.715,mpmath_1792,6.325249279659764e+21,4.004000200562144e23,1.803358506785291e24,851
awad_26,4,Float64,false,diagonalcheap,complexschur,9.0692e-5,9.387999999999999e-6,0.002197036999999999,0.00022795400000000002,0.001477434,0.004191754,3,31,0,10.31322574788339,31.997269208277007,2.220446049250313e-16,1.910742660763364e-14,0.1556648687842503,8096721548964.715,mpmath_1792,6.325249279659764e+21,4.004000200562144e23,1.803358506785291e24,53
awad_26,4,Float64,false,diagonalcheap,complexschur,0.000111311,0.00013538,0.003907051999999999,0.000883916,0.002093793,0.007468282,13,18,1.963688861598137e-80,76294.94530887034,1.4552678177837625e9,1.727233711018889e-77,6.144837984914042e-73,4.986081406081404e-60,8096721548964.715,mpmath_1792,6.325249279659764e+21,4.004000200562144e23,1.803358506785291e24,256
awad_26,4,Float64,false,diagonalcheap,complexschur,0.000115379,0.000397278,0.005181994,0.0021224879999999996,0.001165111,0.00937461,37,13,0,2441407.255941235,1.4901185626423926e12,1.331998346195134e-256,3.741739089258587e-255,3.060723598382758e-242,8096721548964.715,mpmath_1792,6.325249279659764e+21,4.004000200562144e23,1.803358506785291e24,851
awad_26,4,Float64,false,diagonalcheap,realschur,8.5342e-5,9.116e-6,0.0022942660000000005,0.000176805,0.000786022,0.003465997,3,31,0,10.31322574788339,31.997269208277007,2.220446049250313e-16,1.922838429132846e-14,0.1566414312842503,8096721548964.715,mpmath_1792,6.325249279659764e+21,4.004000200562144e23,1.803358506785291e24,53
awad_26,4,Float64,false,diagonalcheap,realschur,9.0943e-5,8.762699999999999e-5,0.003246804999999999,0.00043741799999999996,0.000905879,0.004906822,13,18,1.963688861598137e-80,76294.94530887034,1.4552678177837625e9,1.727233711018889e-77,6.144743892280847e-73,4.98600544153944e-60,8096721548964.715,mpmath_1792,6.325249279659764e+21,4.004000200562144e23,1.803358506785291e24,256
awad_26,4,Float64,false,diagonalcheap,realschur,0.000113927,0.00032837299999999997,0.004664283,0.0009383819999999999,0.001491551,0.007733896,37,13,0,2441407.255941235,1.4901185626423926e12,1.331998346195134e-256,3.741739089258587e-255,3.060723598382758e-242,8096721548964.715,mpmath_1792,6.325249279659764e+21,4.004000200562144e23,1.803358506785291e24,851
awad_26,4,Float64,false,taylor,transfree,0.0,0.000404448,0.0012325690000000002,0.000211964,2.8294e-5,0.001788614,30,5,5.069402675417223e-10,10290581101.42078,1,2.220446049250313e-16,2.178223726838921e-11,176.0704093805639,8096721548964.715,mpmath_1792,6.325249279659764e+21,4.004000200562144e23,1.803358506785291e24,53
awad_26,4,Float64,false,taylor,transfree,0.0,0.00032646799999999995,0.001317225,0.00027505999999999993,3.8764e-5,0.00195516,64,5,1.670768669323428e-76,10290581101.42078,1,1.727233711018889e-77,3.421137401641558e-73,2.838943631394987e-60,8096721548964.715,mpmath_1792,6.325249279659764e+21,4.004000200562144e23,1.803358506785291e24,256
awad_26,4,Float64,false,taylor,transfree,0.0,0.00048217599999999996,0.003785052999999999,0.0006619260000000001,0.000227782,0.005205218,90,10,0,29064895.3500509,1,1.331998346195134e-256,1.161040875395701e-251,9.516330514900593e-239,8096721548964.715,mpmath_1792,6.325249279659764e+21,4.004000200562144e23,1.803358506785291e24,851
awad_26,4,Float64,false,taylor,complexschur,0.00012117,0.0006196059999999999,0.0020708080000000004,0.000963538,0.000322192,0.004155867,42,4,0,38273816332.16621,1,2.220446049250313e-16,1.959125771564992e-14,0.1595711187842503,8096721548964.715,mpmath_1792,6.325249279659764e+21,4.004000200562144e23,1.803358506785291e24,53
awad_26,4,Float64,false,taylor,complexschur,0.000154443,0.0007245839999999999,0.0029790859999999993,0.001393213,0.000398807,0.005748328,64,5,1.670768669323428e-76,9665479371.193192,1,1.727233711018889e-77,6.144837984914042e-73,4.986081406081404e-60,8096721548964.715,mpmath_1792,6.325249279659764e+21,4.004000200562144e23,1.803358506785291e24,256
awad_26,4,Float64,false,taylor,complexschur,8.8718e-5,0.00047745599999999996,0.0032706369999999994,0.001014733,0.000908585,0.005789687,90,10,6.886270049533194e-282,19531254.10343264,1,1.331998346195134e-256,3.741739089258587e-255,3.060723598382758e-242,8096721548964.715,mpmath_1792,6.325249279659764e+21,4.004000200562144e23,1.803358506785291e24,851
awad_26,4,Float64,false,taylor,realschur,8.2827e-5,0.000514187,0.0016462139999999996,0.00034040700000000004,0.000133453,0.002669476,42,4,0,38273816332.16621,1,2.220446049250313e-16,1.995413167607073e-14,0.1625008062842503,8096721548964.715,mpmath_1792,6.325249279659764e+21,4.004000200562144e23,1.803358506785291e24,53
awad_26,4,Float64,false,taylor,realschur,8.2697e-5,0.0005200259999999998,0.0022084159999999995,0.0005159610000000001,0.000269121,0.003639707,64,5,1.670768669323428e-76,9665479371.193192,1,1.727233711018889e-77,6.144837984914042e-73,4.986081406081406e-60,8096721548964.715,mpmath_1792,6.325249279659764e+21,4.004000200562144e23,1.803358506785291e24,256
awad_26,4,Float64,false,taylor,realschur,9.5932e-5,0.0005828890000000002,0.005032680999999999,0.0007708239999999999,0.000950083,0.007474824,90,10,6.886270049533194e-282,19531254.10343264,1,1.331998346195134e-256,3.741739089258587e-255,3.060723598382758e-242,8096721548964.715,mpmath_1792,6.325249279659764e+21,4.004000200562144e23,1.803358506785291e24,851
awad_27,2,Float64,false,scaling_and_squaring,NaN,NaN,NaN,NaN,NaN,NaN,2.2943e-5,NaN,NaN,NaN,NaN,NaN,2.220446049250313e-16,1.228208791841005e-07,0.003339263294755031,27185.53656641891,mpmath_1792,16666668.33535996,1.0002000125252622e8,1.0000000188343377e8,53
awad_27,2,Float64,false,diagonalcheap,transfree,0.0,4.668e-6,0.001504253,0.000145358,2.3154e-5,0.001748869,3,10,1.429521090102808e-15,10.77614344078556,34.61309342463025,2.220446049250313e-16,5.59928819727353e-08,0.00152292730380282,27185.53656641891,mpmath_1792,16666668.33535996,1.0002000125252622e8,1.0000000188343377e8,53
awad_27,2,Float64,false,diagonalcheap,transfree,0.0,0.000243133,0.0021491369999999993,0.000350936,8.055e-6,0.002828397,31,2,0,3211.347571432125,1.5714163468529456e6,1.727233711018889e-77,7.028022016192686e-70,1.917051208165208e-65,27185.53656641891,mpmath_1792,16666668.33535996,1.0002000125252622e8,1.0000000188343377e8,256
awad_27,2,Float64,false,diagonalcheap,transfree,0.0,0.00043051799999999996,0.004371046000000001,0.0006470190000000001,1.8635e-5,0.005582404,65,2,3.723057435141093e-276,3211.347575504814,1.5680329915513082e6,1.331998346195134e-256,6.206377487877606e-249,1.694555967978666e-244,27185.53656641891,mpmath_1792,16666668.33535996,1.0002000125252622e8,1.0000000188343377e8,851
awad_27,2,Float64,false,diagonalcheap,complexschur,6.6637e-5,3.007e-6,0.0009611829999999998,0.000130617,0.000135067,0.00136488,3,10,1.34783417066836e-15,10.77614344078554,34.61309342463023,2.220446049250313e-16,5.361729963497501e-10,1.457906110885829e-05,27185.53656641891,mpmath_1792,16666668.33535996,1.0002000125252622e8,1.0000000188343377e8,53
awad_27,2,Float64,false,diagonalcheap,complexschur,4.213e-5,0.000124058,0.18759287699999996,0.00031446500000000005,4.1709e-5,0.188193093,31,2,0,3211.347567136041,1.5714163447512137e6,1.727233711018889e-77,4.165747034088949e-71,1.132706837881609e-66,27185.53656641891,mpmath_1792,16666668.33535996,1.0002000125252622e8,1.0000000188343377e8,256
awad_27,2,Float64,false,diagonalcheap,complexschur,7.1656e-5,0.000418544,0.0028128489999999996,0.0007938449999999999,0.000192325,0.004457378,65,2,3.723057425440673e-276,3211.347567136042,1.568032987465802e6,1.331998346195134e-256,3.217443733354396e-250,8.748540738680483e-246,27185.53656641891,mpmath_1792,16666668.33535996,1.0002000125252622e8,1.0000000188343377e8,851
awad_27,2,Float64,false,diagonalcheap,realschur,2.7001e-5,2.966e-6,0.0008635669999999998,9.9331e-5,7.2969e-5,0.001104576,3,10,1.388677630385583e-15,10.77614344078554,34.61309342463021,2.220446049250313e-16,5.361730298082006e-10,1.457906110885829e-05,27185.53656641891,mpmath_1792,16666668.33535996,1.0002000125252622e8,1.0000000188343377e8,53
awad_27,2,Float64,false,diagonalcheap,realschur,3.1009e-5,8.182500000000001e-5,0.0011372320000000004,0.000196188,3.2572e-5,0.001531376,31,2,0,3211.347567136041,1.5714163447512137e6,1.727233711018889e-77,4.165747034088949e-71,1.132706837881609e-66,27185.53656641891,mpmath_1792,16666668.33535996,1.0002000125252622e8,1.0000000188343377e8,256
awad_27,2,Float64,false,diagonalcheap,realschur,3.676e-5,0.000260813,0.0025288709999999994,0.000528204,0.00010572,0.003533715,65,2,3.723057425440673e-276,3211.347567136042,1.568032987465802e6,1.331998346195134e-256,3.217443733354396e-250,8.748540738680483e-246,27185.53656641891,mpmath_1792,16666668.33535996,1.0002000125252622e8,1.0000000188343377e8,851
awad_27,2,Float64,false,taylor,transfree,0.0,0.00014483699999999998,0.000371607,4.3962e-5,1.563e-6,0.000599728,30,1,0,8230.815104166668,1,2.220446049250313e-16,1.574895816499921e-13,3.493177021892806e-09,27185.53656641891,mpmath_1792,16666668.33535996,1.0002000125252622e8,1.0000000188343377e8,53
awad_27,2,Float64,false,taylor,transfree,0.0,0.0002515610000000001,0.0006715410000000001,9.2197e-5,1.974e-6,0.001060252,72,1,0,8230.815104166667,1,1.727233711018889e-77,1.732966146424081e-74,4.366182969535476e-70,27185.53656641891,mpmath_1792,16666668.33535996,1.0002000125252622e8,1.0000000188343377e8,256
awad_27,2,Float64,false,taylor,transfree,0.0,0.000292363,0.001917299,0.000127494,2.0398e-5,0.00241853,90,6,1.01605686501827e-259,159.7263271752563,1,1.331998346195134e-256,1.733440215787624e-248,4.723709142157857e-244,27185.53656641891,mpmath_1792,16666668.33535996,1.0002000125252622e8,1.0000000188343377e8,851
awad_27,2,Float64,false,taylor,complexschur,3.9876e-5,0.00017130700000000002,0.00041267500000000004,0.00011083700000000001,1.5399e-5,0.000802272,30,1,1.110223024625157e-16,8230.815103160479,1,2.220446049250313e-16,5.361729963497501e-10,1.457906110885829e-05,27185.53656641891,mpmath_1792,16666668.33535996,1.0002000125252622e8,1.0000000188343377e8,53
awad_27,2,Float64,false,taylor,complexschur,2.9707e-5,0.000192465,0.0006962790000000002,0.00016550400000000002,2.1571e-5,0.001163338,72,1,0,8230.815104166667,1,1.727233711018889e-77,4.165747034088949e-71,1.132706837881609e-66,27185.53656641891,mpmath_1792,16666668.33535996,1.0002000125252622e8,1.0000000188343377e8,256
awad_27,2,Float64,false,taylor,complexschur,5.0867e-5,0.000443554,0.002115569,0.000391297,0.000523022,0.003678119,90,6,1.01605686501827e-259,159.7263271752563,1,1.331998346195134e-256,3.217443733354396e-250,8.748540738680483e-246,27185.53656641891,mpmath_1792,16666668.33535996,1.0002000125252622e8,1.0000000188343377e8,851
awad_27,2,Float64,false,taylor,realschur,2.6781e-5,0.000143015,0.00035195500000000004,5.7652e-5,8.527e-6,0.000634694,30,1,0,8230.815103159819,1,2.220446049250313e-16,5.361730298082006e-10,1.457906110885829e-05,27185.53656641891,mpmath_1792,16666668.33535996,1.0002000125252622e8,1.0000000188343377e8,53
awad_27,2,Float64,false,taylor,realschur,2.7933e-5,0.00013938299999999998,0.0013443739999999997,0.000153989,2.6931e-5,0.001760721,72,1,0,8230.815104166667,1,1.727233711018889e-77,4.165747034088949e-71,1.132706837881609e-66,27185.53656641891,mpmath_1792,16666668.33535996,1.0002000125252622e8,1.0000000188343377e8,256
awad_27,2,Float64,false,taylor,realschur,5.6166e-5,0.0005042870000000001,0.003390137000000001,0.000347162,0.000519917,0.004931669,90,6,1.01605686501827e-259,159.7263271752563,1,1.331998346195134e-256,3.217443733354396e-250,8.748540738680483e-246,27185.53656641891,mpmath_1792,16666668.33535996,1.0002000125252622e8,1.0000000188343377e8,851
awad_28,2,Float64,false,scaling_and_squaring,NaN,NaN,NaN,NaN,NaN,NaN,1.4017e-5,NaN,NaN,NaN,NaN,NaN,2.220446049250313e-16,1.623210735037257e-12,4.416667876511966e-09,2715.898536067871,mpmath_1792,1073277981.199697,1.000002999603998e6,1.0000009996029995e6,53
awad_28,2,Float64,false,diagonalcheap,transfree,0.0,6.6799999999999996e-6,0.001817341,0.000144944,0.000180002,0.002226184,5,22,0,12.92056671954599,48.447328249949656,2.220446049250313e-16,6.431736646921549e-14,1.786500370700782e-10,2715.898536067871,mpmath_1792,1073277981.199697,1.000002999603998e6,1.0000009996029995e6,53
awad_28,2,Float64,false,diagonalcheap,transfree,0.0,0.000167384,0.0024168869999999995,0.000230838,0.00022669,0.00311941,31,16,0,691.7818297603164,139288.03542410576,1.727233711018889e-77,7.923412701579533e-76,2.200265516630329e-72,2715.898536067871,mpmath_1792,1073277981.199697,1.000002999603998e6,1.0000009996029995e6,256
awad_28,2,Float64,false,diagonalcheap,transfree,0.0,0.00032130799999999997,0.0042119720000000005,0.000614547,0.000824585,0.006079076,73,16,2.568773908757904e-279,691.7818297603166,139288.01628261333,1.331998346195134e-256,3.134526507953201e-254,8.706421988315415e-251,2715.898536067871,mpmath_1792,1073277981.199697,1.000002999603998e6,1.0000009996029995e6,851
awad_28,2,Float64,false,diagonalcheap,complexschur,7.2337e-5,9.89e-6,0.0029111149999999993,0.000242008,0.000618223,0.003970685,5,22,0,12.92063777294784,48.447492558728285,2.220446049250313e-16,3.797860730641371e-13,1.054699714315383e-09,2715.898536067871,mpmath_1792,1073277981.199697,1.000002999603998e6,1.0000009996029995e6,53
awad_28,2,Float64,false,diagonalcheap,complexschur,7.5814e-5,0.000311995,0.004036139,0.0005856510000000001,0.000798816,0.005993393,31,16,1.919228176357819e-82,692.0590258977957,139341.41686767442,1.727233711018889e-77,2.524405394684472e-74,7.083170810777874e-71,2715.898536067871,mpmath_1792,1073277981.199697,1.000002999603998e6,1.0000009996029995e6,256
awad_28,2,Float64,false,diagonalcheap,complexschur,8.6824e-5,0.000449515,0.005089891000000001,0.000896848,0.0010008,0.007701375,73,16,2.569268659328826e-279,692.0590258977958,139341.39771485096,1.331998346195134e-256,4.050225566595494e-253,1.119363787333329e-249,2715.898536067871,mpmath_1792,1073277981.199697,1.000002999603998e6,1.0000009996029995e6,851
awad_28,2,Float64,false,diagonalcheap,realschur,0.0,6.8470000000000015e-6,0.0016103950000000004,0.000140847,0.000176555,0.002000256,5,22,0,12.92056671954599,48.447328249949656,2.220446049250313e-16,6.431736646921549e-14,1.786500370700782e-10,2715.898536067871,mpmath_1792,1073277981.199697,1.000002999603998e6,1.0000009996029995e6,53
awad_28,2,Float64,false,diagonalcheap,realschur,0.0,0.00015712,0.0022584209999999996,0.00023088899999999996,0.000233263,0.002968633,31,16,0,691.7818297603164,139288.03542410576,1.727233711018889e-77,7.923412701579533e-76,2.200265516630329e-72,2715.898536067871,mpmath_1792,1073277981.199697,1.000002999603998e6,1.0000009996029995e6,256
awad_28,2,Float64,false,diagonalcheap,realschur,0.0,0.000310686,0.004115252,0.000529076,0.000483217,0.005542748,73,16,2.568773908757904e-279,691.7818297603166,139288.01628261333,1.331998346195134e-256,3.134526507953201e-254,8.706421988315415e-251,2715.898536067871,mpmath_1792,1073277981.199697,1.000002999603998e6,1.0000009996029995e6,851
awad_28,2,Float64,false,taylor,transfree,0.0,0.00023499599999999998,0.0014430559999999996,6.7871e-5,0.000124306,0.001832478,30,15,1.110223024625157e-15,999.0688168954774,1,2.220446049250313e-16,6.431736646921549e-14,1.786500370700782e-10,2715.898536067871,mpmath_1792,1073277981.199697,1.000002999603998e6,1.0000009996029995e6,53
awad_28,2,Float64,false,taylor,transfree,0.0,0.000417731,0.0030377439999999998,0.000159861,0.000426529,0.004045788,64,16,1.327791684070617e-77,691.7818310326254,1,1.727233711018889e-77,7.923412701579533e-76,2.200265516630329e-72,2715.898536067871,mpmath_1792,1073277981.199697,1.000002999603998e6,1.0000009996029995e6,256
awad_28,2,Float64,false,taylor,transfree,0.0,0.0005679020000000001,0.007618889,0.000290432,0.001092904,0.009565181,90,21,1.060105334120347e-263,24.83930302343914,1,1.331998346195134e-256,3.134526507953201e-254,8.706421988315415e-251,2715.898536067871,mpmath_1792,1073277981.199697,1.000002999603998e6,1.0000009996029995e6,851
awad_28,2,Float64,false,taylor,complexschur,6.4703e-5,0.00033590599999999997,0.0023313760000000005,0.00017701499999999998,0.000244184,0.003075526,30,15,1.332267629550188e-15,1000.023945852473,1,2.220446049250313e-16,3.797860730641371e-13,1.054699714315383e-09,2715.898536067871,mpmath_1792,1073277981.199697,1.000002999603998e6,1.0000009996029995e6,53
awad_28,2,Float64,false,taylor,complexschur,6.2588e-5,0.00037879800000000007,0.002528260999999999,0.00022278,0.00044824,0.003654525,64,16,1.337397644239475e-77,692.0590271710062,1,1.727233711018889e-77,2.524405394684472e-74,7.083170810777874e-71,2715.898536067871,mpmath_1792,1073277981.199697,1.000002999603998e6,1.0000009996029995e6,256
awad_28,2,Float64,false,taylor,complexschur,7.8439e-5,0.000429528,0.004620911000000001,0.000364632,0.001323622,0.006857303,90,21,1.068891565691721e-263,24.83958722696948,1,1.331998346195134e-256,4.050225566595494e-253,1.119363787333329e-249,2715.898536067871,mpmath_1792,1073277981.199697,1.000002999603998e6,1.0000009996029995e6,851
awad_28,2,Float64,false,taylor,realschur,0.0,0.0002567079999999999,0.0014322920000000002,7.1824e-5,0.000125779,0.001841304,30,15,1.110223024625157e-15,999.0688168954774,1,2.220446049250313e-16,6.431736646921549e-14,1.786500370700782e-10,2715.898536067871,mpmath_1792,1073277981.199697,1.000002999603998e6,1.0000009996029995e6,53
awad_28,2,Float64,false,taylor,realschur,0.0,0.00039678399999999996,0.0024798430000000002,0.000164524,0.000397815,0.003458714,64,16,1.327791684070617e-77,691.7818310326254,1,1.727233711018889e-77,7.923412701579533e-76,2.200265516630329e-72,2715.898536067871,mpmath_1792,1073277981.199697,1.000002999603998e6,1.0000009996029995e6,256
awad_28,2,Float64,false,taylor,realschur,0.0,0.0005995689999999999,0.007606323,0.00029002,0.001082655,0.009563047,90,21,1.060105334120347e-263,24.83930302343914,1,1.331998346195134e-256,3.134526507953201e-254,8.706421988315415e-251,2715.898536067871,mpmath_1792,1073277981.199697,1.000002999603998e6,1.0000009996029995e6,851
godunov_eigtool,7,Float64,false,scaling_and_squaring,NaN,NaN,NaN,NaN,NaN,NaN,2.3735e-5,NaN,NaN,NaN,NaN,NaN,2.220446049250313e-16,1.355437347709559e-13,7.379253560991615e-09,46099.5649627587,mpmath_1792,2087.295512630797,5.87732208556782e16,2.3359313205878028e16,53
godunov_eigtool,7,Float64,false,diagonalcheap,transfree,0.0,6.174400000000001e-5,0.001366101,0.000561404,8.9379e-5,0.002199123,13,3,9.729623754219932e-17,24.18454713772512,28.78068012329826,2.220446049250313e-16,3.309431329231858e-14,2.125074247139979e-09,46099.5649627587,mpmath_1792,2087.295512630797,5.87732208556782e16,2.3359313205878028e16,53
godunov_eigtool,7,Float64,false,diagonalcheap,transfree,0.0,0.00013985499999999998,0.0014439490000000004,0.00093829,8.938e-5,0.002719832,25,2,1.956554694034798e-82,175.6040732202989,282.78546795870415,1.727233711018889e-77,1.063912323364309e-74,6.16285180525973e-70,46099.5649627587,mpmath_1792,2087.295512630797,5.87732208556782e16,2.3359313205878028e16,256
godunov_eigtool,7,Float64,false,diagonalcheap,transfree,0.0,0.00034718100000000006,0.0032401029999999994,0.002708055,0.000183459,0.006661692,57,2,2.549650039261e-280,175.6040732203004,277.3236643470032,1.331998346195134e-256,1.119778928063302e-254,6.280649816278848e-250,46099.5649627587,mpmath_1792,2087.295512630797,5.87732208556782e16,2.3359313205878028e16,851
godunov_eigtool,7,Float64,false,diagonalcheap,complexschur,0.001717168,0.000108825,0.0014933630000000002,0.002182452,0.000832169,0.007201135,13,3,0,29.76378011853117,38.77938733896785,2.220446049250313e-16,4.606267951351486e-15,2.491561596050228e-10,46099.5649627587,mpmath_1792,2087.295512630797,5.87732208556782e16,2.3359313205878028e16,53
godunov_eigtool,7,Float64,false,diagonalcheap,complexschur,0.003902466,0.0003816739999999999,0.0031550600000000003,0.004052249,0.000761425,0.013409827,25,2,1.912111957144621e-82,190.4993648570139,402.4831686054163,1.727233711018889e-77,4.739606870313453e-75,2.514735230264327e-70,46099.5649627587,mpmath_1792,2087.295512630797,5.87732208556782e16,2.3359313205878028e16,256
godunov_eigtool,7,Float64,false,diagonalcheap,complexschur,0.005756393,0.0009138149999999999,0.006222699000000001,0.010754365,0.001219895,0.026665541,57,2,1.042205393267319e-280,190.4993580298898,399.0424029216938,1.331998346195134e-256,2.571048750365023e-254,1.371545965724284e-249,46099.5649627587,mpmath_1792,2087.295512630797,5.87732208556782e16,2.3359313205878028e16,851
godunov_eigtool,7,Float64,false,diagonalcheap,realschur,0.002948856,8.4943e-5,0.0017364130000000002,0.000809108,0.000240676,0.006131254,13,3,1.274236305464595e-16,29.76293709081868,38.779178296406045,2.220446049250313e-16,4.337147413314179e-15,2.369632462593795e-10,46099.5649627587,mpmath_1792,2087.295512630797,5.87732208556782e16,2.3359313205878028e16,53
godunov_eigtool,7,Float64,false,diagonalcheap,realschur,0.003366699,0.000247611,0.0027111649999999998,0.001383628,0.000244704,0.008300261,25,2,1.593376014474366e-82,190.4994309941809,402.46979568526143,1.727233711018889e-77,4.73701625184804e-75,2.51374034364678e-70,46099.5649627587,mpmath_1792,2087.295512630797,5.87732208556782e16,2.3359313205878028e16,256
godunov_eigtool,7,Float64,false,diagonalcheap,realschur,0.008038253,0.00063271,0.005268760000000001,0.0034366010000000005,0.000457688,0.018464459,57,2,2.084331668284661e-280,190.4994309941812,399.0267838657503,1.331998346195134e-256,2.548171030482781e-254,1.362270994840058e-249,46099.5649627587,mpmath_1792,2087.295512630797,5.87732208556782e16,2.3359313205878028e16,851
godunov_eigtool,7,Float64,false,taylor,transfree,0.0,0.000333202,0.0010338600000000002,0.0006107790000000001,6.1597e-5,0.002167393,30,2,1.110223024625157e-16,150.2258698381233,1,2.220446049250313e-16,1.59533956775972e-14,1.004809660464402e-09,46099.5649627587,mpmath_1792,2087.295512630797,5.87732208556782e16,2.3359313205878028e16,53
godunov_eigtool,7,Float64,false,taylor,transfree,0.0,0.000511442,0.0014471250000000005,0.00179175,9.7194e-5,0.004027212,56,2,3.294436857259539e-83,150.2258698381234,1,1.727233711018889e-77,1.034947249143104e-75,6.161820437038653e-71,46099.5649627587,mpmath_1792,2087.295512630797,5.87732208556782e16,2.3359313205878028e16,256
godunov_eigtool,7,Float64,false,taylor,transfree,0.0,0.000678408,0.0037276380000000006,0.003963244,0.000855613,0.009484178,90,5,9.373702964922839e-267,3.415669872692713,1,1.331998346195134e-256,2.990956542164892e-254,1.836982418239881e-249,46099.5649627587,mpmath_1792,2087.295512630797,5.87732208556782e16,2.3359313205878028e16,851
godunov_eigtool,7,Float64,false,taylor,complexschur,0.003210682,0.00033885400000000003,0.0009635710000000002,0.002054007,0.000301984,0.007403299,30,2,0,165.4659165198915,1,2.220446049250313e-16,4.619955530323512e-15,2.495540635370485e-10,46099.5649627587,mpmath_1792,2087.295512630797,5.87732208556782e16,2.3359313205878028e16,53
godunov_eigtool,7,Float64,false,taylor,complexschur,0.002358576,0.0005712810000000001,0.001403577,0.002431932,0.000392335,0.007792648,56,2,2.985583401891457e-83,164.7905628220021,1,1.727233711018889e-77,4.756675035871409e-75,2.522937517711213e-70,46099.5649627587,mpmath_1792,2087.295512630797,5.87732208556782e16,2.3359313205878028e16,256
godunov_eigtool,7,Float64,false,taylor,complexschur,0.004134185,0.0010746689999999999,0.005179968000000001,0.007084333999999999,0.003228677,0.022575239,90,5,9.529583672163563e-267,3.912660392278967,1,1.331998346195134e-256,2.538780384875183e-254,1.356763980877549e-249,46099.5649627587,mpmath_1792,2087.295512630797,5.87732208556782e16,2.3359313205878028e16,851
godunov_eigtool,7,Float64,false,taylor,realschur,0.003194803,0.00022287,0.000796706,0.0005276809999999999,0.000162087,0.00516974,30,2,1.110223024625157e-16,165.4660021924241,1,2.220446049250313e-16,4.499365293020199e-15,2.446939512244494e-10,46099.5649627587,mpmath_1792,2087.295512630797,5.87732208556782e16,2.3359313205878028e16,53
godunov_eigtool,7,Float64,false,taylor,realschur,0.003722824,0.00052145,0.0014356870000000002,0.0013513210000000002,0.000225027,0.007617545,56,2,3.088534553680817e-83,164.7906087423313,1,1.727233711018889e-77,4.738409537030577e-75,2.514447818574813e-70,46099.5649627587,mpmath_1792,2087.295512630797,5.87732208556782e16,2.3359313205878028e16,256
godunov_eigtool,7,Float64,false,taylor,realschur,0.007486327,0.000722863,0.004202138,0.0036358220000000004,0.00113278,0.017860132,90,5,9.517174638245057e-267,3.912657558667278,1,1.331998346195134e-256,2.527422964726493e-254,1.351632057649329e-249,46099.5649627587,mpmath_1792,2087.295512630797,5.87732208556782e16,2.3359313205878028e16,851
trem05_14.17,3,Float64,false,scaling_and_squaring,NaN,NaN,NaN,NaN,NaN,NaN,2.2512e-5,NaN,NaN,NaN,NaN,NaN,2.220446049250313e-16,5.517409479002716e-16,9.976036539408092e-14,180.0634620916892,mpmath_1792,337.7128275024127,Inf,Inf,53
trem05_14.17,3,Float64,false,diagonalcheap,transfree,0.0,2.836e-6,0.0008384590000000001,0.00018207600000000004,1.9277e-5,0.001107862,9,2,0,22.634296292954,48.9187125693752,2.220446049250313e-16,6.102011118552039e-18,9.631785152660012e-16,180.0634620916892,mpmath_1792,337.7128275024127,Inf,Inf,53
trem05_14.17,3,Float64,false,diagonalcheap,transfree,0.0,0.00018841700000000002,0.0014667460000000001,0.000388024,4.0e-8,0.002105977,31,0,1.275317097160075e-82,180.0634620916892,2615.6706640003736,1.727233711018889e-77,1.039981122595881e-77,1.819397369250303e-75,180.0634620916892,mpmath_1792,337.7128275024127,Inf,Inf,256
trem05_14.17,3,Float64,false,diagonalcheap,transfree,0.0,0.0005143379999999999,0.0059160969999999995,0.001386684,4.0e-8,0.007939646,73,0,3.263867870332548e-267,180.0634620916892,2622.854715442595,1.331998346195134e-256,9.748873327753473e-257,1.739478087371168e-254,180.0634620916892,mpmath_1792,337.7128275024127,Inf,Inf,851
trem05_14.17,3,Float64,false,diagonalcheap,complexschur,8.1695e-5,3.8080000000000002e-6,0.001208596,0.0005198739999999999,0.00010515,0.00210234,9,2,0,22.68226148349817,50.520930521237496,2.220446049250313e-16,1.802893375850169e-16,2.902550546243724e-14,180.0634620916892,mpmath_1792,337.7128275024127,Inf,Inf,53
trem05_14.17,3,Float64,false,diagonalcheap,complexschur,0.000112474,0.00031958599999999996,0.0026703290000000004,0.0012340200000000002,4.0e-8,0.004498196,31,0,1.28503844539649e-82,183.676122190345,2640.191446146255,1.727233711018889e-77,1.810204549511638e-77,3.155035718484097e-75,180.0634620916892,mpmath_1792,337.7128275024127,Inf,Inf,256
trem05_14.17,3,Float64,false,diagonalcheap,complexschur,0.000123865,0.000474151,0.005149986,0.003477472,4.0e-8,0.009521678,73,0,9.242003604231618e-267,183.6761221903451,2647.3720355295077,1.331998346195134e-256,1.006542872105838e-256,1.952597822762389e-254,180.0634620916892,mpmath_1792,337.7128275024127,Inf,Inf,851
trem05_14.17,3,Float64,false,diagonalcheap,realschur,0.0,4.148e-6,0.00107628,0.000242619,3.3153e-5,0.001439872,9,2,0,22.634296292954,48.9187125693752,2.220446049250313e-16,6.102011118552039e-18,9.631785152660012e-16,180.0634620916892,mpmath_1792,337.7128275024127,Inf,Inf,53
trem05_14.17,3,Float64,false,diagonalcheap,realschur,0.0,0.000261588,0.002186079,0.0006291440000000001,4.0e-8,0.003169875,31,0,1.275317097160075e-82,180.0634620916892,2615.6706640003736,1.727233711018889e-77,1.039981122595881e-77,1.819397369250303e-75,180.0634620916892,mpmath_1792,337.7128275024127,Inf,Inf,256
trem05_14.17,3,Float64,false,diagonalcheap,realschur,0.0,0.0004931330000000001,0.005221937000000001,0.000977978,3.0e-8,0.006827045,73,0,3.263867870332548e-267,180.0634620916892,2622.854715442595,1.331998346195134e-256,9.748873327753473e-257,1.739478087371168e-254,180.0634620916892,mpmath_1792,337.7128275024127,Inf,Inf,851
trem05_14.17,3,Float64,false,taylor,transfree,0.0,0.000116212,0.00037858599999999993,9.041099999999999e-5,3.0e-8,0.000629545,25,0,0,191.6666666666667,1,2.220446049250313e-16,6.102011118552039e-18,9.631785152660012e-16,180.0634620916892,mpmath_1792,337.7128275024127,Inf,Inf,53
trem05_14.17,3,Float64,false,taylor,transfree,0.0,0.00028748599999999994,0.000791393,0.000301421,4.0e-8,0.001445313,72,0,4.118046071574423e-84,191.6666666666667,1,1.727233711018889e-77,3.804874430725357e-78,6.678191746168972e-76,180.0634620916892,mpmath_1792,337.7128275024127,Inf,Inf,256
trem05_14.17,3,Float64,false,taylor,transfree,0.0,0.00033424199999999995,0.002558500999999999,0.000505667,0.00023707,0.003749926,90,6,0,1.817594424284185,1,1.331998346195134e-256,1.231567728295994e-257,2.06647910924143e-255,180.0634620916892,mpmath_1792,337.7128275024127,Inf,Inf,851
trem05_14.17,3,Float64,false,taylor,complexschur,6.865e-5,0.00015089499999999998,0.000380773,0.000194451,3.0e-8,0.000883466,25,0,2.220446049250313e-16,195.9311903525789,1,2.220446049250313e-16,1.825771007638301e-16,2.938488794567001e-14,180.0634620916892,mpmath_1792,337.7128275024127,Inf,Inf,53
trem05_14.17,3,Float64,false,taylor,complexschur,7.4061e-5,0.000353078,0.000841657,0.00071749,3.1e-8,0.002111437,72,0,4.118046071574423e-84,195.9311903525789,1,1.727233711018889e-77,3.20173255508707e-77,5.089537474825253e-75,180.0634620916892,mpmath_1792,337.7128275024127,Inf,Inf,256
trem05_14.17,3,Float64,false,taylor,complexschur,0.000111281,0.00042233000000000006,0.002858257999999999,0.001295677,0.000536358,0.005506669,90,6,6.886270049533194e-282,1.817943238610119,1,1.331998346195134e-256,9.666649304266508e-257,1.526358351979946e-254,180.0634620916892,mpmath_1792,337.7128275024127,Inf,Inf,851
trem05_14.17,3,Float64,false,taylor,realschur,0.0,0.000153922,0.0004546340000000001,0.000143213,4.0e-8,0.000830346,25,0,0,191.6666666666667,1,2.220446049250313e-16,6.102011118552039e-18,9.631785152660012e-16,180.0634620916892,mpmath_1792,337.7128275024127,Inf,Inf,53
trem05_14.17,3,Float64,false,taylor,realschur,0.0,0.000441258,0.001221302,0.00047043,4.0e-8,0.002227056,72,0,4.118046071574423e-84,191.6666666666667,1,1.727233711018889e-77,3.804874430725357e-78,6.678191746168972e-76,180.0634620916892,mpmath_1792,337.7128275024127,Inf,Inf,256
trem05_14.17,3,Float64,false,taylor,realschur,0.0,0.00051834,0.003947121000000002,0.000725828,0.000370243,0.005703103,90,6,0,1.817594424284185,1,1.331998346195134e-256,1.231567728295994e-257,2.06647910924143e-255,180.0634620916892,mpmath_1792,337.7128275024127,Inf,Inf,851
invol_13_complex,13,ComplexF64,false,scaling_and_squaring,NaN,NaN,NaN,NaN,NaN,NaN,8.418e-5,NaN,NaN,NaN,NaN,NaN,2.220446049250313e-16,5.960464183315707e-08,2893806089678.733,4.855001225388538e+19,mpmath_1792,6.546122949258669e+25,Inf,Inf,53
invol_13_complex,13,ComplexF64,false,diagonalcheap,transfree,0.0,9.178e-6,0.004067420999999999,0.002085547,0.05968972,0.066257544,3,27,6.487179506254069e-17,17.6980219158482,87.40400539446581,2.220446049250313e-16,1.387516742150489e-15,57563.2101695155,4.855001225388538e+19,mpmath_1792,6.546122949258669e+25,Inf,Inf,53
invol_13_complex,13,ComplexF64,false,diagonalcheap,transfree,0.0,0.0002586,0.005150523000000001,0.009258933,0.017405439,0.032523599,17,17,0,17098.67856023521,7.310665226316781e7,1.727233711018889e-77,4.509213882236615e-77,1.91879146327818e-57,4.855001225388538e+19,mpmath_1792,6.546122949258669e+25,Inf,Inf,256
invol_13_complex,13,ComplexF64,false,diagonalcheap,transfree,0.0,0.000537942,0.007641133,0.019102334999999998,0.044299365,0.072230167,31,17,2.943966936072184e-278,17098.67856023509,7.310664852319787e7,1.331998346195134e-256,1.781180161380952e-256,7.312537025026094e-237,4.855001225388538e+19,mpmath_1792,6.546122949258669e+25,Inf,Inf,851
invol_13_complex,13,ComplexF64,false,diagonalcheap,complexschur,0.0,8.498999999999996e-6,0.004187872999999999,0.001975268,0.023303792,0.029891494,3,27,6.487179506254069e-17,17.6980219158482,87.40400539446581,2.220446049250313e-16,1.387516742150489e-15,57563.2101695155,4.855001225388538e+19,mpmath_1792,6.546122949258669e+25,Inf,Inf,53
invol_13_complex,13,ComplexF64,false,diagonalcheap,complexschur,0.0,0.000306913,0.006351623,0.007869165,0.019227607,0.03430021,17,17,0,17098.67856023521,7.310665226316781e7,1.727233711018889e-77,4.509213882236615e-77,1.91879146327818e-57,4.855001225388538e+19,mpmath_1792,6.546122949258669e+25,Inf,Inf,256
invol_13_complex,13,ComplexF64,false,diagonalcheap,complexschur,0.0,0.00055858,0.007701284000000001,0.019016086999999997,0.034316049,0.062303069,31,17,2.943966936072184e-278,17098.67856023509,7.310664852319787e7,1.331998346195134e-256,1.781180161380952e-256,7.312537025026094e-237,4.855001225388538e+19,mpmath_1792,6.546122949258669e+25,Inf,Inf,851
invol_13_complex,13,ComplexF64,false,taylor,transfree,0.0,0.0008817520000000001,0.008554242999999998,0.008569241,0.008420228,0.026465081,30,9,0,35990650.02858341,1,2.220446049250313e-16,7.872238776378989e-16,42132.11498832175,4.855001225388538e+19,mpmath_1792,6.546122949258669e+25,Inf,Inf,53
invol_13_complex,13,ComplexF64,false,taylor,transfree,0.0,0.0012699189999999998,0.008332184000000001,0.013774126999999997,0.008701112,0.031959638,42,7,7.033841914732764e-71,2262566994.775294,1,1.727233711018889e-77,3.840483597219618e-77,1.987060821512114e-57,4.855001225388538e+19,mpmath_1792,6.546122949258669e+25,Inf,Inf,256
invol_13_complex,13,ComplexF64,false,taylor,transfree,0.0,0.0018090919999999996,0.015750689000000002,0.026813333,0.006302841,0.050623305,72,8,2.782397413513887e-278,285680646.3960018,1,1.331998346195134e-256,1.80319508310642e-256,7.147001438829121e-237,4.855001225388538e+19,mpmath_1792,6.546122949258669e+25,Inf,Inf,851
invol_13_complex,13,ComplexF64,false,taylor,complexschur,0.0,0.0008799390000000002,0.007477330000000002,0.008485640999999997,0.009324614,0.026150545,30,9,0,35990650.02858341,1,2.220446049250313e-16,7.872238776378989e-16,42132.11498832175,4.855001225388538e+19,mpmath_1792,6.546122949258669e+25,Inf,Inf,53
invol_13_complex,13,ComplexF64,false,taylor,complexschur,0.0,0.001221749,0.007557127000000001,0.012658794,0.021623133,0.042851658,42,7,7.033841914732764e-71,2262566994.775294,1,1.727233711018889e-77,3.840483597219618e-77,1.987060821512114e-57,4.855001225388538e+19,mpmath_1792,6.546122949258669e+25,Inf,Inf,256
invol_13_complex,13,ComplexF64,false,taylor,complexschur,0.0,0.0015475760000000004,0.012733762000000001,0.016033448,0.012766857,0.04363857,72,8,2.782397413513887e-278,285680646.3960018,1,1.331998346195134e-256,1.80319508310642e-256,7.147001438829121e-237,4.855001225388538e+19,mpmath_1792,6.546122949258669e+25,Inf,Inf,851
kuda10,4,Float64,false,scaling_and_squaring,NaN,NaN,NaN,NaN,NaN,NaN,2.4236e-5,NaN,NaN,NaN,NaN,NaN,2.220446049250313e-16,1.666641936659956e-16,2.415450100383746e-16,1.258956613283857,mpmath_1792,2.214978024970287,Inf,Inf,53
kuda10,4,Float64,false,diagonalcheap,transfree,0.0,5.0395999999999997e-5,0.001009837,0.00025312900000000005,4.0e-8,0.001382113,13,0,4.88816201979005e-17,1.258956613283857,3.669284379926003,2.220446049250313e-16,2.421762847310617e-16,3.337262252290961e-16,1.258956613283857,mpmath_1792,2.214978024970287,Inf,Inf,53
kuda10,4,Float64,false,diagonalcheap,transfree,0.0,0.000165314,0.0014595580000000006,0.000371556,3.0e-8,0.002040422,31,0,2.419661380426015e-84,1.258956613283857,3.7217054857545495,1.727233711018889e-77,2.28796083229029e-77,4.276579118788913e-77,1.258956613283857,mpmath_1792,2.214978024970287,Inf,Inf,256
kuda10,4,Float64,false,diagonalcheap,transfree,0.0,0.000413552,0.003635561,0.0009322690000000001,3.0e-8,0.0050538,81,0,0,1.258956613283857,3.744543514179721,1.331998346195134e-256,8.853948813097029e-257,1.460848745247893e-256,1.258956613283857,mpmath_1792,2.214978024970287,Inf,Inf,851
kuda10,4,Float64,false,diagonalcheap,complexschur,0.00020023,5.5855e-5,0.000708927,0.00041794400000000006,3.0e-8,0.001498984,13,0,0,1.258956613283857,3.1283851874031203,2.220446049250313e-16,8.424882226357036e-16,1.169810428365031e-15,1.258956613283857,mpmath_1792,2.214978024970287,Inf,Inf,53
kuda10,4,Float64,false,diagonalcheap,complexschur,0.00032679,0.000174511,0.001303724,0.000749394,3.0e-8,0.002663404,31,0,1.209830690213008e-84,1.258956613283857,3.1683166008671453,1.727233711018889e-77,5.816636076958653e-77,9.433338462423518e-77,1.258956613283857,mpmath_1792,2.214978024970287,Inf,Inf,256
kuda10,4,Float64,false,diagonalcheap,complexschur,0.000562969,0.00043409500000000006,0.0037408499999999996,0.002248205,4.0e-8,0.007228567,81,0,0,1,2.4844068132768093,1.331998346195134e-256,5.938334594367686e-256,8.149863073869537e-256,1.258956613283857,mpmath_1792,2.214978024970287,Inf,Inf,851
kuda10,4,Float64,false,diagonalcheap,realschur,0.000338993,6.640699999999999e-5,0.0010311749999999998,0.000326581,4.0e-8,0.001845151,13,0,0,1.258956613283857,3.1283851874031203,2.220446049250313e-16,8.424882226357036e-16,1.169810428365031e-15,1.258956613283857,mpmath_1792,2.214978024970287,Inf,Inf,53
kuda10,4,Float64,false,diagonalcheap,realschur,0.000543882,0.00025951299999999995,0.002008504,0.000634402,5.0e-8,0.003545788,31,0,1.209830690213008e-84,1.258956613283857,3.1683166008671453,1.727233711018889e-77,5.816636076958653e-77,9.433338462423518e-77,1.258956613283857,mpmath_1792,2.214978024970287,Inf,Inf,256
kuda10,4,Float64,false,diagonalcheap,realschur,0.000981132,0.0006143559999999999,0.005770726,0.001064263,2.5e-7,0.008581766,81,0,0,1,2.4844068132768093,1.331998346195134e-256,5.938334594367686e-256,8.149863073869537e-256,1.258956613283857,mpmath_1792,2.214978024970287,Inf,Inf,851
kuda10,4,Float64,false,taylor,transfree,0.0,0.000137281,0.00042762300000000013,0.000126999,3.1e-8,0.00075347,25,0,0,1.3125,1,2.220446049250313e-16,1.358644860614953e-16,1.849476704072721e-16,1.258956613283857,mpmath_1792,2.214978024970287,Inf,Inf,53
kuda10,4,Float64,false,taylor,transfree,0.0,0.00034974400000000003,0.000781764,0.00032929500000000007,3.0e-8,0.0015179,72,0,1.85312073220849e-83,1.3125,1,1.727233711018889e-77,1.173957310494532e-77,1.272717505397928e-77,1.258956613283857,mpmath_1792,2.214978024970287,Inf,Inf,256
kuda10,4,Float64,false,taylor,transfree,0.0,0.00039776599999999997,0.002337664,0.000515586,0.000111763,0.003445638,90,6,1.090106878246179e-276,1.007721658349979,1,1.331998346195134e-256,5.289727288464306e-256,6.585368630914136e-256,1.258956613283857,mpmath_1792,2.214978024970287,Inf,Inf,851
kuda10,4,Float64,false,taylor,complexschur,0.000214226,0.000136781,0.00039121999999999996,0.00029242600000000004,3.0e-8,0.001134172,25,0,2.775557561562891e-17,1.3125,1,2.220446049250313e-16,8.424882226357036e-16,1.169810428365031e-15,1.258956613283857,mpmath_1792,2.214978024970287,Inf,Inf,53
kuda10,4,Float64,false,taylor,complexschur,0.000427251,0.00036955999999999995,0.0006759310000000001,0.000686256,3.1e-8,0.002293532,72,0,2.059023035787212e-84,1.3125,1,1.727233711018889e-77,5.779588614633157e-77,9.217434248546157e-77,1.258956613283857,mpmath_1792,2.214978024970287,Inf,Inf,256
kuda10,4,Float64,false,taylor,complexschur,0.000568609,0.000556143,0.003322202000000001,0.001477725,0.001071544,0.00730393,90,6,1.090106878246179e-276,1,1,1.331998346195134e-256,5.898969538678857e-256,8.233112970506733e-256,1.258956613283857,mpmath_1792,2.214978024970287,Inf,Inf,851
kuda10,4,Float64,false,taylor,realschur,0.000335406,0.000166276,0.00050698,0.000147221,4.0e-8,0.001219324,25,0,2.775557561562891e-17,1.3125,1,2.220446049250313e-16,8.424882226357036e-16,1.169810428365031e-15,1.258956613283857,mpmath_1792,2.214978024970287,Inf,Inf,53
kuda10,4,Float64,false,taylor,realschur,0.000541658,0.00031352400000000003,0.0006639070000000001,0.00030249,3.0e-8,0.001900035,72,0,2.059023035787212e-84,1.3125,1,1.727233711018889e-77,5.779588614633157e-77,9.217434248546157e-77,1.258956613283857,mpmath_1792,2.214978024970287,Inf,Inf,256
kuda10,4,Float64,false,taylor,realschur,0.000966845,0.0005419880000000002,0.0032391420000000004,0.000528298,0.000475553,0.005899295,90,6,1.090106878246179e-276,1,1,1.331998346195134e-256,5.898969538678857e-256,8.233112970506733e-256,1.258956613283857,mpmath_1792,2.214978024970287,Inf,Inf,851
kuda10,24,Float64,false,scaling_and_squaring,NaN,NaN,NaN,NaN,NaN,NaN,6.8229e-5,NaN,NaN,NaN,NaN,NaN,2.220446049250313e-16,2.094510779827256e-16,3.327657056940944e-16,1.207910415349708,mpmath_1792,2.20623777204715,Inf,1.6554225586061014e16,53
kuda10,24,Float64,false,diagonalcheap,transfree,0.0,0.000162208,0.002417328,0.010516626000000001,4.0e-8,0.01346421,13,0,1.602126478397813e-17,1.207910415349708,3.5523273915506937,2.220446049250313e-16,3.532861653263265e-16,6.493101983725333e-16,1.207910415349708,mpmath_1792,2.20623777204715,Inf,1.6554225586061014e16,53
kuda10,24,Float64,false,diagonalcheap,transfree,0.0,0.001064399,0.007098243000000002,0.017647518999999997,4.0e-8,0.026211721,31,0,1.189722368099854e-84,1.207910415349708,3.6010018691314287,1.727233711018889e-77,3.937832433821929e-77,5.839114093470601e-77,1.207910415349708,mpmath_1792,2.20623777204715,Inf,1.6554225586061014e16,256
kuda10,24,Float64,false,diagonalcheap,transfree,0.0,0.002554136,0.017224655999999998,0.06781145300000001,3.0e-8,0.088102659,81,0,3.980668329488647e-281,1.207910415349708,3.6221979733653114,1.331998346195134e-256,2.529220180546057e-256,4.012421206452989e-256,1.207910415349708,mpmath_1792,2.20623777204715,Inf,1.6554225586061014e16,851
kuda10,24,Float64,false,diagonalcheap,complexschur,0.021013938,0.000550114,0.006101136000000001,0.04853646700000001,3.0e-8,0.085099981,13,0,1.72152227556505e-17,1.29601931972781,3.3052820865132797,2.220446049250313e-16,1.44923394400887e-15,4.021396610295879e-15,1.207910415349708,mpmath_1792,2.20623777204715,Inf,1.6554225586061014e16,53
kuda10,24,Float64,false,diagonalcheap,complexschur,0.039489497,0.0013456129999999998,0.009787777000000003,0.08063574899999999,4.0e-8,0.14128437,31,0,1.278546965237732e-84,1.360668238426785,3.3482714628753625,1.727233711018889e-77,1.197430538951818e-76,3.592522639959003e-76,1.207910415349708,mpmath_1792,2.20623777204715,Inf,1.6554225586061014e16,256
kuda10,24,Float64,false,diagonalcheap,complexschur,0.07987184,0.0029306009999999997,0.03214295,0.157944114,4.0e-8,0.293684254,81,0,1.377254009906639e-281,1,3.366223224357811,1.331998346195134e-256,1.672173452115419e-255,6.060682342315072e-255,1.207910415349708,mpmath_1792,2.20623777204715,Inf,1.6554225586061014e16,851
kuda10,24,Float64,false,diagonalcheap,realschur,0.016855346,0.000176044,0.0029136319999999998,0.009744299,4.0e-8,0.033624088,13,0,1.72152227556505e-17,1.29601931972781,3.3052820865132797,2.220446049250313e-16,1.44923394400887e-15,4.021396610295879e-15,1.207910415349708,mpmath_1792,2.20623777204715,Inf,1.6554225586061014e16,53
kuda10,24,Float64,false,diagonalcheap,realschur,0.042648723,0.0009646189999999999,0.019664608,0.013986661000000001,4.0e-8,0.080407587,31,0,1.278546965237732e-84,1.360668238426785,3.3482714628753625,1.727233711018889e-77,1.197430538951818e-76,3.592522639959003e-76,1.207910415349708,mpmath_1792,2.20623777204715,Inf,1.6554225586061014e16,256
kuda10,24,Float64,false,diagonalcheap,realschur,0.082118383,0.0017140139999999998,0.012791982,0.044342209,4.0e-8,0.14686461,81,0,1.377254009906639e-281,1,3.366223224357811,1.331998346195134e-256,1.672173452115419e-255,6.060682342315072e-255,1.207910415349708,mpmath_1792,2.20623777204715,Inf,1.6554225586061014e16,851
kuda10,24,Float64,false,taylor,transfree,0.0,0.0005188930000000001,0.00138998,0.009814536,4.0e-8,0.012054856,25,0,5.551115123125783e-17,1.3125,1,2.220446049250313e-16,8.439786162377281e-17,1.390485285221181e-16,1.207910415349708,mpmath_1792,2.20623777204715,Inf,1.6554225586061014e16,53
kuda10,24,Float64,false,taylor,transfree,0.0,0.00233535,0.0032478449999999996,0.024248284,4.0e-8,0.030262278,72,0,0,1.3125,1,1.727233711018889e-77,1.115836367119999e-77,1.298963522030095e-77,1.207910415349708,mpmath_1792,2.20623777204715,Inf,1.6554225586061014e16,256
kuda10,24,Float64,false,taylor,transfree,0.0,0.0026347670000000014,0.014821131,0.051712634,0.017521981,0.087983183,90,6,3.07399651876137e-277,1.007691613138734,1,1.331998346195134e-256,3.599544203046817e-255,6.645969811067525e-255,1.207910415349708,mpmath_1792,2.20623777204715,Inf,1.6554225586061014e16,851
kuda10,24,Float64,false,taylor,complexschur,0.019867782,0.0012193529999999998,0.003011854,0.044147047,3.0e-8,0.076685583,25,0,5.551115123125783e-17,1.452596657233274,1,2.220446049250313e-16,1.446901313681998e-15,4.060743804042004e-15,1.207910415349708,mpmath_1792,2.20623777204715,Inf,1.6554225586061014e16,53
kuda10,24,Float64,false,taylor,complexschur,0.036771349,0.002737524,0.014466048999999998,0.074789328,3.1e-8,0.138074059,72,0,2.059023035787212e-84,1.452596657233256,1,1.727233711018889e-77,1.201072830761797e-76,3.633038771048204e-76,1.207910415349708,mpmath_1792,2.20623777204715,Inf,1.6554225586061014e16,256
kuda10,24,Float64,false,taylor,complexschur,0.082921728,0.003984308,0.016560375000000002,0.120512132,0.035334613,0.274368831,90,6,2.781818966829726e-276,1,1,1.331998346195134e-256,1.673383456286149e-255,6.023329601962613e-255,1.207910415349708,mpmath_1792,2.20623777204715,Inf,1.6554225586061014e16,851
kuda10,24,Float64,false,taylor,realschur,0.017069903,0.000700799,0.0015705920000000002,0.011346222,3.1e-8,0.034407744,25,0,5.551115123125783e-17,1.452596657233274,1,2.220446049250313e-16,1.446901313681998e-15,4.060743804042004e-15,1.207910415349708,mpmath_1792,2.20623777204715,Inf,1.6554225586061014e16,53
kuda10,24,Float64,false,taylor,realschur,0.036469697,0.0014355640000000003,0.002124164,0.032672087999999995,3.0e-8,0.075783041,72,0,2.059023035787212e-84,1.452596657233256,1,1.727233711018889e-77,1.201072830761797e-76,3.633038771048204e-76,1.207910415349708,mpmath_1792,2.20623777204715,Inf,1.6554225586061014e16,256
kuda10,24,Float64,false,taylor,realschur,0.069811399,0.001935412,0.009612998999999999,0.034314870000000004,0.009003576,0.131000926,90,6,2.781818966829726e-276,1,1,1.331998346195134e-256,1.673383456286149e-255,6.023329601962613e-255,1.207910415349708,mpmath_1792,2.20623777204715,Inf,1.6554225586061014e16,851
lara17_benchmark1,2,Float64,false,scaling_and_squaring,NaN,NaN,NaN,NaN,NaN,NaN,1.2924e-5,NaN,NaN,NaN,NaN,NaN,2.220446049250313e-16,4.553365434831494e-17,6.420638063908386e-17,1,mpmath_1792,2.35385523913026e-07,6.771522821676763e10,6.771522821576764e10,53
lara17_benchmark1,2,Float64,false,diagonalcheap,transfree,0.0,5.0e-7,0.000363209,0.000122031,4.0e-8,0.000526178,3,0,0,1,1.0000001664426836,2.220446049250313e-16,3.328586738631786e-17,4.681592182343179e-17,1,mpmath_1792,2.35385523913026e-07,6.771522821676763e10,6.771522821576764e10,53
lara17_benchmark1,2,Float64,false,diagonalcheap,transfree,0.0,1.1630000000000001e-6,0.0003998,0.000128983,3.0e-8,0.000561235,5,0,5.528476851088663e-82,1,1.0000001664426847,1.727233711018889e-77,2.699439850500073e-78,3.742439491346836e-78,1,mpmath_1792,2.35385523913026e-07,6.771522821676763e10,6.771522821576764e10,256
lara17_benchmark1,2,Float64,false,diagonalcheap,transfree,0.0,0.00011609999999999999,0.000925356,0.000213515,3.0e-8,0.001307321,17,0,7.907710485980453e-277,1,1.0000001664426859,1.331998346195134e-256,1.946490256323077e-257,2.156413356253155e-257,1,mpmath_1792,2.35385523913026e-07,6.771522821676763e10,6.771522821576764e10,851
lara17_benchmark1,2,Float64,false,diagonalcheap,complexschur,0.0,5.81e-7,0.00020570099999999997,8.157399999999999e-5,3.0e-8,0.000324255,3,0,0,1,1.0000001664426836,2.220446049250313e-16,3.328586738631786e-17,4.681592182343179e-17,1,mpmath_1792,2.35385523913026e-07,6.771522821676763e10,6.771522821576764e10,53
lara17_benchmark1,2,Float64,false,diagonalcheap,complexschur,0.0,1.0220000000000001e-6,0.000293176,0.00010946799999999999,3.0e-8,0.000441117,5,0,5.528476851088663e-82,1,1.0000001664426847,1.727233711018889e-77,2.699439850500073e-78,3.742439491346836e-78,1,mpmath_1792,2.35385523913026e-07,6.771522821676763e10,6.771522821576764e10,256
lara17_benchmark1,2,Float64,false,diagonalcheap,complexschur,0.0,0.000108066,0.0007553850000000001,0.00018909600000000003,3.0e-8,0.00110134,17,0,7.907710485980453e-277,1,1.0000001664426859,1.331998346195134e-256,1.946490256323077e-257,2.156413356253155e-257,1,mpmath_1792,2.35385523913026e-07,6.771522821676763e10,6.771522821576764e10,851
lara17_benchmark1,2,Float64,false,diagonalcheap,realschur,0.0,5.51e-7,0.000183778,7.2738e-5,3.0e-8,0.000293687,3,0,0,1,1.0000001664426836,2.220446049250313e-16,3.328586738631786e-17,4.681592182343179e-17,1,mpmath_1792,2.35385523913026e-07,6.771522821676763e10,6.771522821576764e10,53
lara17_benchmark1,2,Float64,false,diagonalcheap,realschur,0.0,1.063e-6,0.000271414,9.9288e-5,4.1e-8,0.000408936,5,0,5.528476851088663e-82,1,1.0000001664426847,1.727233711018889e-77,2.699439850500073e-78,3.742439491346836e-78,1,mpmath_1792,2.35385523913026e-07,6.771522821676763e10,6.771522821576764e10,256
lara17_benchmark1,2,Float64,false,diagonalcheap,realschur,0.0,0.000106783,0.0007155610000000001,0.000201671,4.0e-8,0.001075702,17,0,7.907710485980453e-277,1,1.0000001664426859,1.331998346195134e-256,1.946490256323077e-257,2.156413356253155e-257,1,mpmath_1792,2.35385523913026e-07,6.771522821676763e10,6.771522821576764e10,851
lara17_benchmark1,2,Float64,false,taylor,transfree,0.0,4.01e-7,0.00013297099999999998,2.7522e-5,3.0e-8,0.000186063,4,0,0,1,1,2.220446049250313e-16,3.328586738631786e-17,4.681592182343179e-17,1,mpmath_1792,2.35385523913026e-07,6.771522821676763e10,6.771522821576764e10,53
lara17_benchmark1,2,Float64,false,taylor,transfree,0.0,7.7407e-5,0.00019156599999999997,4.5325e-5,4.0e-8,0.000346517,12,0,5.147557589468029e-85,1,1,1.727233711018889e-77,2.699439850500073e-78,3.742439491346836e-78,1,mpmath_1792,2.35385523913026e-07,6.771522821676763e10,6.771522821576764e10,256
lara17_benchmark1,2,Float64,false,taylor,transfree,0.0,0.000149973,0.00043029600000000004,0.000103607,4.0e-8,0.000726578,36,0,3.443135024766597e-282,1,1,1.331998346195134e-256,1.946490256323077e-257,2.156413356253155e-257,1,mpmath_1792,2.35385523913026e-07,6.771522821676763e10,6.771522821576764e10,851
lara17_benchmark1,2,Float64,false,taylor,complexschur,0.0,5.01e-7,9.530899999999999e-5,2.2131999999999997e-5,3.0e-8,0.00014748,4,0,0,1,1,2.220446049250313e-16,3.328586738631786e-17,4.681592182343179e-17,1,mpmath_1792,2.35385523913026e-07,6.771522821676763e10,6.771522821576764e10,53
lara17_benchmark1,2,Float64,false,taylor,complexschur,0.0,7.1455e-5,0.00017548400000000003,4.3792000000000004e-5,3.0e-8,0.000327903,12,0,5.147557589468029e-85,1,1,1.727233711018889e-77,2.699439850500073e-78,3.742439491346836e-78,1,mpmath_1792,2.35385523913026e-07,6.771522821676763e10,6.771522821576764e10,256
lara17_benchmark1,2,Float64,false,taylor,complexschur,0.0,0.000159211,0.000438911,0.000106994,3.0e-8,0.000754862,36,0,3.443135024766597e-282,1,1,1.331998346195134e-256,1.946490256323077e-257,2.156413356253155e-257,1,mpmath_1792,2.35385523913026e-07,6.771522821676763e10,6.771522821576764e10,851
lara17_benchmark1,2,Float64,false,taylor,realschur,0.0,3.7e-7,0.000103314,2.3645999999999997e-5,3.0e-8,0.000156627,4,0,0,1,1,2.220446049250313e-16,3.328586738631786e-17,4.681592182343179e-17,1,mpmath_1792,2.35385523913026e-07,6.771522821676763e10,6.771522821576764e10,53
lara17_benchmark1,2,Float64,false,taylor,realschur,0.0,7.0635e-5,0.000174363,4.3912e-5,3.0e-8,0.00032657,12,0,5.147557589468029e-85,1,1,1.727233711018889e-77,2.699439850500073e-78,3.742439491346836e-78,1,mpmath_1792,2.35385523913026e-07,6.771522821676763e10,6.771522821576764e10,256
lara17_benchmark1,2,Float64,false,taylor,realschur,0.0,0.000143854,0.00043288100000000003,0.000102606,3.0e-8,0.000728492,36,0,3.443135024766597e-282,1,1,1.331998346195134e-256,1.946490256323077e-257,2.156413356253155e-257,1,mpmath_1792,2.35385523913026e-07,6.771522821676763e10,6.771522821576764e10,851
lara17_benchmark2,3,Float64,false,scaling_and_squaring,NaN,NaN,NaN,NaN,NaN,NaN,1.1041e-5,NaN,NaN,NaN,NaN,NaN,2.220446049250313e-16,1.189480107902884e-16,1.437246300239e-16,1,mpmath_1792,2.428313227150349e-07,6.237210950695089e7,4.116951302068447e7,53
lara17_benchmark2,3,Float64,false,diagonalcheap,transfree,0.0,7.41e-7,0.00042703999999999995,0.00015035399999999998,4.0e-8,0.000629394,3,0,6.938893903907228e-18,1,1.0000000660903312,2.220446049250313e-16,3.531101800925624e-17,4.165948689323569e-17,1,mpmath_1792,2.428313227150349e-07,6.237210950695089e7,4.116951302068447e7,53
lara17_benchmark2,3,Float64,false,diagonalcheap,transfree,0.0,1.493e-6,0.000436627,0.00017351999999999998,4.0e-8,0.00065841,5,0,2.032770492080925e-81,1,1.0000000660903317,1.727233711018889e-77,6.426077844482018e-79,9.371645169719871e-79,1,mpmath_1792,2.428313227150349e-07,6.237210950695089e7,4.116951302068447e7,256
lara17_benchmark2,3,Float64,false,diagonalcheap,transfree,0.0,0.00017674399999999997,0.0012483850000000003,0.00034270500000000006,4.0e-8,0.001836836,17,0,8.729862267194221e-277,1,1.000000066090332,1.331998346195134e-256,2.495297103454426e-257,3.237320276091874e-257,1,mpmath_1792,2.428313227150349e-07,6.237210950695089e7,4.116951302068447e7,851
lara17_benchmark2,3,Float64,false,diagonalcheap,complexschur,4.7641e-5,7.51e-7,0.000388027,0.000219577,4.0e-8,0.000742299,3,0,6.938893903907228e-18,1,1.000000297406387,2.220446049250313e-16,3.531101800924347e-17,4.165943580418028e-17,1,mpmath_1792,2.428313227150349e-07,6.237210950695089e7,4.116951302068447e7,53
lara17_benchmark2,3,Float64,false,diagonalcheap,complexschur,3.9074e-5,1.494e-6,0.00047078199999999994,0.000286737,3.0e-8,0.000897402,5,0,2.032770492080925e-81,1,1.0000002974063888,1.727233711018889e-77,6.426077779422748e-79,9.371645169719871e-79,1,mpmath_1792,2.428313227150349e-07,6.237210950695089e7,4.116951302068447e7,256
lara17_benchmark2,3,Float64,false,diagonalcheap,complexschur,4.5196e-5,0.00017384899999999998,0.001157768,0.00047362900000000004,3.0e-8,0.001943118,17,0,8.729862267194221e-277,1,1.0000002974063906,1.331998346195134e-256,2.495297103454798e-257,3.237320276091874e-257,1,mpmath_1792,2.428313227150349e-07,6.237210950695089e7,4.116951302068447e7,851
lara17_benchmark2,3,Float64,false,diagonalcheap,realschur,3.4355e-5,5.61e-7,0.00031820400000000005,0.00010754300000000001,3.0e-8,0.00050579,3,0,6.938893903907228e-18,1,1.000000297406387,2.220446049250313e-16,3.531101800924347e-17,4.165943580418028e-17,1,mpmath_1792,2.428313227150349e-07,6.237210950695089e7,4.116951302068447e7,53
lara17_benchmark2,3,Float64,false,diagonalcheap,realschur,2.7291e-5,1.0919999999999999e-6,0.0003010020000000001,0.000122543,3.0e-8,0.000492946,5,0,2.032770492080925e-81,1,1.0000002974063888,1.727233711018889e-77,6.426077779422748e-79,9.371645169719871e-79,1,mpmath_1792,2.428313227150349e-07,6.237210950695089e7,4.116951302068447e7,256
lara17_benchmark2,3,Float64,false,diagonalcheap,realschur,2.9786e-5,0.00011183299999999998,0.000777145,0.000264893,3.0e-8,0.001242377,17,0,8.729862267194221e-277,1,1.0000002974063906,1.331998346195134e-256,2.495297103454798e-257,3.237320276091874e-257,1,mpmath_1792,2.428313227150349e-07,6.237210950695089e7,4.116951302068447e7,851
lara17_benchmark2,3,Float64,false,taylor,transfree,0.0,4.4e-7,0.00019003,2.8695e-5,3.0e-8,0.000250275,4,0,0,1,1,2.220446049250313e-16,3.531101800924347e-17,4.165943580418028e-17,1,mpmath_1792,2.428313227150349e-07,6.237210950695089e7,4.116951302068447e7,53
lara17_benchmark2,3,Float64,false,taylor,transfree,0.0,9.5783e-5,0.000215338,4.8131000000000004e-5,3.0e-8,0.000397284,12,0,5.147557589468029e-85,1,1,1.727233711018889e-77,6.426077779422748e-79,9.371645169719871e-79,1,mpmath_1792,2.428313227150349e-07,6.237210950695089e7,4.116951302068447e7,256
lara17_benchmark2,3,Float64,false,taylor,transfree,0.0,0.000240256,0.0007312699999999998,0.00018719299999999997,4.0e-8,0.001229723,36,0,6.886270049533194e-282,1,1,1.331998346195134e-256,2.495297103453938e-257,3.237320276091874e-257,1,mpmath_1792,2.428313227150349e-07,6.237210950695089e7,4.116951302068447e7,851
lara17_benchmark2,3,Float64,false,taylor,complexschur,4.6198e-5,5.51e-7,0.00020078200000000002,9.8186e-5,4.0e-8,0.00043237,4,0,0,1,1,2.220446049250313e-16,3.531101800924347e-17,4.165943580418028e-17,1,mpmath_1792,2.428313227150349e-07,6.237210950695089e7,4.116951302068447e7,53
lara17_benchmark2,3,Float64,false,taylor,complexschur,4.0838e-5,0.00014143,0.000320417,0.000213886,4.0e-8,0.00081175,12,0,5.147557589468029e-85,1,1,1.727233711018889e-77,6.426077779422748e-79,9.371645169719871e-79,1,mpmath_1792,2.428313227150349e-07,6.237210950695089e7,4.116951302068447e7,256
lara17_benchmark2,3,Float64,false,taylor,complexschur,4.5837e-5,0.000287116,0.0007576679999999999,0.0005041770000000001,4.0e-8,0.001719764,36,0,6.886270049533194e-282,1,1,1.331998346195134e-256,2.495297103454798e-257,3.237320276091874e-257,1,mpmath_1792,2.428313227150349e-07,6.237210950695089e7,4.116951302068447e7,851
lara17_benchmark2,3,Float64,false,taylor,realschur,3.2091e-5,6.91e-7,0.00016296000000000003,4.7279e-5,3.0e-8,0.000287656,4,0,0,1,1,2.220446049250313e-16,3.531101800924347e-17,4.165943580418028e-17,1,mpmath_1792,2.428313227150349e-07,6.237210950695089e7,4.116951302068447e7,53
lara17_benchmark2,3,Float64,false,taylor,realschur,3.2902e-5,0.000103677,0.000252137,8.9719e-5,4.0e-8,0.000530056,12,0,5.147557589468029e-85,1,1,1.727233711018889e-77,6.426077779422748e-79,9.371645169719871e-79,1,mpmath_1792,2.428313227150349e-07,6.237210950695089e7,4.116951302068447e7,256
lara17_benchmark2,3,Float64,false,taylor,realschur,5.0566e-5,0.000252861,0.0007216880000000003,0.00027053499999999997,4.0e-8,0.001375179,36,0,6.886270049533194e-282,1,1,1.331998346195134e-256,2.495297103454798e-257,3.237320276091874e-257,1,mpmath_1792,2.428313227150349e-07,6.237210950695089e7,4.116951302068447e7,851
lara17_benchmark3,3,Float64,false,scaling_and_squaring,NaN,NaN,NaN,NaN,NaN,NaN,1.3726e-5,NaN,NaN,NaN,NaN,NaN,2.220446049250313e-16,1.337938800771005e-16,1.847875286354342e-16,0.9999999969265547,mpmath_1792,0.004636909152883403,40.128503895304675,24.717508167778725,53
lara17_benchmark3,3,Float64,false,diagonalcheap,transfree,0.0,9.02e-7,0.000461394,0.000159054,4.0e-8,0.000678448,3,0,0,0.9999999969265546,1.0012115347758817,2.220446049250313e-16,2.785669939809824e-17,3.824340955858889e-17,0.9999999969265547,mpmath_1792,0.004636909152883403,40.128503895304675,24.717508167778725,53
lara17_benchmark3,3,Float64,false,diagonalcheap,transfree,0.0,0.00012137999999999999,0.000944953,0.000262198,4.0e-8,0.001384828,13,0,5.147557585780061e-85,0.9999999969265546,1.001211652366687,1.727233711018889e-77,2.867410139926657e-78,4.309697763309068e-78,0.9999999969265547,mpmath_1792,0.004636909152883403,40.128503895304675,24.717508167778725,256
lara17_benchmark3,3,Float64,false,diagonalcheap,transfree,0.0,0.000352167,0.0024378640000000005,0.000544144,3.0e-8,0.003413678,37,0,6.886270044754297e-282,0.9999999969265546,1.0012116716966855,1.331998346195134e-256,9.277216349725272e-258,1.349771321808317e-257,0.9999999969265547,mpmath_1792,0.004636909152883403,40.128503895304675,24.717508167778725,851
lara17_benchmark3,3,Float64,false,diagonalcheap,complexschur,4.1709e-5,5.01e-7,0.000306091,0.000148031,3.0e-8,0.000566826,3,0,0,0.9999786386111544,1.0020684160079993,2.220446049250313e-16,2.785669939809824e-17,3.824340955858889e-17,0.9999999969265547,mpmath_1792,0.004636909152883403,40.128503895304675,24.717508167778725,53
lara17_benchmark3,3,Float64,false,diagonalcheap,complexschur,5.1107e-5,9.3877e-5,0.0007370879999999999,0.00033505800000000006,4.0e-8,0.001295729,13,0,5.147557585780061e-85,0.9999786386111544,1.0020688878050292,1.727233711018889e-77,2.867247050407482e-78,4.309697763309068e-78,0.9999999969265547,mpmath_1792,0.004636909152883403,40.128503895304675,24.717508167778725,256
lara17_benchmark3,3,Float64,false,diagonalcheap,complexschur,5.3431e-5,0.00032388400000000003,0.001885248,0.000739223,3.0e-8,0.003101305,37,0,6.886270044754296e-282,0.9999786386111544,1.0020689653607568,1.331998346195134e-256,9.277208387583031e-258,1.349771321808317e-257,0.9999999969265547,mpmath_1792,0.004636909152883403,40.128503895304675,24.717508167778725,851
lara17_benchmark3,3,Float64,false,diagonalcheap,realschur,5.1328e-5,6.62e-7,0.0003054480000000001,0.000107826,4.0e-8,0.000513555,3,0,0,0.9999786386111544,1.0020684160079993,2.220446049250313e-16,2.785669939809824e-17,3.824340955858889e-17,0.9999999969265547,mpmath_1792,0.004636909152883403,40.128503895304675,24.717508167778725,53
lara17_benchmark3,3,Float64,false,diagonalcheap,realschur,4.2721e-5,9.8106e-5,0.0007403349999999998,0.000180154,3.0e-8,0.001114134,13,0,5.147557585780061e-85,0.9999786386111544,1.0020688878050292,1.727233711018889e-77,2.867247050407482e-78,4.309697763309068e-78,0.9999999969265547,mpmath_1792,0.004636909152883403,40.128503895304675,24.717508167778725,256
lara17_benchmark3,3,Float64,false,diagonalcheap,realschur,4.7981e-5,0.000351055,0.002366161,0.00072792,4.0e-8,0.003582839,37,0,6.886270044754296e-282,0.9999786386111544,1.0020689653607568,1.331998346195134e-256,9.277208387583031e-258,1.349771321808317e-257,0.9999999969265547,mpmath_1792,0.004636909152883403,40.128503895304675,24.717508167778725,851
lara17_benchmark3,3,Float64,false,taylor,transfree,0.0,7.0905e-5,0.00020757400000000003,4.1799000000000004e-5,4.0e-8,0.000361116,6,0,0,0.9999999969251475,1,2.220446049250313e-16,2.78566994510574e-17,3.824340955858889e-17,0.9999999969265547,mpmath_1792,0.004636909152883403,40.128503895304675,24.717508167778725,53
lara17_benchmark3,3,Float64,false,taylor,transfree,0.0,0.00018832700000000001,0.00043013700000000003,0.00011689099999999999,4.0e-8,0.000786232,25,0,5.147557589468029e-84,0.9999999969251474,1,1.727233711018889e-77,2.875700332802183e-78,4.326470791785376e-78,0.9999999969265547,mpmath_1792,0.004636909152883403,40.128503895304675,24.717508167778725,256
lara17_benchmark3,3,Float64,false,taylor,transfree,0.0,0.0004582789999999999,0.0015819999999999999,0.000320501,3.0e-8,0.002435722,72,0,2.760023601038183e-268,0.9999999969251474,1,1.331998346195134e-256,9.273656644062731e-258,1.311986760034185e-257,0.9999999969265547,mpmath_1792,0.004636909152883403,40.128503895304675,24.717508167778725,851
lara17_benchmark3,3,Float64,false,taylor,complexschur,3.8233e-5,6.813899999999999e-5,0.00022020900000000005,0.00012175,4.0e-8,0.000538341,6,0,0,0.9999999969251475,1,2.220446049250313e-16,2.78566994510574e-17,3.824340955858889e-17,0.9999999969265547,mpmath_1792,0.004636909152883403,40.128503895304675,24.717508167778725,53
lara17_benchmark3,3,Float64,false,taylor,complexschur,4.0266e-5,0.000189731,0.00042337700000000006,0.000322089,3.0e-8,0.001075792,25,0,5.147557589468029e-84,0.9999999969251474,1,1.727233711018889e-77,2.867247050407482e-78,4.309697763309068e-78,0.9999999969265547,mpmath_1792,0.004636909152883403,40.128503895304675,24.717508167778725,256
lara17_benchmark3,3,Float64,false,taylor,complexschur,4.9985e-5,0.000512884,0.001618187,0.0007834770000000001,4.0e-8,0.003108118,72,0,2.760023601038183e-268,0.9999999969251474,1,1.331998346195134e-256,9.277208387320476e-258,1.349771321808317e-257,0.9999999969265547,mpmath_1792,0.004636909152883403,40.128503895304675,24.717508167778725,851
lara17_benchmark3,3,Float64,false,taylor,realschur,3.3554e-5,5.7169e-5,0.00018988900000000002,5.6538000000000007e-5,4.0e-8,0.000392204,6,0,0,0.9999999969251475,1,2.220446049250313e-16,2.78566994510574e-17,3.824340955858889e-17,0.9999999969265547,mpmath_1792,0.004636909152883403,40.128503895304675,24.717508167778725,53
lara17_benchmark3,3,Float64,false,taylor,realschur,3.2091e-5,0.000122413,0.00029129199999999996,9.2907e-5,4.0e-8,0.000584349,25,0,5.147557589468029e-84,0.9999999969251474,1,1.727233711018889e-77,2.867247050407482e-78,4.309697763309068e-78,0.9999999969265547,mpmath_1792,0.004636909152883403,40.128503895304675,24.717508167778725,256
lara17_benchmark3,3,Float64,false,taylor,realschur,3.658e-5,0.00029184400000000003,0.000929862,0.000244545,3.1e-8,0.001562735,72,0,2.760023601038183e-268,0.9999999969251474,1,1.331998346195134e-256,9.277208387320476e-258,1.349771321808317e-257,0.9999999969265547,mpmath_1792,0.004636909152883403,40.128503895304675,24.717508167778725,851
lara17_benchmark4,4,Float64,false,scaling_and_squaring,NaN,NaN,NaN,NaN,NaN,NaN,1.3966e-5,NaN,NaN,NaN,NaN,NaN,2.220446049250313e-16,8.13810338492006e-17,1.416107397310424e-16,1,mpmath_1792,0.0001000108748900367,1.9522403580165237e10,3.3813927281753216e10,53
lara17_benchmark4,4,Float64,false,diagonalcheap,transfree,0.0,6.72e-7,0.0004231029999999999,0.000159302,8.1e-8,0.000640796,3,0,0,1,1.0000392201509225,2.220446049250313e-16,4.215821900554162e-17,5.432974484878633e-17,1,mpmath_1792,0.0001000108748900367,1.9522403580165237e10,3.3813927281753216e10,53
lara17_benchmark4,4,Float64,false,diagonalcheap,transfree,0.0,5.5906e-5,0.00071137,0.000233995,4.0e-8,0.001060052,9,0,0,1,1.00003922034796,1.727233711018889e-77,2.460260939590252e-78,3.302093478562463e-78,1,mpmath_1792,0.0001000108748900367,1.9522403580165237e10,3.3813927281753216e10,256
lara17_benchmark4,4,Float64,false,diagonalcheap,transfree,0.0,0.00023639800000000002,0.00181781,0.000573576,4.0e-8,0.0027085,25,0,1.216101518207463e-276,1,1.0000392204015756,1.331998346195134e-256,1.762420129527547e-257,3.237320276091827e-257,1,mpmath_1792,0.0001000108748900367,1.9522403580165237e10,3.3813927281753216e10,851
lara17_benchmark4,4,Float64,false,diagonalcheap,complexschur,0.000252289,8.61e-7,0.00041983699999999994,0.000316921,4.0e-8,0.001143811,3,0,6.93923405561172e-18,1.000054953079581,1.000156759143587,2.220446049250313e-16,6.249351289471216e-16,1.379170061317419e-15,1,mpmath_1792,0.0001000108748900367,1.9522403580165237e10,3.3813927281753216e10,53
lara17_benchmark4,4,Float64,false,diagonalcheap,complexschur,0.000329114,7.9021e-5,0.000857996,0.000624388,4.0e-8,0.002047455,9,0,0,1.000098041515698,1.0001567597757308,1.727233711018889e-77,4.66901821147598e-77,1.064740179342387e-76,1,mpmath_1792,0.0001000108748900367,1.9522403580165237e10,3.3813927281753216e10,256
lara17_benchmark4,4,Float64,false,diagonalcheap,complexschur,0.000582395,0.00028816700000000003,0.002013839,0.022945915,4.0e-8,0.026079891,25,0,4.882949134364287e-278,1.000098041515698,1.0001567599475785,1.331998346195134e-256,2.979199834592214e-256,7.84753704486569e-256,1,mpmath_1792,0.0001000108748900367,1.9522403580165237e10,3.3813927281753216e10,851
lara17_benchmark4,4,Float64,false,diagonalcheap,realschur,0.000255525,8.91e-7,0.0004884869999999999,0.000199159,4.0e-8,0.001026257,3,0,6.93923405561172e-18,1.000054953079581,1.000156759143587,2.220446049250313e-16,6.249351289471216e-16,1.379170061317419e-15,1,mpmath_1792,0.0001000108748900367,1.9522403580165237e10,3.3813927281753216e10,53
lara17_benchmark4,4,Float64,false,diagonalcheap,realschur,0.000328804,6.232899999999999e-5,0.0008348569999999999,0.00033074600000000003,4.0e-8,0.001655431,9,0,0,1.000098041515698,1.0001567597757308,1.727233711018889e-77,4.66901821147598e-77,1.064740179342387e-76,1,mpmath_1792,0.0001000108748900367,1.9522403580165237e10,3.3813927281753216e10,256
lara17_benchmark4,4,Float64,false,diagonalcheap,realschur,0.000570773,0.000256728,0.00196458,0.0007710920000000001,5.0e-8,0.003710321,25,0,4.882949134364287e-278,1.000098041515698,1.0001567599475785,1.331998346195134e-256,2.979199834592214e-256,7.84753704486569e-256,1,mpmath_1792,0.0001000108748900367,1.9522403580165237e10,3.3813927281753216e10,851
lara17_benchmark4,4,Float64,false,taylor,transfree,0.0,5.41e-7,0.000213055,3.867300000000001e-5,4.1e-8,0.000296552,4,0,6.938893903907228e-18,1,1,2.220446049250313e-16,4.21582189680797e-17,5.432974484878633e-17,1,mpmath_1792,0.0001000108748900367,1.9522403580165237e10,3.3813927281753216e10,53
lara17_benchmark4,4,Float64,false,taylor,transfree,0.0,0.000118403,0.00046035400000000006,0.000155255,3.0e-8,0.000824815,16,0,1.986411588430176e-79,1,1,1.727233711018889e-77,2.460260863385147e-78,3.302553269414702e-78,1,mpmath_1792,0.0001000108748900367,1.9522403580165237e10,3.3813927281753216e10,256
lara17_benchmark4,4,Float64,false,taylor,transfree,0.0,0.00021853500000000003,0.000720376,0.00024168799999999997,4.1e-8,0.001235575,49,0,5.370685560335139e-257,1,1,1.331998346195134e-256,1.762420129517194e-257,3.237320276091827e-257,1,mpmath_1792,0.0001000108748900367,1.9522403580165237e10,3.3813927281753216e10,851
lara17_benchmark4,4,Float64,false,taylor,complexschur,0.000161276,4.21e-7,0.000172709,9.5931e-5,4.0e-8,0.000522863,4,0,0,1.000098041515552,1,2.220446049250313e-16,6.249351289471216e-16,1.379170061317419e-15,1,mpmath_1792,0.0001000108748900367,1.9522403580165237e10,3.3813927281753216e10,53
lara17_benchmark4,4,Float64,false,taylor,complexschur,0.000190231,0.00010612000000000001,0.00027670699999999995,0.000246966,3.0e-8,0.00092226,16,0,4.312984077487577e-80,1.000098041515698,1,1.727233711018889e-77,4.66901821147598e-77,1.064740179342387e-76,1,mpmath_1792,0.0001000108748900367,1.9522403580165237e10,3.3813927281753216e10,256
lara17_benchmark4,4,Float64,false,taylor,complexschur,0.000356105,0.000243765,0.0007143649999999999,0.000634724,3.0e-8,0.00208691,49,0,2.296812455019018e-258,1.000098041515698,1,1.331998346195134e-256,2.979199834592214e-256,7.84753704486569e-256,1,mpmath_1792,0.0001000108748900367,1.9522403580165237e10,3.3813927281753216e10,851
lara17_benchmark4,4,Float64,false,taylor,realschur,0.000187686,6.62e-7,0.000182565,6.0826000000000003e-5,4.0e-8,0.000484419,4,0,0,1.000098041515552,1,2.220446049250313e-16,6.249351289471216e-16,1.379170061317419e-15,1,mpmath_1792,0.0001000108748900367,1.9522403580165237e10,3.3813927281753216e10,53
lara17_benchmark4,4,Float64,false,taylor,realschur,0.000201633,0.000102895,0.00024213899999999997,0.000120468,3.0e-8,0.000731348,16,0,4.312984077487577e-80,1.000098041515698,1,1.727233711018889e-77,4.66901821147598e-77,1.064740179342387e-76,1,mpmath_1792,0.0001000108748900367,1.9522403580165237e10,3.3813927281753216e10,256
lara17_benchmark4,4,Float64,false,taylor,realschur,0.0004003,0.00021553700000000002,0.0006489229999999998,0.00034966200000000004,3.0e-8,0.001705326,49,0,2.296812455019018e-258,1.000098041515698,1,1.331998346195134e-256,2.979199834592214e-256,7.84753704486569e-256,1,mpmath_1792,0.0001000108748900367,1.9522403580165237e10,3.3813927281753216e10,851
lara17_benchmark5,12,Float64,false,scaling_and_squaring,NaN,NaN,NaN,NaN,NaN,NaN,2.632e-5,NaN,NaN,NaN,NaN,NaN,2.220446049250313e-16,7.582355998195138e-17,1.373003448430124e-16,1,mpmath_1792,0.0002253518219794541,5.2765795464175674e10,1.2433868819352815e11,53
lara17_benchmark5,12,Float64,false,diagonalcheap,transfree,0.0,6.31e-7,0.00044931200000000005,0.00056406,4.0e-8,0.001130836,3,0,0,1,1.0000790773806758,2.220446049250313e-16,3.222909188404655e-17,4.917395647307619e-17,1,mpmath_1792,0.0002253518219794541,5.2765795464175674e10,1.2433868819352815e11,53
lara17_benchmark5,12,Float64,false,diagonalcheap,transfree,0.0,6.269899999999999e-5,0.000785069,0.001229224,3.0e-8,0.002195396,9,0,7.206580625255242e-84,1,1.0000790782426707,1.727233711018889e-77,2.054965808116754e-78,4.153259898129765e-78,1,mpmath_1792,0.0002253518219794541,5.2765795464175674e10,1.2433868819352815e11,256
lara17_benchmark5,12,Float64,false,diagonalcheap,transfree,0.0,0.00033712200000000003,0.0023068029999999996,0.004798967,3.0e-8,0.00758847,31,0,3.443135024766598e-282,1,1.0000790785017402,1.331998346195134e-256,2.231562070891107e-257,3.325713043746048e-257,1,mpmath_1792,0.0002253518219794541,5.2765795464175674e10,1.2433868819352815e11,851
lara17_benchmark5,12,Float64,false,diagonalcheap,complexschur,0.002800405,5.91e-7,0.000605349,0.0021208050000000003,5.0e-8,0.008177748,3,0,0,1.000332690175243,1.000467651019539,2.220446049250313e-16,1.346757446051236e-15,5.549308126504048e-15,1,mpmath_1792,0.0002253518219794541,5.2765795464175674e10,1.2433868819352815e11,53
lara17_benchmark5,12,Float64,false,diagonalcheap,complexschur,0.009149744,0.00021124000000000002,0.0023738349999999995,0.0075639340000000005,4.0e-8,0.022451536,9,0,2.059478602371931e-84,1.000442474541676,1.00046765777809,1.727233711018889e-77,1.296918160849667e-76,4.87337630905021e-76,1,mpmath_1792,0.0002253518219794541,5.2765795464175674e10,1.2433868819352815e11,256
lara17_benchmark5,12,Float64,false,diagonalcheap,complexschur,0.015887609,0.00130057,0.006568264999999999,0.016377215,3.0e-8,0.043227331,31,0,0,1.000332690175306,1.000467659809356,1.331998346195134e-256,1.152348383424909e-255,4.159057871777908e-255,1,mpmath_1792,0.0002253518219794541,5.2765795464175674e10,1.2433868819352815e11,851
lara17_benchmark5,12,Float64,false,diagonalcheap,realschur,0.003027745,6.31e-7,0.0004787700000000001,0.000623503,4.1e-8,0.004525568,3,0,0,1.000332417623002,1.000464317344507,2.220446049250313e-16,1.327435102912011e-15,5.327263521579017e-15,1,mpmath_1792,0.0002253518219794541,5.2765795464175674e10,1.2433868819352815e11,53
lara17_benchmark5,12,Float64,false,diagonalcheap,realschur,0.005509505,6.506300000000001e-5,0.0009317089999999999,0.001350763,4.0e-8,0.008392376,9,0,2.059471739895795e-84,1.000435809125159,1.0004643240773086,1.727233711018889e-77,1.293692599851008e-76,4.840990676968606e-76,1,mpmath_1792,0.0002253518219794541,5.2765795464175674e10,1.2433868819352815e11,256
lara17_benchmark5,12,Float64,false,diagonalcheap,realschur,0.015474155,0.000583357,0.00397197,0.006597669,4.0e-8,0.027687762,31,0,0,1.000332417623064,1.0004643261008384,1.331998346195134e-256,1.143433161886409e-255,4.041974283980584e-255,1,mpmath_1792,0.0002253518219794541,5.2765795464175674e10,1.2433868819352815e11,851
lara17_benchmark5,12,Float64,false,taylor,transfree,0.0,5.71e-7,0.000393096,0.000280473,4.0e-8,0.000792855,4,0,6.938893903907228e-18,1,1,2.220446049250313e-16,3.222917981629412e-17,4.916933037536542e-17,1,mpmath_1792,0.0002253518219794541,5.2765795464175674e10,1.2433868819352815e11,53
lara17_benchmark5,12,Float64,false,taylor,transfree,0.0,0.00022621900000000002,0.00048711499999999993,0.0012090739999999999,3.0e-8,0.002042346,20,0,5.147557589468029e-85,1,1,1.727233711018889e-77,2.054965602294189e-78,4.153255976653882e-78,1,mpmath_1792,0.0002253518219794541,5.2765795464175674e10,1.2433868819352815e11,256
lara17_benchmark5,12,Float64,false,taylor,transfree,0.0,0.000493716,0.00102784,0.004540824,3.0e-8,0.006282712,56,0,1.096746153864123e-263,1,1,1.331998346195134e-256,2.23156187550307e-257,3.325306550109683e-257,1,mpmath_1792,0.0002253518219794541,5.2765795464175674e10,1.2433868819352815e11,851
lara17_benchmark5,12,Float64,false,taylor,complexschur,0.004626459,8.61e-7,0.0008520970000000001,0.00221944,4.0e-8,0.010445432,4,0,0,1.000442474531402,1,2.220446049250313e-16,1.346757446051236e-15,5.549308126504048e-15,1,mpmath_1792,0.0002253518219794541,5.2765795464175674e10,1.2433868819352815e11,53
lara17_benchmark5,12,Float64,false,taylor,complexschur,0.008799689,0.0005815840000000001,0.0011141429999999997,0.004800239,3.0e-8,0.017200441,20,0,5.147557589468029e-85,1.000442474541678,1,1.727233711018889e-77,1.296918160849667e-76,4.87337630905021e-76,1,mpmath_1792,0.0002253518219794541,5.2765795464175674e10,1.2433868819352815e11,256
lara17_benchmark5,12,Float64,false,taylor,complexschur,0.040398473,0.001539299,0.0028497699999999984,0.014333300000000002,3.0e-8,0.06200765,56,0,7.354409715441958e-266,1.000442474541678,1,1.331998346195134e-256,1.152348383424909e-255,4.159057871777908e-255,1,mpmath_1792,0.0002253518219794541,5.2765795464175674e10,1.2433868819352815e11,851
lara17_benchmark5,12,Float64,false,taylor,realschur,0.002634059,5.41e-7,0.00034394199999999997,0.000326429,3.0e-8,0.00367312,4,0,0,1.000435809114933,1,2.220446049250313e-16,1.327435102912011e-15,5.327263521579017e-15,1,mpmath_1792,0.0002253518219794541,5.2765795464175674e10,1.2433868819352815e11,53
lara17_benchmark5,12,Float64,false,taylor,realschur,0.005219195,0.000244485,0.0006873529999999999,0.001210907,4.0e-8,0.007866798,20,0,5.147557589468029e-85,1.000435809125161,1,1.727233711018889e-77,1.293692599851008e-76,4.840990676968606e-76,1,mpmath_1792,0.0002253518219794541,5.2765795464175674e10,1.2433868819352815e11,256
lara17_benchmark5,12,Float64,false,taylor,realschur,0.01082345,0.0008011219999999999,0.0018914950000000002,0.005877576,4.0e-8,0.020967049,56,0,7.354409715441958e-266,1.000435809125161,1,1.331998346195134e-256,1.143433161886409e-255,4.041974283980584e-255,1,mpmath_1792,0.0002253518219794541,5.2765795464175674e10,1.2433868819352815e11,851
lara17_benchmark6,8,Float64,false,scaling_and_squaring,NaN,NaN,NaN,NaN,NaN,NaN,2.2483e-5,NaN,NaN,NaN,NaN,NaN,2.220446049250313e-16,6.374042019010892e-17,1.22584164031611e-16,1,mpmath_1792,0.0002525490807590554,1.031733902386695e11,1.2045010832905667e11,53
lara17_benchmark6,8,Float64,false,diagonalcheap,transfree,0.0,6.11e-7,0.00040321599999999997,0.000265542,3.0e-8,0.000755073,3,0,0,1,1.0004926907960978,2.220446049250313e-16,3.427940582764028e-17,5.146452800624003e-17,1,mpmath_1792,0.0002525490807590554,1.031733902386695e11,1.2045010832905667e11,53
lara17_benchmark6,8,Float64,false,diagonalcheap,transfree,0.0,4.9534000000000004e-5,0.0006489330000000001,0.000458611,3.0e-8,0.001234322,9,0,6.691824866308439e-84,1,1.0004926994231726,1.727233711018889e-77,2.432945983021761e-78,4.307602572635147e-78,1,mpmath_1792,0.0002525490807590554,1.031733902386695e11,1.2045010832905667e11,256
lara17_benchmark6,8,Float64,false,diagonalcheap,transfree,0.0,0.00023704099999999998,0.0018153239999999999,0.001164722,4.0e-8,0.003333556,31,0,1.032940507429979e-281,1,1.0004927020160095,1.331998346195134e-256,1.623938831998451e-257,2.471520345914465e-257,1,mpmath_1792,0.0002525490807590554,1.031733902386695e11,1.2045010832905667e11,851
lara17_benchmark6,8,Float64,false,diagonalcheap,complexschur,0.000403866,5.01e-7,0.0003741590000000001,0.000624476,3.0e-8,0.001829622,3,0,0,1.000346998338201,1.0004199002160503,2.220446049250313e-16,4.629954078616661e-16,1.083714974579646e-15,1,mpmath_1792,0.0002525490807590554,1.031733902386695e11,1.2045010832905667e11,53
lara17_benchmark6,8,Float64,false,diagonalcheap,complexschur,0.000535857,5.9774e-5,0.000756203,0.0013488019999999999,3.0e-8,0.003163173,9,0,5.148450765600602e-85,1.000346998338201,1.000419906808244,1.727233711018889e-77,5.24312254811701e-77,1.653135599889765e-76,1,mpmath_1792,0.0002525490807590554,1.031733902386695e11,1.2045010832905667e11,256
lara17_benchmark6,8,Float64,false,diagonalcheap,complexschur,0.00096468,0.000318305,0.0021206510000000003,0.0065672330000000004,4.0e-8,0.010886038,31,0,3.443732461174175e-282,1.000346998338201,1.0004199087895047,1.331998346195134e-256,4.268059743412789e-256,1.23048216337099e-255,1,mpmath_1792,0.0002525490807590554,1.031733902386695e11,1.2045010832905667e11,851
lara17_benchmark6,8,Float64,false,diagonalcheap,realschur,0.000617753,6.81e-7,0.000467588,0.000260884,4.0e-8,0.001488124,3,0,0,1.000346998338201,1.0004199002160503,2.220446049250313e-16,4.629954078616661e-16,1.083714974579646e-15,1,mpmath_1792,0.0002525490807590554,1.031733902386695e11,1.2045010832905667e11,53
lara17_benchmark6,8,Float64,false,diagonalcheap,realschur,0.000807453,6.6096e-5,0.000834342,0.000743932,4.0e-8,0.002693361,9,0,5.148450765600602e-85,1.000346998338201,1.000419906808244,1.727233711018889e-77,5.24312254811701e-77,1.653135599889765e-76,1,mpmath_1792,0.0002525490807590554,1.031733902386695e11,1.2045010832905667e11,256
lara17_benchmark6,8,Float64,false,diagonalcheap,realschur,0.001453518,0.000374,0.0036165319999999996,0.0024658279999999998,4.0e-8,0.008284852,31,0,3.443732461174175e-282,1.000346998338201,1.0004199087895047,1.331998346195134e-256,4.268059743412789e-256,1.23048216337099e-255,1,mpmath_1792,0.0002525490807590554,1.031733902386695e11,1.2045010832905667e11,851
lara17_benchmark6,8,Float64,false,taylor,transfree,0.0,6.31e-7,0.00031506899999999996,0.000161676,4.0e-8,0.000568168,4,0,6.938893903907228e-18,1,1,2.220446049250313e-16,3.427953288320311e-17,5.146452800624003e-17,1,mpmath_1792,0.0002525490807590554,1.031733902386695e11,1.2045010832905667e11,53
lara17_benchmark6,8,Float64,false,taylor,transfree,0.0,0.000250646,0.000541337,0.000504987,3.1e-8,0.001396501,20,0,0,1,1,1.727233711018889e-77,2.432944895863656e-78,4.303031275407582e-78,1,mpmath_1792,0.0002525490807590554,1.031733902386695e11,1.2045010832905667e11,256
lara17_benchmark6,8,Float64,false,taylor,transfree,0.0,0.00032587899999999995,0.0008049870000000003,0.001042228,4.0e-8,0.0022762,56,0,1.079673532186531e-263,1,1,1.331998346195134e-256,1.623937812933019e-257,2.471494939746126e-257,1,mpmath_1792,0.0002525490807590554,1.031733902386695e11,1.2045010832905667e11,851
lara17_benchmark6,8,Float64,false,taylor,complexschur,0.000370933,5.11e-7,0.00023104900000000004,0.00038452900000000004,4.0e-8,0.001390689,4,0,0,1.000346998328182,1,2.220446049250313e-16,4.629954078616655e-16,1.083714974579646e-15,1,mpmath_1792,0.0002525490807590554,1.031733902386695e11,1.2045010832905667e11,53
lara17_benchmark6,8,Float64,false,taylor,complexschur,0.000533983,0.000318014,0.0005430729999999999,0.0016243210000000002,4.0e-8,0.003636791,20,0,5.147557589468029e-85,1.000346998338202,1,1.727233711018889e-77,5.24312254811701e-77,1.653135607256806e-76,1,mpmath_1792,0.0002525490807590554,1.031733902386695e11,1.2045010832905667e11,256
lara17_benchmark6,8,Float64,false,taylor,complexschur,0.001108514,0.000780192,0.0015995590000000002,0.005900457,4.0e-8,0.010383184,56,0,7.354409715443804e-266,1.000346998338202,1,1.331998346195134e-256,4.26805974341279e-256,1.230482162798029e-255,1,mpmath_1792,0.0002525490807590554,1.031733902386695e11,1.2045010832905667e11,851
lara17_benchmark6,8,Float64,false,taylor,realschur,0.00064321,7.41e-7,0.00031592100000000004,0.00024105499999999997,4.0e-8,0.001429253,4,0,0,1.000346998328182,1,2.220446049250313e-16,4.629954078616655e-16,1.083714974579646e-15,1,mpmath_1792,0.0002525490807590554,1.031733902386695e11,1.2045010832905667e11,53
lara17_benchmark6,8,Float64,false,taylor,realschur,0.000942889,0.00028932899999999995,0.000563761,0.0008651589999999999,4.0e-8,0.002957443,20,0,5.147557589468029e-85,1.000346998338202,1,1.727233711018889e-77,5.24312254811701e-77,1.653135607256806e-76,1,mpmath_1792,0.0002525490807590554,1.031733902386695e11,1.2045010832905667e11,256
lara17_benchmark6,8,Float64,false,taylor,realschur,0.001666663,0.0004279230000000001,0.001038774,0.001636075,4.0e-8,0.005225477,56,0,7.354409715443804e-266,1.000346998338202,1,1.331998346195134e-256,4.26805974341279e-256,1.230482162798029e-255,1,mpmath_1792,0.0002525490807590554,1.031733902386695e11,1.2045010832905667e11,851
cauchy_10,10,Rational{Int64},true,scaling_and_squaring,NaN,NaN,NaN,NaN,NaN,NaN,7.0684e-5,NaN,NaN,NaN,NaN,NaN,2.220446049250313e-16,4.722900471407368e-16,2.439183222143246e-15,5.238622722076758,mpmath_1792,0.9906696414891242,1.3281672796450564e14,6.230916431854037e13,53
cauchy_10,10,Rational{Int64},true,diagonalcheap,transfree,0.001936345,0.0,0.0,0.0,0.0,0.002409903,NaN,NaN,NaN,NaN,NaN,2.220446049250313e-16,4.449175672038462e-16,3.598885752012445e-15,5.238622722076758,mpmath_1792,0.9906696414891242,1.3281672796450564e14,6.230916431854037e13,53
cauchy_10,10,Rational{Int64},true,diagonalcheap,transfree,0.004005702,0.0,0.0,0.0,0.0,0.004604959,NaN,NaN,NaN,NaN,NaN,1.727233711018889e-77,4.155977730494111e-77,2.345852052816973e-76,5.238622722076758,mpmath_1792,0.9906696414891242,1.3281672796450564e14,6.230916431854037e13,256
cauchy_10,10,Rational{Int64},true,diagonalcheap,transfree,0.010162786,0.0,0.0,0.0,0.0,0.011190908,NaN,NaN,NaN,NaN,NaN,1.331998346195134e-256,3.862303081728751e-256,2.984210282961039e-255,5.238622722076758,mpmath_1792,0.9906696414891242,1.3281672796450564e14,6.230916431854037e13,851
cauchy_10,10,Rational{Int64},true,diagonalcheap,complexschur,0.001756283,2.9149999999999996e-6,0.001647187,0.0038627600000000007,4.0e-8,0.008660927,9,0,4.011570381810943e-17,3.624305617093814,1.92709406684737,2.220446049250313e-16,2.446131283222686e-15,1.841128571118128e-14,5.238622722076758,mpmath_1792,0.9906696414891242,1.3281672796450564e14,6.230916431854037e13,53
cauchy_10,10,Rational{Int64},true,diagonalcheap,complexschur,0.002731985,0.0005000499999999999,0.0040177780000000005,0.009089318,4.0e-8,0.017840988,31,0,3.933228041959527e-84,3.624305617093809,1.9102399407861523,1.727233711018889e-77,8.064349358509332e-77,5.698318445635019e-76,5.238622722076758,mpmath_1792,0.9906696414891242,1.3281672796450564e14,6.230916431854037e13,256
cauchy_10,10,Rational{Int64},true,diagonalcheap,complexschur,0.006097983,0.000935816,0.008584573,0.020032175,4.0e-8,0.037706528,73,0,1.312856381397447e-281,3.624305617093808,1.9064840210360752,1.331998346195134e-256,6.6363593186459e-256,3.82367060162492e-255,5.238622722076758,mpmath_1792,0.9906696414891242,1.3281672796450564e14,6.230916431854037e13,851
cauchy_10,10,Rational{Int64},true,diagonalcheap,realschur,0.001664659,2.584e-6,0.0013602939999999997,0.0010353959999999998,5.0e-8,0.004550266,9,0,4.011570381810943e-17,3.624305617093814,1.92709406684737,2.220446049250313e-16,2.446131283222686e-15,1.841128571118128e-14,5.238622722076758,mpmath_1792,0.9906696414891242,1.3281672796450564e14,6.230916431854037e13,53
cauchy_10,10,Rational{Int64},true,diagonalcheap,realschur,0.003047062,0.00032980499999999996,0.0034541549999999996,0.00255573,4.0e-8,0.010014925,31,0,3.933228041959527e-84,3.624305617093809,1.9102399407861523,1.727233711018889e-77,8.064349358509332e-77,5.698318445635019e-76,5.238622722076758,mpmath_1792,0.9906696414891242,1.3281672796450564e14,6.230916431854037e13,256
cauchy_10,10,Rational{Int64},true,diagonalcheap,realschur,0.005994857,0.0006387639999999999,0.006227150000000002,0.006627427,4.0e-8,0.020521786,73,0,1.312856381397447e-281,3.624305617093808,1.9064840210360752,1.331998346195134e-256,6.6363593186459e-256,3.82367060162492e-255,5.238622722076758,mpmath_1792,0.9906696414891242,1.3281672796450564e14,6.230916431854037e13,851
cauchy_10,10,Rational{Int64},true,taylor,transfree,0.001845733,0.0,0.0,0.0,0.0,0.002322668,NaN,NaN,NaN,NaN,NaN,2.220446049250313e-16,4.449175672038462e-16,3.598885752012445e-15,5.238622722076758,mpmath_1792,0.9906696414891242,1.3281672796450564e14,6.230916431854037e13,53
cauchy_10,10,Rational{Int64},true,taylor,transfree,0.002783642,0.0,0.0,0.0,0.0,0.003242674,NaN,NaN,NaN,NaN,NaN,1.727233711018889e-77,4.155977730494111e-77,2.345852052816973e-76,5.238622722076758,mpmath_1792,0.9906696414891242,1.3281672796450564e14,6.230916431854037e13,256
cauchy_10,10,Rational{Int64},true,taylor,transfree,0.009848701,0.0,0.0,0.0,0.0,0.010912209,NaN,NaN,NaN,NaN,NaN,1.331998346195134e-256,3.862303081728751e-256,2.984210282961039e-255,5.238622722076758,mpmath_1792,0.9906696414891242,1.3281672796450564e14,6.230916431854037e13,851
cauchy_10,10,Rational{Int64},true,taylor,complexschur,0.001837748,0.00044650699999999996,0.0010847180000000001,0.004379752999999999,4.0e-8,0.00930582,20,0,0,3.472540635540454,1,2.220446049250313e-16,2.446131283222686e-15,1.841128571118128e-14,5.238622722076758,mpmath_1792,0.9906696414891242,1.3281672796450564e14,6.230916431854037e13,53
cauchy_10,10,Rational{Int64},true,taylor,complexschur,0.001946875,0.0006320480000000001,0.001170772,0.005414314000000001,3.0e-8,0.010228441,64,0,2.059023035787212e-84,3.472540635540448,1,1.727233711018889e-77,8.064349358509332e-77,5.698318445635019e-76,5.238622722076758,mpmath_1792,0.9906696414891242,1.3281672796450564e14,6.230916431854037e13,256
cauchy_10,10,Rational{Int64},true,taylor,complexschur,0.004847088,0.0013573240000000002,0.006699705999999999,0.013050979,0.005442047,0.034513448,90,5,7.808323454334548e-268,1.041060036454953,1,1.331998346195134e-256,6.6363593186459e-256,3.82367060162492e-255,5.238622722076758,mpmath_1792,0.9906696414891242,1.3281672796450564e14,6.230916431854037e13,851
cauchy_10,10,Rational{Int64},true,taylor,realschur,0.001764448,0.00030742400000000004,0.0008281410000000003,0.0012244850000000002,4.0e-8,0.00467928,20,0,0,3.472540635540454,1,2.220446049250313e-16,2.446131283222686e-15,1.841128571118128e-14,5.238622722076758,mpmath_1792,0.9906696414891242,1.3281672796450564e14,6.230916431854037e13,53
cauchy_10,10,Rational{Int64},true,taylor,realschur,0.003238435,0.000656966,0.0014156589999999999,0.0036807429999999998,3.0e-8,0.009661435,64,0,2.059023035787212e-84,3.472540635540448,1,1.727233711018889e-77,8.064349358509332e-77,5.698318445635019e-76,5.238622722076758,mpmath_1792,0.9906696414891242,1.3281672796450564e14,6.230916431854037e13,256
cauchy_10,10,Rational{Int64},true,taylor,realschur,0.00682865,0.000743209,0.004550348000000001,0.004731249000000001,0.001354331,0.085023795,90,5,7.808323454334548e-268,1.041060036454953,1,1.331998346195134e-256,6.6363593186459e-256,3.82367060162492e-255,5.238622722076758,mpmath_1792,0.9906696414891242,1.3281672796450564e14,6.230916431854037e13,851
condex__2_4_6,2,Float64,true,scaling_and_squaring,NaN,NaN,NaN,NaN,NaN,NaN,1.8676e-5,NaN,NaN,NaN,NaN,NaN,2.220446049250313e-16,2.047321441187801e-16,5.497405210771905e-16,2.718281828459048,mpmath_1792,8.904976485608341,8.848649977847675,8.848649977847677,53
condex__2_4_6,2,Float64,true,diagonalcheap,transfree,2.7532e-5,0.0,0.0,0.0,0.0,7.1475e-5,NaN,NaN,NaN,NaN,NaN,2.220446049250313e-16,3.66994921123653e-16,9.938297309272531e-16,2.718281828459048,mpmath_1792,8.904976485608341,8.848649977847675,8.848649977847677,53
condex__2_4_6,2,Float64,true,diagonalcheap,transfree,1.7473e-5,0.0,0.0,0.0,0.0,4.6879e-5,NaN,NaN,NaN,NaN,NaN,1.727233711018889e-77,2.372780624928825e-77,6.395773978003468e-77,2.718281828459048,mpmath_1792,8.904976485608341,8.848649977847675,8.848649977847677,256
condex__2_4_6,2,Float64,true,diagonalcheap,transfree,2.2242e-5,0.0,0.0,0.0,0.0,7.2718e-5,NaN,NaN,NaN,NaN,NaN,1.331998346195134e-256,6.369831293098784e-257,1.931445690860739e-256,2.718281828459048,mpmath_1792,8.904976485608341,8.848649977847675,8.848649977847677,851
condex__2_4_6,2,Float64,true,diagonalcheap,complexschur,3.2251e-5,0.0,0.0,0.0,0.0,6.1697e-5,0,0,NaN,NaN,1,2.220446049250313e-16,8.640732413791565e-16,2.548141965402472e-15,2.718281828459048,mpmath_1792,8.904976485608341,8.848649977847675,8.848649977847677,53
condex__2_4_6,2,Float64,true,diagonalcheap,complexschur,2.3534e-5,0.0,0.0,0.0,0.0,5.3221e-5,0,0,NaN,NaN,1,1.727233711018889e-77,3.601546682885375e-78,8.337329484350534e-78,2.718281828459048,mpmath_1792,8.904976485608341,8.848649977847675,8.848649977847677,256
condex__2_4_6,2,Float64,true,diagonalcheap,complexschur,2.9536e-5,0.0,0.0,0.0,0.0,7.6655e-5,0,0,NaN,NaN,1,1.331998346195134e-256,6.560423471956363e-256,1.905017178011181e-255,2.718281828459048,mpmath_1792,8.904976485608341,8.848649977847675,8.848649977847677,851
condex__2_4_6,2,Float64,true,diagonalcheap,realschur,1.6371e-5,0.0,0.0,0.0,0.0,3.5948e-5,0,0,NaN,NaN,1,2.220446049250313e-16,8.640732413791565e-16,2.548141965402472e-15,2.718281828459048,mpmath_1792,8.904976485608341,8.848649977847675,8.848649977847677,53
condex__2_4_6,2,Float64,true,diagonalcheap,realschur,2.1741e-5,0.0,0.0,0.0,0.0,4.6098e-5,0,0,NaN,NaN,1,1.727233711018889e-77,3.601546682885375e-78,8.337329484350534e-78,2.718281828459048,mpmath_1792,8.904976485608341,8.848649977847675,8.848649977847677,256
condex__2_4_6,2,Float64,true,diagonalcheap,realschur,2.8083e-5,0.0,0.0,0.0,0.0,6.853e-5,0,0,NaN,NaN,1,1.331998346195134e-256,6.560423471956363e-256,1.905017178011181e-255,2.718281828459048,mpmath_1792,8.904976485608341,8.848649977847675,8.848649977847677,851
condex__2_4_6,2,Float64,true,taylor,transfree,1.3666e-5,0.0,0.0,0.0,0.0,3.4215e-5,NaN,NaN,NaN,NaN,NaN,2.220446049250313e-16,3.66994921123653e-16,9.938297309272531e-16,2.718281828459048,mpmath_1792,8.904976485608341,8.848649977847675,8.848649977847677,53
condex__2_4_6,2,Float64,true,taylor,transfree,1.6311e-5,0.0,0.0,0.0,0.0,4.3162e-5,NaN,NaN,NaN,NaN,NaN,1.727233711018889e-77,2.372780624928825e-77,6.395773978003468e-77,2.718281828459048,mpmath_1792,8.904976485608341,8.848649977847675,8.848649977847677,256
condex__2_4_6,2,Float64,true,taylor,transfree,2.0179e-5,0.0,0.0,0.0,0.0,6.8781e-5,NaN,NaN,NaN,NaN,NaN,1.331998346195134e-256,6.369831293098784e-257,1.931445690860739e-256,2.718281828459048,mpmath_1792,8.904976485608341,8.848649977847675,8.848649977847677,851
condex__2_4_6,2,Float64,true,taylor,complexschur,1.7984e-5,0.0,0.0,0.0,0.0,4.1739e-5,0,0,NaN,NaN,1,2.220446049250313e-16,8.640732413791565e-16,2.548141965402472e-15,2.718281828459048,mpmath_1792,8.904976485608341,8.848649977847675,8.848649977847677,53
condex__2_4_6,2,Float64,true,taylor,complexschur,2.2653e-5,0.0,0.0,0.0,0.0,5.0846e-5,0,0,NaN,NaN,1,1.727233711018889e-77,3.601546682885375e-78,8.337329484350534e-78,2.718281828459048,mpmath_1792,8.904976485608341,8.848649977847675,8.848649977847677,256
condex__2_4_6,2,Float64,true,taylor,complexschur,2.7722e-5,0.0,0.0,0.0,0.0,7.369e-5,0,0,NaN,NaN,1,1.331998346195134e-256,6.560423471956363e-256,1.905017178011181e-255,2.718281828459048,mpmath_1792,8.904976485608341,8.848649977847675,8.848649977847677,851
condex__2_4_6,2,Float64,true,taylor,realschur,1.6321e-5,0.0,0.0,0.0,0.0,3.3734e-5,0,0,NaN,NaN,1,2.220446049250313e-16,8.640732413791565e-16,2.548141965402472e-15,2.718281828459048,mpmath_1792,8.904976485608341,8.848649977847675,8.848649977847677,53
condex__2_4_6,2,Float64,true,taylor,realschur,2.098e-5,0.0,0.0,0.0,0.0,4.3262e-5,0,0,NaN,NaN,1,1.727233711018889e-77,3.601546682885375e-78,8.337329484350534e-78,2.718281828459048,mpmath_1792,8.904976485608341,8.848649977847675,8.848649977847677,256
condex__2_4_6,2,Float64,true,taylor,realschur,2.7282e-5,0.0,0.0,0.0,0.0,6.6256e-5,0,0,NaN,NaN,1,1.331998346195134e-256,6.560423471956363e-256,1.905017178011181e-255,2.718281828459048,mpmath_1792,8.904976485608341,8.848649977847675,8.848649977847677,851
condex__3_2_100,3,Float64,false,scaling_and_squaring,NaN,NaN,NaN,NaN,NaN,NaN,9.448e-6,NaN,NaN,NaN,NaN,NaN,2.220446049250313e-16,2.372330315074525e-16,1.866939625247484e-15,8.181928021308007,mpmath_1792,2.63067088980871,595.9799999999999,361.5145982211523,53
condex__3_2_100,3,Float64,false,diagonalcheap,transfree,0.0,1.9540000000000003e-6,0.0007794179999999999,0.000170685,4.0e-8,0.001002994,9,0,0,8.181928021308007,4.139317848653797,2.220446049250313e-16,1.033165092296772e-16,8.238013740431465e-16,8.181928021308007,mpmath_1792,2.63067088980871,595.9799999999999,361.5145982211523,53
condex__3_2_100,3,Float64,false,diagonalcheap,transfree,0.0,0.000149034,0.0014358149999999998,0.00027271800000000003,3.0e-8,0.001900837,31,0,3.424214296161167e-84,8.181928021308012,4.053131440257576,1.727233711018889e-77,2.902711653767006e-77,2.062145351234047e-76,8.181928021308007,mpmath_1792,2.63067088980871,595.9799999999999,361.5145982211523,256
condex__3_2_100,3,Float64,false,diagonalcheap,transfree,0.0,0.00039571,0.004467712,0.001024354,4.0e-8,0.005960361,73,0,3.4234104897395e-281,8.181928021308007,4.033941650935665,1.331998346195134e-256,1.215080818932671e-256,8.929562494074797e-256,8.181928021308007,mpmath_1792,2.63067088980871,595.9799999999999,361.5145982211523,851
condex__3_2_100,3,Float64,false,diagonalcheap,complexschur,0.0,2.5949999999999997e-6,0.00071715,0.000195851,3.0e-8,0.000989809,9,0,0,8.181928021308007,4.139317848653797,2.220446049250313e-16,1.033165092296772e-16,8.238013740431465e-16,8.181928021308007,mpmath_1792,2.63067088980871,595.9799999999999,361.5145982211523,53
condex__3_2_100,3,Float64,false,diagonalcheap,complexschur,0.0,0.00022292400000000002,0.0018905810000000001,0.00043030399999999995,3.0e-8,0.002605635,31,0,3.424214296161167e-84,8.181928021308012,4.053131440257576,1.727233711018889e-77,2.902711653767006e-77,2.062145351234047e-76,8.181928021308007,mpmath_1792,2.63067088980871,595.9799999999999,361.5145982211523,256
condex__3_2_100,3,Float64,false,diagonalcheap,complexschur,0.0,0.000461974,0.004763160000000001,0.001010328,3.0e-8,0.006330915,73,0,3.4234104897395e-281,8.181928021308007,4.033941650935665,1.331998346195134e-256,1.215080818932671e-256,8.929562494074797e-256,8.181928021308007,mpmath_1792,2.63067088980871,595.9799999999999,361.5145982211523,851
condex__3_2_100,3,Float64,false,diagonalcheap,realschur,0.0,2.4829999999999998e-6,0.000545223,0.000164704,3.0e-8,0.000778638,9,0,0,8.181928021308007,4.139317848653797,2.220446049250313e-16,1.033165092296772e-16,8.238013740431465e-16,8.181928021308007,mpmath_1792,2.63067088980871,595.9799999999999,361.5145982211523,53
condex__3_2_100,3,Float64,false,diagonalcheap,realschur,0.0,0.00014313299999999999,0.001161045,0.000262446,3.0e-8,0.001625475,31,0,3.424214296161167e-84,8.181928021308012,4.053131440257576,1.727233711018889e-77,2.902711653767006e-77,2.062145351234047e-76,8.181928021308007,mpmath_1792,2.63067088980871,595.9799999999999,361.5145982211523,256
condex__3_2_100,3,Float64,false,diagonalcheap,realschur,0.0,0.000308496,0.002988452,0.00082269,3.0e-8,0.004212484,73,0,3.4234104897395e-281,8.181928021308007,4.033941650935665,1.331998346195134e-256,1.215080818932671e-256,8.929562494074797e-256,8.181928021308007,mpmath_1792,2.63067088980871,595.9799999999999,361.5145982211523,851
condex__3_2_100,3,Float64,false,taylor,transfree,0.0,0.000120269,0.00031702300000000004,7.5151e-5,4.0e-8,0.000561736,20,0,4.996003610813204e-16,7.691583166666666,1,2.220446049250313e-16,4.557670589996973e-17,3.560795517667264e-16,8.181928021308007,mpmath_1792,2.63067088980871,595.9799999999999,361.5145982211523,53
condex__3_2_100,3,Float64,false,taylor,transfree,0.0,0.00022026699999999998,0.0006207680000000001,0.000153522,3.0e-8,0.001036477,64,0,1.272476236116497e-81,7.691583166666667,1,1.727233711018889e-77,4.79918928285399e-78,3.673930738274957e-77,8.181928021308007,mpmath_1792,2.63067088980871,595.9799999999999,361.5145982211523,256
condex__3_2_100,3,Float64,false,taylor,transfree,0.0,0.000298296,0.001955759,0.000266685,0.000243993,0.002835691,90,5,8.940775774342878e-266,1.096549740420075,1,1.331998346195134e-256,1.215071812523561e-256,8.912623879065751e-256,8.181928021308007,mpmath_1792,2.63067088980871,595.9799999999999,361.5145982211523,851
condex__3_2_100,3,Float64,false,taylor,complexschur,0.0,0.000176106,0.000377907,7.7788e-5,3.0e-8,0.000678758,20,0,4.996003610813204e-16,7.691583166666666,1,2.220446049250313e-16,4.557670589996973e-17,3.560795517667264e-16,8.181928021308007,mpmath_1792,2.63067088980871,595.9799999999999,361.5145982211523,53
condex__3_2_100,3,Float64,false,taylor,complexschur,0.0,0.00026355099999999994,0.000677434,0.00015798,4.0e-8,0.001147879,64,0,1.272476236116497e-81,7.691583166666667,1,1.727233711018889e-77,4.79918928285399e-78,3.673930738274957e-77,8.181928021308007,mpmath_1792,2.63067088980871,595.9799999999999,361.5145982211523,256
condex__3_2_100,3,Float64,false,taylor,complexschur,0.0,0.0003117889999999999,0.002163005,0.00040660999999999996,0.000420238,0.003405733,90,5,8.940775774342878e-266,1.096549740420075,1,1.331998346195134e-256,1.215071812523561e-256,8.912623879065751e-256,8.181928021308007,mpmath_1792,2.63067088980871,595.9799999999999,361.5145982211523,851
condex__3_2_100,3,Float64,false,taylor,realschur,0.0,0.000174842,0.000434665,0.00011289500000000001,4.0e-8,0.000793206,20,0,4.996003610813204e-16,7.691583166666666,1,2.220446049250313e-16,4.557670589996973e-17,3.560795517667264e-16,8.181928021308007,mpmath_1792,2.63067088980871,595.9799999999999,361.5145982211523,53
condex__3_2_100,3,Float64,false,taylor,realschur,0.0,0.00036675799999999996,0.0010195160000000003,0.00026603499999999997,4.0e-8,0.001718361,64,0,1.272476236116497e-81,7.691583166666667,1,1.727233711018889e-77,4.79918928285399e-78,3.673930738274957e-77,8.181928021308007,mpmath_1792,2.63067088980871,595.9799999999999,361.5145982211523,256
condex__3_2_100,3,Float64,false,taylor,realschur,0.0,0.000508964,0.0034399100000000004,0.000451403,0.000418194,0.004927311,90,5,8.940775774342878e-266,1.096549740420075,1,1.331998346195134e-256,1.215071812523561e-256,8.912623879065751e-256,8.181928021308007,mpmath_1792,2.63067088980871,595.9799999999999,361.5145982211523,851
condex__10_3_100,10,Float64,false,scaling_and_squaring,NaN,NaN,NaN,NaN,NaN,NaN,2.4667e-5,NaN,NaN,NaN,NaN,NaN,2.220446049250313e-16,2.479211969977962e-16,3.494668356072858e-15,9.902911643581508,mpmath_1792,2.621097957529903,5120.0,1918.486880661562,53
condex__10_3_100,10,Float64,false,diagonalcheap,transfree,0.0,0.00018576299999999998,1.0600637539999997,1.066611114,3.0e-8,2.647589211,13,0,1.176516753772958e-16,9.479535952822365,30.78404967381539,2.220446049250313e-16,2.412649516858711e-16,4.163417499957577e-15,9.902911643581508,mpmath_1792,2.621097957529903,5120.0,1918.486880661562,53
condex__10_3_100,10,Float64,false,diagonalcheap,transfree,0.0,0.00028943800000000004,0.0022505129999999996,0.19996687600000002,6.0e-8,0.202639727,31,0,4.376716270259139e-84,6.795704571147617,31.086238883634227,1.727233711018889e-77,3.444362050004173e-77,5.39547961207058e-76,9.902911643581508,mpmath_1792,2.621097957529903,5120.0,1918.486880661562,256
condex__10_3_100,10,Float64,false,diagonalcheap,transfree,0.0,0.0007748800000000001,0.005904487,0.003882217,4.1e-8,0.010786631,73,0,1.65910721893016e-263,9.479535952822367,31.20804808354704,1.331998346195134e-256,3.062941558097872e-256,4.52472677575595e-255,9.902911643581508,mpmath_1792,2.621097957529903,5120.0,1918.486880661562,851
condex__10_3_100,10,Float64,false,diagonalcheap,complexschur,2.4677e-5,0.000123146,0.0017493019999999997,0.004388056,4.0e-8,0.007422776,13,0,1.176516753772957e-16,9.479535952822363,30.78404967381538,2.220446049250313e-16,2.412649516858711e-16,4.163417499957577e-15,9.902911643581508,mpmath_1792,2.621097957529903,5120.0,1918.486880661562,53
condex__10_3_100,10,Float64,false,diagonalcheap,complexschur,2.4216e-5,0.00042277,0.0032560390000000005,0.008928855,7.0e-8,0.01379527,31,0,4.376716270259139e-84,6.795704571147617,31.08623888363423,1.727233711018889e-77,2.407879043115966e-77,3.922864220869501e-76,9.902911643581508,mpmath_1792,2.621097957529903,5120.0,1918.486880661562,256
condex__10_3_100,10,Float64,false,diagonalcheap,complexschur,2.7001e-5,0.000897551,0.007854654,0.018020531000000003,6.0e-8,0.028346896,73,0,1.659107218930159e-263,6.795704571147613,31.208048083547034,1.331998346195134e-256,2.053215476713435e-256,2.823408000130194e-255,9.902911643581508,mpmath_1792,2.621097957529903,5120.0,1918.486880661562,851
condex__10_3_100,10,Float64,false,diagonalcheap,realschur,7.394e-6,9.371799999999999e-5,0.0014169899999999997,0.0012554810000000001,6.0e-8,0.003095966,13,0,1.176516753772957e-16,9.479535952822365,30.78404967381538,2.220446049250313e-16,2.412649516858711e-16,4.163417499957577e-15,9.902911643581508,mpmath_1792,2.621097957529903,5120.0,1918.486880661562,53
condex__10_3_100,10,Float64,false,diagonalcheap,realschur,6.343e-6,0.000316932,0.002436795,0.002537537,1.2e-7,0.005626669,31,0,4.376716270259139e-84,6.795704571147616,31.086238883634227,1.727233711018889e-77,2.407879043115966e-77,3.922864220869501e-76,9.902911643581508,mpmath_1792,2.621097957529903,5120.0,1918.486880661562,256
condex__10_3_100,10,Float64,false,diagonalcheap,realschur,8.075e-6,0.0006720070000000001,0.006055272,0.00568085,4.0e-8,0.012808006,73,0,1.659107218930159e-263,6.795704571147613,31.20804808354703,1.331998346195134e-256,2.053215476713435e-256,2.823408000130194e-255,9.902911643581508,mpmath_1792,2.621097957529903,5120.0,1918.486880661562,851
condex__10_3_100,10,Float64,false,taylor,transfree,0.0,0.000375473,0.210571519,0.011169247000000002,1.0e-7,0.222252508,25,0,0,11.5,1,2.220446049250313e-16,7.65211312853405e-17,1.177936684422563e-15,9.902911643581508,mpmath_1792,2.621097957529903,5120.0,1918.486880661562,53
condex__10_3_100,10,Float64,false,taylor,transfree,0.0,0.0005375800000000001,0.0008611279999999999,0.0014594049999999998,4.0e-8,0.002978011,72,0,0,11.5,1,1.727233711018889e-77,3.577131171345838e-78,6.464250756643186e-77,9.902911643581508,mpmath_1792,2.621097957529903,5120.0,1918.486880661562,256
condex__10_3_100,10,Float64,false,taylor,transfree,0.0,0.0006382419999999998,0.0028201999999999997,0.002095778,0.000490631,0.006275489,90,6,3.443135024766597e-281,1.154177424978618,1,1.331998346195134e-256,2.645583055988964e-255,2.614375565565295e-254,9.902911643581508,mpmath_1792,2.621097957529903,5120.0,1918.486880661562,851
condex__10_3_100,10,Float64,false,taylor,complexschur,2.7362e-5,0.000458301,0.0011293450000000003,0.004731657,7.0e-8,0.007656891,25,0,1.110223024625157e-16,11.5,1,2.220446049250313e-16,7.450898597470432e-17,1.115102611684356e-15,9.902911643581508,mpmath_1792,2.621097957529903,5120.0,1918.486880661562,53
condex__10_3_100,10,Float64,false,taylor,complexschur,2.9276e-5,0.0010370359999999999,0.001769665,0.010032151,5.1e-8,0.014148561,72,0,4.118046071574423e-84,11.5,1,1.727233711018889e-77,3.577131171345838e-78,6.464250756643186e-77,9.902911643581508,mpmath_1792,2.621097957529903,5120.0,1918.486880661562,256
condex__10_3_100,10,Float64,false,taylor,complexschur,2.9787e-5,0.001257064,0.006686029,0.011018289999999998,0.002974656,0.061675868,90,6,3.443135024766597e-281,1.154177424978618,1,1.331998346195134e-256,1.229831056593609e-256,1.770563898195707e-255,9.902911643581508,mpmath_1792,2.621097957529903,5120.0,1918.486880661562,851
condex__10_3_100,10,Float64,false,taylor,realschur,6.533e-6,0.00019145500000000002,0.000555293,0.000815598,3.0e-8,0.001789376,25,0,1.110223024625157e-16,11.5,1,2.220446049250313e-16,7.450898597470432e-17,1.115102611684356e-15,9.902911643581508,mpmath_1792,2.621097957529903,5120.0,1918.486880661562,53
condex__10_3_100,10,Float64,false,taylor,realschur,4.94e-6,0.00044349399999999995,0.0010884060000000003,0.001848999,3.0e-8,0.003596365,72,0,0,11.5,1,1.727233711018889e-77,3.577131171345838e-78,6.464250756643186e-77,9.902911643581508,mpmath_1792,2.621097957529903,5120.0,1918.486880661562,256
condex__10_3_100,10,Float64,false,taylor,realschur,5.891e-6,0.000518857,0.003306793,0.003088192,0.001468236,0.008724086,90,6,3.443135024766597e-281,1.154177424978618,1,1.331998346195134e-256,1.229831056593609e-256,1.770563898195707e-255,9.902911643581508,mpmath_1792,2.621097957529903,5120.0,1918.486880661562,851
condex__10_4_100,10,Float64,false,scaling_and_squaring,NaN,NaN,NaN,NaN,NaN,NaN,2.7673e-5,NaN,NaN,NaN,NaN,NaN,2.220446049250313e-16,3.252352082451027e-16,9.627283659399009e-16,2.718281828459106,mpmath_1792,314.569041828277,198.99999999999537,148.1163041168423,53
condex__10_4_100,10,Float64,false,diagonalcheap,transfree,0.0,9.506e-5,0.0021357340000000002,0.00165449,0.000624976,0.004786975,13,5,1.14856807498676e-16,15.8666005489902,12.864953413191364,2.220446049250313e-16,1.162714757887925e-14,3.21714646593649e-14,2.718281828459106,mpmath_1792,314.569041828277,198.99999999999537,148.1163041168423,53
condex__10_4_100,10,Float64,false,diagonalcheap,transfree,0.0,0.00038757700000000006,0.004073661,0.004547959,0.000679189,0.009968167,43,4,4.783905119680142e-82,251.7490129812159,144.155065582695,1.727233711018889e-77,3.066023858123216e-76,8.566238598864617e-76,2.718281828459106,mpmath_1792,314.569041828277,198.99999999999537,148.1163041168423,256
condex__10_4_100,10,Float64,false,diagonalcheap,transfree,0.0,0.000830636,0.009344152000000005,0.013984489000000001,0.001173867,0.025723458,91,5,5.515026871082996e-281,15.8666005489902,12.88923985945776,1.331998346195134e-256,8.171882993339683e-255,2.254159975541168e-254,2.718281828459106,mpmath_1792,314.569041828277,198.99999999999537,148.1163041168423,851
condex__10_4_100,10,Float64,false,diagonalcheap,complexschur,0.00261375,0.00020175500000000002,0.0028806770000000003,0.004821641,0.00335663,0.016077682,13,5,2.297136149973517e-16,15.86660054899018,9.090080817474968,2.220446049250313e-16,5.360934635646745e-15,1.620613666995232e-14,2.718281828459106,mpmath_1792,314.569041828277,198.99999999999537,148.1163041168423,53
condex__10_4_100,10,Float64,false,diagonalcheap,complexschur,0.006466222,0.0006374410000000001,0.004879448,0.011361411,0.003444296,0.029028941,43,4,4.78390511967999e-82,251.7490129812081,80.92553273562261,1.727233711018889e-77,1.260033072308925e-76,6.20429619640126e-76,2.718281828459106,mpmath_1792,314.569041828277,198.99999999999537,148.1163041168423,256
condex__10_4_100,10,Float64,false,diagonalcheap,complexschur,0.012414069,0.0015196460000000001,0.011565953000000006,0.024783732,0.004219979,0.057140611,91,5,5.51502687108299e-281,15.86660054899019,8.893639760101234,1.331998346195134e-256,1.21122707525187e-254,3.596040970130377e-254,2.718281828459106,mpmath_1792,314.569041828277,198.99999999999537,148.1163041168423,851
condex__10_4_100,10,Float64,false,diagonalcheap,realschur,0.002817687,9.5062e-5,0.001992413,0.001437939,0.000739283,0.007589093,13,5,2.297136149973517e-16,15.86660054899018,9.090080817474968,2.220446049250313e-16,5.359931613095442e-15,1.620613666995232e-14,2.718281828459106,mpmath_1792,314.569041828277,198.99999999999537,148.1163041168423,53
condex__10_4_100,10,Float64,false,diagonalcheap,realschur,0.004042392,0.0003897699999999999,0.0035987589999999996,0.003895076,0.000977545,0.013602715,43,4,4.78390511967999e-82,251.7490129812081,80.92553273562261,1.727233711018889e-77,1.217142086533193e-76,6.031572825299371e-76,2.718281828459106,mpmath_1792,314.569041828277,198.99999999999537,148.1163041168423,256
condex__10_4_100,10,Float64,false,diagonalcheap,realschur,0.012217566,0.000634764,0.008234446,0.045786535,0.00140155,0.069390378,91,5,5.51502687108299e-281,15.86660054899019,8.893639760101234,1.331998346195134e-256,1.21091387543084e-254,3.606030957726841e-254,2.718281828459106,mpmath_1792,314.569041828277,198.99999999999537,148.1163041168423,851
condex__10_4_100,10,Float64,false,taylor,transfree,0.0,0.000248453,0.00134722,0.0013051749999999998,0.000300721,0.003381608,36,4,0,131.9295028769019,1,2.220446049250313e-16,1.018273843475631e-15,2.978563371479405e-15,2.718281828459106,mpmath_1792,314.569041828277,198.99999999999537,148.1163041168423,53
condex__10_4_100,10,Float64,false,taylor,transfree,0.0,0.0005636119999999999,0.002355539,0.003047163,0.000518143,0.006689996,90,5,1.647218428629769e-83,15.86427184813314,1,1.727233711018889e-77,2.905392017797218e-77,1.017960636324281e-76,2.718281828459106,mpmath_1792,314.569041828277,198.99999999999537,148.1163041168423,256
condex__10_4_100,10,Float64,false,taylor,transfree,0.0,0.000565103,0.004862851,0.005107763,0.004446348,0.01525971,90,11,4.896698261360683e-265,1.044137180498335,1,1.331998346195134e-256,2.22910493314788e-254,6.593116078829035e-254,2.718281828459106,mpmath_1792,314.569041828277,198.99999999999537,148.1163041168423,851
condex__10_4_100,10,Float64,false,taylor,complexschur,0.003406825,0.0006541440000000001,0.0030367160000000005,0.006685814,0.00229199,0.017494872,36,4,0,131.9295028769017,1,2.220446049250313e-16,5.360934635646745e-15,1.620613666995232e-14,2.718281828459106,mpmath_1792,314.569041828277,198.99999999999537,148.1163041168423,53
condex__10_4_100,10,Float64,false,taylor,complexschur,0.003711143,0.0012126720000000001,0.003835093000000001,0.012272070999999999,0.003870385,0.026643383,90,5,1.647218428629769e-83,15.86427184813314,1,1.727233711018889e-77,1.260033072308925e-76,6.20429619640126e-76,2.718281828459106,mpmath_1792,314.569041828277,198.99999999999537,148.1163041168423,256
condex__10_4_100,10,Float64,false,taylor,complexschur,0.007625893,0.0012627769999999999,0.010896194,0.013879872999999997,0.008390423,0.044560016,90,11,4.896698261360683e-265,1.047143548830993,1,1.331998346195134e-256,1.21122707525187e-254,3.596040970130377e-254,2.718281828459106,mpmath_1792,314.569041828277,198.99999999999537,148.1163041168423,851
condex__10_4_100,10,Float64,false,taylor,realschur,0.002111928,0.0002592010000000001,0.001270784,0.0013495279999999998,0.00044796,0.005820757,36,4,0,131.9295028769017,1,2.220446049250313e-16,5.359931613095442e-15,1.620613666995232e-14,2.718281828459106,mpmath_1792,314.569041828277,198.99999999999537,148.1163041168423,53
condex__10_4_100,10,Float64,false,taylor,realschur,0.003441451,0.000596211,0.0022121339999999997,0.002353541,0.00065321,0.00967983,90,5,1.647218428629769e-83,15.86427184813314,1,1.727233711018889e-77,1.217142086533193e-76,6.031572825299371e-76,2.718281828459106,mpmath_1792,314.569041828277,198.99999999999537,148.1163041168423,256
condex__10_4_100,10,Float64,false,taylor,realschur,0.00850962,0.00093328,0.007630203,0.0048246159999999995,0.002656552,0.025432155,90,11,4.896698261360683e-265,1.046118476039604,1,1.331998346195134e-256,1.21091387543084e-254,3.606030957726841e-254,2.718281828459106,mpmath_1792,314.569041828277,198.99999999999537,148.1163041168423,851
dorr_10_100.0,10,Float64,false,scaling_and_squaring,NaN,NaN,NaN,NaN,NaN,NaN,2.9647e-5,NaN,NaN,NaN,NaN,NaN,2.220446049250313e-16,Inf,Inf,6.882154283082583e+20595,mpmath_1792,NaN,60.04464312134238,48.39832069208171,53
dorr_10_100.0,10,Float64,false,diagonalcheap,transfree,0.0,8.1173e-5,0.002132888,0.00097563,0.001065623,0.081768731,13,13,1.268615562906306e-16,19.02464210323192,19.163494702508544,2.220446049250313e-16,4.226484172430165e-12,2.908902061287693e+20584,6.882154283082583e+20595,mpmath_1792,NaN,60.04464312134238,48.39832069208171,53
dorr_10_100.0,10,Float64,false,diagonalcheap,transfree,0.0,0.00029865899999999995,0.004092183000000001,0.034674116000000005,0.001541515,0.04090001,43,12,1.251862613631943e-80,345.7321266692082,362.04156351716637,1.727233711018889e-77,1.640528255468381e-72,1.129044123884888e+20524,6.882154283082583e+20595,mpmath_1792,NaN,60.04464312134238,48.39832069208171,256
dorr_10_100.0,10,Float64,false,diagonalcheap,transfree,0.0,0.000693466,0.011557699999999999,0.011847094,0.004959553,0.029637346,91,13,0,19.02464210323188,19.16457308884278,1.331998346195134e-256,4.243981615007813e-252,2.920820361390475e+20344,6.882154283082583e+20595,mpmath_1792,NaN,60.04464312134238,48.39832069208171,851
dorr_10_100.0,10,Float64,false,diagonalcheap,complexschur,0.002464307,0.000190361,0.0036032789999999987,0.0036760370000000005,0.006773064,0.018387996,13,13,1.19208377114939e-16,17.02415960147361,17.025690906607412,2.220446049250313e-16,2.122268143662293e-11,1.460559119402787e+20585,6.882154283082583e+20595,mpmath_1792,NaN,60.04464312134238,48.39832069208171,53
dorr_10_100.0,10,Float64,false,diagonalcheap,complexschur,0.005102192,0.00046206700000000003,0.007326927000000001,0.007981658,0.004629265,0.026726341,43,12,3.674868399227797e-81,289.8096026581548,289.86693455556735,1.727233711018889e-77,3.549749214369689e-72,2.44316650046343e+20524,6.882154283082583e+20595,mpmath_1792,NaN,60.04464312134238,48.39832069208171,256
dorr_10_100.0,10,Float64,false,diagonalcheap,complexschur,0.011084326,0.0009707450000000001,0.012993270000000005,0.023049881,0.010435835,0.060131007,91,13,5.71429973585223e-280,17.02415960147362,17.025770746160923,1.331998346195134e-256,1.61417864263905e-251,1.110975896813305e+20345,6.882154283082583e+20595,mpmath_1792,NaN,60.04464312134238,48.39832069208171,851
dorr_10_100.0,10,Float64,false,diagonalcheap,realschur,0.001462115,7.486400000000001e-5,0.0021652959999999993,0.001348971,0.002005416,0.007582621,13,13,1.19208377114939e-16,17.02415960147362,17.025690906607412,2.220446049250313e-16,2.122268143662293e-11,1.460559119402787e+20585,6.882154283082583e+20595,mpmath_1792,NaN,60.04464312134238,48.39832069208171,53
dorr_10_100.0,10,Float64,false,diagonalcheap,realschur,0.002878452,0.000305733,0.004243889000000001,0.002263242,0.001671261,0.011919772,43,12,3.674868399227797e-81,289.8096026581548,289.86693455556735,1.727233711018889e-77,3.549749214369689e-72,2.44316650046343e+20524,6.882154283082583e+20595,mpmath_1792,NaN,60.04464312134238,48.39832069208171,256
dorr_10_100.0,10,Float64,false,diagonalcheap,realschur,0.009403526,0.001041508,0.04906620799999998,0.006097684,0.004029928,0.070522348,91,13,5.71429973585223e-280,17.02415960147362,17.025770746160923,1.331998346195134e-256,1.61417864263905e-251,1.110975896813305e+20345,6.882154283082583e+20595,mpmath_1792,NaN,60.04464312134238,48.39832069208171,851
dorr_10_100.0,10,Float64,false,taylor,transfree,0.0,0.00042473500000000003,0.0021380989999999996,0.002015572,0.000865914,0.005707882,72,11,4.547473508864641e-13,6634.733178706223,1,2.220446049250313e-16,7.002326216134752e-14,4.832474390484833e+20582,6.882154283082583e+20595,mpmath_1792,NaN,60.04464312134238,48.39832069208171,53
dorr_10_100.0,10,Float64,false,taylor,transfree,0.0,0.0005291989999999999,0.0033497930000000006,0.002819593,0.001418211,0.008385754,90,13,1.647218428629769e-83,19.02079321735294,1,1.727233711018889e-77,2.515638121619105e-74,1.731788388654991e+20522,6.882154283082583e+20595,mpmath_1792,NaN,60.04464312134238,48.39832069208171,256
dorr_10_100.0,10,Float64,false,taylor,transfree,0.0,0.0007917450000000001,0.009198533999999998,0.006859492,0.007257854,0.024573085,90,19,3.646106620065423e-263,1.047244607066539,1,1.331998346195134e-256,1.142788440180664e-251,7.86531209525637e+20344,6.882154283082583e+20595,mpmath_1792,NaN,60.04464312134238,48.39832069208171,851
dorr_10_100.0,10,Float64,false,taylor,complexschur,0.001803563,0.000440464,0.0026625619999999994,0.003981347,0.007519831,0.018250245,36,12,1.77635683940025e-15,144.9528871252308,1,2.220446049250313e-16,2.122268143662293e-11,1.460559119402787e+20585,6.882154283082583e+20595,mpmath_1792,NaN,60.04464312134238,48.39832069208171,53
dorr_10_100.0,10,Float64,false,taylor,complexschur,0.00465281,0.001065492,0.006454828000000002,0.0076943310000000004,0.007670557,0.029348257,90,13,8.236092143148846e-84,17.02106661466256,1,1.727233711018889e-77,3.54974951682329e-72,2.44316650046343e+20524,6.882154283082583e+20595,mpmath_1792,NaN,60.04464312134238,48.39832069208171,256
dorr_10_100.0,10,Float64,false,taylor,complexschur,0.008428205,0.001297791,0.011909972999999999,0.009976569999999999,0.010290459,0.043452294,90,19,4.856560416693492e-264,1.045288304899003,1,1.331998346195134e-256,1.61417864263905e-251,1.110975896813305e+20345,6.882154283082583e+20595,mpmath_1792,NaN,60.04464312134238,48.39832069208171,851
dorr_10_100.0,10,Float64,false,taylor,realschur,0.001549791,0.000250488,0.001643097,0.001039544,0.00111716,0.006069789,36,12,1.77635683940025e-15,144.9528871252308,1,2.220446049250313e-16,2.122268143662293e-11,1.460559119402787e+20585,6.882154283082583e+20595,mpmath_1792,NaN,60.04464312134238,48.39832069208171,53
dorr_10_100.0,10,Float64,false,taylor,realschur,0.003013088,0.0005987160000000001,0.003719009,0.003694945,0.004414137,0.016305885,90,13,8.236092143148846e-84,17.02106661466256,1,1.727233711018889e-77,3.54974951682329e-72,2.44316650046343e+20524,6.882154283082583e+20595,mpmath_1792,NaN,60.04464312134238,48.39832069208171,256
dorr_10_100.0,10,Float64,false,taylor,realschur,0.005945393,0.0005996,0.006709619999999999,0.003846621,0.009417402,0.027675032,90,19,4.856560416693492e-264,1.045288304899003,1,1.331998346195134e-256,1.61417864263905e-251,1.110975896813305e+20345,6.882154283082583e+20595,mpmath_1792,NaN,60.04464312134238,48.39832069208171,851
dramadah_10_2,10,Int64,false,scaling_and_squaring,NaN,NaN,NaN,NaN,NaN,NaN,2.3074e-5,NaN,NaN,NaN,NaN,NaN,2.220446049250313e-16,2.41555863013323e-16,9.791027284389499e-15,41.16748238563359,mpmath_1792,5.986432228136159,534.0,221.12569600654436,53
dramadah_10_2,10,Int64,false,diagonalcheap,transfree,0.0,7.1364e-5,0.001001333,0.000832559,3.0e-8,0.079993372,13,0,7.525425509221118e-16,41.16748238563355,28.516936436403064,2.220446049250313e-16,1.578285667563257e-16,6.225005133066028e-15,41.16748238563359,mpmath_1792,5.986432228136159,534.0,221.12569600654436,53
dramadah_10_2,10,Int64,false,diagonalcheap,transfree,0.0,0.0005469260000000001,0.002496266999999999,0.0019013180000000001,3.0e-8,0.005169831,37,0,9.001333889122784e-84,41.1674823856336,27.619834039276334,1.727233711018889e-77,1.048183243999945e-77,3.842929369344266e-76,41.16748238563359,mpmath_1792,5.986432228136159,534.0,221.12569600654436,256
dramadah_10_2,10,Int64,false,diagonalcheap,transfree,0.0,0.0014663840000000003,0.005795681000000001,0.0042257399999999995,4.0e-8,0.011775337,81,0,3.125639808796116e-277,41.16748238563362,27.367033098085926,1.331998346195134e-256,2.069494409292174e-256,8.163767113693836e-255,41.16748238563359,mpmath_1792,5.986432228136159,534.0,221.12569600654436,851
dramadah_10_2,10,Int64,false,diagonalcheap,complexschur,0.0,7.2269e-5,0.000827471,0.0008077119999999999,3.0e-8,0.001911718,13,0,7.525425509221118e-16,41.16748238563355,28.516936436403064,2.220446049250313e-16,1.578285667563257e-16,6.225005133066028e-15,41.16748238563359,mpmath_1792,5.986432228136159,534.0,221.12569600654436,53
dramadah_10_2,10,Int64,false,diagonalcheap,complexschur,0.0,0.000687785,0.002751509,0.0029968990000000004,4.0e-8,0.006664638,37,0,9.001333889122784e-84,41.1674823856336,27.619834039276334,1.727233711018889e-77,1.048183243999945e-77,3.842929369344266e-76,41.16748238563359,mpmath_1792,5.986432228136159,534.0,221.12569600654436,256
dramadah_10_2,10,Int64,false,diagonalcheap,complexschur,0.0,0.00210754,0.008114459000000001,0.006984105,4.0e-8,0.017551119,81,0,3.125639808796116e-277,41.16748238563362,27.367033098085926,1.331998346195134e-256,2.069494409292174e-256,8.163767113693836e-255,41.16748238563359,mpmath_1792,5.986432228136159,534.0,221.12569600654436,851
dramadah_10_2,10,Int64,false,diagonalcheap,realschur,0.0,0.00011724199999999999,0.00142741,0.0014248150000000003,4.0e-8,0.003281207,13,0,7.525425509221118e-16,41.16748238563355,28.516936436403064,2.220446049250313e-16,1.578285667563257e-16,6.225005133066028e-15,41.16748238563359,mpmath_1792,5.986432228136159,534.0,221.12569600654436,53
dramadah_10_2,10,Int64,false,diagonalcheap,realschur,0.0,0.000740927,0.0028028399999999996,0.002832304,5.1e-8,0.006649108,37,0,9.001333889122784e-84,41.1674823856336,27.619834039276334,1.727233711018889e-77,1.048183243999945e-77,3.842929369344266e-76,41.16748238563359,mpmath_1792,5.986432228136159,534.0,221.12569600654436,256
dramadah_10_2,10,Int64,false,diagonalcheap,realschur,0.0,0.001858788,0.0067397290000000025,0.006089798,4.0e-8,0.01502243,81,0,3.125639808796116e-277,41.16748238563362,27.367033098085926,1.331998346195134e-256,2.069494409292174e-256,8.163767113693836e-255,41.16748238563359,mpmath_1792,5.986432228136159,534.0,221.12569600654436,851
dramadah_10_2,10,Int64,false,taylor,transfree,0.0,0.000432911,0.0006675959999999999,0.0019384,4.0e-8,0.003297027,30,0,1.110223024625157e-16,28.5,1,2.220446049250313e-16,1.147686683903291e-16,3.997922972731009e-15,41.16748238563359,mpmath_1792,5.986432228136159,534.0,221.12569600654436,53
dramadah_10_2,10,Int64,false,taylor,transfree,0.0,0.001003975,0.0013464140000000004,0.003168987,4.0e-8,0.00579077,81,0,1.647218428629769e-83,28.5,1,1.727233711018889e-77,5.476050346803216e-78,1.865436760540282e-76,41.16748238563359,mpmath_1792,5.986432228136159,534.0,221.12569600654436,256
dramadah_10_2,10,Int64,false,taylor,transfree,0.0,0.001426188,0.004642633,0.004686373000000001,0.002634209,0.013860675,90,6,1.54080216324314e-267,1.096355878627369,1,1.331998346195134e-256,1.984178697115289e-256,7.133243531938405e-255,41.16748238563359,mpmath_1792,5.986432228136159,534.0,221.12569600654436,851
dramadah_10_2,10,Int64,false,taylor,complexschur,0.0,0.0004861619999999999,0.0007677780000000003,0.0015989440000000001,4.0e-8,0.003158334,30,0,1.110223024625157e-16,28.5,1,2.220446049250313e-16,1.147686683903291e-16,3.997922972731009e-15,41.16748238563359,mpmath_1792,5.986432228136159,534.0,221.12569600654436,53
dramadah_10_2,10,Int64,false,taylor,complexschur,0.0,0.001150776,0.0015780350000000004,0.003179294,3.0e-8,0.006203814,81,0,1.647218428629769e-83,28.5,1,1.727233711018889e-77,5.476050346803216e-78,1.865436760540282e-76,41.16748238563359,mpmath_1792,5.986432228136159,534.0,221.12569600654436,256
dramadah_10_2,10,Int64,false,taylor,complexschur,0.0,0.0010031560000000003,0.03786561899999999,0.004521329,0.001442668,0.045172358,90,6,1.54080216324314e-267,1.096355878627369,1,1.331998346195134e-256,1.984178697115289e-256,7.133243531938405e-255,41.16748238563359,mpmath_1792,5.986432228136159,534.0,221.12569600654436,851
dramadah_10_2,10,Int64,false,taylor,realschur,0.0,0.000263669,0.0006244449999999998,0.000868199,4.0e-8,0.001970119,30,0,1.110223024625157e-16,28.5,1,2.220446049250313e-16,1.147686683903291e-16,3.997922972731009e-15,41.16748238563359,mpmath_1792,5.986432228136159,534.0,221.12569600654436,53
dramadah_10_2,10,Int64,false,taylor,realschur,0.0,0.000636729,0.001227745,0.001995242,3.0e-8,0.004059093,81,0,1.647218428629769e-83,28.5,1,1.727233711018889e-77,5.476050346803216e-78,1.865436760540282e-76,41.16748238563359,mpmath_1792,5.986432228136159,534.0,221.12569600654436,256
dramadah_10_2,10,Int64,false,taylor,realschur,0.0,0.0009673569999999999,0.0034630639999999996,0.002848035,0.00146995,0.009048683,90,6,1.54080216324314e-267,1.096355878627369,1,1.331998346195134e-256,1.984178697115289e-256,7.133243531938405e-255,41.16748238563359,mpmath_1792,5.986432228136159,534.0,221.12569600654436,851
frank_10,10,Int64,false,scaling_and_squaring,NaN,NaN,NaN,NaN,NaN,NaN,2.4788e-5,NaN,NaN,NaN,NaN,NaN,2.220446049250313e-16,6.66525811195424e-15,0.001695013618166279,245316055550.1183,mpmath_1792,76.07143353284282,3.8360384996437006e7,2.8543218328297913e7,53
frank_10,10,Int64,false,diagonalcheap,transfree,0.0,6.733700000000001e-5,0.001194759,0.000947416,0.000238462,0.081074044,13,3,1.256049604871135e-15,40.57609509276203,11.66720524640248,2.220446049250313e-16,2.16204156117972e-15,0.0005243899860062899,245316055550.1183,mpmath_1792,76.07143353284282,3.8360384996437006e7,2.8543218328297913e7,53
frank_10,10,Int64,false,diagonalcheap,transfree,0.0,0.0004903409999999999,0.002549028,0.002782111,0.000212483,0.006274648,43,2,4.282283513000539e-81,1101.93917177726,63.4874101384262,1.727233711018889e-77,9.423129121876886e-76,2.233120310102072e-64,245316055550.1183,mpmath_1792,76.07143353284282,3.8360384996437006e7,2.8543218328297913e7,256
frank_10,10,Int64,false,diagonalcheap,transfree,0.0,0.0015376,0.006331698000000002,0.010266139999999998,0.001291581,0.019735244,91,3,1.083602704461564e-279,40.576095092762,11.02321112714945,1.331998346195134e-256,1.895179081019467e-255,4.745948640803334e-244,245316055550.1183,mpmath_1792,76.07143353284282,3.8360384996437006e7,2.8543218328297913e7,851
frank_10,10,Int64,false,diagonalcheap,complexschur,0.002297841,0.00015349,0.0026869669999999997,0.004267742,0.000996491,0.011564517,13,3,3.881558470133365e-16,36.71259772115952,7.520450497151999,2.220446049250313e-16,1.878023654077337e-14,0.004787115803617332,245316055550.1183,mpmath_1792,76.07143353284282,3.8360384996437006e7,2.8543218328297913e7,53
frank_10,10,Int64,false,diagonalcheap,complexschur,0.003317476,0.000459503,0.003853189,0.011560131,0.00140152,0.022296775,43,2,2.677243105769603e-80,975.4463625259141,68.36448722278035,1.727233711018889e-77,1.255850056059662e-75,3.720451897447289e-64,245316055550.1183,mpmath_1792,76.07143353284282,3.8360384996437006e7,2.8543218328297913e7,256
frank_10,10,Int64,false,diagonalcheap,complexschur,0.008612975,0.0008749399999999999,0.009059055000000002,0.023392772,0.001660461,0.045267639,91,3,1.829732531626471e-280,36.71259772115944,10.166990084528486,1.331998346195134e-256,1.577908819651978e-254,4.347181601886808e-243,245316055550.1183,mpmath_1792,76.07143353284282,3.8360384996437006e7,2.8543218328297913e7,851
frank_10,10,Int64,false,diagonalcheap,realschur,0.002015345,7.180599999999998e-5,0.0013640180000000003,0.000884998,0.000355935,0.005146827,13,3,3.881558470133365e-16,36.71259772115952,7.520450497151999,2.220446049250313e-16,1.878023654077337e-14,0.004787115803617332,245316055550.1183,mpmath_1792,76.07143353284282,3.8360384996437006e7,2.8543218328297913e7,53
frank_10,10,Int64,false,diagonalcheap,realschur,0.003323427,0.00030629,0.0028116369999999996,0.0021805279999999997,0.000284139,0.009383769,43,2,2.677243105769603e-80,975.4463625259141,68.36448722278037,1.727233711018889e-77,1.255850056059662e-75,3.720451897447289e-64,245316055550.1183,mpmath_1792,76.07143353284282,3.8360384996437006e7,2.8543218328297913e7,256
frank_10,10,Int64,false,diagonalcheap,realschur,0.009655644,0.00085353,0.009733122000000002,0.008137416,0.001312661,0.030879203,91,3,1.829732531626471e-280,36.71259772115944,10.166990084528488,1.331998346195134e-256,1.577908819651978e-254,4.347181601886808e-243,245316055550.1183,mpmath_1792,76.07143353284282,3.8360384996437006e7,2.8543218328297913e7,851
frank_10,10,Int64,false,taylor,transfree,0.0,0.0004425,0.001276616,0.0016299500000000002,0.000398857,0.004097376,30,3,2.220446049250313e-16,30.66432698567708,1,2.220446049250313e-16,2.709505979407939e-16,6.757514002718597e-05,245316055550.1183,mpmath_1792,76.07143353284282,3.8360384996437006e7,2.8543218328297913e7,53
frank_10,10,Int64,false,taylor,transfree,0.0,0.001120076,0.002277651,0.0032507810000000003,0.000368349,0.007402609,81,3,1.93334026968276e-79,30.66432698567708,1,1.727233711018889e-77,1.459709161412864e-77,4.01567932854067e-66,245316055550.1183,mpmath_1792,76.07143353284282,3.8360384996437006e7,2.8543218328297913e7,256
frank_10,10,Int64,false,taylor,transfree,0.0,0.001036599,0.0039260910000000005,0.00494808,0.002770138,0.013010672,90,9,9.966316950743724e-257,1.070379191993526,1,1.331998346195134e-256,2.439341108560049e-254,6.077882232605732e-243,245316055550.1183,mpmath_1792,76.07143353284282,3.8360384996437006e7,2.8543218328297913e7,851
frank_10,10,Int64,false,taylor,complexschur,0.003038617,0.000628925,0.0021803309999999998,0.006281961000000001,0.001866142,0.015434121,30,3,2.220446049250313e-16,27.91221271967624,1,2.220446049250313e-16,1.909268934034144e-14,0.004809042804106418,245316055550.1183,mpmath_1792,76.07143353284282,3.8360384996437006e7,2.8543218328297913e7,53
frank_10,10,Int64,false,taylor,complexschur,0.003400563,0.000739263,0.0019918130000000003,0.007467499,0.002054108,0.017455667,81,3,5.769382546275767e-80,27.91221271967623,1,1.727233711018889e-77,8.454203376394964e-76,1.879426409252022e-64,245316055550.1183,mpmath_1792,76.07143353284282,3.8360384996437006e7,2.8543218328297913e7,256
frank_10,10,Int64,false,taylor,complexschur,0.011458987,0.000914678,0.005203673999999999,0.008297097000000002,0.005921658,0.034113942,90,9,2.964284809394224e-257,1.066073525324286,1,1.331998346195134e-256,1.610039036066252e-254,4.340324879975976e-243,245316055550.1183,mpmath_1792,76.07143353284282,3.8360384996437006e7,2.8543218328297913e7,851
frank_10,10,Int64,false,taylor,realschur,0.002915603,0.00042091800000000005,0.0014928680000000003,0.00160793,0.00050084,0.007606125,30,3,2.220446049250313e-16,27.91221271967624,1,2.220446049250313e-16,1.909268934034144e-14,0.004809042804106418,245316055550.1183,mpmath_1792,76.07143353284282,3.8360384996437006e7,2.8543218328297913e7,53
frank_10,10,Int64,false,taylor,realschur,0.003852251,0.000499311,0.001571021,0.002140292,0.00043199,0.009034185,81,3,5.769382546275767e-80,27.91221271967623,1,1.727233711018889e-77,8.454203376394964e-76,1.879426409252022e-64,245316055550.1183,mpmath_1792,76.07143353284282,3.8360384996437006e7,2.8543218328297913e7,256
frank_10,10,Int64,false,taylor,realschur,0.006382082,0.00058495,0.005350723000000001,0.032068733,0.002579977,0.047840682,90,9,2.964284809394224e-257,1.066073525324286,1,1.331998346195134e-256,1.610039036066252e-254,4.340324879975976e-243,245316055550.1183,mpmath_1792,76.07143353284282,3.8360384996437006e7,2.8543218328297913e7,851
gcdmat_10,10,Int64,true,scaling_and_squaring,NaN,NaN,NaN,NaN,NaN,NaN,5.8922e-5,NaN,NaN,NaN,NaN,NaN,2.220446049250313e-16,6.4897028587333e-15,5.5760871168888e-06,978252855.0300817,mpmath_1792,25.59296776055704,211.5,109.46979850012478,53
gcdmat_10,10,Int64,true,diagonalcheap,transfree,0.001356876,0.0,0.0,0.0,0.0,0.083980169,NaN,NaN,NaN,NaN,NaN,2.220446049250313e-16,1.188639232438971e-15,1.051535717486005e-06,978252855.0300817,mpmath_1792,25.59296776055704,211.5,109.46979850012478,53
gcdmat_10,10,Int64,true,diagonalcheap,transfree,0.003827644,0.0,0.0,0.0,0.0,0.004195272,NaN,NaN,NaN,NaN,NaN,1.727233711018889e-77,1.826859645448771e-76,2.19665190447582e-67,978252855.0300817,mpmath_1792,25.59296776055704,211.5,109.46979850012478,256
gcdmat_10,10,Int64,true,diagonalcheap,transfree,0.009995319,0.0,0.0,0.0,0.0,0.010620355,NaN,NaN,NaN,NaN,NaN,1.331998346195134e-256,1.054336772118738e-254,1.044963666372362e-245,978252855.0300817,mpmath_1792,25.59296776055704,211.5,109.46979850012478,851
gcdmat_10,10,Int64,true,diagonalcheap,complexschur,0.001463267,0.000126501,0.0022222469999999997,0.004301266,0.001054912,0.010624464,13,2,7.992639001934746e-15,160.4201807247613,14.068015486409234,2.220446049250313e-16,2.095073425468791e-14,2.103198517179622e-05,978252855.0300817,mpmath_1792,25.59296776055704,211.5,109.46979850012478,53
gcdmat_10,10,Int64,true,diagonalcheap,complexschur,0.004043033,0.000568218,0.0048500539999999995,0.010239131,0.001217721,0.022550918,37,2,3.400543094419757e-76,160.4201807247608,12.933556220583652,1.727233711018889e-77,1.484477576630507e-75,1.470921425420419e-66,978252855.0300817,mpmath_1792,25.59296776055704,211.5,109.46979850012478,256
gcdmat_10,10,Int64,true,diagonalcheap,complexschur,0.008185404,0.0012005470000000002,0.011042565000000002,0.025519232,0.001770419,0.049947602,91,2,5.214299005625275e-259,160.4201807247582,12.597633186841048,1.331998346195134e-256,8.819209146589241e-256,9.7064904902845e-247,978252855.0300817,mpmath_1792,25.59296776055704,211.5,109.46979850012478,851
gcdmat_10,10,Int64,true,diagonalcheap,realschur,0.002111337,0.000101863,0.0018010379999999998,0.002148529,0.000302303,0.007299773,13,2,7.992639001934746e-15,160.4201807247613,14.068015486409234,2.220446049250313e-16,2.095073425468791e-14,2.103198517179622e-05,978252855.0300817,mpmath_1792,25.59296776055704,211.5,109.46979850012478,53
gcdmat_10,10,Int64,true,diagonalcheap,realschur,0.004095262,0.000404448,0.004356870999999999,0.0029862969999999997,0.000431829,0.012974694,37,2,3.400543094419757e-76,160.4201807247608,12.933556220583652,1.727233711018889e-77,1.484477576630507e-75,1.470921425420419e-66,978252855.0300817,mpmath_1792,25.59296776055704,211.5,109.46979850012478,256
gcdmat_10,10,Int64,true,diagonalcheap,realschur,0.008353754,0.000815949,0.008351178,0.008400584,0.000929053,0.028036749,91,2,5.214299005625275e-259,160.4201807247582,12.597633186841048,1.331998346195134e-256,8.819209146589241e-256,9.7064904902845e-247,978252855.0300817,mpmath_1792,25.59296776055704,211.5,109.46979850012478,851
gcdmat_10,10,Int64,true,taylor,transfree,0.002278244,0.0,0.0,0.0,0.0,0.002816706,NaN,NaN,NaN,NaN,NaN,2.220446049250313e-16,1.188639232438971e-15,1.051535717486005e-06,978252855.0300817,mpmath_1792,25.59296776055704,211.5,109.46979850012478,53
gcdmat_10,10,Int64,true,taylor,transfree,0.006182143,0.0,0.0,0.0,0.0,0.006796248,NaN,NaN,NaN,NaN,NaN,1.727233711018889e-77,1.826859645448771e-76,2.19665190447582e-67,978252855.0300817,mpmath_1792,25.59296776055704,211.5,109.46979850012478,256
gcdmat_10,10,Int64,true,taylor,transfree,0.015606278,0.0,0.0,0.0,0.0,0.016622737,NaN,NaN,NaN,NaN,NaN,1.331998346195134e-256,1.054336772118738e-254,1.044963666372362e-245,978252855.0300817,mpmath_1792,25.59296776055704,211.5,109.46979850012478,851
gcdmat_10,10,Int64,true,taylor,complexschur,0.002453977,0.0005914329999999999,0.0025549289999999996,0.006523732,0.001114385,0.014838701,36,2,0,68.49145187530257,1,2.220446049250313e-16,2.095073425468791e-14,2.103198517179622e-05,978252855.0300817,mpmath_1792,25.59296776055704,211.5,109.46979850012478,53
gcdmat_10,10,Int64,true,taylor,complexschur,0.00422045,0.001105918,0.0035108180000000006,0.011265388,0.001252316,0.023222603,90,2,1.288589985672725e-76,68.49145187530236,1,1.727233711018889e-77,1.484477576630507e-75,1.470921425420419e-66,978252855.0300817,mpmath_1792,25.59296776055704,211.5,109.46979850012478,256
gcdmat_10,10,Int64,true,taylor,complexschur,0.041281505,0.001250732,0.007821125000000002,0.010378525999999999,0.004808396,0.067127627,90,9,2.135769940618455e-268,1.04046766001904,1,1.331998346195134e-256,8.819209146589241e-256,9.7064904902845e-247,978252855.0300817,mpmath_1792,25.59296776055704,211.5,109.46979850012478,851
gcdmat_10,10,Int64,true,taylor,realschur,0.001354801,0.000243232,0.000923722,0.001064733,0.000209067,0.004185474,36,2,0,68.49145187530257,1,2.220446049250313e-16,2.095073425468791e-14,2.103198517179622e-05,978252855.0300817,mpmath_1792,25.59296776055704,211.5,109.46979850012478,53
gcdmat_10,10,Int64,true,taylor,realschur,0.002599494,0.0005028239999999999,0.0016182950000000003,0.0021841440000000003,0.00027938,0.007626864,90,2,1.288589985672725e-76,68.49145187530236,1,1.727233711018889e-77,1.484477576630507e-75,1.470921425420419e-66,978252855.0300817,mpmath_1792,25.59296776055704,211.5,109.46979850012478,256
gcdmat_10,10,Int64,true,taylor,realschur,0.005148922,0.000532363,0.004749952000000001,0.004498188,0.004338052,0.0204339,90,9,2.135769940618455e-268,1.04046766001904,1,1.331998346195134e-256,8.819209146589241e-256,9.7064904902845e-247,978252855.0300817,mpmath_1792,25.59296776055704,211.5,109.46979850012478,851
grcar_10,10,Int64,false,scaling_and_squaring,NaN,NaN,NaN,NaN,NaN,NaN,2.9997e-5,NaN,NaN,NaN,NaN,NaN,2.220446049250313e-16,2.42876421592867e-16,6.034249498779159e-15,23.31589524986434,mpmath_1792,4.977804507230434,8.503740648379052,2.885940149695911,53
grcar_10,10,Int64,false,diagonalcheap,transfree,0.0,7.193699999999999e-5,0.001086563,0.0010795809999999998,4.0e-8,0.072857922,13,0,4.980643161760932e-16,23.31589524986434,11.735261662675788,2.220446049250313e-16,2.457722141445872e-16,4.899169167298503e-15,23.31589524986434,mpmath_1792,4.977804507230434,8.503740648379052,2.885940149695911,53
grcar_10,10,Int64,false,diagonalcheap,transfree,0.0,0.00022196099999999998,0.0017690370000000002,0.0023897650000000003,3.0e-8,0.004565394,31,0,1.14881078163416e-76,23.31589524986434,11.319471284249254,1.727233711018889e-77,2.152284039366227e-77,5.120002033928251e-76,23.31589524986434,mpmath_1792,4.977804507230434,8.503740648379052,2.885940149695911,256
grcar_10,10,Int64,false,diagonalcheap,transfree,0.0,0.0005701419999999999,0.005001384,0.006105163,3.0e-8,0.01188718,81,0,1.189034369242139e-274,23.31589524986434,11.143419549170188,1.331998346195134e-256,1.273391601470923e-256,2.42270972365738e-255,23.31589524986434,mpmath_1792,4.977804507230434,8.503740648379052,2.885940149695911,851
grcar_10,10,Int64,false,diagonalcheap,complexschur,0.003719549,0.00015985400000000002,0.0018655999999999996,0.0048969750000000005,4.0e-8,0.012288091,13,0,3.151183651689792e-16,20.15606766458666,8.05908294040557,2.220446049250313e-16,2.571909150298095e-15,4.997846862240796e-14,23.31589524986434,mpmath_1792,4.977804507230434,8.503740648379052,2.885940149695911,53
grcar_10,10,Int64,false,diagonalcheap,complexschur,0.006202071,0.000684661,0.003681433,0.010234502,5.1e-8,0.022988128,31,0,1.783720436954724e-78,20.07558063689587,7.39351645512161,1.727233711018889e-77,2.357728125541713e-76,4.989320578781819e-75,23.31589524986434,mpmath_1792,4.977804507230434,8.503740648379052,2.885940149695911,256
grcar_10,10,Int64,false,diagonalcheap,complexschur,0.011506478,0.0020413840000000003,0.043762965999999986,0.019415905,3.1e-8,0.079288315,81,0,1.529085610857828e-278,20.11692545078305,5.815807355257554,1.331998346195134e-256,2.110936322589159e-255,4.115491604453984e-254,23.31589524986434,mpmath_1792,4.977804507230434,8.503740648379052,2.885940149695911,851
grcar_10,10,Int64,false,diagonalcheap,realschur,0.001993183,6.8008e-5,0.0011071809999999998,0.000939283,4.0e-8,0.004435829,13,0,1.68900747260645e-16,23.33252676906935,9.615851768650936,2.220446049250313e-16,2.436251463009023e-15,4.581513228006362e-14,23.31589524986434,mpmath_1792,4.977804507230434,8.503740648379052,2.885940149695911,53
grcar_10,10,Int64,false,diagonalcheap,realschur,0.005476583,0.00025746899999999997,0.002107589,0.001895095,4.0e-8,0.010160423,31,0,7.914202105423218e-78,23.33252676906934,9.401435429300182,1.727233711018889e-77,2.197233002530857e-76,4.771257322765684e-75,23.31589524986434,mpmath_1792,4.977804507230434,8.503740648379052,2.885940149695911,256
grcar_10,10,Int64,false,diagonalcheap,realschur,0.00770349,0.000859265,0.0076783200000000015,0.008996513,1.5e-7,0.026216915,81,0,3.858907142871259e-277,23.33252676906935,7.887003621036275,1.331998346195134e-256,2.239365588459308e-255,4.461164342844777e-254,23.31589524986434,mpmath_1792,4.977804507230434,8.503740648379052,2.885940149695911,851
grcar_10,10,Int64,false,taylor,transfree,0.0,0.00029513000000000006,0.000754854,0.001000518,1.4e-7,0.00226592,30,0,2.220446049250313e-16,18,1,2.220446049250313e-16,6.755604078022991e-17,1.086522319940148e-15,23.31589524986434,mpmath_1792,4.977804507230434,8.503740648379052,2.885940149695911,53
grcar_10,10,Int64,false,taylor,transfree,0.0,0.000556324,0.0010508670000000003,0.002794081,3.0e-8,0.00460001,81,0,4.118046071574423e-84,18,1,1.727233711018889e-77,4.909011868946996e-78,9.339092861585167e-77,23.31589524986434,mpmath_1792,4.977804507230434,8.503740648379052,2.885940149695911,256
grcar_10,10,Int64,false,taylor,transfree,0.0,0.0006021829999999997,0.003485722,0.00643862,0.002605074,0.013525068,90,6,3.837092630373153e-268,1.07972721713368,1,1.331998346195134e-256,2.223746429414285e-255,3.18290917804138e-254,23.31589524986434,mpmath_1792,4.977804507230434,8.503740648379052,2.885940149695911,851
grcar_10,10,Int64,false,taylor,complexschur,0.003958182,0.000713593,0.0013300060000000001,0.005045095,3.0e-8,0.01230341,30,0,2.220446049250313e-16,19.03215229569967,1,2.220446049250313e-16,2.537533404631152e-15,4.964540171502041e-14,23.31589524986434,mpmath_1792,4.977804507230434,8.503740648379052,2.885940149695911,53
grcar_10,10,Int64,false,taylor,complexschur,0.00417309,0.0009602330000000001,0.0014982189999999999,0.007374989000000001,3.0e-8,0.015484507,72,0,3.455344565851023e-77,18.96538925048826,1,1.727233711018889e-77,2.266477874477898e-76,4.89432272467578e-75,23.31589524986434,mpmath_1792,4.977804507230434,8.503740648379052,2.885940149695911,256
grcar_10,10,Int64,false,taylor,complexschur,0.014088738,0.0015735779999999997,0.007914168000000001,0.017015734,0.033848639,0.07783149,90,6,6.367446871186095e-270,1.074424929122097,1,1.331998346195134e-256,2.105030305757467e-255,4.057216676807946e-254,23.31589524986434,mpmath_1792,4.977804507230434,8.503740648379052,2.885940149695911,851
grcar_10,10,Int64,false,taylor,realschur,0.002030503,0.000257978,0.000601793,0.00096362,4.0e-8,0.004187487,30,0,1.110223024625157e-16,20.85991543753857,1,2.220446049250313e-16,2.409507348963397e-15,4.620371033868243e-14,23.31589524986434,mpmath_1792,4.977804507230434,8.503740648379052,2.885940149695911,53
grcar_10,10,Int64,false,taylor,realschur,0.00386726,0.00041469499999999997,0.0012089350000000002,0.0018496710000000002,0.000136238,0.007942443,64,1,8.236092143148846e-84,6.189151623752461,1,1.727233711018889e-77,2.176585779391726e-76,4.887845598259459e-75,23.31589524986434,mpmath_1792,4.977804507230434,8.503740648379052,2.885940149695911,256
grcar_10,10,Int64,false,taylor,realschur,0.007775777,0.0005750299999999998,0.0036086670000000003,0.0033683420000000003,0.001453899,0.017540959,90,6,2.597369632879723e-269,1.09536289805333,1,1.331998346195134e-256,2.246226490993162e-255,4.261364590915507e-254,23.31589524986434,mpmath_1792,4.977804507230434,8.503740648379052,2.885940149695911,851
hanowa_10,10,Int64,false,scaling_and_squaring,NaN,NaN,NaN,NaN,NaN,NaN,2.5738e-5,NaN,NaN,NaN,NaN,NaN,2.220446049250313e-16,2.219832146426982e-16,1.750546679432155e-16,0.5188741290196174,mpmath_1792,3.464101615137755,6.0,3.60555127546399,53
hanowa_10,10,Int64,false,diagonalcheap,transfree,0.0,0.000547511,0.004296624,0.0036499070000000004,4.0e-8,0.084992852,57,0,9.282671632980442e-17,0.5188741290196175,1.984357494858559,2.220446049250313e-16,1.37291959404307,0.7320773275847352,0.5188741290196174,mpmath_1792,3.464101615137755,6.0,3.60555127546399,53
hanowa_10,10,Int64,false,diagonalcheap,transfree,0.0,0.00037985099999999995,0.0032569,0.002336904,3.0e-8,0.006208353,43,0,1.376175508590973e-82,0.5188741290196172,2.0011967031460243,1.727233711018889e-77,1.37291959404307,0.7320773275847352,0.5188741290196174,mpmath_1792,3.464101615137755,6.0,3.60555127546399,256
hanowa_10,10,Int64,false,diagonalcheap,transfree,0.0,0.0008160189999999999,0.007576097000000003,0.005876996,6.0e-8,0.014560393,91,0,2.342173884660065e-258,0.5188741290196173,1.965297143140674,1.331998346195134e-256,1.37291959404307,0.7320773275847352,0.5188741290196174,mpmath_1792,3.464101615137755,6.0,3.60555127546399,851
hanowa_10,10,Int64,false,diagonalcheap,complexschur,0.000674921,0.0,0.0,0.0,0.0,0.001834872,0,0,NaN,NaN,1,2.220446049250313e-16,6.241390485402503e-16,4.498186625947744e-16,0.5188741290196174,mpmath_1792,3.464101615137755,6.0,3.60555127546399,53
hanowa_10,10,Int64,false,diagonalcheap,complexschur,0.000685872,0.0,0.0,0.0,0.0,0.001928871,0,0,NaN,NaN,1,1.727233711018889e-77,4.74441645406894e-77,3.501904020148319e-77,0.5188741290196174,mpmath_1792,3.464101615137755,6.0,3.60555127546399,256
hanowa_10,10,Int64,false,diagonalcheap,complexschur,0.000849542,0.0,0.0,0.0,0.0,0.002481279,0,0,NaN,NaN,1,1.331998346195134e-256,1.161964867635811e-256,1.101069953330206e-256,0.5188741290196174,mpmath_1792,3.464101615137755,6.0,3.60555127546399,851
hanowa_10,10,Int64,false,diagonalcheap,realschur,0.0,0.000534696,0.003945949000000001,0.002453156,4.0e-8,0.007207709,57,0,9.282671632980442e-17,0.5188741290196175,1.984357494858559,2.220446049250313e-16,1.37291959404307,0.7320773275847352,0.5188741290196174,mpmath_1792,3.464101615137755,6.0,3.60555127546399,53
hanowa_10,10,Int64,false,diagonalcheap,realschur,0.0,0.000284458,0.002345348,0.0020233639999999997,3.0e-8,0.004861006,43,0,1.376175508590973e-82,0.5188741290196172,2.0011967031460243,1.727233711018889e-77,1.37291959404307,0.7320773275847352,0.5188741290196174,mpmath_1792,3.464101615137755,6.0,3.60555127546399,256
hanowa_10,10,Int64,false,diagonalcheap,realschur,0.0,0.0008222230000000001,0.007489824000000001,0.005793135999999999,5.0e-8,0.01441622,91,0,2.342173884660065e-258,0.5188741290196173,1.965297143140674,1.331998346195134e-256,1.37291959404307,0.7320773275847352,0.5188741290196174,mpmath_1792,3.464101615137755,6.0,3.60555127546399,851
hanowa_10,10,Int64,false,taylor,transfree,0.0,0.00035396999999999995,0.0008808510000000001,0.0013404049999999998,0.000132581,0.003032686,30,1,0,2,1,2.220446049250313e-16,2.225044702305947,1.555777228669584,0.5188741290196174,mpmath_1792,3.464101615137755,6.0,3.60555127546399,53
hanowa_10,10,Int64,false,taylor,transfree,0.0,0.000604786,0.001463526,0.002811157,0.000180011,0.005387715,81,1,8.236092143148846e-84,2,1,1.727233711018889e-77,2.225044702305947,1.555777228669584,0.5188741290196174,mpmath_1792,3.464101615137755,6.0,3.60555127546399,256
hanowa_10,10,Int64,false,taylor,transfree,0.0,0.000730288,0.004845042999999999,0.0034221459999999996,0.002321526,0.01171319,90,7,4.762509074102828e-267,1.030209689467612,1,1.331998346195134e-256,3.922380712683206,2.455223939836046,0.5188741290196174,mpmath_1792,3.464101615137755,6.0,3.60555127546399,851
hanowa_10,10,Int64,false,taylor,complexschur,0.000704176,0.0,0.0,0.0,0.0,0.001920254,0,0,NaN,NaN,1,2.220446049250313e-16,6.241390485402503e-16,4.498186625947744e-16,0.5188741290196174,mpmath_1792,3.464101615137755,6.0,3.60555127546399,53
hanowa_10,10,Int64,false,taylor,complexschur,0.000701522,0.0,0.0,0.0,0.0,0.001963496,0,0,NaN,NaN,1,1.727233711018889e-77,4.74441645406894e-77,3.501904020148319e-77,0.5188741290196174,mpmath_1792,3.464101615137755,6.0,3.60555127546399,256
hanowa_10,10,Int64,false,taylor,complexschur,0.000755845,0.0,0.0,0.0,0.0,0.002148447,0,0,NaN,NaN,1,1.331998346195134e-256,1.161964867635811e-256,1.101069953330206e-256,0.5188741290196174,mpmath_1792,3.464101615137755,6.0,3.60555127546399,851
hanowa_10,10,Int64,false,taylor,realschur,0.0,0.00033599,0.000845602,0.001308974,0.000130207,0.002929179,30,1,0,2,1,2.220446049250313e-16,2.225044702305947,1.555777228669584,0.5188741290196174,mpmath_1792,3.464101615137755,6.0,3.60555127546399,53
hanowa_10,10,Int64,false,taylor,realschur,0.0,0.0005994780000000001,0.0014253649999999998,0.002797711,0.000181485,0.005324986,81,1,8.236092143148846e-84,2,1,1.727233711018889e-77,2.225044702305947,1.555777228669584,0.5188741290196174,mpmath_1792,3.464101615137755,6.0,3.60555127546399,256
hanowa_10,10,Int64,false,taylor,realschur,0.0,0.000753207,0.004645300000000001,0.003653534,0.002695445,0.012205003,90,7,4.762509074102828e-267,1.030209689467612,1,1.331998346195134e-256,3.922380712683206,2.455223939836046,0.5188741290196174,mpmath_1792,3.464101615137755,6.0,3.60555127546399,851
hilbert_10,10,Rational{Int64},true,scaling_and_squaring,NaN,NaN,NaN,NaN,NaN,NaN,6.1506e-5,NaN,NaN,NaN,NaN,NaN,2.220446049250313e-16,5.482399318630567e-16,4.57958085513947e-15,9.490802135784818,mpmath_1792,1.564345405905481,3.53568436158517e13,1.602441698742836e13,53
hilbert_10,10,Rational{Int64},true,diagonalcheap,transfree,0.001042468,0.0,0.0,0.0,0.0,0.070665402,NaN,NaN,NaN,NaN,NaN,2.220446049250313e-16,5.395503342459803e-16,4.923415071313133e-15,9.490802135784818,mpmath_1792,1.564345405905481,3.53568436158517e13,1.602441698742836e13,53
hilbert_10,10,Rational{Int64},true,diagonalcheap,transfree,0.002663846,0.0,0.0,0.0,0.0,0.003095996,NaN,NaN,NaN,NaN,NaN,1.727233711018889e-77,8.319023751167636e-77,9.157187033266194e-76,9.490802135784818,mpmath_1792,1.564345405905481,3.53568436158517e13,1.602441698742836e13,256
hilbert_10,10,Rational{Int64},true,diagonalcheap,transfree,0.006850531,0.0,0.0,0.0,0.0,0.007603019,NaN,NaN,NaN,NaN,NaN,1.331998346195134e-256,2.576315021004718e-256,2.172880840530128e-255,9.490802135784818,mpmath_1792,1.564345405905481,3.53568436158517e13,1.602441698742836e13,851
hilbert_10,10,Rational{Int64},true,diagonalcheap,complexschur,0.001075371,2.575e-6,0.00109549,0.00224544,4.0e-8,0.005316029,9,0,3.408247807101795e-17,5.76566022567973,2.4559013686478584,2.220446049250313e-16,2.874432333044984e-15,3.32013379893864e-14,9.490802135784818,mpmath_1792,1.564345405905481,3.53568436158517e13,1.602441698742836e13,53
hilbert_10,10,Rational{Int64},true,diagonalcheap,complexschur,0.001860921,0.000444554,0.003318727,0.009290293,4.1e-8,0.016593532,31,0,0,5.765660225679714,2.416326847090508,1.727233711018889e-77,8.550880461239659e-77,9.511190839874793e-76,9.490802135784818,mpmath_1792,1.564345405905481,3.53568436158517e13,1.602441698742836e13,256
hilbert_10,10,Rational{Int64},true,diagonalcheap,complexschur,0.051044905,0.0006607529999999999,0.007180825,0.012346521999999999,3.0e-8,0.072687128,73,0,3.572305405260116e-263,5.76566022567972,2.4075404535172757,1.331998346195134e-256,5.691969367443705e-256,5.017625602079258e-255,9.490802135784818,mpmath_1792,1.564345405905481,3.53568436158517e13,1.602441698742836e13,851
hilbert_10,10,Rational{Int64},true,diagonalcheap,realschur,0.00105888,2.0939999999999998e-6,0.0008814930000000001,0.0006586389999999999,3.0e-8,0.002975997,9,0,3.408247807101795e-17,5.76566022567973,2.4559013686478584,2.220446049250313e-16,2.874432333044984e-15,3.32013379893864e-14,9.490802135784818,mpmath_1792,1.564345405905481,3.53568436158517e13,1.602441698742836e13,53
hilbert_10,10,Rational{Int64},true,diagonalcheap,realschur,0.001801078,0.00022311599999999998,0.001916858,0.001706768,4.0e-8,0.006089568,31,0,0,5.765660225679714,2.416326847090508,1.727233711018889e-77,8.550880461239659e-77,9.511190839874793e-76,9.490802135784818,mpmath_1792,1.564345405905481,3.53568436158517e13,1.602441698742836e13,256
hilbert_10,10,Rational{Int64},true,diagonalcheap,realschur,0.00706071,0.000785673,0.007634048,0.005409304,3.0e-8,0.021839789,73,0,3.572305405260116e-263,5.76566022567972,2.4075404535172757,1.331998346195134e-256,5.691969367443705e-256,5.017625602079258e-255,9.490802135784818,mpmath_1792,1.564345405905481,3.53568436158517e13,1.602441698742836e13,851
hilbert_10,10,Rational{Int64},true,taylor,transfree,0.00106447,0.0,0.0,0.0,0.0,0.001490549,NaN,NaN,NaN,NaN,NaN,2.220446049250313e-16,5.395503342459803e-16,4.923415071313133e-15,9.490802135784818,mpmath_1792,1.564345405905481,3.53568436158517e13,1.602441698742836e13,53
hilbert_10,10,Rational{Int64},true,taylor,transfree,0.0028191,0.0,0.0,0.0,0.0,0.003306766,NaN,NaN,NaN,NaN,NaN,1.727233711018889e-77,8.319023751167636e-77,9.157187033266194e-76,9.490802135784818,mpmath_1792,1.564345405905481,3.53568436158517e13,1.602441698742836e13,256
hilbert_10,10,Rational{Int64},true,taylor,transfree,0.009645044,0.0,0.0,0.0,0.0,0.010835975,NaN,NaN,NaN,NaN,NaN,1.331998346195134e-256,2.576315021004718e-256,2.172880840530128e-255,9.490802135784818,mpmath_1792,1.564345405905481,3.53568436158517e13,1.602441698742836e13,851
hilbert_10,10,Rational{Int64},true,taylor,complexschur,0.001858467,0.00045544400000000005,0.0011142430000000002,0.005046959,7.0e-8,0.009739334,25,0,5.551115123125783e-17,5.182702823227659,1,2.220446049250313e-16,2.874432333044984e-15,3.32013379893864e-14,9.490802135784818,mpmath_1792,1.564345405905481,3.53568436158517e13,1.602441698742836e13,53
hilbert_10,10,Rational{Int64},true,taylor,complexschur,0.001863366,0.0006872320000000001,0.0012561670000000003,0.006925523,9.0e-8,0.012410724,72,0,2.059023035787212e-84,5.182702823227648,1,1.727233711018889e-77,8.550880461239659e-77,9.511190839874793e-76,9.490802135784818,mpmath_1792,1.564345405905481,3.53568436158517e13,1.602441698742836e13,256
hilbert_10,10,Rational{Int64},true,taylor,complexschur,0.007225383,0.001420265,0.008308967,0.011967864,0.003246041,0.034004616,90,6,6.886270049533194e-282,1.027751847949648,1,1.331998346195134e-256,5.691969367443705e-256,5.017625602079258e-255,9.490802135784818,mpmath_1792,1.564345405905481,3.53568436158517e13,1.602441698742836e13,851
hilbert_10,10,Rational{Int64},true,taylor,realschur,0.001120857,0.000175692,0.000538552,0.000797013,4.0e-8,0.003009882,25,0,5.551115123125783e-17,5.182702823227659,1,2.220446049250313e-16,2.874432333044984e-15,3.32013379893864e-14,9.490802135784818,mpmath_1792,1.564345405905481,3.53568436158517e13,1.602441698742836e13,53
hilbert_10,10,Rational{Int64},true,taylor,realschur,0.001843418,0.000429493,0.0009035,0.0018498769999999998,3.0e-8,0.005466134,72,0,2.059023035787212e-84,5.182702823227648,1,1.727233711018889e-77,8.550880461239659e-77,9.511190839874793e-76,9.490802135784818,mpmath_1792,1.564345405905481,3.53568436158517e13,1.602441698742836e13,256
hilbert_10,10,Rational{Int64},true,taylor,realschur,0.035437104,0.000536468,0.004297268000000001,0.0030740229999999995,0.001709574,0.045874783,90,6,6.886270049533194e-282,1.027751847949648,1,1.331998346195134e-256,5.691969367443705e-256,5.017625602079258e-255,9.490802135784818,mpmath_1792,1.564345405905481,3.53568436158517e13,1.602441698742836e13,851
invhess_10,10,Int64,false,scaling_and_squaring,NaN,NaN,NaN,NaN,NaN,NaN,2.5628e-5,NaN,NaN,NaN,NaN,NaN,2.220446049250313e-16,1.813143040552056e-15,8.308260405957289e-12,3729.716758954511,mpmath_1792,34.5524738524913,54.99999999999999,21.887598458218704,53
invhess_10,10,Int64,false,diagonalcheap,transfree,0.0,7.847e-5,0.0014034319999999998,0.00109074,0.000261667,0.081166882,13,3,5.954660957309963e-16,4.903270679725938,5.50746178084438,2.220446049250313e-16,1.484361833919267e-15,7.496941003247042e-12,3729.716758954511,mpmath_1792,34.5524738524913,54.99999999999999,21.887598458218704,53
invhess_10,10,Int64,false,diagonalcheap,transfree,0.0,0.000304976,0.003126933999999999,0.003321973,0.000276315,0.007266441,43,2,6.323199961839163e-81,22.15575440314777,9.12399905140529,1.727233711018889e-77,9.964209024264629e-77,3.704862300450255e-73,3729.716758954511,mpmath_1792,34.5524738524913,54.99999999999999,21.887598458218704,256
invhess_10,10,Int64,false,diagonalcheap,transfree,0.0,0.0006463780000000002,0.0066040310000000015,0.010327599,0.001288405,0.019208645,91,3,5.094833245561252e-281,4.903270679725939,5.591922834975226,1.331998346195134e-256,6.136881918714579e-256,3.061857603630387e-252,3729.716758954511,mpmath_1792,34.5524738524913,54.99999999999999,21.887598458218704,851
invhess_10,10,Int64,false,diagonalcheap,complexschur,0.002900595,0.000187644,0.0031002929999999996,0.0056898700000000005,0.001082845,0.014573618,13,3,3.481048431806853e-16,6.611678030855812,3.8936906487116056,2.220446049250313e-16,1.344100029274147e-14,5.135534450941872e-11,3729.716758954511,mpmath_1792,34.5524738524913,54.99999999999999,21.887598458218704,53
invhess_10,10,Int64,false,diagonalcheap,complexschur,0.003350018,0.000735465,0.004471922999999999,0.013230653,0.001593014,0.026077141,43,2,2.12794804673453e-81,21.27922592001491,11.166815432459329,1.727233711018889e-77,7.171280015822564e-76,2.625808036018219e-72,3729.716758954511,mpmath_1792,34.5524738524913,54.99999999999999,21.887598458218704,256
invhess_10,10,Int64,false,diagonalcheap,complexschur,0.008498429,0.002263297,0.013147869000000001,0.022408181,0.002248307,0.051728884,91,3,5.588176710078128e-280,2.948544531639209,3.8582565929184924,1.331998346195134e-256,1.957331857692701e-254,7.381238638244927e-251,3729.716758954511,mpmath_1792,34.5524738524913,54.99999999999999,21.887598458218704,851
invhess_10,10,Int64,false,diagonalcheap,realschur,0.001750442,6.9149e-5,0.001292011,0.000940154,0.00030541,0.004743923,13,3,2.533204218130093e-16,3.597388406519565,3.2411735725299655,2.220446049250313e-16,1.43400520974965e-14,5.444318057014393e-11,3729.716758954511,mpmath_1792,34.5524738524913,54.99999999999999,21.887598458218704,53
invhess_10,10,Int64,false,diagonalcheap,realschur,0.003212737,0.00037269500000000004,0.003508831,0.003948603,0.000521681,0.012312998,43,2,4.543345130187256e-81,19.86706675241435,10.830576874447322,1.727233711018889e-77,6.047114454912467e-76,2.200915713685839e-72,3729.716758954511,mpmath_1792,34.5524738524913,54.99999999999999,21.887598458218704,256
invhess_10,10,Int64,false,diagonalcheap,realschur,0.049211235,0.000679158,0.007240851000000002,0.0058335010000000005,0.00079534,0.06456793,91,3,4.165994287576365e-281,3.712116210964506,3.6658573639118406,1.331998346195134e-256,2.089175370786533e-254,7.972041446951378e-251,3729.716758954511,mpmath_1792,34.5524738524913,54.99999999999999,21.887598458218704,851
invhess_10,10,Int64,false,taylor,transfree,0.0,0.00025894199999999996,0.000897895,0.0011162589999999999,0.000254774,0.002738407,30,3,2.220446049250313e-16,13.1680908203125,1,2.220446049250313e-16,6.4102505252554e-16,2.723622349238344e-12,3729.716758954511,mpmath_1792,34.5524738524913,54.99999999999999,21.887598458218704,53
invhess_10,10,Int64,false,taylor,transfree,0.0,0.00048216500000000006,0.0014238410000000006,0.0031173969999999996,0.00037956,0.005619014,81,3,1.970157248781064e-77,13.1680908203125,1,1.727233711018889e-77,5.53260700181134e-77,2.609510945665933e-73,3729.716758954511,mpmath_1792,34.5524738524913,54.99999999999999,21.887598458218704,256
invhess_10,10,Int64,false,taylor,transfree,0.0,0.0009033350000000002,0.007119468,0.009533804,0.004111453,0.022157,90,10,1.032940507429979e-281,1.053810839383489,1,1.331998346195134e-256,1.060617353502277e-254,3.651544106112609e-251,3729.716758954511,mpmath_1792,34.5524738524913,54.99999999999999,21.887598458218704,851
invhess_10,10,Int64,false,taylor,complexschur,0.002646693,0.000625373,0.0016019839999999994,0.005202834,0.001997701,0.014238282,30,3,0,7.587789087152665,1,2.220446049250313e-16,1.344548076936577e-14,5.134024547628381e-11,3729.716758954511,mpmath_1792,34.5524738524913,54.99999999999999,21.887598458218704,53
invhess_10,10,Int64,false,taylor,complexschur,0.005840695,0.001602311,0.003977088000000001,0.012772058999999999,0.001503202,0.027735408,81,3,4.44765447914324e-79,7.589077273761579,1,1.727233711018889e-77,7.205451943008991e-76,2.673277685070269e-72,3729.716758954511,mpmath_1792,34.5524738524913,54.99999999999999,21.887598458218704,256
invhess_10,10,Int64,false,taylor,complexschur,0.011298683,0.0016028390000000002,0.007666628999999999,0.011762142,0.010656484,0.047130887,90,10,3.443135024766597e-282,1.024612057494493,1,1.331998346195134e-256,1.957272472577817e-254,7.365982199432592e-251,3729.716758954511,mpmath_1792,34.5524738524913,54.99999999999999,21.887598458218704,851
invhess_10,10,Int64,false,taylor,realschur,0.002283945,0.000276497,0.001019035,0.001121314,0.000559903,0.005715928,30,3,2.220446049250313e-16,9.045001939799313,1,2.220446049250313e-16,1.430849327505601e-14,5.393372646180818e-11,3729.716758954511,mpmath_1792,34.5524738524913,54.99999999999999,21.887598458218704,53
invhess_10,10,Int64,false,taylor,realschur,0.003174975,0.00046753900000000005,0.001413069,0.0022000270000000002,0.000419516,0.008133626,81,3,6.219468509714565e-78,9.045001939799329,1,1.727233711018889e-77,6.081716674786746e-76,2.234636582398178e-72,3729.716758954511,mpmath_1792,34.5524738524913,54.99999999999999,21.887598458218704,256
invhess_10,10,Int64,false,taylor,realschur,0.007156211,0.0009583659999999999,0.010187442999999997,0.005793475999999999,0.002526114,0.027521832,90,10,1.032940507429979e-281,1.033794960931397,1,1.331998346195134e-256,2.088900700747543e-254,7.981099035705505e-251,3729.716758954511,mpmath_1792,34.5524738524913,54.99999999999999,21.887598458218704,851
jordbloc_10_1,10,Int64,false,scaling_and_squaring,NaN,NaN,NaN,NaN,NaN,NaN,2.2643e-5,NaN,NaN,NaN,NaN,NaN,2.220446049250313e-16,5.769599060633512e-17,7.330347805055677e-16,7.38905527560154,mpmath_1792,2.457489166124581,20.0,13.232029812481906,53
jordbloc_10_1,10,Int64,false,diagonalcheap,transfree,0.0,3.016e-6,0.0009496530000000001,0.000662617,3.0e-8,0.075044514,9,0,6.215601714198626e-16,7.389055275601542,2.703510110522506,2.220446049250313e-16,1.968942985087393e-16,1.999775708615159e-15,7.38905527560154,mpmath_1792,2.457489166124581,20.0,13.232029812481906,53
jordbloc_10_1,10,Int64,false,diagonalcheap,transfree,0.0,0.000333612,0.0021023599999999997,0.0016338320000000002,4.0e-8,0.0042152,31,0,2.821532050995605e-84,7.389055275601547,2.6468001901367706,1.727233711018889e-77,2.200528044169548e-77,2.09458697792021e-76,7.38905527560154,mpmath_1792,2.457489166124581,20.0,13.232029812481906,256
jordbloc_10_1,10,Int64,false,diagonalcheap,transfree,0.0,0.0013219190000000002,0.006106521000000001,0.0039174940000000005,4.0e-8,0.011516667,81,0,0,7.389055275601542,2.633336357318806,1.331998346195134e-256,1.572917159389074e-256,1.615577503381212e-255,7.38905527560154,mpmath_1792,2.457489166124581,20.0,13.232029812481906,851
jordbloc_10_1,10,Int64,false,diagonalcheap,complexschur,0.0,1.8340000000000001e-6,0.0006457640000000001,0.000643191,3.0e-8,0.001471242,9,0,6.215601714198626e-16,7.389055275601542,2.703510110522506,2.220446049250313e-16,1.968942985087393e-16,1.999775708615159e-15,7.38905527560154,mpmath_1792,2.457489166124581,20.0,13.232029812481906,53
jordbloc_10_1,10,Int64,false,diagonalcheap,complexschur,0.0,0.00029682199999999997,0.001653398,0.002534911,5.0e-8,0.004629947,31,0,2.821532050995605e-84,7.389055275601547,2.6468001901367706,1.727233711018889e-77,2.200528044169548e-77,2.09458697792021e-76,7.38905527560154,mpmath_1792,2.457489166124581,20.0,13.232029812481906,256
jordbloc_10_1,10,Int64,false,diagonalcheap,complexschur,0.0,0.001796167,0.007776261000000001,0.006809542,4.0e-8,0.01664516,81,0,0,7.389055275601542,2.633336357318806,1.331998346195134e-256,1.572917159389074e-256,1.615577503381212e-255,7.38905527560154,mpmath_1792,2.457489166124581,20.0,13.232029812481906,851
jordbloc_10_1,10,Int64,false,diagonalcheap,realschur,0.0,2.525e-6,0.0011711039999999999,0.00109084,4.0e-8,0.00251341,9,0,6.215601714198626e-16,7.389055275601542,2.703510110522506,2.220446049250313e-16,1.968942985087393e-16,1.999775708615159e-15,7.38905527560154,mpmath_1792,2.457489166124581,20.0,13.232029812481906,53
jordbloc_10_1,10,Int64,false,diagonalcheap,realschur,0.0,0.0003991370000000001,0.002260912,0.0017190620000000002,4.0e-8,0.004564794,31,0,2.821532050995605e-84,7.389055275601547,2.6468001901367706,1.727233711018889e-77,2.200528044169548e-77,2.09458697792021e-76,7.38905527560154,mpmath_1792,2.457489166124581,20.0,13.232029812481906,256
jordbloc_10_1,10,Int64,false,diagonalcheap,realschur,0.0,0.001218433,0.005490000000000001,0.006521796,4.0e-8,0.013471237,81,0,0,7.389055275601542,2.633336357318806,1.331998346195134e-256,1.572917159389074e-256,1.615577503381212e-255,7.38905527560154,mpmath_1792,2.457489166124581,20.0,13.232029812481906,851
jordbloc_10_1,10,Int64,false,taylor,transfree,0.0,0.000384288,0.0007187039999999998,0.001422408,5.0e-8,0.002753636,25,0,8.326672684688674e-17,6.333333333333334,1,2.220446049250313e-16,6.089168389494518e-17,4.729470077886053e-16,7.38905527560154,mpmath_1792,2.457489166124581,20.0,13.232029812481906,53
jordbloc_10_1,10,Int64,false,taylor,transfree,0.0,0.001008123,0.0011206269999999997,0.003139969,4.0e-8,0.005476434,72,0,2.059023035787212e-84,6.333333333333333,1,1.727233711018889e-77,2.552722529600701e-78,1.880316515654176e-77,7.38905527560154,mpmath_1792,2.457489166124581,20.0,13.232029812481906,256
jordbloc_10_1,10,Int64,false,taylor,transfree,0.0,0.0008469849999999999,0.0030320449999999997,0.002931968,0.001592742,0.008669383,90,6,7.880991758188264e-278,1.031743407499103,1,1.331998346195134e-256,6.984981106984306e-257,6.88268195581495e-256,7.38905527560154,mpmath_1792,2.457489166124581,20.0,13.232029812481906,851
jordbloc_10_1,10,Int64,false,taylor,complexschur,0.0,0.00033249900000000004,0.000469564,0.001010376,3.0e-8,0.001989566,25,0,8.326672684688674e-17,6.333333333333334,1,2.220446049250313e-16,6.089168389494518e-17,4.729470077886053e-16,7.38905527560154,mpmath_1792,2.457489166124581,20.0,13.232029812481906,53
jordbloc_10_1,10,Int64,false,taylor,complexschur,0.0,0.000528487,0.000647066,0.001821598,3.1e-8,0.003171308,72,0,2.059023035787212e-84,6.333333333333333,1,1.727233711018889e-77,2.552722529600701e-78,1.880316515654176e-77,7.38905527560154,mpmath_1792,2.457489166124581,20.0,13.232029812481906,256
jordbloc_10_1,10,Int64,false,taylor,complexschur,0.0,0.001397944,0.004996140999999998,0.004545128,0.002506476,0.01385766,90,6,7.880991758188264e-278,1.031743407499103,1,1.331998346195134e-256,6.984981106984306e-257,6.88268195581495e-256,7.38905527560154,mpmath_1792,2.457489166124581,20.0,13.232029812481906,851
jordbloc_10_1,10,Int64,false,taylor,realschur,0.0,0.00029456999999999997,0.0006238460000000002,0.001408101,4.0e-8,0.002552203,25,0,8.326672684688674e-17,6.333333333333334,1,2.220446049250313e-16,6.089168389494518e-17,4.729470077886053e-16,7.38905527560154,mpmath_1792,2.457489166124581,20.0,13.232029812481906,53
jordbloc_10_1,10,Int64,false,taylor,realschur,0.0,0.0005414479999999999,0.000728081,0.001879136,3.0e-8,0.00333518,72,0,2.059023035787212e-84,6.333333333333333,1,1.727233711018889e-77,2.552722529600701e-78,1.880316515654176e-77,7.38905527560154,mpmath_1792,2.457489166124581,20.0,13.232029812481906,256
jordbloc_10_1,10,Int64,false,taylor,realschur,0.0,0.0007632290000000001,0.002857853,0.00284604,0.001519514,0.008276628,90,6,7.880991758188264e-278,1.031743407499103,1,1.331998346195134e-256,6.984981106984306e-257,6.88268195581495e-256,7.38905527560154,mpmath_1792,2.457489166124581,20.0,13.232029812481906,851
kahan_10,10,Float64,false,scaling_and_squaring,NaN,NaN,NaN,NaN,NaN,NaN,2.2092e-5,NaN,NaN,NaN,NaN,NaN,2.220446049250313e-16,1.4342378167715e-16,9.497010628791811e-16,4.507097919017023,mpmath_1792,1.345100236310036,92.37047056626557,29.852624720016145,53
kahan_10,10,Float64,false,diagonalcheap,transfree,0.0,2.505e-6,0.0010406839999999998,0.0009834470000000001,9.0e-8,0.083610661,9,0,1.810461146703008e-17,4.503197440806563,5.067902629976462,2.220446049250313e-16,9.59715658986789e-17,8.068047368659816e-16,4.507097919017023,mpmath_1792,1.345100236310036,92.37047056626557,29.852624720016145,53
kahan_10,10,Float64,false,diagonalcheap,transfree,0.0,0.000249452,0.002017306,0.0016330210000000001,3.0e-8,0.004134146,25,0,3.165286602056007e-77,4.503197440806562,5.05647600558963,1.727233711018889e-77,8.348066167070422e-78,6.159890771796507e-77,4.507097919017023,mpmath_1792,1.345100236310036,92.37047056626557,29.852624720016145,256
kahan_10,10,Float64,false,diagonalcheap,transfree,0.0,0.0005082529999999999,0.04333538399999999,0.004202496,4.0e-8,0.04824902,73,0,4.486785679237279e-281,4.503197440806559,5.052463422311417,1.331998346195134e-256,4.586909119271889e-257,4.445273012499891e-256,4.507097919017023,mpmath_1792,1.345100236310036,92.37047056626557,29.852624720016145,851
kahan_10,10,Float64,false,diagonalcheap,complexschur,0.0,2.224e-6,0.000897003,0.000670963,3.0e-8,0.002389315,9,0,1.810461146703008e-17,4.503197440806563,5.067902629976462,2.220446049250313e-16,9.59715658986789e-17,8.068047368659816e-16,4.507097919017023,mpmath_1792,1.345100236310036,92.37047056626557,29.852624720016145,53
kahan_10,10,Float64,false,diagonalcheap,complexschur,0.0,0.000178369,0.0016740779999999996,0.00144486,3.0e-8,0.003457271,25,0,3.165286602056007e-77,4.503197440806562,5.05647600558963,1.727233711018889e-77,8.348066167070422e-78,6.159890771796507e-77,4.507097919017023,mpmath_1792,1.345100236310036,92.37047056626557,29.852624720016145,256
kahan_10,10,Float64,false,diagonalcheap,complexschur,0.0,0.000493005,0.0047052920000000015,0.004016922,3.0e-8,0.009423244,73,0,4.486785679237279e-281,4.503197440806559,5.052463422311417,1.331998346195134e-256,4.586909119271889e-257,4.445273012499891e-256,4.507097919017023,mpmath_1792,1.345100236310036,92.37047056626557,29.852624720016145,851
kahan_10,10,Float64,false,diagonalcheap,realschur,0.0,2.454e-6,0.0009860329999999999,0.0010417459999999999,4.0e-8,0.002255912,9,0,1.810461146703008e-17,4.503197440806563,5.067902629976462,2.220446049250313e-16,9.59715658986789e-17,8.068047368659816e-16,4.507097919017023,mpmath_1792,1.345100236310036,92.37047056626557,29.852624720016145,53
kahan_10,10,Float64,false,diagonalcheap,realschur,0.0,0.00029835699999999996,0.0026652819999999997,0.002513528,4.0e-8,0.005740474,25,0,3.165286602056007e-77,4.503197440806562,5.05647600558963,1.727233711018889e-77,8.348066167070422e-78,6.159890771796507e-77,4.507097919017023,mpmath_1792,1.345100236310036,92.37047056626557,29.852624720016145,256
kahan_10,10,Float64,false,diagonalcheap,realschur,0.0,0.0007943169999999999,0.007032936000000002,0.004673359,3.0e-8,0.012780636,73,0,4.486785679237279e-281,4.503197440806559,5.052463422311417,1.331998346195134e-256,4.586909119271889e-257,4.445273012499891e-256,4.507097919017023,mpmath_1792,1.345100236310036,92.37047056626557,29.852624720016145,851
kahan_10,10,Float64,false,taylor,transfree,0.0,0.00019957999999999998,0.0005334189999999998,0.000681946,3.0e-8,0.001630184,20,0,1.387778780781446e-17,4.516030141321018,1,2.220446049250313e-16,4.864172424564525e-17,2.60596767061081e-16,4.507097919017023,mpmath_1792,1.345100236310036,92.37047056626557,29.852624720016145,53
kahan_10,10,Float64,false,taylor,transfree,0.0,0.000437801,0.0009257660000000002,0.001840092,4.0e-8,0.003399061,64,0,1.029511517893606e-84,4.516030141321017,1,1.727233711018889e-77,4.747459243107708e-78,2.998145794967814e-77,4.507097919017023,mpmath_1792,1.345100236310036,92.37047056626557,29.852624720016145,256
kahan_10,10,Float64,false,taylor,transfree,0.0,0.000928592,0.004747318999999999,0.005213473999999999,0.002456472,0.013808115,90,5,3.045509038734419e-273,1.095168067989248,1,1.331998346195134e-256,6.309745132533296e-257,6.793497485132639e-256,4.507097919017023,mpmath_1792,1.345100236310036,92.37047056626557,29.852624720016145,851
kahan_10,10,Float64,false,taylor,complexschur,0.0,0.000327501,0.0007960230000000002,0.001177123,5.0e-8,0.002568635,20,0,1.387778780781446e-17,4.516030141321018,1,2.220446049250313e-16,4.864172424564525e-17,2.60596767061081e-16,4.507097919017023,mpmath_1792,1.345100236310036,92.37047056626557,29.852624720016145,53
kahan_10,10,Float64,false,taylor,complexschur,0.0,0.0006634709999999999,0.001418745,0.0031217210000000005,1.1e-7,0.005462938,64,0,1.029511517893606e-84,4.516030141321017,1,1.727233711018889e-77,4.747459243107708e-78,2.998145794967814e-77,4.507097919017023,mpmath_1792,1.345100236310036,92.37047056626557,29.852624720016145,256
kahan_10,10,Float64,false,taylor,complexschur,0.0,0.000950545,0.005095359999999999,0.004583489,0.002011287,0.013141351,90,5,3.045509038734419e-273,1.095168067989248,1,1.331998346195134e-256,6.309745132533296e-257,6.793497485132639e-256,4.507097919017023,mpmath_1792,1.345100236310036,92.37047056626557,29.852624720016145,851
kahan_10,10,Float64,false,taylor,realschur,0.0,0.00032551,0.0008557520000000002,0.0012680570000000002,4.0e-8,0.002779676,20,0,1.387778780781446e-17,4.516030141321018,1,2.220446049250313e-16,4.864172424564525e-17,2.60596767061081e-16,4.507097919017023,mpmath_1792,1.345100236310036,92.37047056626557,29.852624720016145,53
kahan_10,10,Float64,false,taylor,realschur,0.0,0.0006834780000000001,0.001404886,0.003134321,5.0e-8,0.00549586,64,0,1.029511517893606e-84,4.516030141321017,1,1.727233711018889e-77,4.747459243107708e-78,2.998145794967814e-77,4.507097919017023,mpmath_1792,1.345100236310036,92.37047056626557,29.852624720016145,256
kahan_10,10,Float64,false,taylor,realschur,0.0,0.000949131,0.004413785,0.004230337,0.001852215,0.011828559,90,5,3.045509038734419e-273,1.095168067989248,1,1.331998346195134e-256,6.309745132533296e-257,6.793497485132639e-256,4.507097919017023,mpmath_1792,1.345100236310036,92.37047056626557,29.852624720016145,851
lehmer_10,10,Rational{Int64},true,scaling_and_squaring,NaN,NaN,NaN,NaN,NaN,NaN,5.9613e-5,NaN,NaN,NaN,NaN,NaN,2.220446049250313e-16,1.912146231843408e-15,7.344586110285223e-13,360.1006183755074,mpmath_1792,6.133785043551848,114.72857142857151,86.38931620332264,53
lehmer_10,10,Rational{Int64},true,diagonalcheap,transfree,0.001335916,0.0,0.0,0.0,0.0,0.071740724,NaN,NaN,NaN,NaN,NaN,2.220446049250313e-16,6.750461046457415e-16,3.223438242876642e-13,360.1006183755074,mpmath_1792,6.133785043551848,114.72857142857151,86.38931620332264,53
lehmer_10,10,Rational{Int64},true,diagonalcheap,transfree,0.004255636,0.0,0.0,0.0,0.0,0.004724476,NaN,NaN,NaN,NaN,NaN,1.727233711018889e-77,1.732482278624779e-76,6.159445617829052e-74,360.1006183755074,mpmath_1792,6.133785043551848,114.72857142857151,86.38931620332264,256
lehmer_10,10,Rational{Int64},true,diagonalcheap,transfree,0.010454531,0.0,0.0,0.0,0.0,0.011650481,NaN,NaN,NaN,NaN,NaN,1.331998346195134e-256,6.920341932062036e-256,3.007711926829555e-253,360.1006183755074,mpmath_1792,6.133785043551848,114.72857142857151,86.38931620332264,851
lehmer_10,10,Rational{Int64},true,diagonalcheap,complexschur,0.002254799,0.000421038,0.008990993999999999,0.007670789999999999,6.0e-8,0.020942506,25,0,2.365447946724395e-14,316.866821696523,18.734025268253543,2.220446049250313e-16,5.078514532842466e-15,1.79423190225513e-12,360.1006183755074,mpmath_1792,6.133785043551848,114.72857142857151,86.38931620332264,53
lehmer_10,10,Rational{Int64},true,diagonalcheap,complexschur,0.003752782,0.0005867159999999999,0.004603265,0.011866469000000001,5.0e-8,0.022484893,43,0,3.694338724358788e-81,316.8668216965117,18.077025879261235,1.727233711018889e-77,1.150631503811117e-75,4.335990796571714e-73,360.1006183755074,mpmath_1792,6.133785043551848,114.72857142857151,86.38931620332264,256
lehmer_10,10,Rational{Int64},true,diagonalcheap,complexschur,0.007434359,0.001230596,0.011299225000000006,0.070266324,0.000850955,0.09337878,91,1,2.337650352926081e-280,17.80075340249724,4.173188051234691,1.331998346195134e-256,3.824699790358348e-255,1.497670660172547e-252,360.1006183755074,mpmath_1792,6.133785043551848,114.72857142857151,86.38931620332264,851
lehmer_10,10,Rational{Int64},true,diagonalcheap,realschur,0.00206009,0.00024227199999999997,0.002514662,0.002019204,4.0e-8,0.007421736,25,0,2.365447946724395e-14,316.866821696523,18.734025268253543,2.220446049250313e-16,5.078514532842466e-15,1.79423190225513e-12,360.1006183755074,mpmath_1792,6.133785043551848,114.72857142857151,86.38931620332264,53
lehmer_10,10,Rational{Int64},true,diagonalcheap,realschur,0.00352499,0.00040426700000000004,0.0037342520000000013,0.003338451,4.0e-8,0.011686439,43,0,3.694338724358788e-81,316.8668216965117,18.077025879261235,1.727233711018889e-77,1.150631503811117e-75,4.335990796571714e-73,360.1006183755074,mpmath_1792,6.133785043551848,114.72857142857151,86.38931620332264,256
lehmer_10,10,Rational{Int64},true,diagonalcheap,realschur,0.00746078,0.0008870450000000002,0.009256113000000003,0.008387871,0.000465012,0.027733615,91,1,2.337650352926081e-280,17.80075340249724,4.173188051234691,1.331998346195134e-256,3.824699790358348e-255,1.497670660172547e-252,360.1006183755074,mpmath_1792,6.133785043551848,114.72857142857151,86.38931620332264,851
lehmer_10,10,Rational{Int64},true,taylor,transfree,0.00220752,0.0,0.0,0.0,0.0,0.002775307,NaN,NaN,NaN,NaN,NaN,2.220446049250313e-16,6.750461046457415e-16,3.223438242876642e-13,360.1006183755074,mpmath_1792,6.133785043551848,114.72857142857151,86.38931620332264,53
lehmer_10,10,Rational{Int64},true,taylor,transfree,0.005944903,0.0,0.0,0.0,0.0,0.00661777,NaN,NaN,NaN,NaN,NaN,1.727233711018889e-77,1.732482278624779e-76,6.159445617829052e-74,360.1006183755074,mpmath_1792,6.133785043551848,114.72857142857151,86.38931620332264,256
lehmer_10,10,Rational{Int64},true,taylor,transfree,0.015494627,0.0,0.0,0.0,0.0,0.016619521,NaN,NaN,NaN,NaN,NaN,1.331998346195134e-256,6.920341932062036e-256,3.007711926829555e-253,360.1006183755074,mpmath_1792,6.133785043551848,114.72857142857151,86.38931620332264,851
lehmer_10,10,Rational{Int64},true,taylor,complexschur,0.001640334,0.00050024,0.001397833,0.005104898,0.000600219,0.011058377,25,1,2.331468351712829e-15,12.00241872652855,1,2.220446049250313e-16,5.078514532842466e-15,1.79423190225513e-12,360.1006183755074,mpmath_1792,6.133785043551848,114.72857142857151,86.38931620332264,53
lehmer_10,10,Rational{Int64},true,taylor,complexschur,0.004227182,0.0008867930000000001,0.0018083060000000006,0.007060306999999999,0.000438893,0.015765181,81,1,0,12.00241872652853,1,1.727233711018889e-77,1.150631503811117e-75,4.335990796571714e-73,360.1006183755074,mpmath_1792,6.133785043551848,114.72857142857151,86.38931620332264,256
lehmer_10,10,Rational{Int64},true,taylor,complexschur,0.005742779,0.001504624,0.0073066929999999995,0.01069457,0.003679393,0.030515344,90,7,2.000572322211753e-263,1.046015451188932,1,1.331998346195134e-256,3.824699790358348e-255,1.497670660172547e-252,360.1006183755074,mpmath_1792,6.133785043551848,114.72857142857151,86.38931620332264,851
lehmer_10,10,Rational{Int64},true,taylor,realschur,0.001293044,0.000176156,0.0006030759999999999,0.0007791479999999999,9.2536e-5,0.003387028,25,1,2.331468351712829e-15,12.00241872652855,1,2.220446049250313e-16,5.078514532842466e-15,1.79423190225513e-12,360.1006183755074,mpmath_1792,6.133785043551848,114.72857142857151,86.38931620332264,53
lehmer_10,10,Rational{Int64},true,taylor,realschur,0.003826492,0.000707825,0.0018774580000000003,0.0035875739999999996,0.000240957,0.011048658,81,1,0,12.00241872652853,1,1.727233711018889e-77,1.150631503811117e-75,4.335990796571714e-73,360.1006183755074,mpmath_1792,6.133785043551848,114.72857142857151,86.38931620332264,256
lehmer_10,10,Rational{Int64},true,taylor,realschur,0.005865452,0.000538941,0.003432985999999999,0.003156433,0.002680307,0.016862532,90,7,2.000572322211753e-263,1.046015451188932,1,1.331998346195134e-256,3.824699790358348e-255,1.497670660172547e-252,360.1006183755074,mpmath_1792,6.133785043551848,114.72857142857151,86.38931620332264,851
minij_10,10,Int64,true,scaling_and_squaring,NaN,NaN,NaN,NaN,NaN,NaN,6.7027e-5,NaN,NaN,NaN,NaN,NaN,2.220446049250313e-16,1.669662414174376e-14,597862.5039169847,3.503802468654952e+19,mpmath_1792,45.11097427455984,220.0,175.08661295841006,53
minij_10,10,Int64,true,diagonalcheap,transfree,0.001225896,0.0,0.0,0.0,0.0,0.070232772,NaN,NaN,NaN,NaN,NaN,2.220446049250313e-16,1.132311493808962e-14,402201.4960830153,3.503802468654952e+19,mpmath_1792,45.11097427455984,220.0,175.08661295841006,53
minij_10,10,Int64,true,diagonalcheap,transfree,0.003553625,0.0,0.0,0.0,0.0,0.003943263,NaN,NaN,NaN,NaN,NaN,1.727233711018889e-77,1.36649112010039e-75,4.849131869464424e-56,3.503802468654952e+19,mpmath_1792,45.11097427455984,220.0,175.08661295841006,256
minij_10,10,Int64,true,diagonalcheap,transfree,0.010056997,0.0,0.0,0.0,0.0,0.01104434,NaN,NaN,NaN,NaN,NaN,1.331998346195134e-256,1.374046776717754e-254,4.837822516613873e-235,3.503802468654952e+19,mpmath_1792,45.11097427455984,220.0,175.08661295841006,851
minij_10,10,Int64,true,diagonalcheap,complexschur,0.002404564,0.000444834,0.007500726000000001,0.012385847999999998,0.00184449,0.026345811,21,3,5.610879191429669e-14,269.2818448831574,17.7632034660784,2.220446049250313e-16,1.004266866659733e-14,350054.5039169847,3.503802468654952e+19,mpmath_1792,45.11097427455984,220.0,175.08661295841006,53
minij_10,10,Int64,true,diagonalcheap,complexschur,0.004423315,0.000663451,0.006453066000000001,0.011193935,0.001195218,0.025192141,43,3,7.075904647280296e-83,269.2818448831453,16.910252968629287,1.727233711018889e-77,1.338354110997447e-75,4.740602483018525e-56,3.503802468654952e+19,mpmath_1792,45.11097427455984,220.0,175.08661295841006,256
minij_10,10,Int64,true,diagonalcheap,complexschur,0.004798717,0.0011732440000000002,0.012344509000000002,0.019214496,0.002275258,0.04143578,91,4,2.804681924319448e-280,16.40980941032385,4.040447630854702,1.331998346195134e-256,2.979503332871333e-254,1.049387500417862e-234,3.503802468654952e+19,mpmath_1792,45.11097427455984,220.0,175.08661295841006,851
minij_10,10,Int64,true,diagonalcheap,realschur,0.001466834,0.000171606,0.0017641879999999997,0.0013711230000000001,0.000351558,0.005687003,21,3,5.610879191429669e-14,269.2818448831574,17.7632034660784,2.220446049250313e-16,1.004266866659733e-14,350054.5039169847,3.503802468654952e+19,mpmath_1792,45.11097427455984,220.0,175.08661295841006,53
minij_10,10,Int64,true,diagonalcheap,realschur,0.00242397,0.000280143,0.0028133619999999994,0.002194293,0.000413134,0.008573632,43,3,7.075904647280296e-83,269.2818448831453,16.910252968629287,1.727233711018889e-77,1.338354110997447e-75,4.740602483018525e-56,3.503802468654952e+19,mpmath_1792,45.11097427455984,220.0,175.08661295841006,256
minij_10,10,Int64,true,diagonalcheap,realschur,0.00656512,0.0009751919999999999,0.011024965000000005,0.0059773019999999994,0.001144662,0.026475878,91,4,2.804681924319448e-280,16.40980941032385,4.040447630854702,1.331998346195134e-256,2.979503332871333e-254,1.049387500417862e-234,3.503802468654952e+19,mpmath_1792,45.11097427455984,220.0,175.08661295841006,851
minij_10,10,Int64,true,taylor,transfree,0.001289347,0.0,0.0,0.0,0.0,0.001598564,NaN,NaN,NaN,NaN,NaN,2.220446049250313e-16,1.132311493808962e-14,402201.4960830153,3.503802468654952e+19,mpmath_1792,45.11097427455984,220.0,175.08661295841006,53
minij_10,10,Int64,true,taylor,transfree,0.003580806,0.0,0.0,0.0,0.0,0.003963923,NaN,NaN,NaN,NaN,NaN,1.727233711018889e-77,1.36649112010039e-75,4.849131869464424e-56,3.503802468654952e+19,mpmath_1792,45.11097427455984,220.0,175.08661295841006,256
minij_10,10,Int64,true,taylor,transfree,0.014555124,0.0,0.0,0.0,0.0,0.01564919,NaN,NaN,NaN,NaN,NaN,1.331998346195134e-256,1.374046776717754e-254,4.837822516613873e-235,3.503802468654952e+19,mpmath_1792,45.11097427455984,220.0,175.08661295841006,851
minij_10,10,Int64,true,taylor,complexschur,0.002740351,0.000675922,0.0020156700000000002,0.005493583,0.00098531,0.013105543,36,3,1.77635683940025e-15,92.30795802910626,1,2.220446049250313e-16,1.004266866659733e-14,350054.5039169847,3.503802468654952e+19,mpmath_1792,45.11097427455984,220.0,175.08661295841006,53
minij_10,10,Int64,true,taylor,complexschur,0.002528579,0.0010596499999999999,0.003045092,0.011198611,0.002851431,0.022624268,90,4,8.236092143148846e-84,16.40713983072946,1,1.727233711018889e-77,1.338354110997447e-75,4.740602483018525e-56,3.503802468654952e+19,mpmath_1792,45.11097427455984,220.0,175.08661295841006,256
minij_10,10,Int64,true,taylor,complexschur,0.040451922,0.0008296239999999998,0.006313001,0.008032916,0.00531664,0.062360773,90,10,1.473289906676509e-264,1.044686524561515,1,1.331998346195134e-256,2.979503332871333e-254,1.049387500417862e-234,3.503802468654952e+19,mpmath_1792,45.11097427455984,220.0,175.08661295841006,851
minij_10,10,Int64,true,taylor,realschur,0.00144377,0.000276364,0.0010540190000000002,0.001091773,0.000281855,0.004582447,36,3,1.77635683940025e-15,92.30795802910626,1,2.220446049250313e-16,1.004266866659733e-14,350054.5039169847,3.503802468654952e+19,mpmath_1792,45.11097427455984,220.0,175.08661295841006,53
minij_10,10,Int64,true,taylor,realschur,0.002357194,0.0004930539999999999,0.0018940050000000003,0.002165319,0.000538271,0.007892389,90,4,8.236092143148846e-84,16.40713983072946,1,1.727233711018889e-77,1.338354110997447e-75,4.740602483018525e-56,3.503802468654952e+19,mpmath_1792,45.11097427455984,220.0,175.08661295841006,256
minij_10,10,Int64,true,taylor,realschur,0.004585784,0.000636342,0.0062913000000000005,0.004715479,0.004495101,0.021568694,90,10,1.473289906676509e-264,1.044686524561515,1,1.331998346195134e-256,2.979503332871333e-254,1.049387500417862e-234,3.503802468654952e+19,mpmath_1792,45.11097427455984,220.0,175.08661295841006,851
moler_10,10,Float64,true,scaling_and_squaring,NaN,NaN,NaN,NaN,NaN,NaN,5.7138e-5,NaN,NaN,NaN,NaN,NaN,2.220446049250313e-16,1.67425553019161e-15,0.1392721326294838,67944521770975.79,mpmath_1792,32.78719262151001,6.815757e6,3.6805919110181164e6,53
moler_10,10,Float64,true,diagonalcheap,transfree,0.001266483,0.0,0.0,0.0,0.0,0.084273521,NaN,NaN,NaN,NaN,NaN,2.220446049250313e-16,1.284807061503349e-15,0.08836383611075,67944521770975.79,mpmath_1792,32.78719262151001,6.815757e6,3.6805919110181164e6,53
moler_10,10,Float64,true,diagonalcheap,transfree,0.003492849,0.0,0.0,0.0,0.0,0.003869093,NaN,NaN,NaN,NaN,NaN,1.727233711018889e-77,1.008700450994789e-75,6.728390048899958e-62,67944521770975.79,mpmath_1792,32.78719262151001,6.815757e6,3.6805919110181164e6,256
moler_10,10,Float64,true,diagonalcheap,transfree,0.009225038,0.0,0.0,0.0,0.0,0.009877286,NaN,NaN,NaN,NaN,NaN,1.331998346195134e-256,2.036291566453921e-255,1.429384055303738e-241,67944521770975.79,mpmath_1792,32.78719262151001,6.815757e6,3.6805919110181164e6,851
moler_10,10,Float64,true,diagonalcheap,complexschur,0.001630574,0.000142862,0.004543034,0.0044199949999999995,0.001552557,0.01376267,13,3,6.48143839585158e-16,51.86925460097535,7.7839434363288085,2.220446049250313e-16,2.545287579307696e-15,0.1840818426001875,67944521770975.79,mpmath_1792,32.78719262151001,6.815757e6,3.6805919110181164e6,53
moler_10,10,Float64,true,diagonalcheap,complexschur,0.003642062,0.0005947410000000001,0.005106974000000001,0.012616295,0.00121728,0.024780982,43,2,2.777800875854318e-76,2690.419572860827,56.8459126714825,1.727233711018889e-77,1.280240455124531e-75,8.932196716504349e-62,67944521770975.79,mpmath_1792,32.78719262151001,6.815757e6,3.6805919110181164e6,256
moler_10,10,Float64,true,diagonalcheap,complexschur,0.007654437,0.0011992650000000001,0.010773050000000001,0.053183466,0.001613832,0.075849824,91,3,7.018485436242711e-280,51.86925460097493,7.27999505938777,1.331998346195134e-256,2.450631765902749e-254,1.673793471101424e-240,67944521770975.79,mpmath_1792,32.78719262151001,6.815757e6,3.6805919110181164e6,851
moler_10,10,Float64,true,diagonalcheap,realschur,0.0012913,6.894199999999999e-5,0.0015330699999999997,0.00085512,0.000275253,0.004398718,13,3,6.48143839585158e-16,51.86925460097535,7.783943436328808,2.220446049250313e-16,2.545287579307696e-15,0.1840818426001875,67944521770975.79,mpmath_1792,32.78719262151001,6.815757e6,3.6805919110181164e6,53
moler_10,10,Float64,true,diagonalcheap,realschur,0.002474577,0.00028895500000000003,0.002973674,0.002123911,0.000285783,0.008587317,43,2,2.777800875854318e-76,2690.419572860828,56.8459126714825,1.727233711018889e-77,1.280240455124531e-75,8.932196716504349e-62,67944521770975.79,mpmath_1792,32.78719262151001,6.815757e6,3.6805919110181164e6,256
moler_10,10,Float64,true,diagonalcheap,realschur,0.006431086,0.0009772609999999999,0.011054922000000003,0.006011008,0.000888637,0.026154357,91,3,7.018485436242711e-280,51.86925460097493,7.27999505938777,1.331998346195134e-256,2.450631765902749e-254,1.673793471101424e-240,67944521770975.79,mpmath_1792,32.78719262151001,6.815757e6,3.6805919110181164e6,851
moler_10,10,Float64,true,taylor,transfree,0.001244121,0.0,0.0,0.0,0.0,0.001546896,NaN,NaN,NaN,NaN,NaN,2.220446049250313e-16,1.284807061503349e-15,0.08836383611075,67944521770975.79,mpmath_1792,32.78719262151001,6.815757e6,3.6805919110181164e6,53
moler_10,10,Float64,true,taylor,transfree,0.003666138,0.0,0.0,0.0,0.0,0.004031492,NaN,NaN,NaN,NaN,NaN,1.727233711018889e-77,1.008700450994789e-75,6.728390048899958e-62,67944521770975.79,mpmath_1792,32.78719262151001,6.815757e6,3.6805919110181164e6,256
moler_10,10,Float64,true,taylor,transfree,0.014394318,0.0,0.0,0.0,0.0,0.01552243,NaN,NaN,NaN,NaN,NaN,1.331998346195134e-256,2.036291566453921e-255,1.429384055303738e-241,67944521770975.79,mpmath_1792,32.78719262151001,6.815757e6,3.6805919110181164e6,851
moler_10,10,Float64,true,taylor,complexschur,0.002375859,0.000635366,0.0021518540000000004,0.004586712999999999,0.001194677,0.012173805,30,3,6.661338147750939e-16,33.1368302802794,1,2.220446049250313e-16,2.545287579307696e-15,0.1840818426001875,67944521770975.79,mpmath_1792,32.78719262151001,6.815757e6,3.6805919110181164e6,53
moler_10,10,Float64,true,taylor,complexschur,0.002656903,0.0009094559999999998,0.002370116,0.010355818000000001,0.002130544,0.020178105,90,3,1.647218428629769e-83,33.13683028027941,1,1.727233711018889e-77,1.280240455124531e-75,8.932196716504349e-62,67944521770975.79,mpmath_1792,32.78719262151001,6.815757e6,3.6805919110181164e6,256
moler_10,10,Float64,true,taylor,complexschur,0.008779392,0.0012523840000000003,0.005810012999999998,0.012171528000000001,0.007968834,0.03745254,90,10,2.457709780678397e-278,1.031330198180995,1,1.331998346195134e-256,2.450631765902749e-254,1.673793471101424e-240,67944521770975.79,mpmath_1792,32.78719262151001,6.815757e6,3.6805919110181164e6,851
moler_10,10,Float64,true,taylor,realschur,0.001358638,0.00027201700000000005,0.001093795,0.0010716650000000003,0.0003315,0.004559052,30,3,6.661338147750939e-16,33.1368302802794,1,2.220446049250313e-16,2.545287579307696e-15,0.1840818426001875,67944521770975.79,mpmath_1792,32.78719262151001,6.815757e6,3.6805919110181164e6,53
moler_10,10,Float64,true,taylor,realschur,0.002338428,0.0004815309999999999,0.001398455,0.002215627,0.000405189,0.007266491,90,3,1.647218428629769e-83,33.13683028027941,1,1.727233711018889e-77,1.280240455124531e-75,8.932196716504349e-62,67944521770975.79,mpmath_1792,32.78719262151001,6.815757e6,3.6805919110181164e6,256
moler_10,10,Float64,true,taylor,realschur,0.011295197,0.0009414629999999999,0.0073497929999999986,0.036179793,0.003622475,0.060347863,90,10,2.457709780678397e-278,1.031330198180995,1,1.331998346195134e-256,2.450631765902749e-254,1.673793471101424e-240,67944521770975.79,mpmath_1792,32.78719262151001,6.815757e6,3.6805919110181164e6,851
parter_10,10,Rational{Int64},false,scaling_and_squaring,NaN,NaN,NaN,NaN,NaN,NaN,2.6411e-5,NaN,NaN,NaN,NaN,NaN,2.220446049250313e-16,5.877918980638754e-16,2.438432632989808e-14,26.1713688171766,mpmath_1792,5.246889943546,12.596690828838046,2.4148096414912876,53
parter_10,10,Rational{Int64},false,diagonalcheap,transfree,0.0,6.5936e-5,0.001225345,0.0011851479999999998,3.0e-8,0.076539082,13,0,1.045848267939214e-15,26.1713688171766,9.150945855568066,2.220446049250313e-16,6.403881923942297e-16,2.457514734057158e-14,26.1713688171766,mpmath_1792,5.246889943546,12.596690828838046,2.4148096414912876,53
parter_10,10,Rational{Int64},false,diagonalcheap,transfree,0.0,0.00031474899999999996,0.0024891149999999996,0.0028050320000000003,3.0e-8,0.00593278,37,0,0,26.17136881717661,8.841808538199269,1.727233711018889e-77,5.867318140344848e-77,1.969907281782372e-75,26.1713688171766,mpmath_1792,5.246889943546,12.596690828838046,2.4148096414912876,256
parter_10,10,Rational{Int64},false,diagonalcheap,transfree,0.0,0.000812211,0.007888021000000002,0.012607196999999999,4.0e-8,0.021684084,81,0,1.542647228633927e-255,26.17136881717667,9.075506542368474,1.331998346195134e-256,6.080434612998051e-256,2.450827014783073e-254,26.1713688171766,mpmath_1792,5.246889943546,12.596690828838046,2.4148096414912876,851
parter_10,10,Rational{Int64},false,diagonalcheap,complexschur,0.002548156,0.00011419799999999999,0.0017106369999999999,0.0037268839999999998,3.0e-8,0.009390101,13,0,6.743279598969652e-16,37.83576251723287,5.326274709327428,2.220446049250313e-16,2.681601412471493e-15,1.145426719404803e-13,26.1713688171766,mpmath_1792,5.246889943546,12.596690828838046,2.4148096414912876,53
parter_10,10,Rational{Int64},false,diagonalcheap,complexschur,0.007173815,0.001021158,0.005183888000000001,0.009840658,3.0e-8,0.025035615,37,0,8.077583226820916e-83,37.07667290519916,8.139500835583313,1.727233711018889e-77,1.968207249881365e-76,7.748277954489384e-75,26.1713688171766,mpmath_1792,5.246889943546,12.596690828838046,2.4148096414912876,256
parter_10,10,Rational{Int64},false,diagonalcheap,complexschur,0.01003256,0.002376608,0.011655079999999998,0.02270935,4.0e-8,0.049383664,91,0,2.142280408284426e-280,37.88977116364044,5.367598866635965,1.331998346195134e-256,2.114907078905297e-255,1.080338184011102e-253,26.1713688171766,mpmath_1792,5.246889943546,12.596690828838046,2.4148096414912876,851
parter_10,10,Rational{Int64},false,diagonalcheap,realschur,0.001982383,6.6066e-5,0.001058649,0.000944231,4.0e-8,0.004507986,13,0,2.290489347168345e-15,35.22544596113075,7.164827183327795,2.220446049250313e-16,2.736101628326302e-15,1.159235582349674e-13,26.1713688171766,mpmath_1792,5.246889943546,12.596690828838046,2.4148096414912876,53
parter_10,10,Rational{Int64},false,diagonalcheap,realschur,0.004250888,0.00034019499999999995,0.0023885959999999993,0.002112137,4.0e-8,0.009672006,37,0,1.286501617652854e-82,35.22544596113077,9.540860814984773,1.727233711018889e-77,2.104169076725465e-76,9.625455404325396e-75,26.1713688171766,mpmath_1792,5.246889943546,12.596690828838046,2.4148096414912876,256
parter_10,10,Rational{Int64},false,diagonalcheap,realschur,0.009232682,0.001055643,0.009531358,0.043411673,4.0e-8,0.064463835,91,0,7.313420100765191e-280,35.22544596113086,6.813262255801736,1.331998346195134e-256,2.062364998176821e-255,1.049369222462065e-253,26.1713688171766,mpmath_1792,5.246889943546,12.596690828838046,2.4148096414912876,851
parter_10,10,Rational{Int64},false,taylor,transfree,0.0,0.000348641,0.0011963300000000002,0.001754511,0.000146538,0.003864184,25,1,2.775557561562891e-17,5.928925889187153,1,2.220446049250313e-16,1.764615296039418e-16,7.483403154900993e-15,26.1713688171766,mpmath_1792,5.246889943546,12.596690828838046,2.4148096414912876,53
parter_10,10,Rational{Int64},false,taylor,transfree,0.0,0.000693998,0.0019464880000000001,0.0046407359999999995,0.00021631,0.008027656,64,1,6.329465844234693e-77,5.928925889187153,1,1.727233711018889e-77,2.197136258781079e-77,6.750103364160837e-76,26.1713688171766,mpmath_1792,5.246889943546,12.596690828838046,2.4148096414912876,256
parter_10,10,Rational{Int64},false,taylor,transfree,0.0,0.0011261969999999998,0.00614493,0.010116501000000002,0.001642036,0.019769651,90,6,7.762512489355453e-258,1.112950145678709,1,1.331998346195134e-256,3.029280004665369e-255,1.233764402889656e-253,26.1713688171766,mpmath_1792,5.246889943546,12.596690828838046,2.4148096414912876,851
parter_10,10,Rational{Int64},false,taylor,complexschur,0.00309817,0.000408184,0.0012329429999999998,0.003358995,0.00037403,0.009937009,25,1,2.775557561562891e-17,7.266635602513933,1,2.220446049250313e-16,2.593265173171686e-15,1.137347335745613e-13,26.1713688171766,mpmath_1792,5.246889943546,12.596690828838046,2.4148096414912876,53
parter_10,10,Rational{Int64},false,taylor,complexschur,0.003977299,0.00131075,0.0019992620000000003,0.012163687999999999,1.3e-7,0.021989163,81,0,1.200986956313965e-79,25.96149136025229,1,1.727233711018889e-77,1.955967418405843e-76,7.853396318620924e-75,26.1713688171766,mpmath_1792,5.246889943546,12.596690828838046,2.4148096414912876,256
parter_10,10,Rational{Int64},false,taylor,complexschur,0.00815653,0.0012841679999999998,0.0069701139999999995,0.015093833000000001,0.004642912,0.039430895,90,6,8.234953154477315e-257,1.093032539994139,1,1.331998346195134e-256,2.131504501375805e-255,1.082252931633757e-253,26.1713688171766,mpmath_1792,5.246889943546,12.596690828838046,2.4148096414912876,851
parter_10,10,Rational{Int64},false,taylor,realschur,0.001968667,0.000192015,0.0006323709999999997,0.000840825,0.000105841,0.004191855,25,1,0,8.443616408515172,1,2.220446049250313e-16,2.650600311577895e-15,1.110799457387477e-13,26.1713688171766,mpmath_1792,5.246889943546,12.596690828838046,2.4148096414912876,53
parter_10,10,Rational{Int64},false,taylor,realschur,0.003775846,0.0007407129999999999,0.0017304490000000009,0.0037488330000000005,1.3e-7,0.010718112,81,0,1.962166592183781e-79,30.45410579210239,1,1.727233711018889e-77,2.090150608181201e-76,9.464477305928169e-75,26.1713688171766,mpmath_1792,5.246889943546,12.596690828838046,2.4148096414912876,256
parter_10,10,Rational{Int64},false,taylor,realschur,0.011082724,0.0005802420000000001,0.0037086580000000005,0.0033667790000000003,0.00167594,0.021411517,90,7,1.032940507429979e-281,1.052592944344313,1,1.331998346195134e-256,2.032434905716851e-255,1.035466489723653e-253,26.1713688171766,mpmath_1792,5.246889943546,12.596690828838046,2.4148096414912876,851
pei_10,10,Int64,true,scaling_and_squaring,NaN,NaN,NaN,NaN,NaN,NaN,5.3983e-5,NaN,NaN,NaN,NaN,NaN,2.220446049250313e-16,1.799694206934613e-14,1.103187660335908e-09,59874.14171519782,mpmath_1792,11.40175414523793,18.999999999999996,11.000000000000005,53
pei_10,10,Int64,true,diagonalcheap,transfree,0.000293267,0.0,0.0,0.0,0.0,0.069343657,NaN,NaN,NaN,NaN,NaN,2.220446049250313e-16,1.809832767223829e-15,1.318473188424204e-10,59874.14171519782,mpmath_1792,11.40175414523793,18.999999999999996,11.000000000000005,53
pei_10,10,Int64,true,diagonalcheap,transfree,0.00045276,0.0,0.0,0.0,0.0,0.000813113,NaN,NaN,NaN,NaN,NaN,1.727233711018889e-77,1.386144377561464e-76,1.047388675179634e-71,59874.14171519782,mpmath_1792,11.40175414523793,18.999999999999996,11.000000000000005,256
pei_10,10,Int64,true,diagonalcheap,transfree,0.000573849,0.0,0.0,0.0,0.0,0.001177425,NaN,NaN,NaN,NaN,NaN,1.331998346195134e-256,1.859999995212305e-256,1.766893967131273e-251,59874.14171519782,mpmath_1792,11.40175414523793,18.999999999999996,11.000000000000005,851
pei_10,10,Int64,true,diagonalcheap,complexschur,0.000613234,0.000298185,0.0026338670000000002,0.0049668659999999995,0.000312673,0.009757809,25,1,9.378838981203622e-16,244.6919322642146,13.149772988594105,2.220446049250313e-16,3.774331935144599e-15,2.564480929853116e-10,59874.14171519782,mpmath_1792,11.40175414523793,18.999999999999996,11.000000000000005,53
pei_10,10,Int64,true,diagonalcheap,complexschur,0.000422993,0.000388448,0.003347732,0.008751700000000001,0.000692565,0.015298074,43,1,2.491793958563432e-81,244.6919322642227,12.731685923835894,1.727233711018889e-77,2.733058342858365e-76,1.874482777598047e-71,59874.14171519782,mpmath_1792,11.40175414523793,18.999999999999996,11.000000000000005,256
pei_10,10,Int64,true,diagonalcheap,complexschur,0.000681132,0.001142157,0.04870808999999999,0.01657406,0.000962597,0.069319351,91,2,1.095133556334187e-280,15.64263188418812,3.508467756818431,1.331998346195134e-256,2.356071970468443e-255,1.58101582029672e-250,59874.14171519782,mpmath_1792,11.40175414523793,18.999999999999996,11.000000000000005,851
pei_10,10,Int64,true,diagonalcheap,realschur,0.000589429,0.000171335,0.0018781739999999998,0.001295699,9.2536e-5,0.004401534,25,1,9.378838981203622e-16,244.6919322642146,13.149772988594107,2.220446049250313e-16,3.774331935144599e-15,2.564480929853116e-10,59874.14171519782,mpmath_1792,11.40175414523793,18.999999999999996,11.000000000000005,53
pei_10,10,Int64,true,diagonalcheap,realschur,0.000482255,0.000432883,0.0035617789999999997,0.0024652370000000003,0.000128695,0.007504483,43,1,2.491793958563432e-81,244.6919322642227,12.731685923835894,1.727233711018889e-77,2.733058342858365e-76,1.874482777598047e-71,59874.14171519782,mpmath_1792,11.40175414523793,18.999999999999996,11.000000000000005,256
pei_10,10,Int64,true,diagonalcheap,realschur,0.000376304,0.000590191,0.006056125000000001,0.003983400999999999,0.000768148,0.012595405,91,2,1.095133556334187e-280,15.64263188418812,3.508467756818431,1.331998346195134e-256,2.356071970468443e-255,1.58101582029672e-250,59874.14171519782,mpmath_1792,11.40175414523793,18.999999999999996,11.000000000000005,851
pei_10,10,Int64,true,taylor,transfree,0.0004952,0.0,0.0,0.0,0.0,0.000972325,NaN,NaN,NaN,NaN,NaN,2.220446049250313e-16,1.809832767223829e-15,1.318473188424204e-10,59874.14171519782,mpmath_1792,11.40175414523793,18.999999999999996,11.000000000000005,53
pei_10,10,Int64,true,taylor,transfree,0.000733763,0.0,0.0,0.0,0.0,0.00134338,NaN,NaN,NaN,NaN,NaN,1.727233711018889e-77,1.386144377561464e-76,1.047388675179634e-71,59874.14171519782,mpmath_1792,11.40175414523793,18.999999999999996,11.000000000000005,256
pei_10,10,Int64,true,taylor,transfree,0.001016159,0.0,0.0,0.0,0.0,0.002044681,NaN,NaN,NaN,NaN,NaN,1.331998346195134e-256,1.859999995212305e-256,1.766893967131273e-251,59874.14171519782,mpmath_1792,11.40175414523793,18.999999999999996,11.000000000000005,851
pei_10,10,Int64,true,taylor,complexschur,0.001044151,0.00045836999999999994,0.0018714009999999998,0.005103394,0.000676254,0.01026406,25,2,8.326672684688674e-16,13.38037109374999,1,2.220446049250313e-16,3.774331935144599e-15,2.564480929853116e-10,59874.14171519782,mpmath_1792,11.40175414523793,18.999999999999996,11.000000000000005,53
pei_10,10,Int64,true,taylor,complexschur,0.000510539,0.0006737280000000001,0.0017225209999999996,0.006303421000000001,0.00070575,0.010971543,81,2,4.118046071574423e-84,13.38037109375,1,1.727233711018889e-77,2.733058342858365e-76,1.874482777598047e-71,59874.14171519782,mpmath_1792,11.40175414523793,18.999999999999996,11.000000000000005,256
pei_10,10,Int64,true,taylor,complexschur,0.000483818,0.001212967,0.007558130000000001,0.011097623,0.003819339,0.025595908,90,8,3.062832226448717e-265,1.043905272301128,1,1.331998346195134e-256,2.356071970468443e-255,1.58101582029672e-250,59874.14171519782,mpmath_1792,11.40175414523793,18.999999999999996,11.000000000000005,851
pei_10,10,Int64,true,taylor,realschur,0.000556506,0.00018045399999999998,0.0008165589999999999,0.000787283,0.00017892,0.002891778,25,2,8.326672684688674e-16,13.38037109374999,1,2.220446049250313e-16,3.774331935144599e-15,2.564480929853116e-10,59874.14171519782,mpmath_1792,11.40175414523793,18.999999999999996,11.000000000000005,53
pei_10,10,Int64,true,taylor,realschur,0.000387195,0.00043026600000000006,0.001316099,0.0020824119999999996,0.000257489,0.004898798,81,2,4.118046071574423e-84,13.38037109375,1,1.727233711018889e-77,2.733058342858365e-76,1.874482777598047e-71,59874.14171519782,mpmath_1792,11.40175414523793,18.999999999999996,11.000000000000005,256
pei_10,10,Int64,true,taylor,realschur,0.000383718,0.0006531310000000002,0.038820508000000004,0.0041901740000000005,0.002977201,0.047944083,90,8,3.062832226448717e-265,1.043905272301128,1,1.331998346195134e-256,2.356071970468443e-255,1.58101582029672e-250,59874.14171519782,mpmath_1792,11.40175414523793,18.999999999999996,11.000000000000005,851
poisson_4,4,Int64,true,scaling_and_squaring,NaN,NaN,NaN,NaN,NaN,NaN,3.6108e-5,NaN,NaN,NaN,NaN,NaN,2.220446049250313e-16,1.540333327908208e-15,9.360651845125806e-13,403.4287934927351,mpmath_1792,8.332663321854087,3.0,3.000000000000001,53
poisson_4,4,Int64,true,diagonalcheap,transfree,0.000118886,0.0,0.0,0.0,0.0,0.068648989,NaN,NaN,NaN,NaN,NaN,2.220446049250313e-16,9.513894973978747e-16,4.528961241957125e-13,403.4287934927351,mpmath_1792,8.332663321854087,3.0,3.000000000000001,53
poisson_4,4,Int64,true,diagonalcheap,transfree,0.000321661,0.0,0.0,0.0,0.0,0.000422272,NaN,NaN,NaN,NaN,NaN,1.727233711018889e-77,2.050480962794165e-77,9.262097694410488e-75,403.4287934927351,mpmath_1792,8.332663321854087,3.0,3.000000000000001,256
poisson_4,4,Int64,true,diagonalcheap,transfree,0.000728362,0.0,0.0,0.0,0.0,0.000850304,NaN,NaN,NaN,NaN,NaN,1.331998346195134e-256,2.953241169740136e-256,1.396429169290977e-253,403.4287934927351,mpmath_1792,8.332663321854087,3.0,3.000000000000001,851
poisson_4,4,Int64,true,diagonalcheap,complexschur,0.000141018,9.2978e-5,0.001155671,0.000536779,3.0e-8,0.002069418,17,0,7.662660861178006e-14,403.4287934927364,8.336363252585304,2.220446049250313e-16,2.264233788854864e-15,1.220282278816621e-12,403.4287934927351,mpmath_1792,8.332663321854087,3.0,3.000000000000001,53
poisson_4,4,Int64,true,diagonalcheap,complexschur,0.000151949,0.000228255,0.0021279790000000003,0.001048259,4.0e-8,0.003693179,43,0,1.20345859817364e-80,403.4287934927254,7.744830052476348,1.727233711018889e-77,4.506444322732582e-77,1.952209547208959e-74,403.4287934927351,mpmath_1792,8.332663321854087,3.0,3.000000000000001,256
poisson_4,4,Int64,true,diagonalcheap,complexschur,0.000245216,0.00046319,0.004841711,0.002231094,0.000111141,0.008106725,91,1,6.210906892420368e-281,20.08553692318764,2.7333409405916664,1.331998346195134e-256,5.34980337670808e-256,2.676742529748624e-253,403.4287934927351,mpmath_1792,8.332663321854087,3.0,3.000000000000001,851
poisson_4,4,Int64,true,diagonalcheap,realschur,9.9208e-5,8.2636e-5,0.0008258599999999999,0.000246336,3.0e-8,0.001350183,17,0,7.662660861178006e-14,403.4287934927364,8.336363252585304,2.220446049250313e-16,2.264233788854864e-15,1.220282278816621e-12,403.4287934927351,mpmath_1792,8.332663321854087,3.0,3.000000000000001,53
poisson_4,4,Int64,true,diagonalcheap,realschur,0.000145416,0.00020126199999999998,0.001709396,0.000442979,4.0e-8,0.00258716,43,0,1.20345859817364e-80,403.4287934927254,7.744830052476348,1.727233711018889e-77,4.506444322732582e-77,1.952209547208959e-74,403.4287934927351,mpmath_1792,8.332663321854087,3.0,3.000000000000001,256
poisson_4,4,Int64,true,diagonalcheap,realschur,0.000240056,0.00040563100000000005,0.0041884190000000005,0.001620044,0.000148181,0.006791118,91,1,6.210906892420368e-281,20.08553692318764,2.7333409405916664,1.331998346195134e-256,5.34980337670808e-256,2.676742529748624e-253,403.4287934927351,mpmath_1792,8.332663321854087,3.0,3.000000000000001,851
poisson_4,4,Int64,true,taylor,transfree,0.00016894,0.0,0.0,0.0,0.0,0.000269061,NaN,NaN,NaN,NaN,NaN,2.220446049250313e-16,9.513894973978747e-16,4.528961241957125e-13,403.4287934927351,mpmath_1792,8.332663321854087,3.0,3.000000000000001,53
poisson_4,4,Int64,true,taylor,transfree,0.000561305,0.0,0.0,0.0,0.0,0.000664481,NaN,NaN,NaN,NaN,NaN,1.727233711018889e-77,2.050480962794165e-77,9.262097694410488e-75,403.4287934927351,mpmath_1792,8.332663321854087,3.0,3.000000000000001,256
poisson_4,4,Int64,true,taylor,transfree,0.001238179,0.0,0.0,0.0,0.0,0.00141213,NaN,NaN,NaN,NaN,NaN,1.331998346195134e-256,2.953241169740136e-256,1.396429169290977e-253,403.4287934927351,mpmath_1792,8.332663321854087,3.0,3.000000000000001,851
poisson_4,4,Int64,true,taylor,complexschur,0.000156267,0.00029911000000000006,0.0007017589999999997,0.00060954,7.2908e-5,0.002073626,30,1,2.220446049250313e-16,13,1,2.220446049250313e-16,2.264233788854864e-15,1.220282278816621e-12,403.4287934927351,mpmath_1792,8.332663321854087,3.0,3.000000000000001,53
poisson_4,4,Int64,true,taylor,complexschur,0.000246598,0.000541976,0.0015033979999999998,0.0012803769999999996,0.000104739,0.003928787,81,1,1.647218428629769e-83,13,1,1.727233711018889e-77,4.506444322732582e-77,1.952209547208959e-74,403.4287934927351,mpmath_1792,8.332663321854087,3.0,3.000000000000001,256
poisson_4,4,Int64,true,taylor,complexschur,0.000307012,0.000453331,0.0025031819999999996,0.001090959,0.000832229,0.005430116,90,7,8.412027766891355e-262,1.047991002016633,1,1.331998346195134e-256,5.34980337670808e-256,2.676742529748624e-253,403.4287934927351,mpmath_1792,8.332663321854087,3.0,3.000000000000001,851
poisson_4,4,Int64,true,taylor,realschur,0.000108606,0.000165305,0.00044860200000000004,0.000146045,2.0559e-5,0.001010337,30,1,2.220446049250313e-16,13,1,2.220446049250313e-16,2.264233788854864e-15,1.220282278816621e-12,403.4287934927351,mpmath_1792,8.332663321854087,3.0,3.000000000000001,53
poisson_4,4,Int64,true,taylor,realschur,0.000155916,0.00030765299999999996,0.0008273019999999999,0.00031011600000000004,3.8022e-5,0.001743629,81,1,1.647218428629769e-83,13,1,1.727233711018889e-77,4.506444322732582e-77,1.952209547208959e-74,403.4287934927351,mpmath_1792,8.332663321854087,3.0,3.000000000000001,256
poisson_4,4,Int64,true,taylor,realschur,0.000250265,0.00035228000000000006,0.0023015249999999996,0.000425075,0.000573829,0.004048403,90,7,8.412027766891355e-262,1.047991002016633,1,1.331998346195134e-256,5.34980337670808e-256,2.676742529748624e-253,403.4287934927351,mpmath_1792,8.332663321854087,3.0,3.000000000000001,851
prolate_10_1.0,10,Float64,true,scaling_and_squaring,NaN,NaN,NaN,NaN,NaN,NaN,4.8001e-5,NaN,NaN,NaN,NaN,NaN,2.220446049250313e-16,1.915203060999837e-15,4.897383458299434e-14,7.389056098930871,mpmath_1792,2.000000000000017,1.0000000000000302,1.000000000000004,53
prolate_10_1.0,10,Float64,true,diagonalcheap,transfree,0.000462648,0.0,0.0,0.0,0.0,0.079135011,NaN,NaN,NaN,NaN,NaN,2.220446049250313e-16,1.124654690694628e-15,2.94269063694898e-14,7.389056098930871,mpmath_1792,2.000000000000017,1.0000000000000302,1.000000000000004,53
prolate_10_1.0,10,Float64,true,diagonalcheap,transfree,0.00464226,0.0,0.0,0.0,0.0,0.005054574,NaN,NaN,NaN,NaN,NaN,1.727233711018889e-77,1.011338890881135e-76,3.158433139297133e-75,7.389056098930871,mpmath_1792,2.000000000000017,1.0000000000000302,1.000000000000004,256
prolate_10_1.0,10,Float64,true,diagonalcheap,transfree,0.018446429,0.0,0.0,0.0,0.0,0.019256717,NaN,NaN,NaN,NaN,NaN,1.331998346195134e-256,9.629399377339452e-256,2.598917800559124e-254,7.389056098930871,mpmath_1792,2.000000000000017,1.0000000000000302,1.000000000000004,851
prolate_10_1.0,10,Float64,true,diagonalcheap,complexschur,0.000383678,4.908e-6,0.001418333,0.002370058,3.0e-8,0.005150566,9,0,5.438651506616753e-16,7.389056098930763,1.0000000000000187,2.220446049250313e-16,8.477501571767916e-16,1.936597738332618e-14,7.389056098930871,mpmath_1792,2.000000000000017,1.0000000000000302,1.000000000000004,53
prolate_10_1.0,10,Float64,true,diagonalcheap,complexschur,0.003404972,0.000427542,0.0028528409999999996,0.008326617000000001,4.0e-8,0.016704564,31,0,5.643064103975782e-84,7.389056098930769,1.0000000000000195,1.727233711018889e-77,2.969560816818208e-76,7.07060792292082e-75,7.389056098930871,mpmath_1792,2.000000000000017,1.0000000000000302,1.000000000000004,256
prolate_10_1.0,10,Float64,true,diagonalcheap,complexschur,0.008448164,0.0010054189999999998,0.007666359000000001,0.019846538,4.0e-8,0.039202663,81,0,5.63311348637961e-281,7.389056098930761,1.0000000000000182,1.331998346195134e-256,2.018474472160453e-255,5.270141285510001e-254,7.389056098930871,mpmath_1792,2.000000000000017,1.0000000000000302,1.000000000000004,851
prolate_10_1.0,10,Float64,true,diagonalcheap,realschur,0.000545576,2.406e-6,0.0011580870000000001,0.001047719,4.1e-8,0.003271269,9,0,5.438651506616753e-16,7.389056098930764,1.0000000000000187,2.220446049250313e-16,8.477501571767916e-16,1.936597738332618e-14,7.389056098930871,mpmath_1792,2.000000000000017,1.0000000000000302,1.000000000000004,53
prolate_10_1.0,10,Float64,true,diagonalcheap,realschur,0.003442754,0.00032538900000000004,0.002686918,0.002625115,2.2e-7,0.009728243,31,0,5.643064103975782e-84,7.389056098930769,1.0000000000000195,1.727233711018889e-77,2.969560816818208e-76,7.07060792292082e-75,7.389056098930871,mpmath_1792,2.000000000000017,1.0000000000000302,1.000000000000004,256
prolate_10_1.0,10,Float64,true,diagonalcheap,realschur,0.007299364,0.0007259290000000002,0.006956365000000001,0.007378564000000001,4.0e-8,0.023423796,81,0,5.63311348637961e-281,7.389056098930761,1.0000000000000182,1.331998346195134e-256,2.018474472160453e-255,5.270141285510001e-254,7.389056098930871,mpmath_1792,2.000000000000017,1.0000000000000302,1.000000000000004,851
prolate_10_1.0,10,Float64,true,taylor,transfree,0.000723733,0.0,0.0,0.0,0.0,0.001226317,NaN,NaN,NaN,NaN,NaN,2.220446049250313e-16,1.124654690694628e-15,2.94269063694898e-14,7.389056098930871,mpmath_1792,2.000000000000017,1.0000000000000302,1.000000000000004,53
prolate_10_1.0,10,Float64,true,taylor,transfree,0.007375899,0.0,0.0,0.0,0.0,0.008006185,NaN,NaN,NaN,NaN,NaN,1.727233711018889e-77,1.011338890881135e-76,3.158433139297133e-75,7.389056098930871,mpmath_1792,2.000000000000017,1.0000000000000302,1.000000000000004,256
prolate_10_1.0,10,Float64,true,taylor,transfree,0.0632961,0.0,0.0,0.0,0.0,0.064182241,NaN,NaN,NaN,NaN,NaN,1.331998346195134e-256,9.629399377339452e-256,2.598917800559124e-254,7.389056098930871,mpmath_1792,2.000000000000017,1.0000000000000302,1.000000000000004,851
prolate_10_1.0,10,Float64,true,taylor,complexschur,0.000403265,0.000271949,0.0008051899999999998,0.002891105,3.0e-8,0.005515688,25,0,2.775557561562891e-17,6.333333333333414,1,2.220446049250313e-16,8.477501571767916e-16,1.936597738332618e-14,7.389056098930871,mpmath_1792,2.000000000000017,1.0000000000000302,1.000000000000004,53
prolate_10_1.0,10,Float64,true,taylor,complexschur,0.002232818,0.0006533189999999999,0.00146729,0.005593974,3.0e-8,0.010940153,72,0,0,6.333333333333414,1,1.727233711018889e-77,2.969560816818208e-76,7.07060792292082e-75,7.389056098930871,mpmath_1792,2.000000000000017,1.0000000000000302,1.000000000000004,256
prolate_10_1.0,10,Float64,true,taylor,complexschur,0.0063966,0.0012656810000000003,0.007051594000000002,0.010637137000000001,0.00364598,0.030453518,90,6,7.952264653200932e-278,1.031743407499103,1,1.331998346195134e-256,2.018474472160453e-255,5.270141285510001e-254,7.389056098930871,mpmath_1792,2.000000000000017,1.0000000000000302,1.000000000000004,851
prolate_10_1.0,10,Float64,true,taylor,realschur,0.000374201,0.000197353,0.0006689850000000001,0.0010988340000000001,3.0e-8,0.002739469,25,0,2.775557561562891e-17,6.333333333333414,1,2.220446049250313e-16,8.477501571767916e-16,1.936597738332618e-14,7.389056098930871,mpmath_1792,2.000000000000017,1.0000000000000302,1.000000000000004,53
prolate_10_1.0,10,Float64,true,taylor,realschur,0.002184837,0.000632902,0.0015192080000000004,0.0031825639999999997,1.1e-7,0.008159997,72,0,0,6.333333333333414,1,1.727233711018889e-77,2.969560816818208e-76,7.07060792292082e-75,7.389056098930871,mpmath_1792,2.000000000000017,1.0000000000000302,1.000000000000004,256
prolate_10_1.0,10,Float64,true,taylor,realschur,0.00831427,0.0006005720000000001,0.003759078,0.0032244549999999998,0.001658778,0.018403468,90,6,7.952264653200932e-278,1.031743407499103,1,1.331998346195134e-256,2.018474472160453e-255,5.270141285510001e-254,7.389056098930871,mpmath_1792,2.000000000000017,1.0000000000000302,1.000000000000004,851
randcorr_10,10,Float64,true,scaling_and_squaring,NaN,NaN,NaN,NaN,NaN,NaN,5.248e-5,NaN,NaN,NaN,NaN,NaN,2.220446049250313e-16,1.87311043779999e-15,2.225226120839621e-14,7.271200417456855,mpmath_1792,1.712709926694399,9.941783043746659,5.175980120711596,53
randcorr_10,10,Float64,true,diagonalcheap,transfree,0.001519033,0.0,0.0,0.0,0.0,0.075614098,NaN,NaN,NaN,NaN,NaN,2.220446049250313e-16,9.260771348833996e-16,1.026796702157295e-14,7.271200417456855,mpmath_1792,1.712709926694399,9.941783043746659,5.175980120711596,53
randcorr_10,10,Float64,true,diagonalcheap,transfree,0.004215831,0.0,0.0,0.0,0.0,0.004698928,NaN,NaN,NaN,NaN,NaN,1.727233711018889e-77,4.981486659070285e-77,5.696438429010075e-76,7.271200417456855,mpmath_1792,1.712709926694399,9.941783043746659,5.175980120711596,256
randcorr_10,10,Float64,true,diagonalcheap,transfree,0.013560587,0.0,0.0,0.0,0.0,0.014665494,NaN,NaN,NaN,NaN,NaN,1.331998346195134e-256,3.158566640778799e-256,3.669937963078227e-255,7.271200417456855,mpmath_1792,1.712709926694399,9.941783043746659,5.175980120711596,851
randcorr_10,10,Float64,true,diagonalcheap,complexschur,0.002754778,3.927e-6,0.0018248840000000001,0.0033094109999999995,3.0e-8,0.008943544,9,0,6.457431796072778e-17,5.200906727691919,1.9824957834862786,2.220446049250313e-16,2.272881289339264e-15,2.89872433250087e-14,7.271200417456855,mpmath_1792,1.712709926694399,9.941783043746659,5.175980120711596,53
randcorr_10,10,Float64,true,diagonalcheap,complexschur,0.003057593,0.000573228,0.004232709999999999,0.010091505,1.1e-7,0.019791011,31,0,4.721934583418122e-84,5.200906727691919,1.9552179233177875,1.727233711018889e-77,2.253893142469471e-76,2.841629391192239e-75,7.271200417456855,mpmath_1792,1.712709926694399,9.941783043746659,5.175980120711596,256
randcorr_10,10,Float64,true,diagonalcheap,complexschur,0.0073078,0.0010186639999999999,0.009236737000000002,0.050359737,3.0e-8,0.069294295,73,0,4.328164513455726e-267,5.200906727691919,1.9491536795184208,1.331998346195134e-256,1.165088754370056e-255,1.434420416707545e-254,7.271200417456855,mpmath_1792,1.712709926694399,9.941783043746659,5.175980120711596,851
randcorr_10,10,Float64,true,diagonalcheap,realschur,0.001513242,2.124e-6,0.000900269,0.000673278,3.1e-8,0.003410032,9,0,6.457431796072778e-17,5.20090672769192,1.9824957834862786,2.220446049250313e-16,2.272881289339264e-15,2.89872433250087e-14,7.271200417456855,mpmath_1792,1.712709926694399,9.941783043746659,5.175980120711596,53
randcorr_10,10,Float64,true,diagonalcheap,realschur,0.002738618,0.00025219000000000006,0.002128007,0.0020799879999999996,4.0e-8,0.00777728,31,0,4.721934583418122e-84,5.200906727691919,1.9552179233177875,1.727233711018889e-77,2.253893142469471e-76,2.841629391192239e-75,7.271200417456855,mpmath_1792,1.712709926694399,9.941783043746659,5.175980120711596,256
randcorr_10,10,Float64,true,diagonalcheap,realschur,0.00961058,0.0007189039999999999,0.0064990440000000016,0.0048206279999999995,3.1e-8,0.022369105,73,0,4.328164513455726e-267,5.200906727691918,1.9491536795184208,1.331998346195134e-256,1.165088754370056e-255,1.434420416707545e-254,7.271200417456855,mpmath_1792,1.712709926694399,9.941783043746659,5.175980120711596,851
randcorr_10,10,Float64,true,taylor,transfree,0.001506278,0.0,0.0,0.0,0.0,0.001821917,NaN,NaN,NaN,NaN,NaN,2.220446049250313e-16,9.260771348833996e-16,1.026796702157295e-14,7.271200417456855,mpmath_1792,1.712709926694399,9.941783043746659,5.175980120711596,53
randcorr_10,10,Float64,true,taylor,transfree,0.004181316,0.0,0.0,0.0,0.0,0.004577358,NaN,NaN,NaN,NaN,NaN,1.727233711018889e-77,4.981486659070285e-77,5.696438429010075e-76,7.271200417456855,mpmath_1792,1.712709926694399,9.941783043746659,5.175980120711596,256
randcorr_10,10,Float64,true,taylor,transfree,0.016537116,0.0,0.0,0.0,0.0,0.017674153,NaN,NaN,NaN,NaN,NaN,1.331998346195134e-256,3.158566640778799e-256,3.669937963078227e-255,7.271200417456855,mpmath_1792,1.712709926694399,9.941783043746659,5.175980120711596,851
randcorr_10,10,Float64,true,taylor,complexschur,0.002823359,0.00033636,0.0008267190000000002,0.002824089,3.0e-8,0.00785604,20,0,7.771561172376096e-16,4.755258099720067,1,2.220446049250313e-16,2.272881289339264e-15,2.89872433250087e-14,7.271200417456855,mpmath_1792,1.712709926694399,9.941783043746659,5.175980120711596,53
randcorr_10,10,Float64,true,taylor,complexschur,0.002894693,0.000590098,0.001207443,0.008055016,7.0e-8,0.014406121,64,0,1.626059084304806e-77,4.755258099720066,1,1.727233711018889e-77,2.253893142469471e-76,2.841629391192239e-75,7.271200417456855,mpmath_1792,1.712709926694399,9.941783043746659,5.175980120711596,256
randcorr_10,10,Float64,true,taylor,complexschur,0.010258951,0.00104155,0.004615619999999999,0.009851588000000001,0.004305611,0.032384623,90,5,4.609933801658203e-258,1.052876593007268,1,1.331998346195134e-256,1.165088754370056e-255,1.434420416707545e-254,7.271200417456855,mpmath_1792,1.712709926694399,9.941783043746659,5.175980120711596,851
randcorr_10,10,Float64,true,taylor,realschur,0.00277176,0.000319736,0.0008236239999999998,0.0012551419999999999,4.1e-8,0.00571717,20,0,7.771561172376096e-16,4.755258099720067,1,2.220446049250313e-16,2.272881289339264e-15,2.89872433250087e-14,7.271200417456855,mpmath_1792,1.712709926694399,9.941783043746659,5.175980120711596,53
randcorr_10,10,Float64,true,taylor,realschur,0.003696485,0.000430195,0.001042359,0.001882847,4.0e-8,0.007525393,64,0,1.626059084304806e-77,4.755258099720066,1,1.727233711018889e-77,2.253893142469471e-76,2.841629391192239e-75,7.271200417456855,mpmath_1792,1.712709926694399,9.941783043746659,5.175980120711596,256
randcorr_10,10,Float64,true,taylor,realschur,0.005531919,0.0005763130000000001,0.003123057,0.003996785,0.002435021,0.016780037,90,5,4.609933801658203e-258,1.052876593007268,1,1.331998346195134e-256,1.165088754370056e-255,1.434420416707545e-254,7.271200417456855,mpmath_1792,1.712709926694399,9.941783043746659,5.175980120711596,851
sampling_10,10,Float64,false,scaling_and_squaring,NaN,NaN,NaN,NaN,NaN,NaN,2.5428e-5,NaN,NaN,NaN,NaN,NaN,2.220446049250313e-16,1.218132965676704e-14,3.949989828602005e-07,26798951.37612844,mpmath_1792,855.6189837051888,1.7383713330276808e18,5.8481529760586856e16,53
sampling_10,10,Float64,false,diagonalcheap,transfree,0.0,9.0081e-5,0.0014391010000000004,0.0012549999999999998,0.000265174,0.073920885,13,3,6.909500435662652e-16,34.40043687738195,13.342230567585618,2.220446049250313e-16,4.577825396972844e-14,1.572153514960612e-06,26798951.37612844,mpmath_1792,855.6189837051888,1.7383713330276808e18,5.8481529760586856e16,53
sampling_10,10,Float64,false,diagonalcheap,transfree,0.0,0.00034009599999999996,0.0024950989999999998,0.002900162,0.000369531,0.006466353,37,3,3.323167886747008e-83,34.40043687738179,12.870147231235702,1.727233711018889e-77,4.351893973890686e-76,1.283789183509403e-68,26798951.37612844,mpmath_1792,855.6189837051888,1.7383713330276808e18,5.8481529760586856e16,256
sampling_10,10,Float64,false,diagonalcheap,transfree,0.0,0.0008786700000000002,0.008419428000000003,0.052330217000000005,0.000511631,0.062760183,91,2,3.600759908923403e-271,497.686243149567,92.35556522099219,1.331998346195134e-256,1.336903894278474e-253,4.073581813288598e-246,26798951.37612844,mpmath_1792,855.6189837051888,1.7383713330276808e18,5.8481529760586856e16,851
sampling_10,10,Float64,false,diagonalcheap,complexschur,0.002629781,9.658599999999999e-5,0.002229749,0.004023456999999999,0.001202462,0.011514663,13,3,3.977229325103456e-16,33.75501979845533,13.507484270998921,2.220446049250313e-16,4.208960524413257e-14,1.48206105853569e-06,26798951.37612844,mpmath_1792,855.6189837051888,1.7383713330276808e18,5.8481529760586856e16,53
sampling_10,10,Float64,false,diagonalcheap,complexschur,0.004436771,0.000489931,0.004100383000000001,0.009952197,0.002067865,0.022843896,37,3,6.409133812983113e-83,34.46530620482614,12.420101745583672,1.727233711018889e-77,2.424942870135793e-75,7.40454362130868e-68,26798951.37612844,mpmath_1792,855.6189837051888,1.7383713330276808e18,5.8481529760586856e16,256
sampling_10,10,Float64,false,diagonalcheap,complexschur,0.011179608,0.0009512460000000002,0.009744756000000002,0.022533956999999997,0.001104958,0.047261378,91,2,2.50343303731667e-270,532.6676810873363,78.86436404895285,1.331998346195134e-256,3.007762411602056e-254,9.62189769552123e-247,26798951.37612844,mpmath_1792,855.6189837051888,1.7383713330276808e18,5.8481529760586856e16,851
sampling_10,10,Float64,false,diagonalcheap,realschur,0.002716064,6.8549e-5,0.0013238350000000002,0.0008396640000000001,0.00035845,0.005809626,13,3,3.977229325103456e-16,33.75501979845532,13.507484270998921,2.220446049250313e-16,4.208960524413257e-14,1.48206105853569e-06,26798951.37612844,mpmath_1792,855.6189837051888,1.7383713330276808e18,5.8481529760586856e16,53
sampling_10,10,Float64,false,diagonalcheap,realschur,0.00494225,0.000313245,0.002713981999999999,0.0019333399999999998,0.000453852,0.010961494,37,3,6.409133812983113e-83,34.46530620482615,12.420101745583672,1.727233711018889e-77,2.424942870135793e-75,7.40454362130868e-68,26798951.37612844,mpmath_1792,855.6189837051888,1.7383713330276808e18,5.8481529760586856e16,256
sampling_10,10,Float64,false,diagonalcheap,realschur,0.010766844,0.0010033629999999997,0.010218369000000003,0.0061446650000000005,0.000599748,0.029607423,91,2,2.50343303731667e-270,532.6676810873364,78.86436404895285,1.331998346195134e-256,3.007762411602056e-254,9.62189769552123e-247,26798951.37612844,mpmath_1792,855.6189837051888,1.7383713330276808e18,5.8481529760586856e16,851
sampling_10,10,Float64,false,taylor,transfree,0.0,0.000277039,0.0009243820000000002,0.001174637,0.000250756,0.00296101,30,3,0,30.79960435870673,1,2.220446049250313e-16,1.556964171173458e-14,5.002241788071171e-07,26798951.37612844,mpmath_1792,855.6189837051888,1.7383713330276808e18,5.8481529760586856e16,53
sampling_10,10,Float64,false,taylor,transfree,0.0,0.000578157,0.0016218769999999997,0.0032763999999999996,0.00040582,0.006177454,81,3,0,30.79960435870673,1,1.727233711018889e-77,2.048060092051872e-75,7.107155414382417e-68,26798951.37612844,mpmath_1792,855.6189837051888,1.7383713330276808e18,5.8481529760586856e16,256
sampling_10,10,Float64,false,taylor,transfree,0.0,0.001025436,0.006765234,0.009618017,0.002353407,0.020352979,90,9,2.326225384292213e-268,1.095381423655211,1,1.331998346195134e-256,8.588739113192538e-254,2.784164893840149e-246,26798951.37612844,mpmath_1792,855.6189837051888,1.7383713330276808e18,5.8481529760586856e16,851
sampling_10,10,Float64,false,taylor,complexschur,0.002687641,0.00036728800000000007,0.0012456309999999999,0.003335132,0.000976945,0.009653451,30,3,0,28.85344094736115,1,2.220446049250313e-16,4.193679919194418e-14,1.478137265631382e-06,26798951.37612844,mpmath_1792,855.6189837051888,1.7383713330276808e18,5.8481529760586856e16,53
sampling_10,10,Float64,false,taylor,complexschur,0.006866763,0.00126169,0.0032011700000000006,0.045055409000000005,0.001071043,0.058752367,81,3,8.236092143148846e-84,28.85344094757442,1,1.727233711018889e-77,2.42394900018042e-75,7.404363140244474e-68,26798951.37612844,mpmath_1792,855.6189837051888,1.7383713330276808e18,5.8481529760586856e16,256
sampling_10,10,Float64,false,taylor,complexschur,0.008489632,0.0010627059999999999,0.007925891000000001,0.011618821,0.006188856,0.037779472,90,9,7.255243781636942e-268,1.067790954808435,1,1.331998346195134e-256,3.074790726729609e-254,9.808369024003461e-247,26798951.37612844,mpmath_1792,855.6189837051888,1.7383713330276808e18,5.8481529760586856e16,851
sampling_10,10,Float64,false,taylor,realschur,0.003899972,0.000278438,0.0011433289999999998,0.000980268,0.000282366,0.007116536,30,3,0,28.85344094736115,1,2.220446049250313e-16,4.193679919194418e-14,1.478137265631382e-06,26798951.37612844,mpmath_1792,855.6189837051888,1.7383713330276808e18,5.8481529760586856e16,53
sampling_10,10,Float64,false,taylor,realschur,0.004358822,0.000493445,0.0016033750000000002,0.002016388,0.000407703,0.009397325,81,3,8.236092143148846e-84,28.85344094757442,1,1.727233711018889e-77,2.42394900018042e-75,7.404363140244474e-68,26798951.37612844,mpmath_1792,855.6189837051888,1.7383713330276808e18,5.8481529760586856e16,256
sampling_10,10,Float64,false,taylor,realschur,0.014467699,0.0007021310000000003,0.004926463999999999,0.004246856,0.00445744,0.030006209,90,9,7.255243781636942e-268,1.067790954808435,1,1.331998346195134e-256,3.074790726729609e-254,9.808369024003461e-247,26798951.37612844,mpmath_1792,855.6189837051888,1.7383713330276808e18,5.8481529760586856e16,851
toeppd_10,10,Float64,true,scaling_and_squaring,NaN,NaN,NaN,NaN,NaN,NaN,7.5473e-5,NaN,NaN,NaN,NaN,NaN,2.220446049250313e-16,2.975043418479416e-15,4.501619152825967e-10,208018.1766202938,mpmath_1792,20.17225018692525,82.62405621692051,49.687742730009155,53
toeppd_10,10,Float64,true,diagonalcheap,transfree,0.002091179,0.0,0.0,0.0,0.0,0.002453587,NaN,NaN,NaN,NaN,NaN,2.220446049250313e-16,2.5048465930332e-15,5.279456486981584e-10,208018.1766202938,mpmath_1792,20.17225018692525,82.62405621692051,49.687742730009155,53
toeppd_10,10,Float64,true,diagonalcheap,transfree,0.005765833,0.0,0.0,0.0,0.0,0.006265862,NaN,NaN,NaN,NaN,NaN,1.727233711018889e-77,2.579820095280395e-76,4.960393037898361e-71,208018.1766202938,mpmath_1792,20.17225018692525,82.62405621692051,49.687742730009155,256
toeppd_10,10,Float64,true,diagonalcheap,transfree,0.014571746,0.0,0.0,0.0,0.0,0.015501701,NaN,NaN,NaN,NaN,NaN,1.331998346195134e-256,2.22886444149256e-255,4.475542632146243e-250,208018.1766202938,mpmath_1792,20.17225018692525,82.62405621692051,49.687742730009155,851
toeppd_10,10,Float64,true,diagonalcheap,complexschur,0.002096389,0.00033474400000000005,0.0028025619999999998,0.006846472,0.000564501,0.014308767,21,1,8.45033437777287e-14,381.4901405339418,20.48328499189969,2.220446049250313e-16,2.001747856617595e-15,3.617376410118134e-10,208018.1766202938,mpmath_1792,20.17225018692525,82.62405621692051,49.687742730009155,53
toeppd_10,10,Float64,true,diagonalcheap,complexschur,0.00374094,0.0005881360000000001,0.004966915000000001,0.01145499,0.000619726,0.022906595,43,1,1.304682997682932e-80,381.4901405339242,19.377907440715898,1.727233711018889e-77,7.908136456934621e-76,1.621410221358239e-70,208018.1766202938,mpmath_1792,20.17225018692525,82.62405621692051,49.687742730009155,256
toeppd_10,10,Float64,true,diagonalcheap,complexschur,0.007966811,0.0012963509999999998,0.037832935,0.020954587999999996,0.00113791,0.070703279,91,2,1.224796813405303e-280,19.53177259067659,4.3154928527436525,1.331998346195134e-256,1.456141431432513e-254,2.725316181656965e-249,208018.1766202938,mpmath_1792,20.17225018692525,82.62405621692051,49.687742730009155,851
toeppd_10,10,Float64,true,diagonalcheap,realschur,0.001479868,0.000170933,0.001738317,0.001243282,0.000100511,0.00505772,21,1,8.45033437777287e-14,381.4901405339418,20.48328499189969,2.220446049250313e-16,2.001747856617595e-15,3.617376410118134e-10,208018.1766202938,mpmath_1792,20.17225018692525,82.62405621692051,49.687742730009155,53
toeppd_10,10,Float64,true,diagonalcheap,realschur,0.002472914,0.00031972500000000003,0.002852622,0.00216524,0.000139725,0.008334588,43,1,1.304682997682932e-80,381.4901405339242,19.377907440715898,1.727233711018889e-77,7.908136456934621e-76,1.621410221358239e-70,208018.1766202938,mpmath_1792,20.17225018692525,82.62405621692051,49.687742730009155,256
toeppd_10,10,Float64,true,diagonalcheap,realschur,0.007917858,0.000859598,0.009338352000000001,0.008353998,0.000887545,0.028403287,91,2,1.224796813405303e-280,19.53177259067659,4.3154928527436525,1.331998346195134e-256,1.456141431432513e-254,2.725316181656965e-249,208018.1766202938,mpmath_1792,20.17225018692525,82.62405621692051,49.687742730009155,851
toeppd_10,10,Float64,true,taylor,transfree,0.002204855,0.0,0.0,0.0,0.0,0.002581529,NaN,NaN,NaN,NaN,NaN,2.220446049250313e-16,2.5048465930332e-15,5.279456486981584e-10,208018.1766202938,mpmath_1792,20.17225018692525,82.62405621692051,49.687742730009155,53
toeppd_10,10,Float64,true,taylor,transfree,0.004616271,0.0,0.0,0.0,0.0,0.004967058,NaN,NaN,NaN,NaN,NaN,1.727233711018889e-77,2.579820095280395e-76,4.960393037898361e-71,208018.1766202938,mpmath_1792,20.17225018692525,82.62405621692051,49.687742730009155,256
toeppd_10,10,Float64,true,taylor,transfree,0.015721568,0.0,0.0,0.0,0.0,0.01676043,NaN,NaN,NaN,NaN,NaN,1.331998346195134e-256,2.22886444149256e-255,4.475542632146243e-250,208018.1766202938,mpmath_1792,20.17225018692525,82.62405621692051,49.687742730009155,851
toeppd_10,10,Float64,true,taylor,complexschur,0.002770118,0.000691674,0.0020421439999999996,0.0061595930000000005,0.000856957,0.013595373,30,2,2.220446049250313e-16,16.01485989112157,1,2.220446049250313e-16,2.001747856617595e-15,3.617376410118134e-10,208018.1766202938,mpmath_1792,20.17225018692525,82.62405621692051,49.687742730009155,53
toeppd_10,10,Float64,true,taylor,complexschur,0.004066908,0.001086384,0.002861659,0.011661982999999999,0.00133792,0.022836913,81,2,0,16.01485989112157,1,1.727233711018889e-77,7.908136456934621e-76,1.621410221358239e-70,208018.1766202938,mpmath_1792,20.17225018692525,82.62405621692051,49.687742730009155,256
toeppd_10,10,Float64,true,taylor,complexschur,0.005612141,0.0012649539999999996,0.007693420000000001,0.011719775,0.004302936,0.032245419,90,8,3.588152638785197e-262,1.047533301914718,1,1.331998346195134e-256,1.456141431432513e-254,2.725316181656965e-249,208018.1766202938,mpmath_1792,20.17225018692525,82.62405621692051,49.687742730009155,851
toeppd_10,10,Float64,true,taylor,realschur,0.001361504,0.00023708800000000002,0.0008338029999999999,0.000919746,0.000188217,0.003858423,30,2,2.220446049250313e-16,16.01485989112157,1,2.220446049250313e-16,2.001747856617595e-15,3.617376410118134e-10,208018.1766202938,mpmath_1792,20.17225018692525,82.62405621692051,49.687742730009155,53
toeppd_10,10,Float64,true,taylor,realschur,0.002361071,0.000432381,0.001258526,0.0020706310000000003,0.000276434,0.006797721,81,2,0,16.01485989112157,1,1.727233711018889e-77,7.908136456934621e-76,1.621410221358239e-70,208018.1766202938,mpmath_1792,20.17225018692525,82.62405621692051,49.687742730009155,256
toeppd_10,10,Float64,true,taylor,realschur,0.030371983,0.0008132330000000001,0.016986156,0.0037530440000000005,0.002396017,0.055065531,90,8,3.588152638785197e-262,1.047533301914718,1,1.331998346195134e-256,1.456141431432513e-254,2.725316181656965e-249,208018.1766202938,mpmath_1792,20.17225018692525,82.62405621692051,49.687742730009155,851
symtridiagonal_10_2_-1,10,Float64,true,scaling_and_squaring,NaN,NaN,NaN,NaN,NaN,NaN,5.2089e-5,NaN,NaN,NaN,NaN,NaN,2.220446049250313e-16,1.358287787472328e-15,1.102124345996409e-13,54.48251828315611,mpmath_1792,5.2687093546015,60.00000000000001,48.37415007870835,53
symtridiagonal_10_2_-1,10,Float64,true,diagonalcheap,transfree,0.002285117,0.0,0.0,0.0,0.0,0.002643417,NaN,NaN,NaN,NaN,NaN,2.220446049250313e-16,1.13156284318921e-15,9.654167760174789e-14,54.48251828315611,mpmath_1792,5.2687093546015,60.00000000000001,48.37415007870835,53
symtridiagonal_10_2_-1,10,Float64,true,diagonalcheap,transfree,0.00640206,0.0,0.0,0.0,0.0,0.006893032,NaN,NaN,NaN,NaN,NaN,1.727233711018889e-77,1.022951820711676e-76,1.068816664767344e-74,54.48251828315611,mpmath_1792,5.2687093546015,60.00000000000001,48.37415007870835,256
symtridiagonal_10_2_-1,10,Float64,true,diagonalcheap,transfree,0.010975902,0.0,0.0,0.0,0.0,0.011567915,NaN,NaN,NaN,NaN,NaN,1.331998346195134e-256,6.357156884032203e-256,5.467384120771024e-254,54.48251828315611,mpmath_1792,5.2687093546015,60.00000000000001,48.37415007870835,851
symtridiagonal_10_2_-1,10,Float64,true,diagonalcheap,complexschur,0.001444051,0.000150746,0.0021332489999999994,0.0051838,4.0e-8,0.010355594,13,0,2.126118156256476e-16,50.3493619720864,7.355817195326296,2.220446049250313e-16,3.313194517945556e-15,2.559755652528972e-13,54.48251828315611,mpmath_1792,5.2687093546015,60.00000000000001,48.37415007870835,53
symtridiagonal_10_2_-1,10,Float64,true,diagonalcheap,complexschur,0.004634656,0.000585602,0.004193138000000001,0.007621505000000001,1.0e-7,0.017960488,37,0,0,50.34936197208663,6.995476281745695,1.727233711018889e-77,3.444013472261666e-76,2.681733080154031e-74,54.48251828315611,mpmath_1792,5.2687093546015,60.00000000000001,48.37415007870835,256
symtridiagonal_10_2_-1,10,Float64,true,diagonalcheap,complexschur,0.0054109,0.001383325,0.011716846000000005,0.017582972,4.0e-8,0.0375043,91,0,0,50.34936197208628,6.886668568159312,1.331998346195134e-256,4.928433068786625e-255,4.216171515771108e-253,54.48251828315611,mpmath_1792,5.2687093546015,60.00000000000001,48.37415007870835,851
symtridiagonal_10_2_-1,10,Float64,true,diagonalcheap,realschur,0.003182851,0.00010516900000000001,0.0017404829999999997,0.001618985,7.0e-8,0.007133108,13,0,2.126118156256476e-16,50.3493619720864,7.355817195326296,2.220446049250313e-16,3.313194517945556e-15,2.559755652528972e-13,54.48251828315611,mpmath_1792,5.2687093546015,60.00000000000001,48.37415007870835,53
symtridiagonal_10_2_-1,10,Float64,true,diagonalcheap,realschur,0.004751288,0.000514639,0.003542806,0.0029689549999999997,6.0e-8,0.0121816,37,0,0,50.34936197208663,6.995476281745695,1.727233711018889e-77,3.444013472261666e-76,2.681733080154031e-74,54.48251828315611,mpmath_1792,5.2687093546015,60.00000000000001,48.37415007870835,256
symtridiagonal_10_2_-1,10,Float64,true,diagonalcheap,realschur,0.005267147,0.040484597,0.00660636,0.005255645,5.0e-8,0.058288828,91,0,0,50.34936197208629,6.886668568159312,1.331998346195134e-256,4.928433068786625e-255,4.216171515771108e-253,54.48251828315611,mpmath_1792,5.2687093546015,60.00000000000001,48.37415007870835,851
symtridiagonal_10_2_-1,10,Float64,true,taylor,transfree,0.001514856,0.0,0.0,0.0,0.0,0.001763898,NaN,NaN,NaN,NaN,NaN,2.220446049250313e-16,1.13156284318921e-15,9.654167760174789e-14,54.48251828315611,mpmath_1792,5.2687093546015,60.00000000000001,48.37415007870835,53
symtridiagonal_10_2_-1,10,Float64,true,taylor,transfree,0.004323586,0.0,0.0,0.0,0.0,0.004808737,NaN,NaN,NaN,NaN,NaN,1.727233711018889e-77,1.022951820711676e-76,1.068816664767344e-74,54.48251828315611,mpmath_1792,5.2687093546015,60.00000000000001,48.37415007870835,256
symtridiagonal_10_2_-1,10,Float64,true,taylor,transfree,0.011421407,0.0,0.0,0.0,0.0,0.012049789,NaN,NaN,NaN,NaN,NaN,1.331998346195134e-256,6.357156884032203e-256,5.467384120771024e-254,54.48251828315611,mpmath_1792,5.2687093546015,60.00000000000001,48.37415007870835,851
symtridiagonal_10_2_-1,10,Float64,true,taylor,complexschur,0.001472484,0.00044693799999999997,0.0013298529999999998,0.0057625260000000005,0.000669491,0.011405858,25,1,2.775557561562891e-17,6.1332483527347,1,2.220446049250313e-16,3.313194517945556e-15,2.559755652528972e-13,54.48251828315611,mpmath_1792,5.2687093546015,60.00000000000001,48.37415007870835,53
symtridiagonal_10_2_-1,10,Float64,true,taylor,complexschur,0.004774201,0.0008551950000000002,0.001847365000000001,0.006784968999999998,0.000654793,0.016552606,72,1,6.177069107361635e-84,6.1332483527347,1,1.727233711018889e-77,3.444013472261666e-76,2.681733080154031e-74,54.48251828315611,mpmath_1792,5.2687093546015,60.00000000000001,48.37415007870835,256
symtridiagonal_10_2_-1,10,Float64,true,taylor,complexschur,0.009390974,0.0011914809999999997,0.005418923,0.012851261000000003,0.006478246,0.037471127,90,7,1.236429787393685e-278,1.031090600711524,1,1.331998346195134e-256,4.928433068786625e-255,4.216171515771108e-253,54.48251828315611,mpmath_1792,5.2687093546015,60.00000000000001,48.37415007870835,851
symtridiagonal_10_2_-1,10,Float64,true,taylor,realschur,0.001604705,0.000221952,0.000791852,0.0008528489999999999,9.9379e-5,0.003940209,25,1,2.775557561562891e-17,6.1332483527347,1,2.220446049250313e-16,3.313194517945556e-15,2.559755652528972e-13,54.48251828315611,mpmath_1792,5.2687093546015,60.00000000000001,48.37415007870835,53
symtridiagonal_10_2_-1,10,Float64,true,taylor,realschur,0.00264994,0.000559259,0.0013402179999999996,0.003053429,0.000256206,0.008568041,72,1,6.177069107361635e-84,6.1332483527347,1,1.727233711018889e-77,3.444013472261666e-76,2.681733080154031e-74,54.48251828315611,mpmath_1792,5.2687093546015,60.00000000000001,48.37415007870835,256
symtridiagonal_10_2_-1,10,Float64,true,taylor,realschur,0.009343664,0.0007321399999999999,0.0043852050000000005,0.003705643,0.002257604,0.021275339,90,7,1.236429787393685e-278,1.031090600711524,1,1.331998346195134e-256,4.928433068786625e-255,4.216171515771108e-253,54.48251828315611,mpmath_1792,5.2687093546015,60.00000000000001,48.37415007870835,851
wathen_2_2,21,Float64,true,scaling_and_squaring,NaN,NaN,NaN,NaN,NaN,NaN,8.3279e-5,NaN,NaN,NaN,NaN,NaN,2.220446049250313e-16,1.173660810758951e-13,1.776742641918034e+72,1.53031441900692e+85,mpmath_1792,271.8399028439217,301.9532543944178,153.63505405393906,53
wathen_2_2,21,Float64,true,diagonalcheap,transfree,0.017287631,0.0,0.0,0.0,0.0,0.132627351,NaN,NaN,NaN,NaN,NaN,2.220446049250313e-16,1.454735654843594e-13,2.224938275286079e+72,1.53031441900692e+85,mpmath_1792,271.8399028439217,301.9532543944178,153.63505405393906,53
wathen_2_2,21,Float64,true,diagonalcheap,transfree,0.027944166,0.0,0.0,0.0,0.0,0.031140153,NaN,NaN,NaN,NaN,NaN,1.727233711018889e-77,9.466485241842153e-75,145056422290.9765,1.53031441900692e+85,mpmath_1792,271.8399028439217,301.9532543944178,153.63505405393906,256
wathen_2_2,21,Float64,true,diagonalcheap,transfree,0.094597211,0.0,0.0,0.0,0.0,0.098976533,NaN,NaN,NaN,NaN,NaN,1.331998346195134e-256,2.619281283558983e-254,3.926805768410146e-169,1.53031441900692e+85,mpmath_1792,271.8399028439217,301.9532543944178,153.63505405393906,851
wathen_2_2,21,Float64,true,diagonalcheap,complexschur,0.010666725,0.00028695299999999995,0.0063148790000000015,0.024326358999999992,0.012144911,0.087898847,13,5,2.895324770102949e-14,170.7634896097015,23.67579094780854,2.220446049250313e-16,1.760473451100727e-13,2.703211915722389e+72,1.53031441900692e+85,mpmath_1792,271.8399028439217,301.9532543944178,153.63505405393906,53
wathen_2_2,21,Float64,true,diagonalcheap,complexschur,0.027781708,0.001190722,0.010852904000000002,0.054888164999999996,0.012913278,0.115178743,37,5,9.077498334941715e-76,170.763489609701,21.783948344433863,1.727233711018889e-77,4.53318531101261e-74,695067387501.0235,1.53031441900692e+85,mpmath_1792,271.8399028439217,301.9532543944178,153.63505405393906,256
wathen_2_2,21,Float64,true,diagonalcheap,complexschur,0.048049135,0.0027657220000000004,0.03756250299999999,0.11968689,0.016465491,0.234375173,91,5,5.208402907262605e-258,170.7634896096977,21.223230994951546,1.331998346195134e-256,1.834009252148175e-253,2.809472028436991e-168,1.53031441900692e+85,mpmath_1792,271.8399028439217,301.9532543944178,153.63505405393906,851
wathen_2_2,21,Float64,true,diagonalcheap,realschur,0.014576306,0.000247089,0.004320100000000001,0.005462258,0.002690196,0.04062815,13,5,2.895324770102949e-14,170.7634896097015,23.675790947808544,2.220446049250313e-16,1.760473451100727e-13,2.703211915722389e+72,1.53031441900692e+85,mpmath_1792,271.8399028439217,301.9532543944178,153.63505405393906,53
wathen_2_2,21,Float64,true,diagonalcheap,realschur,0.019599939,0.0011660800000000001,0.010371756000000001,0.013486717,0.00344594,0.070410275,37,5,9.077498334941715e-76,170.763489609701,21.783948344433863,1.727233711018889e-77,4.53318531101261e-74,695067387501.0235,1.53031441900692e+85,mpmath_1792,271.8399028439217,301.9532543944178,153.63505405393906,256
wathen_2_2,21,Float64,true,diagonalcheap,realschur,0.047604611,0.0014690670000000003,0.014752819000000004,0.039939665,0.006012382,0.115131625,91,5,5.208402907262605e-258,170.7634896096977,21.223230994951546,1.331998346195134e-256,1.834009252148175e-253,2.809472028436991e-168,1.53031441900692e+85,mpmath_1792,271.8399028439217,301.9532543944178,153.63505405393906,851
wathen_2_2,21,Float64,true,taylor,transfree,0.009401624,0.0,0.0,0.0,0.0,0.01167035,NaN,NaN,NaN,NaN,NaN,2.220446049250313e-16,1.454735654843594e-13,2.224938275286079e+72,1.53031441900692e+85,mpmath_1792,271.8399028439217,301.9532543944178,153.63505405393906,53
wathen_2_2,21,Float64,true,taylor,transfree,0.03050149,0.0,0.0,0.0,0.0,0.033255557,NaN,NaN,NaN,NaN,NaN,1.727233711018889e-77,9.466485241842153e-75,145056422290.9765,1.53031441900692e+85,mpmath_1792,271.8399028439217,301.9532543944178,153.63505405393906,256
wathen_2_2,21,Float64,true,taylor,transfree,0.067506655,0.0,0.0,0.0,0.0,0.071803219,NaN,NaN,NaN,NaN,NaN,1.331998346195134e-256,2.619281283558983e-254,3.926805768410146e-169,1.53031441900692e+85,mpmath_1792,271.8399028439217,301.9532543944178,153.63505405393906,851
wathen_2_2,21,Float64,true,taylor,complexschur,0.010718643,0.0015786350000000003,0.007759237999999999,0.048243654,0.012483874,0.087299941,36,5,1.77635683940025e-15,100.9830548165346,1,2.220446049250313e-16,1.760473451100727e-13,2.703211915722389e+72,1.53031441900692e+85,mpmath_1792,271.8399028439217,301.9532543944178,153.63505405393906,53
wathen_2_2,21,Float64,true,taylor,complexschur,0.018389883,0.0033511879999999997,0.010943208,0.07301931900000001,0.01246069,0.127243523,90,5,3.924360857637163e-76,100.983054816535,1,1.727233711018889e-77,4.53318531101261e-74,695067387501.0235,1.53031441900692e+85,mpmath_1792,271.8399028439217,301.9532543944178,153.63505405393906,256
wathen_2_2,21,Float64,true,taylor,complexschur,0.045494586,0.0032988320000000007,0.021488919999999998,0.08636003800000003,0.047941631,0.214518938,90,12,6.499769890738721e-268,1.040975686626405,1,1.331998346195134e-256,1.834009252148175e-253,2.809472028436991e-168,1.53031441900692e+85,mpmath_1792,271.8399028439217,301.9532543944178,153.63505405393906,851
wathen_2_2,21,Float64,true,taylor,realschur,0.010215749,0.000924015,0.006234772,0.022857283,0.00279238,0.045764278,36,5,1.77635683940025e-15,100.9830548165346,1,2.220446049250313e-16,1.760473451100727e-13,2.703211915722389e+72,1.53031441900692e+85,mpmath_1792,271.8399028439217,301.9532543944178,153.63505405393906,53
wathen_2_2,21,Float64,true,taylor,realschur,0.019042582,0.001765693,0.007630439,0.014930277000000002,0.003383823,0.049373449,90,5,3.924360857637163e-76,100.983054816535,1,1.727233711018889e-77,4.53318531101261e-74,695067387501.0235,1.53031441900692e+85,mpmath_1792,271.8399028439217,301.9532543944178,153.63505405393906,256
wathen_2_2,21,Float64,true,taylor,realschur,0.046353106,0.001433814,0.011632535999999999,0.034261207,0.013721984,0.112182307,90,12,6.499769890738721e-268,1.040975686626405,1,1.331998346195134e-256,1.834009252148175e-253,2.809472028436991e-168,1.53031441900692e+85,mpmath_1792,271.8399028439217,301.9532543944178,153.63505405393906,851
wilkinson_3,3,Float64,true,scaling_and_squaring,NaN,NaN,NaN,NaN,NaN,NaN,2.6901e-5,NaN,NaN,NaN,NaN,NaN,2.220446049250313e-16,5.35708787704052e-16,4.758670607050906e-15,7.38905609893065,mpmath_1792,2.296360045026237,3.0,2.0000000000000004,53
wilkinson_3,3,Float64,true,diagonalcheap,transfree,0.000119758,0.0,0.0,0.0,0.0,0.068143373,NaN,NaN,NaN,NaN,NaN,2.220446049250313e-16,2.621679104166334e-16,2.16122012137135e-15,7.38905609893065,mpmath_1792,2.296360045026237,3.0,2.0000000000000004,53
wilkinson_3,3,Float64,true,diagonalcheap,transfree,0.000297345,0.0,0.0,0.0,0.0,0.000377767,NaN,NaN,NaN,NaN,NaN,1.727233711018889e-77,1.492427096955733e-77,1.147319177991214e-76,7.38905609893065,mpmath_1792,2.296360045026237,3.0,2.0000000000000004,256
wilkinson_3,3,Float64,true,diagonalcheap,transfree,0.00066425,0.0,0.0,0.0,0.0,0.000760444,NaN,NaN,NaN,NaN,NaN,1.331998346195134e-256,1.797798415298571e-256,1.759010078210835e-255,7.38905609893065,mpmath_1792,2.296360045026237,3.0,2.0000000000000004,851
wilkinson_3,3,Float64,true,diagonalcheap,complexschur,0.000104238,2.486e-6,0.0008067409999999998,0.000266686,3.0e-8,0.001281682,9,0,6.604076829463147e-16,7.38905609893065,4.581402147183758,2.220446049250313e-16,3.297096960707666e-16,3.150957678897078e-15,7.38905609893065,mpmath_1792,2.296360045026237,3.0,2.0000000000000004,53
wilkinson_3,3,Float64,true,diagonalcheap,complexschur,0.000130056,0.000169521,0.0014965910000000002,0.000477266,3.0e-8,0.002366001,31,0,2.821532051987866e-84,7.389056098930644,4.509320485841965,1.727233711018889e-77,5.924053288664019e-77,6.28614843741298e-76,7.38905609893065,mpmath_1792,2.296360045026237,3.0,2.0000000000000004,256
wilkinson_3,3,Float64,true,diagonalcheap,complexschur,0.000207193,0.000378931,0.0037236279999999997,0.002083873,6.0e-8,0.006557235,81,0,5.63311348637957e-281,7.389056098930649,4.492139698009942,1.331998346195134e-256,1.648181983606824e-256,1.847870624321929e-255,7.38905609893065,mpmath_1792,2.296360045026237,3.0,2.0000000000000004,851
wilkinson_3,3,Float64,true,diagonalcheap,realschur,0.00012673,2.696e-6,0.000866607,0.00022825299999999998,5.0e-8,0.001326979,9,0,6.604076829463147e-16,7.38905609893065,4.581402147183758,2.220446049250313e-16,3.297096960707666e-16,3.150957678897078e-15,7.38905609893065,mpmath_1792,2.296360045026237,3.0,2.0000000000000004,53
wilkinson_3,3,Float64,true,diagonalcheap,realschur,0.000192887,0.000236729,0.0019257639999999997,0.000455936,3.0e-8,0.002908751,31,0,2.821532051987866e-84,7.389056098930644,4.509320485841965,1.727233711018889e-77,5.924053288664019e-77,6.28614843741298e-76,7.38905609893065,mpmath_1792,2.296360045026237,3.0,2.0000000000000004,256
wilkinson_3,3,Float64,true,diagonalcheap,realschur,0.000346678,0.000537643,0.005330159000000002,0.001333729,4.0e-8,0.007694434,81,0,5.63311348637957e-281,7.389056098930648,4.492139698009942,1.331998346195134e-256,1.648181983606824e-256,1.847870624321929e-255,7.38905609893065,mpmath_1792,2.296360045026237,3.0,2.0000000000000004,851
wilkinson_3,3,Float64,true,taylor,transfree,0.000182817,0.0,0.0,0.0,0.0,0.000254023,NaN,NaN,NaN,NaN,NaN,2.220446049250313e-16,2.621679104166334e-16,2.16122012137135e-15,7.38905609893065,mpmath_1792,2.296360045026237,3.0,2.0000000000000004,53
wilkinson_3,3,Float64,true,taylor,transfree,0.000299388,0.0,0.0,0.0,0.0,0.000364231,NaN,NaN,NaN,NaN,NaN,1.727233711018889e-77,1.492427096955733e-77,1.147319177991214e-76,7.38905609893065,mpmath_1792,2.296360045026237,3.0,2.0000000000000004,256
wilkinson_3,3,Float64,true,taylor,transfree,0.000681012,0.0,0.0,0.0,0.0,0.000785712,NaN,NaN,NaN,NaN,NaN,1.331998346195134e-256,1.797798415298571e-256,1.759010078210835e-255,7.38905609893065,mpmath_1792,2.296360045026237,3.0,2.0000000000000004,851
wilkinson_3,3,Float64,true,taylor,complexschur,0.000102765,0.000134594,0.000477369,0.000176542,3.0e-8,0.000998355,25,0,0,6.333333333333335,1,2.220446049250313e-16,3.297096960707666e-16,3.150957678897078e-15,7.38905609893065,mpmath_1792,2.296360045026237,3.0,2.0000000000000004,53
wilkinson_3,3,Float64,true,taylor,complexschur,0.000177627,0.00041821299999999996,0.00076467,0.000409711,4.0e-8,0.001879137,72,0,2.059023035787212e-84,6.333333333333333,1,1.727233711018889e-77,5.924053288664019e-77,6.28614843741298e-76,7.38905609893065,mpmath_1792,2.296360045026237,3.0,2.0000000000000004,256
wilkinson_3,3,Float64,true,taylor,complexschur,0.000235477,0.0003678869999999999,0.0015453910000000001,0.0005771680000000001,0.00049552,0.003374184,90,6,7.952953280205886e-278,1.031743407499103,1,1.331998346195134e-256,1.648181983606824e-256,1.847870624321929e-255,7.38905609893065,mpmath_1792,2.296360045026237,3.0,2.0000000000000004,851
wilkinson_3,3,Float64,true,taylor,realschur,9.4129e-5,0.000145766,0.0004026560000000001,9.0802e-5,3.0e-8,0.000807793,25,0,0,6.333333333333335,1,2.220446049250313e-16,3.297096960707666e-16,3.150957678897078e-15,7.38905609893065,mpmath_1792,2.296360045026237,3.0,2.0000000000000004,53
wilkinson_3,3,Float64,true,taylor,realschur,0.00012644,0.000284288,0.0005457929999999999,0.00018651800000000002,3.0e-8,0.001211068,72,0,2.059023035787212e-84,6.333333333333333,1,1.727233711018889e-77,5.924053288664019e-77,6.28614843741298e-76,7.38905609893065,mpmath_1792,2.296360045026237,3.0,2.0000000000000004,256
wilkinson_3,3,Float64,true,taylor,realschur,0.000219697,0.00035276,0.0015713070000000003,0.00030462899999999995,0.000366325,0.002927236,90,6,7.952953280205886e-278,1.031743407499103,1,1.331998346195134e-256,1.648181983606824e-256,1.847870624321929e-255,7.38905609893065,mpmath_1792,2.296360045026237,3.0,2.0000000000000004,851
wilkinson_4,4,Float64,true,scaling_and_squaring,NaN,NaN,NaN,NaN,NaN,NaN,3.6108e-5,NaN,NaN,NaN,NaN,NaN,2.220446049250313e-16,8.406490787329837e-16,1.592366870988066e-14,12.18249396070347,mpmath_1792,2.87666003244479,5.0,5.0,53
wilkinson_4,4,Float64,true,diagonalcheap,transfree,0.000217523,0.0,0.0,0.0,0.0,0.000303646,NaN,NaN,NaN,NaN,NaN,2.220446049250313e-16,6.900433058954287e-16,1.112093482944312e-14,12.18249396070347,mpmath_1792,2.87666003244479,5.0,5.0,53
wilkinson_4,4,Float64,true,diagonalcheap,transfree,0.000535837,0.0,0.0,0.0,0.0,0.000606952,NaN,NaN,NaN,NaN,NaN,1.727233711018889e-77,2.945746082738263e-77,4.139015075934834e-76,12.18249396070347,mpmath_1792,2.87666003244479,5.0,5.0,256
wilkinson_4,4,Float64,true,diagonalcheap,transfree,0.001329153,0.0,0.0,0.0,0.0,0.001450332,NaN,NaN,NaN,NaN,NaN,1.331998346195134e-256,4.659253331936051e-256,7.156929728297136e-255,12.18249396070347,mpmath_1792,2.87666003244479,5.0,5.0,851
wilkinson_4,4,Float64,true,diagonalcheap,complexschur,0.000136569,5.0985999999999996e-5,0.0008100090000000001,0.00043811100000000003,4.0e-8,0.001562586,13,0,4.997372017593621e-17,12.18249396070346,5.6640337559695455,2.220446049250313e-16,1.647631711729897e-15,2.795891563736239e-14,12.18249396070347,mpmath_1792,2.87666003244479,5.0,5.0,53
wilkinson_4,4,Float64,true,diagonalcheap,complexschur,0.000240476,0.00017585500000000002,0.0013242020000000002,0.000796342,4.0e-8,0.002678674,31,0,1.590747832074521e-79,12.18249396070348,5.574478399465781,1.727233711018889e-77,1.843925497645956e-76,3.540121028751963e-75,12.18249396070347,mpmath_1792,2.87666003244479,5.0,5.0,256
wilkinson_4,4,Float64,true,diagonalcheap,complexschur,0.000461546,0.00044077699999999994,0.004206466,0.0036222019999999997,6.0e-8,0.009007927,81,0,1.226774754661608e-273,12.18249396070348,5.536210368664948,1.331998346195134e-256,1.58771033750414e-255,2.627622876120074e-254,12.18249396070347,mpmath_1792,2.87666003244479,5.0,5.0,851
wilkinson_4,4,Float64,true,diagonalcheap,realschur,0.000231219,6.6947e-5,0.0010375790000000003,0.00035043600000000003,4.0e-8,0.001803223,13,0,4.997372017593621e-17,12.18249396070346,5.6640337559695455,2.220446049250313e-16,1.647631711729897e-15,2.795891563736239e-14,12.18249396070347,mpmath_1792,2.87666003244479,5.0,5.0,53
wilkinson_4,4,Float64,true,diagonalcheap,realschur,0.000390862,0.000246388,0.0019650210000000004,0.000583546,4.1e-8,0.003293831,31,0,1.590747832074521e-79,12.18249396070348,5.574478399465781,1.727233711018889e-77,1.843925497645956e-76,3.540121028751963e-75,12.18249396070347,mpmath_1792,2.87666003244479,5.0,5.0,256
wilkinson_4,4,Float64,true,diagonalcheap,realschur,0.000776624,0.0005437119999999999,0.004631728,0.001069101,4.0e-8,0.007185228,81,0,1.226774754661608e-273,12.18249396070348,5.536210368664948,1.331998346195134e-256,1.58771033750414e-255,2.627622876120074e-254,12.18249396070347,mpmath_1792,2.87666003244479,5.0,5.0,851
wilkinson_4,4,Float64,true,taylor,transfree,0.000227592,0.0,0.0,0.0,0.0,0.000327502,NaN,NaN,NaN,NaN,NaN,2.220446049250313e-16,6.900433058954287e-16,1.112093482944312e-14,12.18249396070347,mpmath_1792,2.87666003244479,5.0,5.0,53
wilkinson_4,4,Float64,true,taylor,transfree,0.000543511,0.0,0.0,0.0,0.0,0.000625417,NaN,NaN,NaN,NaN,NaN,1.727233711018889e-77,2.945746082738263e-77,4.139015075934834e-76,12.18249396070347,mpmath_1792,2.87666003244479,5.0,5.0,256
wilkinson_4,4,Float64,true,taylor,transfree,0.001375611,0.0,0.0,0.0,0.0,0.001514695,NaN,NaN,NaN,NaN,NaN,1.331998346195134e-256,4.659253331936051e-256,7.156929728297136e-255,12.18249396070347,mpmath_1792,2.87666003244479,5.0,5.0,851
wilkinson_4,4,Float64,true,taylor,complexschur,0.000160004,0.000145365,0.0004550940000000002,0.000318785,3.0e-8,0.001216098,25,0,5.551115123125783e-17,9.229166666666663,1,2.220446049250313e-16,1.647631711729897e-15,2.795891563736239e-14,12.18249396070347,mpmath_1792,2.87666003244479,5.0,5.0,53
wilkinson_4,4,Float64,true,taylor,complexschur,0.000239775,0.000338592,0.0007136480000000001,0.0006501730000000001,4.0e-8,0.002080689,72,0,2.595497781520105e-77,9.229166666666667,1,1.727233711018889e-77,1.843925497645956e-76,3.540121028751963e-75,12.18249396070347,mpmath_1792,2.87666003244479,5.0,5.0,256
wilkinson_4,4,Float64,true,taylor,complexschur,0.000478509,0.0003844930000000001,0.002328482,0.000931736,0.000720929,0.005052239,90,6,5.240472070716204e-269,1.03983547133623,1,1.331998346195134e-256,1.58771033750414e-255,2.627622876120074e-254,12.18249396070347,mpmath_1792,2.87666003244479,5.0,5.0,851
wilkinson_4,4,Float64,true,taylor,realschur,0.000175042,0.00013980699999999998,0.0004387030000000001,0.000176106,3.1e-8,0.001032981,25,0,5.551115123125783e-17,9.229166666666663,1,2.220446049250313e-16,1.647631711729897e-15,2.795891563736239e-14,12.18249396070347,mpmath_1792,2.87666003244479,5.0,5.0,53
wilkinson_4,4,Float64,true,taylor,realschur,0.000396002,0.000441248,0.001139041,0.000517303,4.0e-8,0.00262908,72,0,2.595497781520105e-77,9.229166666666667,1,1.727233711018889e-77,1.843925497645956e-76,3.540121028751963e-75,12.18249396070347,mpmath_1792,2.87666003244479,5.0,5.0,256
wilkinson_4,4,Float64,true,taylor,realschur,0.000819375,0.0005778950000000001,0.003870828,0.0008202569999999999,0.000883888,0.007208201,90,6,5.240472070716204e-269,1.03983547133623,1,1.331998346195134e-256,1.58771033750414e-255,2.627622876120074e-254,12.18249396070347,mpmath_1792,2.87666003244479,5.0,5.0,851
wilkinson_5,5,Float64,true,scaling_and_squaring,NaN,NaN,NaN,NaN,NaN,NaN,4.1178e-5,NaN,NaN,NaN,NaN,NaN,2.220446049250313e-16,6.387099046952493e-16,1.392775002728889e-14,19.13549674692646,mpmath_1792,3.289992698718796,10.499999999999998,7.489686958661079,53
wilkinson_5,5,Float64,true,diagonalcheap,transfree,0.000344825,0.0,0.0,0.0,0.0,0.000472747,NaN,NaN,NaN,NaN,NaN,2.220446049250313e-16,4.882231903368238e-16,1.161037059282347e-14,19.13549674692646,mpmath_1792,3.289992698718796,10.499999999999998,7.489686958661079,53
wilkinson_5,5,Float64,true,diagonalcheap,transfree,0.000661195,0.0,0.0,0.0,0.0,0.0007902,NaN,NaN,NaN,NaN,NaN,1.727233711018889e-77,5.418090746116016e-77,1.627792867409127e-75,19.13549674692646,mpmath_1792,3.289992698718796,10.499999999999998,7.489686958661079,256
wilkinson_5,5,Float64,true,diagonalcheap,transfree,0.001635133,0.0,0.0,0.0,0.0,0.001845904,NaN,NaN,NaN,NaN,NaN,1.331998346195134e-256,1.595510949199984e-256,3.901784673964286e-255,19.13549674692646,mpmath_1792,3.289992698718796,10.499999999999998,7.489686958661079,851
wilkinson_5,5,Float64,true,diagonalcheap,complexschur,0.000187015,7.5915e-5,0.001102121,0.000937871,3.31e-7,0.002563876,13,0,1.208667005382908e-16,17.47560403367139,7.557133121460952,2.220446049250313e-16,9.615993293974877e-16,2.912413880628532e-14,19.13549674692646,mpmath_1792,3.289992698718796,10.499999999999998,7.489686958661079,53
wilkinson_5,5,Float64,true,diagonalcheap,complexschur,0.000483297,0.000330276,0.0022389929999999995,0.002083924,4.0e-8,0.005425908,37,0,5.237373920246895e-83,17.4756040336714,7.387132224664055,1.727233711018889e-77,1.23093703217538e-76,3.442834373541567e-75,19.13549674692646,mpmath_1792,3.289992698718796,10.499999999999998,7.489686958661079,256
wilkinson_5,5,Float64,true,diagonalcheap,complexschur,0.000824024,0.000603466,0.005597849000000001,0.004823311,4.0e-8,0.012249328,81,0,6.167863508882449e-264,17.47560403367137,7.339315432320855,1.331998346195134e-256,6.860739038510492e-256,2.070087125777373e-254,19.13549674692646,mpmath_1792,3.289992698718796,10.499999999999998,7.489686958661079,851
wilkinson_5,5,Float64,true,diagonalcheap,realschur,0.000285512,6.7058e-5,0.0009055780000000001,0.00038173400000000006,5.1e-8,0.001780369,13,0,1.208667005382908e-16,17.47560403367139,7.557133121460952,2.220446049250313e-16,9.615993293974877e-16,2.912413880628532e-14,19.13549674692646,mpmath_1792,3.289992698718796,10.499999999999998,7.489686958661079,53
wilkinson_5,5,Float64,true,diagonalcheap,realschur,0.000479159,0.00027823800000000004,0.0020938149999999997,0.00084339,2.0e-7,0.003864695,37,0,5.237373920246895e-83,17.4756040336714,7.387132224664055,1.727233711018889e-77,1.23093703217538e-76,3.442834373541567e-75,19.13549674692646,mpmath_1792,3.289992698718796,10.499999999999998,7.489686958661079,256
wilkinson_5,5,Float64,true,diagonalcheap,realschur,0.000661516,0.000412735,0.003690483999999999,0.001808702,3.0e-8,0.006773866,81,0,6.167863508882449e-264,17.47560403367137,7.339315432320855,1.331998346195134e-256,6.860739038510492e-256,2.070087125777373e-254,19.13549674692646,mpmath_1792,3.289992698718796,10.499999999999998,7.489686958661079,851
wilkinson_5,5,Float64,true,taylor,transfree,0.000291914,0.0,0.0,0.0,0.0,0.00039522,NaN,NaN,NaN,NaN,NaN,2.220446049250313e-16,4.882231903368238e-16,1.161037059282347e-14,19.13549674692646,mpmath_1792,3.289992698718796,10.499999999999998,7.489686958661079,53
wilkinson_5,5,Float64,true,taylor,transfree,0.000670122,0.0,0.0,0.0,0.0,0.000777776,NaN,NaN,NaN,NaN,NaN,1.727233711018889e-77,5.418090746116016e-77,1.627792867409127e-75,19.13549674692646,mpmath_1792,3.289992698718796,10.499999999999998,7.489686958661079,256
wilkinson_5,5,Float64,true,taylor,transfree,0.001569589,0.0,0.0,0.0,0.0,0.001751254,NaN,NaN,NaN,NaN,NaN,1.331998346195134e-256,1.595510949199984e-256,3.901784673964286e-255,19.13549674692646,mpmath_1792,3.289992698718796,10.499999999999998,7.489686958661079,851
wilkinson_5,5,Float64,true,taylor,complexschur,0.000209948,0.000159424,0.00045334,0.000545055,3.0e-8,0.001560652,25,0,1.887379141862766e-15,11.85515029116184,1,2.220446049250313e-16,9.615993293974877e-16,2.912413880628532e-14,19.13549674692646,mpmath_1792,3.289992698718796,10.499999999999998,7.489686958661079,53
wilkinson_5,5,Float64,true,taylor,complexschur,0.000337921,0.000496304,0.0011448340000000004,0.001995921,7.0e-8,0.00432023,81,0,1.647218428629769e-83,11.85515029116183,1,1.727233711018889e-77,1.23093703217538e-76,3.442834373541567e-75,19.13549674692646,mpmath_1792,3.289992698718796,10.499999999999998,7.489686958661079,256
wilkinson_5,5,Float64,true,taylor,complexschur,0.000993556,0.000771976,0.0045689450000000005,0.002869429,0.001518331,0.011260913,90,6,1.115062837587121e-263,1.045714194252943,1,1.331998346195134e-256,6.860739038510492e-256,2.070087125777373e-254,19.13549674692646,mpmath_1792,3.289992698718796,10.499999999999998,7.489686958661079,851
wilkinson_5,5,Float64,true,taylor,realschur,0.000389018,0.000787243,0.0011189430000000003,0.000362558,3.0e-8,0.002810474,25,0,1.887379141862766e-15,11.85515029116184,1,2.220446049250313e-16,9.615993293974877e-16,2.912413880628532e-14,19.13549674692646,mpmath_1792,3.289992698718796,10.499999999999998,7.489686958661079,53
wilkinson_5,5,Float64,true,taylor,realschur,0.000627091,0.000332311,0.00093198,0.0005002580000000001,7.0e-8,0.002559037,81,0,1.647218428629769e-83,11.85515029116183,1,1.727233711018889e-77,1.23093703217538e-76,3.442834373541567e-75,19.13549674692646,mpmath_1792,3.289992698718796,10.499999999999998,7.489686958661079,256
wilkinson_5,5,Float64,true,taylor,realschur,0.000603626,0.000401803,0.002455156,0.044183119,0.000607182,0.048476727,90,6,1.115062837587121e-263,1.045714194252943,1,1.331998346195134e-256,6.860739038510492e-256,2.070087125777373e-254,19.13549674692646,mpmath_1792,3.289992698718796,10.499999999999998,7.489686958661079,851
binomial_10,10,Int64,false,scaling_and_squaring,NaN,NaN,NaN,NaN,NaN,NaN,2.8424e-5,NaN,NaN,NaN,NaN,NaN,2.220446049250313e-16,5.212163022839033e-15,0.0002585375971977106,52610166297.89982,mpmath_1792,1029.584991471387,215.28124999999997,95.30907509382511,53
binomial_10,10,Int64,false,diagonalcheap,transfree,0.0,2.9660000000000005e-6,0.0013830539999999999,0.000719496,0.000444984,0.078342401,7,5,4.433979856984065e-17,12.52204886472465,40.44202109952058,2.220446049250313e-16,6.315523910093315e-15,0.0003472299827156389,52610166297.89982,mpmath_1792,1029.584991471387,215.28124999999997,95.30907509382511,53
binomial_10,10,Int64,false,diagonalcheap,transfree,0.0,0.000296865,0.002817903,0.0019522499999999998,0.000431018,0.005776123,37,3,9.571973047660122e-82,132.1758205092697,934.5484482674502,1.727233711018889e-77,1.007480532424987e-75,5.787437287391615e-65,52610166297.89982,mpmath_1792,1029.584991471387,215.28124999999997,95.30907509382511,256
binomial_10,10,Int64,false,diagonalcheap,transfree,0.0,0.000632922,0.006936606999999998,0.006635763,0.001358849,0.016076403,91,3,4.233643636509951e-280,132.175820509269,934.5484482674442,1.331998346195134e-256,5.458991684085767e-255,2.813334301050578e-244,52610166297.89982,mpmath_1792,1029.584991471387,215.28124999999997,95.30907509382511,851
binomial_10,10,Int64,false,diagonalcheap,complexschur,0.001006209,4.259e-6,0.0023978669999999997,0.004870558,0.001989817,0.011631637,7,5,3.768114196972412e-17,9.656707052860387,22.122952010421997,2.220446049250313e-16,1.541568314380798e-14,0.0008812875999031389,52610166297.89982,mpmath_1792,1029.584991471387,215.28124999999997,95.30907509382511,53
binomial_10,10,Int64,false,diagonalcheap,complexschur,0.000962577,0.000434605,0.003629654999999999,0.00718518,0.002203262,0.016198535,37,3,2.033823970831859e-82,93.56861248726199,558.2410178549695,1.727233711018889e-77,3.697333891304209e-75,1.739846233483445e-64,52610166297.89982,mpmath_1792,1029.584991471387,215.28124999999997,95.30907509382511,256
binomial_10,10,Int64,false,diagonalcheap,complexschur,0.002052586,0.001238574,0.010996989,0.022197302,0.003044409,0.041831255,91,3,3.976098872902546e-280,124.0743509109547,935.4185634953518,1.331998346195134e-256,1.729392394180949e-254,8.373946216579693e-244,52610166297.89982,mpmath_1792,1029.584991471387,215.28124999999997,95.30907509382511,851
binomial_10,10,Int64,false,diagonalcheap,realschur,0.000847208,4.458999999999999e-6,0.0019173870000000002,0.001299798,0.000594098,0.005254543,9,4,7.005591546367777e-17,23.34633215702801,76.646858236754,2.220446049250313e-16,1.155264253815193e-14,0.0007573498174799157,52610166297.89982,mpmath_1792,1029.584991471387,215.28124999999997,95.30907509382511,53
binomial_10,10,Int64,false,diagonalcheap,realschur,0.000849763,0.00033443599999999997,0.0028287009999999994,0.002136374,0.000504578,0.007231825,37,3,2.033823970831859e-82,93.56861248726221,558.2410178549695,1.727233711018889e-77,3.697333891304209e-75,1.739846233483445e-64,52610166297.89982,mpmath_1792,1029.584991471387,215.28124999999997,95.30907509382511,256
binomial_10,10,Int64,false,diagonalcheap,realschur,0.001450303,0.000966093,0.009503996000000002,0.009176038000000001,0.001713683,0.024102285,91,3,3.976098872902546e-280,124.0743509109548,935.418563495352,1.331998346195134e-256,1.729392394180949e-254,8.373946216579693e-244,52610166297.89982,mpmath_1792,1029.584991471387,215.28124999999997,95.30907509382511,851
binomial_10,10,Int64,false,taylor,transfree,0.0,0.00037091299999999995,0.001383339,0.0011285299999999998,0.000254022,0.003495465,30,3,1.554312234475219e-15,104.5,1,2.220446049250313e-16,2.307209432255666e-16,1.605267038100291e-05,52610166297.89982,mpmath_1792,1029.584991471387,215.28124999999997,95.30907509382511,53
binomial_10,10,Int64,false,taylor,transfree,0.0,0.00046445399999999994,0.001547849,0.002730442,0.00039008,0.005464381,81,3,9.958850526418991e-76,104.5,1,1.727233711018889e-77,3.400141084384944e-77,1.984659226190488e-66,52610166297.89982,mpmath_1792,1029.584991471387,215.28124999999997,95.30907509382511,256
binomial_10,10,Int64,false,taylor,transfree,0.0,0.0005960920000000001,0.004310995999999999,0.0034991730000000004,0.00453109,0.013386187,90,10,3.443135024766597e-282,1.324489286192862,1,1.331998346195134e-256,2.886437049983268e-254,1.610914840725985e-243,52610166297.89982,mpmath_1792,1029.584991471387,215.28124999999997,95.30907509382511,851
binomial_10,10,Int64,false,taylor,complexschur,0.000980491,0.000634646,0.0024006480000000005,0.00607559,0.001996439,0.014076928,30,3,6.661338147750939e-16,87.03913714310281,1,2.220446049250313e-16,9.867369498793887e-15,0.0006568563863886071,52610166297.89982,mpmath_1792,1029.584991471387,215.28124999999997,95.30907509382511,53
binomial_10,10,Int64,false,taylor,complexschur,0.001118162,0.000963731,0.0024782240000000007,0.008176006999999999,0.002279597,0.016882874,81,3,5.685927871807668e-77,83.31274994288297,1,1.727233711018889e-77,3.134370902979812e-75,1.53666102203321e-64,52610166297.89982,mpmath_1792,1029.584991471387,215.28124999999997,95.30907509382511,256
binomial_10,10,Int64,false,taylor,complexschur,0.002120204,0.0015366259999999997,0.01128633,0.05819918999999999,0.005847328,0.080503524,90,10,1.377254009906639e-281,1.303251280384473,1,1.331998346195134e-256,2.408903406364666e-254,1.190874071458752e-243,52610166297.89982,mpmath_1792,1029.584991471387,215.28124999999997,95.30907509382511,851
binomial_10,10,Int64,false,taylor,realschur,0.000519015,0.000254743,0.0009526899999999997,0.00092357,0.000262819,0.003336122,30,3,6.661338147750939e-16,82.37420680826517,1,2.220446049250313e-16,1.087535002378099e-14,0.0006717575475824548,52610166297.89982,mpmath_1792,1029.584991471387,215.28124999999997,95.30907509382511,53
binomial_10,10,Int64,false,taylor,realschur,0.000585531,0.00046942999999999996,0.0016008109999999997,0.002173773,0.000761285,0.006250423,81,3,5.685927871807668e-77,83.31274994288297,1,1.727233711018889e-77,3.134370902979812e-75,1.53666102203321e-64,52610166297.89982,mpmath_1792,1029.584991471387,215.28124999999997,95.30907509382511,256
binomial_10,10,Int64,false,taylor,realschur,0.002031065,0.0009206849999999999,0.007290129999999998,0.004420307,0.003138166,0.018858413,90,10,1.377254009906639e-281,1.303251280384473,1,1.331998346195134e-256,2.408903406364666e-254,1.190874071458752e-243,52610166297.89982,mpmath_1792,1029.584991471387,215.28124999999997,95.30907509382511,851
fiedler_10,10,Int64,true,scaling_and_squaring,NaN,NaN,NaN,NaN,NaN,NaN,5.838e-5,NaN,NaN,NaN,NaN,NaN,2.220446049250313e-16,9.744411213538388e-15,10.4206010513953,1041599933981322,mpmath_1792,40.62019202317984,90.0000000000003,67.00488372234285,53
fiedler_10,10,Int64,true,diagonalcheap,transfree,0.001868286,0.0,0.0,0.0,0.0,0.086380879,NaN,NaN,NaN,NaN,NaN,2.220446049250313e-16,3.383149090446863e-15,3.639351051395297,1041599933981322,mpmath_1792,40.62019202317984,90.0000000000003,67.00488372234285,53
fiedler_10,10,Int64,true,diagonalcheap,transfree,0.004818055,0.0,0.0,0.0,0.0,0.005207614,NaN,NaN,NaN,NaN,NaN,1.727233711018889e-77,6.188069639046872e-76,6.565293726998503e-61,1041599933981322,mpmath_1792,40.62019202317984,90.0000000000003,67.00488372234285,256
fiedler_10,10,Int64,true,diagonalcheap,transfree,0.018543996,0.0,0.0,0.0,0.0,0.019237713,NaN,NaN,NaN,NaN,NaN,1.331998346195134e-256,2.194120030196377e-254,2.297344249917311e-239,1041599933981322,mpmath_1792,40.62019202317984,90.0000000000003,67.00488372234285,851
fiedler_10,10,Int64,true,diagonalcheap,complexschur,0.00152829,0.000116551,0.0018539890000000001,0.003175096,0.001040064,0.008796736,13,3,3.123005647132929e-15,73.17537586950004,32.5449815926589,2.220446049250313e-16,3.964322395314001e-14,40.9700239486047,1041599933981322,mpmath_1792,40.62019202317984,90.0000000000003,67.00488372234285,53
fiedler_10,10,Int64,true,diagonalcheap,complexschur,0.002431866,0.000722368,0.005579498000000001,0.012920363,0.001382183,0.024655476,49,2,5.831531392579119e-79,5354.635633643246,1000.3576441597345,1.727233711018889e-77,5.100389866565443e-75,5.444118665569975e-60,1041599933981322,mpmath_1792,40.62019202317984,90.0000000000003,67.00488372234285,256
fiedler_10,10,Int64,true,diagonalcheap,complexschur,0.005213375,0.001067346,0.011182858000000004,0.023166297,0.00348267,0.077004172,91,3,1.061674099627646e-272,73.17537586949945,30.927138432156166,1.331998346195134e-256,2.57676760702183e-254,2.671331142882534e-239,1041599933981322,mpmath_1792,40.62019202317984,90.0000000000003,67.00488372234285,851
fiedler_10,10,Int64,true,diagonalcheap,realschur,0.001528371,7.054299999999999e-5,0.0013234560000000002,0.0008482990000000001,0.000309858,0.004467068,13,3,3.123005647132929e-15,73.17537586950004,32.5449815926589,2.220446049250313e-16,3.964322395314001e-14,40.9700239486047,1041599933981322,mpmath_1792,40.62019202317984,90.0000000000003,67.00488372234285,53
fiedler_10,10,Int64,true,diagonalcheap,realschur,0.003404582,0.0005071419999999999,0.004331173,0.002479496,0.000306772,0.011495057,49,2,5.831531392579119e-79,5354.635633643246,1000.3576441597345,1.727233711018889e-77,5.100389866565443e-75,5.444118665569975e-60,1041599933981322,mpmath_1792,40.62019202317984,90.0000000000003,67.00488372234285,256
fiedler_10,10,Int64,true,diagonalcheap,realschur,0.007957373,0.000982856,0.010711708000000002,0.006965375,0.000919916,0.028456159,91,3,1.061674099627646e-272,73.17537586949945,30.927138432156166,1.331998346195134e-256,2.57676760702183e-254,2.671331142882534e-239,1041599933981322,mpmath_1792,40.62019202317984,90.0000000000003,67.00488372234285,851
fiedler_10,10,Int64,true,taylor,transfree,0.002282652,0.0,0.0,0.0,0.0,0.002638147,NaN,NaN,NaN,NaN,NaN,2.220446049250313e-16,3.383149090446863e-15,3.639351051395297,1041599933981322,mpmath_1792,40.62019202317984,90.0000000000003,67.00488372234285,53
fiedler_10,10,Int64,true,taylor,transfree,0.006679388,0.0,0.0,0.0,0.0,0.007299815,NaN,NaN,NaN,NaN,NaN,1.727233711018889e-77,6.188069639046872e-76,6.565293726998503e-61,1041599933981322,mpmath_1792,40.62019202317984,90.0000000000003,67.00488372234285,256
fiedler_10,10,Int64,true,taylor,transfree,0.021843028,0.0,0.0,0.0,0.0,0.022994824,NaN,NaN,NaN,NaN,NaN,1.331998346195134e-256,2.194120030196377e-254,2.297344249917311e-239,1041599933981322,mpmath_1792,40.62019202317984,90.0000000000003,67.00488372234285,851
fiedler_10,10,Int64,true,taylor,complexschur,0.001771913,0.00046720700000000003,0.0016971240000000002,0.0038634700000000004,0.001009516,0.009870094,30,3,5.329070518200751e-15,41.84304808425213,1,2.220446049250313e-16,3.964322395314001e-14,40.9700239486047,1041599933981322,mpmath_1792,40.62019202317984,90.0000000000003,67.00488372234285,53
fiedler_10,10,Int64,true,taylor,complexschur,0.002499454,0.0010277720000000001,0.0023716720000000004,0.008045438,0.002154439,0.017992169,90,3,9.883310571778616e-83,41.84304808425199,1,1.727233711018889e-77,5.100389866565443e-75,5.444118665569975e-60,1041599933981322,mpmath_1792,40.62019202317984,90.0000000000003,67.00488372234285,256
fiedler_10,10,Int64,true,taylor,complexschur,0.009042543,0.0013740409999999997,0.008802800999999999,0.011980845,0.009437352,0.043140139,90,10,4.93192526203852e-275,1.034106698391703,1,1.331998346195134e-256,2.57676760702183e-254,2.671331142882534e-239,1041599933981322,mpmath_1792,40.62019202317984,90.0000000000003,67.00488372234285,851
fiedler_10,10,Int64,true,taylor,realschur,0.002554288,0.000318535,0.0013132150000000002,0.0011037039999999998,0.000329355,0.006074258,30,3,5.329070518200751e-15,41.84304808425213,1,2.220446049250313e-16,3.964322395314001e-14,40.9700239486047,1041599933981322,mpmath_1792,40.62019202317984,90.0000000000003,67.00488372234285,53
fiedler_10,10,Int64,true,taylor,realschur,0.003566389,0.0009177710000000001,0.0027428179999999997,0.004129326,0.000783247,0.012916144,90,3,9.883310571778616e-83,41.84304808425199,1,1.727233711018889e-77,5.100389866565443e-75,5.444118665569975e-60,1041599933981322,mpmath_1792,40.62019202317984,90.0000000000003,67.00488372234285,256
fiedler_10,10,Int64,true,taylor,realschur,0.006140816,0.0006757349999999997,0.005034101000000002,0.00385477,0.004918515,0.021850582,90,10,4.93192526203852e-275,1.034106698391703,1,1.331998346195134e-256,2.57676760702183e-254,2.671331142882534e-239,1041599933981322,mpmath_1792,40.62019202317984,90.0000000000003,67.00488372234285,851
householder_10,10,Float64,true,scaling_and_squaring,NaN,NaN,NaN,NaN,NaN,NaN,5.1187e-5,NaN,NaN,NaN,NaN,NaN,2.220446049250313e-16,3.919072785536621e-16,1.992340297213902e-15,4.892907286744044,mpmath_1792,6.411794687223787,35.000000000000014,19.000000000000004,53
householder_10,10,Float64,true,diagonalcheap,transfree,0.000237591,0.0,0.0,0.0,0.0,0.000583868,NaN,NaN,NaN,NaN,NaN,2.220446049250313e-16,3.694655464145019e-16,2.493568214046258e-15,4.892907286744044,mpmath_1792,6.411794687223787,35.000000000000014,19.000000000000004,53
householder_10,10,Float64,true,diagonalcheap,transfree,0.000301272,0.0,0.0,0.0,0.0,0.000748912,NaN,NaN,NaN,NaN,NaN,1.727233711018889e-77,3.812696881810391e-77,2.51528812795822e-76,4.892907286744044,mpmath_1792,6.411794687223787,35.000000000000014,19.000000000000004,256
householder_10,10,Float64,true,diagonalcheap,transfree,0.000581774,0.0,0.0,0.0,0.0,0.001376482,NaN,NaN,NaN,NaN,NaN,1.331998346195134e-256,7.203094857210435e-256,1.020749587096622e-254,4.892907286744044,mpmath_1792,6.411794687223787,35.000000000000014,19.000000000000004,851
householder_10,10,Float64,true,diagonalcheap,complexschur,0.000825707,0.00013186000000000003,0.0021806389999999994,0.00446242,0.001033111,0.01002105,13,2,6.292203494246491e-17,1.284025416687741,10.892185121390463,2.220446049250313e-16,6.922607107284473e-16,6.612967027348898e-15,4.892907286744044,mpmath_1792,6.411794687223787,35.000000000000014,19.000000000000004,53
householder_10,10,Float64,true,diagonalcheap,complexschur,0.000604728,0.0006609729999999999,0.005193266000000002,0.012394545,0.000594959,0.021033861,49,1,1.312612440408597e-79,1.648721270700128,132.17972167370817,1.727233711018889e-77,3.450373723011521e-77,3.524898349337628e-76,4.892907286744044,mpmath_1792,6.411794687223787,35.000000000000014,19.000000000000004,256
householder_10,10,Float64,true,diagonalcheap,complexschur,0.000668499,0.0014147139999999999,0.057451979,0.018677071,0.000946736,0.08050158,91,2,1.929151174021319e-265,1.284025416687742,11.994673569339723,1.331998346195134e-256,2.083010018811818e-256,2.735702877975565e-255,4.892907286744044,mpmath_1792,6.411794687223787,35.000000000000014,19.000000000000004,851
householder_10,10,Float64,true,diagonalcheap,realschur,0.000596963,6.5805e-5,0.001330575,0.0008245060000000001,0.000167138,0.003284143,13,2,6.292203494246491e-17,1.284025416687741,10.892185121390463,2.220446049250313e-16,6.922607107284473e-16,6.612967027348898e-15,4.892907286744044,mpmath_1792,6.411794687223787,35.000000000000014,19.000000000000004,53
householder_10,10,Float64,true,diagonalcheap,realschur,0.000580982,0.000371416,0.0031115779999999994,0.002563114,0.000226369,0.007406156,49,1,1.312612440408597e-79,1.648721270700128,132.17972167370817,1.727233711018889e-77,3.450373723011521e-77,3.524898349337628e-76,4.892907286744044,mpmath_1792,6.411794687223787,35.000000000000014,19.000000000000004,256
householder_10,10,Float64,true,diagonalcheap,realschur,0.000638582,0.0009424269999999999,0.01038916,0.005027579,0.00045876,0.018105754,91,2,1.929151174021319e-265,1.284025416687742,11.994673569339723,1.331998346195134e-256,2.083010018811818e-256,2.735702877975565e-255,4.892907286744044,mpmath_1792,6.411794687223787,35.000000000000014,19.000000000000004,851
householder_10,10,Float64,true,taylor,transfree,0.00023736,0.0,0.0,0.0,0.0,0.00058488,NaN,NaN,NaN,NaN,NaN,2.220446049250313e-16,3.694655464145019e-16,2.493568214046258e-15,4.892907286744044,mpmath_1792,6.411794687223787,35.000000000000014,19.000000000000004,53
householder_10,10,Float64,true,taylor,transfree,0.000303145,0.0,0.0,0.0,0.0,0.000771514,NaN,NaN,NaN,NaN,NaN,1.727233711018889e-77,3.812696881810391e-77,2.51528812795822e-76,4.892907286744044,mpmath_1792,6.411794687223787,35.000000000000014,19.000000000000004,256
householder_10,10,Float64,true,taylor,transfree,0.000600039,0.0,0.0,0.0,0.0,0.001431497,NaN,NaN,NaN,NaN,NaN,1.331998346195134e-256,7.203094857210435e-256,1.020749587096622e-254,4.892907286744044,mpmath_1792,6.411794687223787,35.000000000000014,19.000000000000004,851
householder_10,10,Float64,true,taylor,complexschur,0.000843461,0.000492916,0.0018486669999999996,0.005012304999999999,0.000652639,0.01004252,36,2,8.881784197001252e-16,10.88037109374998,1,2.220446049250313e-16,6.922607107284473e-16,6.612967027348898e-15,4.892907286744044,mpmath_1792,6.411794687223787,35.000000000000014,19.000000000000004,53
householder_10,10,Float64,true,taylor,complexschur,0.000698786,0.0012546830000000001,0.0030044989999999995,0.012231457999999999,0.00075899,0.019136791,90,2,2.960710403619147e-79,10.88037109375,1,1.727233711018889e-77,3.450373723011521e-77,3.524898349337628e-76,4.892907286744044,mpmath_1792,6.411794687223787,35.000000000000014,19.000000000000004,256
householder_10,10,Float64,true,taylor,complexschur,0.000434004,0.0007796580000000001,0.005122149999999999,0.010358914,0.007683714,0.026341245,90,9,4.922766861195088e-271,1.001955033591003,1,1.331998346195134e-256,2.083010018811818e-256,2.735702877975565e-255,4.892907286744044,mpmath_1792,6.411794687223787,35.000000000000014,19.000000000000004,851
householder_10,10,Float64,true,taylor,realschur,0.000923263,0.00030211100000000004,0.001065014,0.001259711,0.000181434,0.004159134,36,2,8.881784197001252e-16,10.88037109374998,1,2.220446049250313e-16,6.922607107284473e-16,6.612967027348898e-15,4.892907286744044,mpmath_1792,6.411794687223787,35.000000000000014,19.000000000000004,53
householder_10,10,Float64,true,taylor,realschur,0.000397294,0.0005130499999999999,0.001444384,0.0022685070000000003,0.000278689,0.005317823,90,2,2.960710403619147e-79,10.88037109375,1,1.727233711018889e-77,3.450373723011521e-77,3.524898349337628e-76,4.892907286744044,mpmath_1792,6.411794687223787,35.000000000000014,19.000000000000004,256
householder_10,10,Float64,true,taylor,realschur,0.000424967,0.0004977339999999999,0.004002157000000001,0.002567433,0.004760114,0.013362953,90,9,4.922766861195088e-271,1.001955033591003,1,1.331998346195134e-256,2.083010018811818e-256,2.735702877975565e-255,4.892907286744044,mpmath_1792,6.411794687223787,35.000000000000014,19.000000000000004,851
jordbloc_10_2,10,Int64,false,scaling_and_squaring,NaN,NaN,NaN,NaN,NaN,NaN,3.3023e-5,NaN,NaN,NaN,NaN,NaN,2.220446049250313e-16,2.439311077346388e-17,5.608466799368324e-16,20.08553468514711,mpmath_1792,3.946506763677976,2.9970703125,2.7854972896927994,53
jordbloc_10_2,10,Int64,false,diagonalcheap,transfree,0.0,0.00013331400000000002,0.0014351020000000002,0.0014526670000000002,1.9e-7,0.003275536,13,0,1.301059602763527e-16,20.08553468514712,2.730167613227799,2.220446049250313e-16,3.687947313120824e-16,9.517386673131174e-15,20.08553468514711,mpmath_1792,3.946506763677976,2.9970703125,2.7854972896927994,53
jordbloc_10_2,10,Int64,false,diagonalcheap,transfree,0.0,0.0006064719999999999,0.0028120379999999998,0.001934964,3.0e-8,0.005511752,37,0,4.685590980248268e-83,20.08553468514713,2.660725926899577,1.727233711018889e-77,1.528476381062871e-77,3.931720678265786e-76,20.08553468514711,mpmath_1792,3.946506763677976,2.9970703125,2.7854972896927994,256
jordbloc_10_2,10,Int64,false,diagonalcheap,transfree,0.0,0.0014435990000000003,0.035771385,0.006911937,1.1e-7,0.044342291,81,0,1.604071905054738e-260,20.0855346851471,2.6412275904568285,1.331998346195134e-256,5.559688070437114e-257,1.572205755949212e-255,20.08553468514711,mpmath_1792,3.946506763677976,2.9970703125,2.7854972896927994,851
jordbloc_10_2,10,Int64,false,diagonalcheap,complexschur,0.0,0.000109198,0.0015204440000000001,0.0013837169999999998,4.0e-8,0.00325119,13,0,1.301059602763527e-16,20.08553468514712,2.730167613227799,2.220446049250313e-16,3.687947313120824e-16,9.517386673131174e-15,20.08553468514711,mpmath_1792,3.946506763677976,2.9970703125,2.7854972896927994,53
jordbloc_10_2,10,Int64,false,diagonalcheap,complexschur,0.0,0.0007703409999999999,0.0036476779999999997,0.0031661270000000004,4.0e-8,0.007811516,37,0,4.685590980248268e-83,20.08553468514713,2.660725926899577,1.727233711018889e-77,1.528476381062871e-77,3.931720678265786e-76,20.08553468514711,mpmath_1792,3.946506763677976,2.9970703125,2.7854972896927994,256
jordbloc_10_2,10,Int64,false,diagonalcheap,complexschur,0.0,0.0011824960000000003,0.0055570770000000005,0.004144767,3.0e-8,0.011119595,81,0,1.604071905054738e-260,20.0855346851471,2.6412275904568285,1.331998346195134e-256,5.559688070437114e-257,1.572205755949212e-255,20.08553468514711,mpmath_1792,3.946506763677976,2.9970703125,2.7854972896927994,851
jordbloc_10_2,10,Int64,false,diagonalcheap,realschur,0.0,6.4763e-5,0.000930968,0.0008227909999999999,3.0e-8,0.002006669,13,0,1.301059602763527e-16,20.08553468514712,2.730167613227799,2.220446049250313e-16,3.687947313120824e-16,9.517386673131174e-15,20.08553468514711,mpmath_1792,3.946506763677976,2.9970703125,2.7854972896927994,53
jordbloc_10_2,10,Int64,false,diagonalcheap,realschur,0.0,0.0005790000000000001,0.004206466999999999,0.002974344,4.0e-8,0.007978924,37,0,4.685590980248268e-83,20.08553468514713,2.660725926899577,1.727233711018889e-77,1.528476381062871e-77,3.931720678265786e-76,20.08553468514711,mpmath_1792,3.946506763677976,2.9970703125,2.7854972896927994,256
jordbloc_10_2,10,Int64,false,diagonalcheap,realschur,0.0,0.0020507309999999996,0.008385651000000001,0.0058525,4.0e-8,0.016604545,81,0,1.604071905054738e-260,20.0855346851471,2.6412275904568285,1.331998346195134e-256,5.559688070437114e-257,1.572205755949212e-255,20.08553468514711,mpmath_1792,3.946506763677976,2.9970703125,2.7854972896927994,851
jordbloc_10_2,10,Int64,false,taylor,transfree,0.0,0.000263809,0.000475131,0.000955483,4.0e-8,0.001874157,30,0,1.110223024625157e-16,13,1,2.220446049250313e-16,3.745470439190044e-17,7.554494423039413e-16,20.08553468514711,mpmath_1792,3.946506763677976,2.9970703125,2.7854972896927994,53
jordbloc_10_2,10,Int64,false,taylor,transfree,0.0,0.0005822339999999998,0.0009421720000000001,0.0020688250000000003,9.0e-8,0.003755297,81,0,1.647218428629769e-83,13,1,1.727233711018889e-77,1.010826453002396e-78,2.271690977861527e-77,20.08553468514711,mpmath_1792,3.946506763677976,2.9970703125,2.7854972896927994,256
jordbloc_10_2,10,Int64,false,taylor,transfree,0.0,0.0013905690000000001,0.005190614,0.004410018999999999,0.002682801,0.014074684,90,6,8.410731476838382e-262,1.047991002016633,1,1.331998346195134e-256,4.839382509879616e-257,1.116989158431027e-255,20.08553468514711,mpmath_1792,3.946506763677976,2.9970703125,2.7854972896927994,851
jordbloc_10_2,10,Int64,false,taylor,complexschur,0.0,0.000520528,0.0007928770000000001,0.001934002,5.0e-8,0.003535441,30,0,1.110223024625157e-16,13,1,2.220446049250313e-16,3.745470439190044e-17,7.554494423039413e-16,20.08553468514711,mpmath_1792,3.946506763677976,2.9970703125,2.7854972896927994,53
jordbloc_10_2,10,Int64,false,taylor,complexschur,0.0,0.0011293149999999999,0.0015939049999999996,0.003320151,4.0e-8,0.006268407,81,0,1.647218428629769e-83,13,1,1.727233711018889e-77,1.010826453002396e-78,2.271690977861527e-77,20.08553468514711,mpmath_1792,3.946506763677976,2.9970703125,2.7854972896927994,256
jordbloc_10_2,10,Int64,false,taylor,complexschur,0.0,0.0008778759999999999,0.004292135999999999,0.003005086,0.001724753,0.010243242,90,6,8.410731476838382e-262,1.047991002016633,1,1.331998346195134e-256,4.839382509879616e-257,1.116989158431027e-255,20.08553468514711,mpmath_1792,3.946506763677976,2.9970703125,2.7854972896927994,851
jordbloc_10_2,10,Int64,false,taylor,realschur,0.0,0.000356367,0.000497141,0.0010938080000000001,3.0e-8,0.002181189,30,0,1.110223024625157e-16,13,1,2.220446049250313e-16,3.745470439190044e-17,7.554494423039413e-16,20.08553468514711,mpmath_1792,3.946506763677976,2.9970703125,2.7854972896927994,53
jordbloc_10_2,10,Int64,false,taylor,realschur,0.0,0.000567496,0.0008585309999999999,0.0018923619999999999,3.0e-8,0.003467381,81,0,1.647218428629769e-83,13,1,1.727233711018889e-77,1.010826453002396e-78,2.271690977861527e-77,20.08553468514711,mpmath_1792,3.946506763677976,2.9970703125,2.7854972896927994,256
jordbloc_10_2,10,Int64,false,taylor,realschur,0.0,0.0014237709999999997,0.005310287000000001,0.004538865,0.002674196,0.014298419,90,6,8.410731476838382e-262,1.047991002016633,1,1.331998346195134e-256,4.839382509879616e-257,1.116989158431027e-255,20.08553468514711,mpmath_1792,3.946506763677976,2.9970703125,2.7854972896927994,851
kms_10,10,Float64,true,scaling_and_squaring,NaN,NaN,NaN,NaN,NaN,NaN,5.8391e-5,NaN,NaN,NaN,NaN,NaN,2.220446049250313e-16,1.568338715857598e-15,3.823394190684546e-14,16.68899489695451,mpmath_1792,3.292538440316186,8.718749999999998,7.884472867533711,53
kms_10,10,Float64,true,diagonalcheap,transfree,0.002378695,0.0,0.0,0.0,0.0,0.078460427,NaN,NaN,NaN,NaN,NaN,2.220446049250313e-16,7.41131579746382e-16,1.674386007292761e-14,16.68899489695451,mpmath_1792,3.292538440316186,8.718749999999998,7.884472867533711,53
kms_10,10,Float64,true,diagonalcheap,transfree,0.005451777,0.0,0.0,0.0,0.0,0.005877656,NaN,NaN,NaN,NaN,NaN,1.727233711018889e-77,6.924280850721137e-77,1.599154393386991e-75,16.68899489695451,mpmath_1792,3.292538440316186,8.718749999999998,7.884472867533711,256
kms_10,10,Float64,true,diagonalcheap,transfree,0.009667018,0.0,0.0,0.0,0.0,0.010343392,NaN,NaN,NaN,NaN,NaN,1.331998346195134e-256,4.247468338262762e-256,1.079145706988685e-254,16.68899489695451,mpmath_1792,3.292538440316186,8.718749999999998,7.884472867533711,851
kms_10,10,Float64,true,diagonalcheap,complexschur,0.00139058,0.000145075,0.007003091999999999,0.004392605999999999,5.0e-8,0.014277378,13,0,0,14.62622467498588,3.3421949269700786,2.220446049250313e-16,2.814956963112066e-15,7.498801211594833e-14,16.68899489695451,mpmath_1792,3.292538440316186,8.718749999999998,7.884472867533711,53
kms_10,10,Float64,true,diagonalcheap,complexschur,0.003862952,0.00046878899999999995,0.0035347289999999995,0.00877737,5.0e-8,0.01813455,31,0,1.635624941065742e-77,14.62622467498587,3.2732495140417104,1.727233711018889e-77,1.805128092664626e-76,4.184525315481447e-75,16.68899489695451,mpmath_1792,3.292538440316186,8.718749999999998,7.884472867533711,256
kms_10,10,Float64,true,diagonalcheap,complexschur,0.007771971,0.0010219510000000001,0.054452297999999996,0.015607702,4.0e-8,0.080155584,81,0,1.461802585619354e-268,14.62622467498581,3.2438899785315196,1.331998346195134e-256,1.722031197585374e-255,4.203610194954011e-254,16.68899489695451,mpmath_1792,3.292538440316186,8.718749999999998,7.884472867533711,851
kms_10,10,Float64,true,diagonalcheap,realschur,0.001349601,6.6206e-5,0.0012067230000000003,0.0008505339999999999,3.0e-8,0.003799882,13,0,0,14.62622467498588,3.3421949269700786,2.220446049250313e-16,2.814956963112066e-15,7.498801211594833e-14,16.68899489695451,mpmath_1792,3.292538440316186,8.718749999999998,7.884472867533711,53
kms_10,10,Float64,true,diagonalcheap,realschur,0.002907929,0.000224183,0.002074197,0.001726627,4.0e-8,0.007373575,31,0,1.635624941065742e-77,14.62622467498587,3.2732495140417104,1.727233711018889e-77,1.805128092664626e-76,4.184525315481447e-75,16.68899489695451,mpmath_1792,3.292538440316186,8.718749999999998,7.884472867533711,256
kms_10,10,Float64,true,diagonalcheap,realschur,0.005169231,0.000612873,0.00636431,0.007965930999999999,4.0e-8,0.021154571,81,0,1.461802585619354e-268,14.62622467498581,3.2438899785315196,1.331998346195134e-256,1.722031197585374e-255,4.203610194954011e-254,16.68899489695451,mpmath_1792,3.292538440316186,8.718749999999998,7.884472867533711,851
kms_10,10,Float64,true,taylor,transfree,0.002684505,0.0,0.0,0.0,0.0,0.003243506,NaN,NaN,NaN,NaN,NaN,2.220446049250313e-16,7.41131579746382e-16,1.674386007292761e-14,16.68899489695451,mpmath_1792,3.292538440316186,8.718749999999998,7.884472867533711,53
kms_10,10,Float64,true,taylor,transfree,0.004868871,0.0,0.0,0.0,0.0,0.005298958,NaN,NaN,NaN,NaN,NaN,1.727233711018889e-77,6.924280850721137e-77,1.599154393386991e-75,16.68899489695451,mpmath_1792,3.292538440316186,8.718749999999998,7.884472867533711,256
kms_10,10,Float64,true,taylor,transfree,0.015144955,0.0,0.0,0.0,0.0,0.016189327,NaN,NaN,NaN,NaN,NaN,1.331998346195134e-256,4.247468338262762e-256,1.079145706988685e-254,16.68899489695451,mpmath_1792,3.292538440316186,8.718749999999998,7.884472867533711,851
kms_10,10,Float64,true,taylor,complexschur,0.002139471,0.00039197400000000007,0.001001172,0.004699008,4.1e-8,0.009679401,25,0,4.996003610813204e-16,10.49982989309284,1,2.220446049250313e-16,2.814956963112066e-15,7.498801211594833e-14,16.68899489695451,mpmath_1792,3.292538440316186,8.718749999999998,7.884472867533711,53
kms_10,10,Float64,true,taylor,complexschur,0.004070455,0.0007078440000000001,0.001457025,0.006425746,3.0e-8,0.013615943,81,0,4.118046071574423e-84,10.49982989309283,1,1.727233711018889e-77,1.805128092664626e-76,4.184525315481447e-75,16.68899489695451,mpmath_1792,3.292538440316186,8.718749999999998,7.884472867533711,256
kms_10,10,Float64,true,taylor,complexschur,0.007575889,0.0013450600000000001,0.006889332000000001,0.011027870999999998,0.003101056,0.031676391,90,6,3.225639170964645e-266,1.042810009805911,1,1.331998346195134e-256,1.722031197585374e-255,4.203610194954011e-254,16.68899489695451,mpmath_1792,3.292538440316186,8.718749999999998,7.884472867533711,851
kms_10,10,Float64,true,taylor,realschur,0.001293314,0.00018562399999999998,0.00060615,0.000881852,3.0e-8,0.003322766,25,0,4.996003610813204e-16,10.49982989309284,1,2.220446049250313e-16,2.814956963112066e-15,7.498801211594833e-14,16.68899489695451,mpmath_1792,3.292538440316186,8.718749999999998,7.884472867533711,53
kms_10,10,Float64,true,taylor,realschur,0.004440478,0.000704775,0.001745015,0.0036175760000000004,4.0e-8,0.011161475,81,0,4.118046071574423e-84,10.49982989309283,1,1.727233711018889e-77,1.805128092664626e-76,4.184525315481447e-75,16.68899489695451,mpmath_1792,3.292538440316186,8.718749999999998,7.884472867533711,256
kms_10,10,Float64,true,taylor,realschur,0.006133361,0.0007579369999999999,0.0055593970000000015,0.006702199000000001,0.003373874,0.023711765,90,6,3.225639170964645e-266,1.042810009805911,1,1.331998346195134e-256,1.722031197585374e-255,4.203610194954011e-254,16.68899489695451,mpmath_1792,3.292538440316186,8.718749999999998,7.884472867533711,851
lesp_10,10,Float64,false,scaling_and_squaring,NaN,NaN,NaN,NaN,NaN,NaN,3.3524e-5,NaN,NaN,NaN,NaN,NaN,2.220446049250313e-16,2.084832702992328e-15,2.612427737387611e-17,0.01080312886619892,mpmath_1792,51.98851071542212,7.30970817216349,6.694545265994159,53
lesp_10,10,Float64,false,diagonalcheap,transfree,0.0,0.000111641,0.03339494299999999,0.001024525,0.000162218,0.115858248,13,2,1.683721768470825e-15,10.72497451781743,27.62417865657607,2.220446049250313e-16,1.184844385427181e-15,1.455545717877025e-17,0.01080312886619892,mpmath_1792,51.98851071542212,7.30970817216349,6.694545265994159,53
lesp_10,10,Float64,false,diagonalcheap,transfree,0.0,0.000287947,0.002433371,0.002802297,0.000105259,0.005852227,43,1,3.743165269114985e-81,114.5773675406453,601.0516346394811,1.727233711018889e-77,4.116797564826452e-76,5.012285892693745e-78,0.01080312886619892,mpmath_1792,51.98851071542212,7.30970817216349,6.694545265994159,256
lesp_10,10,Float64,false,diagonalcheap,transfree,0.0,0.000674558,0.006747360000000002,0.006910034000000001,0.000826138,0.015428614,91,2,2.26527536409163e-280,10.72497451781742,28.78084329178433,1.331998346195134e-256,6.536812926785727e-256,7.387856015058311e-258,0.01080312886619892,mpmath_1792,51.98851071542212,7.30970817216349,6.694545265994159,851
lesp_10,10,Float64,false,diagonalcheap,complexschur,0.002381149,0.00015850300000000002,0.002604342,0.011821788,0.000779369,0.018979342,13,2,7.440554623327479e-16,10.61977409125889,27.72229738032702,2.220446049250313e-16,5.655966826910886e-15,7.458485257314925e-17,0.01080312886619892,mpmath_1792,51.98851071542212,7.30970817216349,6.694545265994159,53
lesp_10,10,Float64,false,diagonalcheap,complexschur,0.002741804,0.00047003,0.0040451689999999995,0.011604063,0.000636658,0.020800209,43,1,2.196334133972243e-80,112.7796017493746,599.4169613512441,1.727233711018889e-77,4.618254784403569e-76,6.966535096169254e-78,0.01080312886619892,mpmath_1792,51.98851071542212,7.30970817216349,6.694545265994159,256
lesp_10,10,Float64,false,diagonalcheap,complexschur,0.009622573,0.0009946800000000002,0.010277495000000003,0.023704479000000004,0.001219805,0.047446483,91,2,4.505530898141704e-280,10.61977409125889,28.88495665784711,1.331998346195134e-256,3.328388842759116e-255,3.872823850263056e-257,0.01080312886619892,mpmath_1792,51.98851071542212,7.30970817216349,6.694545265994159,851
lesp_10,10,Float64,false,diagonalcheap,realschur,0.001304526,6.823900000000001e-5,0.0012539109999999997,0.000920957,0.000187025,0.004131131,13,2,7.440554623327479e-16,10.61977409125889,27.72229738032702,2.220446049250313e-16,5.655966826910886e-15,7.458485257314925e-17,0.01080312886619892,mpmath_1792,51.98851071542212,7.30970817216349,6.694545265994159,53
lesp_10,10,Float64,false,diagonalcheap,realschur,0.002809623,0.00030988799999999997,0.0027425279999999997,0.002215052,0.000140527,0.008687549,43,1,2.196334133972243e-80,112.7796017493746,599.4169613512443,1.727233711018889e-77,4.618254784403569e-76,6.966535096169254e-78,0.01080312886619892,mpmath_1792,51.98851071542212,7.30970817216349,6.694545265994159,256
lesp_10,10,Float64,false,diagonalcheap,realschur,0.005948841,0.0007598489999999999,0.008666588999999999,0.008922206,0.001366453,0.026895107,91,2,4.505530898141704e-280,10.61977409125889,28.88495665784711,1.331998346195134e-256,3.328388842759116e-255,3.872823850263056e-257,0.01080312886619892,mpmath_1792,51.98851071542212,7.30970817216349,6.694545265994159,851
lesp_10,10,Float64,false,taylor,transfree,0.0,0.00040743500000000005,0.0013273920000000002,0.001606327,0.000157589,0.003856389,30,2,0,9.738092719184028,1,2.220446049250313e-16,1.946847773418995e-16,2.195413799909569e-18,0.01080312886619892,mpmath_1792,51.98851071542212,7.30970817216349,6.694545265994159,53
lesp_10,10,Float64,false,taylor,transfree,0.0,0.00047298699999999996,0.0014595039999999997,0.002667832,0.000228775,0.005069542,81,2,1.550197263183476e-79,9.738092719184028,1,1.727233711018889e-77,1.850269357147341e-77,2.577109552440171e-79,0.01080312886619892,mpmath_1792,51.98851071542212,7.30970817216349,6.694545265994159,256
lesp_10,10,Float64,false,taylor,transfree,0.0,0.000554772,0.003932743999999999,0.006702700000000001,0.003474785,0.015054844,90,8,1.00184036192112e-257,1.03780586533594,1,1.331998346195134e-256,1.587832921177139e-254,2.042256952136851e-256,0.01080312886619892,mpmath_1792,51.98851071542212,7.30970817216349,6.694545265994159,851
lesp_10,10,Float64,false,taylor,complexschur,0.001304245,0.0006195339999999999,0.0017246960000000002,0.005617098999999999,0.000894107,0.011311539,30,2,0,9.650704321349973,1,2.220446049250313e-16,5.663938830550511e-15,7.458485257314925e-17,0.01080312886619892,mpmath_1792,51.98851071542212,7.30970817216349,6.694545265994159,53
lesp_10,10,Float64,false,taylor,complexschur,0.002732155,0.000694818,0.0017221409999999995,0.047095264,0.00074812,0.054040198,81,2,1.449058051665608e-79,9.650704321349968,1,1.727233711018889e-77,4.648625212929154e-76,6.985579048870529e-78,0.01080312886619892,mpmath_1792,51.98851071542212,7.30970817216349,6.694545265994159,256
lesp_10,10,Float64,false,taylor,complexschur,0.005691873,0.000798497,0.005237325999999999,0.00784413,0.006292233,0.028101426,90,8,9.301391737501444e-258,1.037607378112738,1,1.331998346195134e-256,3.279031202976e-255,3.900570316669474e-257,0.01080312886619892,mpmath_1792,51.98851071542212,7.30970817216349,6.694545265994159,851
lesp_10,10,Float64,false,taylor,realschur,0.002295487,0.000424585,0.001403693,0.001613413,0.000328233,0.006674879,30,2,0,9.650704321349973,1,2.220446049250313e-16,5.663938830550511e-15,7.458485257314925e-17,0.01080312886619892,mpmath_1792,51.98851071542212,7.30970817216349,6.694545265994159,53
lesp_10,10,Float64,false,taylor,realschur,0.002678704,0.000566174,0.0015921830000000007,0.002069767,0.000275262,0.00769798,81,2,1.449058051665608e-79,9.650704321349968,1,1.727233711018889e-77,4.648625212929154e-76,6.985579048870529e-78,0.01080312886619892,mpmath_1792,51.98851071542212,7.30970817216349,6.694545265994159,256
lesp_10,10,Float64,false,taylor,realschur,0.005581704,0.000552506,0.004167900000000001,0.004609549,0.003968091,0.02007901,90,8,9.301391737501444e-258,1.037607378112738,1,1.331998346195134e-256,3.279031202976e-255,3.900570316669474e-257,0.01080312886619892,mpmath_1792,51.98851071542212,7.30970817216349,6.694545265994159,851
lotkin_10,10,Rational{Int64},false,scaling_and_squaring,NaN,NaN,NaN,NaN,NaN,NaN,2.4817e-5,NaN,NaN,NaN,NaN,NaN,2.220446049250313e-16,1.422830277170423e-16,1.891961112459659e-15,13.32017997457215,mpmath_1792,3.493049942322684,3.3822546773563918e13,2.7673395684266797e13,53
lotkin_10,10,Rational{Int64},false,diagonalcheap,transfree,0.0,0.000106593,0.0012543220000000002,0.001551523,6.0e-8,0.086174359,13,0,2.742495543920821e-16,13.32017997457216,5.421617906146216,2.220446049250313e-16,5.125806349835314e-16,6.6663594687259e-15,13.32017997457215,mpmath_1792,3.493049942322684,3.3822546773563918e13,2.7673395684266797e13,53
lotkin_10,10,Rational{Int64},false,diagonalcheap,transfree,0.0,0.0007220799999999999,0.002788723,0.0036231360000000003,8.0e-8,0.00749208,31,0,1.075888783977265e-79,13.32017997457215,5.321572829746615,1.727233711018889e-77,1.256579569034095e-77,2.338339884366725e-76,13.32017997457215,mpmath_1792,3.493049942322684,3.3822546773563918e13,2.7673395684266797e13,256
lotkin_10,10,Rational{Int64},false,diagonalcheap,transfree,0.0,0.0031322269999999996,0.007316800000000003,0.012910874000000001,1.4e-7,0.02383537,81,0,1.006845187491475e-274,13.32017997457214,5.278874568129015,1.331998346195134e-256,1.053425168758598e-256,2.016523479329893e-255,13.32017997457215,mpmath_1792,3.493049942322684,3.3822546773563918e13,2.7673395684266797e13,851
lotkin_10,10,Rational{Int64},false,diagonalcheap,complexschur,0.001656975,0.000126319,0.0018474770000000001,0.004573669,4.0e-8,0.009713607,13,0,4.81354309882631e-17,11.34247442943036,5.281722387341183,2.220446049250313e-16,1.291987120895856e-15,2.495260330828821e-14,13.32017997457215,mpmath_1792,3.493049942322684,3.3822546773563918e13,2.7673395684266797e13,53
lotkin_10,10,Rational{Int64},false,diagonalcheap,complexschur,0.002800585,0.00047218799999999996,0.0035191689999999995,0.008863223,4.1e-8,0.017259488,31,0,2.380425854722591e-80,11.34247442943035,6.512049628319328,1.727233711018889e-77,1.686525536781972e-76,2.853431121849601e-75,13.32017997457215,mpmath_1792,3.493049942322684,3.3822546773563918e13,2.7673395684266797e13,256
lotkin_10,10,Rational{Int64},false,diagonalcheap,complexschur,0.006758918,0.0010710530000000002,0.00911565,0.052083056,1.1e-7,0.070597223,81,0,1.011529103516607e-275,11.34247442943037,6.460291197883408,1.331998346195134e-256,6.431439443695556e-256,1.284905888469025e-254,13.32017997457215,mpmath_1792,3.493049942322684,3.3822546773563918e13,2.7673395684266797e13,851
lotkin_10,10,Rational{Int64},false,diagonalcheap,realschur,0.001108214,7.085500000000001e-5,0.0012075840000000003,0.000874448,3.0e-8,0.003667621,13,0,4.81354309882631e-17,11.34247442943036,5.281722387341183,2.220446049250313e-16,1.291987120895856e-15,2.495260330828821e-14,13.32017997457215,mpmath_1792,3.493049942322684,3.3822546773563918e13,2.7673395684266797e13,53
lotkin_10,10,Rational{Int64},false,diagonalcheap,realschur,0.002163005,0.00038209400000000003,0.003241120999999999,0.0029631440000000005,3.0e-8,0.009464404,31,0,2.380425854722591e-80,11.34247442943035,6.512049628319329,1.727233711018889e-77,1.686525536781972e-76,2.853431121849601e-75,13.32017997457215,mpmath_1792,3.493049942322684,3.3822546773563918e13,2.7673395684266797e13,256
lotkin_10,10,Rational{Int64},false,diagonalcheap,realschur,0.007546955,0.0007386020000000002,0.007052382000000001,0.008229762,4.0e-8,0.024855115,81,0,1.011529103516607e-275,11.34247442943037,6.460291197883408,1.331998346195134e-256,6.431439443695556e-256,1.284905888469025e-254,13.32017997457215,mpmath_1792,3.493049942322684,3.3822546773563918e13,2.7673395684266797e13,851
lotkin_10,10,Rational{Int64},false,taylor,transfree,0.0,0.00036357100000000003,0.0007866100000000001,0.0017580699999999998,4.0e-8,0.003329129,25,0,1.110223024625157e-16,10.2597363956153,1,2.220446049250313e-16,1.010098915138084e-16,1.638970102960274e-15,13.32017997457215,mpmath_1792,3.493049942322684,3.3822546773563918e13,2.7673395684266797e13,53
lotkin_10,10,Rational{Int64},false,taylor,transfree,0.0,0.0009739980000000001,0.001166997,0.003036193,6.1e-8,0.005568369,72,0,1.257411599977463e-77,10.25973639561529,1,1.727233711018889e-77,1.165694502526097e-77,1.370472617279007e-76,13.32017997457215,mpmath_1792,3.493049942322684,3.3822546773563918e13,2.7673395684266797e13,256
lotkin_10,10,Rational{Int64},false,taylor,transfree,0.0,0.002393425,0.005411091999999999,0.008737102,0.002535853,0.019801453,90,6,1.785793442946978e-269,1.046629606915533,1,1.331998346195134e-256,1.319240265703464e-255,1.751254599497123e-254,13.32017997457215,mpmath_1792,3.493049942322684,3.3822546773563918e13,2.7673395684266797e13,851
lotkin_10,10,Rational{Int64},false,taylor,complexschur,0.001754451,0.000390882,0.0010248569999999997,0.005253229000000001,4.0e-8,0.009962569,25,0,1.665334536937735e-16,8.764712112115657,1,2.220446049250313e-16,1.388270641836438e-15,2.45640252496694e-14,13.32017997457215,mpmath_1792,3.493049942322684,3.3822546773563918e13,2.7673395684266797e13,53
lotkin_10,10,Rational{Int64},false,taylor,complexschur,0.002830062,0.000957829,0.0016683370000000004,0.009766809000000001,7.0e-8,0.016991129,72,0,3.122920238378464e-78,8.764712112115651,1,1.727233711018889e-77,1.604275856255897e-76,3.060699167171868e-75,13.32017997457215,mpmath_1792,3.493049942322684,3.3822546773563918e13,2.7673395684266797e13,256
lotkin_10,10,Rational{Int64},false,taylor,complexschur,0.004420931,0.000805297,0.004507196999999999,0.008161059,0.003210804,0.0226925,90,6,3.745231901815626e-270,1.038675312959412,1,1.331998346195134e-256,6.396528625407878e-256,1.298225871930977e-254,13.32017997457215,mpmath_1792,3.493049942322684,3.3822546773563918e13,2.7673395684266797e13,851
lotkin_10,10,Rational{Int64},false,taylor,realschur,0.001064069,0.00026193799999999997,0.000656733,0.001054733,1.4e-7,0.003580746,25,0,1.665334536937735e-16,8.764712112115657,1,2.220446049250313e-16,1.388270641836438e-15,2.45640252496694e-14,13.32017997457215,mpmath_1792,3.493049942322684,3.3822546773563918e13,2.7673395684266797e13,53
lotkin_10,10,Rational{Int64},false,taylor,realschur,0.001874168,0.00046404100000000005,0.0010543,0.0018943060000000001,4.0e-8,0.005777426,72,0,3.122920238378464e-78,8.764712112115651,1,1.727233711018889e-77,1.604275856255897e-76,3.060699167171868e-75,13.32017997457215,mpmath_1792,3.493049942322684,3.3822546773563918e13,2.7673395684266797e13,256
lotkin_10,10,Rational{Int64},false,taylor,realschur,0.004097467,0.0006575759999999999,0.004098172999999999,0.004722004,0.00301894,0.017953526,90,6,3.745231901815626e-270,1.038675312959412,1,1.331998346195134e-256,6.396528625407878e-256,1.298225871930977e-254,13.32017997457215,mpmath_1792,3.493049942322684,3.3822546773563918e13,2.7673395684266797e13,851
orthog_10_1,10,Float64,true,scaling_and_squaring,NaN,NaN,NaN,NaN,NaN,NaN,6.2338e-5,NaN,NaN,NaN,NaN,NaN,2.220446049250313e-16,9.832820216808825e-16,7.301635978270048e-15,5.028359662476911,mpmath_1792,1.401437683265231,8.795300014310591,1.0000000000000007,53
orthog_10_1,10,Float64,true,diagonalcheap,transfree,0.000750334,0.0,0.0,0.0,0.0,0.09516814,NaN,NaN,NaN,NaN,NaN,2.220446049250313e-16,5.146066213809635e-16,3.455497091847032e-15,5.028359662476911,mpmath_1792,1.401437683265231,8.795300014310591,1.0000000000000007,53
orthog_10_1,10,Float64,true,diagonalcheap,transfree,0.003341071,0.0,0.0,0.0,0.0,0.003801776,NaN,NaN,NaN,NaN,NaN,1.727233711018889e-77,6.798665703155006e-77,4.910806325710188e-76,5.028359662476911,mpmath_1792,1.401437683265231,8.795300014310591,1.0000000000000007,256
orthog_10_1,10,Float64,true,diagonalcheap,transfree,0.009974131,0.0,0.0,0.0,0.0,0.010648431,NaN,NaN,NaN,NaN,NaN,1.331998346195134e-256,4.037373541889749e-256,3.946773793586167e-255,5.028359662476911,mpmath_1792,1.401437683265231,8.795300014310591,1.0000000000000007,851
orthog_10_1,10,Float64,true,diagonalcheap,complexschur,0.000504658,2.975e-6,0.001345363,0.003371036,4.0e-8,0.006552867,9,0,1.152469038860686e-17,2.718281828459047,2.7182818284590478,2.220446049250313e-16,9.181673352525135e-16,6.740060346734341e-15,5.028359662476911,mpmath_1792,1.401437683265231,8.795300014310591,1.0000000000000007,53
orthog_10_1,10,Float64,true,diagonalcheap,complexschur,0.002896357,0.000340346,0.0030079189999999995,0.008755488,4.1e-8,0.017556192,25,0,1.393447587571537e-80,2.718281828459046,2.7182818284590455,1.727233711018889e-77,1.417603822926807e-76,1.21094962513358e-75,5.028359662476911,mpmath_1792,1.401437683265231,8.795300014310591,1.0000000000000007,256
orthog_10_1,10,Float64,true,diagonalcheap,complexschur,0.05176481,0.000594629,0.005535773000000003,0.011955388,3.0e-8,0.071172266,65,0,3.381632240058543e-260,2.718281828459047,2.7182818284590464,1.331998346195134e-256,1.400343114072922e-255,1.187855220773992e-254,5.028359662476911,mpmath_1792,1.401437683265231,8.795300014310591,1.0000000000000007,851
orthog_10_1,10,Float64,true,diagonalcheap,realschur,0.000496672,1.694e-6,0.0008961519999999999,0.0007014500000000001,3.0e-8,0.002444019,9,0,1.152469038860686e-17,2.718281828459047,2.7182818284590478,2.220446049250313e-16,9.181673352525135e-16,6.740060346734341e-15,5.028359662476911,mpmath_1792,1.401437683265231,8.795300014310591,1.0000000000000007,53
orthog_10_1,10,Float64,true,diagonalcheap,realschur,0.00188599,0.00018621299999999996,0.0017970689999999997,0.001439986,3.0e-8,0.005723753,25,0,1.393447587571537e-80,2.718281828459046,2.7182818284590455,1.727233711018889e-77,1.417603822926807e-76,1.21094962513358e-75,5.028359662476911,mpmath_1792,1.401437683265231,8.795300014310591,1.0000000000000007,256
orthog_10_1,10,Float64,true,diagonalcheap,realschur,0.004607515,0.00044291099999999993,0.004335708000000001,0.004260005,3.0e-8,0.014360887,65,0,3.381632240058543e-260,2.718281828459046,2.7182818284590464,1.331998346195134e-256,1.400343114072922e-255,1.187855220773992e-254,5.028359662476911,mpmath_1792,1.401437683265231,8.795300014310591,1.0000000000000007,851
orthog_10_1,10,Float64,true,taylor,transfree,0.001372636,0.0,0.0,0.0,0.0,0.001874087,NaN,NaN,NaN,NaN,NaN,2.220446049250313e-16,5.146066213809635e-16,3.455497091847032e-15,5.028359662476911,mpmath_1792,1.401437683265231,8.795300014310591,1.0000000000000007,53
orthog_10_1,10,Float64,true,taylor,transfree,0.00628557,0.0,0.0,0.0,0.0,0.006973406,NaN,NaN,NaN,NaN,NaN,1.727233711018889e-77,6.798665703155006e-77,4.910806325710188e-76,5.028359662476911,mpmath_1792,1.401437683265231,8.795300014310591,1.0000000000000007,256
orthog_10_1,10,Float64,true,taylor,transfree,0.013528668,0.0,0.0,0.0,0.0,0.014299781,NaN,NaN,NaN,NaN,NaN,1.331998346195134e-256,4.037373541889749e-256,3.946773793586167e-255,5.028359662476911,mpmath_1792,1.401437683265231,8.795300014310591,1.0000000000000007,851
orthog_10_1,10,Float64,true,taylor,complexschur,0.000504467,0.00025561499999999994,0.000689355,0.002390469,3.0e-8,0.004709148,20,0,2.775557561562891e-17,2.666666666666668,1,2.220446049250313e-16,9.181673352525135e-16,6.740060346734341e-15,5.028359662476911,mpmath_1792,1.401437683265231,8.795300014310591,1.0000000000000007,53
orthog_10_1,10,Float64,true,taylor,complexschur,0.003228107,0.0008895379999999999,0.0015879719999999998,0.009191837,7.0e-8,0.016662605,56,0,2.510772072132015e-77,2.666666666666667,1,1.727233711018889e-77,1.417603822926807e-76,1.21094962513358e-75,5.028359662476911,mpmath_1792,1.401437683265231,8.795300014310591,1.0000000000000007,256
orthog_10_1,10,Float64,true,taylor,complexschur,0.008216415,0.0010429869999999996,0.005063283,0.012585124,0.005023234,0.034411563,90,5,7.954330534215792e-278,1.031743407499103,1,1.331998346195134e-256,1.400343114072922e-255,1.187855220773992e-254,5.028359662476911,mpmath_1792,1.401437683265231,8.795300014310591,1.0000000000000007,851
orthog_10_1,10,Float64,true,taylor,realschur,0.000868258,0.000323173,0.000920006,0.000858911,3.0e-8,0.003440681,20,0,2.775557561562891e-17,2.666666666666668,1,2.220446049250313e-16,9.181673352525135e-16,6.740060346734341e-15,5.028359662476911,mpmath_1792,1.401437683265231,8.795300014310591,1.0000000000000007,53
orthog_10_1,10,Float64,true,taylor,realschur,0.001952495,0.00040787299999999995,0.0009057360000000002,0.0016074540000000001,4.0e-8,0.005305259,56,0,2.510772072132015e-77,2.666666666666667,1,1.727233711018889e-77,1.417603822926807e-76,1.21094962513358e-75,5.028359662476911,mpmath_1792,1.401437683265231,8.795300014310591,1.0000000000000007,256
orthog_10_1,10,Float64,true,taylor,realschur,0.004456198,0.0006039690000000001,0.004809911,0.006195008000000001,0.003375326,0.021070662,90,5,7.954330534215792e-278,1.031743407499103,1,1.331998346195134e-256,1.400343114072922e-255,1.187855220773992e-254,5.028359662476911,mpmath_1792,1.401437683265231,8.795300014310591,1.0000000000000007,851
orthog_10_2,10,Float64,true,scaling_and_squaring,NaN,NaN,NaN,NaN,NaN,NaN,6.323e-5,NaN,NaN,NaN,NaN,NaN,2.220446049250313e-16,1.121496121645038e-15,8.082715990204315e-15,4.965167063499091,mpmath_1792,1.401437683265231,8.47925117194573,1.0000000000000007,53
orthog_10_2,10,Float64,true,diagonalcheap,transfree,0.000977426,0.0,0.0,0.0,0.0,0.001495849,NaN,NaN,NaN,NaN,NaN,2.220446049250313e-16,5.797609325663818e-16,3.448492731840327e-15,4.965167063499091,mpmath_1792,1.401437683265231,8.47925117194573,1.0000000000000007,53
orthog_10_2,10,Float64,true,diagonalcheap,transfree,0.004924436,0.0,0.0,0.0,0.0,0.005558059,NaN,NaN,NaN,NaN,NaN,1.727233711018889e-77,4.321810067923697e-77,3.768524698401049e-76,4.965167063499091,mpmath_1792,1.401437683265231,8.47925117194573,1.0000000000000007,256
orthog_10_2,10,Float64,true,diagonalcheap,transfree,0.04768131,0.0,0.0,0.0,0.0,0.050261567,NaN,NaN,NaN,NaN,NaN,1.331998346195134e-256,4.721587820532668e-256,3.684824890858097e-255,4.965167063499091,mpmath_1792,1.401437683265231,8.47925117194573,1.0000000000000007,851
orthog_10_2,10,Float64,true,diagonalcheap,complexschur,0.001021559,1.924e-6,0.0011427809999999998,0.002353607,3.0e-8,0.005671395,9,0,1.152469038860686e-17,2.71828182845905,2.718281828459049,2.220446049250313e-16,1.428945574213522e-15,1.246129777545383e-14,4.965167063499091,mpmath_1792,1.401437683265231,8.47925117194573,1.0000000000000007,53
orthog_10_2,10,Float64,true,diagonalcheap,complexschur,0.003174716,0.00040070000000000004,0.003773143,0.008250069,8.0e-8,0.017354218,25,0,1.392937073709082e-80,2.718281828459046,2.7182818284590464,1.727233711018889e-77,1.345180482655401e-76,9.325313079401183e-76,4.965167063499091,mpmath_1792,1.401437683265231,8.47925117194573,1.0000000000000007,256
orthog_10_2,10,Float64,true,diagonalcheap,complexschur,0.006197493,0.0006774470000000001,0.0058444840000000005,0.018400863000000003,4.0e-8,0.03337687,65,0,3.38163224005874e-260,2.718281828459047,2.7182818284590473,1.331998346195134e-256,1.423218253900489e-255,1.26716234134523e-254,4.965167063499091,mpmath_1792,1.401437683265231,8.47925117194573,1.0000000000000007,851
orthog_10_2,10,Float64,true,diagonalcheap,realschur,0.0013645,2.204e-6,0.0010692680000000002,0.000962284,3.0e-8,0.003903639,9,0,1.152469038860686e-17,2.718281828459049,2.7182818284590495,2.220446049250313e-16,1.428945574213522e-15,1.246129777545383e-14,4.965167063499091,mpmath_1792,1.401437683265231,8.47925117194573,1.0000000000000007,53
orthog_10_2,10,Float64,true,diagonalcheap,realschur,0.001909814,0.000190722,0.001837608,0.0014844099999999998,3.0e-8,0.005868478,25,0,1.392937073709082e-80,2.718281828459046,2.7182818284590464,1.727233711018889e-77,1.345180482655401e-76,9.325313079401183e-76,4.965167063499091,mpmath_1792,1.401437683265231,8.47925117194573,1.0000000000000007,256
orthog_10_2,10,Float64,true,diagonalcheap,realschur,0.004582397,0.000694928,0.006656104000000001,0.007175337,4.0e-8,0.020251318,65,0,3.38163224005874e-260,2.718281828459046,2.7182818284590473,1.331998346195134e-256,1.423218253900489e-255,1.26716234134523e-254,4.965167063499091,mpmath_1792,1.401437683265231,8.47925117194573,1.0000000000000007,851
orthog_10_2,10,Float64,true,taylor,transfree,0.00119613,0.0,0.0,0.0,0.0,0.001795698,NaN,NaN,NaN,NaN,NaN,2.220446049250313e-16,5.797609325663818e-16,3.448492731840327e-15,4.965167063499091,mpmath_1792,1.401437683265231,8.47925117194573,1.0000000000000007,53
orthog_10_2,10,Float64,true,taylor,transfree,0.004227794,0.0,0.0,0.0,0.0,0.004754013,NaN,NaN,NaN,NaN,NaN,1.727233711018889e-77,4.321810067923697e-77,3.768524698401049e-76,4.965167063499091,mpmath_1792,1.401437683265231,8.47925117194573,1.0000000000000007,256
orthog_10_2,10,Float64,true,taylor,transfree,0.010178489,0.0,0.0,0.0,0.0,0.011361054,NaN,NaN,NaN,NaN,NaN,1.331998346195134e-256,4.721587820532668e-256,3.684824890858097e-255,4.965167063499091,mpmath_1792,1.401437683265231,8.47925117194573,1.0000000000000007,851
orthog_10_2,10,Float64,true,taylor,complexschur,0.00168595,0.00045217,0.0011154869999999999,0.004590763,5.0e-8,0.009532783,20,0,2.775557561562891e-17,2.66666666666667,1,2.220446049250313e-16,1.428945574213522e-15,1.246129777545383e-14,4.965167063499091,mpmath_1792,1.401437683265231,8.47925117194573,1.0000000000000007,53
orthog_10_2,10,Float64,true,taylor,complexschur,0.00353564,0.0006997869999999999,0.0012457849999999997,0.005914025,4.0e-8,0.012468315,56,0,2.510771866229711e-77,2.666666666666668,1,1.727233711018889e-77,1.345180482655401e-76,9.325313079401183e-76,4.965167063499091,mpmath_1792,1.401437683265231,8.47925117194573,1.0000000000000007,256
orthog_10_2,10,Float64,true,taylor,complexschur,0.004648493,0.000801738,0.005765041999999999,0.012125967000000001,0.004258864,0.029424248,90,5,7.953641907210839e-278,1.031743407499103,1,1.331998346195134e-256,1.423218253900489e-255,1.26716234134523e-254,4.965167063499091,mpmath_1792,1.401437683265231,8.47925117194573,1.0000000000000007,851
orthog_10_2,10,Float64,true,taylor,realschur,0.000893005,0.00019851699999999997,0.000608986,0.000725987,3.0e-8,0.002796879,20,0,2.775557561562891e-17,2.66666666666667,1,2.220446049250313e-16,1.428945574213522e-15,1.246129777545383e-14,4.965167063499091,mpmath_1792,1.401437683265231,8.47925117194573,1.0000000000000007,53
orthog_10_2,10,Float64,true,taylor,realschur,0.001880459,0.000398334,0.0007933469999999998,0.001588043,4.0e-8,0.00508459,56,0,2.510771866229711e-77,2.666666666666668,1,1.727233711018889e-77,1.345180482655401e-76,9.325313079401183e-76,4.965167063499091,mpmath_1792,1.401437683265231,8.47925117194573,1.0000000000000007,256
orthog_10_2,10,Float64,true,taylor,realschur,0.008129831,0.0010379159999999998,0.033139445999999996,0.007613241,0.001452937,0.052199404,90,5,7.953641907210839e-278,1.031743407499103,1,1.331998346195134e-256,1.423218253900489e-255,1.26716234134523e-254,4.965167063499091,mpmath_1792,1.401437683265231,8.47925117194573,1.0000000000000007,851
orthog_10_5,10,Float64,true,scaling_and_squaring,NaN,NaN,NaN,NaN,NaN,NaN,7.1115e-5,NaN,NaN,NaN,NaN,NaN,2.220446049250313e-16,8.247940918824389e-16,5.402633468099208e-15,5.259393115678251,mpmath_1792,1.401437683265231,10.000000000000005,1.000000000000001,53
orthog_10_5,10,Float64,true,diagonalcheap,transfree,0.00126966,0.0,0.0,0.0,0.0,0.001777513,NaN,NaN,NaN,NaN,NaN,2.220446049250313e-16,5.644191662907933e-16,4.606059598118712e-15,5.259393115678251,mpmath_1792,1.401437683265231,10.000000000000005,1.000000000000001,53
orthog_10_5,10,Float64,true,diagonalcheap,transfree,0.004948593,0.0,0.0,0.0,0.0,0.005569992,NaN,NaN,NaN,NaN,NaN,1.727233711018889e-77,5.970153703663145e-77,4.22252734428953e-76,5.259393115678251,mpmath_1792,1.401437683265231,10.000000000000005,1.000000000000001,256
orthog_10_5,10,Float64,true,diagonalcheap,transfree,0.014023307,0.0,0.0,0.0,0.0,0.015053482,NaN,NaN,NaN,NaN,NaN,1.331998346195134e-256,5.554858057387963e-256,3.903260818819507e-255,5.259393115678251,mpmath_1792,1.401437683265231,10.000000000000005,1.000000000000001,851
orthog_10_5,10,Float64,true,diagonalcheap,complexschur,0.000958239,2.3759999999999998e-6,0.0015945969999999997,0.003624118,4.0e-8,0.007569027,9,0,1.152469038860686e-17,2.718281828459047,2.71828182845905,2.220446049250313e-16,8.57442169065236e-16,7.936371292191482e-15,5.259393115678251,mpmath_1792,1.401437683265231,10.000000000000005,1.000000000000001,53
orthog_10_5,10,Float64,true,diagonalcheap,complexschur,0.002725142,0.0003519369999999999,0.004032043000000001,0.007378205,4.0e-8,0.016016329,25,0,1.393022159352825e-80,2.718281828459046,2.718281828459047,1.727233711018889e-77,1.27910687838738e-76,1.082844852581027e-75,5.259393115678251,mpmath_1792,1.401437683265231,10.000000000000005,1.000000000000001,256
orthog_10_5,10,Float64,true,diagonalcheap,complexschur,0.007032188,0.0008322600000000001,0.007717807,0.019652742,4.0e-8,0.037415515,65,0,3.381632240058838e-260,2.718281828459046,2.718281828459047,1.331998346195134e-256,1.503591938999209e-255,1.471920202726789e-254,5.259393115678251,mpmath_1792,1.401437683265231,10.000000000000005,1.000000000000001,851
orthog_10_5,10,Float64,true,diagonalcheap,realschur,0.000976794,2.1340000000000002e-6,0.0012168,0.00104871,4.0e-8,0.00378841,9,0,1.152469038860686e-17,2.718281828459047,2.71828182845905,2.220446049250313e-16,8.57442169065236e-16,7.936371292191482e-15,5.259393115678251,mpmath_1792,1.401437683265231,10.000000000000005,1.000000000000001,53
orthog_10_5,10,Float64,true,diagonalcheap,realschur,0.002747254,0.000264163,0.002388706,0.002265759,4.0e-8,0.008316044,25,0,1.393022159352825e-80,2.718281828459046,2.718281828459047,1.727233711018889e-77,1.27910687838738e-76,1.082844852581027e-75,5.259393115678251,mpmath_1792,1.401437683265231,10.000000000000005,1.000000000000001,256
orthog_10_5,10,Float64,true,diagonalcheap,realschur,0.0072286,0.000505441,0.0047540920000000006,0.005032001999999999,1.2e-7,0.01837746,65,0,3.381632240058838e-260,2.718281828459047,2.718281828459047,1.331998346195134e-256,1.503591938999209e-255,1.471920202726789e-254,5.259393115678251,mpmath_1792,1.401437683265231,10.000000000000005,1.000000000000001,851
orthog_10_5,10,Float64,true,taylor,transfree,0.001244492,0.0,0.0,0.0,0.0,0.001778726,NaN,NaN,NaN,NaN,NaN,2.220446049250313e-16,5.644191662907933e-16,4.606059598118712e-15,5.259393115678251,mpmath_1792,1.401437683265231,10.000000000000005,1.000000000000001,53
orthog_10_5,10,Float64,true,taylor,transfree,0.006191772,0.0,0.0,0.0,0.0,0.006919423,NaN,NaN,NaN,NaN,NaN,1.727233711018889e-77,5.970153703663145e-77,4.22252734428953e-76,5.259393115678251,mpmath_1792,1.401437683265231,10.000000000000005,1.000000000000001,256
orthog_10_5,10,Float64,true,taylor,transfree,0.015512674,0.0,0.0,0.0,0.0,0.016315728,NaN,NaN,NaN,NaN,NaN,1.331998346195134e-256,5.554858057387963e-256,3.903260818819507e-255,5.259393115678251,mpmath_1792,1.401437683265231,10.000000000000005,1.000000000000001,851
orthog_10_5,10,Float64,true,taylor,complexschur,0.000707042,0.00040012999999999995,0.0007863529999999999,0.0027067470000000002,3.0e-8,0.005863569,20,0,2.775557561562891e-17,2.666666666666669,1,2.220446049250313e-16,8.57442169065236e-16,7.936371292191482e-15,5.259393115678251,mpmath_1792,1.401437683265231,10.000000000000005,1.000000000000001,53
orthog_10_5,10,Float64,true,taylor,complexschur,0.003179245,0.001036629,0.0017190020000000005,0.009376909,6.0e-8,0.016911108,56,0,2.510771969180863e-77,2.666666666666668,1,1.727233711018889e-77,1.27910687838738e-76,1.082844852581027e-75,5.259393115678251,mpmath_1792,1.401437683265231,10.000000000000005,1.000000000000001,256
orthog_10_5,10,Float64,true,taylor,complexschur,0.004844715,0.0012051590000000001,0.004728798000000001,0.012620914999999998,0.028572371,0.053547594,90,5,7.953641907210839e-278,1.031743407499103,1,1.331998346195134e-256,1.503591938999209e-255,1.471920202726789e-254,5.259393115678251,mpmath_1792,1.401437683265231,10.000000000000005,1.000000000000001,851
orthog_10_5,10,Float64,true,taylor,realschur,0.00066944,0.00021344500000000001,0.0005918459999999999,0.000724514,4.0e-8,0.002569697,20,0,2.775557561562891e-17,2.666666666666669,1,2.220446049250313e-16,8.57442169065236e-16,7.936371292191482e-15,5.259393115678251,mpmath_1792,1.401437683265231,10.000000000000005,1.000000000000001,53
orthog_10_5,10,Float64,true,taylor,realschur,0.001902521,0.000396594,0.0010515129999999998,0.001586762,3.0e-8,0.005356357,56,0,2.510771969180863e-77,2.666666666666668,1,1.727233711018889e-77,1.27910687838738e-76,1.082844852581027e-75,5.259393115678251,mpmath_1792,1.401437683265231,10.000000000000005,1.000000000000001,256
orthog_10_5,10,Float64,true,taylor,realschur,0.007222188,0.000916117,0.005601514999999998,0.004152441999999999,0.001478216,0.020186955,90,5,7.953641907210839e-278,1.031743407499103,1,1.331998346195134e-256,1.503591938999209e-255,1.471920202726789e-254,5.259393115678251,mpmath_1792,1.401437683265231,10.000000000000005,1.000000000000001,851
orthog_10_6,10,Float64,true,scaling_and_squaring,NaN,NaN,NaN,NaN,NaN,NaN,6.1356e-5,NaN,NaN,NaN,NaN,NaN,2.220446049250313e-16,8.015938390890177e-16,6.322566377053473e-15,4.97650567230082,mpmath_1792,1.401437683265232,8.535533905932741,1.000000000000001,53
orthog_10_6,10,Float64,true,diagonalcheap,transfree,0.000830626,0.0,0.0,0.0,0.0,0.001323773,NaN,NaN,NaN,NaN,NaN,2.220446049250313e-16,6.452585237540154e-16,5.343214665479889e-15,4.97650567230082,mpmath_1792,1.401437683265232,8.535533905932741,1.000000000000001,53
orthog_10_6,10,Float64,true,diagonalcheap,transfree,0.004888378,0.0,0.0,0.0,0.0,0.005488718,NaN,NaN,NaN,NaN,NaN,1.727233711018889e-77,6.465412394403985e-77,5.130477527586178e-76,4.97650567230082,mpmath_1792,1.401437683265232,8.535533905932741,1.000000000000001,256
orthog_10_6,10,Float64,true,diagonalcheap,transfree,0.014642562,0.0,0.0,0.0,0.0,0.015678588,NaN,NaN,NaN,NaN,NaN,1.331998346195134e-256,3.786609610152638e-256,3.12954513965215e-255,4.97650567230082,mpmath_1792,1.401437683265232,8.535533905932741,1.000000000000001,851
orthog_10_6,10,Float64,true,diagonalcheap,complexschur,0.001100118,3.176e-6,0.001561914,0.003209592,5.0e-8,0.007368605,9,0,1.152469038860686e-17,2.718281828459049,2.718281828459048,2.220446049250313e-16,6.123224562938833e-16,3.875451875498788e-15,4.97650567230082,mpmath_1792,1.401437683265232,8.535533905932741,1.000000000000001,53
orthog_10_6,10,Float64,true,diagonalcheap,complexschur,0.001868487,0.000243051,0.0025147859999999998,0.004718823,3.0e-8,0.010325157,25,0,1.392937073709082e-80,2.718281828459046,2.7182818284590464,1.727233711018889e-77,2.444899651996873e-76,2.162762103798853e-75,4.97650567230082,mpmath_1792,1.401437683265232,8.535533905932741,1.000000000000001,256
orthog_10_6,10,Float64,true,diagonalcheap,complexschur,0.007420705,0.0009601029999999998,0.008399292,0.013572180000000001,3.0e-8,0.031692473,65,0,3.381632240058739e-260,2.718281828459046,2.7182818284590464,1.331998346195134e-256,1.101510253366144e-255,8.098698746046959e-255,4.97650567230082,mpmath_1792,1.401437683265232,8.535533905932741,1.000000000000001,851
orthog_10_6,10,Float64,true,diagonalcheap,realschur,0.000818844,2.4649999999999997e-6,0.001362987,0.00115007,4.0e-8,0.003911314,9,0,1.152469038860686e-17,2.718281828459049,2.718281828459048,2.220446049250313e-16,6.123224562938833e-16,3.875451875498788e-15,4.97650567230082,mpmath_1792,1.401437683265232,8.535533905932741,1.000000000000001,53
orthog_10_6,10,Float64,true,diagonalcheap,realschur,0.003347523,0.00030085,0.0027757420000000003,0.002521356,4.0e-8,0.009678731,25,0,1.392937073709082e-80,2.718281828459046,2.7182818284590464,1.727233711018889e-77,2.444899651996873e-76,2.162762103798853e-75,4.97650567230082,mpmath_1792,1.401437683265232,8.535533905932741,1.000000000000001,256
orthog_10_6,10,Float64,true,diagonalcheap,realschur,0.005797884,0.000479151,0.004516982,0.004099632,4.0e-8,0.015677627,65,0,3.381632240058739e-260,2.718281828459047,2.7182818284590464,1.331998346195134e-256,1.101510253366144e-255,8.098698746046959e-255,4.97650567230082,mpmath_1792,1.401437683265232,8.535533905932741,1.000000000000001,851
orthog_10_6,10,Float64,true,taylor,transfree,0.000551366,0.0,0.0,0.0,0.0,0.000884669,NaN,NaN,NaN,NaN,NaN,2.220446049250313e-16,6.452585237540154e-16,5.343214665479889e-15,4.97650567230082,mpmath_1792,1.401437683265232,8.535533905932741,1.000000000000001,53
orthog_10_6,10,Float64,true,taylor,transfree,0.004591425,0.0,0.0,0.0,0.0,0.005311682,NaN,NaN,NaN,NaN,NaN,1.727233711018889e-77,6.465412394403985e-77,5.130477527586178e-76,4.97650567230082,mpmath_1792,1.401437683265232,8.535533905932741,1.000000000000001,256
orthog_10_6,10,Float64,true,taylor,transfree,0.016771773,0.0,0.0,0.0,0.0,0.01757618,NaN,NaN,NaN,NaN,NaN,1.331998346195134e-256,3.786609610152638e-256,3.12954513965215e-255,4.97650567230082,mpmath_1792,1.401437683265232,8.535533905932741,1.000000000000001,851
orthog_10_6,10,Float64,true,taylor,complexschur,0.000799317,0.000275705,0.0007533070000000002,0.0025628440000000003,3.0e-8,0.005384529,20,0,2.775557561562891e-17,2.66666666666667,1,2.220446049250313e-16,6.123224562938833e-16,3.875451875498788e-15,4.97650567230082,mpmath_1792,1.401437683265232,8.535533905932741,1.000000000000001,53
orthog_10_6,10,Float64,true,taylor,complexschur,0.001916117,0.0006747319999999999,0.0011021639999999999,0.00738576,4.0e-8,0.012854298,56,0,2.510771866229711e-77,2.666666666666668,1,1.727233711018889e-77,2.444899651996873e-76,2.162762103798853e-75,4.97650567230082,mpmath_1792,1.401437683265232,8.535533905932741,1.000000000000001,256
orthog_10_6,10,Float64,true,taylor,complexschur,0.008727615,0.0011387110000000002,0.004526878,0.038497713,0.002649048,0.057041336,90,5,7.953641907210839e-278,1.031743407499103,1,1.331998346195134e-256,1.101510253366144e-255,8.098698746046959e-255,4.97650567230082,mpmath_1792,1.401437683265232,8.535533905932741,1.000000000000001,851
orthog_10_6,10,Float64,true,taylor,realschur,0.000716651,0.00020113200000000003,0.000636599,0.000713234,3.0e-8,0.002632617,20,0,2.775557561562891e-17,2.66666666666667,1,2.220446049250313e-16,6.123224562938833e-16,3.875451875498788e-15,4.97650567230082,mpmath_1792,1.401437683265232,8.535533905932741,1.000000000000001,53
orthog_10_6,10,Float64,true,taylor,realschur,0.001822379,0.00038043,0.0010512569999999997,0.0016056159999999998,4.0e-8,0.005292035,56,0,2.510771866229711e-77,2.666666666666668,1,1.727233711018889e-77,2.444899651996873e-76,2.162762103798853e-75,4.97650567230082,mpmath_1792,1.401437683265232,8.535533905932741,1.000000000000001,256
orthog_10_6,10,Float64,true,taylor,realschur,0.004525259,0.000530342,0.0037254009999999993,0.004555315,0.002396188,0.016959419,90,5,7.953641907210839e-278,1.031743407499103,1,1.331998346195134e-256,1.101510253366144e-255,8.098698746046959e-255,4.97650567230082,mpmath_1792,1.401437683265232,8.535533905932741,1.000000000000001,851
orthog_10_-1,10,Float64,true,scaling_and_squaring,NaN,NaN,NaN,NaN,NaN,NaN,6.0545e-5,NaN,NaN,NaN,NaN,NaN,2.220446049250313e-16,1.281754523536287e-15,5.401605130848691e-14,58.58556268626876,mpmath_1792,6.558348997237998,13.333333333333336,1.5906672908862565,53
orthog_10_-1,10,Float64,true,diagonalcheap,transfree,0.001431617,0.0,0.0,0.0,0.0,0.001946314,NaN,NaN,NaN,NaN,NaN,2.220446049250313e-16,1.001365639650071e-15,5.271884370631576e-14,58.58556268626876,mpmath_1792,6.558348997237998,13.333333333333336,1.5906672908862565,53
orthog_10_-1,10,Float64,true,diagonalcheap,transfree,0.004058353,0.0,0.0,0.0,0.0,0.004643754,NaN,NaN,NaN,NaN,NaN,1.727233711018889e-77,8.874167149348027e-77,4.014353611176766e-75,58.58556268626876,mpmath_1792,6.558348997237998,13.333333333333336,1.5906672908862565,256
orthog_10_-1,10,Float64,true,diagonalcheap,transfree,0.011421718,0.0,0.0,0.0,0.0,0.012432958,NaN,NaN,NaN,NaN,NaN,1.331998346195134e-256,7.582875659368593e-256,5.687206230531876e-254,58.58556268626876,mpmath_1792,6.558348997237998,13.333333333333336,1.5906672908862565,851
orthog_10_-1,10,Float64,true,diagonalcheap,complexschur,0.001078106,0.00012687,0.001842277,0.004522494,4.0e-8,0.008949096,13,0,1.587585164452102e-16,29.20426861373046,29.204268613730463,2.220446049250313e-16,2.158384873083775e-15,1.406485072566282e-13,58.58556268626876,mpmath_1792,6.558348997237998,13.333333333333336,1.5906672908862565,53
orthog_10_-1,10,Float64,true,diagonalcheap,complexschur,0.002546523,0.00056907,0.004160527000000001,0.010376453999999998,4.0e-8,0.019147081,37,0,2.26923409759196e-83,29.20426861373033,29.20426861373033,1.727233711018889e-77,1.469125501795804e-76,8.379273760292126e-75,58.58556268626876,mpmath_1792,6.558348997237998,13.333333333333336,1.5906672908862565,256
orthog_10_-1,10,Float64,true,diagonalcheap,complexschur,0.007308642,0.001183256,0.010751514000000005,0.024522625000000003,4.0e-8,0.045855645,91,0,9.752038014487577e-280,29.20426861373046,29.204268613730477,1.331998346195134e-256,1.718621392800977e-255,5.869798045971601e-254,58.58556268626876,mpmath_1792,6.558348997237998,13.333333333333336,1.5906672908862565,851
orthog_10_-1,10,Float64,true,diagonalcheap,realschur,0.001146856,0.000156577,0.0015640679999999998,0.001355384,4.0e-8,0.004753061,13,0,1.587585164452102e-16,29.20426861373046,29.204268613730463,2.220446049250313e-16,2.158384873083775e-15,1.406485072566282e-13,58.58556268626876,mpmath_1792,6.558348997237998,13.333333333333336,1.5906672908862565,53
orthog_10_-1,10,Float64,true,diagonalcheap,realschur,0.002611216,0.000438632,0.0033063789999999995,0.003089974,5.0e-8,0.010071966,37,0,2.26923409759196e-83,29.20426861373033,29.20426861373033,1.727233711018889e-77,1.469125501795804e-76,8.379273760292126e-75,58.58556268626876,mpmath_1792,6.558348997237998,13.333333333333336,1.5906672908862565,256
orthog_10_-1,10,Float64,true,diagonalcheap,realschur,0.007609082,0.000889158,0.008895022000000002,0.008664967,7.1e-8,0.027129692,91,0,9.752038014487577e-280,29.20426861373046,29.204268613730477,1.331998346195134e-256,1.718621392800977e-255,5.869798045971601e-254,58.58556268626876,mpmath_1792,6.558348997237998,13.333333333333336,1.5906672908862565,851
orthog_10_-1,10,Float64,true,taylor,transfree,0.001485709,0.0,0.0,0.0,0.0,0.001976411,NaN,NaN,NaN,NaN,NaN,2.220446049250313e-16,1.001365639650071e-15,5.271884370631576e-14,58.58556268626876,mpmath_1792,6.558348997237998,13.333333333333336,1.5906672908862565,53
orthog_10_-1,10,Float64,true,taylor,transfree,0.00439438,0.0,0.0,0.0,0.0,0.005085412,NaN,NaN,NaN,NaN,NaN,1.727233711018889e-77,8.874167149348027e-77,4.014353611176766e-75,58.58556268626876,mpmath_1792,6.558348997237998,13.333333333333336,1.5906672908862565,256
orthog_10_-1,10,Float64,true,taylor,transfree,0.012246143,0.0,0.0,0.0,0.0,0.123841374,NaN,NaN,NaN,NaN,NaN,1.331998346195134e-256,7.582875659368593e-256,5.687206230531876e-254,58.58556268626876,mpmath_1792,6.558348997237998,13.333333333333336,1.5906672908862565,851
orthog_10_-1,10,Float64,true,taylor,complexschur,0.000759722,0.000341188,0.000733281,0.003566008,4.0e-8,0.006354922,30,0,2.220446049250313e-16,16.47064075692365,1,2.220446049250313e-16,2.158384873083775e-15,1.406485072566282e-13,58.58556268626876,mpmath_1792,6.558348997237998,13.333333333333336,1.5906672908862565,53
orthog_10_-1,10,Float64,true,taylor,complexschur,0.002061563,0.00091617,0.0022173759999999996,0.011266535,5.0e-8,0.018156111,81,0,4.493611873302011e-80,16.47064075692363,1,1.727233711018889e-77,1.469125501795804e-76,8.379273760292126e-75,58.58556268626876,mpmath_1792,6.558348997237998,13.333333333333336,1.5906672908862565,256
orthog_10_-1,10,Float64,true,taylor,complexschur,0.004895872,0.00080709,0.004911889999999999,0.009190486000000001,0.005688647,0.027714513,90,6,3.730649368320894e-257,1.054138314894774,1,1.331998346195134e-256,1.718621392800977e-255,5.869798045971601e-254,58.58556268626876,mpmath_1792,6.558348997237998,13.333333333333336,1.5906672908862565,851
orthog_10_-1,10,Float64,true,taylor,realschur,0.001529893,0.000403096,0.0009830330000000003,0.0015854410000000002,3.0e-8,0.004955395,30,0,2.220446049250313e-16,16.47064075692365,1,2.220446049250313e-16,2.158384873083775e-15,1.406485072566282e-13,58.58556268626876,mpmath_1792,6.558348997237998,13.333333333333336,1.5906672908862565,53
orthog_10_-1,10,Float64,true,taylor,realschur,0.001738389,0.000490009,0.0013025440000000003,0.002122025,3.0e-8,0.006084178,81,0,4.493611873302011e-80,16.47064075692363,1,1.727233711018889e-77,1.469125501795804e-76,8.379273760292126e-75,58.58556268626876,mpmath_1792,6.558348997237998,13.333333333333336,1.5906672908862565,256
orthog_10_-1,10,Float64,true,taylor,realschur,0.004908847,0.0005502239999999999,0.004032392,0.004263403,0.001732158,0.016402422,90,6,3.730649368320894e-257,1.054138314894774,1,1.331998346195134e-256,1.718621392800977e-255,5.869798045971601e-254,58.58556268626876,mpmath_1792,6.558348997237998,13.333333333333336,1.5906672908862565,851
redheff_10,10,Int64,false,scaling_and_squaring,NaN,NaN,NaN,NaN,NaN,NaN,2.5538e-5,NaN,NaN,NaN,NaN,NaN,2.220446049250313e-16,5.173777726276479e-16,7.910176541032018e-14,157.9162118326071,mpmath_1792,6.079842903390619,120.0,46.77181691292625,53
redheff_10,10,Int64,false,diagonalcheap,transfree,0.0,0.00010034,0.001387103,0.001522219,0.000127182,0.085170245,13,1,7.433619967435733e-17,17.17567239685025,14.472739998403709,2.220446049250313e-16,3.393665451415816e-16,4.530481315092804e-14,157.9162118326071,mpmath_1792,6.079842903390619,120.0,46.77181691292625,53
redheff_10,10,Int64,false,diagonalcheap,transfree,0.0,0.000732558,0.003049647,0.0039175569999999995,4.0e-8,0.007905054,37,0,1.799503559178041e-78,157.9162118326064,76.96318987722881,1.727233711018889e-77,1.432787298243118e-76,2.258703415987483e-74,157.9162118326071,mpmath_1792,6.079842903390619,120.0,46.77181691292625,256
redheff_10,10,Int64,false,diagonalcheap,transfree,0.0,0.002152114,0.007811947000000003,0.010949962,6.0e-8,0.021176233,91,0,8.415396905095924e-267,157.9162118326076,75.55760381837553,1.331998346195134e-256,1.012585008006721e-255,1.633595181287649e-253,157.9162118326071,mpmath_1792,6.079842903390619,120.0,46.77181691292625,851
redheff_10,10,Int64,false,diagonalcheap,complexschur,0.001037078,0.000158071,0.001924974,0.004744756,3.51e-7,0.00932536,13,0,8.203613708839126e-15,80.15733563869544,22.491634381123642,2.220446049250313e-16,2.309710883459921e-15,3.188679082531409e-13,157.9162118326071,mpmath_1792,6.079842903390619,120.0,46.77181691292625,53
redheff_10,10,Int64,false,diagonalcheap,complexschur,0.001625114,0.000603324,0.004127876,0.011216688999999998,3.61e-7,0.019245839,37,0,2.514737997177129e-81,80.1573356386952,21.255735358391416,1.727233711018889e-77,3.442981992988449e-76,4.787373568919136e-74,157.9162118326071,mpmath_1792,6.079842903390619,120.0,46.77181691292625,256
redheff_10,10,Int64,false,diagonalcheap,complexschur,0.002860759,0.0009584600000000001,0.008168680000000001,0.067174851,3.0e-8,0.080418306,91,0,5.439525709852441e-271,80.15733563869458,20.883405977497958,1.331998346195134e-256,7.120936015839816e-255,1.169704426743326e-252,157.9162118326071,mpmath_1792,6.079842903390619,120.0,46.77181691292625,851
redheff_10,10,Int64,false,diagonalcheap,realschur,0.00057969,7.139599999999999e-5,0.0010558510000000002,0.0009206490000000001,3.0e-8,0.002938497,13,0,8.203613708839126e-15,80.15733563869544,22.491634381123642,2.220446049250313e-16,2.312291237465526e-15,3.188679082531409e-13,157.9162118326071,mpmath_1792,6.079842903390619,120.0,46.77181691292625,53
redheff_10,10,Int64,false,diagonalcheap,realschur,0.001049582,0.00041480699999999995,0.002943546,0.002215265,3.0e-8,0.007028891,37,0,2.514737997177129e-81,80.15733563869522,21.255735358391416,1.727233711018889e-77,3.442981992988449e-76,4.787373568919136e-74,157.9162118326071,mpmath_1792,6.079842903390619,120.0,46.77181691292625,256
redheff_10,10,Int64,false,diagonalcheap,realschur,0.001699776,0.000654314,0.006158169000000001,0.008249036999999999,4.0e-8,0.017717408,91,0,5.439525709852441e-271,80.15733563869458,20.883405977497958,1.331998346195134e-256,7.120936015839816e-255,1.169704426743326e-252,157.9162118326071,mpmath_1792,6.079842903390619,120.0,46.77181691292625,851
redheff_10,10,Int64,false,taylor,transfree,0.0,0.00031480700000000006,0.0008586429999999999,0.001474656,0.000139425,0.003105364,25,1,0,14.02083333333333,1,2.220446049250313e-16,1.191108344417708e-16,1.486718843345478e-14,157.9162118326071,mpmath_1792,6.079842903390619,120.0,46.77181691292625,53
redheff_10,10,Int64,false,taylor,transfree,0.0,0.001166715,0.0017166600000000007,0.003232464,0.00010517,0.0065593,72,1,4.359487112750832e-79,14.02083333333333,1,1.727233711018889e-77,8.584801223423121e-78,1.195529205395184e-75,157.9162118326071,mpmath_1792,6.079842903390619,120.0,46.77181691292625,256
redheff_10,10,Int64,false,taylor,transfree,0.0,0.0010046279999999998,0.004364645,0.005294457,0.001672274,0.01275561,90,7,1.619537754343687e-271,1.079237177041388,1,1.331998346195134e-256,7.244476945358721e-255,1.050357374924241e-252,157.9162118326071,mpmath_1792,6.079842903390619,120.0,46.77181691292625,851
redheff_10,10,Int64,false,taylor,complexschur,0.001152778,0.0004798500000000001,0.0013344149999999998,0.005185351,0.000664812,0.010764521,25,1,5.551115123125783e-17,7.349784921791763,1,2.220446049250313e-16,3.482463444589439e-16,5.197871783497148e-14,157.9162118326071,mpmath_1792,6.079842903390619,120.0,46.77181691292625,53
redheff_10,10,Int64,false,taylor,complexschur,0.00201226,0.0011473979999999998,0.0021245590000000003,0.008354828,0.000415749,0.015273519,72,1,1.746051534347555e-81,7.349784921791762,1,1.727233711018889e-77,3.545273486608404e-76,5.726988707713412e-74,157.9162118326071,mpmath_1792,6.079842903390619,120.0,46.77181691292625,256
redheff_10,10,Int64,false,taylor,complexschur,0.001624383,0.0008744879999999999,0.0046738430000000004,0.00995761,0.006682434,0.026041898,90,7,3.335948923054303e-274,1.034843215674577,1,1.331998346195134e-256,7.055517242117055e-255,1.148392453204203e-252,157.9162118326071,mpmath_1792,6.079842903390619,120.0,46.77181691292625,851
redheff_10,10,Int64,false,taylor,realschur,0.001066514,0.000325176,0.0010020159999999999,0.001258747,0.000108506,0.004282528,25,1,5.551115123125783e-17,7.349784921791763,1,2.220446049250313e-16,3.418343145374778e-16,5.197871783497148e-14,157.9162118326071,mpmath_1792,6.079842903390619,120.0,46.77181691292625,53
redheff_10,10,Int64,false,taylor,realschur,0.0011646,0.0004860119999999999,0.0011415490000000004,0.0019243530000000002,0.000143843,0.005322954,72,1,1.746051534347555e-81,7.349784921791762,1,1.727233711018889e-77,3.545273486608404e-76,5.726988707713412e-74,157.9162118326071,mpmath_1792,6.079842903390619,120.0,46.77181691292625,256
redheff_10,10,Int64,false,taylor,realschur,0.001922929,0.0010539919999999995,0.006369936,0.005333951000000001,0.003000325,0.018932936,90,7,3.335948923054303e-274,1.034843215674577,1,1.331998346195134e-256,7.055517242117055e-255,1.148392453204203e-252,157.9162118326071,mpmath_1792,6.079842903390619,120.0,46.77181691292625,851
riemann_10,10,Int64,false,scaling_and_squaring,NaN,NaN,NaN,NaN,NaN,NaN,2.617e-5,NaN,NaN,NaN,NaN,NaN,2.220446049250313e-16,2.501823884389193e-15,2.371356102288949e-10,84214.15598986159,mpmath_1792,21.32723789970713,25084.50000000087,6276.127812157695,53
riemann_10,10,Int64,false,diagonalcheap,transfree,0.0,9.653299999999999e-5,0.0014336510000000002,0.001340083,0.000212413,0.076355364,13,2,1.984490023996636e-16,29.24935134290766,14.115803779202846,2.220446049250313e-16,2.329063646264426e-15,1.744984792406077e-10,84214.15598986159,mpmath_1792,21.32723789970713,25084.50000000087,6276.127812157695,53
riemann_10,10,Int64,false,diagonalcheap,transfree,0.0,0.000295222,0.0025014489999999998,0.003464575,0.000126701,0.006633731,43,1,1.004099833678203e-81,394.5223408206865,88.56066934252803,1.727233711018889e-77,1.645119263726749e-75,1.480454916108336e-70,84214.15598986159,mpmath_1792,21.32723789970713,25084.50000000087,6276.127812157695,256
riemann_10,10,Int64,false,diagonalcheap,transfree,0.0,0.0007478480000000001,0.008281029,0.012348175999999999,0.000891723,0.022763706,91,2,0,29.24935134290766,13.608999908341431,1.331998346195134e-256,4.650122475403063e-256,5.014426400330971e-251,84214.15598986159,mpmath_1792,21.32723789970713,25084.50000000087,6276.127812157695,851
riemann_10,10,Int64,false,diagonalcheap,complexschur,0.001466002,9.3749e-5,0.0015855800000000003,0.003303691,0.00085359,0.008307167,13,2,1.43318574848755e-16,16.91509803513571,7.18465533418393,2.220446049250313e-16,7.412730282432955e-15,6.525775817804722e-10,84214.15598986159,mpmath_1792,21.32723789970713,25084.50000000087,6276.127812157695,53
riemann_10,10,Int64,false,diagonalcheap,complexschur,0.002421867,0.000397264,0.003752711999999999,0.012580697,0.000759292,0.02189124,43,1,1.406023508148245e-81,257.4483670203246,33.49130509629031,1.727233711018889e-77,1.225487320475875e-75,1.060087550459376e-70,84214.15598986159,mpmath_1792,21.32723789970713,25084.50000000087,6276.127812157695,256
riemann_10,10,Int64,false,diagonalcheap,complexschur,0.050165526,0.0008471700000000001,0.010294040000000003,0.017158577999999997,0.001161094,0.081103827,91,2,1.03693338377615e-280,16.91509803513568,6.982460530442578,1.331998346195134e-256,8.906536390144281e-255,6.9106473316563e-250,84214.15598986159,mpmath_1792,21.32723789970713,25084.50000000087,6276.127812157695,851
riemann_10,10,Int64,false,diagonalcheap,realschur,0.001391982,6.7588e-5,0.0013092490000000002,0.0008814430000000001,0.000192956,0.004226912,13,2,1.43318574848755e-16,16.91509803513571,7.18465533418393,2.220446049250313e-16,7.412730282432955e-15,6.525775817804722e-10,84214.15598986159,mpmath_1792,21.32723789970713,25084.50000000087,6276.127812157695,53
riemann_10,10,Int64,false,diagonalcheap,realschur,0.002317218,0.00029903700000000004,0.0027009879999999997,0.0022166269999999997,0.000143893,0.0081188,43,1,1.406023508148245e-81,257.4483670203246,33.49130509629031,1.727233711018889e-77,1.225487320475875e-75,1.060087550459376e-70,84214.15598986159,mpmath_1792,21.32723789970713,25084.50000000087,6276.127812157695,256
riemann_10,10,Int64,false,diagonalcheap,realschur,0.004646539,0.0010314069999999998,0.010214678000000001,0.008572050000000001,0.000618313,0.025991844,91,2,1.03693338377615e-280,16.91509803513568,6.982460530442578,1.331998346195134e-256,8.906536390144281e-255,6.9106473316563e-250,84214.15598986159,mpmath_1792,21.32723789970713,25084.50000000087,6276.127812157695,851
riemann_10,10,Int64,false,taylor,transfree,0.0,0.00031234300000000003,0.001024284,0.0012595809999999999,0.000184921,0.003037746,30,2,1.110223024625157e-16,25.65006510416666,1,2.220446049250313e-16,2.70442176882488e-16,2.279510244763353e-11,84214.15598986159,mpmath_1792,21.32723789970713,25084.50000000087,6276.127812157695,53
riemann_10,10,Int64,false,taylor,transfree,0.0,0.000695698,0.001964112,0.004788337,0.000389188,0.008175247,81,2,2.470827642944654e-83,25.65006510416667,1,1.727233711018889e-77,1.653601064988977e-77,1.50085404072028e-72,84214.15598986159,mpmath_1792,21.32723789970713,25084.50000000087,6276.127812157695,256
riemann_10,10,Int64,false,taylor,transfree,0.0,0.0008234039999999999,0.005664819999999999,0.008778158000000001,0.003252694,0.019004731,90,8,7.747932337651438e-264,1.084003695134045,1,1.331998346195134e-256,3.607803493804715e-255,4.24481288838269e-250,84214.15598986159,mpmath_1792,21.32723789970713,25084.50000000087,6276.127812157695,851
riemann_10,10,Int64,false,taylor,complexschur,0.002255401,0.000398818,0.0016996879999999998,0.005024125,0.001126949,0.012099195,25,2,1.110223024625157e-15,16.42510897113804,1,2.220446049250313e-16,7.373751231125965e-15,6.507585923769263e-10,84214.15598986159,mpmath_1792,21.32723789970713,25084.50000000087,6276.127812157695,53
riemann_10,10,Int64,false,taylor,complexschur,0.003628166,0.0009789380000000002,0.0024683040000000015,0.010526971000000001,0.00128544,0.020628814,81,2,4.118046071574423e-84,16.42510897113803,1,1.727233711018889e-77,1.267250001478077e-75,1.072291492967952e-70,84214.15598986159,mpmath_1792,21.32723789970713,25084.50000000087,6276.127812157695,256
riemann_10,10,Int64,false,taylor,complexschur,0.006943158,0.000868188,0.0070715330000000005,0.041144113,0.00499988,0.06263354,90,8,2.655860276871993e-265,1.066314203333523,1,1.331998346195134e-256,8.865795437919402e-255,6.927014927334346e-250,84214.15598986159,mpmath_1792,21.32723789970713,25084.50000000087,6276.127812157695,851
riemann_10,10,Int64,false,taylor,realschur,0.00131225,0.000193159,0.000896139,0.000792824,0.000260755,0.003871578,25,2,1.110223024625157e-15,16.42510897113804,1,2.220446049250313e-16,7.373751231125965e-15,6.507585923769263e-10,84214.15598986159,mpmath_1792,21.32723789970713,25084.50000000087,6276.127812157695,53
riemann_10,10,Int64,false,taylor,realschur,0.00233929,0.00045872999999999997,0.0016110159999999998,0.002033409,0.000273469,0.007153357,81,2,4.118046071574423e-84,16.42510897113803,1,1.727233711018889e-77,1.267250001478077e-75,1.072291492967952e-70,84214.15598986159,mpmath_1792,21.32723789970713,25084.50000000087,6276.127812157695,256
riemann_10,10,Int64,false,taylor,realschur,0.005181434,0.00091199,0.006552216999999999,0.005245254000000001,0.002473225,0.021235686,90,8,2.655860276871993e-265,1.066314203333523,1,1.331998346195134e-256,8.865795437919402e-255,6.927014927334346e-250,84214.15598986159,mpmath_1792,21.32723789970713,25084.50000000087,6276.127812157695,851
ris_10,10,Rational{Int64},true,scaling_and_squaring,NaN,NaN,NaN,NaN,NaN,NaN,5.7038e-5,NaN,NaN,NaN,NaN,NaN,2.220446049250313e-16,4.62422271853093e-15,4.398809397139463e-14,7.505111848133102,mpmath_1792,2.309621414971629,12.596690828838046,2.414809641491288,53
ris_10,10,Rational{Int64},true,diagonalcheap,transfree,0.001406329,0.0,0.0,0.0,0.0,0.081550886,NaN,NaN,NaN,NaN,NaN,2.220446049250313e-16,1.01724334479871e-15,1.352480648139402e-14,7.505111848133102,mpmath_1792,2.309621414971629,12.596690828838046,2.414809641491288,53
ris_10,10,Rational{Int64},true,diagonalcheap,transfree,0.003662161,0.0,0.0,0.0,0.0,0.004171969,NaN,NaN,NaN,NaN,NaN,1.727233711018889e-77,7.568438998913531e-77,8.395864273442839e-76,7.505111848133102,mpmath_1792,2.309621414971629,12.596690828838046,2.414809641491288,256
ris_10,10,Rational{Int64},true,diagonalcheap,transfree,0.009772188,0.0,0.0,0.0,0.0,0.010552128,NaN,NaN,NaN,NaN,NaN,1.331998346195134e-256,1.117022779301113e-255,1.223844483873961e-254,7.505111848133102,mpmath_1792,2.309621414971629,12.596690828838046,2.414809641491288,851
ris_10,10,Rational{Int64},true,diagonalcheap,complexschur,0.001019144,3.826e-6,0.001221702,0.002394244,3.0e-8,0.006178527,9,0,0,4.810477380909716,4.810477380936126,2.220446049250313e-16,1.883993787565402e-15,2.477150968888083e-14,7.505111848133102,mpmath_1792,2.309621414971629,12.596690828838046,2.414809641491288,53
ris_10,10,Rational{Int64},true,diagonalcheap,complexschur,0.003292189,0.000555425,0.0047176860000000004,0.007689643,3.0e-8,0.017607209,31,0,6.808355473087389e-84,4.810477380909711,4.81047738093704,1.727233711018889e-77,2.05995148146776e-76,3.053318243540636e-75,7.505111848133102,mpmath_1792,2.309621414971629,12.596690828838046,2.414809641491288,256
ris_10,10,Rational{Int64},true,diagonalcheap,complexschur,0.004092327,0.001075941,0.009484995999999999,0.018534899,4.0e-8,0.034718277,73,0,3.212767552160073e-270,4.810477380909716,4.810477380937251,1.331998346195134e-256,1.02650743134297e-255,1.255443897786059e-254,7.505111848133102,mpmath_1792,2.309621414971629,12.596690828838046,2.414809641491288,851
ris_10,10,Rational{Int64},true,diagonalcheap,realschur,0.001124665,2.0939999999999998e-6,0.0009433400000000001,0.000773177,4.0e-8,0.003410553,9,0,0,4.810477380909716,4.810477380936126,2.220446049250313e-16,1.883993787565402e-15,2.477150968888083e-14,7.505111848133102,mpmath_1792,2.309621414971629,12.596690828838046,2.414809641491288,53
ris_10,10,Rational{Int64},true,diagonalcheap,realschur,0.00315588,0.00024161900000000002,0.002315305,0.001809754,3.0e-8,0.008165489,31,0,6.808355473087389e-84,4.810477380909711,4.81047738093704,1.727233711018889e-77,2.05995148146776e-76,3.053318243540636e-75,7.505111848133102,mpmath_1792,2.309621414971629,12.596690828838046,2.414809641491288,256
ris_10,10,Rational{Int64},true,diagonalcheap,realschur,0.004002908,0.000533453,0.004784259000000001,0.007158267,5.0e-8,0.017648528,73,0,3.212767552160073e-270,4.810477380909717,4.810477380937251,1.331998346195134e-256,1.02650743134297e-255,1.255443897786059e-254,7.505111848133102,mpmath_1792,2.309621414971629,12.596690828838046,2.414809641491288,851
ris_10,10,Rational{Int64},true,taylor,transfree,0.002860179,0.0,0.0,0.0,0.0,0.003547934,NaN,NaN,NaN,NaN,NaN,2.220446049250313e-16,1.01724334479871e-15,1.352480648139402e-14,7.505111848133102,mpmath_1792,2.309621414971629,12.596690828838046,2.414809641491288,53
ris_10,10,Rational{Int64},true,taylor,transfree,0.005410659,0.0,0.0,0.0,0.0,0.006092053,NaN,NaN,NaN,NaN,NaN,1.727233711018889e-77,7.568438998913531e-77,8.395864273442839e-76,7.505111848133102,mpmath_1792,2.309621414971629,12.596690828838046,2.414809641491288,256
ris_10,10,Rational{Int64},true,taylor,transfree,0.010225147,0.0,0.0,0.0,0.0,0.011136487,NaN,NaN,NaN,NaN,NaN,1.331998346195134e-256,1.117022779301113e-255,1.223844483873961e-254,7.505111848133102,mpmath_1792,2.309621414971629,12.596690828838046,2.414809641491288,851
ris_10,10,Rational{Int64},true,taylor,complexschur,0.00209688,0.0004591810000000001,0.0011051989999999999,0.004679981000000001,7.0e-8,0.010216732,20,0,2.775557561562891e-16,4.450460974393314,1,2.220446049250313e-16,1.883993787565402e-15,2.477150968888083e-14,7.505111848133102,mpmath_1792,2.309621414971629,12.596690828838046,2.414809641491288,53
ris_10,10,Rational{Int64},true,taylor,complexschur,0.002077323,0.0006530990000000001,0.0011905980000000002,0.007409636,4.0e-8,0.013036694,64,0,6.948955663017545e-79,4.450460974393309,1,1.727233711018889e-77,2.05995148146776e-76,3.053318243540636e-75,7.505111848133102,mpmath_1792,2.309621414971629,12.596690828838046,2.414809641491288,256
ris_10,10,Rational{Int64},true,taylor,complexschur,0.006519274,0.0014412130000000004,0.009105209000000005,0.063702915,0.00329809,0.085931421,90,5,5.591333312406353e-260,1.050312128477952,1,1.331998346195134e-256,1.02650743134297e-255,1.255443897786059e-254,7.505111848133102,mpmath_1792,2.309621414971629,12.596690828838046,2.414809641491288,851
ris_10,10,Rational{Int64},true,taylor,realschur,0.001113534,0.000204236,0.0006581269999999999,0.000728706,4.0e-8,0.003170498,20,0,2.775557561562891e-16,4.450460974393314,1,2.220446049250313e-16,1.883993787565402e-15,2.477150968888083e-14,7.505111848133102,mpmath_1792,2.309621414971629,12.596690828838046,2.414809641491288,53
ris_10,10,Rational{Int64},true,taylor,realschur,0.001876131,0.000411092,0.0011249060000000002,0.0017753089999999999,3.0e-8,0.005681724,64,0,6.948955663017545e-79,4.450460974393309,1,1.727233711018889e-77,2.05995148146776e-76,3.053318243540636e-75,7.505111848133102,mpmath_1792,2.309621414971629,12.596690828838046,2.414809641491288,256
ris_10,10,Rational{Int64},true,taylor,realschur,0.007301117,0.000958299,0.005378523999999999,0.0041412720000000005,0.001650803,0.020589239,90,5,5.591333312406353e-260,1.050312128477952,1,1.331998346195134e-256,1.02650743134297e-255,1.255443897786059e-254,7.505111848133102,mpmath_1792,2.309621414971629,12.596690828838046,2.414809641491288,851
wilkinson_21,21,Float64,true,scaling_and_squaring,NaN,NaN,NaN,NaN,NaN,NaN,8.98e-5,NaN,NaN,NaN,NaN,NaN,2.220446049250313e-16,1.077734547691019e-15,6.702152001669951e-11,55994.3359109645,mpmath_1792,19.62584090841154,59.59037865827256,42.34022019601692,53
wilkinson_21,21,Float64,true,diagonalcheap,transfree,0.008831683,0.0,0.0,0.0,0.0,0.011060864,NaN,NaN,NaN,NaN,NaN,2.220446049250313e-16,2.335489883412894e-15,2.328688451937784e-10,55994.3359109645,mpmath_1792,19.62584090841154,59.59037865827256,42.34022019601692,53
wilkinson_21,21,Float64,true,diagonalcheap,transfree,0.030394029,0.0,0.0,0.0,0.0,0.03356599,NaN,NaN,NaN,NaN,NaN,1.727233711018889e-77,1.975743707773673e-76,1.869999820804473e-71,55994.3359109645,mpmath_1792,19.62584090841154,59.59037865827256,42.34022019601692,256
wilkinson_21,21,Float64,true,diagonalcheap,transfree,0.063217058,0.0,0.0,0.0,0.0,0.067949571,NaN,NaN,NaN,NaN,NaN,1.331998346195134e-256,9.336820206994845e-256,9.062487672797141e-251,55994.3359109645,mpmath_1792,19.62584090841154,59.59037865827256,42.34022019601692,851
wilkinson_21,21,Float64,true,diagonalcheap,complexschur,0.008699061,0.00082223,0.009162769999999999,0.059011727,0.002484917,0.087720348,17,1,1.272297335544057e-14,215.529349199521,21.664701739063084,2.220446049250313e-16,9.72744885088209e-15,9.913807901995468e-10,55994.3359109645,mpmath_1792,19.62584090841154,59.59037865827256,42.34022019601692,53
wilkinson_21,21,Float64,true,diagonalcheap,complexschur,0.026091533,0.001293876,0.010863287000000001,0.066064024,0.002746493,0.114845753,43,1,2.081552633289298e-81,215.5293491995201,20.28491911491232,1.727233711018889e-77,6.104119132613225e-76,7.601119175998936e-71,55994.3359109645,mpmath_1792,19.62584090841154,59.59037865827256,42.34022019601692,256
wilkinson_21,21,Float64,true,diagonalcheap,complexschur,0.041533012,0.002761209,0.036479851999999986,0.11026373400000002,0.003702378,0.216413333,91,1,2.186823363153781e-254,215.5293491995172,19.838529607264743,1.331998346195134e-256,5.217201148133889e-255,5.877946969778548e-250,55994.3359109645,mpmath_1792,19.62584090841154,59.59037865827256,42.34022019601692,851
wilkinson_21,21,Float64,true,diagonalcheap,realschur,0.008084084,0.000340735,0.004220812,0.010758680000000001,0.001028883,0.027953698,17,1,1.272297335544057e-14,215.529349199521,21.664701739063084,2.220446049250313e-16,9.72744885088209e-15,9.913807901995468e-10,55994.3359109645,mpmath_1792,19.62584090841154,59.59037865827256,42.34022019601692,53
wilkinson_21,21,Float64,true,diagonalcheap,realschur,0.026939612,0.001000811,0.007913162000000001,0.01371524,0.00080035,0.053342146,43,1,2.081552633289298e-81,215.5293491995201,20.28491911491232,1.727233711018889e-77,6.104119132613225e-76,7.601119175998936e-71,55994.3359109645,mpmath_1792,19.62584090841154,59.59037865827256,42.34022019601692,256
wilkinson_21,21,Float64,true,diagonalcheap,realschur,0.043685738,0.0015056890000000002,0.012579038,0.050813154,0.001150514,0.114326357,91,1,2.186823363153781e-254,215.5293491995172,19.838529607264743,1.331998346195134e-256,5.217201148133889e-255,5.877946969778548e-250,55994.3359109645,mpmath_1792,19.62584090841154,59.59037865827256,42.34022019601692,851
wilkinson_21,21,Float64,true,taylor,transfree,0.006706259,0.0,0.0,0.0,0.0,0.009226973,NaN,NaN,NaN,NaN,NaN,2.220446049250313e-16,2.335489883412894e-15,2.328688451937784e-10,55994.3359109645,mpmath_1792,19.62584090841154,59.59037865827256,42.34022019601692,53
wilkinson_21,21,Float64,true,taylor,transfree,0.026588687,0.0,0.0,0.0,0.0,0.029303139,NaN,NaN,NaN,NaN,NaN,1.727233711018889e-77,1.975743707773673e-76,1.869999820804473e-71,55994.3359109645,mpmath_1792,19.62584090841154,59.59037865827256,42.34022019601692,256
wilkinson_21,21,Float64,true,taylor,transfree,0.063131757,0.0,0.0,0.0,0.0,0.067664441,NaN,NaN,NaN,NaN,NaN,1.331998346195134e-256,9.336820206994845e-256,9.062487672797141e-251,55994.3359109645,mpmath_1792,19.62584090841154,59.59037865827256,42.34022019601692,851
wilkinson_21,21,Float64,true,taylor,complexschur,0.008368344,0.0007919730000000001,0.0032474649999999997,0.026832467999999998,0.018615794,0.064951291,25,2,4.440892098500626e-16,12.69757208115905,1,2.220446049250313e-16,9.72744885088209e-15,9.913807901995468e-10,55994.3359109645,mpmath_1792,19.62584090841154,59.59037865827256,42.34022019601692,53
wilkinson_21,21,Float64,true,taylor,complexschur,0.016877975,0.0027806849999999998,0.006366273000000003,0.066538273,0.005044985,0.105696918,81,2,0,12.69757208115905,1,1.727233711018889e-77,6.104119132613225e-76,7.601119175998936e-71,55994.3359109645,mpmath_1792,19.62584090841154,59.59037865827256,42.34022019601692,256
wilkinson_21,21,Float64,true,taylor,complexschur,0.038816666,0.002808761,0.014312066,0.07783317000000001,0.038393162,0.181854238,90,8,3.660668631509204e-266,1.0428708272432,1,1.331998346195134e-256,5.217201148133889e-255,5.877946969778548e-250,55994.3359109645,mpmath_1792,19.62584090841154,59.59037865827256,42.34022019601692,851
wilkinson_21,21,Float64,true,taylor,realschur,0.008757151,0.000435415,0.0022113479999999997,0.006252098,0.001923491,0.022617228,25,2,4.440892098500626e-16,12.69757208115905,1,2.220446049250313e-16,9.72744885088209e-15,9.913807901995468e-10,55994.3359109645,mpmath_1792,19.62584090841154,59.59037865827256,42.34022019601692,53
wilkinson_21,21,Float64,true,taylor,realschur,0.019167832,0.001199659,0.0034221849999999986,0.018073424999999997,0.001447828,0.046437952,81,2,0,12.69757208115905,1,1.727233711018889e-77,6.104119132613225e-76,7.601119175998936e-71,55994.3359109645,mpmath_1792,19.62584090841154,59.59037865827256,42.34022019601692,256
wilkinson_21,21,Float64,true,taylor,realschur,0.058713512,0.0014273709999999998,0.008653662999999999,0.018379346,0.009013327,0.100696658,90,8,3.660668631509204e-266,1.0428708272432,1,1.331998346195134e-256,5.217201148133889e-255,5.877946969778548e-250,55994.3359109645,mpmath_1792,19.62584090841154,59.59037865827256,42.34022019601692,851
clement_10_1,10,Float64,true,scaling_and_squaring,NaN,NaN,NaN,NaN,NaN,NaN,4.3161e-5,NaN,NaN,NaN,NaN,NaN,2.220446049250313e-16,1.548463305187554e-15,1.691027841952884e-11,10726.51024817475,mpmath_1792,17.99877326838465,16.041101142185465,9.0,53
clement_10_1,10,Float64,true,diagonalcheap,transfree,0.001435324,0.0,0.0,0.0,0.0,0.0794707,NaN,NaN,NaN,NaN,NaN,2.220446049250313e-16,3.427929439743087e-15,4.155569320194622e-11,10726.51024817475,mpmath_1792,17.99877326838465,16.041101142185465,9.0,53
clement_10_1,10,Float64,true,diagonalcheap,transfree,0.004187828,0.0,0.0,0.0,0.0,0.004602777,NaN,NaN,NaN,NaN,NaN,1.727233711018889e-77,2.968778370884703e-76,3.198635740311657e-72,10726.51024817475,mpmath_1792,17.99877326838465,16.041101142185465,9.0,256
clement_10_1,10,Float64,true,diagonalcheap,transfree,0.010188628,0.0,0.0,0.0,0.0,0.010838162,NaN,NaN,NaN,NaN,NaN,1.331998346195134e-256,8.218417152975549e-256,9.808169368880463e-252,10726.51024817475,mpmath_1792,17.99877326838465,16.041101142185465,9.0,851
clement_10_1,10,Float64,true,diagonalcheap,complexschur,0.001482103,0.000130045,0.002064199,0.004375014,0.001076122,0.010606292,13,2,0,9.487735836358517,9.487735836358535,2.220446049250313e-16,2.431705914915084e-15,2.359000307319573e-11,10726.51024817475,mpmath_1792,17.99877326838465,16.041101142185465,9.0,53
clement_10_1,10,Float64,true,diagonalcheap,complexschur,0.003634318,0.0005678179999999999,0.004499762,0.010040165,0.000408175,0.020355145,37,1,2.164009859774876e-80,90.01713130052089,90.01713130052087,1.727233711018889e-77,1.147151341737395e-75,1.224421542316603e-71,10726.51024817475,mpmath_1792,17.99877326838465,16.041101142185465,9.0,256
clement_10_1,10,Float64,true,diagonalcheap,complexschur,0.005614206,0.0013539729999999999,0.011947391,0.021907348,0.035459395,0.077842459,91,1,7.28266795420717e-269,90.01713130052174,90.01713130052174,1.331998346195134e-256,7.184577883811731e-255,8.237207122736804e-251,10726.51024817475,mpmath_1792,17.99877326838465,16.041101142185465,9.0,851
clement_10_1,10,Float64,true,diagonalcheap,realschur,0.001546916,7.1298e-5,0.0012395700000000002,0.00087894,0.000202995,0.004332012,13,2,0,9.487735836358517,9.487735836358535,2.220446049250313e-16,2.431705914915084e-15,2.359000307319573e-11,10726.51024817475,mpmath_1792,17.99877326838465,16.041101142185465,9.0,53
clement_10_1,10,Float64,true,diagonalcheap,realschur,0.002441234,0.00032480800000000005,0.0029907759999999997,0.0031875180000000003,0.000283147,0.009966688,37,1,2.164009859774876e-80,90.01713130052089,90.01713130052087,1.727233711018889e-77,1.147151341737395e-75,1.224421542316603e-71,10726.51024817475,mpmath_1792,17.99877326838465,16.041101142185465,9.0,256
clement_10_1,10,Float64,true,diagonalcheap,realschur,0.008748946,0.000859955,0.008295835000000001,0.005867748,0.000400139,0.024973951,91,1,7.28266795420717e-269,90.01713130052173,90.01713130052174,1.331998346195134e-256,7.184577883811731e-255,8.237207122736804e-251,10726.51024817475,mpmath_1792,17.99877326838465,16.041101142185465,9.0,851
clement_10_1,10,Float64,true,taylor,transfree,0.001531236,0.0,0.0,0.0,0.0,0.001856814,NaN,NaN,NaN,NaN,NaN,2.220446049250313e-16,3.427929439743087e-15,4.155569320194622e-11,10726.51024817475,mpmath_1792,17.99877326838465,16.041101142185465,9.0,53
clement_10_1,10,Float64,true,taylor,transfree,0.007009284,0.0,0.0,0.0,0.0,0.007671391,NaN,NaN,NaN,NaN,NaN,1.727233711018889e-77,2.968778370884703e-76,3.198635740311657e-72,10726.51024817475,mpmath_1792,17.99877326838465,16.041101142185465,9.0,256
clement_10_1,10,Float64,true,taylor,transfree,0.016768878,0.0,0.0,0.0,0.0,0.017516067,NaN,NaN,NaN,NaN,NaN,1.331998346195134e-256,8.218417152975549e-256,9.808169368880463e-252,10726.51024817475,mpmath_1792,17.99877326838465,16.041101142185465,9.0,851
clement_10_1,10,Float64,true,taylor,complexschur,0.001777924,0.00043031099999999995,0.0010685060000000003,0.004579921999999999,0.00034204,0.0093571,36,1,4.440892098500626e-16,30.8125,1,2.220446049250313e-16,2.431705914915084e-15,2.359000307319573e-11,10726.51024817475,mpmath_1792,17.99877326838465,16.041101142185465,9.0,53
clement_10_1,10,Float64,true,taylor,complexschur,0.003769936,0.0014246839999999998,0.0027108330000000006,0.012431375000000001,0.000720668,0.022989105,90,1,2.273161431509082e-81,30.8125,1,1.727233711018889e-77,1.147151341737395e-75,1.224421542316603e-71,10726.51024817475,mpmath_1792,17.99877326838465,16.041101142185465,9.0,256
clement_10_1,10,Float64,true,taylor,complexschur,0.004981665,0.0016061579999999999,0.008502188,0.013060297999999998,0.005087667,0.034854887,90,8,3.592694787276401e-273,1.035781537021624,1,1.331998346195134e-256,7.184577883811731e-255,8.237207122736804e-251,10726.51024817475,mpmath_1792,17.99877326838465,16.041101142185465,9.0,851
clement_10_1,10,Float64,true,taylor,realschur,0.00143315,0.000256918,0.000698302,0.001035729,0.000100291,0.00390428,36,1,4.440892098500626e-16,30.8125,1,2.220446049250313e-16,2.431705914915084e-15,2.359000307319573e-11,10726.51024817475,mpmath_1792,17.99877326838465,16.041101142185465,9.0,53
clement_10_1,10,Float64,true,taylor,realschur,0.002334351,0.00051044,0.0012431869999999998,0.002245352,0.000156186,0.006938439,90,1,2.273161431509082e-81,30.8125,1,1.727233711018889e-77,1.147151341737395e-75,1.224421542316603e-71,10726.51024817475,mpmath_1792,17.99877326838465,16.041101142185465,9.0,256
clement_10_1,10,Float64,true,taylor,realschur,0.004775244,0.000549713,0.004232512999999999,0.004528596,0.004472669,0.019742512,90,8,3.592694787276401e-273,1.035781537021624,1,1.331998346195134e-256,7.184577883811731e-255,8.237207122736804e-251,10726.51024817475,mpmath_1792,17.99877326838465,16.041101142185465,9.0,851
chebspec_10,10,Float64,false,scaling_and_squaring,NaN,NaN,NaN,NaN,NaN,NaN,3.1399e-5,NaN,NaN,NaN,NaN,NaN,2.220446049250313e-16,9.374078565925816e-14,2.653447465564321e-09,26492.49374497338,mpmath_1792,1710.555031880105,Inf,3.633647495988732e16,53
chebspec_10,10,Float64,false,diagonalcheap,transfree,0.0,9.3386e-5,0.001645985,0.001351725,0.000253912,0.003540179,13,3,7.302067020744897e-17,18.97451879669954,26.664762434973103,2.220446049250313e-16,8.868436790671335e-14,2.427061068825905e-09,26492.49374497338,mpmath_1792,1710.555031880105,Inf,3.633647495988732e16,53
chebspec_10,10,Float64,false,diagonalcheap,transfree,0.0,0.000257889,0.0021294209999999994,0.0039884429999999995,0.000435507,0.007106869,31,2,4.863372476416387e-80,103.468407888828,359.8718940444787,1.727233711018889e-77,7.135024943089661e-75,2.051243890162213e-70,26492.49374497338,mpmath_1792,1710.555031880105,Inf,3.633647495988732e16,256
chebspec_10,10,Float64,false,diagonalcheap,transfree,0.0,0.000616869,0.005707434,0.009032575000000001,0.000591092,0.016380472,49,2,1.007876372983377e-266,103.4684078888283,359.96888910480243,1.331998346195134e-256,2.914426689091486e-254,7.705833833001897e-250,26492.49374497338,mpmath_1792,1710.555031880105,Inf,3.633647495988732e16,851
chebspec_10,10,Float64,false,diagonalcheap,complexschur,0.004979101,5.05e-6,0.0017576989999999997,0.002393432,0.001795678,0.012693473,9,4,6.13483434181443e-17,10.51957639832353,18.529619378307196,2.220446049250313e-16,5.360272580342243e-15,1.472018146948181e-10,26492.49374497338,mpmath_1792,1710.555031880105,Inf,3.633647495988732e16,53
chebspec_10,10,Float64,false,diagonalcheap,complexschur,0.015234607,0.0006317689999999999,0.0038456879999999986,0.052014727,0.000901911,0.074189076,31,2,4.774720912366341e-79,224.2904088085387,1431.3236826606549,1.727233711018889e-77,2.944062024425212e-75,8.547492912220004e-71,26492.49374497338,mpmath_1792,1710.555031880105,Inf,3.633647495988732e16,256
chebspec_10,10,Float64,false,diagonalcheap,complexschur,0.015443583,0.0008722480000000001,0.006015558,0.019187680999999998,0.001542748,0.046193598,49,2,2.652487010009095e-263,223.1209474871615,1429.2136073949587,1.331998346195134e-256,3.172522340962718e-255,1.365426190760586e-250,26492.49374497338,mpmath_1792,1710.555031880105,Inf,3.633647495988732e16,851
chebspec_10,10,Float64,false,diagonalcheap,realschur,0.004696805,4.597999999999999e-6,0.00148735,0.000978172,0.000356637,0.007850792,9,4,0,10.51951362961452,18.703797783969655,2.220446049250313e-16,5.159851610734167e-15,1.440296810647979e-10,26492.49374497338,mpmath_1792,1710.555031880105,Inf,3.633647495988732e16,53
chebspec_10,10,Float64,false,diagonalcheap,realschur,0.013565097,0.000378799,0.003966322,0.00330917,0.000421059,0.022341927,31,2,3.959809033676505e-79,224.2285152819877,1430.9086789127662,1.727233711018889e-77,2.962171750018307e-75,8.565981067181432e-71,26492.49374497338,mpmath_1792,1710.555031880105,Inf,3.633647495988732e16,256
chebspec_10,10,Float64,false,diagonalcheap,realschur,0.01908796,0.000612936,0.006198582000000001,0.005795553,0.000455535,0.033020254,49,2,2.602069261497416e-263,223.1310915176778,1429.1329068796608,1.331998346195134e-256,3.177066943566331e-255,1.355673691910641e-250,26492.49374497338,mpmath_1792,1710.555031880105,Inf,3.633647495988732e16,851
chebspec_10,10,Float64,false,taylor,transfree,0.0,0.000269922,0.0009517180000000003,0.001161904,0.000174181,0.002736724,30,2,1.110223024625157e-16,97.23918060565197,1,2.220446049250313e-16,9.547644488729534e-15,3.425852914805696e-10,26492.49374497338,mpmath_1792,1710.555031880105,Inf,3.633647495988732e16,53
chebspec_10,10,Float64,false,taylor,transfree,0.0,0.000619783,0.001428615,0.0029070659999999994,0.000243893,0.005387345,72,2,4.118046071574423e-84,97.23918060565199,1,1.727233711018889e-77,2.926139350783945e-75,7.962649904492677e-71,26492.49374497338,mpmath_1792,1710.555031880105,Inf,3.633647495988732e16,256
chebspec_10,10,Float64,false,taylor,transfree,0.0,0.0007681979999999999,0.0037590580000000005,0.008696183000000001,0.001822409,0.015479401,90,4,2.435124654957166e-263,5.164429436127344,1,1.331998346195134e-256,4.128722487955519e-255,1.333793308255354e-250,26492.49374497338,mpmath_1792,1710.555031880105,Inf,3.633647495988732e16,851
chebspec_10,10,Float64,false,taylor,complexschur,0.007900716,0.00047682500000000006,0.0014533670000000001,0.004087398,0.000803255,0.015956457,30,2,2.220446049250313e-16,200.307740091774,1,2.220446049250313e-16,5.726956865553362e-15,1.534571539564748e-10,26492.49374497338,mpmath_1792,1710.555031880105,Inf,3.633647495988732e16,53
chebspec_10,10,Float64,false,taylor,complexschur,0.01381936,0.0016181200000000005,0.003523479,0.009892458000000002,0.000923864,0.031585291,72,2,0,201.1772213507395,1,1.727233711018889e-77,2.936227248038985e-75,8.531783074539912e-71,26492.49374497338,mpmath_1792,1710.555031880105,Inf,3.633647495988732e16,256
chebspec_10,10,Float64,false,taylor,complexschur,0.022294918,0.0012791929999999999,0.003986636,0.011603864,0.00776565,0.052511571,90,4,3.061469058759296e-261,10.51855150555646,1,1.331998346195134e-256,3.169539736016695e-255,1.334604771149958e-250,26492.49374497338,mpmath_1792,1710.555031880105,Inf,3.633647495988732e16,851
chebspec_10,10,Float64,false,taylor,realschur,0.007547536,0.00027045300000000003,0.0010869109999999996,0.0014299739999999999,0.035521031,0.0462943,30,2,2.220446049250313e-16,200.3107001154198,1,2.220446049250313e-16,5.484201930371065e-15,1.533241782888653e-10,26492.49374497338,mpmath_1792,1710.555031880105,Inf,3.633647495988732e16,53
chebspec_10,10,Float64,false,taylor,realschur,0.008621534,0.000520419,0.0017230309999999999,0.001969927,0.000237872,0.013502118,72,2,4.118046071574423e-84,201.0474043575006,1,1.727233711018889e-77,2.947189403609555e-75,8.549643612713851e-71,26492.49374497338,mpmath_1792,1710.555031880105,Inf,3.633647495988732e16,256
chebspec_10,10,Float64,false,taylor,realschur,0.021275753,0.000639757,0.0038121239999999996,0.0047359,0.001492573,0.033100888,90,4,2.849871130504395e-261,10.51830066787766,1,1.331998346195134e-256,3.226222932005321e-255,1.366857660378869e-250,26492.49374497338,mpmath_1792,1710.555031880105,Inf,3.633647495988732e16,851
chebvand_10,10,Float64,false,scaling_and_squaring,NaN,NaN,NaN,NaN,NaN,NaN,3.8062e-5,NaN,NaN,NaN,NaN,NaN,2.220446049250313e-16,3.668903305182774e-16,1.063372329844446e-14,29.01198674458368,mpmath_1792,7.35742303113814,4.8462552322574705e7,1.326442174998281e7,53
chebvand_10,10,Float64,false,diagonalcheap,transfree,0.0,0.00011053,0.00164943,0.00182281,7.0e-8,0.003760869,13,0,4.763662377651349e-16,29.01198674458369,42.78832236900575,2.220446049250313e-16,3.183199050250386e-16,4.815518875608853e-15,29.01198674458368,mpmath_1792,7.35742303113814,4.8462552322574705e7,1.326442174998281e7,53
chebvand_10,10,Float64,false,diagonalcheap,transfree,0.0,0.000464873,0.0033083789999999997,0.004275374,4.0e-8,0.008209722,37,0,1.219306864948935e-82,29.01198674458368,42.73659875875627,1.727233711018889e-77,4.207829605688056e-77,8.21631088399534e-76,29.01198674458368,mpmath_1792,7.35742303113814,4.8462552322574705e7,1.326442174998281e7,256
chebvand_10,10,Float64,false,diagonalcheap,transfree,0.0,0.0007675769999999999,0.007583747000000002,0.013318929,3.0e-8,0.021912422,81,0,2.292401217065334e-256,29.01198674458367,42.718048562361574,1.331998346195134e-256,2.310356555173161e-256,5.842817172697788e-255,29.01198674458368,mpmath_1792,7.35742303113814,4.8462552322574705e7,1.326442174998281e7,851
chebvand_10,10,Float64,false,diagonalcheap,complexschur,0.003003271,0.000162928,0.001919777,0.0048277120000000005,3.0e-8,0.011198646,13,0,1.803841074559121e-16,20.8662569559364,20.806482025721262,2.220446049250313e-16,1.579228797499153e-15,4.336624691162937e-14,29.01198674458368,mpmath_1792,7.35742303113814,4.8462552322574705e7,1.326442174998281e7,53
chebvand_10,10,Float64,false,diagonalcheap,complexschur,0.003080206,0.000621218,0.0034107629999999994,0.011728582999999999,4.0e-8,0.020853121,37,0,0,20.85316691683935,24.45915293111455,1.727233711018889e-77,1.28914219069853e-76,3.404001447051466e-75,29.01198674458368,mpmath_1792,7.35742303113814,4.8462552322574705e7,1.326442174998281e7,256
chebvand_10,10,Float64,false,diagonalcheap,complexschur,0.010075374,0.0017809990000000001,0.010242109999999999,0.028002307999999997,4.0e-8,0.052560163,81,0,8.031860655130929e-258,20.85879192561249,24.46738325019386,1.331998346195134e-256,1.492932044148885e-255,3.399164469611501e-254,29.01198674458368,mpmath_1792,7.35742303113814,4.8462552322574705e7,1.326442174998281e7,851
chebvand_10,10,Float64,false,diagonalcheap,realschur,0.002071972,6.9403e-5,0.001197392,0.001024795,4.0e-8,0.004663041,13,0,7.230654096241462e-16,17.47274887616211,30.379532467444427,2.220446049250313e-16,1.460212042130077e-15,3.631633070525963e-14,29.01198674458368,mpmath_1792,7.35742303113814,4.8462552322574705e7,1.326442174998281e7,53
chebvand_10,10,Float64,false,diagonalcheap,realschur,0.002927527,0.000294479,0.0022990829999999995,0.002119765,4.0e-8,0.008002419,37,0,1.324767006565903e-83,17.47274887616218,30.63503520375956,1.727233711018889e-77,1.27984614000522e-76,3.35264908628556e-75,29.01198674458368,mpmath_1792,7.35742303113814,4.8462552322574705e7,1.326442174998281e7,256
chebvand_10,10,Float64,false,diagonalcheap,realschur,0.006239523,0.0015042940000000002,0.008243391,0.008871312,1.41e-7,0.025880052,81,0,1.169698684448289e-256,17.47274887616221,27.03743934195314,1.331998346195134e-256,1.647172966747909e-255,3.776429499253524e-254,29.01198674458368,mpmath_1792,7.35742303113814,4.8462552322574705e7,1.326442174998281e7,851
chebvand_10,10,Float64,false,taylor,transfree,0.0,0.000411871,0.0009336030000000002,0.0015770539999999998,4.0e-8,0.003051232,30,0,3.33066907387547e-16,29.60275567634363,1,2.220446049250313e-16,1.725812574984434e-16,5.130085175183213e-15,29.01198674458368,mpmath_1792,7.35742303113814,4.8462552322574705e7,1.326442174998281e7,53
chebvand_10,10,Float64,false,taylor,transfree,0.0,0.000576262,0.0011495529999999998,0.0039584699999999995,3.0e-8,0.005814316,81,0,1.21070554504288e-81,29.60275567634362,1,1.727233711018889e-77,6.792869754242868e-78,1.610154541871797e-76,29.01198674458368,mpmath_1792,7.35742303113814,4.8462552322574705e7,1.326442174998281e7,256
chebvand_10,10,Float64,false,taylor,transfree,0.0,0.0012850819999999999,0.0072658110000000005,0.011486251999999999,0.003093822,0.023665529,90,6,2.957297437508807e-259,1.157965322211723,1,1.331998346195134e-256,2.8383933485217e-255,8.19904066665392e-254,29.01198674458368,mpmath_1792,7.35742303113814,4.8462552322574705e7,1.326442174998281e7,851
chebvand_10,10,Float64,false,taylor,complexschur,0.003799602,0.000950023,0.0016391420000000001,0.007228432000000001,4.0e-8,0.015718685,30,0,0,21.04054177063494,1,2.220446049250313e-16,1.575524053105653e-15,4.369931381901692e-14,29.01198674458368,mpmath_1792,7.35742303113814,4.8462552322574705e7,1.326442174998281e7,53
chebvand_10,10,Float64,false,taylor,complexschur,0.00668097,0.001941125,0.002983553,0.07611502999999999,1.31e-7,0.089500709,81,0,1.400135664335304e-82,21.14353625170153,1,1.727233711018889e-77,1.332744465787959e-76,3.426056519003862e-75,29.01198674458368,mpmath_1792,7.35742303113814,4.8462552322574705e7,1.326442174998281e7,256
chebvand_10,10,Float64,false,taylor,complexschur,0.007783894,0.0017228819999999994,0.008818510000000002,0.014067819,0.004111404,0.039308721,90,6,5.049859722798832e-260,1.091200949537895,1,1.331998346195134e-256,1.486629076690841e-255,3.395834473746013e-254,29.01198674458368,mpmath_1792,7.35742303113814,4.8462552322574705e7,1.326442174998281e7,851
chebvand_10,10,Float64,false,taylor,realschur,0.001686631,0.0002599929999999999,0.0006464869999999998,0.000931788,3.0e-8,0.003775927,30,0,0,19.49682145926172,1,2.220446049250313e-16,1.481839261187476e-15,3.953597747667258e-14,29.01198674458368,mpmath_1792,7.35742303113814,4.8462552322574705e7,1.326442174998281e7,53
chebvand_10,10,Float64,false,taylor,realschur,0.002873905,0.00046617299999999996,0.0011291549999999995,0.002914043,4.0e-8,0.007906236,81,0,8.730257671737777e-82,19.49682145926176,1,1.727233711018889e-77,1.292360310175925e-76,3.400148013338579e-75,29.01198674458368,mpmath_1792,7.35742303113814,4.8462552322574705e7,1.326442174998281e7,256
chebvand_10,10,Float64,false,taylor,realschur,0.010851647,0.0006391520000000001,0.004306936,0.005109449,0.002706267,0.024824299,90,6,4.676638497294088e-259,1.092537039687085,1,1.331998346195134e-256,1.610572146076696e-255,3.709829581943767e-254,29.01198674458368,mpmath_1792,7.35742303113814,4.8462552322574705e7,1.326442174998281e7,851
chow_10,10,Int64,false,scaling_and_squaring,NaN,NaN,NaN,NaN,NaN,NaN,2.666e-5,NaN,NaN,NaN,NaN,NaN,2.220446049250313e-16,5.632051784240823e-16,1.812695005107725e-13,307.1747528206736,mpmath_1792,10.5997098114867,Inf,1.4673762389364598e21,53
chow_10,10,Int64,false,diagonalcheap,transfree,0.0,6.923100000000002e-5,0.001158809,0.000987274,8.0022e-5,0.080873734,13,1,1.937509362950123e-16,27.80687491508752,11.074381747899471,2.220446049250313e-16,3.281699322821454e-16,8.038102900132538e-14,307.1747528206736,mpmath_1792,10.5997098114867,Inf,1.4673762389364598e21,53
chow_10,10,Int64,false,diagonalcheap,transfree,0.0,0.000363739,0.002077487,0.002103792,0.000108346,0.004868361,31,1,1.524663464993884e-78,27.80687491508751,10.782293561885076,1.727233711018889e-77,2.841512286073942e-77,9.05680578162947e-75,307.1747528206736,mpmath_1792,10.5997098114867,Inf,1.4673762389364598e21,256
chow_10,10,Int64,false,diagonalcheap,transfree,0.0,0.0017856789999999999,0.007245232000000002,0.010382285000000002,0.000428483,0.02025723,81,1,2.089706811287112e-279,27.80687491508753,10.657647835013893,1.331998346195134e-256,3.946200758219305e-256,1.045834405751821e-253,307.1747528206736,mpmath_1792,10.5997098114867,Inf,1.4673762389364598e21,851
chow_10,10,Int64,false,diagonalcheap,complexschur,0.001839511,0.000224086,0.0018117790000000001,0.004083271,3.0e-8,0.009233797,17,0,1.883528291849691e-14,191.1446394717708,29.90723826409311,2.220446049250313e-16,3.315313910985175e-15,1.174090767951619e-12,307.1747528206736,mpmath_1792,10.5997098114867,Inf,1.4673762389364598e21,53
chow_10,10,Int64,false,diagonalcheap,complexschur,0.006767926,0.0008825650000000001,0.005278883000000001,0.012116989,3.0e-8,0.026292205,37,0,1.32337647441541e-78,191.1446394717701,26.085470810456236,1.727233711018889e-77,2.274272995453653e-76,8.410238413463638e-74,307.1747528206736,mpmath_1792,10.5997098114867,Inf,1.4673762389364598e21,256
chow_10,10,Int64,false,diagonalcheap,complexschur,0.035036682,0.001085882,0.008534865,0.025380602,4.0e-8,0.072830037,91,0,6.31289184320863e-271,191.1446394717711,27.77805716553365,1.331998346195134e-256,5.885232229888462e-255,1.361357839476366e-252,307.1747528206736,mpmath_1792,10.5997098114867,Inf,1.4673762389364598e21,851
chow_10,10,Int64,false,diagonalcheap,realschur,0.001851855,0.00013036700000000002,0.001368056,0.001244743,3.0e-8,0.004929787,17,0,1.883528291849691e-14,191.1446394717708,29.907238263626876,2.220446049250313e-16,3.31784207181128e-15,1.166097162174317e-12,307.1747528206736,mpmath_1792,10.5997098114867,Inf,1.4673762389364598e21,53
chow_10,10,Int64,false,diagonalcheap,realschur,0.005845836,0.000340414,0.002651672,0.002054944,3.0e-8,0.011305569,37,0,1.32337647441541e-78,191.1446394717701,26.085470810456236,1.727233711018889e-77,2.260045299073752e-76,8.472418827060318e-74,307.1747528206736,mpmath_1792,10.5997098114867,Inf,1.4673762389364598e21,256
chow_10,10,Int64,false,diagonalcheap,realschur,0.084607702,0.000620708,0.00746106,0.005406374,3.1e-8,0.098771977,91,0,6.31289184320863e-271,191.1446394717711,27.77805716553365,1.331998346195134e-256,5.878333058051125e-255,1.375743421615274e-252,307.1747528206736,mpmath_1792,10.5997098114867,Inf,1.4673762389364598e21,851
chow_10,10,Int64,false,taylor,transfree,0.0,0.00019473899999999995,0.0005791999999999999,0.000911327,8.0923e-5,0.001968025,25,1,4.107825191113079e-15,21,1,2.220446049250313e-16,7.146168517392796e-17,2.006951422983758e-14,307.1747528206736,mpmath_1792,10.5997098114867,Inf,1.4673762389364598e21,53
chow_10,10,Int64,false,taylor,transfree,0.0,0.000681115,0.0010852079999999996,0.0023641960000000003,0.000106512,0.004460717,72,1,1.861419830456534e-77,21,1,1.727233711018889e-77,8.512600663652711e-78,2.706167732533518e-75,307.1747528206736,mpmath_1792,10.5997098114867,Inf,1.4673762389364598e21,256
chow_10,10,Int64,false,taylor,transfree,0.0,0.0009800810000000005,0.0036072219999999993,0.004584443999999999,0.001659259,0.011123634,90,7,3.634676667171113e-270,1.080105074980207,1,1.331998346195134e-256,3.246164269620557e-255,1.059664272580353e-252,307.1747528206736,mpmath_1792,10.5997098114867,Inf,1.4673762389364598e21,851
chow_10,10,Int64,false,taylor,complexschur,0.001737598,0.000292444,0.0009036650000000001,0.003826925,0.00036868,0.008222988,25,1,2.220446049250313e-16,14.08759789104958,1,2.220446049250313e-16,4.116065242626213e-15,1.493834999043664e-12,307.1747528206736,mpmath_1792,10.5997098114867,Inf,1.4673762389364598e21,53
chow_10,10,Int64,false,taylor,complexschur,0.010768159,0.0011085049999999999,0.0024644890000000007,0.007904051999999998,0.000424817,0.02403529,72,1,3.057978651829735e-79,14.08759789104954,1,1.727233711018889e-77,2.856718107431569e-76,1.109781406780903e-73,307.1747528206736,mpmath_1792,10.5997098114867,Inf,1.4673762389364598e21,256
chow_10,10,Int64,false,taylor,complexschur,0.033979515,0.001396139,0.009430106000000002,0.011758962999999999,0.004273211,0.062892505,90,7,3.575426385360053e-272,1.057925145082565,1,1.331998346195134e-256,6.156699334874694e-255,1.472712901218279e-252,307.1747528206736,mpmath_1792,10.5997098114867,Inf,1.4673762389364598e21,851
chow_10,10,Int64,false,taylor,realschur,0.00165429,0.000193397,0.00063785,0.0008580900000000002,9.9809e-5,0.003819059,25,1,2.220446049250313e-16,14.08759789104958,1,2.220446049250313e-16,4.116437276025252e-15,1.485841393266363e-12,307.1747528206736,mpmath_1792,10.5997098114867,Inf,1.4673762389364598e21,53
chow_10,10,Int64,false,taylor,realschur,0.006688105,0.0007939080000000001,0.0018537909999999994,0.0034615080000000003,0.000248762,0.013807768,72,1,3.057978651829735e-79,14.08759789104954,1,1.727233711018889e-77,2.843069675306433e-76,1.115999448140571e-73,307.1747528206736,mpmath_1792,10.5997098114867,Inf,1.4673762389364598e21,256
chow_10,10,Int64,false,taylor,realschur,0.038009715,0.0007295649999999998,0.03472329799999999,0.004306694999999998,0.0024603,0.081028438,90,7,3.575426385360053e-272,1.057925145082565,1,1.331998346195134e-256,6.150069747326375e-255,1.488429393161927e-252,307.1747528206736,mpmath_1792,10.5997098114867,Inf,1.4673762389364598e21,851
circulant_10,10,Int64,false,scaling_and_squaring,NaN,NaN,NaN,NaN,NaN,NaN,2.5799e-5,NaN,NaN,NaN,NaN,NaN,2.220446049250313e-16,1.242359634432467e-14,9702360413.440987,7.694785265142017e+23,mpmath_1792,62.04836822995432,11.800000000000002,10.999999999999996,53
circulant_10,10,Int64,false,diagonalcheap,transfree,0.0,7.43e-5,0.001779358,0.001025416,0.000344073,0.078357509,13,4,8.210270393744553e-16,31.1090881509676,11.54857167102348,2.220446049250313e-16,1.034087462671813e-15,877544797.4409871,7.694785265142017e+23,mpmath_1792,62.04836822995432,11.800000000000002,10.999999999999996,53
circulant_10,10,Int64,false,diagonalcheap,transfree,0.0,0.000548954,0.003247941,0.003026217,0.000307434,0.007432939,43,3,1.785186818650989e-80,967.7753655847062,86.50982771395537,1.727233711018889e-77,9.619014993656067e-75,7.411393080945467e-51,7.694785265142017e+23,mpmath_1792,62.04836822995432,11.800000000000002,10.999999999999996,256
circulant_10,10,Int64,false,diagonalcheap,transfree,0.0,0.0026848840000000002,0.009865955999999999,0.011450665999999998,0.001514194,0.026025108,91,4,3.872323126038641e-280,31.10908815096773,10.940156547064813,1.331998346195134e-256,9.088426018593485e-256,7.735080826303978e-232,7.694785265142017e+23,mpmath_1792,62.04836822995432,11.800000000000002,10.999999999999996,851
circulant_10,10,Int64,false,diagonalcheap,complexschur,0.002676781,0.000164214,0.0027918960000000003,0.005192859,0.002415084,0.015145257,13,4,1.642054078748915e-16,31.10908815096771,6.945323283742375,2.220446049250313e-16,1.532606245517203e-14,12101502301.44099,7.694785265142017e+23,mpmath_1792,62.04836822995432,11.800000000000002,10.999999999999996,53
circulant_10,10,Int64,false,diagonalcheap,complexschur,0.004496174,0.0008023720000000001,0.005729597000000001,0.012962603,0.001451035,0.027223242,43,3,1.785186818650995e-80,967.7753655847094,45.80151347761683,1.727233711018889e-77,3.308012972424495e-75,2.59711891207067e-51,7.694785265142017e+23,mpmath_1792,62.04836822995432,11.800000000000002,10.999999999999996,256
circulant_10,10,Int64,false,diagonalcheap,complexschur,0.006003515,0.002035171,0.013755559,0.029345169,0.00666994,0.062543132,91,4,3.872323126038608e-280,31.10908815096748,6.57800501127826,1.331998346195134e-256,6.105559406160841e-254,4.771626499849302e-230,7.694785265142017e+23,mpmath_1792,62.04836822995432,11.800000000000002,10.999999999999996,851
circulant_10,10,Int64,false,diagonalcheap,realschur,0.00356672,0.00015401199999999997,0.002311568,0.002007321,0.000993275,0.009896164,13,4,1.642054078748915e-16,31.10908815096771,9.361394413562007,2.220446049250313e-16,1.532786140353452e-14,12218942813.44099,7.694785265142017e+23,mpmath_1792,62.04836822995432,11.800000000000002,10.999999999999996,53
circulant_10,10,Int64,false,diagonalcheap,realschur,0.006349823,0.0007217370000000001,0.006528071,0.005184931,0.000901111,0.020718737,43,3,1.785186818650995e-80,967.7753655847094,63.80800476736727,1.727233711018889e-77,3.309907704875762e-75,2.599729033857869e-51,7.694785265142017e+23,mpmath_1792,62.04836822995432,11.800000000000002,10.999999999999996,256
circulant_10,10,Int64,false,diagonalcheap,realschur,0.011008515,0.0014514439999999999,0.014305652,0.009442701000000001,0.00111123,0.038482693,91,4,3.872323126038608e-280,31.10908815096748,8.873564573172072,1.331998346195134e-256,6.09972983036784e-254,4.765587922877805e-230,7.694785265142017e+23,mpmath_1792,62.04836822995432,11.800000000000002,10.999999999999996,851
circulant_10,10,Int64,false,taylor,transfree,0.0,0.000443601,0.00106406,0.0015188839999999999,0.000312704,0.003616334,42,3,3.552713678800501e-15,178.7513122558594,1,2.220446049250313e-16,1.379831424208093e-16,139347293.4409871,7.694785265142017e+23,mpmath_1792,62.04836822995432,11.800000000000002,10.999999999999996,53
circulant_10,10,Int64,false,taylor,transfree,0.0,0.0014761319999999998,0.0025206699999999996,0.004134947999999999,0.000483237,0.008925883,90,4,0,31.08158751330685,1,1.727233711018889e-77,1.003962947449234e-77,1.050538796845185e-53,7.694785265142017e+23,mpmath_1792,62.04836822995432,11.800000000000002,10.999999999999996,256
circulant_10,10,Int64,false,taylor,transfree,0.0,0.0021812180000000004,0.008126382,0.009875215,0.004936219,0.025717895,90,11,3.443135024766597e-282,1.027219326740717,1,1.331998346195134e-256,2.062410855998865e-253,1.606347691080693e-229,7.694785265142017e+23,mpmath_1792,62.04836822995432,11.800000000000002,10.999999999999996,851
circulant_10,10,Int64,false,taylor,complexschur,0.003175848,0.001028091,0.002903062000000001,0.008760437,0.002211488,0.020319728,42,3,3.552713678800501e-15,178.7513122558595,1,2.220446049250313e-16,1.532606245517203e-14,12101502301.44099,7.694785265142017e+23,mpmath_1792,62.04836822995432,11.800000000000002,10.999999999999996,53
circulant_10,10,Int64,false,taylor,complexschur,0.005493747,0.0013429899999999999,0.0040547270000000045,0.05412833000000001,0.001829632,0.068408384,90,4,0,31.08158751330685,1,1.727233711018889e-77,3.308012972424495e-75,2.59711891207067e-51,7.694785265142017e+23,mpmath_1792,62.04836822995432,11.800000000000002,10.999999999999996,256
circulant_10,10,Int64,false,taylor,complexschur,0.00557402,0.0017100779999999999,0.010446857999999996,0.012655472000000003,0.008312138,0.041102216,90,11,3.443135024766597e-282,1.027219326740717,1,1.331998346195134e-256,6.105559406160841e-254,4.771626499849302e-230,7.694785265142017e+23,mpmath_1792,62.04836822995432,11.800000000000002,10.999999999999996,851
circulant_10,10,Int64,false,taylor,realschur,0.001871732,0.00032165,0.001102381,0.00121184,0.00031579,0.00524241,42,3,3.552713678800501e-15,178.7513122558595,1,2.220446049250313e-16,1.532786140353452e-14,12218942813.44099,7.694785265142017e+23,mpmath_1792,62.04836822995432,11.800000000000002,10.999999999999996,53
circulant_10,10,Int64,false,taylor,realschur,0.002911456,0.000549293,0.0019838369999999996,0.002461031,0.000550324,0.008933096,90,4,0,31.08158751330685,1,1.727233711018889e-77,3.309907704875762e-75,2.599729033857869e-51,7.694785265142017e+23,mpmath_1792,62.04836822995432,11.800000000000002,10.999999999999996,256
circulant_10,10,Int64,false,taylor,realschur,0.009871236,0.0009168949999999999,0.006078184999999999,0.004058384999999999,0.002471081,0.024232566,90,11,3.443135024766597e-282,1.027219326740717,1,1.331998346195134e-256,6.09972983036784e-254,4.765587922877805e-230,7.694785265142017e+23,mpmath_1792,62.04836822995432,11.800000000000002,10.999999999999996,851
cycol_10,10,Float64,false,scaling_and_squaring,NaN,NaN,NaN,NaN,NaN,NaN,2.5588e-5,NaN,NaN,NaN,NaN,NaN,2.220446049250313e-16,6.45301126293517e-16,9.358025641609591e-15,13.9986555572097,mpmath_1792,14.3439603071366,Inf,1.0709154052124294e49,53
cycol_10,10,Float64,false,diagonalcheap,transfree,0.0,3.899e-6,0.0012027309999999999,0.001275621,3.0e-8,0.097147685,9,0,3.656806594553667e-16,13.9986555572097,38.61381665753056,2.220446049250313e-16,3.92960621275312e-16,4.596102268732017e-15,13.9986555572097,mpmath_1792,14.3439603071366,Inf,1.0709154052124294e49,53
cycol_10,10,Float64,false,diagonalcheap,transfree,0.0,0.00029647399999999997,0.002583584,0.002971319,3.0e-8,0.006104447,31,0,6.739846646457701e-84,13.9986555572097,38.95538813673713,1.727233711018889e-77,2.788339936005904e-77,2.57764339191384e-76,13.9986555572097,mpmath_1792,14.3439603071366,Inf,1.0709154052124294e49,256
cycol_10,10,Float64,false,diagonalcheap,transfree,0.0,0.000642289,0.006109487,0.009001826000000001,4.0e-8,0.016082025,73,0,9.003804657447248e-281,13.9986555572097,39.03132032545949,1.331998346195134e-256,2.223507220372476e-256,2.889538376824018e-255,13.9986555572097,mpmath_1792,14.3439603071366,Inf,1.0709154052124294e49,851
cycol_10,10,Float64,false,diagonalcheap,complexschur,0.003242795,5.13e-6,0.002178656,0.005260905000000001,1.0e-7,0.012803923,9,0,0,8.576338121854933,19.126383910207636,2.220446049250313e-16,1.05043685198639e-15,2.024667569089284e-14,13.9986555572097,mpmath_1792,14.3439603071366,Inf,1.0709154052124294e49,53
cycol_10,10,Float64,false,diagonalcheap,complexschur,0.005299318,0.000568749,0.0035952230000000003,0.007434221,3.0e-8,0.018447575,31,0,2.141307966272911e-84,8.391389679437669,17.143394641186344,1.727233711018889e-77,1.053165160160046e-76,1.836132147140069e-75,13.9986555572097,mpmath_1792,14.3439603071366,Inf,1.0709154052124294e49,256
cycol_10,10,Float64,false,diagonalcheap,complexschur,0.006418884,0.0019083510000000002,0.011921141000000001,0.030654054,5.0e-8,0.053634594,73,0,8.221390866286961e-281,10.55468425059367,19.968760225453302,1.331998346195134e-256,8.211048706023776e-256,1.542682830870412e-254,13.9986555572097,mpmath_1792,14.3439603071366,Inf,1.0709154052124294e49,851
cycol_10,10,Float64,false,diagonalcheap,realschur,0.002489335,3.6460000000000003e-6,0.0017738069999999999,0.001047559,4.1e-8,0.006009407,9,0,0,8.154983744847177,19.338292819388847,2.220446049250313e-16,1.005964535543643e-15,1.785969618794876e-14,13.9986555572097,mpmath_1792,14.3439603071366,Inf,1.0709154052124294e49,53
cycol_10,10,Float64,false,diagonalcheap,realschur,0.005557589,0.00035226800000000004,0.0038957059999999996,0.003719799,5.1e-8,0.014385835,31,0,2.193023866052993e-84,5.040537759970131,17.53697180379733,1.727233711018889e-77,1.011242335858519e-76,1.715225787368747e-75,13.9986555572097,mpmath_1792,14.3439603071366,Inf,1.0709154052124294e49,256
cycol_10,10,Float64,false,diagonalcheap,realschur,0.010397535,0.000841168,0.009153044,0.056225591,3.0e-8,0.077489132,73,0,3.288556346514784e-281,4.620846424086728,21.3390508836507,1.331998346195134e-256,7.888292759983325e-256,1.556002814332363e-254,13.9986555572097,mpmath_1792,14.3439603071366,Inf,1.0709154052124294e49,851
cycol_10,10,Float64,false,taylor,transfree,0.0,0.000193708,0.0005087239999999999,0.0007759929999999999,3.0e-8,0.00165471,20,0,1.942890293094024e-16,13.89439860046269,1,2.220446049250313e-16,1.335885690881767e-16,1.66324774189842e-15,13.9986555572097,mpmath_1792,14.3439603071366,Inf,1.0709154052124294e49,53
cycol_10,10,Float64,false,taylor,transfree,0.0,0.000371757,0.000849221,0.00248991,4.0e-8,0.003870426,64,0,0,13.89439860046269,1,1.727233711018889e-77,3.343207349761073e-78,4.151684791061777e-77,13.9986555572097,mpmath_1792,14.3439603071366,Inf,1.0709154052124294e49,256
cycol_10,10,Float64,false,taylor,transfree,0.0,0.00065158,0.004982674,0.008742735000000001,0.002346725,0.017200879,90,5,1.936096000522683e-270,1.294294107210103,1,1.331998346195134e-256,1.645856021118824e-255,3.534020358432137e-254,13.9986555572097,mpmath_1792,14.3439603071366,Inf,1.0709154052124294e49,851
cycol_10,10,Float64,false,taylor,complexschur,0.002540783,0.000370313,0.0009340229999999998,0.002690797,3.0e-8,0.007651323,20,0,1.387778780781446e-17,8.523258704028942,1,2.220446049250313e-16,1.088190583619315e-15,2.069076490074291e-14,13.9986555572097,mpmath_1792,14.3439603071366,Inf,1.0709154052124294e49,53
cycol_10,10,Float64,false,taylor,complexschur,0.002707028,0.0008268269999999999,0.0014371030000000001,0.006266702000000001,4.0e-8,0.012730002,64,0,2.059023035787212e-84,8.333793927725143,1,1.727233711018889e-77,1.033038645416741e-76,1.749770461589125e-75,13.9986555572097,mpmath_1792,14.3439603071366,Inf,1.0709154052124294e49,256
cycol_10,10,Float64,false,taylor,complexschur,0.004609139,0.0009538960000000002,0.005328527,0.009908624000000001,0.002795196,0.025587337,90,5,2.465461947539634e-273,1.177383086689771,1,1.331998346195134e-256,8.218720530647094e-256,1.37618303759602e-254,13.9986555572097,mpmath_1792,14.3439603071366,Inf,1.0709154052124294e49,851
cycol_10,10,Float64,false,taylor,realschur,0.001315346,0.000187985,0.0006087369999999999,0.000733493,3.0e-8,0.003167833,20,0,0,8.8744273124088,1,2.220446049250313e-16,1.102872573983512e-15,1.92046120536728e-14,13.9986555572097,mpmath_1792,14.3439603071366,Inf,1.0709154052124294e49,53
cycol_10,10,Float64,false,taylor,realschur,0.00336606,0.00065798,0.0015526340000000002,0.0030737150000000003,4.0e-8,0.009279513,64,0,2.059023035787212e-84,8.568342543111058,1,1.727233711018889e-77,9.852204582175434e-77,1.693635365981011e-75,13.9986555572097,mpmath_1792,14.3439603071366,Inf,1.0709154052124294e49,256
cycol_10,10,Float64,false,taylor,realschur,0.006734883,0.000554669,0.004837655000000001,0.004660134000000001,0.001563067,0.019606345,90,5,5.646938856206999e-273,1.177383086689771,1,1.331998346195134e-256,7.705076764345032e-256,1.336223087210166e-254,13.9986555572097,mpmath_1792,14.3439603071366,Inf,1.0709154052124294e49,851
dramadah_10_1,10,Int64,false,scaling_and_squaring,NaN,NaN,NaN,NaN,NaN,NaN,3.2922e-5,NaN,NaN,NaN,NaN,NaN,2.220446049250313e-16,2.115581858901517e-16,1.89186343456214e-14,98.4089040883864,mpmath_1792,6.695476258165029,1026.0,504.97133313997983,53
dramadah_10_1,10,Int64,false,diagonalcheap,transfree,0.0,9.7707e-5,0.001330015,0.001572574,4.0e-8,0.003279435,13,0,7.092621356493725e-15,98.40890408838663,27.056641925681802,2.220446049250313e-16,0.3355969991487339,17.53308105561833,98.4089040883864,mpmath_1792,6.695476258165029,1026.0,504.97133313997983,53
dramadah_10_1,10,Int64,false,diagonalcheap,transfree,0.0,0.000733172,0.0029964259999999995,0.003524974,3.0e-8,0.007496739,37,0,2.427957272896402e-81,98.40890408838621,28.717096047005647,1.727233711018889e-77,0.3355969991487339,17.53308105561828,98.4089040883864,mpmath_1792,6.695476258165029,1026.0,504.97133313997983,256
dramadah_10_1,10,Int64,false,diagonalcheap,transfree,0.0,0.001428182,0.005525427000000001,0.010248734,4.0e-8,0.017430815,91,0,1.615928912713612e-272,98.40890408838632,28.16977088550232,1.331998346195134e-256,0.3355969991487339,17.53308105561828,98.4089040883864,mpmath_1792,6.695476258165029,1026.0,504.97133313997983,851
dramadah_10_1,10,Int64,false,diagonalcheap,complexschur,0.003849897,0.000150814,0.0017509309999999998,0.004258884,3.0e-8,0.011218083,13,0,3.640650498545992e-15,64.33538939524708,19.671806923007217,2.220446049250313e-16,2.42869194294567e-15,3.392291785256508e-13,98.4089040883864,mpmath_1792,6.695476258165029,1026.0,504.97133313997983,53
dramadah_10_1,10,Int64,false,diagonalcheap,complexschur,0.004861678,0.000756404,0.004566290000000001,0.012369958,4.0e-8,0.024876788,37,0,4.763582085809295e-82,64.33538939524712,15.944679228692763,1.727233711018889e-77,9.358665098072059e-76,9.041214745751953e-74,98.4089040883864,mpmath_1792,6.695476258165029,1026.0,504.97133313997983,256
dramadah_10_1,10,Int64,false,diagonalcheap,complexschur,0.008351091,0.0015962819999999999,0.009574204,0.024210594999999998,3.0e-8,0.047289089,91,0,3.54254181978201e-275,64.3353893952473,16.259257561862338,1.331998346195134e-256,5.308623075960405e-255,4.746893353622621e-253,98.4089040883864,mpmath_1792,6.695476258165029,1026.0,504.97133313997983,851
dramadah_10_1,10,Int64,false,diagonalcheap,realschur,0.0,6.874e-5,0.0010878760000000002,0.0010937949999999998,3.0e-8,0.002517669,13,0,7.092621356493725e-15,98.40890408838663,27.056641925681802,2.220446049250313e-16,0.3355969991487339,17.53308105561833,98.4089040883864,mpmath_1792,6.695476258165029,1026.0,504.97133313997983,53
dramadah_10_1,10,Int64,false,diagonalcheap,realschur,0.0,0.000879829,0.002934711,0.044164175,4.0e-8,0.048227741,37,0,2.427957272896402e-81,98.40890408838621,28.717096047005647,1.727233711018889e-77,0.3355969991487339,17.53308105561828,98.4089040883864,mpmath_1792,6.695476258165029,1026.0,504.97133313997983,256
dramadah_10_1,10,Int64,false,diagonalcheap,realschur,0.0,0.001443081,0.005997576000000002,0.007568433999999999,4.0e-8,0.015267759,91,0,1.615928912713612e-272,98.40890408838632,28.16977088550232,1.331998346195134e-256,0.3355969991487339,17.53308105561828,98.4089040883864,mpmath_1792,6.695476258165029,1026.0,504.97133313997983,851
dramadah_10_1,10,Int64,false,taylor,transfree,0.0,0.00033732799999999997,0.000911608,0.001641156,0.000196082,0.003468293,25,1,0,9.708333333333334,1,2.220446049250313e-16,0.3680183145620196,30.83427194663774,98.4089040883864,mpmath_1792,6.695476258165029,1026.0,504.97133313997983,53
dramadah_10_1,10,Int64,false,taylor,transfree,0.0,0.001108805,0.0016842930000000001,0.004251741,0.000244715,0.007675229,72,1,1.387781526120581e-81,9.708333333333333,1,1.727233711018889e-77,0.3680183145620196,30.83427194663774,98.4089040883864,mpmath_1792,6.695476258165029,1026.0,504.97133313997983,256
dramadah_10_1,10,Int64,false,taylor,transfree,0.0,0.001623783,0.004764512,0.005472067,0.002692971,0.01489951,90,7,1.608373725385741e-274,1.047707947906384,1,1.331998346195134e-256,0.4083063097360157,37.1740075085569,98.4089040883864,mpmath_1792,6.695476258165029,1026.0,504.97133313997983,851
dramadah_10_1,10,Int64,false,taylor,complexschur,0.002135924,0.00041127199999999996,0.0010850390000000003,0.005716429,0.00071117,0.012124082,25,1,1.110223024625157e-16,6.753799578103475,1,2.220446049250313e-16,1.870563242022162e-15,2.104433076691327e-13,98.4089040883864,mpmath_1792,6.695476258165029,1026.0,504.97133313997983,53
dramadah_10_1,10,Int64,false,taylor,complexschur,0.006802873,0.0009252970000000001,0.002041352,0.007295198,0.000465955,0.019119932,72,1,5.35345989304675e-83,6.753799578103478,1,1.727233711018889e-77,9.382079588463511e-76,9.193211312321615e-74,98.4089040883864,mpmath_1792,6.695476258165029,1026.0,504.97133313997983,256
dramadah_10_1,10,Int64,false,taylor,complexschur,0.009837582,0.001951684,0.008542089,0.014287843000000001,0.007944459,0.046198479,90,7,3.087348996387415e-276,1.033067062613107,1,1.331998346195134e-256,5.438704113925591e-255,4.937752636669674e-253,98.4089040883864,mpmath_1792,6.695476258165029,1026.0,504.97133313997983,851
dramadah_10_1,10,Int64,false,taylor,realschur,0.0,0.000320057,0.0008332219999999998,0.00160187,0.000216722,0.003380637,25,1,0,9.708333333333334,1,2.220446049250313e-16,0.3680183145620196,30.83427194663774,98.4089040883864,mpmath_1792,6.695476258165029,1026.0,504.97133313997983,53
dramadah_10_1,10,Int64,false,taylor,realschur,0.0,0.0008932289999999999,0.001307285,0.002819732,0.000169802,0.005514387,72,1,1.387781526120581e-81,9.708333333333333,1,1.727233711018889e-77,0.3680183145620196,30.83427194663774,98.4089040883864,mpmath_1792,6.695476258165029,1026.0,504.97133313997983,256
dramadah_10_1,10,Int64,false,taylor,realschur,0.0,0.001623561,0.0059438830000000005,0.0077525369999999994,0.002822818,0.01861345,90,7,1.608373725385741e-274,1.047707947906384,1,1.331998346195134e-256,0.4083063097360157,37.1740075085569,98.4089040883864,mpmath_1792,6.695476258165029,1026.0,504.97133313997983,851
dramadah_10_3,10,Int64,false,scaling_and_squaring,NaN,NaN,NaN,NaN,NaN,NaN,3.0879e-5,NaN,NaN,NaN,NaN,NaN,2.220446049250313e-16,2.619843407986101e-16,1.719404465310073e-14,60.50895669867163,mpmath_1792,6.35635224851983,11.89090909090909,4.215520833463272,53
dramadah_10_3,10,Int64,false,diagonalcheap,transfree,0.0,0.000111642,0.00110629,0.001020728,4.0e-8,0.002419643,13,0,2.973933097260254e-16,60.50895669867153,19.744595522600495,2.220446049250313e-16,0.1790397920162673,4.973041648942215,60.50895669867163,mpmath_1792,6.35635224851983,11.89090909090909,4.215520833463272,53
dramadah_10_3,10,Int64,false,diagonalcheap,transfree,0.0,0.000509449,0.0023278939999999996,0.003297562,3.0e-8,0.006334443,37,0,1.267317033684559e-82,60.50895669867157,18.79640236743403,1.727233711018889e-77,0.1790397920162673,4.973041648942199,60.50895669867163,mpmath_1792,6.35635224851983,11.89090909090909,4.215520833463272,256
dramadah_10_3,10,Int64,false,diagonalcheap,transfree,0.0,0.001773155,0.0066783979999999995,0.01104888,4.0e-8,0.019712546,91,0,6.968274081885425e-280,60.50895669867161,18.508868644720593,1.331998346195134e-256,0.1790397920162673,4.973041648942199,60.50895669867163,mpmath_1792,6.35635224851983,11.89090909090909,4.215520833463272,851
dramadah_10_3,10,Int64,false,diagonalcheap,complexschur,0.00380905,0.000240516,0.0022958970000000003,0.004591993999999999,4.0e-8,0.012136456,13,0,6.718008106279177e-16,41.92937030663569,8.603825742280732,2.220446049250313e-16,6.453923341547663e-15,3.743360739800362e-13,60.50895669867163,mpmath_1792,6.35635224851983,11.89090909090909,4.215520833463272,53
dramadah_10_3,10,Int64,false,diagonalcheap,complexschur,0.003890856,0.0009390520000000001,0.004455845000000002,0.01239077,9.0e-8,0.024074245,37,0,4.794174312281277e-83,41.92937030663548,9.103349851632222,1.727233711018889e-77,4.160925713499919e-76,2.133180705072051e-74,60.50895669867163,mpmath_1792,6.35635224851983,11.89090909090909,4.215520833463272,256
dramadah_10_3,10,Int64,false,diagonalcheap,complexschur,0.009974973,0.0019066309999999998,0.010155243999999999,0.053778536,4.1e-8,0.078202035,81,0,3.463969695019778e-255,41.92937030663551,9.51640755678731,1.331998346195134e-256,2.355731653962295e-255,1.324313903789223e-253,60.50895669867163,mpmath_1792,6.35635224851983,11.89090909090909,4.215520833463272,851
dramadah_10_3,10,Int64,false,diagonalcheap,realschur,0.0,6.8641e-5,0.001109746,0.001022509,3.1e-8,0.002402921,13,0,2.973933097260254e-16,60.50895669867153,19.744595522600495,2.220446049250313e-16,0.1790397920162673,4.973041648942215,60.50895669867163,mpmath_1792,6.35635224851983,11.89090909090909,4.215520833463272,53
dramadah_10_3,10,Int64,false,diagonalcheap,realschur,0.0,0.000563799,0.00281975,0.003225542,4.0e-8,0.00682784,37,0,1.267317033684559e-82,60.50895669867157,18.79640236743403,1.727233711018889e-77,0.1790397920162673,4.973041648942199,60.50895669867163,mpmath_1792,6.35635224851983,11.89090909090909,4.215520833463272,256
dramadah_10_3,10,Int64,false,diagonalcheap,realschur,0.0,0.002043969,0.007988586000000002,0.01171701,4.0e-8,0.022042629,91,0,6.968274081885425e-280,60.50895669867161,18.508868644720593,1.331998346195134e-256,0.1790397920162673,4.973041648942199,60.50895669867163,mpmath_1792,6.35635224851983,11.89090909090909,4.215520833463272,851
dramadah_10_3,10,Int64,false,taylor,transfree,0.0,0.000207965,0.000561527,0.000936387,0.000104348,0.002071241,25,1,0,8.958333333333332,1,2.220446049250313e-16,0.1959494301366824,9.564265656216827,60.50895669867163,mpmath_1792,6.35635224851983,11.89090909090909,4.215520833463272,53
dramadah_10_3,10,Int64,false,taylor,transfree,0.0,0.000633844,0.001016018,0.0024233609999999997,0.000176024,0.004490885,72,1,6.177069107361635e-84,8.958333333333333,1,1.727233711018889e-77,0.1959494301366824,9.564265656216831,60.50895669867163,mpmath_1792,6.35635224851983,11.89090909090909,4.215520833463272,256
dramadah_10_3,10,Int64,false,taylor,transfree,0.0,0.0009362999999999999,0.0037026859999999997,0.004444767,0.002647756,0.012046966,90,7,3.443135024766597e-282,1.047644977991329,1,1.331998346195134e-256,0.215453764465044,11.79780454648638,60.50895669867163,mpmath_1792,6.35635224851983,11.89090909090909,4.215520833463272,851
dramadah_10_3,10,Int64,false,taylor,complexschur,0.003150751,0.00074224,0.0013710209999999998,0.006283348,5.0e-8,0.013363035,30,0,2.220446049250313e-16,24.70685601802633,1,2.220446049250313e-16,5.071599511012019e-15,2.975086406759754e-13,60.50895669867163,mpmath_1792,6.35635224851983,11.89090909090909,4.215520833463272,53
dramadah_10_3,10,Int64,false,taylor,complexschur,0.005837741,0.000934535,0.0016227810000000004,0.008650406,4.0e-8,0.019059908,81,0,1.720519648703794e-80,24.70685601802627,1,1.727233711018889e-77,3.957235168734377e-76,1.991547540768502e-74,60.50895669867163,mpmath_1792,6.35635224851983,11.89090909090909,4.215520833463272,256
dramadah_10_3,10,Int64,false,taylor,complexschur,0.014477931,0.001280462,0.005335466999999999,0.013221347000000003,0.007984014,0.045379996,90,6,4.786756256539874e-258,1.085726799029994,1,1.331998346195134e-256,2.234630378234866e-255,1.257713986479466e-253,60.50895669867163,mpmath_1792,6.35635224851983,11.89090909090909,4.215520833463272,851
dramadah_10_3,10,Int64,false,taylor,realschur,0.0,0.000180722,0.000504836,0.000917956,0.000114517,0.001993604,25,1,0,8.958333333333332,1,2.220446049250313e-16,0.1959494301366824,9.564265656216827,60.50895669867163,mpmath_1792,6.35635224851983,11.89090909090909,4.215520833463272,53
dramadah_10_3,10,Int64,false,taylor,realschur,0.0,0.000650305,0.0009098890000000001,0.0023176480000000003,0.000165915,0.004286416,72,1,6.177069107361635e-84,8.958333333333333,1,1.727233711018889e-77,0.1959494301366824,9.564265656216831,60.50895669867163,mpmath_1792,6.35635224851983,11.89090909090909,4.215520833463272,256
dramadah_10_3,10,Int64,false,taylor,realschur,0.0,0.0009281000000000002,0.0033346329999999996,0.004357833,0.003937804,0.012874697,90,7,3.443135024766597e-282,1.047644977991329,1,1.331998346195134e-256,0.215453764465044,11.79780454648638,60.50895669867163,mpmath_1792,6.35635224851983,11.89090909090909,4.215520833463272,851
forsythe_10,10,Float64,false,scaling_and_squaring,NaN,NaN,NaN,NaN,NaN,NaN,3.2602e-5,NaN,NaN,NaN,NaN,NaN,2.220446049250313e-16,1.913471545895374e-16,7.785170747998506e-16,2.718281525573197,mpmath_1792,1.691360042031752,6.7108864e7,6.7108864e7,53
forsythe_10,10,Float64,false,diagonalcheap,transfree,0.0,3.4480000000000003e-6,0.000981473,0.000982403,4.0e-8,0.00217059,9,0,1.152469037665662e-17,2.718281525573197,2.718281825640393,2.220446049250313e-16,2.013928584454515e-14,4.570494524958972e-14,2.718281525573197,mpmath_1792,1.691360042031752,6.7108864e7,6.7108864e7,53
forsythe_10,10,Float64,false,diagonalcheap,transfree,0.0,0.000231881,0.0018863220000000002,0.0014774430000000002,3.0e-8,0.003772762,25,0,1.392937073183684e-80,2.718281525573197,2.7182818272837044,1.727233711018889e-77,2.013902353018806e-14,4.516996614096236e-14,2.718281525573197,mpmath_1792,1.691360042031752,6.7108864e7,6.7108864e7,256
forsythe_10,10,Float64,false,diagonalcheap,transfree,0.0,0.000590251,0.0035088419999999994,0.002902848,3.0e-8,0.007189276,49,0,2.467483110787691e-262,2.718281525573197,2.718281827466352,1.331998346195134e-256,2.013902353018806e-14,4.516996614096236e-14,2.718281525573197,mpmath_1792,1.691360042031752,6.7108864e7,6.7108864e7,851
forsythe_10,10,Float64,false,diagonalcheap,complexschur,0.007256854,3.645e-6,0.002323029,0.005447400000000001,5.0e-8,0.01720678,9,0,1.22932725708103e-17,2.738677004148674,2.9189240922156237,2.220446049250313e-16,1.982855385720689e-15,1.146565145236141e-14,2.718281525573197,mpmath_1792,1.691360042031752,6.7108864e7,6.7108864e7,53
forsythe_10,10,Float64,false,diagonalcheap,complexschur,0.010822672,0.00048064200000000004,0.003427627,0.009235361000000001,4.0e-8,0.026602013,25,0,4.696254247470253e-79,2.989728598267252,2.9450721912754085,1.727233711018889e-77,1.713329724724582e-76,9.545764233861369e-76,2.718281525573197,mpmath_1792,1.691360042031752,6.7108864e7,6.7108864e7,256
forsythe_10,10,Float64,false,diagonalcheap,complexschur,0.065209654,0.000775551,0.005334003000000001,0.012189647,4.0e-8,0.085652697,49,0,2.632126126631699e-262,2.742699710889864,2.8331338978296445,1.331998346195134e-256,1.976508790229287e-255,9.165605662652504e-255,2.718281525573197,mpmath_1792,1.691360042031752,6.7108864e7,6.7108864e7,851
forsythe_10,10,Float64,false,diagonalcheap,realschur,0.0,1.783e-6,0.0008240550000000001,0.000762735,3.0e-8,0.001756845,9,0,1.152469037665662e-17,2.718281525573197,2.718281825640393,2.220446049250313e-16,2.013928584454515e-14,4.570494524958972e-14,2.718281525573197,mpmath_1792,1.691360042031752,6.7108864e7,6.7108864e7,53
forsythe_10,10,Float64,false,diagonalcheap,realschur,0.0,0.00018605399999999998,0.001652937,0.0013206980000000001,4.0e-8,0.003302879,25,0,1.392937073183684e-80,2.718281525573197,2.7182818272837044,1.727233711018889e-77,2.013902353018806e-14,4.516996614096236e-14,2.718281525573197,mpmath_1792,1.691360042031752,6.7108864e7,6.7108864e7,256
forsythe_10,10,Float64,false,diagonalcheap,realschur,0.0,0.0005117920000000001,0.003283358999999999,0.0024740450000000002,3.0e-8,0.006434242,49,0,2.467483110787691e-262,2.718281525573197,2.718281827466352,1.331998346195134e-256,2.013902353018806e-14,4.516996614096236e-14,2.718281525573197,mpmath_1792,1.691360042031752,6.7108864e7,6.7108864e7,851
forsythe_10,10,Float64,false,taylor,transfree,0.0,0.00016627599999999998,0.000410528,0.0006644509999999999,3.0e-8,0.00137513,20,0,2.775557561562891e-17,2.666666666666667,1,2.220446049250313e-16,2.013905721422204e-14,4.528619743988463e-14,2.718281525573197,mpmath_1792,1.691360042031752,6.7108864e7,6.7108864e7,53
forsythe_10,10,Float64,false,taylor,transfree,0.0,0.000393658,0.0006055890000000002,0.0013973289999999999,3.0e-8,0.002514032,56,0,2.51077176327856e-77,2.666666666666667,1,1.727233711018889e-77,2.013902353018806e-14,4.516996614096236e-14,2.718281525573197,mpmath_1792,1.691360042031752,6.7108864e7,6.7108864e7,256
forsythe_10,10,Float64,false,taylor,transfree,0.0,0.0006724080000000001,0.0017435380000000002,0.002561303,0.000575021,0.005766315,90,2,2.152670398120619e-260,1.284025416687473,1,1.331998346195134e-256,2.013902632011683e-14,4.519746278609869e-14,2.718281525573197,mpmath_1792,1.691360042031752,6.7108864e7,6.7108864e7,851
forsythe_10,10,Float64,false,taylor,complexschur,0.008038909,0.0005637609999999999,0.001260573,0.004747771,4.1e-8,0.016415589,20,0,1.387778780781446e-17,2.936898378661384,1,2.220446049250313e-16,1.977737607101583e-15,1.146961540739205e-14,2.718281525573197,mpmath_1792,1.691360042031752,6.7108864e7,6.7108864e7,53
forsythe_10,10,Float64,false,taylor,complexschur,0.00813991,0.0008326099999999999,0.0013913110000000001,0.006716608,3.0e-8,0.018433278,64,0,1.029511517893606e-84,2.936898378661376,1,1.727233711018889e-77,1.733140632344556e-76,9.348857060677709e-76,2.718281525573197,mpmath_1792,1.691360042031752,6.7108864e7,6.7108864e7,256
forsythe_10,10,Float64,false,taylor,complexschur,0.01870305,0.001295978,0.0038292680000000003,0.014938376000000001,0.00278715,0.04536671,90,2,1.864602182731132e-259,1.343429908507653,1,1.331998346195134e-256,1.943468107193511e-255,9.426834547596763e-255,2.718281525573197,mpmath_1792,1.691360042031752,6.7108864e7,6.7108864e7,851
forsythe_10,10,Float64,false,taylor,realschur,0.0,0.000165926,0.000474111,0.0006641389999999999,3.0e-8,0.001492032,20,0,2.775557561562891e-17,2.666666666666667,1,2.220446049250313e-16,2.013905721422204e-14,4.528619743988463e-14,2.718281525573197,mpmath_1792,1.691360042031752,6.7108864e7,6.7108864e7,53
forsythe_10,10,Float64,false,taylor,realschur,0.0,0.000488857,0.0008971799999999999,0.0015959320000000002,4.0e-8,0.003157062,56,0,2.51077176327856e-77,2.666666666666667,1,1.727233711018889e-77,2.013902353018806e-14,4.516996614096236e-14,2.718281525573197,mpmath_1792,1.691360042031752,6.7108864e7,6.7108864e7,256
forsythe_10,10,Float64,false,taylor,realschur,0.0,0.0010452629999999996,0.0020853529999999994,0.0030341659999999996,0.000546408,0.006996801,90,2,2.152670398120619e-260,1.284025416687473,1,1.331998346195134e-256,2.013902632011683e-14,4.519746278609869e-14,2.718281525573197,mpmath_1792,1.691360042031752,6.7108864e7,6.7108864e7,851
leslie_10_1,10,Int64,false,scaling_and_squaring,NaN,NaN,NaN,NaN,NaN,NaN,2.3004e-5,NaN,NaN,NaN,NaN,NaN,2.220446049250313e-16,1.30487581046622e-16,1.428611361829699e-15,7.389055727637594,mpmath_1792,4.355216783714111,4.0,10.90832691319598,53
leslie_10_1,10,Int64,false,diagonalcheap,transfree,0.0,3.507e-6,0.0010295940000000002,0.0007717140000000001,3.0e-8,0.082689032,9,0,6.215601717467331e-16,7.389055727637595,5.775202858683046,2.220446049250313e-16,1.744022941552431e-16,2.150851881365842e-15,7.389055727637594,mpmath_1792,4.355216783714111,4.0,10.90832691319598,53
leslie_10_1,10,Int64,false,diagonalcheap,transfree,0.0,0.000321731,0.0017549380000000002,0.001899848,1.01e-7,0.004133676,31,0,2.821532051362997e-84,7.389055727637593,5.6790939723265605,1.727233711018889e-77,1.421932361266608e-77,1.946838042256754e-76,7.389055727637594,mpmath_1792,4.355216783714111,4.0,10.90832691319598,256
leslie_10_1,10,Int64,false,diagonalcheap,transfree,0.0,0.001137078,0.005154917,0.005463299,4.0e-8,0.011927239,81,0,1.877704495178663e-281,7.389055727637587,5.656186251493258,1.331998346195134e-256,9.681440459421402e-257,9.929684877330639e-256,7.389055727637594,mpmath_1792,4.355216783714111,4.0,10.90832691319598,851
leslie_10_1,10,Int64,false,diagonalcheap,complexschur,0.004213728,3.155e-6,0.001845925,0.004463822,4.0e-8,0.012415025,9,0,7.497045084146383e-16,7.38180827794084,7.247533231563908,2.220446049250313e-16,1.239715637673809e-15,1.749990252661693e-14,7.389055727637594,mpmath_1792,4.355216783714111,4.0,10.90832691319598,53
leslie_10_1,10,Int64,false,diagonalcheap,complexschur,0.006683987,0.000576095,0.003137624,0.050496268,4.0e-8,0.062437954,31,0,5.769210248197947e-84,7.381808277940835,7.9816705162364245,1.727233711018889e-77,3.233444785965442e-76,3.673638714047777e-75,7.389055727637594,mpmath_1792,4.355216783714111,4.0,10.90832691319598,256
leslie_10_1,10,Int64,false,diagonalcheap,complexschur,0.009049066,0.001239342,0.007819102000000001,0.02557846,3.0e-8,0.045842513,81,0,1.537741903456807e-280,7.381808277940844,7.145988642951578,1.331998346195134e-256,1.405007797454574e-255,1.955879872859942e-254,7.389055727637594,mpmath_1792,4.355216783714111,4.0,10.90832691319598,851
leslie_10_1,10,Int64,false,diagonalcheap,realschur,0.002390528,2.065e-6,0.0009423589999999999,0.000767185,3.0e-8,0.004422995,9,0,8.739964329038007e-16,7.381808277940839,7.985086477450523,2.220446049250313e-16,1.266975617060765e-15,1.861210422020687e-14,7.389055727637594,mpmath_1792,4.355216783714111,4.0,10.90832691319598,53
leslie_10_1,10,Int64,false,diagonalcheap,realschur,0.005190973,0.000426177,0.0034821790000000006,0.003210846,4.0e-8,0.012947535,31,0,6.720133036282438e-84,7.381808277940835,10.081054099585927,1.727233711018889e-77,3.274268831113302e-76,3.362957241556339e-75,7.389055727637594,mpmath_1792,4.355216783714111,4.0,10.90832691319598,256
leslie_10_1,10,Int64,false,diagonalcheap,realschur,0.012779416,0.000588016,0.005688118000000001,0.005829575,1.2e-7,0.025642171,81,0,1.791343004972849e-280,8.040041902105227,7.847764634733665,1.331998346195134e-256,1.418144073535331e-255,1.901143065820986e-254,7.389055727637594,mpmath_1792,4.355216783714111,4.0,10.90832691319598,851
leslie_10_1,10,Int64,false,taylor,transfree,0.0,0.00034178699999999997,0.000651875,0.0014179739999999998,4.0e-8,0.002605004,25,0,8.326672684688674e-17,6.333333333333334,1,2.220446049250313e-16,8.069135210313216e-17,7.148491265398923e-16,7.389055727637594,mpmath_1792,4.355216783714111,4.0,10.90832691319598,53
leslie_10_1,10,Int64,false,taylor,transfree,0.0,0.001041297,0.0012409000000000003,0.003851902,4.0e-8,0.006347288,72,0,2.059023035787212e-84,6.333333333333333,1,1.727233711018889e-77,5.664022309156626e-78,4.758874894407733e-77,7.389055727637594,mpmath_1792,4.355216783714111,4.0,10.90832691319598,256
leslie_10_1,10,Int64,false,taylor,transfree,0.0,0.0014226700000000002,0.004992587999999999,0.004580082,0.001434293,0.012796058,90,6,7.880991758188264e-278,1.031743407499103,1,1.331998346195134e-256,4.851829593611563e-255,4.685767463707533e-254,7.389055727637594,mpmath_1792,4.355216783714111,4.0,10.90832691319598,851
leslie_10_1,10,Int64,false,taylor,complexschur,0.002534421,0.000327239,0.0008001119999999999,0.003343052,4.0e-8,0.008304333,25,0,2.775557561562891e-17,6.32842794134895,1,2.220446049250313e-16,1.276693543835234e-15,1.841952280931913e-14,7.389055727637594,mpmath_1792,4.355216783714111,4.0,10.90832691319598,53
leslie_10_1,10,Int64,false,taylor,complexschur,0.007665059,0.00152935,0.0022396330000000004,0.010457588000000002,3.0e-8,0.02341804,72,0,0,6.328427941348953,1,1.727233711018889e-77,3.347931002446758e-76,3.560514934241833e-75,7.389055727637594,mpmath_1792,4.355216783714111,4.0,10.90832691319598,256
leslie_10_1,10,Int64,false,taylor,complexschur,0.008594053,0.002036836,0.008668109000000002,0.013803866,0.004726742,0.040511986,90,6,7.604163702197029e-278,1.039181171267378,1,1.331998346195134e-256,1.355748119748925e-255,1.825281597510341e-254,7.389055727637594,mpmath_1792,4.355216783714111,4.0,10.90832691319598,851
leslie_10_1,10,Int64,false,taylor,realschur,0.002973595,0.00020248599999999999,0.0005859019999999998,0.000898515,3.0e-8,0.005013576,25,0,2.775557561562891e-17,7.193291205806618,1,2.220446049250313e-16,1.243116189543962e-15,1.798067842747847e-14,7.389055727637594,mpmath_1792,4.355216783714111,4.0,10.90832691319598,53
leslie_10_1,10,Int64,false,taylor,realschur,0.00426216,0.00046378999999999995,0.0009698600000000003,0.002035525,3.0e-8,0.008125272,72,0,0,7.193291205806623,1,1.727233711018889e-77,3.372763234910273e-76,3.372170397782614e-75,7.389055727637594,mpmath_1792,4.355216783714111,4.0,10.90832691319598,256
leslie_10_1,10,Int64,false,taylor,realschur,0.015229507,0.0012134529999999998,0.048952594,0.005949383,0.004461098,0.076743808,90,6,7.604163702197029e-278,1.050724990510458,1,1.331998346195134e-256,1.40580417781492e-255,1.88289312754255e-254,7.389055727637594,mpmath_1792,4.355216783714111,4.0,10.90832691319598,851
leslie_10_2,10,Int64,false,scaling_and_squaring,NaN,NaN,NaN,NaN,NaN,NaN,3.4976e-5,NaN,NaN,NaN,NaN,NaN,2.220446049250313e-16,1.30487581046622e-16,1.428611361829699e-15,7.389055727637594,mpmath_1792,4.355216783714111,4.0,10.90832691319598,53
leslie_10_2,10,Int64,false,diagonalcheap,transfree,0.0,1.6639999999999999e-6,0.0009563149999999999,0.000780701,4.0e-8,0.001905377,9,0,6.215601717467331e-16,7.389055727637595,5.775202858683046,2.220446049250313e-16,1.744022941552431e-16,2.150851881365842e-15,7.389055727637594,mpmath_1792,4.355216783714111,4.0,10.90832691319598,53
leslie_10_2,10,Int64,false,diagonalcheap,transfree,0.0,0.000299198,0.0021100439999999997,0.001938571,3.0e-8,0.004498088,31,0,2.821532051362997e-84,7.389055727637593,5.6790939723265605,1.727233711018889e-77,1.421932361266608e-77,1.946838042256754e-76,7.389055727637594,mpmath_1792,4.355216783714111,4.0,10.90832691319598,256
leslie_10_2,10,Int64,false,diagonalcheap,transfree,0.0,0.001493954,0.008023853000000004,0.009294257,4.3e-7,0.019036814,81,0,1.877704495178663e-281,7.389055727637587,5.656186251493258,1.331998346195134e-256,9.681440459421402e-257,9.929684877330639e-256,7.389055727637594,mpmath_1792,4.355216783714111,4.0,10.90832691319598,851
leslie_10_2,10,Int64,false,diagonalcheap,complexschur,0.004271738,2.7150000000000003e-6,0.0016360860000000001,0.0038444060000000003,4.1e-8,0.011015418,9,0,7.497045084146383e-16,7.38180827794084,7.247533231563908,2.220446049250313e-16,1.239715637673809e-15,1.749990252661693e-14,7.389055727637594,mpmath_1792,4.355216783714111,4.0,10.90832691319598,53
leslie_10_2,10,Int64,false,diagonalcheap,complexschur,0.005961596,0.000780783,0.004597758,0.011532221,9.0e-8,0.025233245,31,0,5.769210248197947e-84,7.381808277940835,7.9816705162364245,1.727233711018889e-77,3.233444785965442e-76,3.673638714047777e-75,7.389055727637594,mpmath_1792,4.355216783714111,4.0,10.90832691319598,256
leslie_10_2,10,Int64,false,diagonalcheap,complexschur,0.012329603,0.0020463639999999997,0.010854351000000002,0.020559783999999998,4.0e-8,0.048251938,81,0,1.537741903456807e-280,7.381808277940844,7.145988642951578,1.331998346195134e-256,1.405007797454574e-255,1.955879872859942e-254,7.389055727637594,mpmath_1792,4.355216783714111,4.0,10.90832691319598,851
leslie_10_2,10,Int64,false,diagonalcheap,realschur,0.002426004,1.913e-6,0.000887233,0.00078417,3.0e-8,0.004416563,9,0,8.739964329038007e-16,7.381808277940839,7.985086477450523,2.220446049250313e-16,1.266975617060765e-15,1.861210422020687e-14,7.389055727637594,mpmath_1792,4.355216783714111,4.0,10.90832691319598,53
leslie_10_2,10,Int64,false,diagonalcheap,realschur,0.005815248,0.000375471,0.003386141,0.003162553,4.1e-8,0.013383733,31,0,6.720133036282438e-84,7.381808277940835,10.081054099585927,1.727233711018889e-77,3.274268831113302e-76,3.362957241556339e-75,7.389055727637594,mpmath_1792,4.355216783714111,4.0,10.90832691319598,256
leslie_10_2,10,Int64,false,diagonalcheap,realschur,0.015743242,0.0006290219999999999,0.005592395000000002,0.006534986999999999,4.0e-8,0.02958206,81,0,1.791343004972849e-280,8.040041902105227,7.847764634733665,1.331998346195134e-256,1.418144073535331e-255,1.901143065820986e-254,7.389055727637594,mpmath_1792,4.355216783714111,4.0,10.90832691319598,851
leslie_10_2,10,Int64,false,taylor,transfree,0.0,0.00025357099999999996,0.0006598979999999999,0.001166465,4.0e-8,0.002284536,25,0,8.326672684688674e-17,6.333333333333334,1,2.220446049250313e-16,8.069135210313216e-17,7.148491265398923e-16,7.389055727637594,mpmath_1792,4.355216783714111,4.0,10.90832691319598,53
leslie_10_2,10,Int64,false,taylor,transfree,0.0,0.0010389229999999998,0.0011612140000000005,0.0038214740000000005,6.1e-8,0.006245655,72,0,2.059023035787212e-84,6.333333333333333,1,1.727233711018889e-77,5.664022309156626e-78,4.758874894407733e-77,7.389055727637594,mpmath_1792,4.355216783714111,4.0,10.90832691319598,256
leslie_10_2,10,Int64,false,taylor,transfree,0.0,0.0014508529999999998,0.005404956000000001,0.004836014000000001,0.001547888,0.013537065,90,6,7.880991758188264e-278,1.031743407499103,1,1.331998346195134e-256,4.851829593611563e-255,4.685767463707533e-254,7.389055727637594,mpmath_1792,4.355216783714111,4.0,10.90832691319598,851
leslie_10_2,10,Int64,false,taylor,complexschur,0.002699895,0.000500563,0.00108954,0.003983591,5.0e-8,0.010161618,25,0,2.775557561562891e-17,6.32842794134895,1,2.220446049250313e-16,1.276693543835234e-15,1.841952280931913e-14,7.389055727637594,mpmath_1792,4.355216783714111,4.0,10.90832691319598,53
leslie_10_2,10,Int64,false,taylor,complexschur,0.009893479,0.00119121,0.001941993,0.00817074,3.0e-8,0.022677284,72,0,0,6.328427941348953,1,1.727233711018889e-77,3.347931002446758e-76,3.560514934241833e-75,7.389055727637594,mpmath_1792,4.355216783714111,4.0,10.90832691319598,256
leslie_10_2,10,Int64,false,taylor,complexschur,0.012435534,0.0018691779999999998,0.007077583,0.051679302,0.007514363,0.083328126,90,6,7.604163702197029e-278,1.039181171267378,1,1.331998346195134e-256,1.355748119748925e-255,1.825281597510341e-254,7.389055727637594,mpmath_1792,4.355216783714111,4.0,10.90832691319598,851
leslie_10_2,10,Int64,false,taylor,realschur,0.002367824,0.000210338,0.0006606049999999999,0.000823062,4.0e-8,0.004377829,25,0,2.775557561562891e-17,7.193291205806618,1,2.220446049250313e-16,1.243116189543962e-15,1.798067842747847e-14,7.389055727637594,mpmath_1792,4.355216783714111,4.0,10.90832691319598,53
leslie_10_2,10,Int64,false,taylor,realschur,0.004326361,0.00048543,0.0013735259999999995,0.002029122,3.0e-8,0.008611506,72,0,0,7.193291205806623,1,1.727233711018889e-77,3.372763234910273e-76,3.372170397782614e-75,7.389055727637594,mpmath_1792,4.355216783714111,4.0,10.90832691319598,256
leslie_10_2,10,Int64,false,taylor,realschur,0.008111587,0.000670892,0.008647736999999999,0.004971654,0.002399915,0.025903888,90,6,7.604163702197029e-278,1.050724990510458,1,1.331998346195134e-256,1.40580417781492e-255,1.88289312754255e-254,7.389055727637594,mpmath_1792,4.355216783714111,4.0,10.90832691319598,851
randn_xoshiro10_10x10,10,Float64,false,scaling_and_squaring,NaN,NaN,NaN,NaN,NaN,NaN,3.3083e-5,NaN,NaN,NaN,NaN,NaN,2.220446049250313e-16,5.873098925329099e-16,2.088865165095692e-14,40.01460176271689,mpmath_1792,10.32041256959357,41.3848619534701,15.049166372723016,53
randn_xoshiro10_10x10,10,Float64,false,diagonalcheap,transfree,0.0,7.7849e-5,0.001306288,0.001176864,8.3979e-5,0.002819582,13,1,5.506289037679304e-17,9.635227057573768,14.78141651658193,2.220446049250313e-16,4.437576274457648e-16,1.498304580648836e-14,40.01460176271689,mpmath_1792,10.32041256959357,41.3848619534701,15.049166372723016,53
randn_xoshiro10_10x10,10,Float64,false,diagonalcheap,transfree,0.0,0.00034906300000000004,0.002732496,0.003523556,6.0e-8,0.006758077,37,0,4.024154039745165e-83,40.01460176271689,100.91824217292725,1.727233711018889e-77,4.341898733576553e-77,1.516753723285334e-75,40.01460176271689,mpmath_1792,10.32041256959357,41.3848619534701,15.049166372723016,256
randn_xoshiro10_10x10,10,Float64,false,diagonalcheap,transfree,0.0,0.000666154,0.0062405670000000016,0.013288791999999999,3.1e-8,0.020370996,91,0,4.003790654450946e-280,40.01460176271682,101.51918369247642,1.331998346195134e-256,3.822349748886776e-256,1.398542407347378e-254,40.01460176271689,mpmath_1792,10.32041256959357,41.3848619534701,15.049166372723016,851
randn_xoshiro10_10x10,10,Float64,false,diagonalcheap,complexschur,0.003204833,0.000181485,0.00229131,0.004430581,4.0e-8,0.011884909,13,0,1.098763328655412e-15,44.35464552641519,63.46450857466715,2.220446049250313e-16,2.859902587932712e-15,1.041389716964424e-13,40.01460176271689,mpmath_1792,10.32041256959357,41.3848619534701,15.049166372723016,53
randn_xoshiro10_10x10,10,Float64,false,diagonalcheap,complexschur,0.004331582,0.00069539,0.0038989110000000006,0.011812659,4.1e-8,0.023118481,37,0,1.777078202132753e-82,44.3546455264152,64.24673516854952,1.727233711018889e-77,2.125868005752728e-76,7.242051762656534e-75,40.01460176271689,mpmath_1792,10.32041256959357,41.3848619534701,15.049166372723016,256
randn_xoshiro10_10x10,10,Float64,false,diagonalcheap,complexschur,0.011175582,0.001937246,0.011463497000000003,0.022996312999999997,3.0e-8,0.049994866,91,0,3.923261114130835e-280,44.35464552641528,64.48688700266871,1.331998346195134e-256,1.420368996996755e-255,4.628685761073171e-254,40.01460176271689,mpmath_1792,10.32041256959357,41.3848619534701,15.049166372723016,851
randn_xoshiro10_10x10,10,Float64,false,diagonalcheap,realschur,0.002282622,7.7155e-5,0.001192724,0.0011295640000000002,4.0e-8,0.004982377,13,0,1.626904197961219e-15,41.41963735757314,70.4320465999299,2.220446049250313e-16,2.994653465957853e-15,1.083023080387867e-13,40.01460176271689,mpmath_1792,10.32041256959357,41.3848619534701,15.049166372723016,53
randn_xoshiro10_10x10,10,Float64,false,diagonalcheap,realschur,0.003734458,0.000297484,0.0022776109999999997,0.0021104270000000002,4.0e-8,0.008767662,37,0,1.952499947700791e-83,41.41963735757313,71.54431188534451,1.727233711018889e-77,2.147244773409684e-76,7.561589999195028e-75,40.01460176271689,mpmath_1792,10.32041256959357,41.3848619534701,15.049166372723016,256
randn_xoshiro10_10x10,10,Float64,false,diagonalcheap,realschur,0.011252298,0.0010328699999999998,0.00916603,0.006407559,4.0e-8,0.028555021,91,0,5.175391361348643e-280,41.41963735757322,71.8838572057731,1.331998346195134e-256,1.326147591584699e-255,4.422226017412925e-254,40.01460176271689,mpmath_1792,10.32041256959357,41.3848619534701,15.049166372723016,851
randn_xoshiro10_10x10,10,Float64,false,taylor,transfree,0.0,0.00027716399999999994,0.000624937,0.0012858400000000001,4.0e-8,0.002308291,30,0,2.220446049250313e-16,33.01383701135341,1,2.220446049250313e-16,1.688763023724655e-16,5.633534345875389e-15,40.01460176271689,mpmath_1792,10.32041256959357,41.3848619534701,15.049166372723016,53
randn_xoshiro10_10x10,10,Float64,false,taylor,transfree,0.0,0.0004993269999999999,0.000986815,0.004263731000000001,4.0e-8,0.005859462,81,0,1.109582805709299e-78,33.01383701135341,1,1.727233711018889e-77,8.054040037736137e-78,3.013211838933369e-76,40.01460176271689,mpmath_1792,10.32041256959357,41.3848619534701,15.049166372723016,256
randn_xoshiro10_10x10,10,Float64,false,taylor,transfree,0.0,0.0010755410000000002,0.006579019,0.010048517,0.002198984,0.020374032,90,7,1.342822659658973e-280,1.076893809428242,1,1.331998346195134e-256,2.760058725255582e-255,7.360137663267922e-254,40.01460176271689,mpmath_1792,10.32041256959357,41.3848619534701,15.049166372723016,851
randn_xoshiro10_10x10,10,Float64,false,taylor,complexschur,0.002135443,0.000491703,0.0009661019999999997,0.003863985,3.0e-8,0.00856634,30,0,2.220446049250313e-16,31.7291977755272,1,2.220446049250313e-16,2.942860988571466e-15,1.059708396870739e-13,40.01460176271689,mpmath_1792,10.32041256959357,41.3848619534701,15.049166372723016,53
randn_xoshiro10_10x10,10,Float64,false,taylor,complexschur,0.005832521,0.00197945,0.005750924999999997,0.051037563999999994,3.0e-8,0.06599721,81,0,8.624028555275443e-78,31.72919777552723,1,1.727233711018889e-77,2.119501667015992e-76,7.280914521154459e-75,40.01460176271689,mpmath_1792,10.32041256959357,41.3848619534701,15.049166372723016,256
randn_xoshiro10_10x10,10,Float64,false,taylor,complexschur,0.007853967,0.0012087519999999998,0.0073709809999999995,0.014916856,0.0074127,0.041832222,90,7,2.410194517336618e-281,1.060417879255442,1,1.331998346195134e-256,1.410648630318013e-255,4.638675748669635e-254,40.01460176271689,mpmath_1792,10.32041256959357,41.3848619534701,15.049166372723016,851
randn_xoshiro10_10x10,10,Float64,false,taylor,realschur,0.002214043,0.00029169399999999995,0.000725006,0.001060162,3.0e-8,0.004600953,30,0,0,30.46235534327282,1,2.220446049250313e-16,2.960285990198334e-15,1.029055140047659e-13,40.01460176271689,mpmath_1792,10.32041256959357,41.3848619534701,15.049166372723016,53
randn_xoshiro10_10x10,10,Float64,false,taylor,realschur,0.00391947,0.0006601739999999999,0.001616187,0.003289573,0.000238122,0.010439375,72,1,2.059023035787212e-84,8.774531974131822,1,1.727233711018889e-77,2.19499978002148e-76,7.717041033186728e-75,40.01460176271689,mpmath_1792,10.32041256959357,41.3848619534701,15.049166372723016,256
randn_xoshiro10_10x10,10,Float64,false,taylor,realschur,0.013458947,0.000666543,0.004201677,0.00359269,0.00176989,0.024447063,90,7,0,1.067630084509802,1,1.331998346195134e-256,1.304970507113624e-255,4.242406240676582e-254,40.01460176271689,mpmath_1792,10.32041256959357,41.3848619534701,15.049166372723016,851
orthog_complex_10_3,10,ComplexF64,false,scaling_and_squaring,NaN,NaN,NaN,NaN,NaN,NaN,3.147e-5,NaN,NaN,NaN,NaN,NaN,2.220446049250313e-16,2.558000072893195e-16,1.436265401773965e-15,5.259393115678251,mpmath_1792,1.667526579489047,10.000000000000002,1.0000000000000004,53
orthog_complex_10_3,10,ComplexF64,false,diagonalcheap,transfree,0.0,2.465e-6,0.00123923,0.0055756849999999995,7.0e-8,0.134596249,7,0,1.050010012104892e-15,5.25939311567825,6.7885440894453035,2.220446049250313e-16,3.255295778667693e-16,1.907754927316919e-15,5.259393115678251,mpmath_1792,1.667526579489047,10.000000000000002,1.0000000000000004,53
orthog_complex_10_3,10,ComplexF64,false,diagonalcheap,transfree,0.0,0.000721739,0.003799533,0.014828647000000002,4.0e-8,0.019860688,31,0,2.86324355099229e-84,5.259393115678251,6.788544089445301,1.727233711018889e-77,1.79351920427358e-77,1.091197635652159e-76,5.259393115678251,mpmath_1792,1.667526579489047,10.000000000000002,1.0000000000000004,256
orthog_complex_10_3,10,ComplexF64,false,diagonalcheap,transfree,0.0,0.0018494919999999999,0.009460034,0.043859061000000005,5.0e-8,0.055917398,73,0,2.869372046583376e-281,5.259393115678251,6.788544089445303,1.331998346195134e-256,1.252395357336007e-256,7.192668054887052e-256,5.259393115678251,mpmath_1792,1.667526579489047,10.000000000000002,1.0000000000000004,851
orthog_complex_10_3,10,ComplexF64,false,diagonalcheap,complexschur,0.004755095,2.354e-6,0.0014478089999999998,0.003988922000000001,5.0e-8,0.011962015,7,0,6.006384086341818e-16,2.718281828459053,2.7182818284590526,2.220446049250313e-16,1.736684778284452e-15,1.133005327199619e-14,5.259393115678251,mpmath_1792,1.667526579489047,10.000000000000002,1.0000000000000004,53
orthog_complex_10_3,10,ComplexF64,false,diagonalcheap,complexschur,0.008139871,0.000581644,0.0034279450000000004,0.009201365,1.8e-7,0.023957965,25,0,1.392937073709082e-80,2.718281828459046,2.7182818284590473,1.727233711018889e-77,2.689750546050592e-76,1.972740327503975e-75,5.259393115678251,mpmath_1792,1.667526579489047,10.000000000000002,1.0000000000000004,256
orthog_complex_10_3,10,ComplexF64,false,diagonalcheap,complexschur,0.062648495,0.001025428,0.007747174000000001,0.015478428,4.0e-8,0.089393259,65,0,3.381632240058742e-260,2.71828182845905,2.7182818284590495,1.331998346195134e-256,1.92332974877493e-255,1.550188000321644e-254,5.259393115678251,mpmath_1792,1.667526579489047,10.000000000000002,1.0000000000000004,851
orthog_complex_10_3,10,ComplexF64,false,taylor,transfree,0.0,0.000235037,0.0008546220000000001,0.003384373,3.0e-8,0.004815099,20,0,0,5.18932393686311,1,2.220446049250313e-16,6.564202731385433e-17,3.550629887615363e-16,5.259393115678251,mpmath_1792,1.667526579489047,10.000000000000002,1.0000000000000004,53
orthog_complex_10_3,10,ComplexF64,false,taylor,transfree,0.0,0.0010807299999999998,0.001644661,0.015085082000000001,8.0e-8,0.018372312,64,0,5.147557589468029e-84,5.189323936863109,1,1.727233711018889e-77,3.658396740520152e-78,1.860867097688558e-77,5.259393115678251,mpmath_1792,1.667526579489047,10.000000000000002,1.0000000000000004,256
orthog_complex_10_3,10,ComplexF64,false,taylor,transfree,0.0,0.001599373,0.007424283,0.027649962,0.005667177,0.043995759,90,5,1.088685039080837e-273,1.099325582829288,1,1.331998346195134e-256,2.613265506262422e-255,1.883635728965309e-254,5.259393115678251,mpmath_1792,1.667526579489047,10.000000000000002,1.0000000000000004,851
orthog_complex_10_3,10,ComplexF64,false,taylor,complexschur,0.003346241,0.000360043,0.0009135640000000001,0.002904411,3.0e-8,0.008675177,20,0,2.775557561562891e-17,2.666666666666675,1,2.220446049250313e-16,1.736684778284452e-15,1.133005327199619e-14,5.259393115678251,mpmath_1792,1.667526579489047,10.000000000000002,1.0000000000000004,53
orthog_complex_10_3,10,ComplexF64,false,taylor,complexschur,0.007881349,0.001172624,0.0018221369999999995,0.010212245,7.0e-8,0.023555891,56,0,2.510771866229711e-77,2.666666666666669,1,1.727233711018889e-77,2.689750546050592e-76,1.972740327503975e-75,5.259393115678251,mpmath_1792,1.667526579489047,10.000000000000002,1.0000000000000004,256
orthog_complex_10_3,10,ComplexF64,false,taylor,complexschur,0.019037525,0.001988357,0.006123529000000001,0.014366714,0.004169364,0.048568068,90,5,7.953641907210839e-278,1.031743407499103,1,1.331998346195134e-256,1.92332974877493e-255,1.550188000321644e-254,5.259393115678251,mpmath_1792,1.667526579489047,10.000000000000002,1.0000000000000004,851
orthog_10_4,10,Float64,false,scaling_and_squaring,NaN,NaN,NaN,NaN,NaN,NaN,3.4425e-5,NaN,NaN,NaN,NaN,NaN,2.220446049250313e-16,2.383623964747375e-16,1.013006965835226e-15,4.98304800499865,mpmath_1792,2.910588815126426,8.340928899208869,1.000000000000001,53
orthog_10_4,10,Float64,false,diagonalcheap,transfree,0.0,2.6949999999999996e-6,0.0014610130000000002,0.001580971,1.3e-7,0.003336343,9,0,1.817400150206809e-17,4.983048004998649,5.193136888782106,2.220446049250313e-16,1.873325616472503e-16,8.100075764391956e-16,4.98304800499865,mpmath_1792,2.910588815126426,8.340928899208869,1.000000000000001,53
orthog_10_4,10,Float64,false,diagonalcheap,transfree,0.0,0.00033225,0.002886679,0.003549218,4.0e-8,0.007042147,25,0,2.470343133709096e-77,4.983048004998649,5.161495378207862,1.727233711018889e-77,1.636259647986061e-77,7.677418197310216e-77,4.98304800499865,mpmath_1792,2.910588815126426,8.340928899208869,1.000000000000001,256
orthog_10_4,10,Float64,false,diagonalcheap,transfree,0.0,0.0008766239999999999,0.008570719000000001,0.053246498,6.0e-8,0.06303614,73,0,7.159093615413766e-281,4.983048004998651,5.150371816298208,1.331998346195134e-256,1.346104310940005e-256,6.675008282497137e-256,4.98304800499865,mpmath_1792,2.910588815126426,8.340928899208869,1.000000000000001,851
orthog_10_4,10,Float64,false,diagonalcheap,complexschur,0.002996037,2.745e-6,0.0019987829999999996,0.004942412,3.0e-8,0.012066404,9,0,0,2.718281828459044,2.718281828459046,2.220446049250313e-16,7.846775616719795e-16,3.319575048938639e-15,4.98304800499865,mpmath_1792,2.910588815126426,8.340928899208869,1.000000000000001,53
orthog_10_4,10,Float64,false,diagonalcheap,complexschur,0.004955486,0.000611522,0.004345919,0.009512236,4.0e-8,0.021824796,25,0,1.393107244996567e-80,2.718281828459045,2.718281828459045,1.727233711018889e-77,1.045842623023258e-76,4.97427414407495e-76,4.98304800499865,mpmath_1792,2.910588815126426,8.340928899208869,1.000000000000001,256
orthog_10_4,10,Float64,false,diagonalcheap,complexschur,0.010685413,0.0016632580000000001,0.009746911,0.024633197,3.0e-8,0.049210738,65,0,3.381632240058344e-260,2.718281828459046,2.718281828459046,1.331998346195134e-256,1.073204905340574e-255,5.30796512855188e-255,4.98304800499865,mpmath_1792,2.910588815126426,8.340928899208869,1.000000000000001,851
orthog_10_4,10,Float64,false,diagonalcheap,realschur,0.00178588,1.913e-6,0.0009406939999999998,0.00083241,3.0e-8,0.00393591,9,0,3.457407116582056e-17,2.718281828459044,3.091352987164548,2.220446049250313e-16,7.121501551984165e-16,3.014263717166721e-15,4.98304800499865,mpmath_1792,2.910588815126426,8.340928899208869,1.000000000000001,53
orthog_10_4,10,Float64,false,diagonalcheap,realschur,0.002998641,0.00019330799999999997,0.0019528770000000004,0.002479837,4.0e-8,0.008247364,25,0,1.713471710815969e-79,2.718281828459045,3.0902779099594206,1.727233711018889e-77,1.096414021041115e-76,5.318759896967559e-76,4.98304800499865,mpmath_1792,2.910588815126426,8.340928899208869,1.000000000000001,256
orthog_10_4,10,Float64,false,diagonalcheap,realschur,0.009852311,0.0008086530000000001,0.007190145000000002,0.005810853,3.1e-8,0.024464306,65,0,1.909044032777944e-258,2.718281828459046,3.0899027041055307,1.331998346195134e-256,1.05975125281039e-255,5.058215438640292e-255,4.98304800499865,mpmath_1792,2.910588815126426,8.340928899208869,1.000000000000001,851
orthog_10_4,10,Float64,false,taylor,transfree,0.0,0.000207185,0.000560773,0.0008559250000000001,4.0e-8,0.001791791,20,0,2.775557561562891e-17,4.858273706230999,1,2.220446049250313e-16,5.84537025104041e-17,1.573211121843111e-16,4.98304800499865,mpmath_1792,2.910588815126426,8.340928899208869,1.000000000000001,53
orthog_10_4,10,Float64,false,taylor,transfree,0.0,0.000438152,0.0009324110000000002,0.0025202440000000005,3.0e-8,0.004059115,64,0,3.088534553680817e-84,4.858273706230998,1,1.727233711018889e-77,5.386838010059407e-78,1.545030489093993e-77,4.98304800499865,mpmath_1792,2.910588815126426,8.340928899208869,1.000000000000001,256
orthog_10_4,10,Float64,false,taylor,transfree,0.0,0.0007024999999999999,0.004249543000000001,0.007659214,0.00224381,0.01528385,90,5,1.608821298507611e-274,1.08335441946397,1,1.331998346195134e-256,3.523315378346384e-256,9.254385291678171e-256,4.98304800499865,mpmath_1792,2.910588815126426,8.340928899208869,1.000000000000001,851
orthog_10_4,10,Float64,false,taylor,complexschur,0.002954819,0.000493235,0.0011930449999999996,0.0035313230000000003,3.0e-8,0.009361149,20,0,1.387778780781446e-17,2.666666666666666,1,2.220446049250313e-16,7.846775616719795e-16,3.319575048938639e-15,4.98304800499865,mpmath_1792,2.910588815126426,8.340928899208869,1.000000000000001,53
orthog_10_4,10,Float64,false,taylor,complexschur,0.003059417,0.001084969,0.001590718,0.008839299,4.0e-8,0.016751195,56,0,2.510772278034319e-77,2.666666666666667,1,1.727233711018889e-77,1.045842623023258e-76,4.97427414407495e-76,4.98304800499865,mpmath_1792,2.910588815126426,8.340928899208869,1.000000000000001,256
orthog_10_4,10,Float64,false,taylor,complexschur,0.01097904,0.0019421990000000001,0.0063330600000000015,0.012144443999999999,0.004234568,0.038373938,90,5,7.953641907210839e-278,1.031743407499103,1,1.331998346195134e-256,1.073204905340574e-255,5.30796512855188e-255,4.98304800499865,mpmath_1792,2.910588815126426,8.340928899208869,1.000000000000001,851
orthog_10_4,10,Float64,false,taylor,realschur,0.001498464,0.000199168,0.000553993,0.0007281120000000002,3.0e-8,0.003330973,20,0,0,2.666666666666666,1,2.220446049250313e-16,7.121501551984165e-16,3.014263717166721e-15,4.98304800499865,mpmath_1792,2.910588815126426,8.340928899208869,1.000000000000001,53
orthog_10_4,10,Float64,false,taylor,realschur,0.002631104,0.000473288,0.000913843,0.001840885,4.0e-8,0.006261424,64,0,6.177069107361635e-84,2.666666666666667,1,1.727233711018889e-77,1.096414021041115e-76,5.318759896967559e-76,4.98304800499865,mpmath_1792,2.910588815126426,8.340928899208869,1.000000000000001,256
orthog_10_4,10,Float64,false,taylor,realschur,0.005482477,0.0008827910000000002,0.0036219560000000004,0.004719875000000001,0.00193324,0.017757446,90,5,1.840424533438241e-276,1.031743407499103,1,1.331998346195134e-256,1.05975125281039e-255,5.058215438640292e-255,4.98304800499865,mpmath_1792,2.910588815126426,8.340928899208869,1.000000000000001,851
orthog_10_-2,10,Float64,false,scaling_and_squaring,NaN,NaN,NaN,NaN,NaN,NaN,3.0438e-5,NaN,NaN,NaN,NaN,NaN,2.220446049250313e-16,4.511254515697433e-16,1.36956300344888e-14,25.02622090902918,mpmath_1792,4.984299072939971,9.691750313280313,1.414213562373096,53
orthog_10_-2,10,Float64,false,diagonalcheap,transfree,0.0,7.87e-5,0.0012626859999999996,0.001216849,3.0e-8,0.002770238,13,0,2.85069143458118e-16,25.02622090902917,31.52002109919369,2.220446049250313e-16,6.313806697923286e-16,1.845874742417233e-14,25.02622090902918,mpmath_1792,4.984299072939971,9.691750313280313,1.414213562373096,53
orthog_10_-2,10,Float64,false,diagonalcheap,transfree,0.0,0.00030467900000000003,0.002143149,0.002828969,3.0e-8,0.005460745,37,0,6.894538165568987e-84,25.02622090902921,31.349797094527858,1.727233711018889e-77,4.419341002100655e-77,1.073047124241565e-75,25.02622090902918,mpmath_1792,4.984299072939971,9.691750313280313,1.414213562373096,256
orthog_10_-2,10,Float64,false,diagonalcheap,transfree,0.0,0.0009521549999999999,0.008649668000000001,0.05171783,4.0e-8,0.061759638,81,0,1.355145310679052e-268,25.02622090902916,31.300998837062945,1.331998346195134e-256,3.617903248296373e-256,1.18891050087263e-254,25.02622090902918,mpmath_1792,4.984299072939971,9.691750313280313,1.414213562373096,851
orthog_10_-2,10,Float64,false,diagonalcheap,complexschur,0.001699225,0.000144214,0.0017795979999999999,0.0032609089999999998,4.0e-8,0.008010455,13,0,1.313453828405319e-16,17.03058032837802,20.78887231527153,2.220446049250313e-16,5.963344970558567e-15,2.006383305084351e-13,25.02622090902918,mpmath_1792,4.984299072939971,9.691750313280313,1.414213562373096,53
orthog_10_-2,10,Float64,false,diagonalcheap,complexschur,0.003395325,0.0006027550000000001,0.0036340709999999996,0.008990042000000002,4.0e-8,0.018927497,37,0,3.79085792386767e-83,19.42509585769737,20.69523132525116,1.727233711018889e-77,2.333444305376075e-76,6.231476484391746e-75,25.02622090902918,mpmath_1792,4.984299072939971,9.691750313280313,1.414213562373096,256
orthog_10_-2,10,Float64,false,diagonalcheap,complexschur,0.011525627,0.0014014890000000001,0.007950071999999999,0.027534104000000004,3.0e-8,0.050981249,81,0,3.525602157903868e-267,19.42509585769739,20.66817827482513,1.331998346195134e-256,2.523176959845361e-255,7.564849570780985e-254,25.02622090902918,mpmath_1792,4.984299072939971,9.691750313280313,1.414213562373096,851
orthog_10_-2,10,Float64,false,diagonalcheap,realschur,0.001595829,9.4801e-5,0.0011924429999999998,0.001000451,3.0e-8,0.004249967,13,0,4.217739672448132e-16,17.08654014390997,21.344251962393095,2.220446049250313e-16,5.916494451000597e-15,1.986108649572903e-13,25.02622090902918,mpmath_1792,4.984299072939971,9.691750313280313,1.414213562373096,53
orthog_10_-2,10,Float64,false,diagonalcheap,realschur,0.004984451,0.000428643,0.0033424309999999994,0.0031631450000000005,4.0e-8,0.012536216,37,0,3.03965617260726e-83,21.25105256591139,21.12514245454695,1.727233711018889e-77,2.085448874454598e-76,5.834212730857401e-75,25.02622090902918,mpmath_1792,4.984299072939971,9.691750313280313,1.414213562373096,256
orthog_10_-2,10,Float64,false,diagonalcheap,realschur,0.010242832,0.0006969120000000002,0.005999185000000001,0.005259454000000001,3.0e-8,0.023119794,81,0,1.513889025915155e-266,12.61406418867773,22.379679415948793,1.331998346195134e-256,2.52877149671637e-255,7.436798564102162e-254,25.02622090902918,mpmath_1792,4.984299072939971,9.691750313280313,1.414213562373096,851
orthog_10_-2,10,Float64,false,taylor,transfree,0.0,0.00041848600000000003,0.0008903810000000001,0.001980218,9.0e-8,0.003568503,30,0,1.110223024625157e-16,19.22528952299733,1,2.220446049250313e-16,1.445399263278414e-16,3.952006315840593e-15,25.02622090902918,mpmath_1792,4.984299072939971,9.691750313280313,1.414213562373096,53
orthog_10_-2,10,Float64,false,taylor,transfree,0.0,0.0008936860000000001,0.0018731829999999998,0.005839051999999999,4.0e-8,0.008902458,81,0,8.236092143148846e-84,19.22528952299733,1,1.727233711018889e-77,5.911437719534497e-78,1.714209854932689e-76,25.02622090902918,mpmath_1792,4.984299072939971,9.691750313280313,1.414213562373096,256
orthog_10_-2,10,Float64,false,taylor,transfree,0.0,0.0009819630000000002,0.0044880020000000005,0.0075298809999999996,0.001551485,0.014987097,90,6,1.838443084918912e-264,1.10813652146195,1,1.331998346195134e-256,2.234472010805741e-255,5.665643870891568e-254,25.02622090902918,mpmath_1792,4.984299072939971,9.691750313280313,1.414213562373096,851
orthog_10_-2,10,Float64,false,taylor,complexschur,0.001884717,0.000730355,0.0012673880000000004,0.007034261,4.01e-7,0.012898754,30,0,3.33066907387547e-16,13.26456171746443,1,2.220446049250313e-16,6.027636501801876e-15,2.036081770993074e-13,25.02622090902918,mpmath_1792,4.984299072939971,9.691750313280313,1.414213562373096,53
orthog_10_-2,10,Float64,false,taylor,complexschur,0.006304727,0.0012624350000000001,0.002002222,0.008822023,4.0e-8,0.019931582,81,0,1.647218428629769e-83,13.26456171746442,1,1.727233711018889e-77,2.323577186209067e-76,6.309202001387596e-75,25.02622090902918,mpmath_1792,4.984299072939971,9.691750313280313,1.414213562373096,256
orthog_10_-2,10,Float64,false,taylor,complexschur,0.010174011,0.0022354640000000004,0.006727486999999999,0.013392016,0.00604319,0.042820739,90,6,1.166091577363426e-264,1.049538286177975,1,1.331998346195134e-256,2.492696213761083e-255,7.280551173764961e-254,25.02622090902918,mpmath_1792,4.984299072939971,9.691750313280313,1.414213562373096,851
orthog_10_-2,10,Float64,false,taylor,realschur,0.002817729,0.0004928959999999999,0.0009348750000000002,0.0017116389999999998,5.0e-8,0.006536497,30,0,0,14.39351331404852,1,2.220446049250313e-16,5.951807966247096e-15,1.985289067616473e-13,25.02622090902918,mpmath_1792,4.984299072939971,9.691750313280313,1.414213562373096,53
orthog_10_-2,10,Float64,false,taylor,realschur,0.003842263,0.0004949590000000001,0.0012059990000000004,0.0022942550000000003,3.0e-8,0.008335211,81,0,2.470827642944654e-83,14.39351331404849,1,1.727233711018889e-77,2.019735290020024e-76,5.730578708196268e-75,25.02622090902918,mpmath_1792,4.984299072939971,9.691750313280313,1.414213562373096,256
orthog_10_-2,10,Float64,false,taylor,realschur,0.039198975,0.000642501,0.006745674000000002,0.003275908,0.001344793,0.051993971,90,6,2.601824102024645e-264,1.052771387760291,1,1.331998346195134e-256,2.530294154157556e-255,7.445956052732254e-254,25.02622090902918,mpmath_1792,4.984299072939971,9.691750313280313,1.414213562373096,851
randcolu_10,10,Float64,false,scaling_and_squaring,NaN,NaN,NaN,NaN,NaN,NaN,2.4867e-5,NaN,NaN,NaN,NaN,NaN,2.220446049250313e-16,2.229035312290405e-16,1.66957145593578e-15,5.230420331408254,mpmath_1792,2.024516036997656,26.20511010203469,6.829291539878757,53
randcolu_10,10,Float64,false,diagonalcheap,transfree,0.0,3.258e-6,0.001076514,0.000986704,3.0e-8,0.079779171,9,0,0,5.230420331408254,5.83925035629377,2.220446049250313e-16,1.510998252005397e-16,8.67893450905217e-16,5.230420331408254,mpmath_1792,2.024516036997656,26.20511010203469,6.829291539878757,53
randcolu_10,10,Float64,false,diagonalcheap,transfree,0.0,0.000295873,0.002282584,0.002696598,3.0e-8,0.00545796,31,0,2.718497291024125e-84,5.230420331408252,5.803418183460298,1.727233711018889e-77,1.431349494742167e-77,8.927199014817064e-77,5.230420331408254,mpmath_1792,2.024516036997656,26.20511010203469,6.829291539878757,256
randcolu_10,10,Float64,false,diagonalcheap,transfree,0.0,0.0005989970000000001,0.005493016000000001,0.008091949,6.0e-8,0.014404371,73,0,6.354936517275981e-281,5.230420331408252,5.795396589081544,1.331998346195134e-256,1.24748528583632e-256,7.390074587959336e-256,5.230420331408254,mpmath_1792,2.024516036997656,26.20511010203469,6.829291539878757,851
randcolu_10,10,Float64,false,diagonalcheap,complexschur,0.00328793,2.876e-6,0.001828257,0.004104472,4.0e-8,0.01096347,9,0,1.787615672151441e-17,4.840813450829472,6.647871396148441,2.220446049250313e-16,1.492166145928441e-15,1.22398327007802e-14,5.230420331408254,mpmath_1792,2.024516036997656,26.20511010203469,6.829291539878757,53
randcolu_10,10,Float64,false,diagonalcheap,complexschur,0.005601252,0.000571516,0.0031040229999999996,0.00672794,2.0e-7,0.017910075,31,0,0,4.977894926044371,4.699855991362816,1.727233711018889e-77,1.234542050334274e-76,7.787348138053571e-76,5.230420331408254,mpmath_1792,2.024516036997656,26.20511010203469,6.829291539878757,256
randcolu_10,10,Float64,false,diagonalcheap,complexschur,0.013466702,0.0011842180000000001,0.007740272000000001,0.02447595,4.0e-8,0.050226647,73,0,8.977600920991675e-282,5.218996398739886,3.8197289102272203,1.331998346195134e-256,8.58863590541841e-256,5.231726842236926e-255,5.230420331408254,mpmath_1792,2.024516036997656,26.20511010203469,6.829291539878757,851
randcolu_10,10,Float64,false,diagonalcheap,realschur,0.002129272,2.335e-6,0.0009739900000000001,0.000809136,4.0e-8,0.004283491,9,0,0,5.127774184271185,6.762303323439259,2.220446049250313e-16,1.482072076733716e-15,1.185998251149986e-14,5.230420331408254,mpmath_1792,2.024516036997656,26.20511010203469,6.829291539878757,53
randcolu_10,10,Float64,false,diagonalcheap,realschur,0.003906695,0.00024359299999999998,0.0020289799999999997,0.001830335,3.0e-8,0.008430322,31,0,5.449727387559584e-84,5.256634778755291,4.751396739117088,1.727233711018889e-77,1.236953538076795e-76,7.744167295278098e-76,5.230420331408254,mpmath_1792,2.024516036997656,26.20511010203469,6.829291539878757,256
randcolu_10,10,Float64,false,diagonalcheap,realschur,0.012424083,0.0008141280000000001,0.0069174180000000016,0.005213327,3.0e-8,0.026102316,73,0,6.368055416095995e-281,4.902851820673286,4.408117979626259,1.331998346195134e-256,8.299019050613988e-256,5.026723971767831e-255,5.230420331408254,mpmath_1792,2.024516036997656,26.20511010203469,6.829291539878757,851
randcolu_10,10,Float64,false,taylor,transfree,0.0,0.000195252,0.0005296840000000001,0.0008862230000000001,3.0e-8,0.001779157,20,0,0,5.108660532232958,1,2.220446049250313e-16,6.540679058365864e-17,4.950537602350227e-16,5.230420331408254,mpmath_1792,2.024516036997656,26.20511010203469,6.829291539878757,53
randcolu_10,10,Float64,false,taylor,transfree,0.0,0.00040994800000000004,0.000849568,0.0027485950000000004,3.1e-8,0.004165116,64,0,2.059023035787212e-84,5.108660532232958,1,1.727233711018889e-77,4.002759018808882e-78,1.956465757550858e-77,5.230420331408254,mpmath_1792,2.024516036997656,26.20511010203469,6.829291539878757,256
randcolu_10,10,Float64,false,taylor,transfree,0.0,0.000693297,0.06774622299999998,0.006276914,0.001265602,0.076337709,90,5,3.505843077900459e-269,1.086072680333179,1,1.331998346195134e-256,1.444722171760247e-255,1.11525880449832e-254,5.230420331408254,mpmath_1792,2.024516036997656,26.20511010203469,6.829291539878757,851
randcolu_10,10,Float64,false,taylor,complexschur,0.002068476,0.000304739,0.0008104120000000002,0.0026204509999999998,4.0e-8,0.00685943,20,0,2.775557561562891e-17,4.821806704076842,1,2.220446049250313e-16,1.506273001395294e-15,1.225371048858801e-14,5.230420331408254,mpmath_1792,2.024516036997656,26.20511010203469,6.829291539878757,53
randcolu_10,10,Float64,false,taylor,complexschur,0.003732745,0.0007552520000000002,0.00165723,0.006116138000000001,3.0e-8,0.013766059,64,0,4.118046071574423e-84,5.055568490427437,1,1.727233711018889e-77,1.238389649808888e-76,7.819733770135175e-76,5.230420331408254,mpmath_1792,2.024516036997656,26.20511010203469,6.829291539878757,256
randcolu_10,10,Float64,false,taylor,complexschur,0.013140983,0.001598002,0.008073218,0.013989781,0.003885996,0.04356948,90,5,3.611855923152204e-270,1.082447354015288,1,1.331998346195134e-256,8.55659904639833e-256,5.257742434936049e-255,5.230420331408254,mpmath_1792,2.024516036997656,26.20511010203469,6.829291539878757,851
randcolu_10,10,Float64,false,taylor,realschur,0.001996299,0.00019359900000000003,0.0005661750000000001,0.000793366,3.0e-8,0.003886737,20,0,0,5.047675753553974,1,2.220446049250313e-16,1.485824553117743e-15,1.180962127873795e-14,5.230420331408254,mpmath_1792,2.024516036997656,26.20511010203469,6.829291539878757,53
randcolu_10,10,Float64,false,taylor,realschur,0.003848245,0.00040648100000000004,0.00110597,0.0019075420000000001,4.0e-8,0.007714904,64,0,4.118046071574423e-84,5.206772862840502,1,1.727233711018889e-77,1.23617678146126e-76,7.614624766951682e-76,5.230420331408254,mpmath_1792,2.024516036997656,26.20511010203469,6.829291539878757,256
randcolu_10,10,Float64,false,taylor,realschur,0.00770209,0.000739373,0.005123378000000001,0.005105495999999999,0.002050562,0.021970633,90,5,2.621438303393065e-270,1.084668787361471,1,1.331998346195134e-256,8.272254953557825e-256,5.064186425254569e-255,5.230420331408254,mpmath_1792,2.024516036997656,26.20511010203469,6.829291539878757,851
randhess_10,10,Float64,false,scaling_and_squaring,NaN,NaN,NaN,NaN,NaN,NaN,2.5709e-5,NaN,NaN,NaN,NaN,NaN,2.220446049250313e-16,2.827710961647436e-15,6.571881477701126e-13,233.195291720674,mpmath_1792,6.029915749614516,79.14660129943327,30.51134246888734,53
randhess_10,10,Float64,false,diagonalcheap,transfree,0.0,0.000166866,0.001770637,0.00204163,4.0e-8,0.004134167,17,0,2.451514095677528e-14,233.1952917206727,34.792439901386274,2.220446049250313e-16,7.382676501561452e-15,1.681381283043453e-12,233.195291720674,mpmath_1792,6.029915749614516,79.14660129943327,30.51134246888734,53
randhess_10,10,Float64,false,diagonalcheap,transfree,0.0,0.000421139,0.003587742,0.004321783,1.1e-7,0.008490045,43,0,2.227734592448536e-82,233.1952917206763,32.69213036142824,1.727233711018889e-77,2.883135759369246e-76,6.236246646295803e-74,233.195291720674,mpmath_1792,6.029915749614516,79.14660129943327,30.51134246888734,256
randhess_10,10,Float64,false,diagonalcheap,transfree,0.0,0.000873326,0.008081330000000001,0.011882664999999999,4.1e-8,0.021048063,91,0,4.86966055413995e-256,233.1952917206736,32.01039044851408,1.331998346195134e-256,5.552748959876674e-255,1.284044814025634e-252,233.195291720674,mpmath_1792,6.029915749614516,79.14660129943327,30.51134246888734,851
randhess_10,10,Float64,false,diagonalcheap,complexschur,0.003238076,0.000244643,0.0022058769999999998,0.0052412890000000005,4.1e-8,0.011939934,17,0,1.606230757413537e-14,171.4017565080827,29.44486578847579,2.220446049250313e-16,5.442090263374785e-15,1.373812748009637e-12,233.195291720674,mpmath_1792,6.029915749614516,79.14660129943327,30.51134246888734,53
randhess_10,10,Float64,false,diagonalcheap,complexschur,0.003244929,0.00067885,0.003745872,0.011721508,4.0e-8,0.021538343,37,0,9.622186892118837e-76,171.4017565080798,23.619472803323827,1.727233711018889e-77,1.815535807673321e-76,3.707320117439719e-74,233.195291720674,mpmath_1792,6.029915749614516,79.14660129943327,30.51134246888734,256
randhess_10,10,Float64,false,diagonalcheap,complexschur,0.010481566,0.0019884259999999997,0.010306429999999998,0.023671722,4.0e-8,0.050090679,91,0,5.970481550325881e-258,171.4017565080817,28.242313353919084,1.331998346195134e-256,3.834843722208713e-255,9.390370502217997e-253,233.195291720674,mpmath_1792,6.029915749614516,79.14660129943327,30.51134246888734,851
randhess_10,10,Float64,false,diagonalcheap,realschur,0.002754629,0.00015418299999999998,0.0016582460000000002,0.001903225,4.0e-8,0.007023671,17,0,1.606230757413537e-14,171.4017565080827,20.842963674425818,2.220446049250313e-16,5.453758193227556e-15,1.361439060323184e-12,233.195291720674,mpmath_1792,6.029915749614516,79.14660129943327,30.51134246888734,53
randhess_10,10,Float64,false,diagonalcheap,realschur,0.055711449,0.000331099,0.003363295,0.002090658,3.0e-8,0.061861372,37,0,9.622186892118837e-76,171.4017565080798,23.03631562541182,1.727233711018889e-77,1.709670458805346e-76,3.458331903578004e-74,233.195291720674,mpmath_1792,6.029915749614516,79.14660129943327,30.51134246888734,256
randhess_10,10,Float64,false,diagonalcheap,realschur,0.006424775,0.0006990560000000001,0.007079044,0.009439147,4.0e-8,0.024686398,91,0,5.970481550325881e-258,171.4017565080817,27.131644069568225,1.331998346195134e-256,3.869720886105349e-255,9.218000290451048e-253,233.195291720674,mpmath_1792,6.029915749614516,79.14660129943327,30.51134246888734,851
randhess_10,10,Float64,false,taylor,transfree,0.0,0.00034001800000000004,0.0010395430000000002,0.001706259,0.000151378,0.003516385,25,1,6.106226635438361e-16,12.71578325679006,1,2.220446049250313e-16,2.63423124826068e-16,5.81064547623057e-14,233.195291720674,mpmath_1792,6.029915749614516,79.14660129943327,30.51134246888734,53
randhess_10,10,Float64,false,taylor,transfree,0.0,0.000848231,0.0017765130000000002,0.0033780520000000007,0.000116882,0.006320046,81,1,8.236092143148846e-84,12.71578325679006,1,1.727233711018889e-77,1.254227113113187e-77,2.575493418698341e-75,233.195291720674,mpmath_1792,6.029915749614516,79.14660129943327,30.51134246888734,256
randhess_10,10,Float64,false,taylor,transfree,0.0,0.0006863750000000001,0.003909635,0.0051641,0.002125986,0.012141937,90,7,1.174248536854386e-266,1.053150258421262,1,1.331998346195134e-256,3.792495983066873e-255,8.663983887913798e-253,233.195291720674,mpmath_1792,6.029915749614516,79.14660129943327,30.51134246888734,851
randhess_10,10,Float64,false,taylor,complexschur,0.003251171,0.000618051,0.0016531990000000004,0.006493265,0.000756125,0.014964715,25,1,2.220446049250313e-16,9.715336146781926,1,2.220446049250313e-16,5.662742424735389e-15,1.354084706923044e-12,233.195291720674,mpmath_1792,6.029915749614516,79.14660129943327,30.51134246888734,53
randhess_10,10,Float64,false,taylor,complexschur,0.004122846,0.001099054,0.0019618959999999994,0.007940371,0.000499679,0.017205749,81,1,0,9.715336146781908,1,1.727233711018889e-77,1.666668169555749e-76,3.70752416168091e-74,233.195291720674,mpmath_1792,6.029915749614516,79.14660129943327,30.51134246888734,256
randhess_10,10,Float64,false,taylor,complexschur,0.00989899,0.001768659,0.006323022000000001,0.012762135,0.008293412,0.042848052,90,7,6.943388455323613e-268,1.04100602790448,1,1.331998346195134e-256,3.496052224803212e-255,8.512052833334978e-253,233.195291720674,mpmath_1792,6.029915749614516,79.14660129943327,30.51134246888734,851
randhess_10,10,Float64,false,taylor,realschur,0.002811125,0.00031050199999999994,0.0009570849999999999,0.001072346,0.000101292,0.005628344,25,1,2.220446049250313e-16,9.715336146781926,1,2.220446049250313e-16,5.788927812878712e-15,1.388106855899159e-12,233.195291720674,mpmath_1792,6.029915749614516,79.14660129943327,30.51134246888734,53
randhess_10,10,Float64,false,taylor,realschur,0.003117618,0.000523203,0.0013776590000000003,0.002826412,0.000187596,0.00851896,81,1,0,9.715336146781908,1,1.727233711018889e-77,1.653468883826465e-76,3.734041919362177e-74,233.195291720674,mpmath_1792,6.029915749614516,79.14660129943327,30.51134246888734,256
randhess_10,10,Float64,false,taylor,realschur,0.008636894,0.0012210270000000002,0.007259558,0.006148654,0.00202813,0.026311713,90,7,6.943388455323613e-268,1.04100602790448,1,1.331998346195134e-256,3.636401297592178e-255,8.916930860302807e-253,233.195291720674,mpmath_1792,6.029915749614516,79.14660129943327,30.51134246888734,851
rando_10_1,10,Int64,false,scaling_and_squaring,NaN,NaN,NaN,NaN,NaN,NaN,2.4176e-5,NaN,NaN,NaN,NaN,NaN,2.220446049250313e-16,2.868584188272329e-16,4.509705980331342e-14,156.4571059991698,mpmath_1792,7.072218114872779,70.00000000000001,35.66011257102142,53
rando_10_1,10,Int64,false,diagonalcheap,transfree,0.0,7.134599999999999e-5,0.0010674570000000004,0.001000539,8.2276e-5,0.074623136,13,1,6.240355815700419e-17,15.13216175072152,7.636127254653282,2.220446049250313e-16,3.001536689439916e-16,4.600764751695307e-14,156.4571059991698,mpmath_1792,7.072218114872779,70.00000000000001,35.66011257102142,53
rando_10_1,10,Int64,false,diagonalcheap,transfree,0.0,0.000631787,0.002591881,0.002697489,3.0e-8,0.006129205,37,0,8.459543612538765e-78,156.4571059991696,59.31377010225515,1.727233711018889e-77,3.808815731977445e-77,5.645787702959803e-75,156.4571059991698,mpmath_1792,7.072218114872779,70.00000000000001,35.66011257102142,256
rando_10_1,10,Int64,false,diagonalcheap,transfree,0.0,0.0014843050000000002,0.005855437000000001,0.009243412999999999,4.0e-8,0.016801652,91,0,1.771628999584032e-264,156.4571059991699,58.1887224726578,1.331998346195134e-256,5.911461679452986e-256,8.701298296395725e-254,156.4571059991698,mpmath_1792,7.072218114872779,70.00000000000001,35.66011257102142,851
rando_10_1,10,Int64,false,diagonalcheap,complexschur,0.003167072,0.000190442,0.002501797,0.0056567679999999995,0.000726449,0.014165188,13,1,0,9.878462117836389,4.85056688465843,2.220446049250313e-16,3.791486991797639e-15,5.993203936961916e-13,156.4571059991698,mpmath_1792,7.072218114872779,70.00000000000001,35.66011257102142,53
rando_10_1,10,Int64,false,diagonalcheap,complexschur,0.00342957,0.0005632889999999999,0.0031613779999999994,0.008431907,5.0e-8,0.017658819,37,0,8.893102528875178e-80,97.58401381352884,26.49763208533327,1.727233711018889e-77,5.616024404936339e-76,7.54278685079851e-74,156.4571059991698,mpmath_1792,7.072218114872779,70.00000000000001,35.66011257102142,256
rando_10_1,10,Int64,false,diagonalcheap,complexschur,0.01169531,0.005486516999999999,0.017220908000000004,0.089674023,4.0e-8,0.128385094,91,0,2.044818770081153e-267,97.58401381352735,20.73238171409614,1.331998346195134e-256,2.796007689791932e-255,3.981204884647666e-253,156.4571059991698,mpmath_1792,7.072218114872779,70.00000000000001,35.66011257102142,851
rando_10_1,10,Int64,false,diagonalcheap,realschur,0.003348646,0.000158932,0.0024032730000000005,0.00195069,0.000200721,0.008843246,13,1,0,9.878462117836389,5.482928173472345,2.220446049250313e-16,3.8417585267695e-15,6.374776391010493e-13,156.4571059991698,mpmath_1792,7.072218114872779,70.00000000000001,35.66011257102142,53
rando_10_1,10,Int64,false,diagonalcheap,realschur,0.006305549,0.000634133,0.004652441,0.004267849000000001,5.0e-8,0.01663747,37,0,8.893102528875178e-80,97.58401381352884,29.609507864888695,1.727233711018889e-77,5.578374612558908e-76,7.55908755699615e-74,156.4571059991698,mpmath_1792,7.072218114872779,70.00000000000001,35.66011257102142,256
rando_10_1,10,Int64,false,diagonalcheap,realschur,0.011861445,0.001360163,0.012459077999999997,0.011939594000000001,4.0e-8,0.03901724,91,0,2.044818770081153e-267,97.58401381352735,25.01538388200853,1.331998346195134e-256,2.867058899649355e-255,4.162356659730205e-253,156.4571059991698,mpmath_1792,7.072218114872779,70.00000000000001,35.66011257102142,851
rando_10_1,10,Int64,false,taylor,transfree,0.0,0.000405119,0.0011542420000000002,0.001836616,0.000171385,0.004002146,25,1,5.551115123125783e-17,11.95833333333333,1,2.220446049250313e-16,1.14728654031029e-16,1.63237189116606e-14,156.4571059991698,mpmath_1792,7.072218114872779,70.00000000000001,35.66011257102142,53
rando_10_1,10,Int64,false,taylor,transfree,0.0,0.001967093,0.0020180809999999997,0.005901320999999999,0.0002375,0.010574652,72,1,2.104259771883457e-78,11.95833333333333,1,1.727233711018889e-77,6.784404414614605e-78,1.039754147328614e-75,156.4571059991698,mpmath_1792,7.072218114872779,70.00000000000001,35.66011257102142,256
rando_10_1,10,Int64,false,taylor,transfree,0.0,0.002840354,0.00940239,0.009246945,0.002062235,0.024145892,90,7,1.411278810199268e-270,1.055737447942741,1,1.331998346195134e-256,3.379524999493802e-255,5.186515506313986e-253,156.4571059991698,mpmath_1792,7.072218114872779,70.00000000000001,35.66011257102142,851
rando_10_1,10,Int64,false,taylor,complexschur,0.00179639,0.00035691900000000003,0.0009413929999999999,0.0036028499999999995,0.000388007,0.008407719,25,1,0,7.915658053081557,1,2.220446049250313e-16,3.787560677755527e-15,5.983977886342438e-13,156.4571059991698,mpmath_1792,7.072218114872779,70.00000000000001,35.66011257102142,53
rando_10_1,10,Int64,false,taylor,complexschur,0.003380717,0.0015731760000000001,0.0021962599999999994,0.012368997999999999,0.000940075,0.023176953,72,1,4.328890030439034e-80,7.915658053081566,1,1.727233711018889e-77,6.012567623034398e-76,8.859440587060785e-74,156.4571059991698,mpmath_1792,7.072218114872779,70.00000000000001,35.66011257102142,256
rando_10_1,10,Int64,false,taylor,complexschur,0.009949055,0.001499128,0.006086904999999999,0.012215686000000002,0.009760016,0.043344835,90,7,1.811344130410231e-272,1.048480628776046,1,1.331998346195134e-256,2.61311024050504e-255,3.437749559400052e-253,156.4571059991698,mpmath_1792,7.072218114872779,70.00000000000001,35.66011257102142,851
rando_10_1,10,Int64,false,taylor,realschur,0.002666642,0.00022592699999999998,0.0007717440000000001,0.00107528,0.000107805,0.005322222,25,1,0,7.915658053081557,1,2.220446049250313e-16,3.788019275081478e-15,6.019505023130443e-13,156.4571059991698,mpmath_1792,7.072218114872779,70.00000000000001,35.66011257102142,53
rando_10_1,10,Int64,false,taylor,realschur,0.003105405,0.00045924099999999994,0.0011153309999999998,0.0020919529999999997,0.000128554,0.00736528,72,1,4.328890030439034e-80,7.915658053081566,1,1.727233711018889e-77,5.998401807923597e-76,8.66599041142667e-74,156.4571059991698,mpmath_1792,7.072218114872779,70.00000000000001,35.66011257102142,256
rando_10_1,10,Int64,false,taylor,realschur,0.009363313,0.000939022,0.005354886999999999,0.004379631,0.001645483,0.022473618,90,7,1.811344130410231e-272,1.045232342613291,1,1.331998346195134e-256,2.629335342353573e-255,3.421338820468343e-253,156.4571059991698,mpmath_1792,7.072218114872779,70.00000000000001,35.66011257102142,851
rando_10_2,10,Int64,false,scaling_and_squaring,NaN,NaN,NaN,NaN,NaN,NaN,3.3344e-5,NaN,NaN,NaN,NaN,NaN,2.220446049250313e-16,2.608340929835393e-16,1.498122106097217e-14,73.18492811885666,mpmath_1792,9.84560405230971,31.11111111111111,11.505131412608067,53
rando_10_2,10,Int64,false,diagonalcheap,transfree,0.0,3.1249999999999997e-6,0.0012229609999999998,0.001026731,9.9399e-5,0.002631766,9,1,1.31744404743187e-15,12.47593446618573,17.716121273949298,2.220446049250313e-16,5.73081359335113e-16,3.043903641240517e-14,73.18492811885666,mpmath_1792,9.84560405230971,31.11111111111111,11.505131412608067,53
rando_10_2,10,Int64,false,diagonalcheap,transfree,0.0,0.000374722,0.002646274999999999,0.00328795,3.0e-8,0.006502663,37,0,1.311406063986612e-82,73.18492811885676,134.27888153550919,1.727233711018889e-77,1.410658761268567e-76,9.195670083211529e-75,73.18492811885666,mpmath_1792,9.84560405230971,31.11111111111111,11.505131412608067,256
rando_10_2,10,Int64,false,diagonalcheap,transfree,0.0,0.000717579,0.043413535999999996,0.007751914999999999,4.0e-8,0.052120573,91,0,6.93090305633673e-280,73.18492811885662,133.91045746028087,1.331998346195134e-256,7.747334584267594e-256,5.803025136584434e-254,73.18492811885666,mpmath_1792,9.84560405230971,31.11111111111111,11.505131412608067,851
rando_10_2,10,Int64,false,diagonalcheap,complexschur,0.002754829,0.00010768500000000001,0.001749989,0.003825854,3.0e-8,0.009683881,13,0,5.408369849333156e-16,37.04141771903173,67.03345675489993,2.220446049250313e-16,2.623473135557528e-15,1.763264866731596e-13,73.18492811885666,mpmath_1792,9.84560405230971,31.11111111111111,11.505131412608067,53
rando_10_2,10,Int64,false,diagonalcheap,complexschur,0.003953895,0.000902479,0.0052054410000000025,0.011768550000000001,4.0e-8,0.023230395,37,0,1.281457712688466e-83,37.04141771903189,67.16537390135478,1.727233711018889e-77,2.603010087705185e-76,1.643647818830878e-74,73.18492811885666,mpmath_1792,9.84560405230971,31.11111111111111,11.505131412608067,256
rando_10_2,10,Int64,false,diagonalcheap,complexschur,0.007774678,0.001711099,0.011152441000000004,0.022743411999999998,4.0e-8,0.045636986,91,0,0,37.04141771903176,66.9787559515599,1.331998346195134e-256,1.830626762887144e-255,1.133461205483153e-253,73.18492811885666,mpmath_1792,9.84560405230971,31.11111111111111,11.505131412608067,851
rando_10_2,10,Int64,false,diagonalcheap,realschur,0.002567604,7.1115e-5,0.0011716659999999998,0.000968016,4.0e-8,0.005129106,13,0,5.408369849333156e-16,37.04141771903173,62.020392084011654,2.220446049250313e-16,2.674633338052516e-15,1.817110683425916e-13,73.18492811885666,mpmath_1792,9.84560405230971,31.11111111111111,11.505131412608067,53
rando_10_2,10,Int64,false,diagonalcheap,realschur,0.003859576,0.00031977799999999995,0.00246999,0.002200356,3.0e-8,0.009287109,37,0,1.281457712688466e-83,37.0414177190319,63.17082621104165,1.727233711018889e-77,2.584893527941963e-76,1.602194209766425e-74,73.18492811885666,mpmath_1792,9.84560405230971,31.11111111111111,11.505131412608067,256
rando_10_2,10,Int64,false,diagonalcheap,realschur,0.01132717,0.0010878630000000001,0.009040401,0.006339381,4.0e-8,0.028505779,91,0,0,37.04141771903176,62.94234523570542,1.331998346195134e-256,1.914333468971558e-255,1.190737134369544e-253,73.18492811885666,mpmath_1792,9.84560405230971,31.11111111111111,11.505131412608067,851
rando_10_2,10,Int64,false,taylor,transfree,0.0,0.00019341800000000002,0.0005913909999999999,0.000983406,8.456e-5,0.002067625,25,1,5.551115123125783e-17,11.33333333333333,1,2.220446049250313e-16,9.754855793048919e-17,4.41801068332239e-15,73.18492811885666,mpmath_1792,9.84560405230971,31.11111111111111,11.505131412608067,53
rando_10_2,10,Int64,false,taylor,transfree,0.0,0.000455275,0.0009930730000000001,0.0034824630000000003,0.00022672,0.005384,72,1,2.059023035787212e-84,11.33333333333333,1,1.727233711018889e-77,6.744389300931204e-78,4.042073285192397e-76,73.18492811885666,mpmath_1792,9.84560405230971,31.11111111111111,11.505131412608067,256
rando_10_2,10,Int64,false,taylor,transfree,0.0,0.0010073,0.006285948,0.00896663,0.001786702,0.018601048,90,7,3.060947037017505e-279,1.078926447436868,1,1.331998346195134e-256,2.191716435077193e-255,1.60443412300696e-253,73.18492811885666,mpmath_1792,9.84560405230971,31.11111111111111,11.505131412608067,851
rando_10_2,10,Int64,false,taylor,complexschur,0.002689786,0.000310088,0.0009051090000000002,0.003053365,0.000377035,0.008472522,25,1,0,6.212946515421208,1,2.220446049250313e-16,2.827591382342521e-15,1.906761192664397e-13,73.18492811885666,mpmath_1792,9.84560405230971,31.11111111111111,11.505131412608067,53
rando_10_2,10,Int64,false,taylor,complexschur,0.004849245,0.001451074,0.00260892,0.012027783,0.00047411,0.023930724,72,1,2.059023035787212e-84,5.818579576384978,1,1.727233711018889e-77,2.652563047626919e-76,1.705828232427558e-74,73.18492811885666,mpmath_1792,9.84560405230971,31.11111111111111,11.505131412608067,256
rando_10_2,10,Int64,false,taylor,complexschur,0.008425462,0.001682294,0.009398070000000001,0.013764417,0.034885758,0.070814708,90,7,3.443135024766597e-282,1.046776844975411,1,1.331998346195134e-256,1.63269912332006e-255,9.529727915110363e-254,73.18492811885666,mpmath_1792,9.84560405230971,31.11111111111111,11.505131412608067,851
rando_10_2,10,Int64,false,taylor,realschur,0.00245506,0.000195952,0.0006473680000000002,0.000837821,0.000108456,0.00462034,25,1,0,5.792784091762085,1,2.220446049250313e-16,2.764734507715304e-15,1.872066723144861e-13,73.18492811885666,mpmath_1792,9.84560405230971,31.11111111111111,11.505131412608067,53
rando_10_2,10,Int64,false,taylor,realschur,0.00385637,0.000493686,0.0014299830000000003,0.001999144,0.000134244,0.008396268,72,1,2.059023035787212e-84,5.551495589730182,1,1.727233711018889e-77,2.652800765978578e-76,1.695464830161445e-74,73.18492811885666,mpmath_1792,9.84560405230971,31.11111111111111,11.505131412608067,256
rando_10_2,10,Int64,false,taylor,realschur,0.007662545,0.0007503829999999999,0.006302041,0.0051056700000000005,0.002890216,0.023803502,90,7,3.443135024766597e-282,1.045137861118914,1,1.331998346195134e-256,1.648536094469286e-255,9.889367468583049e-254,73.18492811885666,mpmath_1792,9.84560405230971,31.11111111111111,11.505131412608067,851
rando_10_3,10,Int64,false,scaling_and_squaring,NaN,NaN,NaN,NaN,NaN,NaN,3.1249e-5,NaN,NaN,NaN,NaN,NaN,2.220446049250313e-16,4.244779906295134e-16,1.128117795734468e-14,25.71130195497057,mpmath_1792,7.902936379803007,56.67567567567567,23.036287539556202,53
rando_10_3,10,Int64,false,diagonalcheap,transfree,0.0,6.645699999999999e-5,0.0010874749999999999,0.00105453,3.0e-8,0.00238083,13,0,0,25.71130195497056,43.064514903362294,2.220446049250313e-16,4.40331975494294e-16,1.136765228023425e-14,25.71130195497057,mpmath_1792,7.902936379803007,56.67567567567567,23.036287539556202,53
rando_10_3,10,Int64,false,diagonalcheap,transfree,0.0,0.000291813,0.0020071299999999998,0.002591279,4.0e-8,0.005075695,31,0,7.691233921888258e-79,25.71130195497054,43.07697959506734,1.727233711018889e-77,6.748779117531435e-77,1.608661805218063e-75,25.71130195497057,mpmath_1792,7.902936379803007,56.67567567567567,23.036287539556202,256
rando_10_3,10,Int64,false,diagonalcheap,transfree,0.0,0.000637891,0.005594331,0.007429242,4.1e-8,0.013896889,81,0,1.2045464053059e-276,25.71130195497055,43.07549510878537,1.331998346195134e-256,5.007222265084434e-256,1.255599437760578e-254,25.71130195497057,mpmath_1792,7.902936379803007,56.67567567567567,23.036287539556202,851
rando_10_3,10,Int64,false,diagonalcheap,complexschur,0.003920001,0.0001788,0.0022739049999999997,0.005372488000000001,3.0e-8,0.01316539,13,0,5.244123440206875e-16,32.62875751137992,26.22893395866905,2.220446049250313e-16,3.478025656576065e-15,7.457403846631847e-14,25.71130195497057,mpmath_1792,7.902936379803007,56.67567567567567,23.036287539556202,53
rando_10_3,10,Int64,false,diagonalcheap,complexschur,0.005423495,0.0006562839999999999,0.004055448,0.010202876999999999,5.0e-8,0.022515318,31,0,1.814991186555886e-78,32.27490032397355,32.725906036454944,1.727233711018889e-77,3.107344898933171e-76,8.118017125908737e-75,25.71130195497057,mpmath_1792,7.902936379803007,56.67567567567567,23.036287539556202,256
rando_10_3,10,Int64,false,diagonalcheap,complexschur,0.011201883,0.001705766,0.010547021000000002,0.028382522999999996,1.5e-7,0.055614655,81,0,1.046536437840708e-277,32.28123555303238,24.47308667816333,1.331998346195134e-256,1.152134738246188e-255,2.685479429641557e-254,25.71130195497057,mpmath_1792,7.902936379803007,56.67567567567567,23.036287539556202,851
rando_10_3,10,Int64,false,diagonalcheap,realschur,0.003752312,9.703299999999999e-5,0.001551185,0.001620817,7.0e-8,0.007570059,13,0,2.839539319761163e-16,36.70452077520811,34.52701363119371,2.220446049250313e-16,3.358130382121682e-15,7.196756533791642e-14,25.71130195497057,mpmath_1792,7.902936379803007,56.67567567567567,23.036287539556202,53
rando_10_3,10,Int64,false,diagonalcheap,realschur,0.005206302,0.000343442,0.002693423,0.002938548,5.0e-8,0.011792514,31,0,1.104109863219411e-78,35.64049467472186,29.571496204269888,1.727233711018889e-77,3.150568189841132e-76,8.117397220659643e-75,25.71130195497057,mpmath_1792,7.902936379803007,56.67567567567567,23.036287539556202,256
rando_10_3,10,Int64,false,diagonalcheap,realschur,0.011061797,0.0008609860000000001,0.007627075000000001,0.008092331000000001,4.0e-8,0.028416178,81,0,7.053390946228621e-277,35.64049467472188,29.55801716792544,1.331998346195134e-256,1.224096627898722e-255,2.878619189839851e-254,25.71130195497057,mpmath_1792,7.902936379803007,56.67567567567567,23.036287539556202,851
rando_10_3,10,Int64,false,taylor,transfree,0.0,0.00027920999999999995,0.0006025549999999998,0.001312792,4.0e-8,0.002393574,30,0,0,22.83333333333333,1,2.220446049250313e-16,8.295496789736826e-17,1.585687196607732e-15,25.71130195497057,mpmath_1792,7.902936379803007,56.67567567567567,23.036287539556202,53
rando_10_3,10,Int64,false,taylor,transfree,0.0,0.0008421780000000001,0.0016120349999999995,0.004809020000000001,4.0e-8,0.007516217,72,0,8.595078691392275e-78,22.83333333333333,1,1.727233711018889e-77,5.562132907793598e-78,1.255830520103479e-76,25.71130195497057,mpmath_1792,7.902936379803007,56.67567567567567,23.036287539556202,256
rando_10_3,10,Int64,false,taylor,transfree,0.0,0.0010479689999999995,0.005963609999999999,0.00653765,0.001561414,0.015569814,90,6,7.367145654562646e-269,1.111331198733918,1,1.331998346195134e-256,2.693477111153752e-255,5.954869076802322e-254,25.71130195497057,mpmath_1792,7.902936379803007,56.67567567567567,23.036287539556202,851
rando_10_3,10,Int64,false,taylor,complexschur,0.00248646,0.000465465,0.0009265169999999999,0.004438095,4.0e-8,0.009555157,30,0,5.551115123125783e-17,29.48845962298088,1,2.220446049250313e-16,3.277036543505554e-15,7.279768162691822e-14,25.71130195497057,mpmath_1792,7.902936379803007,56.67567567567567,23.036287539556202,53
rando_10_3,10,Int64,false,taylor,complexschur,0.00615291,0.001808695,0.0024092789999999994,0.047847354,3.0e-8,0.060170222,72,0,2.401644468942204e-78,27.90054713145035,1,1.727233711018889e-77,3.171647054723188e-76,8.251877738512701e-75,25.71130195497057,mpmath_1792,7.902936379803007,56.67567567567567,23.036287539556202,256
rando_10_3,10,Int64,false,taylor,complexschur,0.008840251,0.001578656,0.010400392000000001,0.016410228000000002,0.005802144,0.046405766,90,6,1.300281663163784e-270,1.141897612368077,1,1.331998346195134e-256,1.105161745740951e-255,2.57225957021497e-254,25.71130195497057,mpmath_1792,7.902936379803007,56.67567567567567,23.036287539556202,851
rando_10_3,10,Int64,false,taylor,realschur,0.00225479,0.00026027499999999997,0.000695628,0.001022973,3.0e-8,0.004591535,30,0,0,32.45770125705684,1,2.220446049250313e-16,3.240435195922452e-15,7.179848090475558e-14,25.71130195497057,mpmath_1792,7.902936379803007,56.67567567567567,23.036287539556202,53
rando_10_3,10,Int64,false,taylor,realschur,0.003264586,0.00045864,0.001092211,0.00204764,4.0e-8,0.007271703,72,0,2.645420442241195e-78,28.58773126253771,1,1.727233711018889e-77,3.182881908057082e-76,8.440793925655392e-75,25.71130195497057,mpmath_1792,7.902936379803007,56.67567567567567,23.036287539556202,256
rando_10_3,10,Int64,false,taylor,realschur,0.006762677,0.00066401,0.0055247989999999995,0.0052260069999999995,0.002731214,0.022324956,90,6,1.635308488460332e-270,1.152641566048839,1,1.331998346195134e-256,1.09253377961432e-255,2.592239545407897e-254,25.71130195497057,mpmath_1792,7.902936379803007,56.67567567567567,23.036287539556202,851
randsvd_10_1.0,10,Float64,false,scaling_and_squaring,NaN,NaN,NaN,NaN,NaN,NaN,2.5158e-5,NaN,NaN,NaN,NaN,NaN,2.220446049250313e-16,2.346869276795899e-16,1.320689293538623e-15,4.961879491418859,mpmath_1792,1.677338446725401,7.669719968236634,1.0000000000000009,53
randsvd_10_1.0,10,Float64,false,diagonalcheap,transfree,0.0,3.857e-6,0.001168818,0.0015586410000000001,4.0e-8,0.095892951,9,0,9.15398949195008e-17,4.73670902414235,6.1026238349843,2.220446049250313e-16,2.058919455708697e-16,1.413360963768603e-15,4.961879491418859,mpmath_1792,1.677338446725401,7.669719968236634,1.0000000000000009,53
randsvd_10_1.0,10,Float64,false,diagonalcheap,transfree,0.0,0.000276504,0.002389715,0.00314568,3.0e-8,0.006043893,25,0,1.540823518721808e-77,4.736709024142352,6.091203378558494,1.727233711018889e-77,1.535184315460625e-77,7.812118687784224e-77,4.961879491418859,mpmath_1792,1.677338446725401,7.669719968236634,1.0000000000000009,256
randsvd_10_1.0,10,Float64,false,diagonalcheap,transfree,0.0,0.000720229,0.006809044,0.011127364,5.0e-8,0.018958907,73,0,5.412108372310804e-281,4.736709024142351,6.087169212578974,1.331998346195134e-256,1.080196265306609e-256,5.204905327360304e-256,4.961879491418859,mpmath_1792,1.677338446725401,7.669719968236634,1.0000000000000009,851
randsvd_10_1.0,10,Float64,false,diagonalcheap,complexschur,0.002330714,3.5369999999999998e-6,0.0013354840000000003,0.002738547,5.0e-8,0.007820354,9,0,1.152326151600876e-17,2.71764519252695,2.7013521978279074,2.220446049250313e-16,1.081357743615207e-15,5.90268721110848e-15,4.961879491418859,mpmath_1792,1.677338446725401,7.669719968236634,1.0000000000000009,53
randsvd_10_1.0,10,Float64,false,diagonalcheap,complexschur,0.002909723,0.000406822,0.002579668,0.007903232,1.2e-7,0.016229226,25,0,1.392940770712832e-80,2.717645192526945,2.7006958385407303,1.727233711018889e-77,8.444628311503311e-77,5.691199894808387e-76,4.961879491418859,mpmath_1792,1.677338446725401,7.669719968236634,1.0000000000000009,256
randsvd_10_1.0,10,Float64,false,diagonalcheap,complexschur,0.010313957,0.00116999,0.006220296000000001,0.022556427,4.0e-8,0.044071855,65,0,3.381233149524274e-260,2.717645192526946,2.7004790935671643,1.331998346195134e-256,1.414289471362489e-255,1.038393890507201e-254,4.961879491418859,mpmath_1792,1.677338446725401,7.669719968236634,1.0000000000000009,851
randsvd_10_1.0,10,Float64,false,diagonalcheap,realschur,0.00231824,2.0440000000000003e-6,0.0009667430000000002,0.0008124240000000001,3.0e-8,0.004484211,9,0,1.291674459093199e-17,2.996988884428853,3.416912563636254,2.220446049250313e-16,1.122802359715658e-15,6.367593102670265e-15,4.961879491418859,mpmath_1792,1.677338446725401,7.669719968236634,1.0000000000000009,53
randsvd_10_1.0,10,Float64,false,diagonalcheap,realschur,0.002770218,0.00018840700000000003,0.0017058600000000002,0.001637557,4.0e-8,0.006704526,25,0,2.003915617582335e-79,2.996988884428852,3.415799448501893,1.727233711018889e-77,8.691210261506846e-77,5.515823848243379e-76,4.961879491418859,mpmath_1792,1.677338446725401,7.669719968236634,1.0000000000000009,256
randsvd_10_1.0,10,Float64,false,diagonalcheap,realschur,0.00831873,0.000803617,0.04867693600000002,0.005098278,4.0e-8,0.063600013,65,0,6.334770229218115e-259,2.996988884428853,3.415390435637629,1.331998346195134e-256,1.375765290943218e-255,9.751239690629325e-255,4.961879491418859,mpmath_1792,1.677338446725401,7.669719968236634,1.0000000000000009,851
randsvd_10_1.0,10,Float64,false,taylor,transfree,0.0,0.000204749,0.0005613649999999999,0.000893493,3.0e-8,0.001828631,20,0,1.387778780781446e-17,4.91437719247263,1,2.220446049250313e-16,6.099080552640874e-17,3.238551390304841e-16,4.961879491418859,mpmath_1792,1.677338446725401,7.669719968236634,1.0000000000000009,53
randsvd_10_1.0,10,Float64,false,taylor,transfree,0.0,0.00043149,0.0009782490000000003,0.002738917,4.0e-8,0.004315942,64,0,4.118046071574423e-84,4.914377192472629,1,1.727233711018889e-77,4.164735818717669e-78,1.809049030491273e-77,4.961879491418859,mpmath_1792,1.677338446725401,7.669719968236634,1.0000000000000009,256
randsvd_10_1.0,10,Float64,false,taylor,transfree,0.0,0.0006150950000000002,0.003397379,0.005931347,0.001299196,0.011577677,90,5,3.03631842991075e-274,1.086528498425399,1,1.331998346195134e-256,1.428683441911216e-255,7.764424731795779e-255,4.961879491418859,mpmath_1792,1.677338446725401,7.669719968236634,1.0000000000000009,851
randsvd_10_1.0,10,Float64,false,taylor,complexschur,0.001724193,0.000541188,0.0011265010000000005,0.0046745499999999995,4.0e-8,0.009928296,20,0,2.775557561562891e-17,2.666161623157119,1,2.220446049250313e-16,1.081357743615207e-15,5.90268721110848e-15,4.961879491418859,mpmath_1792,1.677338446725401,7.669719968236634,1.0000000000000009,53
randsvd_10_1.0,10,Float64,false,taylor,complexschur,0.005466165,0.001247339,0.0019684329999999995,0.0075186,3.0e-8,0.017844692,56,0,2.510772278034319e-77,2.666161623157117,1,1.727233711018889e-77,8.444628311503311e-77,5.691199894808387e-76,4.961879491418859,mpmath_1792,1.677338446725401,7.669719968236634,1.0000000000000009,256
randsvd_10_1.0,10,Float64,false,taylor,complexschur,0.006112503,0.002325556,0.009194593,0.014878934000000002,0.0037038,0.039240235,90,5,7.953641907210839e-278,1.031735855400325,1,1.331998346195134e-256,1.414289471362489e-255,1.038393890507201e-254,4.961879491418859,mpmath_1792,1.677338446725401,7.669719968236634,1.0000000000000009,851
randsvd_10_1.0,10,Float64,false,taylor,realschur,0.001833099,0.00020587199999999996,0.0006137229999999999,0.001160442,4.0e-8,0.004348334,20,0,1.387778780781446e-17,3.036676624126814,1,2.220446049250313e-16,1.122802359715658e-15,6.367593102670265e-15,4.961879491418859,mpmath_1792,1.677338446725401,7.669719968236634,1.0000000000000009,53
randsvd_10_1.0,10,Float64,false,taylor,realschur,0.005304078,0.001116009,0.0018182130000000004,0.0027820099999999997,4.0e-8,0.011645485,64,0,1.029511517893606e-84,3.036676624126812,1,1.727233711018889e-77,8.691210261506846e-77,5.515823848243379e-76,4.961879491418859,mpmath_1792,1.677338446725401,7.669719968236634,1.0000000000000009,256
randsvd_10_1.0,10,Float64,false,taylor,realschur,0.005515679,0.0005683589999999999,0.00324749,0.003562047,0.001345103,0.015220681,90,5,1.862987397255537e-276,1.044618735061672,1,1.331998346195134e-256,1.375765290943218e-255,9.751239690629325e-255,4.961879491418859,mpmath_1792,1.677338446725401,7.669719968236634,1.0000000000000009,851
randsvd_10_2.0,10,Float64,false,scaling_and_squaring,NaN,NaN,NaN,NaN,NaN,NaN,2.8494e-5,NaN,NaN,NaN,NaN,NaN,2.220446049250313e-16,1.426347348938211e-16,5.480243371649527e-16,3.275008753037591,mpmath_1792,1.265158665962183,10.126716709385027,1.9999999999999991,53
randsvd_10_2.0,10,Float64,false,diagonalcheap,transfree,0.0,2.004e-6,0.0008778669999999998,0.0009067000000000001,3.0e-8,0.001977493,9,0,2.798468932909867e-17,2.719136690197181,4.333128835286925,2.220446049250313e-16,1.651490061929809e-16,7.759255579137344e-16,3.275008753037591,mpmath_1792,1.265158665962183,10.126716709385027,1.9999999999999991,53
randsvd_10_2.0,10,Float64,false,diagonalcheap,transfree,0.0,0.000184812,0.001776462,0.0023746369999999998,4.0e-8,0.004513217,25,0,3.348795066427756e-81,2.71913669019718,4.33366760130287,1.727233711018889e-77,1.373573046647322e-77,6.719439019869005e-77,3.275008753037591,mpmath_1792,1.265158665962183,10.126716709385027,1.9999999999999991,256
randsvd_10_2.0,10,Float64,false,diagonalcheap,transfree,0.0,0.0004294849999999999,0.004028809,0.00728172,3.0e-8,0.011943811,65,0,6.329736550715982e-268,2.71913669019718,4.333836627787778,1.331998346195134e-256,7.501468712582041e-257,3.012735064305811e-256,3.275008753037591,mpmath_1792,1.265158665962183,10.126716709385027,1.9999999999999991,851
randsvd_10_2.0,10,Float64,false,diagonalcheap,complexschur,0.002385398,3.516e-6,0.002306238,0.0071932639999999996,4.0e-8,0.014170237,9,0,0,2.025554087799194,2.3974820438322917,2.220446049250313e-16,1.884349071319894e-15,7.168130695509245e-15,3.275008753037591,mpmath_1792,1.265158665962183,10.126716709385027,1.9999999999999991,53
randsvd_10_2.0,10,Float64,false,diagonalcheap,complexschur,0.007410245,0.00044269999999999997,0.0035858540000000003,0.006417523,3.0e-8,0.019699102,25,0,5.829197227279648e-81,2.025554087799195,2.593771810765553,1.727233711018889e-77,1.166769297332584e-76,5.603005232510529e-76,3.275008753037591,mpmath_1792,1.265158665962183,10.126716709385027,1.9999999999999991,256
randsvd_10_2.0,10,Float64,false,diagonalcheap,complexschur,0.015231702,0.001753338,0.007845772,0.028074428999999998,3.0e-8,0.057754949,65,0,1.216596055452027e-266,1.846312494306771,2.8583572869834097,1.331998346195134e-256,1.635237755302176e-255,7.898887862916816e-255,3.275008753037591,mpmath_1792,1.265158665962183,10.126716709385027,1.9999999999999991,851
randsvd_10_2.0,10,Float64,false,diagonalcheap,realschur,0.00217057,2.9049999999999997e-6,0.001265352,0.000991823,3.0e-8,0.004858472,9,0,2.347876497617764e-17,2.260494994156402,3.1025432887611832,2.220446049250313e-16,1.908699383729149e-15,7.043747462375032e-15,3.275008753037591,mpmath_1792,1.265158665962183,10.126716709385027,1.9999999999999991,53
randsvd_10_2.0,10,Float64,false,diagonalcheap,realschur,0.004742812,0.00028461999999999997,0.0024002039999999995,0.001928842,3.0e-8,0.009871167,25,0,6.083631776926636e-84,2.260494994156399,3.0780092478610346,1.727233711018889e-77,1.202845019803992e-76,5.76493339291855e-76,3.275008753037591,mpmath_1792,1.265158665962183,10.126716709385027,1.9999999999999991,256
randsvd_10_2.0,10,Float64,false,diagonalcheap,realschur,0.051143008,0.00046440399999999997,0.005115002000000001,0.004664533,3.0e-8,0.062122449,65,0,6.870103699694858e-267,2.2604949941564,3.393874283574373,1.331998346195134e-256,1.595636333845523e-255,7.649138173005228e-255,3.275008753037591,mpmath_1792,1.265158665962183,10.126716709385027,1.9999999999999991,851
randsvd_10_2.0,10,Float64,false,taylor,transfree,0.0,0.00018730300000000002,0.000536581,0.000940015,3.0e-8,0.001846314,20,0,1.387778780781446e-17,3.270552528494653,1,2.220446049250313e-16,7.531098397722968e-17,3.085636396694055e-16,3.275008753037591,mpmath_1792,1.265158665962183,10.126716709385027,1.9999999999999991,53
randsvd_10_2.0,10,Float64,false,taylor,transfree,0.0,0.00040743100000000004,0.000821789,0.002764117,9.1e-8,0.00414617,56,0,3.805506964972282e-79,3.270552528494653,1,1.727233711018889e-77,4.366234530664229e-78,1.548905497347502e-77,3.275008753037591,mpmath_1792,1.265158665962183,10.126716709385027,1.9999999999999991,256
randsvd_10_2.0,10,Float64,false,taylor,transfree,0.0,0.0007340839999999999,0.004802823999999999,0.008572474,0.002254048,0.016848862,90,5,0,1.063919780770674,1,1.331998346195134e-256,9.902353332683506e-256,3.775352947599521e-255,3.275008753037591,mpmath_1792,1.265158665962183,10.126716709385027,1.9999999999999991,851
randsvd_10_2.0,10,Float64,false,taylor,complexschur,0.003553766,0.000587355,0.0013216599999999997,0.0057818950000000004,4.0e-8,0.013359018,20,0,1.387778780781446e-17,2.032712415809099,1,2.220446049250313e-16,1.886254281540748e-15,7.390175300434276e-15,3.275008753037591,mpmath_1792,1.265158665962183,10.126716709385027,1.9999999999999991,53
randsvd_10_2.0,10,Float64,false,taylor,complexschur,0.003925021,0.000992205,0.0018384849999999995,0.009958548,8.1e-8,0.019293843,56,0,1.928388319281692e-78,2.023002032279762,1,1.727233711018889e-77,1.187269741583437e-76,5.559824389735057e-76,3.275008753037591,mpmath_1792,1.265158665962183,10.126716709385027,1.9999999999999991,256
randsvd_10_2.0,10,Float64,false,taylor,complexschur,0.013127799,0.0015449340000000002,0.007237968000000001,0.015697246,0.0040881,0.045192873,90,5,1.377254009906639e-281,1.022862219880549,1,1.331998346195134e-256,1.631699781144811e-255,7.940512811235414e-255,3.275008753037591,mpmath_1792,1.265158665962183,10.126716709385027,1.9999999999999991,851
randsvd_10_2.0,10,Float64,false,taylor,realschur,0.001763337,0.000216662,0.00056816,0.000748801,3.0e-8,0.003656761,20,0,2.775557561562891e-17,2.561750358368476,1,2.220446049250313e-16,1.903269143405996e-15,7.015475029623286e-15,3.275008753037591,mpmath_1792,1.265158665962183,10.126716709385027,1.9999999999999991,53
randsvd_10_2.0,10,Float64,false,taylor,realschur,0.003352133,0.00034743999999999997,0.0008843099999999999,0.0023301619999999998,4.0e-8,0.007503062,56,0,1.690569099625233e-78,2.561750358368476,1,1.727233711018889e-77,1.210241415133437e-76,5.790572018316487e-76,3.275008753037591,mpmath_1792,1.265158665962183,10.126716709385027,1.9999999999999991,256
randsvd_10_2.0,10,Float64,false,taylor,realschur,0.012493124,0.000626987,0.003609962000000001,0.0037432549999999996,0.001194307,0.022491122,90,5,1.377254009906639e-281,1.037704783961966,1,1.331998346195134e-256,1.601067084086898e-255,7.665788152332667e-255,3.275008753037591,mpmath_1792,1.265158665962183,10.126716709385027,1.9999999999999991,851
randsvd_10_3.0,10,Float64,false,scaling_and_squaring,NaN,NaN,NaN,NaN,NaN,NaN,2.3074e-5,NaN,NaN,NaN,NaN,NaN,2.220446049250313e-16,1.916123446369504e-16,6.883995918393542e-16,3.612163492356156,mpmath_1792,0.9988301869039445,12.20927709719937,2.9999999999999956,53
randsvd_10_3.0,10,Float64,false,diagonalcheap,transfree,0.0,1.613e-6,0.0007552129999999999,0.000944081,3.0e-8,0.001884136,7,0,7.580683260569179e-17,3.612163492356157,4.612610910806802,2.220446049250313e-16,1.460747074155423e-16,5.588568304140927e-16,3.612163492356156,mpmath_1792,0.9988301869039445,12.20927709719937,2.9999999999999956,53
randsvd_10_3.0,10,Float64,false,diagonalcheap,transfree,0.0,0.00019841700000000002,0.0017533970000000003,0.0020988660000000004,3.0e-8,0.004205733,25,0,1.120896308210394e-84,3.612163492356157,4.608326019525478,1.727233711018889e-77,9.273400650153069e-78,3.578187755056027e-77,3.612163492356156,mpmath_1792,0.9988301869039445,12.20927709719937,2.9999999999999956,256
randsvd_10_3.0,10,Float64,false,diagonalcheap,transfree,0.0,0.0006645319999999999,0.006343092000000001,0.011666575,5.0e-8,0.018957725,65,0,6.245349216880588e-276,3.612163492356156,4.60734372859993,1.331998346195134e-256,8.522519663717396e-257,3.251321397742088e-256,3.612163492356156,mpmath_1792,0.9988301869039445,12.20927709719937,2.9999999999999956,851
randsvd_10_3.0,10,Float64,false,diagonalcheap,complexschur,0.002298453,3.6670000000000006e-6,0.001134142,0.00248071,3.0e-8,0.007050653,7,0,0,2.618755518209182,2.2832358160345483,2.220446049250313e-16,1.054053420545914e-15,5.89982372123047e-15,3.612163492356156,mpmath_1792,0.9988301869039445,12.20927709719937,2.9999999999999956,53
randsvd_10_3.0,10,Float64,false,diagonalcheap,complexschur,0.003665147,0.00043311299999999994,0.002969045,0.008789515000000001,5.0e-8,0.018431556,25,0,2.747572395194108e-84,2.515371901974838,2.420883443119945,1.727233711018889e-77,9.141168532994536e-77,3.750226348511275e-76,3.612163492356156,mpmath_1792,0.9988301869039445,12.20927709719937,2.9999999999999956,256
randsvd_10_3.0,10,Float64,false,diagonalcheap,complexschur,0.011998645,0.001093727,0.006712909,0.05739515,4.0e-8,0.079809261,65,0,5.236464226263758e-277,2.515729085602418,2.7190447956638457,1.331998346195134e-256,9.148381690727302e-256,3.477130124417176e-255,3.612163492356156,mpmath_1792,0.9988301869039445,12.20927709719937,2.9999999999999956,851
randsvd_10_3.0,10,Float64,false,diagonalcheap,realschur,0.001938389,1.6329999999999999e-6,0.0008075620000000001,0.000755332,3.0e-8,0.003833387,7,0,5.364475994392923e-17,2.667293446687543,2.946185619478731,2.220446049250313e-16,1.049170214467508e-15,5.427978935764779e-15,3.612163492356156,mpmath_1792,0.9988301869039445,12.20927709719937,2.9999999999999956,53
randsvd_10_3.0,10,Float64,false,diagonalcheap,realschur,0.004901263,0.000256829,0.002854208,0.0028170269999999997,5.0e-8,0.011477506,25,0,4.97638783503053e-84,2.667293446687542,3.096765158131521,1.727233711018889e-77,8.744916189240382e-77,3.523526923940046e-76,3.612163492356156,mpmath_1792,0.9988301869039445,12.20927709719937,2.9999999999999956,256
randsvd_10_3.0,10,Float64,false,diagonalcheap,realschur,0.011556196,0.0005168509999999999,0.005316252,0.005917412,3.0e-8,0.024436214,65,0,1.020913828636794e-277,2.839373991304547,3.0987207157853907,1.331998346195134e-256,8.868045152953206e-256,3.546101303822163e-255,3.612163492356156,mpmath_1792,0.9988301869039445,12.20927709719937,2.9999999999999956,851
randsvd_10_3.0,10,Float64,false,taylor,transfree,0.0,0.000187636,0.000824955,0.0009920439999999999,3.1e-8,0.002225064,16,0,2.498001805406602e-16,3.620395041063861,1,2.220446049250313e-16,6.272951386104843e-17,2.420383940962234e-16,3.612163492356156,mpmath_1792,0.9988301869039445,12.20927709719937,2.9999999999999956,53
randsvd_10_3.0,10,Float64,false,taylor,transfree,0.0,0.0004893389999999999,0.0013025800000000004,0.004130491,4.0e-8,0.006166004,56,0,2.059023035787212e-84,3.62039504106386,1,1.727233711018889e-77,3.556806370895882e-78,1.236191940025753e-77,3.612163492356156,mpmath_1792,0.9988301869039445,12.20927709719937,2.9999999999999956,256
randsvd_10_3.0,10,Float64,false,taylor,transfree,0.0,0.0008959160000000001,0.005241361999999999,0.010283871,0.001706199,0.018660712,90,4,2.485393244626683e-261,1.132787131810496,1,1.331998346195134e-256,5.85687463405322e-256,1.977692463782915e-255,3.612163492356156,mpmath_1792,0.9988301869039445,12.20927709719937,2.9999999999999956,851
randsvd_10_3.0,10,Float64,false,taylor,complexschur,0.003479304,0.000359934,0.0012276510000000002,0.0041502959999999995,4.0e-8,0.011149644,16,0,8.326672684688674e-17,2.781374670724979,1,2.220446049250313e-16,1.043703645739981e-15,5.733290267536697e-15,3.612163492356156,mpmath_1792,0.9988301869039445,12.20927709719937,2.9999999999999956,53
randsvd_10_3.0,10,Float64,false,taylor,complexschur,0.006693896,0.001216558,0.0022092750000000006,0.010202406,3.0e-8,0.022049764,56,0,4.118046071574423e-84,2.804546656972141,1,1.727233711018889e-77,9.045364384884072e-77,3.698896645272429e-76,3.612163492356156,mpmath_1792,0.9988301869039445,12.20927709719937,2.9999999999999956,256
randsvd_10_3.0,10,Float64,false,taylor,complexschur,0.013395146,0.0016101779999999999,0.005409478,0.012702379000000001,0.004847802,0.042278482,90,4,3.044086617107497e-263,1.085799022390378,1,1.331998346195134e-256,9.095332395795082e-256,3.429261433850789e-255,3.612163492356156,mpmath_1792,0.9988301869039445,12.20927709719937,2.9999999999999956,851
randsvd_10_3.0,10,Float64,false,taylor,realschur,0.003449638,0.000215209,0.0008224339999999999,0.001203752,4.0e-8,0.00626365,16,0,1.110223024625157e-16,2.879322695487231,1,2.220446049250313e-16,1.050461799975302e-15,5.615329071170274e-15,3.612163492356156,mpmath_1792,0.9988301869039445,12.20927709719937,2.9999999999999956,53
randsvd_10_3.0,10,Float64,false,taylor,realschur,0.003709822,0.000365524,0.00102635,0.0017896769999999997,4.0e-8,0.007353147,56,0,1.029511517893606e-84,2.87932269548723,1,1.727233711018889e-77,8.858026216410656e-77,3.50193650255231e-76,3.612163492356156,mpmath_1792,0.9988301869039445,12.20927709719937,2.9999999999999956,256
randsvd_10_3.0,10,Float64,false,taylor,realschur,0.007113592,0.0006311620000000001,0.003983839000000001,0.0049543849999999995,0.001677624,0.019605755,90,4,1.088988444852093e-262,1.115810586161365,1,1.331998346195134e-256,8.796949997781713e-256,3.573157520229252e-255,3.612163492356156,mpmath_1792,0.9988301869039445,12.20927709719937,2.9999999999999956,851
randsvd_10_4.0,10,Float64,false,scaling_and_squaring,NaN,NaN,NaN,NaN,NaN,NaN,3.0228e-5,NaN,NaN,NaN,NaN,NaN,2.220446049250313e-16,2.051907129351e-16,1.014999137751377e-15,2.822498694463265,mpmath_1792,0.8604490447811852,16.775045647029838,4.0000000000000036,53
randsvd_10_4.0,10,Float64,false,diagonalcheap,transfree,0.0,1.9540000000000003e-6,0.0008799800000000003,0.0010838970000000001,7.0e-8,0.00214418,7,0,1.314659862254969e-17,2.627076781289019,3.901391747734323,2.220446049250313e-16,1.564885577705094e-16,6.393333963522847e-16,2.822498694463265,mpmath_1792,0.8604490447811852,16.775045647029838,4.0000000000000036,53
randsvd_10_4.0,10,Float64,false,diagonalcheap,transfree,0.0,0.00018690599999999998,0.0017702509999999998,0.0020758390000000003,3.0e-8,0.004191106,25,0,2.924409660379525e-84,2.627076781289019,3.90609622367692,1.727233711018889e-77,1.092067122138802e-77,4.712826877316504e-77,2.822498694463265,mpmath_1792,0.8604490447811852,16.775045647029838,4.0000000000000036,256
randsvd_10_4.0,10,Float64,false,diagonalcheap,transfree,0.0,0.00043985400000000005,0.0040492359999999995,0.006907371,3.0e-8,0.01160566,65,0,6.519630836351774e-282,2.627076781289019,3.9071438609277407,1.331998346195134e-256,6.547011757460782e-257,2.809949956819764e-256,2.822498694463265,mpmath_1792,0.8604490447811852,16.775045647029838,4.0000000000000036,851
randsvd_10_4.0,10,Float64,false,diagonalcheap,complexschur,0.002282552,2.094e-6,0.0012543919999999998,0.004013909,4.0e-8,0.009399041,7,0,2.61812984266802e-17,2.941940820975798,2.6717452527550525,2.220446049250313e-16,1.374701320785834e-15,5.575662840029484e-15,2.822498694463265,mpmath_1792,0.8604490447811852,16.775045647029838,4.0000000000000036,53
randsvd_10_4.0,10,Float64,false,diagonalcheap,complexschur,0.005872457,0.00045948200000000004,0.003026334,0.006145914999999999,3.0e-8,0.016973398,25,0,9.685573732898913e-85,2.218629475222573,2.667921140796643,1.727233711018889e-77,1.146682856875811e-76,5.15931246791904e-76,2.822498694463265,mpmath_1792,0.8604490447811852,16.775045647029838,4.0000000000000036,256
randsvd_10_4.0,10,Float64,false,diagonalcheap,complexschur,0.009885254,0.0016515059999999996,0.008673488000000002,0.056007816999999994,3.0e-8,0.078434963,65,0,1.294946205861969e-281,2.941940820975798,2.6670667509217414,1.331998346195134e-256,1.008343411648314e-255,4.784428296853674e-255,2.822498694463265,mpmath_1792,0.8604490447811852,16.775045647029838,4.0000000000000036,851
randsvd_10_4.0,10,Float64,false,diagonalcheap,realschur,0.001908212,1.5419999999999998e-6,0.0008424489999999999,0.0007968340000000001,3.0e-8,0.003892138,7,0,0,2.838257514660835,2.8150234223109822,2.220446049250313e-16,1.453452844328021e-15,5.867096383993587e-15,2.822498694463265,mpmath_1792,0.8604490447811852,16.775045647029838,4.0000000000000036,53
randsvd_10_4.0,10,Float64,false,diagonalcheap,realschur,0.005057771,0.000255385,0.0030749360000000003,0.00274995,4.0e-8,0.011796652,25,0,1.892845080675502e-84,2.280698892853988,2.812294627708413,1.727233711018889e-77,1.133013934123906e-76,5.28615619357199e-76,2.822498694463265,mpmath_1792,0.8604490447811852,16.775045647029838,4.0000000000000036,256
randsvd_10_4.0,10,Float64,false,diagonalcheap,realschur,0.012978415,0.0006605650000000001,0.006624176,0.007259549,4.0e-8,0.028546426,65,0,6.326912168220283e-282,2.838257514660835,2.811679080394978,1.331998346195134e-256,9.914801737243099e-256,4.723031498083742e-255,2.822498694463265,mpmath_1792,0.8604490447811852,16.775045647029838,4.0000000000000036,851
randsvd_10_4.0,10,Float64,false,taylor,transfree,0.0,0.00023102799999999998,0.0008710629999999998,0.0013466469999999999,4.0e-8,0.002703902,16,0,6.938893903907228e-17,2.828666571741199,1,2.220446049250313e-16,4.447273850280549e-17,1.608110926722415e-16,2.822498694463265,mpmath_1792,0.8604490447811852,16.775045647029838,4.0000000000000036,53
randsvd_10_4.0,10,Float64,false,taylor,transfree,0.0,0.000582265,0.0014754940000000002,0.004422473,5.0e-8,0.006750153,56,0,1.029511517893606e-84,2.828666571741199,1,1.727233711018889e-77,3.821495515121451e-78,1.185471754175632e-77,2.822498694463265,mpmath_1792,0.8604490447811852,16.775045647029838,4.0000000000000036,256
randsvd_10_4.0,10,Float64,false,taylor,transfree,0.0,0.0008574189999999999,0.004887454000000001,0.009678163000000002,0.001715506,0.017647659,90,4,6.915297137478047e-268,1.108313762734399,1,1.331998346195134e-256,1.081188860769064e-255,4.36406551579948e-255,2.822498694463265,mpmath_1792,0.8604490447811852,16.775045647029838,4.0000000000000036,851
randsvd_10_4.0,10,Float64,false,taylor,complexschur,0.003788462,0.000397907,0.0013366069999999999,0.004866807000000001,5.0e-8,0.012566553,16,0,5.551115123125783e-17,2.943093417056721,1,2.220446049250313e-16,1.379269222273855e-15,5.440267110512848e-15,2.822498694463265,mpmath_1792,0.8604490447811852,16.775045647029838,4.0000000000000036,53
randsvd_10_4.0,10,Float64,false,taylor,complexschur,0.006681332,0.001342538,0.002341314,0.010976786999999998,4.0e-8,0.02377042,56,0,0,2.943093417056721,1,1.727233711018889e-77,1.153331438892175e-76,5.255119962827119e-76,2.822498694463265,mpmath_1792,0.8604490447811852,16.775045647029838,4.0000000000000036,256
randsvd_10_4.0,10,Float64,false,taylor,complexschur,0.011593346,0.0010984439999999999,0.005632311000000001,0.016452933,0.005420239,0.042850498,90,4,5.175605292599151e-267,1.10127633242112,1,1.331998346195134e-256,1.018307397795736e-255,4.934278110800626e-255,2.822498694463265,mpmath_1792,0.8604490447811852,16.775045647029838,4.0000000000000036,851
randsvd_10_4.0,10,Float64,false,taylor,realschur,0.002201058,0.00013591599999999998,0.0006288819999999998,0.0006461279999999999,3.0e-8,0.003997628,16,0,6.938893903907228e-17,2.839676749780191,1,2.220446049250313e-16,1.43884699697008e-15,5.760797043463404e-15,2.822498694463265,mpmath_1792,0.8604490447811852,16.775045647029838,4.0000000000000036,53
randsvd_10_4.0,10,Float64,false,taylor,realschur,0.003553064,0.000327873,0.000931826,0.001661165,4.0e-8,0.006892543,56,0,1.544267276840409e-84,2.839676749780192,1,1.727233711018889e-77,1.134310661487067e-76,5.245674153469985e-76,2.822498694463265,mpmath_1792,0.8604490447811852,16.775045647029838,4.0000000000000036,256
randsvd_10_4.0,10,Float64,false,taylor,realschur,0.007550372,0.0005365490000000001,0.0037776320000000004,0.004863431,0.001583035,0.019552033,90,4,8.417109371255314e-267,1.099839518788094,1,1.331998346195134e-256,9.914732472121519e-256,4.796915781349253e-255,2.822498694463265,mpmath_1792,0.8604490447811852,16.775045647029838,4.0000000000000036,851
randsvd_10_5.0,10,Float64,false,scaling_and_squaring,NaN,NaN,NaN,NaN,NaN,NaN,3.0097e-5,NaN,NaN,NaN,NaN,NaN,2.220446049250313e-16,1.363970828790331e-16,5.328238603227628e-16,3.590868171871483,mpmath_1792,1.086107254297633,19.037364522370154,5.000000000000005,53
randsvd_10_5.0,10,Float64,false,diagonalcheap,transfree,0.0,2.143e-6,0.0010086549999999998,0.001398237,5.0e-8,0.002642356,7,0,1.16224453580147e-16,3.590868171871482,3.2948343325336644,2.220446049250313e-16,1.359888425209905e-16,5.69874577180852e-16,3.590868171871483,mpmath_1792,1.086107254297633,19.037364522370154,5.000000000000005,53
randsvd_10_5.0,10,Float64,false,diagonalcheap,transfree,0.0,0.00027252600000000004,0.0023471340000000003,0.002639292,3.0e-8,0.005496243,25,0,3.214335892298163e-84,3.590868171871482,3.277250515274822,1.727233711018889e-77,1.00554305821553e-77,3.664399507736198e-77,3.590868171871483,mpmath_1792,1.086107254297633,19.037364522370154,5.000000000000005,256
randsvd_10_5.0,10,Float64,false,diagonalcheap,transfree,0.0,0.000611842,0.005650534000000002,0.010778590000000001,4.0e-8,0.017338181,65,0,8.588793964149161e-281,3.590868171871483,3.27331576178767,1.331998346195134e-256,9.083042151366297e-257,3.221206646938013e-256,3.590868171871483,mpmath_1792,1.086107254297633,19.037364522370154,5.000000000000005,851
randsvd_10_5.0,10,Float64,false,diagonalcheap,complexschur,0.003826584,2.344e-6,0.001475614,0.004366838,4.0e-8,0.011572146,7,0,1.225561422011385e-16,3.323192108198892,2.780844447654482,2.220446049250313e-16,1.924412851689973e-15,7.633152598668563e-15,3.590868171871483,mpmath_1792,1.086107254297633,19.037364522370154,5.000000000000005,53
randsvd_10_5.0,10,Float64,false,diagonalcheap,complexschur,0.004729928,0.000580382,0.0035303920000000007,0.008937895000000001,4.0e-8,0.020357582,25,0,7.030808764582242e-84,3.323192108198891,2.7723287426616556,1.727233711018889e-77,1.474410959598952e-76,6.835690656721021e-76,3.590868171871483,mpmath_1792,1.086107254297633,19.037364522370154,5.000000000000005,256
randsvd_10_5.0,10,Float64,false,diagonalcheap,complexschur,0.011976653,0.001575352,0.010795551000000006,0.053478358000000004,4.0e-8,0.080478552,65,0,4.695376604722935e-281,2.924587346837519,2.572450684732683,1.331998346195134e-256,1.197855390927471e-255,5.168325746944385e-255,3.590868171871483,mpmath_1792,1.086107254297633,19.037364522370154,5.000000000000005,851
randsvd_10_5.0,10,Float64,false,diagonalcheap,realschur,0.002032888,1.663e-6,0.00087843,0.000779098,3.1e-8,0.004022275,7,0,1.828237831975017e-16,2.38998866984601,3.142361281296071,2.220446049250313e-16,1.947438678102463e-15,7.71641932551545e-15,3.590868171871483,mpmath_1792,1.086107254297633,19.037364522370154,5.000000000000005,53
randsvd_10_5.0,10,Float64,false,diagonalcheap,realschur,0.00371444,0.00022041799999999998,0.0019414369999999999,0.001579619,4.0e-8,0.007904123,25,0,0,3.532456305493878,3.134648398020123,1.727233711018889e-77,1.499485945903674e-76,6.911257131578097e-76,3.590868171871483,mpmath_1792,1.086107254297633,19.037364522370154,5.000000000000005,256
randsvd_10_5.0,10,Float64,false,diagonalcheap,realschur,0.013265481,0.0007425369999999999,0.007644730999999999,0.008173643,4.0e-8,0.030984293,65,0,1.038751757335386e-280,2.874905283656992,2.9293666999724324,1.331998346195134e-256,1.19156005940605e-255,5.001825953669994e-255,3.590868171871483,mpmath_1792,1.086107254297633,19.037364522370154,5.000000000000005,851
randsvd_10_5.0,10,Float64,false,taylor,transfree,0.0,0.00020470799999999998,0.0008421690000000003,0.0013607329999999998,4.0e-8,0.002661993,16,0,4.579669976578771e-16,3.561407553514207,1,2.220446049250313e-16,4.713674833527998e-17,1.892474539848066e-16,3.590868171871483,mpmath_1792,1.086107254297633,19.037364522370154,5.000000000000005,53
randsvd_10_5.0,10,Float64,false,taylor,transfree,0.0,0.000703284,0.001452398,0.004490794,5.0e-8,0.00690648,56,0,3.088534553680817e-84,3.561407553514206,1,1.727233711018889e-77,3.499312675761885e-78,1.4327948009811e-77,3.590868171871483,mpmath_1792,1.086107254297633,19.037364522370154,5.000000000000005,256
randsvd_10_5.0,10,Float64,false,taylor,transfree,0.0,0.000925664,0.005305023,0.010926762000000001,0.001166474,0.018884897,90,4,2.109499886830727e-264,1.118944939648701,1,1.331998346195134e-256,5.197406561980573e-256,1.950029107986052e-255,3.590868171871483,mpmath_1792,1.086107254297633,19.037364522370154,5.000000000000005,851
randsvd_10_5.0,10,Float64,false,taylor,complexschur,0.002300006,0.000229487,0.0007727639999999999,0.002638479,4.0e-8,0.007190619,16,0,4.440892098500626e-16,3.300615751536226,1,2.220446049250313e-16,1.917542746963536e-15,7.862136097497502e-15,3.590868171871483,mpmath_1792,1.086107254297633,19.037364522370154,5.000000000000005,53
randsvd_10_5.0,10,Float64,false,taylor,complexschur,0.006748991,0.0014994960000000001,0.0022454619999999993,0.008937063000000002,4.0e-8,0.021251309,56,0,3.088534553680817e-84,3.300615751536226,1,1.727233711018889e-77,1.501850436145425e-76,7.105570924067722e-76,3.590868171871483,mpmath_1792,1.086107254297633,19.037364522370154,5.000000000000005,256
randsvd_10_5.0,10,Float64,false,taylor,complexschur,0.008831664,0.002020066,0.007551964,0.014873834000000002,0.003165248,0.039211671,90,4,2.223256082799944e-264,1.101586451659963,1,1.331998346195134e-256,1.200828694671664e-255,5.164163252112526e-255,3.590868171871483,mpmath_1792,1.086107254297633,19.037364522370154,5.000000000000005,851
randsvd_10_5.0,10,Float64,false,taylor,realschur,0.002066713,0.00017607299999999995,0.000725556,0.000803147,3.0e-8,0.004236813,16,0,6.800116025829084e-16,3.505189435964188,1,2.220446049250313e-16,1.914044568696255e-15,7.438863569359161e-15,3.590868171871483,mpmath_1792,1.086107254297633,19.037364522370154,5.000000000000005,53
randsvd_10_5.0,10,Float64,false,taylor,realschur,0.003591698,0.00044490500000000005,0.0008670689999999999,0.001686258,3.0e-8,0.007003374,56,0,1.029511517893606e-84,3.505189435964188,1,1.727233711018889e-77,1.511725858476947e-76,7.278294295169611e-76,3.590868171871483,mpmath_1792,1.086107254297633,19.037364522370154,5.000000000000005,256
randsvd_10_5.0,10,Float64,false,taylor,realschur,0.007904805,0.0007559840000000001,0.004698335,0.00533175,0.001621468,0.021556318,90,4,4.455183020546018e-264,1.105604021985842,1,1.331998346195134e-256,1.198814847111714e-255,5.035125912324872e-255,3.590868171871483,mpmath_1792,1.086107254297633,19.037364522370154,5.000000000000005,851
smoke_10,10,ComplexF64,false,scaling_and_squaring,NaN,NaN,NaN,NaN,NaN,NaN,3.0778e-5,NaN,NaN,NaN,NaN,NaN,2.220446049250313e-16,2.309721485228594e-16,1.785911666576646e-15,6.488128793452632,mpmath_1792,3.393632683189225,10.000000000000002,6.313751514675041,53
smoke_10,10,ComplexF64,false,diagonalcheap,transfree,0.0,5.29e-6,0.0014843769999999994,0.003135863,4.0e-8,0.080083874,9,0,2.623909113582333e-16,6.488128793452633,6.963103376184819,2.220446049250313e-16,4.066163427685715e-16,3.585184562095732e-15,6.488128793452632,mpmath_1792,3.393632683189225,10.000000000000002,6.313751514675041,53
smoke_10,10,ComplexF64,false,diagonalcheap,transfree,0.0,0.000387206,0.0024829110000000004,0.011126193000000001,7.0e-8,0.014221856,31,0,0,6.488128793452634,6.964313248263441,1.727233711018889e-77,2.378104041159831e-77,2.565286450829739e-76,6.488128793452632,mpmath_1792,3.393632683189225,10.000000000000002,6.313751514675041,256
smoke_10,10,ComplexF64,false,diagonalcheap,transfree,0.0,0.001279761,0.050982806,0.024199423,3.0e-8,0.076820068,73,0,2.733414072581608e-281,6.488128793452637,6.964397184319365,1.331998346195134e-256,1.195432788228022e-256,1.23711733236691e-255,6.488128793452632,mpmath_1792,3.393632683189225,10.000000000000002,6.313751514675041,851
smoke_10,10,ComplexF64,false,diagonalcheap,complexschur,0.007374288,0.000117633,0.0017751229999999998,0.003265759,3.0e-8,0.013659128,13,0,4.210698894536812e-17,7.160917893437391,8.483169938976154,2.220446049250313e-16,1.794856140202886e-15,1.966033914576949e-14,6.488128793452632,mpmath_1792,3.393632683189225,10.000000000000002,6.313751514675041,53
smoke_10,10,ComplexF64,false,diagonalcheap,complexschur,0.017930165,0.00047232400000000004,0.00326109,0.00654381,4.0e-8,0.02979659,31,0,6.201367254493872e-84,4.566896698491576,8.496959070272394,1.727233711018889e-77,2.517082034875639e-76,2.723965510337923e-75,6.488128793452632,mpmath_1792,3.393632683189225,10.000000000000002,6.313751514675041,256
smoke_10,10,ComplexF64,false,diagonalcheap,complexschur,0.035959027,0.001592242,0.009507818000000003,0.026062934,3.1e-7,0.076994038,73,0,5.825146746653061e-281,6.583607608694627,7.7926898723467435,1.331998346195134e-256,2.330756583344218e-255,2.095697700215775e-254,6.488128793452632,mpmath_1792,3.393632683189225,10.000000000000002,6.313751514675041,851
smoke_10,10,ComplexF64,false,taylor,transfree,0.0,0.00038160500000000003,0.00104046,0.0049886819999999995,7.0e-8,0.00671165,25,0,0,6.047695524856813,1,2.220446049250313e-16,7.487120276704882e-17,5.006660666632353e-16,6.488128793452632,mpmath_1792,3.393632683189225,10.000000000000002,6.313751514675041,53
smoke_10,10,ComplexF64,false,taylor,transfree,0.0,0.000845323,0.001595637,0.011837822,1.1e-7,0.014588963,64,0,5.491414436444493e-81,6.047695524856814,1,1.727233711018889e-77,4.839436852476767e-78,3.351954906416543e-77,6.488128793452632,mpmath_1792,3.393632683189225,10.000000000000002,6.313751514675041,256
smoke_10,10,ComplexF64,false,taylor,transfree,0.0,0.001232414,0.006926443999999999,0.018141531000000002,0.006855854,0.033762087,90,5,7.607119971043024e-273,1.064393283201912,1,1.331998346195134e-256,6.728965934202489e-256,4.6722497650407e-255,6.488128793452632,mpmath_1792,3.393632683189225,10.000000000000002,6.313751514675041,851
smoke_10,10,ComplexF64,false,taylor,complexschur,0.008849588,0.00032807299999999996,0.000887696,0.003170388,4.0e-8,0.014417568,25,0,5.551115123125783e-17,6.850668107254965,1,2.220446049250313e-16,1.856461329133103e-15,1.972678862278372e-14,6.488128793452632,mpmath_1792,3.393632683189225,10.000000000000002,6.313751514675041,53
smoke_10,10,ComplexF64,false,taylor,complexschur,0.013822788,0.034172235,0.0019536089999999994,0.007236656,4.0e-8,0.058633387,64,0,3.049042491854419e-79,6.850668107254963,1,1.727233711018889e-77,2.514733874541005e-76,2.696014306870766e-75,6.488128793452632,mpmath_1792,3.393632683189225,10.000000000000002,6.313751514675041,256
smoke_10,10,ComplexF64,false,taylor,complexschur,0.028915898,0.0012200549999999998,0.005083957000000001,0.011291825,0.004276729,0.053470978,90,5,3.340103859792934e-272,1.076666914745846,1,1.331998346195134e-256,2.38624934304414e-255,2.167353636481698e-254,6.488128793452632,mpmath_1792,3.393632683189225,10.000000000000002,6.313751514675041,851
smoke_10_1,10,ComplexF64,false,scaling_and_squaring,NaN,NaN,NaN,NaN,NaN,NaN,3.7732e-5,NaN,NaN,NaN,NaN,NaN,2.220446049250313e-16,2.314773419669107e-16,1.026209242549568e-15,6.488128459651135,mpmath_1792,3.033032640705277,19.999999999999996,13.232029812481908,53
smoke_10_1,10,ComplexF64,false,diagonalcheap,transfree,0.0,3.2450000000000003e-6,0.0015263680000000002,0.00371884,4.3e-7,0.005560285,9,0,2.623909111794074e-16,6.488128459651135,6.962753680119448,2.220446049250313e-16,1.485468551984006e-16,1.081604181787089e-15,6.488128459651135,mpmath_1792,3.033032640705277,19.999999999999996,13.232029812481908,53
smoke_10_1,10,ComplexF64,false,diagonalcheap,transfree,0.0,0.000561035,0.004237503,0.01037262,9.0e-8,0.01551484,31,0,0,6.488128459651139,6.96368311616006,1.727233711018889e-77,1.122365242738581e-77,6.571720260834901e-77,6.488128459651135,mpmath_1792,3.033032640705277,19.999999999999996,13.232029812481908,256
smoke_10_1,10,ComplexF64,false,diagonalcheap,transfree,0.0,0.000791522,0.006367999000000001,0.019125082999999998,5.0e-8,0.026684231,65,0,2.155299198149072e-256,6.488128459651138,6.963699368006935,1.331998346195134e-256,6.952592638437413e-257,5.426355935447198e-256,6.488128459651135,mpmath_1792,3.033032640705277,19.999999999999996,13.232029812481908,851
smoke_10_1,10,ComplexF64,false,diagonalcheap,complexschur,0.0,2.775e-6,0.001455553,0.0027323749999999996,4.0e-8,0.004505122,9,0,2.623909111794074e-16,6.488128459651135,6.962753680119448,2.220446049250313e-16,1.485468551984006e-16,1.081604181787089e-15,6.488128459651135,mpmath_1792,3.033032640705277,19.999999999999996,13.232029812481908,53
smoke_10_1,10,ComplexF64,false,diagonalcheap,complexschur,0.0,0.00033737199999999995,0.002610815,0.006241335999999999,4.0e-8,0.009428757,31,0,0,6.488128459651139,6.96368311616006,1.727233711018889e-77,1.122365242738581e-77,6.571720260834901e-77,6.488128459651135,mpmath_1792,3.033032640705277,19.999999999999996,13.232029812481908,256
smoke_10_1,10,ComplexF64,false,diagonalcheap,complexschur,0.0,0.0009078929999999999,0.0077697700000000005,0.01735302,4.0e-8,0.026445559,65,0,2.155299198149072e-256,6.488128459651138,6.963699368006935,1.331998346195134e-256,6.952592638437413e-257,5.426355935447198e-256,6.488128459651135,mpmath_1792,3.033032640705277,19.999999999999996,13.232029812481908,851
smoke_10_1,10,ComplexF64,false,taylor,transfree,0.0,0.00026437199999999997,0.0007155910000000001,0.003374173,4.0e-8,0.004560737,25,0,0,6.047695524856813,1,2.220446049250313e-16,1.234478485698436e-16,7.652916560735051e-16,6.488128459651135,mpmath_1792,3.033032640705277,19.999999999999996,13.232029812481908,53
smoke_10_1,10,ComplexF64,false,taylor,transfree,0.0,0.00101742,0.0019520399999999995,0.011095829,2.21e-7,0.014481879,64,0,5.491414436444493e-81,6.047695524856814,1,1.727233711018889e-77,9.225295243835678e-78,5.554226146339515e-77,6.488128459651135,mpmath_1792,3.033032640705277,19.999999999999996,13.232029812481908,256
smoke_10_1,10,ComplexF64,false,taylor,transfree,0.0,0.029495564000000002,0.010015300999999999,0.013383834,0.00469376,0.058168264,90,5,2.459636903351759e-275,1.064393283201912,1,1.331998346195134e-256,7.853084761791212e-257,3.908599012427119e-256,6.488128459651135,mpmath_1792,3.033032640705277,19.999999999999996,13.232029812481908,851
smoke_10_1,10,ComplexF64,false,taylor,complexschur,0.0,0.000483758,0.001275261,0.003964687000000001,3.0e-8,0.006014126,25,0,0,6.047695524856813,1,2.220446049250313e-16,1.234478485698436e-16,7.652916560735051e-16,6.488128459651135,mpmath_1792,3.033032640705277,19.999999999999996,13.232029812481908,53
smoke_10_1,10,ComplexF64,false,taylor,complexschur,0.0,0.0007537689999999998,0.001499261,0.006955530999999999,4.0e-8,0.009494322,64,0,5.491414436444493e-81,6.047695524856814,1,1.727233711018889e-77,9.225295243835678e-78,5.554226146339515e-77,6.488128459651135,mpmath_1792,3.033032640705277,19.999999999999996,13.232029812481908,256
smoke_10_1,10,ComplexF64,false,taylor,complexschur,0.0,0.001801059,0.008047128,0.014809408,0.004829057,0.030093984,90,5,2.459636903351759e-275,1.064393283201912,1,1.331998346195134e-256,7.853084761791212e-257,3.908599012427119e-256,6.488128459651135,mpmath_1792,3.033032640705277,19.999999999999996,13.232029812481908,851
toeppen_10,10,Float64,false,scaling_and_squaring,NaN,NaN,NaN,NaN,NaN,NaN,3.4666e-5,NaN,NaN,NaN,NaN,NaN,2.220446049250313e-16,3.431717306382492e-16,3.279609021852814e-15,8.428750851945745,mpmath_1792,25.66520381734778,12.82210457497437,5.967732834378493,53
toeppen_10,10,Float64,false,diagonalcheap,transfree,0.0,0.0006476109999999999,0.006475660000000002,0.0042161149999999994,0.000257308,0.011822902,91,3,9.308587110556063e-17,2.245645888784972,4.444729529450742,2.220446049250313e-16,7.821929672920536e-16,8.264346597125139e-15,8.428750851945745,mpmath_1792,25.66520381734778,12.82210457497437,5.967732834378493,53
toeppen_10,10,Float64,false,diagonalcheap,transfree,0.0,0.00033790499999999994,0.0028709379999999995,0.004646008,0.000459913,0.008524371,43,2,1.2635813110542e-82,3.093686089765006,5.986119034600465,1.727233711018889e-77,5.671034026200831e-77,5.095220160176138e-76,8.428750851945745,mpmath_1792,25.66520381734778,12.82210457497437,5.967732834378493,256
toeppen_10,10,Float64,false,diagonalcheap,transfree,0.0,0.001118252,0.009574455999999999,0.008458604000000002,0.000507533,0.019965038,91,2,2.752249691478387e-261,3.093686089765007,5.950780990502322,1.331998346195134e-256,3.243648496884621e-256,2.542016287774218e-255,8.428750851945745,mpmath_1792,25.66520381734778,12.82210457497437,5.967732834378493,851
toeppen_10,10,Float64,false,diagonalcheap,complexschur,0.001952596,0.00039081300000000005,0.0027927199999999994,0.007556782999999999,0.001377024,0.015928025,31,2,1.489793686892631e-16,1.655797254380843,1.7416882182521374,2.220446049250313e-16,6.835760485146374e-15,6.615827537791245e-14,8.428750851945745,mpmath_1792,25.66520381734778,12.82210457497437,5.967732834378493,53
toeppen_10,10,Float64,false,diagonalcheap,complexschur,0.006166495,0.000944954,0.005554253,0.009907565,0.000460945,0.024714132,49,1,2.206106027715816e-80,2.375782510011181,2.846625741657958,1.727233711018889e-77,3.531846500001161e-76,3.542826245614022e-75,8.428750851945745,mpmath_1792,25.66520381734778,12.82210457497437,5.967732834378493,256
toeppen_10,10,Float64,false,diagonalcheap,complexschur,0.009990033,0.00183278,0.010898388000000004,0.077161087,0.001508944,0.104072429,91,2,2.958121252614108e-264,1.655797254380842,1.6905172801043113,1.331998346195134e-256,2.282591372371027e-255,2.000336544985651e-254,8.428750851945745,mpmath_1792,25.66520381734778,12.82210457497437,5.967732834378493,851
toeppen_10,10,Float64,false,diagonalcheap,realschur,0.00173885,9.2335e-5,0.0014796199999999999,0.000945043,0.000203286,0.004786686,13,2,9.683900835427734e-17,2.31262773793116,3.42624873624751,2.220446049250313e-16,7.491995746631416e-15,7.063386194593261e-14,8.428750851945745,mpmath_1792,25.66520381734778,12.82210457497437,5.967732834378493,53
toeppen_10,10,Float64,false,diagonalcheap,realschur,0.003151492,0.00030442800000000003,0.002796528999999999,0.0021329269999999997,0.000283448,0.009075317,37,2,1.499722124367603e-77,2.296688873681751,3.2570522056657083,1.727233711018889e-77,3.637824592541007e-76,3.312348497299939e-75,8.428750851945745,mpmath_1792,25.66520381734778,12.82210457497437,5.967732834378493,256
toeppen_10,10,Float64,false,diagonalcheap,realschur,0.007095499,0.00156033,0.00993355,0.010021820999999998,0.000928102,0.030730572,91,2,9.036110135234209e-263,2.307302952836738,3.1718722858989685,1.331998346195134e-256,2.370622506560873e-255,1.965742450276842e-254,8.428750851945745,mpmath_1792,25.66520381734778,12.82210457497437,5.967732834378493,851
toeppen_10,10,Float64,false,taylor,transfree,0.0,0.00034011400000000003,0.0011830649999999999,0.0012801809999999998,0.000173259,0.003239489,36,2,1.77635683940025e-15,28.63216145833334,1,2.220446049250313e-16,1.376381760774565e-15,1.026890990925505e-14,8.428750851945745,mpmath_1792,25.66520381734778,12.82210457497437,5.967732834378493,53
toeppen_10,10,Float64,false,taylor,transfree,0.0,0.0007322879999999999,0.001637307,0.002964037,0.000257639,0.005768159,90,2,1.72707557804974e-76,28.63216145833333,1,1.727233711018889e-77,8.445123775350886e-77,6.588243473749206e-76,8.428750851945745,mpmath_1792,25.66520381734778,12.82210457497437,5.967732834378493,256
toeppen_10,10,Float64,false,taylor,transfree,0.0,0.0006663429999999999,0.005895538999999997,0.006913936,0.004263042,0.018078406,90,9,2.861998201589648e-268,1.042971538480359,1,1.331998346195134e-256,1.058751090460193e-254,9.167473373759921e-254,8.428750851945745,mpmath_1792,25.66520381734778,12.82210457497437,5.967732834378493,851
toeppen_10,10,Float64,false,taylor,complexschur,0.003022988,0.0005597299999999999,0.0015973090000000003,0.004475857000000001,0.001157898,0.012175963,36,2,4.440892098500626e-16,16.79885848416725,1,2.220446049250313e-16,6.843530892173916e-15,6.638725887674139e-14,8.428750851945745,mpmath_1792,25.66520381734778,12.82210457497437,5.967732834378493,53
toeppen_10,10,Float64,false,taylor,complexschur,0.004081287,0.001897642,0.003925392999999999,0.013611960000000001,0.000949061,0.026795573,90,2,1.040152548942554e-78,16.79885848416729,1,1.727233711018889e-77,3.529567916419059e-76,3.533650316524234e-75,8.428750851945745,mpmath_1792,25.66520381734778,12.82210457497437,5.967732834378493,256
toeppen_10,10,Float64,false,taylor,complexschur,0.007584187,0.0018589839999999997,0.009322157,0.013416335,0.006446427,0.04137092,90,9,1.729041074968149e-270,1.005266972166525,1,1.331998346195134e-256,2.285360003267494e-255,2.01698652431309e-254,8.428750851945745,mpmath_1792,25.66520381734778,12.82210457497437,5.967732834378493,851
toeppen_10,10,Float64,false,taylor,realschur,0.001996019,0.000297564,0.0010748579999999997,0.00126234,0.00022112,0.005199319,36,2,8.881784197001252e-16,22.48308646689395,1,2.220446049250313e-16,7.511455658270007e-15,7.06163048422672e-14,8.428750851945745,mpmath_1792,25.66520381734778,12.82210457497437,5.967732834378493,53
toeppen_10,10,Float64,false,taylor,realschur,0.003128389,0.0005507080000000001,0.0014928460000000004,0.002423676,0.00027405,0.008276811,90,2,2.322999672285704e-77,22.48308646689399,1,1.727233711018889e-77,3.657373253292718e-76,3.364165508630506e-75,8.428750851945745,mpmath_1792,25.66520381734778,12.82210457497437,5.967732834378493,256
toeppen_10,10,Float64,false,taylor,realschur,0.008627406,0.00094179,0.007003478999999999,0.004562567,0.002567934,0.024569637,90,9,3.854365139702162e-269,1.033305168043406,1,1.331998346195134e-256,2.382160451217774e-255,1.96907244614233e-254,8.428750851945745,mpmath_1792,25.66520381734778,12.82210457497437,5.967732834378493,851
uniformdata_10_1000,10,Float64,false,scaling_and_squaring,NaN,NaN,NaN,NaN,NaN,NaN,2.7833e-5,NaN,NaN,NaN,NaN,NaN,2.220446049250313e-16,3.122685022715955e-16,6.49345345189057e-14,164.8956767731772,mpmath_1792,5.919219508342974,139.88581680161747,66.55942062314672,53
uniformdata_10_1000,10,Float64,false,diagonalcheap,transfree,0.0,0.000119486,0.0015277,0.0012328620000000002,8.6384e-5,0.003150491,13,1,0,13.94586050769488,6.7643065556036195,2.220446049250313e-16,2.557424045281688e-16,5.791473222685477e-14,164.8956767731772,mpmath_1792,5.919219508342974,139.88581680161747,66.55942062314672,53
uniformdata_10_1000,10,Float64,false,diagonalcheap,transfree,0.0,0.000650797,0.002370669,0.00265985,4.0e-8,0.005802424,37,0,1.59536661080247e-76,164.8956767731773,39.80580233157981,1.727233711018889e-77,6.634037038250535e-77,1.391825485902466e-74,164.8956767731772,mpmath_1792,5.919219508342974,139.88581680161747,66.55942062314672,256
uniformdata_10_1000,10,Float64,false,diagonalcheap,transfree,0.0,0.0028851679999999996,0.009430945000000001,0.010749673,4.0e-8,0.023318634,91,0,1.903219311712755e-260,164.8956767731775,38.87933369109906,1.331998346195134e-256,8.014075882585865e-256,1.484727081358798e-253,164.8956767731772,mpmath_1792,5.919219508342974,139.88581680161747,66.55942062314672,851
uniformdata_10_1000,10,Float64,false,diagonalcheap,complexschur,0.00197001,0.0001214,0.0013841769999999997,0.042245531,3.0e-8,0.046709644,13,0,1.172326444682138e-14,136.9410164170058,20.880621927119506,2.220446049250313e-16,6.024573721984876e-15,1.254583631188693e-12,164.8956767731772,mpmath_1792,5.919219508342974,139.88581680161747,66.55942062314672,53
uniformdata_10_1000,10,Float64,false,diagonalcheap,complexschur,0.003757122,0.000715848,0.0043295270000000005,0.011437572,5.0e-8,0.022323094,37,0,2.687024248003233e-77,136.9410164170059,23.241904082244698,1.727233711018889e-77,2.722308475878638e-76,5.151748332067433e-74,164.8956767731772,mpmath_1792,5.919219508342974,139.88581680161747,66.55942062314672,256
uniformdata_10_1000,10,Float64,false,diagonalcheap,complexschur,0.011686153,0.001589829,0.009914006000000001,0.025742495,3.1e-8,0.051121708,91,0,1.353014896535389e-261,136.941016417004,24.50922082707585,1.331998346195134e-256,5.490530874350708e-255,9.947711461549611e-253,164.8956767731772,mpmath_1792,5.919219508342974,139.88581680161747,66.55942062314672,851
uniformdata_10_1000,10,Float64,false,diagonalcheap,realschur,0.002404835,8.490200000000001e-5,0.0014111680000000002,0.001121289,3.0e-8,0.005332673,13,0,1.172326444682138e-14,136.9410164170057,21.554769630076787,2.220446049250313e-16,6.014994006375541e-15,1.192910595831746e-12,164.8956767731772,mpmath_1792,5.919219508342974,139.88581680161747,66.55942062314672,53
uniformdata_10_1000,10,Float64,false,diagonalcheap,realschur,0.004797196,0.000487225,0.003358686,0.002303693,3.0e-8,0.011360796,37,0,2.687024248003233e-77,136.9410164170059,26.02820258482287,1.727233711018889e-77,2.68688544901465e-76,5.041205374562224e-74,164.8956767731772,mpmath_1792,5.919219508342974,139.88581680161747,66.55942062314672,256
uniformdata_10_1000,10,Float64,false,diagonalcheap,realschur,0.011435387,0.001092833,0.009988609000000002,0.007344301,3.0e-8,0.030574396,91,0,1.353014896535389e-261,136.941016417004,19.474508018251374,1.331998346195134e-256,5.490106985556988e-255,1.002230336893654e-252,164.8956767731772,mpmath_1792,5.919219508342974,139.88581680161747,66.55942062314672,851
uniformdata_10_1000,10,Float64,false,taylor,transfree,0.0,0.00028927000000000005,0.000672716,0.0011427179999999998,8.5913e-5,0.002393172,25,1,1.110223024625157e-16,10.64866513523483,1,2.220446049250313e-16,1.095796801379662e-16,1.972802446991314e-14,164.8956767731772,mpmath_1792,5.919219508342974,139.88581680161747,66.55942062314672,53
uniformdata_10_1000,10,Float64,false,taylor,transfree,0.0,0.001231055,0.0014525209999999994,0.003647926,0.000200871,0.006809847,72,1,3.599069727208864e-77,10.64866513523483,1,1.727233711018889e-77,8.298906557950192e-78,1.242168985649333e-75,164.8956767731772,mpmath_1792,5.919219508342974,139.88581680161747,66.55942062314672,256
uniformdata_10_1000,10,Float64,false,taylor,transfree,0.0,0.0021673409999999997,0.006361513,0.008300347999999999,0.001743901,0.019016847,90,7,6.523296471624765e-269,1.04834153323882,1,1.331998346195134e-256,4.028271798408372e-255,1.035263895879293e-252,164.8956767731772,mpmath_1792,5.919219508342974,139.88581680161747,66.55942062314672,851
uniformdata_10_1000,10,Float64,false,taylor,complexschur,0.002062916,0.00032678,0.000972826,0.003427968,0.000403356,0.00862921,25,1,5.551115123125783e-17,8.965497742421809,1,2.220446049250313e-16,5.983536670529911e-15,9.718491502625973e-13,164.8956767731772,mpmath_1792,5.919219508342974,139.88581680161747,66.55942062314672,53
uniformdata_10_1000,10,Float64,false,taylor,complexschur,0.00591064,0.001609186,0.0027522870000000004,0.011824491000000001,0.000488367,0.024406208,72,1,7.938176218146866e-78,8.965497742421787,1,1.727233711018889e-77,2.909059213455015e-76,5.773552468034233e-74,164.8956767731772,mpmath_1792,5.919219508342974,139.88581680161747,66.55942062314672,256
uniformdata_10_1000,10,Float64,false,taylor,complexschur,0.007871913,0.0014953879999999998,0.008660905999999998,0.015142626,0.008822547,0.047358746,90,7,1.197592052905106e-269,1.039182126239387,1,1.331998346195134e-256,5.48139484573025e-255,9.990335408627855e-253,164.8956767731772,mpmath_1792,5.919219508342974,139.88581680161747,66.55942062314672,851
uniformdata_10_1000,10,Float64,false,taylor,realschur,0.002168416,0.00026914,0.0008605739999999999,0.0010278519999999999,0.000127683,0.004843253,25,1,5.551115123125783e-17,8.965497742421809,1,2.220446049250313e-16,5.966138181901698e-15,9.700727934231971e-13,164.8956767731772,mpmath_1792,5.919219508342974,139.88581680161747,66.55942062314672,53
uniformdata_10_1000,10,Float64,false,taylor,realschur,0.047631013,0.0009577899999999999,0.005339045000000002,0.002872622,0.000161867,0.05750198,72,1,7.938176218146866e-78,8.965497742421787,1,1.727233711018889e-77,2.937873307853154e-76,5.828823946786837e-74,164.8956767731772,mpmath_1792,5.919219508342974,139.88581680161747,66.55942062314672,256
uniformdata_10_1000,10,Float64,false,taylor,realschur,0.008826795,0.0009262199999999998,0.007268182000000001,0.005947946,0.003443066,0.027754643,90,7,1.197592052905106e-269,1.039182126239387,1,1.331998346195134e-256,5.485937951748388e-255,1.002230336893654e-252,164.8956767731772,mpmath_1792,5.919219508342974,139.88581680161747,66.55942062314672,851
gearmat_10,10,Int64,false,scaling_and_squaring,NaN,NaN,NaN,NaN,NaN,NaN,3.653e-5,NaN,NaN,NaN,NaN,NaN,2.220446049250313e-16,2.692708943877968e-16,2.849757063899421e-15,7.380746061228714,mpmath_1792,3.108157548058436,Inf,3.844062731816695e16,53
gearmat_10,10,Int64,false,diagonalcheap,transfree,0.0,2.164e-6,0.0008345939999999999,0.000717652,3.0e-8,0.085210837,9,0,6.215111303118566e-16,7.380746061228715,7.387704851595193,2.220446049250313e-16,3.35136096746569e-16,3.404868576211999e-15,7.380746061228714,mpmath_1792,3.108157548058436,Inf,3.844062731816695e16,53
gearmat_10,10,Int64,false,diagonalcheap,transfree,0.0,0.00021156,0.00187933,0.001661593,3.0e-8,0.003911144,31,0,1.128558358122067e-83,7.380746061228713,7.387258909320135,1.727233711018889e-77,2.021127300864622e-77,1.941091550392364e-76,7.380746061228714,mpmath_1792,3.108157548058436,Inf,3.844062731816695e16,256
gearmat_10,10,Int64,false,diagonalcheap,transfree,0.0,0.00045255799999999993,0.004853181999999998,0.006368339,5.0e-8,0.011854883,73,0,1.848192599855943e-256,7.380746061228706,7.387133485362342,1.331998346195134e-256,1.926948596308015e-256,2.589815376670259e-255,7.380746061228714,mpmath_1792,3.108157548058436,Inf,3.844062731816695e16,851
gearmat_10,10,Int64,false,diagonalcheap,complexschur,0.002593604,3.376e-6,0.002705667,0.005615129,3.0e-8,0.012165643,9,0,1.570165760847956e-15,8.568809106536275,9.204726617916704,2.220446049250313e-16,1.080233031897177e-15,1.003635213467153e-14,7.380746061228714,mpmath_1792,3.108157548058436,Inf,3.844062731816695e16,53
gearmat_10,10,Int64,false,diagonalcheap,complexschur,0.003339028,0.000331708,0.0030381989999999992,0.006968256999999999,3.0e-8,0.015116174,31,0,3.192001928581069e-84,8.808757617535615,9.017869630138351,1.727233711018889e-77,8.847968677043162e-77,8.825631747778675e-76,7.380746061228714,mpmath_1792,3.108157548058436,Inf,3.844062731816695e16,256
gearmat_10,10,Int64,false,diagonalcheap,complexschur,0.008097461,0.0011624559999999999,0.009383773000000002,0.02239489,4.0e-8,0.043287048,81,0,2.123148758331922e-281,8.808757617535605,9.013302398490772,1.331998346195134e-256,8.423892345060498e-256,8.974366437888299e-255,7.380746061228714,mpmath_1792,3.108157548058436,Inf,3.844062731816695e16,851
gearmat_10,10,Int64,false,diagonalcheap,realschur,0.002735663,3.226e-6,0.0014264970000000003,0.001463398,4.1e-8,0.006229756,9,0,1.570165760847956e-15,8.568809106536275,9.204726617916704,2.220446049250313e-16,1.078252892988011e-15,9.996182444180938e-15,7.380746061228714,mpmath_1792,3.108157548058436,Inf,3.844062731816695e16,53
gearmat_10,10,Int64,false,diagonalcheap,realschur,0.003456982,0.00030342499999999996,0.0025451209999999996,0.0017961399999999999,4.0e-8,0.008778403,31,0,3.192001928581069e-84,8.808757617535615,9.017869630138353,1.727233711018889e-77,8.847968677043162e-77,8.825631747778675e-76,7.380746061228714,mpmath_1792,3.108157548058436,Inf,3.844062731816695e16,256
gearmat_10,10,Int64,false,diagonalcheap,realschur,0.005720168,0.000973378,0.008744770000000002,0.006857747,4.0e-8,0.023089098,81,0,2.123148758331922e-281,8.808757617535605,9.01330239849077,1.331998346195134e-256,8.423892345060498e-256,8.974366437888299e-255,7.380746061228714,mpmath_1792,3.108157548058436,Inf,3.844062731816695e16,851
gearmat_10,10,Int64,false,taylor,transfree,0.0,0.000183207,0.0005592609999999999,0.001118259,3.0e-8,0.002047206,25,0,8.326672684688674e-17,6.333333333333334,1,2.220446049250313e-16,5.87747511030714e-17,4.816699577937321e-16,7.380746061228714,mpmath_1792,3.108157548058436,Inf,3.844062731816695e16,53
gearmat_10,10,Int64,false,taylor,transfree,0.0,0.000414206,0.0008897889999999999,0.0020597199999999997,5.0e-8,0.003523248,72,0,8.236092143148846e-84,6.333333333333333,1,1.727233711018889e-77,5.352364803500521e-78,4.297232416127705e-77,7.380746061228714,mpmath_1792,3.108157548058436,Inf,3.844062731816695e16,256
gearmat_10,10,Int64,false,taylor,transfree,0.0,0.00048516200000000003,0.003224782,0.004337713,0.002676671,0.010982257,90,6,1.032251880425026e-278,1.031743407499021,1,1.331998346195134e-256,2.993243286024616e-255,3.008496985798278e-254,7.380746061228714,mpmath_1792,3.108157548058436,Inf,3.844062731816695e16,851
gearmat_10,10,Int64,false,taylor,complexschur,0.003185437,0.000530398,0.0013034830000000002,0.005928645,4.0e-8,0.01234841,25,0,0,7.398149896973374,1,2.220446049250313e-16,1.094487319583177e-15,1.155743357256006e-14,7.380746061228714,mpmath_1792,3.108157548058436,Inf,3.844062731816695e16,53
gearmat_10,10,Int64,false,taylor,complexschur,0.002496739,0.00072619,0.0012760439999999998,0.006153909000000001,4.0e-8,0.011661416,72,0,2.059023035787212e-84,7.54128886030615,1,1.727233711018889e-77,8.80193208885171e-77,9.355735629156078e-76,7.380746061228714,mpmath_1792,3.108157548058436,Inf,3.844062731816695e16,256
gearmat_10,10,Int64,false,taylor,complexschur,0.006628822,0.0014854309999999995,0.006152680999999999,0.05699446399999999,0.003403,0.076050568,90,6,5.844721704541298e-278,1.052049344441634,1,1.331998346195134e-256,8.338927338970786e-256,8.746038391905185e-255,7.380746061228714,mpmath_1792,3.108157548058436,Inf,3.844062731816695e16,851
gearmat_10,10,Int64,false,taylor,realschur,0.001524684,0.000254834,0.000813585,0.0009322190000000001,3.0e-8,0.003868453,25,0,0,7.398149896973374,1,2.220446049250313e-16,1.092330809707028e-15,1.147709419157889e-14,7.380746061228714,mpmath_1792,3.108157548058436,Inf,3.844062731816695e16,53
gearmat_10,10,Int64,false,taylor,realschur,0.002366592,0.000527471,0.001527669,0.0030353019999999997,9.0e-8,0.008100386,72,0,2.059023035787212e-84,7.54128886030615,1,1.727233711018889e-77,8.80193208885171e-77,9.355735629156078e-76,7.380746061228714,mpmath_1792,3.108157548058436,Inf,3.844062731816695e16,256
gearmat_10,10,Int64,false,taylor,realschur,0.00772347,0.0009930559999999998,0.004513471000000001,0.003753894,0.001714935,0.019519983,90,6,5.844721704541298e-278,1.052049344441634,1,1.331998346195134e-256,8.338927338970786e-256,8.746038391905185e-255,7.380746061228714,mpmath_1792,3.108157548058436,Inf,3.844062731816695e16,851
neumann_16,16,Int64,false,scaling_and_squaring,NaN,NaN,NaN,NaN,NaN,NaN,3.1289e-5,NaN,NaN,NaN,NaN,NaN,2.220446049250313e-16,4.355910244887343e-15,2.18035815744275e-11,5168.379063993997,mpmath_1792,16.74842806347653,1.4411518807585584e17,2.3692064377641136e17,53
neumann_16,16,Int64,false,diagonalcheap,transfree,0.0,0.000146239,0.0025011580000000003,0.0031981640000000003,0.000314036,0.087203159,13,1,0,86.53652563034906,15.539643089893344,2.220446049250313e-16,7.791800328793822e-16,4.412871322720718e-12,5168.379063993997,mpmath_1792,16.74842806347653,1.4411518807585584e17,2.3692064377641136e17,53
neumann_16,16,Int64,false,diagonalcheap,transfree,0.0,0.0006114699999999999,0.006496054000000001,0.011234434,0.000681704,0.019621876,37,1,2.606334533918053e-82,86.53652563034878,14.598222203522282,1.727233711018889e-77,2.028892073841245e-76,1.043303239265326e-72,5168.379063993997,mpmath_1792,16.74842806347653,1.4411518807585584e17,2.3692064377641136e17,256
neumann_16,16,Int64,false,diagonalcheap,transfree,0.0,0.00205076,0.017195,0.03651399,0.001539011,0.058126957,91,1,5.276020715791283e-275,86.53652563034882,14.315177914288153,1.331998346195134e-256,1.147034976708857e-255,6.544109514956001e-252,5168.379063993997,mpmath_1792,16.74842806347653,1.4411518807585584e17,2.3692064377641136e17,851
neumann_16,16,Int64,false,diagonalcheap,complexschur,0.005645577,0.00020633200000000002,0.003698249,0.015652662,0.002262975,0.031663864,13,1,0,54.59815003314414,8.002264170200581,2.220446049250313e-16,3.910864728325527e-15,2.15111035975082e-11,5168.379063993997,mpmath_1792,16.74842806347653,1.4411518807585584e17,2.3692064377641136e17,53
neumann_16,16,Int64,false,diagonalcheap,complexschur,0.006649142,0.0014060890000000001,0.012280401,0.061704157,0.001337098,0.087236893,37,1,1.56366624704684e-83,54.59815003314432,7.594214439903119,1.727233711018889e-77,7.940664827990116e-76,4.772361755083714e-72,5168.379063993997,mpmath_1792,16.74842806347653,1.4411518807585584e17,2.3692064377641136e17,256
neumann_16,16,Int64,false,diagonalcheap,complexschur,0.010751519,0.0019664529999999995,0.016807296999999995,0.07393056499999999,0.001568177,0.109863202,91,1,1.677216597947988e-278,54.59815003314434,7.471150787026225,1.331998346195134e-256,5.965257723406506e-255,3.354211759431594e-251,5168.379063993997,mpmath_1792,16.74842806347653,1.4411518807585584e17,2.3692064377641136e17,851
neumann_16,16,Int64,false,diagonalcheap,realschur,0.00370325,0.000142071,0.00233973,0.003070779,0.000304258,0.010719458,13,1,0,54.59815003314414,8.002264170200581,2.220446049250313e-16,3.910864728325527e-15,2.15111035975082e-11,5168.379063993997,mpmath_1792,16.74842806347653,1.4411518807585584e17,2.3692064377641136e17,53
neumann_16,16,Int64,false,diagonalcheap,realschur,0.007009305,0.0008562140000000001,0.0066810390000000015,0.009781929,0.000599338,0.026667851,37,1,1.56366624704684e-83,54.59815003314432,7.594214439903119,1.727233711018889e-77,7.940664827990116e-76,4.772361755083714e-72,5168.379063993997,mpmath_1792,16.74842806347653,1.4411518807585584e17,2.3692064377641136e17,256
neumann_16,16,Int64,false,diagonalcheap,realschur,0.016674591,0.0013835070000000002,0.011569248000000002,0.017205863999999998,0.000724606,0.049992336,91,1,1.677216597947988e-278,54.59815003314434,7.471150787026225,1.331998346195134e-256,5.965257723406506e-255,3.354211759431594e-251,5168.379063993997,mpmath_1792,16.74842806347653,1.4411518807585584e17,2.3692064377641136e17,851
neumann_16,16,Int64,false,taylor,transfree,0.0,0.000488236,0.0011041130000000003,0.0038159360000000002,0.000540126,0.006381604,36,1,1.332267629550188e-15,34.16666666666667,1,2.220446049250313e-16,1.256474138449097e-16,5.771644305599415e-13,5168.379063993997,mpmath_1792,16.74842806347653,1.4411518807585584e17,2.3692064377641136e17,53
neumann_16,16,Int64,false,taylor,transfree,0.0,0.001788296,0.002994137999999998,0.015183809,0.000434655,0.021112216,90,1,6.588873714519077e-83,34.16666666666667,1,1.727233711018889e-77,1.566456414682949e-77,6.772915973935433e-74,5168.379063993997,mpmath_1792,16.74842806347653,1.4411518807585584e17,2.3692064377641136e17,256
neumann_16,16,Int64,false,taylor,transfree,0.0,0.0012044300000000003,0.0072296719999999995,0.021618177,0.007777884,0.038472629,90,8,1.43351827934635e-275,1.039772417275766,1,1.331998346195134e-256,1.515242516657094e-254,1.047640658851712e-250,5168.379063993997,mpmath_1792,16.74842806347653,1.4411518807585584e17,2.3692064377641136e17,851
neumann_16,16,Int64,false,taylor,complexschur,0.003568113,0.00100029,0.0019344519999999995,0.017579149999999998,0.001102232,0.028623002,30,1,6.661338147750939e-16,23.66666666666665,1,2.220446049250313e-16,3.900334565940652e-15,2.159636872579942e-11,5168.379063993997,mpmath_1792,16.74842806347653,1.4411518807585584e17,2.3692064377641136e17,53
neumann_16,16,Int64,false,taylor,complexschur,0.005802875,0.0021991249999999997,0.002848868999999998,0.052677903,0.001192113,0.068137579,90,1,8.236092143148846e-83,23.66666666666667,1,1.727233711018889e-77,7.679270221432192e-76,4.409780854466629e-72,5168.379063993997,mpmath_1792,16.74842806347653,1.4411518807585584e17,2.3692064377641136e17,256
neumann_16,16,Int64,false,taylor,complexschur,0.010370696,0.0023888250000000002,0.01019661,0.03274293,0.031850339,0.092075097,90,8,7.953641907210839e-278,1.031743407499103,1,1.331998346195134e-256,5.850752413554102e-255,3.151321771339151e-251,5168.379063993997,mpmath_1792,16.74842806347653,1.4411518807585584e17,2.3692064377641136e17,851
neumann_16,16,Int64,false,taylor,realschur,0.003612888,0.000450172,0.0013188639999999999,0.003541533,0.000280162,0.010281436,30,1,6.661338147750939e-16,23.66666666666665,1,2.220446049250313e-16,3.900334565940652e-15,2.159636872579942e-11,5168.379063993997,mpmath_1792,16.74842806347653,1.4411518807585584e17,2.3692064377641136e17,53
neumann_16,16,Int64,false,taylor,realschur,0.005525218,0.001462234,0.002732557,0.011083970999999998,0.000383769,0.022703505,90,1,8.236092143148846e-83,23.66666666666667,1,1.727233711018889e-77,7.679270221432192e-76,4.409780854466629e-72,5168.379063993997,mpmath_1792,16.74842806347653,1.4411518807585584e17,2.3692064377641136e17,256
neumann_16,16,Int64,false,taylor,realschur,0.016667889,0.0010665940000000004,0.006600028,0.011104327,0.009178102,0.047545772,90,8,7.953641907210839e-278,1.031743407499103,1,1.331998346195134e-256,5.850752413554102e-255,3.151321771339151e-251,5168.379063993997,mpmath_1792,16.74842806347653,1.4411518807585584e17,2.3692064377641136e17,851
