kind,n,eltype,ishermitian,approximant,algorithm,m,s,delta,psi,cond_q,epsilon,rel_err_F,abs_err_1,nrm1_Yb4Sq_true,Ytrue_method,precision
rand_8,8,Float64,false,diagonalcheap,transfree,13,0,4.13710486317553e-16,80.90624298686501,23.98024933935801,2.220446049250313e-16,8.831571024614812e-16,7.031690783208075e-14,80.90624298686493,mpmath_1792,53
rand_8,8,Float64,false,diagonalcheap,transfree,37,0,3.509270594282135e-82,80.90624298686507,22.67058921555276,1.727233711018889e-77,2.966314396442808e-77,2.17128735881013e-75,80.90624298686493,mpmath_1792,256
rand_8,8,Float64,false,diagonalcheap,transfree,91,0,5.499198665081305e-274,80.90624298686504,22.275739086609104,1.331998346195134e-256,3.663965290337888e-256,2.73813523479176e-254,80.90624298686493,mpmath_1792,851
rand_8,8,Float64,false,diagonalcheap,complexschur,13,0,1.727863620464029e-16,63.20786453836474,13.82126747402247,2.220446049250313e-16,1.374307956310014e-15,1.278113663697772e-13,80.90624298686493,mpmath_1792,53
rand_8,8,Float64,false,diagonalcheap,complexschur,37,0,3.269982525145195e-83,63.20786453836477,13.080648700375168,1.727233711018889e-77,2.232704588086453e-76,1.96922028607046e-74,80.90624298686493,mpmath_1792,256
rand_8,8,Float64,false,diagonalcheap,complexschur,91,0,1.597394722504928e-275,63.20786453836471,12.857519874402211,1.331998346195134e-256,1.297137458325727e-255,1.069963859292434e-253,80.90624298686493,mpmath_1792,851
rand_8,8,Float64,false,diagonalcheap,realschur,13,0,1.727863620464029e-16,63.20786453836475,15.00391846774727,2.220446049250313e-16,1.317726390495234e-15,1.207059390121762e-13,80.90624298686493,mpmath_1792,53
rand_8,8,Float64,false,diagonalcheap,realschur,37,0,3.269982525145195e-83,63.20786453836477,14.783175418651918,1.727233711018889e-77,2.266812900087605e-76,2.166124929126614e-74,80.90624298686493,mpmath_1792,256
rand_8,8,Float64,false,diagonalcheap,realschur,91,0,1.597394722504928e-275,63.20786453836471,13.97051146249258,1.331998346195134e-256,1.314225301000518e-255,1.080619846061995e-253,80.90624298686493,mpmath_1792,851
rand_8,8,Float64,false,taylor,transfree,25,1,1.734723475976807e-18,8.330209253480698,1,2.220446049250313e-16,9.14101564643112e-17,1.04370866223975e-15,9.927291764080234,mpmath_1792,53
rand_8,8,Float64,false,taylor,transfree,72,1,2.295724765335275e-82,8.330209253480697,1,1.727233711018889e-77,4.90546313904935e-78,6.450149962510647e-77,9.927291764080234,mpmath_1792,256
rand_8,8,Float64,false,taylor,transfree,90,7,2.054299009192926e-275,1.042442192119185,1,1.331998346195134e-256,2.827714714115503e-257,5.110732006772061e-257,1.042442192119185,mpmath_1792,851
rand_8,8,Float64,false,taylor,complexschur,25,1,0,6.707511088247431,1,2.220446049250313e-16,7.927675499752619e-16,8.388565085777015e-15,9.927291764080234,mpmath_1792,53
rand_8,8,Float64,false,taylor,complexschur,72,1,2.999472061850673e-83,6.707511088247435,1,1.727233711018889e-77,1.255501201781989e-76,1.317009094304307e-75,9.927291764080234,mpmath_1792,256
rand_8,8,Float64,false,taylor,complexschur,90,7,2.096144424536198e-276,1.032924370985322,1,1.331998346195134e-256,1.040744407861645e-255,3.780811082682051e-255,1.042442192119185,mpmath_1792,851
rand_8,8,Float64,false,taylor,realschur,25,1,0,6.707511088247431,1,2.220446049250313e-16,7.985110196823742e-16,8.011209406439039e-15,9.927291764080234,mpmath_1792,53
rand_8,8,Float64,false,taylor,realschur,72,1,2.999472061850673e-83,6.707511088247435,1,1.727233711018889e-77,1.252643777662847e-76,1.321327178581854e-75,9.927291764080234,mpmath_1792,256
rand_8,8,Float64,false,taylor,realschur,90,7,2.096144424536198e-276,1.032924370985322,1,1.331998346195134e-256,1.060039628624458e-255,3.814111041336929e-255,1.042442192119185,mpmath_1792,851
rand_24,24,Float64,false,diagonalcheap,transfree,13,2,1.443199422794952e-17,24.24911240288415,9.277749998268416,2.220446049250313e-16,3.040442825388268e-16,6.649643258482935e-15,24.24911240288415,mpmath_1792,53
rand_24,24,Float64,false,diagonalcheap,transfree,43,1,7.052190627056254e-87,475.4071876046449,73.67903510360047,1.727233711018889e-77,1.880397073155694e-76,8.658840722322637e-74,475.4071876046441,mpmath_1792,256
rand_24,24,Float64,false,diagonalcheap,transfree,91,2,2.837039632840652e-301,24.24911240288415,8.90781334872764,1.331998346195134e-256,1.521541046364755e-256,3.260708836494067e-255,24.24911240288415,mpmath_1792,851
rand_24,24,Float64,false,diagonalcheap,complexschur,17,1,4.071349156524353e-15,376.0216790331864,53.99515599278174,2.220446049250313e-16,6.042024164589965e-15,3.141963936518308e-12,475.4071876046441,mpmath_1792,53
rand_24,24,Float64,false,diagonalcheap,complexschur,43,1,7.392848993980708e-88,376.0216790332007,51.92778620433112,1.727233711018889e-77,5.238455565337485e-76,2.646032058740808e-73,475.4071876046441,mpmath_1792,256
rand_24,24,Float64,false,diagonalcheap,complexschur,91,2,1.063074877509868e-302,19.391278426994,7.771901388722905,1.331998346195134e-256,1.462543413234231e-255,4.797425751629283e-254,24.24911240288415,mpmath_1792,851
rand_24,24,Float64,false,diagonalcheap,realschur,17,1,4.071349156524353e-15,376.0216790331864,40.85361996861231,2.220446049250313e-16,6.049680884337962e-15,3.188149214342715e-12,475.4071876046441,mpmath_1792,53
rand_24,24,Float64,false,diagonalcheap,realschur,43,1,7.392848993980708e-88,376.0216790332006,49.8297030089709,1.727233711018889e-77,5.244693156630384e-76,2.699921750524598e-73,475.4071876046441,mpmath_1792,256
rand_24,24,Float64,false,diagonalcheap,realschur,91,2,1.063074877509868e-302,19.391278426994,6.764008872570546,1.331998346195134e-256,1.456039197243843e-255,4.81740572682221e-254,24.24911240288415,mpmath_1792,851
rand_24,24,Float64,false,taylor,transfree,30,2,0,19.86133749947565,1,2.220446049250313e-16,9.570053219717499e-17,2.294359280633887e-15,24.24911240288415,mpmath_1792,53
rand_24,24,Float64,false,taylor,transfree,81,2,9.408933235675383e-84,19.86133749947565,1,1.727233711018889e-77,5.957950259078474e-78,1.350220990089064e-76,24.24911240288415,mpmath_1792,256
rand_24,24,Float64,false,taylor,transfree,90,8,2.443853052476446e-261,1.059676248621908,1,1.331998346195134e-256,3.014781025376925e-257,5.921663320395946e-257,1.059676248621908,mpmath_1792,851
rand_24,24,Float64,false,taylor,complexschur,30,2,1.040834085586084e-17,15.92293415859416,1,2.220446049250313e-16,3.551858924550008e-15,1.114839352645778e-13,24.24911240288415,mpmath_1792,53
rand_24,24,Float64,false,taylor,complexschur,81,2,1.103233829008714e-84,15.92293415859419,1,1.727233711018889e-77,2.369790843010379e-76,7.044285283122919e-75,24.24911240288415,mpmath_1792,256
rand_24,24,Float64,false,taylor,complexschur,90,8,2.875791623060164e-262,1.047415148395816,1,1.331998346195134e-256,1.590282197677013e-255,8.131547401734572e-255,1.059676248621908,mpmath_1792,851
rand_24,24,Float64,false,taylor,realschur,30,2,1.040834085586084e-17,15.92293415859416,1,2.220446049250313e-16,3.548198060821221e-15,1.121500690793529e-13,24.24911240288415,mpmath_1792,53
rand_24,24,Float64,false,taylor,realschur,81,2,1.103233829008714e-84,15.92293415859419,1,1.727233711018889e-77,2.362389982277508e-76,7.035649114567824e-75,24.24911240288415,mpmath_1792,256
rand_24,24,Float64,false,taylor,realschur,90,8,2.875791623060164e-262,1.047415148395816,1,1.331998346195134e-256,1.580127696305936e-255,8.242254914798061e-255,1.059676248621908,mpmath_1792,851
rand_8_big,8,BigFloat,false,diagonalcheap,transfree,13,0,7.027396504884648e-16,92.71708327375168,25.151569067050932,2.220446049250313e-16,1.312031978696417e-15,1.246351235522917e-13,92.71708327375159,mpmath_1792,53
rand_8_big,8,BigFloat,false,diagonalcheap,transfree,37,0,4.321271199132961e-81,92.71708327375131,23.619324300271682,1.727233711018889e-77,6.336900201944926e-77,5.251472384234027e-75,92.71708327375159,mpmath_1792,256
rand_8_big,8,BigFloat,false,diagonalcheap,transfree,91,0,1.869995376126745e-271,92.71708327375171,23.15910828355916,1.331998346195134e-256,6.065781092256726e-256,6.030089979409505e-254,92.71708327375159,mpmath_1792,851
rand_8_big,8,BigFloat,false,diagonalcheap,complexschur,13,0,1.770359988648177e-16,71.75972338713694,20.686755602345183,2.220446049250313e-16,4.857568929338222e-15,4.384699945375877e-13,92.71708327375159,mpmath_1792,53
rand_8_big,8,BigFloat,false,diagonalcheap,complexschur,37,0,3.57328822297139e-82,71.75972338713733,19.50851507544498,1.727233711018889e-77,1.134827865132761e-76,1.235900061085155e-74,92.71708327375159,mpmath_1792,256
rand_8_big,8,BigFloat,false,diagonalcheap,complexschur,91,0,4.517620793286401e-273,71.75972338713657,19.154327190294378,1.331998346195134e-256,4.357286120072128e-255,4.209201006531247e-253,92.71708327375159,mpmath_1792,851
rand_8_big,8,BigFloat,false,diagonalcheap,realschur,13,0,1.770359988648177e-16,71.75972338713694,20.08847352457747,2.220446049250313e-16,4.874271597230472e-15,4.45115523413208e-13,92.71708327375159,mpmath_1792,53
rand_8_big,8,BigFloat,false,diagonalcheap,realschur,37,0,3.57328822297139e-82,71.75972338713733,18.940442856461967,1.727233711018889e-77,1.144181724515273e-76,1.18062858233255e-74,92.71708327375159,mpmath_1792,256
rand_8_big,8,BigFloat,false,diagonalcheap,realschur,91,0,4.517620793286401e-273,71.75972338713659,18.59537443633854,1.331998346195134e-256,4.348771637025526e-255,4.186037511172773e-253,92.71708327375159,mpmath_1792,851
rand_8_big,8,BigFloat,false,taylor,transfree,25,1,1.734723475976807e-18,8.666426778428466,1,2.220446049250313e-16,9.332919345897433e-17,8.42740945288446e-16,10.52477219356256,mpmath_1792,53
rand_8_big,8,BigFloat,false,taylor,transfree,72,1,2.328348472659081e-81,8.666426778428466,1,1.727233711018889e-77,5.19583790448857e-78,6.361443579001055e-77,10.52477219356256,mpmath_1792,256
rand_8_big,8,BigFloat,false,taylor,transfree,90,7,3.631862124893752e-274,1.041425759575053,1,1.331998346195134e-256,3.009506007324989e-257,4.527324544585047e-257,1.041425759575053,mpmath_1792,851
rand_8_big,8,BigFloat,false,taylor,complexschur,25,1,1.734723475976807e-18,7.045081755468584,1,2.220446049250313e-16,2.817229434470677e-15,3.156931736022962e-14,10.52477219356256,mpmath_1792,53
rand_8_big,8,BigFloat,false,taylor,complexschur,72,1,2.710884856308128e-82,7.045081755468595,1,1.727233711018889e-77,9.995695324912256e-77,1.369777523752505e-75,10.52477219356256,mpmath_1792,256
rand_8_big,8,BigFloat,false,taylor,complexschur,90,7,3.256545202319001e-275,1.033948883082511,1,1.331998346195134e-256,7.976355206091136e-256,2.378588666433155e-255,1.041425759575053,mpmath_1792,851
rand_8_big,8,BigFloat,false,taylor,realschur,25,1,1.734723475976807e-18,7.045081755468584,1,2.220446049250313e-16,2.791082765730879e-15,3.045909433560447e-14,10.52477219356256,mpmath_1792,53
rand_8_big,8,BigFloat,false,taylor,realschur,72,1,2.710884856308128e-82,7.045081755468595,1,1.727233711018889e-77,9.976992482539983e-77,1.352505186642316e-75,10.52477219356256,mpmath_1792,256
rand_8_big,8,BigFloat,false,taylor,realschur,90,7,3.256545202319001e-275,1.033948883082511,1,1.331998346195134e-256,7.69156533532566e-256,2.301582512043749e-255,1.041425759575053,mpmath_1792,851
rand_24_big,24,BigFloat,false,diagonalcheap,transfree,13,2,4.723862063662636e-18,23.70784923852127,9.315154375442214,2.220446049250313e-16,3.252104982532246e-16,8.53944142869368e-15,23.70784923852127,mpmath_1792,53
rand_24_big,24,BigFloat,false,diagonalcheap,transfree,43,1,4.566573763097481e-87,460.6754300395423,63.8328302084385,1.727233711018889e-77,2.142883108569834e-76,1.013062840701713e-73,460.6754300395405,mpmath_1792,256
rand_24_big,24,BigFloat,false,diagonalcheap,transfree,91,2,1.294652867352573e-301,23.70784923852128,8.956360757429644,1.331998346195134e-256,1.268520861212959e-256,2.707586362930858e-255,23.70784923852127,mpmath_1792,851
rand_24_big,24,BigFloat,false,diagonalcheap,complexschur,17,1,1.672023723269011e-15,368.7107757746397,58.231069205236416,2.220446049250313e-16,4.463644291858113e-15,3.714340038770825e-12,460.6754300395405,mpmath_1792,53
rand_24_big,24,BigFloat,false,diagonalcheap,complexschur,43,1,6.077767659649121e-88,368.7107757746517,31.80095131138955,1.727233711018889e-77,1.318313299214949e-75,9.245323615781672e-73,460.6754300395405,mpmath_1792,256
rand_24_big,24,BigFloat,false,diagonalcheap,complexschur,91,2,5.744283307152148e-303,19.20184303067413,8.063348305713308,1.331998346195134e-256,5.229652323596094e-255,1.360355049255312e-253,23.70784923852127,mpmath_1792,851
rand_24_big,24,BigFloat,false,diagonalcheap,realschur,17,1,1.672023723269011e-15,368.7107757746397,51.51124521512284,2.220446049250313e-16,4.475772640899394e-15,3.716116395610225e-12,460.6754300395405,mpmath_1792,53
rand_24_big,24,BigFloat,false,diagonalcheap,realschur,43,1,6.077767659649121e-88,368.7107757746517,33.47050927563017,1.727233711018889e-77,1.317636689741713e-75,9.267432207282714e-73,460.6754300395405,mpmath_1792,256
rand_24_big,24,BigFloat,false,diagonalcheap,realschur,91,2,5.744283307152148e-303,19.20184303067413,7.9589643907417145,1.331998346195134e-256,5.226993832710431e-255,1.367681040159385e-253,23.70784923852127,mpmath_1792,851
rand_24_big,24,BigFloat,false,taylor,transfree,30,2,3.469446951953614e-18,19.45262821580847,1,2.220446049250313e-16,9.593689596855895e-17,2.44153983070846e-15,23.70784923852127,mpmath_1792,53
rand_24_big,24,BigFloat,false,taylor,transfree,81,2,6.441263263111602e-84,19.45262821580847,1,1.727233711018889e-77,7.660839512265892e-78,1.819661793485178e-76,23.70784923852127,mpmath_1792,256
rand_24_big,24,BigFloat,false,taylor,transfree,90,8,1.624327407498706e-261,1.058223402170498,1,1.331998346195134e-256,4.094271680621091e-257,6.752856245734427e-257,1.058223402170498,mpmath_1792,851
rand_24_big,24,BigFloat,false,taylor,complexschur,30,2,0,15.79862475260993,1,2.220446049250313e-16,1.236450968841129e-15,3.299909392174432e-14,23.70784923852127,mpmath_1792,53
rand_24_big,24,BigFloat,false,taylor,complexschur,81,2,8.404257557986739e-85,15.79862475260993,1,1.727233711018889e-77,5.92714710933781e-76,1.592219213338951e-74,23.70784923852127,mpmath_1792,256
rand_24_big,24,BigFloat,false,taylor,complexschur,90,8,2.126562493916456e-262,1.047254494864365,1,1.331998346195134e-256,1.64866241729241e-255,9.250893253921671e-255,1.058223402170498,mpmath_1792,851
rand_24_big,24,BigFloat,false,taylor,realschur,30,2,0,15.79862475260993,1,2.220446049250313e-16,1.243982949610461e-15,3.294358277051306e-14,23.70784923852127,mpmath_1792,53
rand_24_big,24,BigFloat,false,taylor,realschur,81,2,8.404257557986739e-85,15.79862475260993,1,1.727233711018889e-77,5.913676587757927e-76,1.614241443154442e-74,23.70784923852127,mpmath_1792,256
rand_24_big,24,BigFloat,false,taylor,realschur,90,8,2.126562493916456e-262,1.047254494864365,1,1.331998346195134e-256,1.65067770859384e-255,9.225658129003521e-255,1.058223402170498,mpmath_1792,851
Fasi_1,2,Int64,false,diagonalcheap,transfree,13,0,8.737682208100987e-19,0.1870026796624276,1.8192214548848382,2.220446049250313e-16,1.126159455854056e-16,2.105156987771356e-17,0.1870026796624277,mpmath_1792,53
Fasi_1,2,Int64,false,diagonalcheap,transfree,31,0,2.322519327041091e-82,0.1870026796624275,1.8325027910172393,1.727233711018889e-77,5.48319042836818e-78,8.705448025370191e-79,0.1870026796624277,mpmath_1792,256
Fasi_1,2,Int64,false,diagonalcheap,transfree,81,0,2.394464264240859e-281,0.1870026796624276,1.8380989593100703,1.331998346195134e-256,6.128370565334094e-257,1.124700148955855e-257,0.1870026796624277,mpmath_1792,851
Fasi_1,2,Int64,false,diagonalcheap,complexschur,0,0,NaN,NaN,1,2.220446049250313e-16,3.803364639166748e-16,6.268493330115693e-17,0.1870026796624277,mpmath_1792,53
Fasi_1,2,Int64,false,diagonalcheap,complexschur,0,0,NaN,NaN,1,1.727233711018889e-77,2.654585384269466e-77,3.732008400911061e-78,0.1870026796624277,mpmath_1792,256
Fasi_1,2,Int64,false,diagonalcheap,complexschur,0,0,NaN,NaN,1,1.331998346195134e-256,6.128370565334094e-257,1.124700148955855e-257,0.1870026796624277,mpmath_1792,851
Fasi_1,2,Int64,false,diagonalcheap,realschur,13,0,8.737682208100987e-19,0.1870026796624276,1.8192214548848382,2.220446049250313e-16,1.126159455854056e-16,2.105156987771356e-17,0.1870026796624277,mpmath_1792,53
Fasi_1,2,Int64,false,diagonalcheap,realschur,31,0,2.322519327041091e-82,0.1870026796624275,1.8325027910172393,1.727233711018889e-77,5.48319042836818e-78,8.705448025370191e-79,0.1870026796624277,mpmath_1792,256
Fasi_1,2,Int64,false,diagonalcheap,realschur,81,0,2.394464264240859e-281,0.1870026796624276,1.8380989593100703,1.331998346195134e-256,6.128370565334094e-257,1.124700148955855e-257,0.1870026796624277,mpmath_1792,851
Fasi_1,2,Int64,false,taylor,transfree,25,0,2.255140518769849e-17,1,1,2.220446049250313e-16,1.126159455854056e-16,2.105156987771356e-17,0.1870026796624277,mpmath_1792,53
Fasi_1,2,Int64,false,taylor,transfree,72,0,9.754327160193126e-80,0.9999999999999999,1,1.727233711018889e-77,5.48319042836818e-78,8.705448025370191e-79,0.1870026796624277,mpmath_1792,256
Fasi_1,2,Int64,false,taylor,transfree,90,6,1.833260566397978e-272,0.9842585753539435,1,1.331998346195134e-256,2.867940685380389e-257,2.827042252679996e-257,0.9842585753539435,mpmath_1792,851
Fasi_1,2,Int64,false,taylor,complexschur,0,0,NaN,NaN,1,2.220446049250313e-16,3.803364639166748e-16,6.268493330115693e-17,0.1870026796624277,mpmath_1792,53
Fasi_1,2,Int64,false,taylor,complexschur,0,0,NaN,NaN,1,1.727233711018889e-77,2.654585384269466e-77,3.732008400911061e-78,0.1870026796624277,mpmath_1792,256
Fasi_1,2,Int64,false,taylor,complexschur,0,0,NaN,NaN,1,1.331998346195134e-256,6.128370565334094e-257,1.124700148955855e-257,0.1870026796624277,mpmath_1792,851
Fasi_1,2,Int64,false,taylor,realschur,25,0,2.255140518769849e-17,1,1,2.220446049250313e-16,1.126159455854056e-16,2.105156987771356e-17,0.1870026796624277,mpmath_1792,53
Fasi_1,2,Int64,false,taylor,realschur,72,0,9.754327160193126e-80,0.9999999999999999,1,1.727233711018889e-77,5.48319042836818e-78,8.705448025370191e-79,0.1870026796624277,mpmath_1792,256
Fasi_1,2,Int64,false,taylor,realschur,90,6,1.833260566397978e-272,0.9842585753539435,1,1.331998346195134e-256,2.867940685380389e-257,2.827042252679996e-257,0.9842585753539435,mpmath_1792,851
Fasi_2,2,Float64,true,diagonalcheap,transfree,0,0,NaN,NaN,NaN,2.220446049250313e-16,2.441058484352486e-16,1.812614963873688e-15,7.389056098930662,mpmath_1792,53
Fasi_2,2,Float64,true,diagonalcheap,transfree,0,0,NaN,NaN,NaN,1.727233711018889e-77,8.809126854542638e-78,8.031995852095115e-77,7.389056098930662,mpmath_1792,256
Fasi_2,2,Float64,true,diagonalcheap,transfree,0,0,NaN,NaN,NaN,1.331998346195134e-256,5.565929337813387e-257,4.171184904290528e-256,7.389056098930662,mpmath_1792,851
Fasi_2,2,Float64,true,diagonalcheap,complexschur,0,0,NaN,NaN,1,2.220446049250313e-16,2.75301556153053e-16,2.244554002777346e-15,7.389056098930662,mpmath_1792,53
Fasi_2,2,Float64,true,diagonalcheap,complexschur,0,0,NaN,NaN,1,1.727233711018889e-77,1.018421090536413e-77,9.741371834135198e-77,7.389056098930662,mpmath_1792,256
Fasi_2,2,Float64,true,diagonalcheap,complexschur,0,0,NaN,NaN,1,1.331998346195134e-256,1.227791449253947e-256,8.958937375818491e-256,7.389056098930662,mpmath_1792,851
Fasi_2,2,Float64,true,diagonalcheap,realschur,0,0,NaN,NaN,1,2.220446049250313e-16,2.75301556153053e-16,2.244554002777346e-15,7.389056098930662,mpmath_1792,53
Fasi_2,2,Float64,true,diagonalcheap,realschur,0,0,NaN,NaN,1,1.727233711018889e-77,1.018421090536413e-77,9.741371834135198e-77,7.389056098930662,mpmath_1792,256
Fasi_2,2,Float64,true,diagonalcheap,realschur,0,0,NaN,NaN,1,1.331998346195134e-256,1.227791449253947e-256,8.958937375818491e-256,7.389056098930662,mpmath_1792,851
Fasi_2,2,Float64,true,taylor,transfree,0,0,NaN,NaN,NaN,2.220446049250313e-16,2.441058484352486e-16,1.812614963873688e-15,7.389056098930662,mpmath_1792,53
Fasi_2,2,Float64,true,taylor,transfree,0,0,NaN,NaN,NaN,1.727233711018889e-77,8.809126854542638e-78,8.031995852095115e-77,7.389056098930662,mpmath_1792,256
Fasi_2,2,Float64,true,taylor,transfree,0,0,NaN,NaN,NaN,1.331998346195134e-256,5.565929337813387e-257,4.171184904290528e-256,7.389056098930662,mpmath_1792,851
Fasi_2,2,Float64,true,taylor,complexschur,0,0,NaN,NaN,1,2.220446049250313e-16,2.75301556153053e-16,2.244554002777346e-15,7.389056098930662,mpmath_1792,53
Fasi_2,2,Float64,true,taylor,complexschur,0,0,NaN,NaN,1,1.727233711018889e-77,1.018421090536413e-77,9.741371834135198e-77,7.389056098930662,mpmath_1792,256
Fasi_2,2,Float64,true,taylor,complexschur,0,0,NaN,NaN,1,1.331998346195134e-256,1.227791449253947e-256,8.958937375818491e-256,7.389056098930662,mpmath_1792,851
Fasi_2,2,Float64,true,taylor,realschur,0,0,NaN,NaN,1,2.220446049250313e-16,2.75301556153053e-16,2.244554002777346e-15,7.389056098930662,mpmath_1792,53
Fasi_2,2,Float64,true,taylor,realschur,0,0,NaN,NaN,1,1.727233711018889e-77,1.018421090536413e-77,9.741371834135198e-77,7.389056098930662,mpmath_1792,256
Fasi_2,2,Float64,true,taylor,realschur,0,0,NaN,NaN,1,1.331998346195134e-256,1.227791449253947e-256,8.958937375818491e-256,7.389056098930662,mpmath_1792,851
Fasi_3,3,Float64,true,diagonalcheap,transfree,0,0,NaN,NaN,NaN,2.220446049250313e-16,6.256176574174141e-17,1.378013470051737e-12,22026.46579480672,mpmath_1792,53
Fasi_3,3,Float64,true,diagonalcheap,transfree,0,0,NaN,NaN,NaN,1.727233711018889e-77,5.194427632094886e-78,1.144148702632625e-73,22026.46579480672,mpmath_1792,256
Fasi_3,3,Float64,true,diagonalcheap,transfree,0,0,NaN,NaN,NaN,1.331998346195134e-256,4.875311018060079e-257,1.073858695116495e-252,22026.46579480672,mpmath_1792,851
Fasi_3,3,Float64,true,diagonalcheap,complexschur,0,0,NaN,NaN,1,2.220446049250313e-16,6.256178058176488e-17,1.378013470051737e-12,22026.46579480672,mpmath_1792,53
Fasi_3,3,Float64,true,diagonalcheap,complexschur,0,0,NaN,NaN,1,1.727233711018889e-77,5.1944279201884e-78,1.144148702632625e-73,22026.46579480672,mpmath_1792,256
Fasi_3,3,Float64,true,diagonalcheap,complexschur,0,0,NaN,NaN,1,1.331998346195134e-256,4.875312425654929e-257,1.073858695116495e-252,22026.46579480672,mpmath_1792,851
Fasi_3,3,Float64,true,diagonalcheap,realschur,0,0,NaN,NaN,1,2.220446049250313e-16,6.256178058176488e-17,1.378013470051737e-12,22026.46579480672,mpmath_1792,53
Fasi_3,3,Float64,true,diagonalcheap,realschur,0,0,NaN,NaN,1,1.727233711018889e-77,5.1944279201884e-78,1.144148702632625e-73,22026.46579480672,mpmath_1792,256
Fasi_3,3,Float64,true,diagonalcheap,realschur,0,0,NaN,NaN,1,1.331998346195134e-256,4.875312425654929e-257,1.073858695116495e-252,22026.46579480672,mpmath_1792,851
Fasi_3,3,Float64,true,taylor,transfree,0,0,NaN,NaN,NaN,2.220446049250313e-16,6.256176574174141e-17,1.378013470051737e-12,22026.46579480672,mpmath_1792,53
Fasi_3,3,Float64,true,taylor,transfree,0,0,NaN,NaN,NaN,1.727233711018889e-77,5.194427632094886e-78,1.144148702632625e-73,22026.46579480672,mpmath_1792,256
Fasi_3,3,Float64,true,taylor,transfree,0,0,NaN,NaN,NaN,1.331998346195134e-256,4.875311018060079e-257,1.073858695116495e-252,22026.46579480672,mpmath_1792,851
Fasi_3,3,Float64,true,taylor,complexschur,0,0,NaN,NaN,1,2.220446049250313e-16,6.256178058176488e-17,1.378013470051737e-12,22026.46579480672,mpmath_1792,53
Fasi_3,3,Float64,true,taylor,complexschur,0,0,NaN,NaN,1,1.727233711018889e-77,5.1944279201884e-78,1.144148702632625e-73,22026.46579480672,mpmath_1792,256
Fasi_3,3,Float64,true,taylor,complexschur,0,0,NaN,NaN,1,1.331998346195134e-256,4.875312425654929e-257,1.073858695116495e-252,22026.46579480672,mpmath_1792,851
Fasi_3,3,Float64,true,taylor,realschur,0,0,NaN,NaN,1,2.220446049250313e-16,6.256178058176488e-17,1.378013470051737e-12,22026.46579480672,mpmath_1792,53
Fasi_3,3,Float64,true,taylor,realschur,0,0,NaN,NaN,1,1.727233711018889e-77,5.1944279201884e-78,1.144148702632625e-73,22026.46579480672,mpmath_1792,256
Fasi_3,3,Float64,true,taylor,realschur,0,0,NaN,NaN,1,1.331998346195134e-256,4.875312425654929e-257,1.073858695116495e-252,22026.46579480672,mpmath_1792,851
Fasi_4,10,Float64,false,diagonalcheap,transfree,13,0,1.174116633594101e-14,145.5950667550513,8.302285053394563,2.220446049250313e-16,1.482268985152131e-15,2.523226383411956e-13,145.5950667550513,mpmath_1792,53
Fasi_4,10,Float64,false,diagonalcheap,transfree,37,0,4.546721232803945e-77,145.595066755052,7.682757853574171,1.727233711018889e-77,5.475334295560279e-77,7.312674857204295e-75,145.5950667550513,mpmath_1792,256
Fasi_4,10,Float64,false,diagonalcheap,transfree,91,0,2.441711290062248e-262,145.5950667550518,7.4983755259705145,1.331998346195134e-256,4.125862353417189e-256,6.259758360883599e-254,145.5950667550513,mpmath_1792,851
Fasi_4,10,Float64,false,diagonalcheap,complexschur,13,0,1.174116633594101e-14,145.5950667550513,8.302285053394563,2.220446049250313e-16,1.482268985152131e-15,2.523226383411956e-13,145.5950667550513,mpmath_1792,53
Fasi_4,10,Float64,false,diagonalcheap,complexschur,37,0,4.546721232803945e-77,145.595066755052,7.682757853574171,1.727233711018889e-77,5.475334295560279e-77,7.312674857204295e-75,145.5950667550513,mpmath_1792,256
Fasi_4,10,Float64,false,diagonalcheap,complexschur,91,0,2.441711290062248e-262,145.5950667550518,7.4983755259705145,1.331998346195134e-256,4.125862353417189e-256,6.259758360883599e-254,145.5950667550513,mpmath_1792,851
Fasi_4,10,Float64,false,diagonalcheap,realschur,13,0,1.174116633594101e-14,145.5950667550513,8.302285053394563,2.220446049250313e-16,1.482268985152131e-15,2.523226383411956e-13,145.5950667550513,mpmath_1792,53
Fasi_4,10,Float64,false,diagonalcheap,realschur,37,0,4.546721232803945e-77,145.595066755052,7.682757853574171,1.727233711018889e-77,5.475334295560279e-77,7.312674857204295e-75,145.5950667550513,mpmath_1792,256
Fasi_4,10,Float64,false,diagonalcheap,realschur,91,0,2.441711290062248e-262,145.5950667550518,7.4983755259705145,1.331998346195134e-256,4.125862353417189e-256,6.259758360883599e-254,145.5950667550513,mpmath_1792,851
Fasi_4,10,Float64,false,taylor,transfree,25,1,5.724587470723463e-17,9.229166666666666,1,2.220446049250313e-16,3.956320471008785e-17,5.301464963648904e-16,12.16115482949003,mpmath_1792,53
Fasi_4,10,Float64,false,taylor,transfree,72,1,1.255108137458778e-77,9.229166666666667,1,1.727233711018889e-77,3.444415717712622e-78,5.4371811442649e-77,12.16115482949003,mpmath_1792,256
Fasi_4,10,Float64,false,taylor,transfree,90,7,1.622683477174676e-269,1.039835471175832,1,1.331998346195134e-256,3.600257073543575e-257,4.478000291017455e-257,1.039835471175832,mpmath_1792,851
Fasi_4,10,Float64,false,taylor,complexschur,25,1,5.724587470723463e-17,9.229166666666666,1,2.220446049250313e-16,3.956320471008785e-17,5.301464963648904e-16,12.16115482949003,mpmath_1792,53
Fasi_4,10,Float64,false,taylor,complexschur,72,1,1.255108137458778e-77,9.229166666666667,1,1.727233711018889e-77,3.444415717712622e-78,5.4371811442649e-77,12.16115482949003,mpmath_1792,256
Fasi_4,10,Float64,false,taylor,complexschur,90,7,1.622683477174676e-269,1.039835471175832,1,1.331998346195134e-256,3.600257073543575e-257,4.478000291017455e-257,1.039835471175832,mpmath_1792,851
Fasi_4,10,Float64,false,taylor,realschur,25,1,5.724587470723463e-17,9.229166666666666,1,2.220446049250313e-16,3.956320471008785e-17,5.301464963648904e-16,12.16115482949003,mpmath_1792,53
Fasi_4,10,Float64,false,taylor,realschur,72,1,1.255108137458778e-77,9.229166666666667,1,1.727233711018889e-77,3.444415717712622e-78,5.4371811442649e-77,12.16115482949003,mpmath_1792,256
Fasi_4,10,Float64,false,taylor,realschur,90,7,1.622683477174676e-269,1.039835471175832,1,1.331998346195134e-256,3.600257073543575e-257,4.478000291017455e-257,1.039835471175832,mpmath_1792,851
Fasi_5,10,Float64,false,diagonalcheap,transfree,9,0,1.781893982842993e-16,18.18281828459045,31.829899749884074,2.220446049250313e-16,4.176188101682195e-17,8.418839309418817e-16,18.18281828459045,mpmath_1792,53
Fasi_5,10,Float64,false,diagonalcheap,transfree,31,0,1.730692795725788e-91,18.18281828459046,31.27009708310533,1.727233711018889e-77,1.055454523401075e-77,2.075694655964578e-76,18.18281828459045,mpmath_1792,256
Fasi_5,10,Float64,false,diagonalcheap,transfree,73,0,2.409934910308582e-286,18.18281828459045,31.14546399159968,1.331998346195134e-256,2.960239293055103e-257,6.135733340680595e-256,18.18281828459045,mpmath_1792,851
Fasi_5,10,Float64,false,diagonalcheap,complexschur,9,0,1.781893982842993e-16,18.18281828459045,31.829899749884074,2.220446049250313e-16,4.176188101682195e-17,8.418839309418817e-16,18.18281828459045,mpmath_1792,53
Fasi_5,10,Float64,false,diagonalcheap,complexschur,31,0,1.730692795725788e-91,18.18281828459046,31.27009708310533,1.727233711018889e-77,1.055454523401075e-77,2.075694655964578e-76,18.18281828459045,mpmath_1792,256
Fasi_5,10,Float64,false,diagonalcheap,complexschur,73,0,2.409934910308582e-286,18.18281828459045,31.14546399159968,1.331998346195134e-256,2.960239293055103e-257,6.135733340680595e-256,18.18281828459045,mpmath_1792,851
Fasi_5,10,Float64,false,diagonalcheap,realschur,9,0,1.781893982842993e-16,18.18281828459045,31.829899749884074,2.220446049250313e-16,4.176188101682195e-17,8.418839309418817e-16,18.18281828459045,mpmath_1792,53
Fasi_5,10,Float64,false,diagonalcheap,realschur,31,0,1.730692795725788e-91,18.18281828459046,31.27009708310533,1.727233711018889e-77,1.055454523401075e-77,2.075694655964578e-76,18.18281828459045,mpmath_1792,256
Fasi_5,10,Float64,false,diagonalcheap,realschur,73,0,2.409934910308582e-286,18.18281828459045,31.14546399159968,1.331998346195134e-256,2.960239293055103e-257,6.135733340680595e-256,18.18281828459045,mpmath_1792,851
Fasi_5,10,Float64,false,taylor,transfree,20,0,3.348016308635238e-16,17.66666666666666,1,2.220446049250313e-16,6.721497492807182e-17,1.378562118308431e-15,18.18281828459045,mpmath_1792,53
Fasi_5,10,Float64,false,taylor,transfree,64,0,1.650181512956763e-83,17.66666666666667,1,1.727233711018889e-77,3.347819546905191e-78,6.939076871494666e-77,18.18281828459045,mpmath_1792,256
Fasi_5,10,Float64,false,taylor,transfree,90,5,1.00129153407169e-268,1.317434074991027,1,1.331998346195134e-256,9.803455109776532e-258,4.573766404699194e-257,1.317434074991027,mpmath_1792,851
Fasi_5,10,Float64,false,taylor,complexschur,20,0,3.348016308635238e-16,17.66666666666666,1,2.220446049250313e-16,6.721497492807182e-17,1.378562118308431e-15,18.18281828459045,mpmath_1792,53
Fasi_5,10,Float64,false,taylor,complexschur,64,0,1.650181512956763e-83,17.66666666666667,1,1.727233711018889e-77,3.347819546905191e-78,6.939076871494666e-77,18.18281828459045,mpmath_1792,256
Fasi_5,10,Float64,false,taylor,complexschur,90,5,1.00129153407169e-268,1.317434074991027,1,1.331998346195134e-256,9.803455109776532e-258,4.573766404699194e-257,1.317434074991027,mpmath_1792,851
Fasi_5,10,Float64,false,taylor,realschur,20,0,3.348016308635238e-16,17.66666666666666,1,2.220446049250313e-16,6.721497492807182e-17,1.378562118308431e-15,18.18281828459045,mpmath_1792,53
Fasi_5,10,Float64,false,taylor,realschur,64,0,1.650181512956763e-83,17.66666666666667,1,1.727233711018889e-77,3.347819546905191e-78,6.939076871494666e-77,18.18281828459045,mpmath_1792,256
Fasi_5,10,Float64,false,taylor,realschur,90,5,1.00129153407169e-268,1.317434074991027,1,1.331998346195134e-256,9.803455109776532e-258,4.573766404699194e-257,1.317434074991027,mpmath_1792,851
Fasi_6,3,Float64,true,diagonalcheap,transfree,0,0,NaN,NaN,NaN,2.220446049250313e-16,3.277326200845959e-18,9.940836292748854e+434276,3.033215396802088e+434294,mpmath_1792,53
Fasi_6,3,Float64,true,diagonalcheap,transfree,0,0,NaN,NaN,NaN,1.727233711018889e-77,4.57656483191886e-78,1.388170691263924e+434217,3.033215396802088e+434294,mpmath_1792,256
Fasi_6,3,Float64,true,diagonalcheap,transfree,0,0,NaN,NaN,NaN,1.331998346195134e-256,6.029542596290472e-258,1.828890143874229e+434037,3.033215396802088e+434294,mpmath_1792,851
Fasi_6,3,Float64,true,diagonalcheap,complexschur,0,0,NaN,NaN,1,2.220446049250313e-16,5.820766594442145e-11,1.765563885545317e+434284,3.033215396802088e+434294,mpmath_1792,53
Fasi_6,3,Float64,true,diagonalcheap,complexschur,0,0,NaN,NaN,1,1.727233711018889e-77,4.527835099259185e-72,1.373389913725387e+434223,3.033215396802088e+434294,mpmath_1792,256
Fasi_6,3,Float64,true,diagonalcheap,complexschur,0,0,NaN,NaN,1,1.331998346195134e-256,3.491753246891917e-251,1.059123971030624e+434044,3.033215396802088e+434294,mpmath_1792,851
Fasi_6,3,Float64,true,diagonalcheap,realschur,0,0,NaN,NaN,1,2.220446049250313e-16,5.820766594442145e-11,1.765563885545317e+434284,3.033215396802088e+434294,mpmath_1792,53
Fasi_6,3,Float64,true,diagonalcheap,realschur,0,0,NaN,NaN,1,1.727233711018889e-77,4.527835099259185e-72,1.373389913725387e+434223,3.033215396802088e+434294,mpmath_1792,256
Fasi_6,3,Float64,true,diagonalcheap,realschur,0,0,NaN,NaN,1,1.331998346195134e-256,3.491753246891917e-251,1.059123971030624e+434044,3.033215396802088e+434294,mpmath_1792,851
Fasi_6,3,Float64,true,taylor,transfree,0,0,NaN,NaN,NaN,2.220446049250313e-16,3.277326200845959e-18,9.940836292748854e+434276,3.033215396802088e+434294,mpmath_1792,53
Fasi_6,3,Float64,true,taylor,transfree,0,0,NaN,NaN,NaN,1.727233711018889e-77,4.57656483191886e-78,1.388170691263924e+434217,3.033215396802088e+434294,mpmath_1792,256
Fasi_6,3,Float64,true,taylor,transfree,0,0,NaN,NaN,NaN,1.331998346195134e-256,6.029542596290472e-258,1.828890143874229e+434037,3.033215396802088e+434294,mpmath_1792,851
Fasi_6,3,Float64,true,taylor,complexschur,0,0,NaN,NaN,1,2.220446049250313e-16,5.820766594442145e-11,1.765563885545317e+434284,3.033215396802088e+434294,mpmath_1792,53
Fasi_6,3,Float64,true,taylor,complexschur,0,0,NaN,NaN,1,1.727233711018889e-77,4.527835099259185e-72,1.373389913725387e+434223,3.033215396802088e+434294,mpmath_1792,256
Fasi_6,3,Float64,true,taylor,complexschur,0,0,NaN,NaN,1,1.331998346195134e-256,3.491753246891917e-251,1.059123971030624e+434044,3.033215396802088e+434294,mpmath_1792,851
Fasi_6,3,Float64,true,taylor,realschur,0,0,NaN,NaN,1,2.220446049250313e-16,5.820766594442145e-11,1.765563885545317e+434284,3.033215396802088e+434294,mpmath_1792,53
Fasi_6,3,Float64,true,taylor,realschur,0,0,NaN,NaN,1,1.727233711018889e-77,4.527835099259185e-72,1.373389913725387e+434223,3.033215396802088e+434294,mpmath_1792,256
Fasi_6,3,Float64,true,taylor,realschur,0,0,NaN,NaN,1,1.331998346195134e-256,3.491753246891917e-251,1.059123971030624e+434044,3.033215396802088e+434294,mpmath_1792,851
Fasi_7,2,Float64,true,diagonalcheap,transfree,0,0,NaN,NaN,NaN,2.220446049250313e-16,6.595964615590512e-18,5.808946139241025e+4325,8.806818225662922e+4342,mpmath_1792,53
Fasi_7,2,Float64,true,diagonalcheap,transfree,0,0,NaN,NaN,NaN,1.727233711018889e-77,2.924237604531641e-78,2.575322903175814e+4265,8.806818225662922e+4342,mpmath_1792,256
Fasi_7,2,Float64,true,diagonalcheap,transfree,0,0,NaN,NaN,NaN,1.331998346195134e-256,9.302050344261638e-258,8.192146650787745e+4085,8.806818225662922e+4342,mpmath_1792,851
Fasi_7,2,Float64,true,diagonalcheap,complexschur,0,0,NaN,NaN,1,2.220446049250313e-16,1.215008890699248e-16,1.070036244295262e+4327,8.806818225662922e+4342,mpmath_1792,53
Fasi_7,2,Float64,true,diagonalcheap,complexschur,0,0,NaN,NaN,1,1.727233711018889e-77,2.924237604531641e-78,2.575322903175814e+4265,8.806818225662922e+4342,mpmath_1792,256
Fasi_7,2,Float64,true,diagonalcheap,complexschur,0,0,NaN,NaN,1,1.331998346195134e-256,5.962696929777166e-257,5.251238799526589e+4086,8.806818225662922e+4342,mpmath_1792,851
Fasi_7,2,Float64,true,diagonalcheap,realschur,0,0,NaN,NaN,1,2.220446049250313e-16,1.215008890699248e-16,1.070036244295262e+4327,8.806818225662922e+4342,mpmath_1792,53
Fasi_7,2,Float64,true,diagonalcheap,realschur,0,0,NaN,NaN,1,1.727233711018889e-77,2.924237604531641e-78,2.575322903175814e+4265,8.806818225662922e+4342,mpmath_1792,256
Fasi_7,2,Float64,true,diagonalcheap,realschur,0,0,NaN,NaN,1,1.331998346195134e-256,5.962696929777166e-257,5.251238799526589e+4086,8.806818225662922e+4342,mpmath_1792,851
Fasi_7,2,Float64,true,taylor,transfree,0,0,NaN,NaN,NaN,2.220446049250313e-16,6.595964615590512e-18,5.808946139241025e+4325,8.806818225662922e+4342,mpmath_1792,53
Fasi_7,2,Float64,true,taylor,transfree,0,0,NaN,NaN,NaN,1.727233711018889e-77,2.924237604531641e-78,2.575322903175814e+4265,8.806818225662922e+4342,mpmath_1792,256
Fasi_7,2,Float64,true,taylor,transfree,0,0,NaN,NaN,NaN,1.331998346195134e-256,9.302050344261638e-258,8.192146650787745e+4085,8.806818225662922e+4342,mpmath_1792,851
Fasi_7,2,Float64,true,taylor,complexschur,0,0,NaN,NaN,1,2.220446049250313e-16,1.215008890699248e-16,1.070036244295262e+4327,8.806818225662922e+4342,mpmath_1792,53
Fasi_7,2,Float64,true,taylor,complexschur,0,0,NaN,NaN,1,1.727233711018889e-77,2.924237604531641e-78,2.575322903175814e+4265,8.806818225662922e+4342,mpmath_1792,256
Fasi_7,2,Float64,true,taylor,complexschur,0,0,NaN,NaN,1,1.331998346195134e-256,5.962696929777166e-257,5.251238799526589e+4086,8.806818225662922e+4342,mpmath_1792,851
Fasi_7,2,Float64,true,taylor,realschur,0,0,NaN,NaN,1,2.220446049250313e-16,1.215008890699248e-16,1.070036244295262e+4327,8.806818225662922e+4342,mpmath_1792,53
Fasi_7,2,Float64,true,taylor,realschur,0,0,NaN,NaN,1,1.727233711018889e-77,2.924237604531641e-78,2.575322903175814e+4265,8.806818225662922e+4342,mpmath_1792,256
Fasi_7,2,Float64,true,taylor,realschur,0,0,NaN,NaN,1,1.331998346195134e-256,5.962696929777166e-257,5.251238799526589e+4086,8.806818225662922e+4342,mpmath_1792,851
Fasi_8,2,Float64,true,diagonalcheap,transfree,0,0,NaN,NaN,NaN,2.220446049250313e-16,8.760818973820116e-17,6.238006048284541e-16,7.38905609893065,mpmath_1792,53
Fasi_8,2,Float64,true,diagonalcheap,transfree,0,0,NaN,NaN,NaN,1.727233711018889e-77,1.113735131712518e-77,1.036340226611333e-76,7.38905609893065,mpmath_1792,256
Fasi_8,2,Float64,true,diagonalcheap,transfree,0,0,NaN,NaN,NaN,1.331998346195134e-256,1.067926463351372e-256,7.957059554037677e-256,7.38905609893065,mpmath_1792,851
Fasi_8,2,Float64,true,diagonalcheap,complexschur,0,0,NaN,NaN,1,2.220446049250313e-16,1.656495750244955e-16,1.152556234571796e-15,7.38905609893065,mpmath_1792,53
Fasi_8,2,Float64,true,diagonalcheap,complexschur,0,0,NaN,NaN,1,1.727233711018889e-77,2.725374174159015e-77,2.03215255112671e-76,7.38905609893065,mpmath_1792,256
Fasi_8,2,Float64,true,diagonalcheap,complexschur,0,0,NaN,NaN,1,1.331998346195134e-256,3.525911003027752e-257,2.629066169257139e-256,7.38905609893065,mpmath_1792,851
Fasi_8,2,Float64,true,diagonalcheap,realschur,0,0,NaN,NaN,1,2.220446049250313e-16,1.656495750244955e-16,1.152556234571796e-15,7.38905609893065,mpmath_1792,53
Fasi_8,2,Float64,true,diagonalcheap,realschur,0,0,NaN,NaN,1,1.727233711018889e-77,2.725374174159015e-77,2.03215255112671e-76,7.38905609893065,mpmath_1792,256
Fasi_8,2,Float64,true,diagonalcheap,realschur,0,0,NaN,NaN,1,1.331998346195134e-256,3.525911003027752e-257,2.629066169257139e-256,7.38905609893065,mpmath_1792,851
Fasi_8,2,Float64,true,taylor,transfree,0,0,NaN,NaN,NaN,2.220446049250313e-16,8.760818973820116e-17,6.238006048284541e-16,7.38905609893065,mpmath_1792,53
Fasi_8,2,Float64,true,taylor,transfree,0,0,NaN,NaN,NaN,1.727233711018889e-77,1.113735131712518e-77,1.036340226611333e-76,7.38905609893065,mpmath_1792,256
Fasi_8,2,Float64,true,taylor,transfree,0,0,NaN,NaN,NaN,1.331998346195134e-256,1.067926463351372e-256,7.957059554037677e-256,7.38905609893065,mpmath_1792,851
Fasi_8,2,Float64,true,taylor,complexschur,0,0,NaN,NaN,1,2.220446049250313e-16,1.656495750244955e-16,1.152556234571796e-15,7.38905609893065,mpmath_1792,53
Fasi_8,2,Float64,true,taylor,complexschur,0,0,NaN,NaN,1,1.727233711018889e-77,2.725374174159015e-77,2.03215255112671e-76,7.38905609893065,mpmath_1792,256
Fasi_8,2,Float64,true,taylor,complexschur,0,0,NaN,NaN,1,1.331998346195134e-256,3.525911003027752e-257,2.629066169257139e-256,7.38905609893065,mpmath_1792,851
Fasi_8,2,Float64,true,taylor,realschur,0,0,NaN,NaN,1,2.220446049250313e-16,1.656495750244955e-16,1.152556234571796e-15,7.38905609893065,mpmath_1792,53
Fasi_8,2,Float64,true,taylor,realschur,0,0,NaN,NaN,1,1.727233711018889e-77,2.725374174159015e-77,2.03215255112671e-76,7.38905609893065,mpmath_1792,256
Fasi_8,2,Float64,true,taylor,realschur,0,0,NaN,NaN,1,1.331998346195134e-256,3.525911003027752e-257,2.629066169257139e-256,7.38905609893065,mpmath_1792,851
Fasi_9,10,ComplexF64,false,diagonalcheap,transfree,13,1,5.941595042946051e-18,10.40269736838936,11.04019240526915,2.220446049250313e-16,4.17271637457418e-16,1.65983807138949e-11,31010.00380707824,mpmath_1792,53
Fasi_9,10,ComplexF64,false,diagonalcheap,transfree,43,0,4.865231077781809e-89,96.39447327054282,108.21100484731488,1.727233711018889e-77,9.167605505307229e-77,8.691361152681351e-68,856571943.0481856,mpmath_1792,256
Fasi_9,10,ComplexF64,false,diagonalcheap,transfree,91,0,9.807612766172094e-262,96.39447327054289,108.21498209780094,1.331998346195134e-256,4.225059468678749e-256,3.518565639893858e-247,856571943.0481856,mpmath_1792,851
Fasi_9,10,ComplexF64,false,diagonalcheap,complexschur,13,1,7.19143832063975e-18,11.99336670464739,13.65999802009986,2.220446049250313e-16,1.47748977155332e-14,6.300901553663937e-10,31010.00380707824,mpmath_1792,53
Fasi_9,10,ComplexF64,false,diagonalcheap,complexschur,43,0,5.192470106669349e-89,99.37139548358425,126.48564640528481,1.727233711018889e-77,1.717067437229947e-75,1.538520016687201e-66,856571943.0481856,mpmath_1792,256
Fasi_9,10,ComplexF64,false,diagonalcheap,complexschur,91,0,1.459123479535965e-259,99.37139548358391,138.32316551612672,1.331998346195134e-256,5.102635132927338e-255,3.481492062686518e-246,856571943.0481856,mpmath_1792,851
Fasi_9,10,ComplexF64,false,taylor,transfree,25,1,1.224714774039626e-15,8.472866040246457,1,2.220446049250313e-16,9.027513456496591e-17,3.096134460520959e-12,31010.00380707824,mpmath_1792,53
Fasi_9,10,ComplexF64,false,taylor,transfree,81,1,4.317486339061034e-87,8.472866040246457,1,1.727233711018889e-77,1.037477564073736e-77,3.512480566842079e-73,31010.00380707824,mpmath_1792,256
Fasi_9,10,ComplexF64,false,taylor,transfree,90,7,3.961626298425689e-266,1.044574252945616,1,1.331998346195134e-256,7.000221037618553e-257,1.199187923818876e-256,1.18365769883876,mpmath_1792,851
Fasi_9,10,ComplexF64,false,taylor,complexschur,30,1,3.469446951953614e-18,11.21549830996424,1,2.220446049250313e-16,1.476692575821529e-14,6.261964084054177e-10,31010.00380707824,mpmath_1792,53
Fasi_9,10,ComplexF64,false,taylor,complexschur,81,1,4.468625054123888e-87,11.21549830996436,1,1.727233711018889e-77,9.577233738586012e-76,4.016515911177072e-71,31010.00380707824,mpmath_1792,256
Fasi_9,10,ComplexF64,false,taylor,complexschur,90,7,3.865767103412886e-265,1.065456845188194,1,1.331998346195134e-256,1.285336884487819e-255,5.498245030625617e-255,1.18365769883876,mpmath_1792,851
Fasi_10,2,Float64,false,diagonalcheap,transfree,13,4,1.2942837092959e-17,22.28201355699503,22.27237044226383,2.220446049250313e-16,9.353924843248263e-17,4.89640314291514e-14,523.2345249734877,mpmath_1792,53
Fasi_10,2,Float64,false,diagonalcheap,transfree,43,3,3.279081645346791e-86,491.5434279280412,491.5333476750889,1.727233711018889e-77,1.515628161632785e-77,4.108006603743143e-72,271047.7527165555,mpmath_1792,256
Fasi_10,2,Float64,false,diagonalcheap,transfree,91,4,2.95325250038472e-299,22.28201355699506,22.27237044226387,1.331998346195134e-256,1.012060394306572e-256,5.268571535387661e-254,523.2345249734877,mpmath_1792,851
Fasi_10,2,Float64,false,diagonalcheap,complexschur,13,4,1.2942837092959e-17,22.28201355699503,22.27237044226383,2.220446049250313e-16,9.353924843248263e-17,4.89640314291514e-14,523.2345249734877,mpmath_1792,53
Fasi_10,2,Float64,false,diagonalcheap,complexschur,43,3,3.279081645346791e-86,491.5434279280412,491.5333476750889,1.727233711018889e-77,1.515628161632785e-77,4.108006603743143e-72,271047.7527165555,mpmath_1792,256
Fasi_10,2,Float64,false,diagonalcheap,complexschur,91,4,2.95325250038472e-299,22.28201355699506,22.27237044226387,1.331998346195134e-256,1.012060394306572e-256,5.268571535387661e-254,523.2345249734877,mpmath_1792,851
Fasi_10,2,Float64,false,diagonalcheap,realschur,13,4,1.2942837092959e-17,22.28201355699503,22.27237044226383,2.220446049250313e-16,9.353924843248263e-17,4.89640314291514e-14,523.2345249734877,mpmath_1792,53
Fasi_10,2,Float64,false,diagonalcheap,realschur,43,3,3.279081645346791e-86,491.5434279280412,491.5333476750889,1.727233711018889e-77,1.515628161632785e-77,4.108006603743143e-72,271047.7527165555,mpmath_1792,256
Fasi_10,2,Float64,false,diagonalcheap,realschur,91,4,2.95325250038472e-299,22.28201355699506,22.27237044226387,1.331998346195134e-256,1.012060394306572e-256,5.268571535387661e-254,523.2345249734877,mpmath_1792,851
Fasi_10,2,Float64,false,taylor,transfree,36,3,1.804112415015879e-14,127.8073024749756,1,2.220446049250313e-16,7.467964744284744e-17,2.049345708647899e-11,271047.7527165555,mpmath_1792,53
Fasi_10,2,Float64,false,taylor,transfree,90,4,2.454546732648863e-91,22.27356117040359,1,1.727233711018889e-77,6.140490766301126e-78,3.229440315892763e-75,523.2345249734877,mpmath_1792,256
Fasi_10,2,Float64,false,taylor,transfree,90,10,1.545586529091156e-260,1.050504212880865,1,1.331998346195134e-256,6.570433842317499e-257,6.928352202630419e-257,1.103610036781836,mpmath_1792,851
Fasi_10,2,Float64,false,taylor,complexschur,36,3,1.804112415015879e-14,127.8073024749756,1,2.220446049250313e-16,7.467964744284744e-17,2.049345708647899e-11,271047.7527165555,mpmath_1792,53
Fasi_10,2,Float64,false,taylor,complexschur,90,4,2.454546732648863e-91,22.27356117040359,1,1.727233711018889e-77,6.140490766301126e-78,3.229440315892763e-75,523.2345249734877,mpmath_1792,256
Fasi_10,2,Float64,false,taylor,complexschur,90,10,1.545586529091156e-260,1.050504212880865,1,1.331998346195134e-256,6.570433842317499e-257,6.928352202630419e-257,1.103610036781836,mpmath_1792,851
Fasi_10,2,Float64,false,taylor,realschur,36,3,1.804112415015879e-14,127.8073024749756,1,2.220446049250313e-16,7.467964744284744e-17,2.049345708647899e-11,271047.7527165555,mpmath_1792,53
Fasi_10,2,Float64,false,taylor,realschur,90,4,2.454546732648863e-91,22.27356117040359,1,1.727233711018889e-77,6.140490766301126e-78,3.229440315892763e-75,523.2345249734877,mpmath_1792,256
Fasi_10,2,Float64,false,taylor,realschur,90,10,1.545586529091156e-260,1.050504212880865,1,1.331998346195134e-256,6.570433842317499e-257,6.928352202630419e-257,1.103610036781836,mpmath_1792,851
Fasi_11,2,Float64,true,diagonalcheap,transfree,0,0,NaN,NaN,NaN,2.220446049250313e-16,6.156729209267387e-17,3.297056865526265e+418,5.355208510004607e+434,mpmath_1792,53
Fasi_11,2,Float64,true,diagonalcheap,transfree,0,0,NaN,NaN,NaN,1.727233711018889e-77,2.391913015913502e-78,1.280919293801077e+357,5.355208510004607e+434,mpmath_1792,256
Fasi_11,2,Float64,true,diagonalcheap,transfree,0,0,NaN,NaN,NaN,1.331998346195134e-256,1.199162493666866e-257,6.421765190963143e+177,5.355208510004607e+434,mpmath_1792,851
Fasi_11,2,Float64,true,diagonalcheap,complexschur,0,0,NaN,NaN,1,2.220446049250313e-16,2.63393508708665e-16,1.410527159316616e+419,5.355208510004607e+434,mpmath_1792,53
Fasi_11,2,Float64,true,diagonalcheap,complexschur,0,0,NaN,NaN,1,1.727233711018889e-77,8.832557996711541e-75,4.732119439077868e+360,5.355208510004607e+434,mpmath_1792,256
Fasi_11,2,Float64,true,diagonalcheap,complexschur,0,0,NaN,NaN,1,1.331998346195134e-256,1.199162493666866e-257,6.421765190963143e+177,5.355208510004607e+434,mpmath_1792,851
Fasi_11,2,Float64,true,diagonalcheap,realschur,0,0,NaN,NaN,1,2.220446049250313e-16,2.63393508708665e-16,1.410527159316616e+419,5.355208510004607e+434,mpmath_1792,53
Fasi_11,2,Float64,true,diagonalcheap,realschur,0,0,NaN,NaN,1,1.727233711018889e-77,8.832557996711541e-75,4.732119439077868e+360,5.355208510004607e+434,mpmath_1792,256
Fasi_11,2,Float64,true,diagonalcheap,realschur,0,0,NaN,NaN,1,1.331998346195134e-256,1.199162493666866e-257,6.421765190963143e+177,5.355208510004607e+434,mpmath_1792,851
Fasi_11,2,Float64,true,taylor,transfree,0,0,NaN,NaN,NaN,2.220446049250313e-16,6.156729209267387e-17,3.297056865526265e+418,5.355208510004607e+434,mpmath_1792,53
Fasi_11,2,Float64,true,taylor,transfree,0,0,NaN,NaN,NaN,1.727233711018889e-77,2.391913015913502e-78,1.280919293801077e+357,5.355208510004607e+434,mpmath_1792,256
Fasi_11,2,Float64,true,taylor,transfree,0,0,NaN,NaN,NaN,1.331998346195134e-256,1.199162493666866e-257,6.421765190963143e+177,5.355208510004607e+434,mpmath_1792,851
Fasi_11,2,Float64,true,taylor,complexschur,0,0,NaN,NaN,1,2.220446049250313e-16,2.63393508708665e-16,1.410527159316616e+419,5.355208510004607e+434,mpmath_1792,53
Fasi_11,2,Float64,true,taylor,complexschur,0,0,NaN,NaN,1,1.727233711018889e-77,8.832557996711541e-75,4.732119439077868e+360,5.355208510004607e+434,mpmath_1792,256
Fasi_11,2,Float64,true,taylor,complexschur,0,0,NaN,NaN,1,1.331998346195134e-256,1.199162493666866e-257,6.421765190963143e+177,5.355208510004607e+434,mpmath_1792,851
Fasi_11,2,Float64,true,taylor,realschur,0,0,NaN,NaN,1,2.220446049250313e-16,2.63393508708665e-16,1.410527159316616e+419,5.355208510004607e+434,mpmath_1792,53
Fasi_11,2,Float64,true,taylor,realschur,0,0,NaN,NaN,1,1.727233711018889e-77,8.832557996711541e-75,4.732119439077868e+360,5.355208510004607e+434,mpmath_1792,256
Fasi_11,2,Float64,true,taylor,realschur,0,0,NaN,NaN,1,1.331998346195134e-256,1.199162493666866e-257,6.421765190963143e+177,5.355208510004607e+434,mpmath_1792,851
Fasi_12,3,Int64,false,diagonalcheap,transfree,13,1,3.399021614572641e-17,29.62830538478148,7.387676378433373,2.220446049250313e-16,1.291337012950841e-16,2.899675980582041e-15,29.6283053847815,mpmath_1792,53
Fasi_12,3,Int64,false,diagonalcheap,transfree,37,1,1.941213224464222e-91,29.62830538478151,7.149709412294152,1.727233711018889e-77,9.116742149960165e-77,2.678827339324081e-75,29.6283053847815,mpmath_1792,256
Fasi_12,3,Int64,false,diagonalcheap,transfree,81,1,3.852990994047027e-258,29.62830538478146,7.083080005878933,1.331998346195134e-256,4.847759721543627e-256,1.433341544726543e-254,29.6283053847815,mpmath_1792,851
Fasi_12,3,Int64,false,diagonalcheap,complexschur,13,1,4.157307148888134e-17,26.83329321367382,5.991311016511135,2.220446049250313e-16,1.386148612787541e-15,3.889709421155038e-14,29.6283053847815,mpmath_1792,53
Fasi_12,3,Int64,false,diagonalcheap,complexschur,37,1,5.585659720679411e-91,20.0855369231877,5.92818428261309,1.727233711018889e-77,1.557148299020977e-76,4.644643595396008e-75,29.6283053847815,mpmath_1792,256
Fasi_12,3,Int64,false,diagonalcheap,complexschur,81,1,1.637898902006972e-260,20.0855369231876,5.576120252165664,1.331998346195134e-256,4.566062644851761e-256,1.294739500575197e-254,29.6283053847815,mpmath_1792,851
Fasi_12,3,Int64,false,diagonalcheap,realschur,13,1,4.157307148888134e-17,26.83329321367382,5.991311016511135,2.220446049250313e-16,1.386148612787541e-15,3.889709421155038e-14,29.6283053847815,mpmath_1792,53
Fasi_12,3,Int64,false,diagonalcheap,realschur,37,1,5.585659720679411e-91,20.0855369231877,5.92818428261309,1.727233711018889e-77,1.557148299020977e-76,4.644643595396008e-75,29.6283053847815,mpmath_1792,256
Fasi_12,3,Int64,false,diagonalcheap,realschur,81,1,1.637898902006972e-260,20.0855369231876,5.588892963773693,1.331998346195134e-256,4.729733820097031e-256,1.481219269042516e-254,29.6283053847815,mpmath_1792,851
Fasi_12,3,Int64,false,taylor,transfree,30,1,3.469446951953614e-18,19,1,2.220446049250313e-16,5.902981651309751e-17,1.959113094655379e-15,29.6283053847815,mpmath_1792,53
Fasi_12,3,Int64,false,taylor,transfree,81,1,1.169592564971365e-82,19,1,1.727233711018889e-77,1.056651346882803e-77,3.297894923383923e-76,29.6283053847815,mpmath_1792,256
Fasi_12,3,Int64,false,taylor,transfree,90,7,3.36775365422907e-260,1.071986503024949,1,1.331998346195134e-256,1.109229258990934e-257,1.768886902637095e-257,1.071986503024949,mpmath_1792,851
Fasi_12,3,Int64,false,taylor,complexschur,30,1,0,17.24264068711928,1,2.220446049250313e-16,1.382805140967801e-15,3.712073737215013e-14,29.6283053847815,mpmath_1792,53
Fasi_12,3,Int64,false,taylor,complexschur,81,1,2.903334707245678e-84,13,1,1.727233711018889e-77,1.575141278971433e-76,4.644643595396008e-75,29.6283053847815,mpmath_1792,256
Fasi_12,3,Int64,false,taylor,complexschur,90,7,8.412027766891355e-262,1.047991002016633,1,1.331998346195134e-256,2.987134520936063e-256,6.961789946375838e-256,1.071986503024949,mpmath_1792,851
Fasi_12,3,Int64,false,taylor,realschur,30,1,0,17.24264068711928,1,2.220446049250313e-16,1.382805140967801e-15,3.712073737215013e-14,29.6283053847815,mpmath_1792,53
Fasi_12,3,Int64,false,taylor,realschur,81,1,2.903334707245678e-84,13,1,1.727233711018889e-77,1.575141278971433e-76,4.644643595396008e-75,29.6283053847815,mpmath_1792,256
Fasi_12,3,Int64,false,taylor,realschur,90,7,8.412027766891355e-262,1.047991002016633,1,1.331998346195134e-256,2.906672556661347e-256,6.566352937349158e-256,1.071986503024949,mpmath_1792,851
Fasi_13,2,Float64,false,diagonalcheap,transfree,9,0,2.92097472762966e-19,1.381773290676036,1.8414709848078965,2.220446049250313e-16,5.524585260978995e-17,6.782765415233021e-17,1.381773290676036,mpmath_1792,53
Fasi_13,2,Float64,false,diagonalcheap,transfree,25,0,1.140820716356656e-80,1.381773290676036,1.8414709848078965,1.727233711018889e-77,1.416588632364635e-78,1.668091412109352e-78,1.381773290676036,mpmath_1792,256
Fasi_13,2,Float64,false,diagonalcheap,transfree,65,0,2.777921177065209e-260,1.381773290676036,1.8414709848078967,1.331998346195134e-256,6.814389310249789e-257,9.626602297080942e-257,1.381773290676036,mpmath_1792,851
Fasi_13,2,Float64,false,diagonalcheap,complexschur,0,0,NaN,NaN,1,2.220446049250313e-16,2.757295604523008e-16,2.898722590773615e-16,1.381773290676036,mpmath_1792,53
Fasi_13,2,Float64,false,diagonalcheap,complexschur,0,0,NaN,NaN,1,1.727233711018889e-77,2.717216307800945e-77,3.343520689434404e-77,1.381773290676036,mpmath_1792,256
Fasi_13,2,Float64,false,diagonalcheap,complexschur,0,0,NaN,NaN,1,1.331998346195134e-256,6.814389310249789e-257,9.626602297080942e-257,1.381773290676036,mpmath_1792,851
Fasi_13,2,Float64,false,diagonalcheap,realschur,9,0,2.92097472762966e-19,1.381773290676036,1.8414709848078965,2.220446049250313e-16,5.524585260978995e-17,6.782765415233021e-17,1.381773290676036,mpmath_1792,53
Fasi_13,2,Float64,false,diagonalcheap,realschur,25,0,1.140820716356656e-80,1.381773290676036,1.8414709848078965,1.727233711018889e-77,1.416588632364635e-78,1.668091412109352e-78,1.381773290676036,mpmath_1792,256
Fasi_13,2,Float64,false,diagonalcheap,realschur,65,0,2.777921177065209e-260,1.381773290676036,1.8414709848078967,1.331998346195134e-256,6.814389310249789e-257,9.626602297080942e-257,1.381773290676036,mpmath_1792,851
Fasi_13,2,Float64,false,taylor,transfree,20,0,4.336808689942018e-19,1.333333333333333,1,2.220446049250313e-16,5.524585260978995e-17,6.782765415233021e-17,1.381773290676036,mpmath_1792,53
Fasi_13,2,Float64,false,taylor,transfree,64,0,1.53409170790554e-91,1.333333333333333,1,1.727233711018889e-77,1.416588632364635e-78,1.668091412109352e-78,1.381773290676036,mpmath_1792,256
Fasi_13,2,Float64,false,taylor,transfree,90,5,7.952841619508678e-278,1.030756672470462,1,1.331998346195134e-256,5.475521938526962e-257,5.643339930733478e-257,1.030756672470462,mpmath_1792,851
Fasi_13,2,Float64,false,taylor,complexschur,0,0,NaN,NaN,1,2.220446049250313e-16,2.757295604523008e-16,2.898722590773615e-16,1.381773290676036,mpmath_1792,53
Fasi_13,2,Float64,false,taylor,complexschur,0,0,NaN,NaN,1,1.727233711018889e-77,2.717216307800945e-77,3.343520689434404e-77,1.381773290676036,mpmath_1792,256
Fasi_13,2,Float64,false,taylor,complexschur,0,0,NaN,NaN,1,1.331998346195134e-256,6.814389310249789e-257,9.626602297080942e-257,1.381773290676036,mpmath_1792,851
Fasi_13,2,Float64,false,taylor,realschur,20,0,4.336808689942018e-19,1.333333333333333,1,2.220446049250313e-16,5.524585260978995e-17,6.782765415233021e-17,1.381773290676036,mpmath_1792,53
Fasi_13,2,Float64,false,taylor,realschur,64,0,1.53409170790554e-91,1.333333333333333,1,1.727233711018889e-77,1.416588632364635e-78,1.668091412109352e-78,1.381773290676036,mpmath_1792,256
Fasi_13,2,Float64,false,taylor,realschur,90,5,7.952841619508678e-278,1.030756672470462,1,1.331998346195134e-256,5.475521938526962e-257,5.643339930733478e-257,1.030756672470462,mpmath_1792,851
Fasi_14,10,Int64,true,diagonalcheap,transfree,0,0,NaN,NaN,NaN,2.220446049250313e-16,5.278697242164475e-17,1.44564689172925e-16,2.718281828459045,mpmath_1792,53
Fasi_14,10,Int64,true,diagonalcheap,transfree,0,0,NaN,NaN,NaN,1.727233711018889e-77,2.533764375954287e-78,6.939076871494666e-78,2.718281828459045,mpmath_1792,256
Fasi_14,10,Int64,true,diagonalcheap,transfree,0,0,NaN,NaN,NaN,1.331998346195134e-256,2.240428063686055e-257,6.135733340680595e-257,2.718281828459045,mpmath_1792,851
Fasi_14,10,Int64,true,diagonalcheap,complexschur,0,0,NaN,NaN,1,2.220446049250313e-16,5.278697242164475e-17,1.44564689172925e-16,2.718281828459045,mpmath_1792,53
Fasi_14,10,Int64,true,diagonalcheap,complexschur,0,0,NaN,NaN,1,1.727233711018889e-77,2.533764375954287e-78,6.939076871494666e-78,2.718281828459045,mpmath_1792,256
Fasi_14,10,Int64,true,diagonalcheap,complexschur,0,0,NaN,NaN,1,1.331998346195134e-256,2.240428063686055e-257,6.135733340680595e-257,2.718281828459045,mpmath_1792,851
Fasi_14,10,Int64,true,diagonalcheap,realschur,0,0,NaN,NaN,1,2.220446049250313e-16,5.278697242164475e-17,1.44564689172925e-16,2.718281828459045,mpmath_1792,53
Fasi_14,10,Int64,true,diagonalcheap,realschur,0,0,NaN,NaN,1,1.727233711018889e-77,2.533764375954287e-78,6.939076871494666e-78,2.718281828459045,mpmath_1792,256
Fasi_14,10,Int64,true,diagonalcheap,realschur,0,0,NaN,NaN,1,1.331998346195134e-256,2.240428063686055e-257,6.135733340680595e-257,2.718281828459045,mpmath_1792,851
Fasi_14,10,Int64,true,taylor,transfree,0,0,NaN,NaN,NaN,2.220446049250313e-16,5.278697242164475e-17,1.44564689172925e-16,2.718281828459045,mpmath_1792,53
Fasi_14,10,Int64,true,taylor,transfree,0,0,NaN,NaN,NaN,1.727233711018889e-77,2.533764375954287e-78,6.939076871494666e-78,2.718281828459045,mpmath_1792,256
Fasi_14,10,Int64,true,taylor,transfree,0,0,NaN,NaN,NaN,1.331998346195134e-256,2.240428063686055e-257,6.135733340680595e-257,2.718281828459045,mpmath_1792,851
Fasi_14,10,Int64,true,taylor,complexschur,0,0,NaN,NaN,1,2.220446049250313e-16,5.278697242164475e-17,1.44564689172925e-16,2.718281828459045,mpmath_1792,53
Fasi_14,10,Int64,true,taylor,complexschur,0,0,NaN,NaN,1,1.727233711018889e-77,2.533764375954287e-78,6.939076871494666e-78,2.718281828459045,mpmath_1792,256
Fasi_14,10,Int64,true,taylor,complexschur,0,0,NaN,NaN,1,1.331998346195134e-256,2.240428063686055e-257,6.135733340680595e-257,2.718281828459045,mpmath_1792,851
Fasi_14,10,Int64,true,taylor,realschur,0,0,NaN,NaN,1,2.220446049250313e-16,5.278697242164475e-17,1.44564689172925e-16,2.718281828459045,mpmath_1792,53
Fasi_14,10,Int64,true,taylor,realschur,0,0,NaN,NaN,1,1.727233711018889e-77,2.533764375954287e-78,6.939076871494666e-78,2.718281828459045,mpmath_1792,256
Fasi_14,10,Int64,true,taylor,realschur,0,0,NaN,NaN,1,1.331998346195134e-256,2.240428063686055e-257,6.135733340680595e-257,2.718281828459045,mpmath_1792,851
Fasi_15,3,Int64,false,diagonalcheap,transfree,13,4,5.265940742410804e-17,11.46550563070099,26.48377904922926,2.220446049250313e-16,5.316554008768224e-17,5.136530871285187e-14,820.715360484704,mpmath_1792,53
Fasi_15,3,Int64,false,diagonalcheap,transfree,43,3,4.081728281916413e-76,120.442436979099,640.488109476814,1.727233711018889e-77,3.646203069921214e-76,2.521849059686851e-70,617132.2379820653,mpmath_1792,256
Fasi_15,3,Int64,false,diagonalcheap,transfree,91,4,2.205948501475814e-278,11.465505630701,27.680134512139812,1.331998346195134e-256,1.22036048311564e-256,8.739952506678393e-254,820.715360484704,mpmath_1792,851
Fasi_15,3,Int64,false,diagonalcheap,complexschur,13,4,5.051084793845306e-17,9.930330053170392,22.72165610987648,2.220446049250313e-16,1.427715688934943e-15,1.485184750007233e-12,820.715360484704,mpmath_1792,53
Fasi_15,3,Int64,false,diagonalcheap,complexschur,43,3,1.983452948347714e-76,98.61145496489905,523.4573719090221,1.727233711018889e-77,3.839068232437976e-76,2.206854987154108e-70,617132.2379820653,mpmath_1792,256
Fasi_15,3,Int64,false,diagonalcheap,complexschur,91,4,9.51811932282417e-279,9.930330053170403,23.788956871146148,1.331998346195134e-256,1.063384432778811e-255,1.01569971889334e-252,820.715360484704,mpmath_1792,851
Fasi_15,3,Int64,false,diagonalcheap,realschur,13,4,5.051084793845306e-17,9.930330053170392,22.721656109876477,2.220446049250313e-16,1.427715688934943e-15,1.485184750007233e-12,820.715360484704,mpmath_1792,53
Fasi_15,3,Int64,false,diagonalcheap,realschur,43,3,1.983452948347714e-76,98.61145496489907,523.4573719090221,1.727233711018889e-77,3.839068232437976e-76,2.206854987154108e-70,617132.2379820653,mpmath_1792,256
Fasi_15,3,Int64,false,diagonalcheap,realschur,91,4,9.51811932282417e-279,9.930330053170403,23.788956871146148,1.331998346195134e-256,1.063384432778811e-255,1.01569971889334e-252,820.715360484704,mpmath_1792,851
Fasi_15,3,Int64,false,taylor,transfree,42,3,2.353672812205332e-14,115.3421967431841,1,2.220446049250313e-16,3.755983483953517e-16,1.861208640276177e-10,617132.2379820653,mpmath_1792,53
Fasi_15,3,Int64,false,taylor,transfree,90,4,9.331744859119101e-86,11.46255857509174,1,1.727233711018889e-77,5.62905123301323e-78,4.147187014890024e-75,820.715360484704,mpmath_1792,256
Fasi_15,3,Int64,false,taylor,transfree,90,11,1.565158163307844e-277,1.021004222720736,1,1.331998346195134e-256,6.975108398949345e-257,1.137875027825553e-256,1.055645639653231,mpmath_1792,851
Fasi_15,3,Int64,false,taylor,complexschur,42,3,1.509903313490213e-14,112.7262515498957,1,2.220446049250313e-16,2.873859120284462e-15,2.018679505506182e-09,617132.2379820653,mpmath_1792,53
Fasi_15,3,Int64,false,taylor,complexschur,90,4,5.606160191902677e-86,9.930042206143166,1,1.727233711018889e-77,2.125546720283207e-76,1.826501991499106e-73,820.715360484704,mpmath_1792,256
Fasi_15,3,Int64,false,taylor,complexschur,90,11,9.405109726128446e-278,1.018096111650619,1,1.331998346195134e-256,2.510570626289269e-256,4.311337387201681e-256,1.055645639653231,mpmath_1792,851
Fasi_15,3,Int64,false,taylor,realschur,42,3,1.509903313490213e-14,112.7262515498957,1,2.220446049250313e-16,2.873859120284462e-15,2.018679505506182e-09,617132.2379820653,mpmath_1792,53
Fasi_15,3,Int64,false,taylor,realschur,90,4,5.606160191902677e-86,9.930042206143166,1,1.727233711018889e-77,2.125546720283207e-76,1.826501991499106e-73,820.715360484704,mpmath_1792,256
Fasi_15,3,Int64,false,taylor,realschur,90,11,9.405109726128446e-278,1.018096111650619,1,1.331998346195134e-256,2.510570626289269e-256,4.311337387201681e-256,1.055645639653231,mpmath_1792,851
Fasi_16,3,Float64,false,diagonalcheap,transfree,13,0,8.13162252437599e-18,20.08553692318794,5.91674831713232,2.220446049250313e-16,3.264950975031516e-16,6.577193750776986e-15,20.08553692318793,mpmath_1792,53
Fasi_16,3,Float64,false,diagonalcheap,transfree,37,0,0,20.08553692318795,5.735034561379446,1.727233711018889e-77,8.399591354281847e-78,1.546200584785494e-76,20.08553692318793,mpmath_1792,256
Fasi_16,3,Float64,false,diagonalcheap,transfree,81,0,1.63789890200783e-260,20.08553692318796,5.684151336320332,1.331998346195134e-256,2.08683860642633e-256,4.488550059555516e-255,20.08553692318793,mpmath_1792,851
Fasi_16,3,Float64,false,diagonalcheap,complexschur,13,0,1.219743378656393e-17,20.08553692318782,4.687561237849226,2.220446049250313e-16,5.881081837025297e-16,1.118637464322552e-14,20.08553692318793,mpmath_1792,53
Fasi_16,3,Float64,false,diagonalcheap,complexschur,37,0,5.585659720679433e-91,20.08553692318787,4.551275921034578,1.727233711018889e-77,6.906578562747891e-77,1.770992010268019e-75,20.08553692318793,mpmath_1792,256
Fasi_16,3,Float64,false,diagonalcheap,complexschur,81,0,1.6378989020077e-260,20.08553692318781,4.513113502240229,1.331998346195134e-256,7.597735711068001e-256,1.676503881624022e-254,20.08553692318793,mpmath_1792,851
Fasi_16,3,Float64,false,diagonalcheap,realschur,13,0,1.219743378656393e-17,20.08553692318782,4.687561237849226,2.220446049250313e-16,5.881081837025297e-16,1.118637464322552e-14,20.08553692318793,mpmath_1792,53
Fasi_16,3,Float64,false,diagonalcheap,realschur,37,0,5.585659720679433e-91,20.08553692318786,4.551275921034578,1.727233711018889e-77,6.906578562747891e-77,1.770992010268019e-75,20.08553692318793,mpmath_1792,256
Fasi_16,3,Float64,false,diagonalcheap,realschur,81,0,1.6378989020077e-260,20.08553692318781,4.513113502240229,1.331998346195134e-256,7.597735711068001e-256,1.676503881624022e-254,20.08553692318793,mpmath_1792,851
Fasi_16,3,Float64,false,taylor,transfree,30,0,3.469446951953614e-18,13.00000000000013,1,2.220446049250313e-16,1.043356231647793e-16,2.13075200888782e-15,20.08553692318793,mpmath_1792,53
Fasi_16,3,Float64,false,taylor,transfree,81,0,2.903334707245678e-84,13.00000000000013,1,1.727233711018889e-77,7.454981321213911e-78,1.635097460731362e-76,20.08553692318793,mpmath_1792,256
Fasi_16,3,Float64,false,taylor,transfree,90,6,8.412027766893735e-262,1.047991002016633,1,1.331998346195134e-256,4.29029481205576e-257,5.824421069601119e-257,1.047991002016633,mpmath_1792,851
Fasi_16,3,Float64,false,taylor,complexschur,30,0,0,13.00000000000007,1,2.220446049250313e-16,5.881081837025297e-16,1.118637464322552e-14,20.08553692318793,mpmath_1792,53
Fasi_16,3,Float64,false,taylor,complexschur,81,0,2.903334829973015e-84,13.00000000000007,1,1.727233711018889e-77,6.906578562747891e-77,1.770992010268019e-75,20.08553692318793,mpmath_1792,256
Fasi_16,3,Float64,false,taylor,complexschur,90,6,8.412027766893395e-262,1.047991002016633,1,1.331998346195134e-256,1.988651046084936e-256,4.012535367804547e-256,1.047991002016633,mpmath_1792,851
Fasi_16,3,Float64,false,taylor,realschur,30,0,0,13.00000000000007,1,2.220446049250313e-16,5.881081837025297e-16,1.118637464322552e-14,20.08553692318793,mpmath_1792,53
Fasi_16,3,Float64,false,taylor,realschur,81,0,2.903334829973015e-84,13.00000000000007,1,1.727233711018889e-77,6.906578562747891e-77,1.770992010268019e-75,20.08553692318793,mpmath_1792,256
Fasi_16,3,Float64,false,taylor,realschur,90,6,8.412027766893395e-262,1.047991002016633,1,1.331998346195134e-256,1.988651046084936e-256,4.012535367804547e-256,1.047991002016633,mpmath_1792,851
Fasi_17,3,Float64,false,diagonalcheap,transfree,13,4,1.654481216826848e-16,64.74920041704598,30.4916185990495,2.220446049250313e-16,2.866401313224562e-15,1.681891924743038e-12,589.2524414145285,mpmath_1792,53
Fasi_17,3,Float64,false,diagonalcheap,transfree,43,3,1.891164410194381e-74,3858.800972578666,761.5759187504729,1.727233711018889e-77,1.207990817481836e-74,3.860206052947881e-69,319584.966091795,mpmath_1792,256
Fasi_17,3,Float64,false,diagonalcheap,transfree,91,4,3.5523055927078e-276,64.74920041704596,29.034305335318066,1.331998346195134e-256,1.300188744718769e-255,7.6503521461628e-253,589.2524414145285,mpmath_1792,851
Fasi_17,3,Float64,false,diagonalcheap,complexschur,13,4,1.236973743742077e-16,59.58365623789248,25.577123546878965,2.220446049250313e-16,1.817057974889849e-15,1.159716658206857e-12,589.2524414145285,mpmath_1792,53
Fasi_17,3,Float64,false,diagonalcheap,complexschur,43,3,7.466439322413182e-75,3550.21209067555,611.3203808967094,1.727233711018889e-77,2.401907536877729e-76,6.260659553637361e-71,319584.966091795,mpmath_1792,256
Fasi_17,3,Float64,false,diagonalcheap,complexschur,91,4,1.090344224430641e-276,59.58365623789243,24.325179488752646,1.331998346195134e-256,3.283016541581298e-255,2.048145292547844e-252,589.2524414145285,mpmath_1792,851
Fasi_17,3,Float64,false,diagonalcheap,realschur,13,4,1.236973743742077e-16,59.58365623789248,25.577123546878965,2.220446049250313e-16,1.817057974889849e-15,1.159716658206857e-12,589.2524414145285,mpmath_1792,53
Fasi_17,3,Float64,false,diagonalcheap,realschur,43,3,7.466439322413182e-75,3550.21209067555,611.3203808967094,1.727233711018889e-77,2.401907536877729e-76,6.260659553637361e-71,319584.966091795,mpmath_1792,256
Fasi_17,3,Float64,false,diagonalcheap,realschur,91,4,1.090344224430641e-276,59.58365623789243,24.325179488752646,1.331998346195134e-256,3.283016541581298e-255,2.048145292547844e-252,589.2524414145285,mpmath_1792,851
Fasi_17,3,Float64,false,taylor,transfree,30,4,1.894318035766673e-15,49.9437616768851,1,2.220446049250313e-16,7.241725207053945e-16,3.999982910340558e-13,589.2524414145285,mpmath_1792,53
Fasi_17,3,Float64,false,taylor,transfree,90,4,7.239420496900696e-85,49.94376167688513,1,1.727233711018889e-77,4.755794573744387e-77,2.609766633766224e-74,589.2524414145285,mpmath_1792,256
Fasi_17,3,Float64,false,taylor,transfree,90,11,1.212979476885589e-276,1.036521040787114,1,1.331998346195134e-256,6.068974809492998e-257,9.077206518719222e-257,1.054558880453231,mpmath_1792,851
Fasi_17,3,Float64,false,taylor,complexschur,30,4,1.269817584415023e-15,45.95856951768356,1,2.220446049250313e-16,1.81073902966472e-15,1.159716658206857e-12,589.2524414145285,mpmath_1792,53
Fasi_17,3,Float64,false,taylor,complexschur,90,4,3.390458038167677e-85,45.95856951768358,1,1.727233711018889e-77,2.43505187663867e-77,2.182198098590259e-74,589.2524414145285,mpmath_1792,256
Fasi_17,3,Float64,false,taylor,complexschur,90,11,5.682971131235896e-277,1.032447984630402,1,1.331998346195134e-256,2.85907651357845e-256,5.759835422277043e-256,1.054558880453231,mpmath_1792,851
Fasi_17,3,Float64,false,taylor,realschur,30,4,1.269817584415023e-15,45.95856951768356,1,2.220446049250313e-16,1.81073902966472e-15,1.159716658206857e-12,589.2524414145285,mpmath_1792,53
Fasi_17,3,Float64,false,taylor,realschur,90,4,3.390458038167677e-85,45.95856951768358,1,1.727233711018889e-77,2.43505187663867e-77,2.182198098590259e-74,589.2524414145285,mpmath_1792,256
Fasi_17,3,Float64,false,taylor,realschur,90,11,5.682971131235896e-277,1.032447984630402,1,1.331998346195134e-256,2.85907651357845e-256,5.759835422277043e-256,1.054558880453231,mpmath_1792,851
Fasi_18,4,Float64,false,diagonalcheap,transfree,13,0,0,27.0011743395189,9.151687882126264,2.220446049250313e-16,7.750156243211225e-16,1.976603962464095e-14,27.00117433951892,mpmath_1792,53
Fasi_18,4,Float64,false,diagonalcheap,transfree,37,0,5.31850543814519e-91,27.00117433951892,8.841941635188128,1.727233711018889e-77,4.990507984594112e-77,1.304695057786005e-75,27.00117433951892,mpmath_1792,256
Fasi_18,4,Float64,false,diagonalcheap,transfree,81,0,4.033248400863166e-258,27.00117433951893,8.75525248031495,1.331998346195134e-256,6.907767786096236e-256,1.860008548265654e-254,27.00117433951892,mpmath_1792,851
Fasi_18,4,Float64,false,diagonalcheap,complexschur,13,0,1.241247150360655e-17,20.75881491555209,6.982630063714898,2.220446049250313e-16,1.560295592112719e-15,5.040005553166894e-14,27.00117433951892,mpmath_1792,53
Fasi_18,4,Float64,false,diagonalcheap,complexschur,37,0,0,20.758814915552,6.480872671499313,1.727233711018889e-77,6.647194956349771e-77,1.995588542193561e-75,27.00117433951892,mpmath_1792,256
Fasi_18,4,Float64,false,diagonalcheap,complexschur,81,0,1.005772010639329e-259,20.758814915552,6.696697839410036,1.331998346195134e-256,3.613610077539058e-256,1.448488807343602e-254,27.00117433951892,mpmath_1792,851
Fasi_18,4,Float64,false,diagonalcheap,realschur,13,0,1.241247150360655e-17,20.7588149155521,6.982630063714898,2.220446049250313e-16,1.560295592112719e-15,5.040005553166894e-14,27.00117433951892,mpmath_1792,53
Fasi_18,4,Float64,false,diagonalcheap,realschur,37,0,0,20.758814915552,6.480872671499313,1.727233711018889e-77,6.647194956349771e-77,1.995588542193561e-75,27.00117433951892,mpmath_1792,256
Fasi_18,4,Float64,false,diagonalcheap,realschur,81,0,1.005772010639329e-259,20.758814915552,6.696697839410036,1.331998346195134e-256,3.613610077539058e-256,1.448488807343602e-254,27.00117433951892,mpmath_1792,851
Fasi_18,4,Float64,false,taylor,transfree,30,0,3.469446951953614e-18,17.16666666666693,1,2.220446049250313e-16,7.291999391761051e-17,1.783197686768722e-15,27.00117433951892,mpmath_1792,53
Fasi_18,4,Float64,false,taylor,transfree,81,0,8.662011216292175e-83,17.16666666666693,1,1.727233711018889e-77,4.155165588611571e-78,9.040185186639899e-77,27.00117433951892,mpmath_1792,256
Fasi_18,4,Float64,false,taylor,transfree,90,6,2.75640419535353e-260,1.06400066309519,1,1.331998346195134e-256,2.699127004373542e-257,3.834431438079737e-257,1.06400066309519,mpmath_1792,851
Fasi_18,4,Float64,false,taylor,complexschur,30,0,6.938893903907228e-18,13.28243340289705,1,2.220446049250313e-16,1.08865534938435e-15,3.707737923616706e-14,27.00117433951892,mpmath_1792,53
Fasi_18,4,Float64,false,taylor,complexschur,81,0,7.11754022434569e-84,13.28243340289704,1,1.727233711018889e-77,7.872260669161219e-77,2.617392678160361e-75,27.00117433951892,mpmath_1792,256
Fasi_18,4,Float64,false,taylor,complexschur,90,6,2.274469098984873e-261,1.048531036135448,1,1.331998346195134e-256,3.031225038895136e-256,6.1654888154585e-256,1.06400066309519,mpmath_1792,851
Fasi_18,4,Float64,false,taylor,realschur,30,0,6.938893903907228e-18,13.28243340289705,1,2.220446049250313e-16,1.08865534938435e-15,3.707737923616706e-14,27.00117433951892,mpmath_1792,53
Fasi_18,4,Float64,false,taylor,realschur,81,0,7.11754022434569e-84,13.28243340289704,1,1.727233711018889e-77,7.872260669161219e-77,2.617392678160361e-75,27.00117433951892,mpmath_1792,256
Fasi_18,4,Float64,false,taylor,realschur,90,6,2.274469098984873e-261,1.048531036135448,1,1.331998346195134e-256,3.031225038895136e-256,6.1654888154585e-256,1.06400066309519,mpmath_1792,851
ward77_test1,3,Int64,false,diagonalcheap,transfree,13,1,2.401046083399635e-17,25.28681954080421,3.654296676287483,2.220446049250313e-16,4.170936883198563e-16,1.172907571135676e-14,25.2868195408042,mpmath_1792,53
ward77_test1,3,Int64,false,diagonalcheap,transfree,37,1,3.289078739148622e-91,25.28681954080418,3.5443475747393673,1.727233711018889e-77,3.746996105693527e-77,9.168007030470894e-76,25.2868195408042,mpmath_1792,256
ward77_test1,3,Int64,false,diagonalcheap,transfree,81,1,7.345740895011447e-259,25.28681954080419,3.5134526145090086,1.331998346195134e-256,2.017234322436815e-256,4.369726591094504e-255,25.2868195408042,mpmath_1792,851
ward77_test1,3,Int64,false,diagonalcheap,complexschur,13,1,0,20.08553692318761,2.1894884896094626,2.220446049250313e-16,2.025007085292357e-15,6.064297061387997e-14,25.2868195408042,mpmath_1792,53
ward77_test1,3,Int64,false,diagonalcheap,complexschur,37,1,5.585659720679411e-91,20.0855369231877,2.141604008952554,1.727233711018889e-77,7.74909584442736e-77,2.436244747313933e-75,25.2868195408042,mpmath_1792,256
ward77_test1,3,Int64,false,diagonalcheap,complexschur,81,1,1.637898902006972e-260,20.0855369231876,2.1281230528077324,1.331998346195134e-256,2.85702430827054e-256,8.632121298918934e-255,25.2868195408042,mpmath_1792,851
ward77_test1,3,Int64,false,diagonalcheap,realschur,13,1,0,20.08553692318761,2.1894884896094626,2.220446049250313e-16,2.025007085292357e-15,6.064297061387997e-14,25.2868195408042,mpmath_1792,53
ward77_test1,3,Int64,false,diagonalcheap,realschur,37,1,5.585659720679411e-91,20.0855369231877,2.141604008952554,1.727233711018889e-77,7.74909584442736e-77,2.436244747313933e-75,25.2868195408042,mpmath_1792,256
ward77_test1,3,Int64,false,diagonalcheap,realschur,81,1,1.637898902006972e-260,20.0855369231876,2.1281230528077324,1.331998346195134e-256,2.85702430827054e-256,8.632121298918934e-255,25.2868195408042,mpmath_1792,851
ward77_test1,3,Int64,false,taylor,transfree,30,1,0,15.9375,1,2.220446049250313e-16,1.009503111169787e-16,2.869557251911277e-15,25.2868195408042,mpmath_1792,53
ward77_test1,3,Int64,false,taylor,transfree,81,1,3.979451366679706e-83,15.9375,1,1.727233711018889e-77,5.401113998440558e-78,1.217097194602007e-76,25.2868195408042,mpmath_1792,256
ward77_test1,3,Int64,false,taylor,transfree,90,7,1.150494841058054e-260,1.056083230488058,1,1.331998346195134e-256,3.55403007374136e-257,4.372032820470244e-257,1.056083230488058,mpmath_1792,851
ward77_test1,3,Int64,false,taylor,complexschur,30,1,3.469446951953614e-18,12.99999999999999,1,2.220446049250313e-16,2.084084755387529e-15,6.597204113208072e-14,25.2868195408042,mpmath_1792,53
ward77_test1,3,Int64,false,taylor,complexschur,81,1,2.903334707245678e-84,13,1,1.727233711018889e-77,7.040112514341943e-77,2.0217086566694e-75,25.2868195408042,mpmath_1792,256
ward77_test1,3,Int64,false,taylor,complexschur,90,7,8.412027766891355e-262,1.047991002016633,1,1.331998346195134e-256,5.250432792638019e-257,8.430465281533544e-257,1.056083230488058,mpmath_1792,851
ward77_test1,3,Int64,false,taylor,realschur,30,1,3.469446951953614e-18,12.99999999999999,1,2.220446049250313e-16,2.084084755387529e-15,6.597204113208072e-14,25.2868195408042,mpmath_1792,53
ward77_test1,3,Int64,false,taylor,realschur,81,1,2.903334707245678e-84,13,1,1.727233711018889e-77,7.040112514341943e-77,2.0217086566694e-75,25.2868195408042,mpmath_1792,256
ward77_test1,3,Int64,false,taylor,realschur,90,7,8.412027766891355e-262,1.047991002016633,1,1.331998346195134e-256,5.250432792638019e-257,8.430465281533544e-257,1.056083230488058,mpmath_1792,851
ward77_test2,3,Float64,true,diagonalcheap,transfree,0,0,NaN,NaN,NaN,2.220446049250313e-16,5.447200417361337e-15,1692.429023828676,3.010620249796788e+17,mpmath_1792,53
ward77_test2,3,Float64,true,diagonalcheap,transfree,0,0,NaN,NaN,NaN,1.727233711018889e-77,2.032880445290138e-76,5.440849046825115e-59,3.010620249796788e+17,mpmath_1792,256
ward77_test2,3,Float64,true,diagonalcheap,transfree,0,0,NaN,NaN,NaN,1.331998346195134e-256,1.322402138291889e-255,4.112928690346672e-238,3.010620249796788e+17,mpmath_1792,851
ward77_test2,3,Float64,true,diagonalcheap,complexschur,13,2,6.24671502199203e-18,12.18249396070348,12.182493960703482,2.220446049250313e-16,1.17119023712179e-15,3.334525545469371e-11,28094.99348057661,mpmath_1792,53
ward77_test2,3,Float64,true,diagonalcheap,complexschur,37,1,9.856688321402826e-77,148.4131591025778,148.41315910257774,1.727233711018889e-77,3.81229666744327e-76,2.094132623499374e-67,620459241.1948955,mpmath_1792,256
ward77_test2,3,Float64,true,diagonalcheap,complexschur,91,1,2.856778381758479e-260,148.413159102575,148.41315910257495,1.331998346195134e-256,2.62646354996067e-255,1.477091687996605e-246,620459241.1948955,mpmath_1792,851
ward77_test2,3,Float64,true,diagonalcheap,realschur,13,2,6.24671502199203e-18,12.18249396070348,12.182493960703482,2.220446049250313e-16,1.17119023712179e-15,3.334525545469371e-11,28094.99348057661,mpmath_1792,53
ward77_test2,3,Float64,true,diagonalcheap,realschur,37,1,9.856688321402826e-77,148.4131591025778,148.41315910257774,1.727233711018889e-77,3.81229666744327e-76,2.094132623499374e-67,620459241.1948955,mpmath_1792,256
ward77_test2,3,Float64,true,diagonalcheap,realschur,91,1,2.856778381758479e-260,148.413159102575,148.41315910257495,1.331998346195134e-256,2.62646354996067e-255,1.477091687996605e-246,620459241.1948955,mpmath_1792,851
ward77_test2,3,Float64,true,taylor,transfree,0,0,NaN,NaN,NaN,2.220446049250313e-16,5.447200417361337e-15,1692.429023828676,3.010620249796788e+17,mpmath_1792,53
ward77_test2,3,Float64,true,taylor,transfree,0,0,NaN,NaN,NaN,1.727233711018889e-77,2.032880445290138e-76,5.440849046825115e-59,3.010620249796788e+17,mpmath_1792,256
ward77_test2,3,Float64,true,taylor,transfree,0,0,NaN,NaN,NaN,1.331998346195134e-256,1.322402138291889e-255,4.112928690346672e-238,3.010620249796788e+17,mpmath_1792,851
ward77_test2,3,Float64,true,taylor,complexschur,36,1,2.775557561562891e-17,39.33333333333337,1,2.220446049250313e-16,2.4718808760544e-15,1.612628021721382e-06,620459241.1948955,mpmath_1792,53
ward77_test2,3,Float64,true,taylor,complexschur,90,1,3.158976547454735e-77,39.33333333333331,1,1.727233711018889e-77,3.81229666744327e-76,2.094132623499374e-67,620459241.1948955,mpmath_1792,256
ward77_test2,3,Float64,true,taylor,complexschur,90,8,5.240472070714768e-269,1.03983547133623,1,1.331998346195134e-256,4.852313077164564e-256,1.154766597892141e-255,1.192702380427094,mpmath_1792,851
ward77_test2,3,Float64,true,taylor,realschur,36,1,2.775557561562891e-17,39.33333333333337,1,2.220446049250313e-16,2.4718808760544e-15,1.612628021721382e-06,620459241.1948955,mpmath_1792,53
ward77_test2,3,Float64,true,taylor,realschur,90,1,3.158976547454735e-77,39.33333333333331,1,1.727233711018889e-77,3.81229666744327e-76,2.094132623499374e-67,620459241.1948955,mpmath_1792,256
ward77_test2,3,Float64,true,taylor,realschur,90,8,5.240472070714768e-269,1.03983547133623,1,1.331998346195134e-256,4.852313077164564e-256,1.154766597892141e-255,1.192702380427094,mpmath_1792,851
ward77_test3,3,Int64,false,diagonalcheap,transfree,7,6,1.0716158362931e-16,11.04034629717661,48.67347737551372,2.220446049250313e-16,1.898527983925581e-16,2.257452306777944e-15,11.04034629717661,mpmath_1792,53
ward77_test3,3,Int64,false,diagonalcheap,transfree,37,3,4.084997807076716e-85,35.84897952317326,3440.3025680772503,1.727233711018889e-77,6.480456357427604e-76,2.326183219777415e-74,35.84897952317297,mpmath_1792,256
ward77_test3,3,Int64,false,diagonalcheap,transfree,91,3,2.924780853502457e-293,35.84897952317267,3482.664516643189,1.331998346195134e-256,3.188165103013381e-255,1.167154790625629e-253,35.84897952317297,mpmath_1792,851
ward77_test3,3,Int64,false,diagonalcheap,complexschur,7,6,1.627493792228171e-17,8.425726854030868,28.838379718676844,2.220446049250313e-16,6.042251252699928e-16,6.119358740393531e-15,11.04034629717661,mpmath_1792,53
ward77_test3,3,Int64,false,diagonalcheap,complexschur,37,3,4.526941529579987e-87,23.61028364579639,1437.7938418538467,1.727233711018889e-77,1.979454388096988e-75,7.010441044060642e-74,35.84897952317297,mpmath_1792,256
ward77_test3,3,Int64,false,diagonalcheap,complexschur,91,3,3.498181211167878e-296,23.61028364579639,1455.0650924288768,1.331998346195134e-256,1.141830778626533e-255,2.929290730558172e-254,35.84897952317297,mpmath_1792,851
ward77_test3,3,Int64,false,diagonalcheap,realschur,7,6,1.627493792228171e-17,8.425726854030868,28.838379718676844,2.220446049250313e-16,6.042251252699928e-16,6.119358740393531e-15,11.04034629717661,mpmath_1792,53
ward77_test3,3,Int64,false,diagonalcheap,realschur,37,3,4.526941529579987e-87,23.61028364579639,1437.7938418538467,1.727233711018889e-77,1.979454388096988e-75,7.010441044060642e-74,35.84897952317297,mpmath_1792,256
ward77_test3,3,Int64,false,diagonalcheap,realschur,91,3,3.498181211167878e-296,23.61028364579639,1455.0650924288768,1.331998346195134e-256,1.141830778626533e-255,2.929290730558172e-254,35.84897952317297,mpmath_1792,851
ward77_test3,3,Int64,false,taylor,transfree,36,3,1.387778780781446e-17,8.097900390624998,1,2.220446049250313e-16,2.296493130555957e-16,7.870988403215906e-15,35.84897952317297,mpmath_1792,53
ward77_test3,3,Int64,false,taylor,transfree,90,3,2.970001546505125e-89,8.097900390624997,1,1.727233711018889e-77,1.297260277571561e-77,3.950991740941332e-76,35.84897952317297,mpmath_1792,256
ward77_test3,3,Int64,false,taylor,transfree,90,10,5.086004998955676e-281,1.624269795326271,1,1.331998346195134e-256,3.0271272710239e-257,4.015737897417669e-257,1.624269795326271,mpmath_1792,851
ward77_test3,3,Int64,false,taylor,complexschur,36,3,1.387778780781446e-17,6.435817006600388,1,2.220446049250313e-16,3.087245843515171e-14,1.083356768068923e-12,35.84897952317297,mpmath_1792,53
ward77_test3,3,Int64,false,taylor,complexschur,81,3,2.981449651291429e-77,6.435817006601669,1,1.727233711018889e-77,1.979454388096988e-75,7.010441044060642e-74,35.84897952317297,mpmath_1792,256
ward77_test3,3,Int64,false,taylor,complexschur,90,10,6.455967827419524e-283,1.541435678520147,1,1.331998346195134e-256,5.913489120551964e-256,8.655700291426099e-256,1.624269795326271,mpmath_1792,851
ward77_test3,3,Int64,false,taylor,realschur,36,3,1.387778780781446e-17,6.435817006600388,1,2.220446049250313e-16,3.087245843515171e-14,1.083356768068923e-12,35.84897952317297,mpmath_1792,53
ward77_test3,3,Int64,false,taylor,realschur,81,3,2.981449651291429e-77,6.435817006601669,1,1.727233711018889e-77,1.979454388096988e-75,7.010441044060642e-74,35.84897952317297,mpmath_1792,256
ward77_test3,3,Int64,false,taylor,realschur,90,10,6.455967827419524e-283,1.541435678520147,1,1.331998346195134e-256,5.913489120551964e-256,8.655700291426099e-256,1.624269795326271,mpmath_1792,851
ward77_test4,10,Float64,false,diagonalcheap,transfree,9,0,3.601465742705195e-19,2.718281525573192,2.718281825640393,2.220446049250313e-16,2.267633188602657e-17,6.462381339943787e-17,2.718281525573192,mpmath_1792,53
ward77_test4,10,Float64,false,diagonalcheap,transfree,25,0,1.393150348260402e-80,2.718281525573192,2.7182818272837044,1.727233711018889e-77,1.722164202528738e-77,8.207494626579719e-77,2.718281525573192,mpmath_1792,256
ward77_test4,10,Float64,false,diagonalcheap,transfree,49,0,7.299020972901972e-284,2.718281525573192,2.718281827466352,1.331998346195134e-256,1.390779631038108e-256,6.365003227294009e-256,2.718281525573192,mpmath_1792,851
ward77_test4,10,Float64,false,diagonalcheap,complexschur,9,0,1.11333110779477e-18,2.841317783340085,2.7826693612627222,2.220446049250313e-16,1.45509292079014e-15,6.650980910599035e-15,2.718281525573192,mpmath_1792,53
ward77_test4,10,Float64,false,diagonalcheap,complexschur,25,0,1.454345741067017e-79,2.834149153996954,2.7918660193666653,1.727233711018889e-77,1.924739174869666e-76,1.016254729655278e-75,2.718281525573192,mpmath_1792,256
ward77_test4,10,Float64,false,diagonalcheap,complexschur,49,0,7.518985408668277e-284,2.834104846888132,2.8119561577454353,1.331998346195134e-256,1.031719201798392e-255,5.355101448980057e-255,2.718281525573192,mpmath_1792,851
ward77_test4,10,Float64,false,diagonalcheap,realschur,9,0,3.713899903445869e-19,2.848705452323396,2.801071404323918,2.220446049250313e-16,1.551668642361673e-15,8.193127390258518e-15,2.718281525573192,mpmath_1792,53
ward77_test4,10,Float64,false,diagonalcheap,realschur,25,0,1.281833503643687e-79,2.84870545231543,2.797578129311517,1.727233711018889e-77,1.833043804898325e-76,1.00028451345246e-75,2.718281525573192,mpmath_1792,256
ward77_test4,10,Float64,false,diagonalcheap,realschur,49,0,7.525091873805485e-284,2.832366332919868,2.796649732485631,1.331998346195134e-256,1.042714346679553e-255,5.215520262521437e-255,2.718281525573192,mpmath_1792,851
ward77_test4,10,Float64,false,taylor,transfree,20,0,4.336808689942018e-19,2.666666666666667,1,2.220446049250313e-16,1.976551839094968e-17,4.205297705578474e-17,2.718281525573192,mpmath_1792,53
ward77_test4,10,Float64,false,taylor,transfree,56,0,2.510772025379171e-77,2.666666666666667,1,1.727233711018889e-77,4.868541718890624e-78,1.143451269305924e-77,2.718281525573192,mpmath_1792,256
ward77_test4,10,Float64,false,taylor,transfree,90,2,2.261707288467595e-278,1.284025416687473,1,1.331998346195134e-256,4.598525288439427e-257,5.039049352445593e-257,1.284025416687473,mpmath_1792,851
ward77_test4,10,Float64,false,taylor,complexschur,20,0,1.301042606982605e-18,2.793063606816895,1,2.220446049250313e-16,1.436471966685166e-15,6.800713692759721e-15,2.718281525573192,mpmath_1792,53
ward77_test4,10,Float64,false,taylor,complexschur,64,0,4.909093465297727e-91,2.793095381648726,1,1.727233711018889e-77,1.961765811573896e-76,1.028542588825345e-75,2.718281525573192,mpmath_1792,256
ward77_test4,10,Float64,false,taylor,complexschur,90,2,1.022077279673533e-277,1.308805105282819,1,1.331998346195134e-256,9.73926128590621e-256,2.839725835050653e-255,1.284025416687473,mpmath_1792,851
ward77_test4,10,Float64,false,taylor,realschur,20,0,0,2.799060386624317,1,2.220446049250313e-16,1.535390034949874e-15,8.09340926987808e-15,2.718281525573192,mpmath_1792,53
ward77_test4,10,Float64,false,taylor,realschur,64,0,4.909093465297727e-91,2.799060386616443,1,1.727233711018889e-77,1.857615132872333e-76,1.023660776289941e-75,2.718281525573192,mpmath_1792,256
ward77_test4,10,Float64,false,taylor,realschur,90,2,9.021190683991423e-278,1.306530151475193,1,1.331998346195134e-256,9.845787813804284e-256,2.736051768253344e-255,1.284025416687473,mpmath_1792,851
naha95_p370,3,Float64,false,diagonalcheap,transfree,5,12,1.803142062468366e-18,15.65723382525483,52.27462295414343,2.220446049250313e-16,2.007071906123607e-15,3.182244542311276e-14,15.78645853604298,mpmath_1792,53
naha95_p370,3,Float64,false,diagonalcheap,transfree,31,6,1.284323525359843e-79,1333.365900751784,230453.67710910802,1.727233711018889e-77,3.268740586534807e-72,7.366525625201435e-69,2256.361077122713,mpmath_1792,256
naha95_p370,3,Float64,false,diagonalcheap,transfree,73,6,2.593762823170303e-260,1333.3659007867,229869.4309954579,1.331998346195134e-256,5.586889608402785e-251,1.259430372654172e-247,2256.361077122713,mpmath_1792,851
naha95_p370,3,Float64,false,diagonalcheap,complexschur,5,12,1.188150004161649e-18,9.97478188456515,29.969572239859325,2.220446049250313e-16,3.190461971719941e-15,5.077814760899889e-14,15.78645853604298,mpmath_1792,53
naha95_p370,3,Float64,false,diagonalcheap,complexschur,31,6,1.544019587856905e-81,816.8380456557592,87239.60180113581,1.727233711018889e-77,7.779704114025859e-74,1.758911128717712e-70,2256.361077122713,mpmath_1792,256
naha95_p370,3,Float64,false,diagonalcheap,complexschur,73,6,3.77537876409569e-263,816.8380456557594,87019.26207658448,1.331998346195134e-256,6.347407307622979e-253,1.435048166361265e-249,2256.361077122713,mpmath_1792,851
naha95_p370,3,Float64,false,diagonalcheap,realschur,5,12,1.188150004161649e-18,9.974781884565152,29.969572239859325,2.220446049250313e-16,3.190461971719941e-15,5.077814760899889e-14,15.78645853604298,mpmath_1792,53
naha95_p370,3,Float64,false,diagonalcheap,realschur,31,6,1.544019587856905e-81,816.8380456557592,87239.60180113581,1.727233711018889e-77,7.779704114025859e-74,1.758911128717712e-70,2256.361077122713,mpmath_1792,256
naha95_p370,3,Float64,false,diagonalcheap,realschur,73,6,3.77537876409569e-263,816.8380456557594,87019.26207658448,1.331998346195134e-256,6.347407307622979e-253,1.435048166361265e-249,2256.361077122713,mpmath_1792,851
naha95_p370,3,Float64,false,taylor,transfree,36,5,5.384581669432009e-15,4453.74589269731,1,2.220446049250313e-16,9.082725638545387e-13,1.016505064209734e-08,13014.34997409801,mpmath_1792,53
naha95_p370,3,Float64,false,taylor,transfree,90,5,9.123550205255825e-87,4453.745892693323,1,1.727233711018889e-77,4.972508926288054e-73,6.382029007918168e-69,13014.34997409801,mpmath_1792,256
naha95_p370,3,Float64,false,taylor,transfree,90,12,1.531987059828977e-278,15.65723382525484,1,1.331998346195134e-256,3.10330991220441e-256,5.254856560995828e-255,15.78645853604298,mpmath_1792,851
naha95_p370,3,Float64,false,taylor,complexschur,36,5,2.220446049250313e-16,2767.273984673802,1,2.220446049250313e-16,8.682492223112529e-12,1.13098932504652e-07,13014.34997409801,mpmath_1792,53
naha95_p370,3,Float64,false,taylor,complexschur,81,5,4.691059003806414e-74,2727.618085575071,1,1.727233711018889e-77,2.706769253854724e-73,3.52602347094039e-69,13014.34997409801,mpmath_1792,256
naha95_p370,3,Float64,false,taylor,complexschur,90,12,1.766536435946045e-280,9.974781885730927,1,1.331998346195134e-256,1.188814463130017e-255,1.97867123474727e-254,15.78645853604298,mpmath_1792,851
naha95_p370,3,Float64,false,taylor,realschur,36,5,2.220446049250313e-16,2767.273984673802,1,2.220446049250313e-16,8.682492223112529e-12,1.13098932504652e-07,13014.34997409801,mpmath_1792,53
naha95_p370,3,Float64,false,taylor,realschur,81,5,4.691059003806414e-74,2727.618085575071,1,1.727233711018889e-77,2.706769253854724e-73,3.52602347094039e-69,13014.34997409801,mpmath_1792,256
naha95_p370,3,Float64,false,taylor,realschur,90,12,1.766536435946045e-280,9.974781885730927,1,1.331998346195134e-256,1.188814463130017e-255,1.97867123474727e-254,15.78645853604298,mpmath_1792,851
kela98_ex2,2,Float64,false,diagonalcheap,transfree,3,16,0,16.2588138714622,74.4664700678436,2.220446049250313e-16,1.169270860616234e-16,1.892566767662344e-15,16.2588138714622,mpmath_1792,53
kela98_ex2,2,Float64,false,diagonalcheap,transfree,17,4,2.340060606031783e-77,62892.85451980713,9.768099706930743e8,1.727233711018889e-77,8.911800676802445e-78,5.604880882586153e-73,62892.85451980713,mpmath_1792,256
kela98_ex2,2,Float64,false,diagonalcheap,transfree,49,3,1.712726439423318e-289,126573.3190210309,3.9068784080011773e9,1.331998346195134e-256,3.534443558841134e-257,4.473641618803397e-252,126573.3190210308,mpmath_1792,851
kela98_ex2,2,Float64,false,diagonalcheap,complexschur,3,16,0,16.2588138714622,74.4664700678436,2.220446049250313e-16,1.169270860616234e-16,1.892566767662344e-15,16.2588138714622,mpmath_1792,53
kela98_ex2,2,Float64,false,diagonalcheap,complexschur,17,4,2.340060606031783e-77,62892.85451980713,9.768099706930743e8,1.727233711018889e-77,8.911800676802445e-78,5.604880882586153e-73,62892.85451980713,mpmath_1792,256
kela98_ex2,2,Float64,false,diagonalcheap,complexschur,49,3,1.712726439423318e-289,126573.3190210309,3.9068784080011773e9,1.331998346195134e-256,3.534443558841134e-257,4.473641618803397e-252,126573.3190210308,mpmath_1792,851
kela98_ex2,2,Float64,false,diagonalcheap,realschur,3,16,0,16.2588138714622,74.4664700678436,2.220446049250313e-16,1.169270860616234e-16,1.892566767662344e-15,16.2588138714622,mpmath_1792,53
kela98_ex2,2,Float64,false,diagonalcheap,realschur,17,4,2.340060606031783e-77,62892.85451980713,9.768099706930743e8,1.727233711018889e-77,8.911800676802445e-78,5.604880882586153e-73,62892.85451980713,mpmath_1792,256
kela98_ex2,2,Float64,false,diagonalcheap,realschur,49,3,1.712726439423318e-289,126573.3190210309,3.9068784080011773e9,1.331998346195134e-256,3.534443558841134e-257,4.473641618803397e-252,126573.3190210308,mpmath_1792,851
kela98_ex2,2,Float64,false,taylor,transfree,20,1,2.193557835372673e-15,525636.4679377604,1,2.220446049250313e-16,1.369730366942822e-16,7.19979713510092e-11,525636.5994591084,mpmath_1792,53
kela98_ex2,2,Float64,false,taylor,transfree,49,1,3.217344115816212e-74,525636.4679377604,1,1.727233711018889e-77,1.628243940583283e-79,8.55889634111734e-74,525636.5994591084,mpmath_1792,256
kela98_ex2,2,Float64,false,taylor,transfree,90,4,1.242483500695298e-268,62892.85451980713,1,1.331998346195134e-256,1.791514333003598e-257,1.126747971732685e-252,62892.85451980713,mpmath_1792,851
kela98_ex2,2,Float64,false,taylor,complexschur,20,1,2.193557835372673e-15,525636.4679377604,1,2.220446049250313e-16,1.369730366942822e-16,7.19979713510092e-11,525636.5994591084,mpmath_1792,53
kela98_ex2,2,Float64,false,taylor,complexschur,49,1,3.217344115816212e-74,525636.4679377604,1,1.727233711018889e-77,1.628243940583283e-79,8.55889634111734e-74,525636.5994591084,mpmath_1792,256
kela98_ex2,2,Float64,false,taylor,complexschur,90,4,1.242483500695298e-268,62892.85451980713,1,1.331998346195134e-256,1.791514333003598e-257,1.126747971732685e-252,62892.85451980713,mpmath_1792,851
kela98_ex2,2,Float64,false,taylor,realschur,20,1,2.193557835372673e-15,525636.4679377604,1,2.220446049250313e-16,1.369730366942822e-16,7.19979713510092e-11,525636.5994591084,mpmath_1792,53
kela98_ex2,2,Float64,false,taylor,realschur,49,1,3.217344115816212e-74,525636.4679377604,1,1.727233711018889e-77,1.628243940583283e-79,8.55889634111734e-74,525636.5994591084,mpmath_1792,256
kela98_ex2,2,Float64,false,taylor,realschur,90,4,1.242483500695298e-268,62892.85451980713,1,1.331998346195134e-256,1.791514333003598e-257,1.126747971732685e-252,62892.85451980713,mpmath_1792,851
kela98_p655,5,Float64,false,diagonalcheap,transfree,17,22,1.709819636462476e-16,4.711008528077029,54.00358111197461,2.220446049250313e-16,3.180339577344982e-16,8.810329550125897e-16,1,mpmath_1792,53
kela98_p655,5,Float64,false,diagonalcheap,transfree,43,22,8.821579168153973e-90,4.711008528077028,56.96994989717099,1.727233711018889e-77,4.829904736836286e-78,1.034978849808979e-77,1,mpmath_1792,256
kela98_p655,5,Float64,false,diagonalcheap,transfree,91,22,1.46558541351328e-257,4.711008528077031,58.00586873240444,1.331998346195134e-256,8.760476651369803e-257,1.368015037035387e-256,1,mpmath_1792,851
kela98_p655,5,Float64,false,diagonalcheap,complexschur,17,22,1.709819636462476e-16,4.711008528077029,54.00358111197461,2.220446049250313e-16,3.180339577344982e-16,8.810329550125897e-16,1,mpmath_1792,53
kela98_p655,5,Float64,false,diagonalcheap,complexschur,43,22,8.821579168153973e-90,4.711008528077028,56.96994989717099,1.727233711018889e-77,4.829904736836286e-78,1.034978849808979e-77,1,mpmath_1792,256
kela98_p655,5,Float64,false,diagonalcheap,complexschur,91,22,1.46558541351328e-257,4.711008528077031,58.00586873240444,1.331998346195134e-256,8.760476651369803e-257,1.368015037035387e-256,1,mpmath_1792,851
kela98_p655,5,Float64,false,diagonalcheap,realschur,17,22,1.709819636462476e-16,4.711008528077029,54.00358111197461,2.220446049250313e-16,3.180339577344982e-16,8.810329550125897e-16,1,mpmath_1792,53
kela98_p655,5,Float64,false,diagonalcheap,realschur,43,22,8.821579168153973e-90,4.711008528077028,56.96994989717099,1.727233711018889e-77,4.829904736836286e-78,1.034978849808979e-77,1,mpmath_1792,256
kela98_p655,5,Float64,false,diagonalcheap,realschur,91,22,1.46558541351328e-257,4.711008528077031,58.00586873240444,1.331998346195134e-256,8.760476651369803e-257,1.368015037035387e-256,1,mpmath_1792,851
kela98_p655,5,Float64,false,taylor,transfree,30,23,3.469446951953614e-18,2.17048577996763,1,2.220446049250313e-16,1.187055169645419e-16,1.271754800727696e-16,1,mpmath_1792,53
kela98_p655,5,Float64,false,taylor,transfree,42,27,3.854784336764521e-86,1.049626553750315,1,1.727233711018889e-77,3.759291596555322e-78,7.078295254033554e-78,1,mpmath_1792,256
kela98_p655,5,Float64,false,taylor,transfree,81,30,9.903229158891207e-261,1.00607266907169,1,1.331998346195134e-256,3.700832914465703e-257,6.659991730975672e-257,1,mpmath_1792,851
kela98_p655,5,Float64,false,taylor,complexschur,30,23,3.469446951953614e-18,2.17048577996763,1,2.220446049250313e-16,1.187055169645419e-16,1.271754800727696e-16,1,mpmath_1792,53
kela98_p655,5,Float64,false,taylor,complexschur,42,27,3.854784336764521e-86,1.049626553750315,1,1.727233711018889e-77,3.759291596555322e-78,7.078295254033554e-78,1,mpmath_1792,256
kela98_p655,5,Float64,false,taylor,complexschur,81,30,9.903229158891207e-261,1.00607266907169,1,1.331998346195134e-256,3.700832914465703e-257,6.659991730975672e-257,1,mpmath_1792,851
kela98_p655,5,Float64,false,taylor,realschur,30,23,3.469446951953614e-18,2.17048577996763,1,2.220446049250313e-16,1.187055169645419e-16,1.271754800727696e-16,1,mpmath_1792,53
kela98_p655,5,Float64,false,taylor,realschur,42,27,3.854784336764521e-86,1.049626553750315,1,1.727233711018889e-77,3.759291596555322e-78,7.078295254033554e-78,1,mpmath_1792,256
kela98_p655,5,Float64,false,taylor,realschur,81,30,9.903229158891207e-261,1.00607266907169,1,1.331998346195134e-256,3.700832914465703e-257,6.659991730975672e-257,1,mpmath_1792,851
dipa00_ex3.10,8,Float64,false,diagonalcheap,transfree,3,15,1.871202734974951e-18,16.2587989816152,74.46657836051844,2.220446049250313e-16,1.297663336564339e-16,1.779765715697696e-15,16.2587989816152,mpmath_1792,53
dipa00_ex3.10,8,Float64,false,diagonalcheap,transfree,17,5,5.993429042240199e-89,15627.08454902508,6.105300034879395e7,1.727233711018889e-77,1.130627962149812e-77,1.669335941291404e-73,15627.08454902508,mpmath_1792,256
dipa00_ex3.10,8,Float64,false,diagonalcheap,transfree,49,4,5.563438601483157e-303,31259.6163992865,2.44205935011957e8,1.331998346195134e-256,1.323825142325427e-256,3.819110333001826e-252,31259.61639928651,mpmath_1792,851
dipa00_ex3.10,8,Float64,false,diagonalcheap,complexschur,3,15,1.87119950898976e-18,16.25876922727164,74.46644997887677,2.220446049250313e-16,3.227498368436718e-16,7.98902878874894e-15,16.2587989816152,mpmath_1792,53
dipa00_ex3.10,8,Float64,false,diagonalcheap,complexschur,17,5,5.993417417695903e-89,15627.0543876387,6.105288193355921e7,1.727233711018889e-77,1.050855052517303e-76,1.894757699681088e-72,15627.08454902508,mpmath_1792,256
dipa00_ex3.10,8,Float64,false,diagonalcheap,complexschur,49,4,5.563427864786085e-303,31259.55668298656,2.4420546372695956e8,1.331998346195134e-256,2.051824390801152e-256,8.486697485268607e-252,31259.61639928651,mpmath_1792,851
dipa00_ex3.10,8,Float64,false,diagonalcheap,realschur,3,15,0,16.25876922727164,74.46644997887677,2.220446049250313e-16,3.227498368436718e-16,7.98902878874894e-15,16.2587989816152,mpmath_1792,53
dipa00_ex3.10,8,Float64,false,diagonalcheap,realschur,17,5,5.993417417695903e-89,15627.0543876387,6.105288193355921e7,1.727233711018889e-77,1.050855052517303e-76,1.894757699681088e-72,15627.08454902508,mpmath_1792,256
dipa00_ex3.10,8,Float64,false,diagonalcheap,realschur,49,4,5.563427864786085e-303,31259.55668298656,2.4420546372695956e8,1.331998346195134e-256,2.051824390801152e-256,8.486697485268607e-252,31259.61639928651,mpmath_1792,851
dipa00_ex3.10,8,Float64,false,taylor,transfree,20,2,3.103604179210961e-12,125551.2051998286,1,2.220446049250313e-16,3.42757212709417e-17,4.303407972599945e-12,125551.9320009135,mpmath_1792,53
dipa00_ex3.10,8,Float64,false,taylor,transfree,56,2,4.951990351270864e-85,125551.2051998286,1,1.727233711018889e-77,1.204267741131333e-78,1.511990716817671e-73,125551.9320009135,mpmath_1792,256
dipa00_ex3.10,8,Float64,false,taylor,transfree,90,6,1.49854942094861e-273,7813.639362250317,1,1.331998346195134e-256,1.476747473946522e-257,1.154055993501595e-253,7813.639362250317,mpmath_1792,851
dipa00_ex3.10,8,Float64,false,taylor,complexschur,20,2,3.103604179210961e-12,125550.9802253428,1,2.220446049250313e-16,3.525129314272265e-16,6.763547962285484e-11,125551.9320009135,mpmath_1792,53
dipa00_ex3.10,8,Float64,false,taylor,complexschur,56,2,4.951990351270864e-85,125550.9802253428,1,1.727233711018889e-77,9.399498157165381e-77,1.373476667678917e-71,125551.9320009135,mpmath_1792,256
dipa00_ex3.10,8,Float64,false,taylor,complexschur,90,6,1.49854942094861e-273,7813.624204976139,1,1.331998346195134e-256,2.037025545830455e-256,2.025080955186334e-252,7813.639362250317,mpmath_1792,851
dipa00_ex3.10,8,Float64,false,taylor,realschur,20,2,3.103604179210961e-12,125550.9802253428,1,2.220446049250313e-16,3.525129314272265e-16,6.763547962285484e-11,125551.9320009135,mpmath_1792,53
dipa00_ex3.10,8,Float64,false,taylor,realschur,56,2,4.951990351270864e-85,125550.9802253428,1,1.727233711018889e-77,9.399498157165381e-77,1.373476667678917e-71,125551.9320009135,mpmath_1792,256
dipa00_ex3.10,8,Float64,false,taylor,realschur,90,6,1.49854942094861e-273,7813.624204976139,1,1.331998346195134e-256,2.037025545830455e-256,2.025080955186334e-252,7813.639362250317,mpmath_1792,851
rosser8,8,Float64,true,diagonalcheap,transfree,0,0,NaN,NaN,NaN,2.220446049250313e-16,2.343874778179513e-16,7.087158386056228e-16,1.283580034198481,mpmath_1792,53
rosser8,8,Float64,true,diagonalcheap,transfree,0,0,NaN,NaN,NaN,1.727233711018889e-77,2.730922416548514e-77,9.390658666616955e-77,1.283580034198481,mpmath_1792,256
rosser8,8,Float64,true,diagonalcheap,transfree,0,0,NaN,NaN,NaN,1.331998346195134e-256,1.496122940807298e-256,4.644871979724965e-256,1.283580034198481,mpmath_1792,851
rosser8,8,Float64,true,diagonalcheap,complexschur,5,0,9.530248622392647e-19,1.206102818545352,1.2061028185453517,2.220446049250313e-16,9.506642049995006e-16,4.334468484800701e-15,1.283580034198481,mpmath_1792,53
rosser8,8,Float64,true,diagonalcheap,complexschur,21,0,8.424807564766231e-93,1.206102818545352,1.2061028185453522,1.727233711018889e-77,8.26320270974579e-77,2.585493993754249e-76,1.283580034198481,mpmath_1792,256
rosser8,8,Float64,true,diagonalcheap,complexschur,49,0,5.106853155383104e-257,1.206102818545352,1.206102818545352,1.331998346195134e-256,5.472896457640133e-256,1.932402123412415e-255,1.283580034198481,mpmath_1792,851
rosser8,8,Float64,true,diagonalcheap,realschur,5,0,9.530248622392647e-19,1.206102818545352,1.2061028185453517,2.220446049250313e-16,9.506642049995006e-16,4.334468484800701e-15,1.283580034198481,mpmath_1792,53
rosser8,8,Float64,true,diagonalcheap,realschur,21,0,8.424807564766231e-93,1.206102818545352,1.2061028185453522,1.727233711018889e-77,8.26320270974579e-77,2.585493993754249e-76,1.283580034198481,mpmath_1792,256
rosser8,8,Float64,true,diagonalcheap,realschur,49,0,5.106853155383104e-257,1.206102818545352,1.206102818545352,1.331998346195134e-256,5.472896457640133e-256,1.932402123412415e-255,1.283580034198481,mpmath_1792,851
rosser8,8,Float64,true,taylor,transfree,0,0,NaN,NaN,NaN,2.220446049250313e-16,2.343874778179513e-16,7.087158386056228e-16,1.283580034198481,mpmath_1792,53
rosser8,8,Float64,true,taylor,transfree,0,0,NaN,NaN,NaN,1.727233711018889e-77,2.730922416548514e-77,9.390658666616955e-77,1.283580034198481,mpmath_1792,256
rosser8,8,Float64,true,taylor,transfree,0,0,NaN,NaN,NaN,1.331998346195134e-256,1.496122940807298e-256,4.644871979724965e-256,1.283580034198481,mpmath_1792,851
rosser8,8,Float64,true,taylor,complexschur,12,0,2.168404344971009e-19,1.206049448553734,1,2.220446049250313e-16,9.506642049995006e-16,4.334468484800701e-15,1.283580034198481,mpmath_1792,53
rosser8,8,Float64,true,taylor,complexschur,42,0,8.896843973571594e-85,1.206049448553734,1,1.727233711018889e-77,8.26320270974579e-77,2.585493993754249e-76,1.283580034198481,mpmath_1792,256
rosser8,8,Float64,true,taylor,complexschur,90,2,7.991453054671483e-262,1.047963322454197,1,1.331998346195134e-256,6.251525826441933e-256,1.837259572591116e-255,1.067040877684576,mpmath_1792,851
rosser8,8,Float64,true,taylor,realschur,12,0,2.168404344971009e-19,1.206049448553734,1,2.220446049250313e-16,9.506642049995006e-16,4.334468484800701e-15,1.283580034198481,mpmath_1792,53
rosser8,8,Float64,true,taylor,realschur,42,0,8.896843973571594e-85,1.206049448553734,1,1.727233711018889e-77,8.26320270974579e-77,2.585493993754249e-76,1.283580034198481,mpmath_1792,256
rosser8,8,Float64,true,taylor,realschur,90,2,7.991453054671483e-262,1.047963322454197,1,1.331998346195134e-256,6.251525826441933e-256,1.837259572591116e-255,1.067040877684576,mpmath_1792,851
cos_sin_x100,2,Float64,false,diagonalcheap,transfree,91,11,1.202223333036093e-17,1.155112774839531,1.9855130264766998,2.220446049250313e-16,4.232771626403918e-17,5.382328836486751e-17,1.155112774839532,mpmath_1792,53
cos_sin_x100,2,Float64,false,diagonalcheap,transfree,91,9,5.983047427409522e-81,1.406615769059898,1.630109390296751,1.727233711018889e-77,3.513402763933953e-78,4.464160392834513e-78,1.406615769059827,mpmath_1792,256
cos_sin_x100,2,Float64,false,diagonalcheap,transfree,91,11,3.924180614645178e-263,1.155112774839531,1.9855130264766998,1.331998346195134e-256,6.823368013429646e-257,7.199619132740656e-257,1.155112774839532,mpmath_1792,851
cos_sin_x100,2,Float64,false,diagonalcheap,complexschur,0,0,NaN,NaN,1,2.220446049250313e-16,1.819000634495405e-12,2.287840669874375e-12,1.257769757147267,mpmath_1792,53
cos_sin_x100,2,Float64,false,diagonalcheap,complexschur,0,0,NaN,NaN,1,1.727233711018889e-77,1.414941465220087e-73,1.779589788715311e-73,1.257769757147267,mpmath_1792,256
cos_sin_x100,2,Float64,false,diagonalcheap,complexschur,0,0,NaN,NaN,1,1.331998346195134e-256,2.856823366771709e-257,3.627230007198387e-257,1.257769757147267,mpmath_1792,851
cos_sin_x100,2,Float64,false,diagonalcheap,realschur,91,11,1.202223333036093e-17,1.155112774839531,1.9855130264766998,2.220446049250313e-16,4.232771626403918e-17,5.382328836486751e-17,1.155112774839532,mpmath_1792,53
cos_sin_x100,2,Float64,false,diagonalcheap,realschur,91,9,5.983047427409522e-81,1.406615769059898,1.630109390296751,1.727233711018889e-77,3.513402763933953e-78,4.464160392834513e-78,1.406615769059827,mpmath_1792,256
cos_sin_x100,2,Float64,false,diagonalcheap,realschur,91,11,3.924180614645178e-263,1.155112774839531,1.9855130264766998,1.331998346195134e-256,6.823368013429646e-257,7.199619132740656e-257,1.155112774839532,mpmath_1792,851
cos_sin_x100,2,Float64,false,taylor,transfree,49,10,1.06581410364015e-14,1958.32371873205,1,2.220446049250313e-16,3.643073820215515e-17,4.636156256435228e-17,1.27675737330801,mpmath_1792,53
cos_sin_x100,2,Float64,false,taylor,transfree,90,11,3.644739597780616e-78,0.3404064888163104,1,1.727233711018889e-77,1.488840201857699e-78,2.068740523968454e-78,1.155112774839532,mpmath_1792,256
cos_sin_x100,2,Float64,false,taylor,transfree,90,18,6.054384979157321e-270,1.03741021393775,1,1.331998346195134e-256,5.967647094255867e-258,6.479570054695621e-258,1.03741021393775,mpmath_1792,851
cos_sin_x100,2,Float64,false,taylor,complexschur,0,0,NaN,NaN,1,2.220446049250313e-16,1.819000634495405e-12,2.287840669874375e-12,1.257769757147267,mpmath_1792,53
cos_sin_x100,2,Float64,false,taylor,complexschur,0,0,NaN,NaN,1,1.727233711018889e-77,1.414941465220087e-73,1.779589788715311e-73,1.257769757147267,mpmath_1792,256
cos_sin_x100,2,Float64,false,taylor,complexschur,0,0,NaN,NaN,1,1.331998346195134e-256,2.856823366771709e-257,3.627230007198387e-257,1.257769757147267,mpmath_1792,851
cos_sin_x100,2,Float64,false,taylor,realschur,49,10,1.06581410364015e-14,1958.32371873205,1,2.220446049250313e-16,3.643073820215515e-17,4.636156256435228e-17,1.27675737330801,mpmath_1792,53
cos_sin_x100,2,Float64,false,taylor,realschur,90,11,3.644739597780616e-78,0.3404064888163104,1,1.727233711018889e-77,1.488840201857699e-78,2.068740523968454e-78,1.155112774839532,mpmath_1792,256
cos_sin_x100,2,Float64,false,taylor,realschur,90,18,6.054384979157321e-270,1.03741021393775,1,1.331998346195134e-256,5.967647094255867e-258,6.479570054695621e-258,1.03741021393775,mpmath_1792,851
nilpotent,4,Float64,false,diagonalcheap,transfree,7,4,0,25.46762273834782,74.01419352475182,2.220446049250313e-16,2.001359151095703e-16,5.072518482520437e-15,25.46762273834782,mpmath_1792,53
nilpotent,4,Float64,false,diagonalcheap,transfree,7,2,0,448.3294635464797,10853.62784873878,1.727233711018889e-77,0,0,448.3294635464798,mpmath_1792,256
nilpotent,4,Float64,false,diagonalcheap,transfree,7,2,0,448.3294635464797,10853.62784873878,1.331998346195134e-256,2.235288213034723e-256,6.819831532519088e-254,448.3294635464798,mpmath_1792,851
nilpotent,4,Float64,false,diagonalcheap,complexschur,7,4,0,25.46762273834782,74.01419352475182,2.220446049250313e-16,2.001359151095703e-16,5.072518482520437e-15,25.46762273834782,mpmath_1792,53
nilpotent,4,Float64,false,diagonalcheap,complexschur,7,2,0,448.3294635464797,10853.62784873878,1.727233711018889e-77,0,0,448.3294635464798,mpmath_1792,256
nilpotent,4,Float64,false,diagonalcheap,complexschur,7,2,0,448.3294635464797,10853.62784873878,1.331998346195134e-256,2.235288213034723e-256,6.819831532519088e-254,448.3294635464798,mpmath_1792,851
nilpotent,4,Float64,false,diagonalcheap,realschur,7,4,0,25.46762273834782,74.01419352475182,2.220446049250313e-16,2.001359151095703e-16,5.072518482520437e-15,25.46762273834782,mpmath_1792,53
nilpotent,4,Float64,false,diagonalcheap,realschur,7,2,0,448.3294635464797,10853.62784873878,1.727233711018889e-77,0,0,448.3294635464798,mpmath_1792,256
nilpotent,4,Float64,false,diagonalcheap,realschur,7,2,0,448.3294635464797,10853.62784873878,1.331998346195134e-256,2.235288213034723e-256,6.819831532519088e-254,448.3294635464798,mpmath_1792,851
nilpotent,4,Float64,false,taylor,transfree,12,2,0,448.3294635464797,1,2.220446049250313e-16,1.548819709732308e-16,4.808649103467644e-14,448.3294635464798,mpmath_1792,53
nilpotent,4,Float64,false,taylor,transfree,12,2,0,448.3294635464798,1,1.727233711018889e-77,0,0,448.3294635464798,mpmath_1792,256
nilpotent,4,Float64,false,taylor,transfree,12,2,0,448.3294635464798,1,1.331998346195134e-256,0,0,448.3294635464798,mpmath_1792,851
nilpotent,4,Float64,false,taylor,complexschur,12,2,0,448.3294635464797,1,2.220446049250313e-16,1.548819709732308e-16,4.808649103467644e-14,448.3294635464798,mpmath_1792,53
nilpotent,4,Float64,false,taylor,complexschur,12,2,0,448.3294635464798,1,1.727233711018889e-77,0,0,448.3294635464798,mpmath_1792,256
nilpotent,4,Float64,false,taylor,complexschur,12,2,0,448.3294635464798,1,1.331998346195134e-256,0,0,448.3294635464798,mpmath_1792,851
nilpotent,4,Float64,false,taylor,realschur,12,2,0,448.3294635464797,1,2.220446049250313e-16,1.548819709732308e-16,4.808649103467644e-14,448.3294635464798,mpmath_1792,53
nilpotent,4,Float64,false,taylor,realschur,12,2,0,448.3294635464798,1,1.727233711018889e-77,0,0,448.3294635464798,mpmath_1792,256
nilpotent,4,Float64,false,taylor,realschur,12,2,0,448.3294635464798,1,1.331998346195134e-256,0,0,448.3294635464798,mpmath_1792,851
nilpotent,24,Float64,false,diagonalcheap,transfree,13,7,2.165666791114266e-17,26.40701747531017,62.25179859477165,2.220446049250313e-16,2.058561311859966e-16,5.75206191497343e-15,26.40701747531017,mpmath_1792,53
nilpotent,24,Float64,false,diagonalcheap,transfree,31,7,1.917466681114805e-88,26.40701747531017,62.35809106075164,1.727233711018889e-77,1.852725825734641e-77,5.014014181568361e-76,26.40701747531017,mpmath_1792,256
nilpotent,24,Float64,false,diagonalcheap,transfree,73,7,2.681523212760528e-281,26.40701747531017,62.39808341387852,1.331998346195134e-256,1.472053360323067e-256,4.083439472114189e-255,26.40701747531017,mpmath_1792,851
nilpotent,24,Float64,false,diagonalcheap,complexschur,13,7,2.165666791114266e-17,26.40701747531017,62.25179859477165,2.220446049250313e-16,2.058561311859966e-16,5.75206191497343e-15,26.40701747531017,mpmath_1792,53
nilpotent,24,Float64,false,diagonalcheap,complexschur,31,7,1.917466681114805e-88,26.40701747531017,62.35809106075164,1.727233711018889e-77,1.852725825734641e-77,5.014014181568361e-76,26.40701747531017,mpmath_1792,256
nilpotent,24,Float64,false,diagonalcheap,complexschur,73,7,2.681523212760528e-281,26.40701747531017,62.39808341387852,1.331998346195134e-256,1.472053360323067e-256,4.083439472114189e-255,26.40701747531017,mpmath_1792,851
nilpotent,24,Float64,false,diagonalcheap,realschur,13,7,2.165666791114266e-17,26.40701747531017,62.25179859477165,2.220446049250313e-16,2.058561311859966e-16,5.75206191497343e-15,26.40701747531017,mpmath_1792,53
nilpotent,24,Float64,false,diagonalcheap,realschur,31,7,1.917466681114805e-88,26.40701747531017,62.35809106075164,1.727233711018889e-77,1.852725825734641e-77,5.014014181568361e-76,26.40701747531017,mpmath_1792,256
nilpotent,24,Float64,false,diagonalcheap,realschur,73,7,2.681523212760528e-281,26.40701747531017,62.39808341387852,1.331998346195134e-256,1.472053360323067e-256,4.083439472114189e-255,26.40701747531017,mpmath_1792,851
nilpotent,24,Float64,false,taylor,transfree,42,5,1.554312234475219e-14,1461.154092072953,1,2.220446049250313e-16,3.224122377772353e-16,4.445658617002441e-13,2169.404451080035,mpmath_1792,53
nilpotent,24,Float64,false,taylor,transfree,90,6,1.227273366324432e-91,124.9333674070219,1,1.727233711018889e-77,8.15889598166673e-78,1.174197225300124e-75,124.9334075031723,mpmath_1792,256
nilpotent,24,Float64,false,taylor,transfree,90,12,6.880735944643851e-258,1.50456010884178,1,1.331998346195134e-256,1.786607207356794e-258,1.051865929383478e-257,1.50456010884178,mpmath_1792,851
nilpotent,24,Float64,false,taylor,complexschur,42,5,1.554312234475219e-14,1461.154092072953,1,2.220446049250313e-16,3.224122377772353e-16,4.445658617002441e-13,2169.404451080035,mpmath_1792,53
nilpotent,24,Float64,false,taylor,complexschur,90,6,1.227273366324432e-91,124.9333674070219,1,1.727233711018889e-77,8.15889598166673e-78,1.174197225300124e-75,124.9334075031723,mpmath_1792,256
nilpotent,24,Float64,false,taylor,complexschur,90,12,6.880735944643851e-258,1.50456010884178,1,1.331998346195134e-256,1.786607207356794e-258,1.051865929383478e-257,1.50456010884178,mpmath_1792,851
nilpotent,24,Float64,false,taylor,realschur,42,5,1.554312234475219e-14,1461.154092072953,1,2.220446049250313e-16,3.224122377772353e-16,4.445658617002441e-13,2169.404451080035,mpmath_1792,53
nilpotent,24,Float64,false,taylor,realschur,90,6,1.227273366324432e-91,124.9333674070219,1,1.727233711018889e-77,8.15889598166673e-78,1.174197225300124e-75,124.9334075031723,mpmath_1792,256
nilpotent,24,Float64,false,taylor,realschur,90,12,6.880735944643851e-258,1.50456010884178,1,1.331998346195134e-256,1.786607207356794e-258,1.051865929383478e-257,1.50456010884178,mpmath_1792,851
edst03_pascal_chol,4,Float64,false,diagonalcheap,transfree,7,0,0,8,11.383136094674557,2.220446049250313e-16,0,0,8,mpmath_1792,53
edst03_pascal_chol,4,Float64,false,diagonalcheap,transfree,7,0,0,8,11.383136094674557,1.727233711018889e-77,0,0,8,mpmath_1792,256
edst03_pascal_chol,4,Float64,false,diagonalcheap,transfree,7,0,0,8,11.383136094674557,1.331998346195134e-256,0,0,8,mpmath_1792,851
edst03_pascal_chol,4,Float64,false,diagonalcheap,complexschur,7,0,0,8,11.383136094674557,2.220446049250313e-16,0,0,8,mpmath_1792,53
edst03_pascal_chol,4,Float64,false,diagonalcheap,complexschur,7,0,0,8,11.383136094674557,1.727233711018889e-77,0,0,8,mpmath_1792,256
edst03_pascal_chol,4,Float64,false,diagonalcheap,complexschur,7,0,0,8,11.383136094674557,1.331998346195134e-256,0,0,8,mpmath_1792,851
edst03_pascal_chol,4,Float64,false,diagonalcheap,realschur,7,0,0,8,11.383136094674557,2.220446049250313e-16,0,0,8,mpmath_1792,53
edst03_pascal_chol,4,Float64,false,diagonalcheap,realschur,7,0,0,8,11.383136094674557,1.727233711018889e-77,0,0,8,mpmath_1792,256
edst03_pascal_chol,4,Float64,false,diagonalcheap,realschur,7,0,0,8,11.383136094674557,1.331998346195134e-256,0,0,8,mpmath_1792,851
edst03_pascal_chol,4,Float64,false,taylor,transfree,12,0,0,8,1,2.220446049250313e-16,0,0,8,mpmath_1792,53
edst03_pascal_chol,4,Float64,false,taylor,transfree,12,0,0,8,1,1.727233711018889e-77,0,0,8,mpmath_1792,256
edst03_pascal_chol,4,Float64,false,taylor,transfree,12,0,0,8,1,1.331998346195134e-256,0,0,8,mpmath_1792,851
edst03_pascal_chol,4,Float64,false,taylor,complexschur,12,0,0,8,1,2.220446049250313e-16,0,0,8,mpmath_1792,53
edst03_pascal_chol,4,Float64,false,taylor,complexschur,12,0,0,8,1,1.727233711018889e-77,0,0,8,mpmath_1792,256
edst03_pascal_chol,4,Float64,false,taylor,complexschur,12,0,0,8,1,1.331998346195134e-256,0,0,8,mpmath_1792,851
edst03_pascal_chol,4,Float64,false,taylor,realschur,12,0,0,8,1,2.220446049250313e-16,0,0,8,mpmath_1792,53
edst03_pascal_chol,4,Float64,false,taylor,realschur,12,0,0,8,1,1.727233711018889e-77,0,0,8,mpmath_1792,256
edst03_pascal_chol,4,Float64,false,taylor,realschur,12,0,0,8,1,1.331998346195134e-256,0,0,8,mpmath_1792,851
edst03_pascal_chol,24,Float64,false,diagonalcheap,transfree,13,3,1.810838391978619e-18,15.01440119364349,16.25702607468152,2.220446049250313e-16,5.294556666115456e-17,1.196843160348391e-15,15.01440119364349,mpmath_1792,53
edst03_pascal_chol,24,Float64,false,diagonalcheap,transfree,37,2,1.101433936022822e-78,169.4065894508601,225.36224076780496,1.727233711018889e-77,4.935881398390447e-77,8.76394454706941e-75,169.4065894508601,mpmath_1792,256
edst03_pascal_chol,24,Float64,false,diagonalcheap,transfree,91,2,3.36447418290101e-278,169.4065894508602,225.42083709746592,1.331998346195134e-256,2.146804025987137e-256,4.296740951661197e-254,169.4065894508601,mpmath_1792,851
edst03_pascal_chol,24,Float64,false,diagonalcheap,complexschur,13,3,1.810838391978619e-18,15.01440119364349,16.25702607468152,2.220446049250313e-16,5.294556666115456e-17,1.196843160348391e-15,15.01440119364349,mpmath_1792,53
edst03_pascal_chol,24,Float64,false,diagonalcheap,complexschur,37,2,1.101433936022822e-78,169.4065894508601,225.36224076780496,1.727233711018889e-77,4.935881398390447e-77,8.76394454706941e-75,169.4065894508601,mpmath_1792,256
edst03_pascal_chol,24,Float64,false,diagonalcheap,complexschur,91,2,3.36447418290101e-278,169.4065894508602,225.42083709746592,1.331998346195134e-256,2.146804025987137e-256,4.296740951661197e-254,169.4065894508601,mpmath_1792,851
edst03_pascal_chol,24,Float64,false,diagonalcheap,realschur,13,3,1.810838391978619e-18,15.01440119364349,16.25702607468152,2.220446049250313e-16,5.294556666115456e-17,1.196843160348391e-15,15.01440119364349,mpmath_1792,53
edst03_pascal_chol,24,Float64,false,diagonalcheap,realschur,37,2,1.101433936022822e-78,169.4065894508601,225.36224076780496,1.727233711018889e-77,4.935881398390447e-77,8.76394454706941e-75,169.4065894508601,mpmath_1792,256
edst03_pascal_chol,24,Float64,false,diagonalcheap,realschur,91,2,3.36447418290101e-278,169.4065894508602,225.42083709746592,1.331998346195134e-256,2.146804025987137e-256,4.296740951661197e-254,169.4065894508601,mpmath_1792,851
edst03_pascal_chol,24,Float64,false,taylor,transfree,36,2,2.775557561562891e-17,84.82421875,1,2.220446049250313e-16,5.80524662826378e-18,7.221338105422707e-16,169.4065894508601,mpmath_1792,53
edst03_pascal_chol,24,Float64,false,taylor,transfree,90,2,8.49999296730971e-81,84.82421875,1,1.727233711018889e-77,4.812464869774585e-82,3.373554869249689e-80,169.4065894508601,mpmath_1792,256
edst03_pascal_chol,24,Float64,false,taylor,transfree,90,9,1.417011257249826e-272,1.045900318205642,1,1.331998346195134e-256,1.756463890625459e-283,8.607841666453538e-283,1.045900318205642,mpmath_1792,851
edst03_pascal_chol,24,Float64,false,taylor,complexschur,36,2,2.775557561562891e-17,84.82421875,1,2.220446049250313e-16,5.80524662826378e-18,7.221338105422707e-16,169.4065894508601,mpmath_1792,53
edst03_pascal_chol,24,Float64,false,taylor,complexschur,90,2,8.49999296730971e-81,84.82421875,1,1.727233711018889e-77,4.812464869774585e-82,3.373554869249689e-80,169.4065894508601,mpmath_1792,256
edst03_pascal_chol,24,Float64,false,taylor,complexschur,90,9,1.417011257249826e-272,1.045900318205642,1,1.331998346195134e-256,1.756463890625459e-283,8.607841666453538e-283,1.045900318205642,mpmath_1792,851
edst03_pascal_chol,24,Float64,false,taylor,realschur,36,2,2.775557561562891e-17,84.82421875,1,2.220446049250313e-16,5.80524662826378e-18,7.221338105422707e-16,169.4065894508601,mpmath_1792,53
edst03_pascal_chol,24,Float64,false,taylor,realschur,90,2,8.49999296730971e-81,84.82421875,1,1.727233711018889e-77,4.812464869774585e-82,3.373554869249689e-80,169.4065894508601,mpmath_1792,256
edst03_pascal_chol,24,Float64,false,taylor,realschur,90,9,1.417011257249826e-272,1.045900318205642,1,1.331998346195134e-256,1.756463890625459e-283,8.607841666453538e-283,1.045900318205642,mpmath_1792,851
kela89_206,4,Int64,false,diagonalcheap,transfree,9,4,2.920525040689622e-18,11.55461927596276,51.17831459202676,2.220446049250313e-16,2.215687292746025e-16,3.071176542546713e-15,11.55461927596276,mpmath_1792,53
kela89_206,4,Int64,false,diagonalcheap,transfree,37,1,4.202509263033356e-87,100.001894758444,3129.2616464509024,1.727233711018889e-77,6.631926713181292e-75,6.792133145465481e-73,100.0018947584371,mpmath_1792,256
kela89_206,4,Int64,false,diagonalcheap,transfree,81,1,9.176778707006575e-268,100.0018947584454,3176.597211777491,1.331998346195134e-256,2.934141550879578e-254,2.985343831510491e-252,100.0018947584371,mpmath_1792,851
kela89_206,4,Int64,false,diagonalcheap,complexschur,9,4,1.29463767098855e-18,10.72794218707674,40.22272113120368,2.220446049250313e-16,4.193167722899937e-15,5.646281271014535e-14,11.55461927596276,mpmath_1792,53
kela89_206,4,Int64,false,diagonalcheap,complexschur,37,1,1.103478242009566e-85,139.8957436242396,6256.365431019927,1.727233711018889e-77,6.031852625603897e-75,6.415677595953758e-73,100.0018947584371,mpmath_1792,256
kela89_206,4,Int64,false,diagonalcheap,complexschur,NaN,NaN,NaN,NaN,NaN,NaN,NaN,NaN,NaN,NaN,851
kela89_206,4,Int64,false,diagonalcheap,realschur,9,4,2.589275274124755e-18,10.72794215865846,40.22271996578033,2.220446049250313e-16,3.527441146144138e-15,5.043985280155387e-14,11.55461927596276,mpmath_1792,53
kela89_206,4,Int64,false,diagonalcheap,realschur,37,1,1.103478242009566e-85,139.8957436242396,6256.365431019926,1.727233711018889e-77,6.080853882661012e-75,6.458167545244823e-73,100.0018947584371,mpmath_1792,256
kela89_206,4,Int64,false,diagonalcheap,realschur,NaN,NaN,NaN,NaN,NaN,NaN,NaN,NaN,NaN,NaN,851
kela89_206,4,Int64,false,taylor,transfree,30,2,1.734723475976807e-18,30.68489583333333,1,2.220446049250313e-16,6.351923363444698e-17,2.236269677447492e-15,33.46027472748028,mpmath_1792,53
kela89_206,4,Int64,false,taylor,transfree,72,2,1.593829239011381e-87,30.68489583333333,1,1.727233711018889e-77,4.995692342720627e-78,2.073252655773025e-76,33.46027472748028,mpmath_1792,256
kela89_206,4,Int64,false,taylor,transfree,90,7,4.983549363754535e-258,2.521989712354221,1,1.331998346195134e-256,3.192542161487362e-257,7.540087237828119e-257,2.521989712354221,mpmath_1792,851
kela89_206,4,Int64,false,taylor,complexschur,30,2,3.469446951953614e-18,44.59189796586185,1,2.220446049250313e-16,3.966759641270944e-14,1.379111782630293e-12,33.46027472748028,mpmath_1792,53
kela89_206,4,Int64,false,taylor,complexschur,72,2,2.494930162767769e-86,44.59183009408805,1,1.727233711018889e-77,2.721202598346922e-75,8.742449326200056e-74,33.46027472748028,mpmath_1792,256
kela89_206,4,Int64,false,taylor,complexschur,NaN,NaN,NaN,NaN,NaN,NaN,NaN,NaN,NaN,NaN,851
kela89_206,4,Int64,false,taylor,realschur,30,2,0,44.59189783513833,1,2.220446049250313e-16,3.840766529202011e-14,1.347692471033401e-12,33.46027472748028,mpmath_1792,53
kela89_206,4,Int64,false,taylor,realschur,72,2,2.494930162767769e-86,44.59183009408805,1,1.727233711018889e-77,2.748246283379931e-75,8.812402291496321e-74,33.46027472748028,mpmath_1792,256
kela89_206,4,Int64,false,taylor,realschur,NaN,NaN,NaN,NaN,NaN,NaN,NaN,NaN,NaN,NaN,851
pang85_ex1,6,Int64,false,diagonalcheap,transfree,9,5,1.169264771165501e-16,9.458766749544836,58.4435971295211,2.220446049250313e-16,1.712415282069761e-16,1.796940337792738e-15,9.458766749544838,mpmath_1792,53
pang85_ex1,6,Int64,false,diagonalcheap,transfree,49,3,1.765215078916192e-88,6.962131898277348,16.73507842270842,1.727233711018889e-77,4.485432610583594e-77,2.66747523183078e-76,6.962131898277352,mpmath_1792,256
pang85_ex1,6,Int64,false,diagonalcheap,transfree,91,4,5.768735387455293e-286,4.072844773589825,90.42793272009652,1.331998346195134e-256,1.678807455722847e-256,6.009585184753535e-256,4.072844773589826,mpmath_1792,851
pang85_ex1,6,Int64,false,diagonalcheap,complexschur,9,5,1.554179882436951e-15,10.23594398799346,62.61308635408515,2.220446049250313e-16,2.374664650740427e-16,2.231821331884921e-15,9.458766749544838,mpmath_1792,53
pang85_ex1,6,Int64,false,diagonalcheap,complexschur,49,3,3.923869897770925e-88,7.315292534074759,17.711907297696833,1.727233711018889e-77,7.358771703832843e-77,4.690955624224209e-76,6.962131898277352,mpmath_1792,256
pang85_ex1,6,Int64,false,diagonalcheap,complexschur,91,4,1.304786120635359e-283,4.253635305978286,105.91075159045529,1.331998346195134e-256,3.011983660127052e-256,1.055164477999971e-255,4.072844773589826,mpmath_1792,851
pang85_ex1,6,Int64,false,diagonalcheap,realschur,9,5,1.169264771165501e-16,9.458766749544836,58.4435971295211,2.220446049250313e-16,1.712415282069761e-16,1.796940337792738e-15,9.458766749544838,mpmath_1792,53
pang85_ex1,6,Int64,false,diagonalcheap,realschur,49,3,1.765215078916192e-88,6.962131898277348,16.73507842270842,1.727233711018889e-77,4.485432610583594e-77,2.66747523183078e-76,6.962131898277352,mpmath_1792,256
pang85_ex1,6,Int64,false,diagonalcheap,realschur,91,4,5.768735387455293e-286,4.072844773589825,90.42793272009652,1.331998346195134e-256,1.678807455722847e-256,6.009585184753535e-256,4.072844773589826,mpmath_1792,851
pang85_ex1,6,Int64,false,taylor,transfree,36,4,0,8.260915120442707,1,2.220446049250313e-16,3.515995574955044e-16,1.362710701876022e-15,4.072844773589826,mpmath_1792,53
pang85_ex1,6,Int64,false,taylor,transfree,90,4,1.491114656436113e-83,8.260915120442711,1,1.727233711018889e-77,4.174276272088824e-77,1.627800778838579e-76,4.072844773589826,mpmath_1792,256
pang85_ex1,6,Int64,false,taylor,transfree,90,11,2.494466970451057e-275,1.244840417722181,1,1.331998346195134e-256,1.988317861307257e-257,2.623283836227875e-257,1.244840417722181,mpmath_1792,851
pang85_ex1,6,Int64,false,taylor,complexschur,36,4,1.387778780781446e-17,8.530773281411808,1,2.220446049250313e-16,8.845632107493967e-16,3.164917570423445e-15,4.072844773589826,mpmath_1792,53
pang85_ex1,6,Int64,false,taylor,complexschur,90,4,3.427033189939943e-83,8.530773281411811,1,1.727233711018889e-77,5.945634910833715e-77,2.558887701184699e-76,4.072844773589826,mpmath_1792,256
pang85_ex1,6,Int64,false,taylor,complexschur,90,11,5.730505591372865e-275,1.242267433620558,1,1.331998346195134e-256,3.21225257321398e-257,6.104377625997121e-257,1.244840417722181,mpmath_1792,851
pang85_ex1,6,Int64,false,taylor,realschur,36,4,0,8.260915120442707,1,2.220446049250313e-16,3.515995574955044e-16,1.362710701876022e-15,4.072844773589826,mpmath_1792,53
pang85_ex1,6,Int64,false,taylor,realschur,90,4,1.491114656436113e-83,8.260915120442711,1,1.727233711018889e-77,4.174276272088824e-77,1.627800778838579e-76,4.072844773589826,mpmath_1792,256
pang85_ex1,6,Int64,false,taylor,realschur,90,11,2.494466970451057e-275,1.244840417722181,1,1.331998346195134e-256,1.988317861307257e-257,2.623283836227875e-257,1.244840417722181,mpmath_1792,851
pang85_ex2,10,ComplexF64,false,diagonalcheap,transfree,13,2,4.507531429481751e-17,24.33538542798971,28.39522607946487,2.220446049250313e-16,2.064600686806848e-16,6.527587104611115e-15,24.33538542798971,mpmath_1792,53
pang85_ex2,10,ComplexF64,false,diagonalcheap,transfree,37,1,7.442091511025294e-80,124.2889026820901,380.0378728344246,1.727233711018889e-77,3.464872734659455e-77,5.264542670512816e-75,124.2889026820901,mpmath_1792,256
pang85_ex2,10,ComplexF64,false,diagonalcheap,transfree,91,1,1.85353831431596e-286,124.2889026820901,379.43916169961005,1.331998346195134e-256,2.545581138104515e-256,2.260089921109812e-254,124.2889026820901,mpmath_1792,851
pang85_ex2,10,ComplexF64,false,diagonalcheap,complexschur,13,2,4.507531429481751e-17,24.33538542798971,28.39522607946487,2.220446049250313e-16,2.064600686806848e-16,6.527587104611115e-15,24.33538542798971,mpmath_1792,53
pang85_ex2,10,ComplexF64,false,diagonalcheap,complexschur,37,1,7.442091511025294e-80,124.2889026820901,380.0378728344246,1.727233711018889e-77,3.464872734659455e-77,5.264542670512816e-75,124.2889026820901,mpmath_1792,256
pang85_ex2,10,ComplexF64,false,diagonalcheap,complexschur,91,1,1.85353831431596e-286,124.2889026820901,379.43916169961005,1.331998346195134e-256,2.545581138104515e-256,2.260089921109812e-254,124.2889026820901,mpmath_1792,851
pang85_ex2,10,ComplexF64,false,taylor,transfree,30,2,0,26.07778430750052,1,2.220446049250313e-16,4.809593106238399e-17,8.310216375962984e-16,24.33538542798971,mpmath_1792,53
pang85_ex2,10,ComplexF64,false,taylor,transfree,72,2,1.576486100225206e-80,26.07778430750051,1,1.727233711018889e-77,5.165637050119083e-78,1.19537740218772e-76,24.33538542798971,mpmath_1792,256
pang85_ex2,10,ComplexF64,false,taylor,transfree,90,8,2.108621011769962e-275,1.096041141413454,1,1.331998346195134e-256,2.014971230841627e-257,3.325055332109252e-257,1.096041141413454,mpmath_1792,851
pang85_ex2,10,ComplexF64,false,taylor,complexschur,30,2,0,26.07778430750052,1,2.220446049250313e-16,4.809593106238399e-17,8.310216375962984e-16,24.33538542798971,mpmath_1792,53
pang85_ex2,10,ComplexF64,false,taylor,complexschur,72,2,1.576486100225206e-80,26.07778430750051,1,1.727233711018889e-77,5.165637050119083e-78,1.19537740218772e-76,24.33538542798971,mpmath_1792,256
pang85_ex2,10,ComplexF64,false,taylor,complexschur,90,8,2.108621011769962e-275,1.096041141413454,1,1.331998346195134e-256,2.014971230841627e-257,3.325055332109252e-257,1.096041141413454,mpmath_1792,851
pang85_ex3,10,Float64,false,diagonalcheap,transfree,13,1,6.895071555221137e-18,14.06190461065158,11.93737383050977,2.220446049250313e-16,5.695392406466003e-17,9.381550424894732e-16,14.06190461065159,mpmath_1792,53
pang85_ex3,10,Float64,false,diagonalcheap,transfree,37,0,7.06056310772679e-77,169.375908803025,134.60255768222035,1.727233711018889e-77,1.352503117008016e-77,2.067159713525617e-75,169.3759088030254,mpmath_1792,256
pang85_ex3,10,Float64,false,diagonalcheap,transfree,91,0,4.097348859379697e-263,169.375908803024,133.8957931294684,1.331998346195134e-256,8.323573118194575e-257,1.637060184653546e-254,169.3759088030254,mpmath_1792,851
pang85_ex3,10,Float64,false,diagonalcheap,complexschur,13,1,6.895071555221137e-18,14.06190461065158,11.93737383050977,2.220446049250313e-16,5.695392406466003e-17,9.381550424894732e-16,14.06190461065159,mpmath_1792,53
pang85_ex3,10,Float64,false,diagonalcheap,complexschur,37,0,7.06056310772679e-77,169.375908803025,134.60255768222035,1.727233711018889e-77,1.352503117008016e-77,2.067159713525617e-75,169.3759088030254,mpmath_1792,256
pang85_ex3,10,Float64,false,diagonalcheap,complexschur,91,0,4.097348859379697e-263,169.375908803024,133.8957931294684,1.331998346195134e-256,8.323573118194575e-257,1.637060184653546e-254,169.3759088030254,mpmath_1792,851
pang85_ex3,10,Float64,false,diagonalcheap,realschur,13,1,6.895071555221137e-18,14.06190461065158,11.93737383050977,2.220446049250313e-16,5.695392406466003e-17,9.381550424894732e-16,14.06190461065159,mpmath_1792,53
pang85_ex3,10,Float64,false,diagonalcheap,realschur,37,0,7.06056310772679e-77,169.375908803025,134.60255768222035,1.727233711018889e-77,1.352503117008016e-77,2.067159713525617e-75,169.3759088030254,mpmath_1792,256
pang85_ex3,10,Float64,false,diagonalcheap,realschur,91,0,4.097348859379697e-263,169.375908803024,133.8957931294684,1.331998346195134e-256,8.323573118194575e-257,1.637060184653546e-254,169.3759088030254,mpmath_1792,851
pang85_ex3,10,Float64,false,taylor,transfree,25,1,1.491862189340054e-16,10.54947916666667,1,2.220446049250313e-16,5.503762246702138e-17,7.608959942135477e-16,14.06190461065159,mpmath_1792,53
pang85_ex3,10,Float64,false,taylor,transfree,72,1,1.655170668737575e-77,10.54947916666667,1,1.727233711018889e-77,3.229695604426907e-78,3.742885855084931e-77,14.06190461065159,mpmath_1792,256
pang85_ex3,10,Float64,false,taylor,transfree,90,7,1.512293760451612e-269,1.043873498124358,1,1.331998346195134e-256,2.784018378747808e-257,6.544272803529443e-257,1.043873498124358,mpmath_1792,851
pang85_ex3,10,Float64,false,taylor,complexschur,25,1,1.491862189340054e-16,10.54947916666667,1,2.220446049250313e-16,5.503762246702138e-17,7.608959942135477e-16,14.06190461065159,mpmath_1792,53
pang85_ex3,10,Float64,false,taylor,complexschur,72,1,1.655170668737575e-77,10.54947916666667,1,1.727233711018889e-77,3.229695604426907e-78,3.742885855084931e-77,14.06190461065159,mpmath_1792,256
pang85_ex3,10,Float64,false,taylor,complexschur,90,7,1.512293760451612e-269,1.043873498124358,1,1.331998346195134e-256,2.784018378747808e-257,6.544272803529443e-257,1.043873498124358,mpmath_1792,851
pang85_ex3,10,Float64,false,taylor,realschur,25,1,1.491862189340054e-16,10.54947916666667,1,2.220446049250313e-16,5.503762246702138e-17,7.608959942135477e-16,14.06190461065159,mpmath_1792,53
pang85_ex3,10,Float64,false,taylor,realschur,72,1,1.655170668737575e-77,10.54947916666667,1,1.727233711018889e-77,3.229695604426907e-78,3.742885855084931e-77,14.06190461065159,mpmath_1792,256
pang85_ex3,10,Float64,false,taylor,realschur,90,7,1.512293760451612e-269,1.043873498124358,1,1.331998346195134e-256,2.784018378747808e-257,6.544272803529443e-257,1.043873498124358,mpmath_1792,851
kela89_ex5,2,Float64,false,diagonalcheap,transfree,3,16,0,16.2587890625,74.46644997596741,2.220446049250313e-16,0,0,16.2587890625,mpmath_1792,53
kela89_ex5,2,Float64,false,diagonalcheap,transfree,3,3,0,125001,3.906375001e9,1.727233711018889e-77,0,0,125001,mpmath_1792,256
kela89_ex5,2,Float64,false,diagonalcheap,transfree,3,0,0,1000001,2.50001000001e11,1.331998346195134e-256,0,0,1000001,mpmath_1792,851
kela89_ex5,2,Float64,false,diagonalcheap,complexschur,3,16,0,16.2587890625,74.46644997596741,2.220446049250313e-16,0,0,16.2587890625,mpmath_1792,53
kela89_ex5,2,Float64,false,diagonalcheap,complexschur,3,3,0,125001,3.906375001e9,1.727233711018889e-77,0,0,125001,mpmath_1792,256
kela89_ex5,2,Float64,false,diagonalcheap,complexschur,3,0,0,1000001,2.50001000001e11,1.331998346195134e-256,0,0,1000001,mpmath_1792,851
kela89_ex5,2,Float64,false,diagonalcheap,realschur,3,16,0,16.2587890625,74.46644997596741,2.220446049250313e-16,0,0,16.2587890625,mpmath_1792,53
kela89_ex5,2,Float64,false,diagonalcheap,realschur,3,3,0,125001,3.906375001e9,1.727233711018889e-77,0,0,125001,mpmath_1792,256
kela89_ex5,2,Float64,false,diagonalcheap,realschur,3,0,0,1000001,2.50001000001e11,1.331998346195134e-256,0,0,1000001,mpmath_1792,851
kela89_ex5,2,Float64,false,taylor,transfree,4,0,0,1000001,1,2.220446049250313e-16,0,0,1000001,mpmath_1792,53
kela89_ex5,2,Float64,false,taylor,transfree,4,0,0,1000001,1,1.727233711018889e-77,0,0,1000001,mpmath_1792,256
kela89_ex5,2,Float64,false,taylor,transfree,4,0,0,1000001,1,1.331998346195134e-256,0,0,1000001,mpmath_1792,851
kela89_ex5,2,Float64,false,taylor,complexschur,4,0,0,1000001,1,2.220446049250313e-16,0,0,1000001,mpmath_1792,53
kela89_ex5,2,Float64,false,taylor,complexschur,4,0,0,1000001,1,1.727233711018889e-77,0,0,1000001,mpmath_1792,256
kela89_ex5,2,Float64,false,taylor,complexschur,4,0,0,1000001,1,1.331998346195134e-256,0,0,1000001,mpmath_1792,851
kela89_ex5,2,Float64,false,taylor,realschur,4,0,0,1000001,1,2.220446049250313e-16,0,0,1000001,mpmath_1792,53
kela89_ex5,2,Float64,false,taylor,realschur,4,0,0,1000001,1,1.727233711018889e-77,0,0,1000001,mpmath_1792,256
kela89_ex5,2,Float64,false,taylor,realschur,4,0,0,1000001,1,1.331998346195134e-256,0,0,1000001,mpmath_1792,851
jemc05_52,3,Float64,false,diagonalcheap,transfree,9,0,0,7.320102322960796,14.490134828445704,2.220446049250313e-16,2.550573018169183e-16,1.752238633291886e-15,7.320102322960796,mpmath_1792,53
jemc05_52,3,Float64,false,diagonalcheap,transfree,25,0,6.38038691046921e-82,7.320102322960794,14.505127655246543,1.727233711018889e-77,1.422890063952967e-77,9.877533325213226e-77,7.320102322960796,mpmath_1792,256
jemc05_52,3,Float64,false,diagonalcheap,transfree,65,0,1.543724400412188e-265,7.3201023229608,14.509715503189057,1.331998346195134e-256,8.062866769129596e-257,5.076595383853138e-256,7.320102322960796,mpmath_1792,851
jemc05_52,3,Float64,false,diagonalcheap,complexschur,9,0,2.731220479497723e-18,7.728763989627843,18.49540111688408,2.220446049250313e-16,4.932515363139513e-16,2.831465096456126e-15,7.320102322960796,mpmath_1792,53
jemc05_52,3,Float64,false,diagonalcheap,complexschur,25,0,1.519078811744576e-80,7.72876398962784,18.463085116079867,1.727233711018889e-77,3.774911719626623e-77,2.887918463129259e-76,7.320102322960796,mpmath_1792,256
jemc05_52,3,Float64,false,diagonalcheap,complexschur,65,0,8.128670753364649e-265,7.728763989627841,18.453338636583762,1.331998346195134e-256,4.918128712659094e-256,2.689136492483009e-255,7.320102322960796,mpmath_1792,851
jemc05_52,3,Float64,false,diagonalcheap,realschur,9,0,9.063316829115965e-19,7.488933820423278,17.50216490350763,2.220446049250313e-16,5.097486751468024e-16,3.386576608768705e-15,7.320102322960796,mpmath_1792,53
jemc05_52,3,Float64,false,diagonalcheap,realschur,25,0,1.35527662537772e-80,7.488933820423279,17.413654785719,1.727233711018889e-77,2.440734490186862e-77,1.981120764844343e-76,7.320102322960796,mpmath_1792,256
jemc05_52,3,Float64,false,diagonalcheap,realschur,65,0,8.042683559373672e-265,7.48893382042328,17.384574309035525,1.331998346195134e-256,5.995863979465157e-256,3.754735169439116e-255,7.320102322960796,mpmath_1792,851
jemc05_52,3,Float64,false,taylor,transfree,20,0,1.301042606982605e-18,7.430666666666665,1,2.220446049250313e-16,7.417992105020131e-17,4.902820205327654e-16,7.320102322960796,mpmath_1792,53
jemc05_52,3,Float64,false,taylor,transfree,64,0,3.160228918285411e-90,7.430666666666666,1,1.727233711018889e-77,2.64168036268004e-78,1.432265513461069e-77,7.320102322960796,mpmath_1792,256
jemc05_52,3,Float64,false,taylor,transfree,90,5,6.54524723851045e-278,1.11001302746131,1,1.331998346195134e-256,1.876794842706584e-257,2.872390122463652e-257,1.11001302746131,mpmath_1792,851
jemc05_52,3,Float64,false,taylor,complexschur,20,0,1.734723475976807e-18,7.804091435412483,1,2.220446049250313e-16,4.932515363139513e-16,2.831465096456126e-15,7.320102322960796,mpmath_1792,53
jemc05_52,3,Float64,false,taylor,complexschur,64,0,1.963637386119091e-90,7.804091435412483,1,1.727233711018889e-77,3.897028655443221e-77,2.887918463129259e-76,7.320102322960796,mpmath_1792,256
jemc05_52,3,Float64,false,taylor,complexschur,90,5,3.292485361625778e-278,1.184008704779721,1,1.331998346195134e-256,4.75754712909904e-256,9.928558081070398e-256,1.11001302746131,mpmath_1792,851
jemc05_52,3,Float64,false,taylor,realschur,20,0,4.336808689942018e-19,7.545730764596867,1,2.220446049250313e-16,5.097486751468024e-16,3.386576608768705e-15,7.320102322960796,mpmath_1792,53
jemc05_52,3,Float64,false,taylor,realschur,56,0,5.75681641059722e-77,7.545730764596867,1,1.727233711018889e-77,2.440734490186862e-77,1.981120764844343e-76,7.320102322960796,mpmath_1792,256
jemc05_52,3,Float64,false,taylor,realschur,90,5,5.256994144909673e-279,1.183073236771433,1,1.331998346195134e-256,4.751101978915787e-256,9.387433752928625e-256,1.11001302746131,mpmath_1792,851
jemc05_55,6,Float64,false,diagonalcheap,transfree,13,0,1.595564571259321e-18,2.246154055500844,8.82869313557578,2.220446049250313e-16,4.286771612866705e-16,1.095132578270853e-15,2.246154055500844,mpmath_1792,53
jemc05_55,6,Float64,false,diagonalcheap,transfree,31,0,4.048836175056441e-84,2.246154055500845,9.013384266202824,1.727233711018889e-77,1.732721035034732e-77,4.671919458735452e-77,2.246154055500844,mpmath_1792,256
jemc05_55,6,Float64,false,diagonalcheap,transfree,81,0,5.494136728832638e-286,2.246154055500843,9.093792973311622,1.331998346195134e-256,1.428650194887939e-256,3.498918135823954e-256,2.246154055500844,mpmath_1792,851
jemc05_55,6,Float64,false,diagonalcheap,complexschur,13,0,1.570517667684487e-18,2.258305386145238,12.500109137472414,2.220446049250313e-16,9.585716583268569e-16,2.893335826373339e-15,2.246154055500844,mpmath_1792,53
jemc05_55,6,Float64,false,diagonalcheap,complexschur,31,0,3.634287690864794e-87,2.538798438268961,12.349093323408413,1.727233711018889e-77,1.355606828974133e-76,3.794844571651131e-76,2.246154055500844,mpmath_1792,256
jemc05_55,6,Float64,false,diagonalcheap,complexschur,81,0,1.854341448225254e-285,2.563768881316037,12.525629331069768,1.331998346195134e-256,9.662619571321612e-256,2.051259903133774e-255,2.246154055500844,mpmath_1792,851
jemc05_55,6,Float64,false,diagonalcheap,realschur,13,0,3.908123124097821e-18,2.239714627563629,12.007718311592402,2.220446049250313e-16,1.00140386399956e-15,2.758027395247148e-15,2.246154055500844,mpmath_1792,53
jemc05_55,6,Float64,false,diagonalcheap,realschur,31,0,3.813391354715793e-87,2.450627814086267,11.82360211336685,1.727233711018889e-77,1.387424074406349e-76,3.39812057865148e-76,2.246154055500844,mpmath_1792,256
jemc05_55,6,Float64,false,diagonalcheap,realschur,81,0,1.691059409221552e-286,2.450627814086266,11.939208301576544,1.331998346195134e-256,9.838773319449191e-256,2.316197201249784e-255,2.246154055500844,mpmath_1792,851
jemc05_55,6,Float64,false,taylor,transfree,25,0,1.838806884535416e-16,3.16,1,2.220446049250313e-16,2.056426170815403e-16,4.137230890539624e-16,2.246154055500844,mpmath_1792,53
jemc05_55,6,Float64,false,taylor,transfree,72,0,1.913240037376761e-83,3.16,1,1.727233711018889e-77,1.086701002211629e-77,2.658215002516017e-77,2.246154055500844,mpmath_1792,256
jemc05_55,6,Float64,false,taylor,transfree,90,6,4.784914010490728e-276,1.040013025426241,1,1.331998346195134e-256,2.083720822677955e-257,2.638797175236185e-257,1.040013025426241,mpmath_1792,851
jemc05_55,6,Float64,false,taylor,complexschur,25,0,4.839878497975292e-16,3.753366763785958,1,2.220446049250313e-16,1.158430405625388e-15,3.314873631035703e-15,2.246154055500844,mpmath_1792,53
jemc05_55,6,Float64,false,taylor,complexschur,72,0,4.643462810617944e-83,3.65956756371519,1,1.727233711018889e-77,1.35109370970796e-76,3.629189517328784e-76,2.246154055500844,mpmath_1792,256
jemc05_55,6,Float64,false,taylor,complexschur,90,6,2.398017538515422e-275,1.056332557094227,1,1.331998346195134e-256,7.755546084589668e-256,1.708020045538327e-255,1.040013025426241,mpmath_1792,851
jemc05_55,6,Float64,false,taylor,realschur,25,0,2.324529457808922e-16,3.578313084105301,1,2.220446049250313e-16,1.011492058950218e-15,2.896805273325292e-15,2.246154055500844,mpmath_1792,53
jemc05_55,6,Float64,false,taylor,realschur,72,0,4.242697189890414e-83,3.686438590532417,1,1.727233711018889e-77,1.414654386393566e-76,3.508771488263628e-76,2.246154055500844,mpmath_1792,256
jemc05_55,6,Float64,false,taylor,realschur,90,6,1.512825221229198e-275,1.057160830501438,1,1.331998346195134e-256,7.590747592881938e-256,1.699311156082898e-255,1.040013025426241,mpmath_1792,851
kela98_ex3,2,Float64,false,diagonalcheap,transfree,13,21,2.939326330305158e-18,10.85022320590447,20.700447124480522,2.220446049250313e-16,8.162640760131828e-18,1.163026011560291e-17,0.9999996223134976,mpmath_1792,53
kela98_ex3,2,Float64,false,diagonalcheap,transfree,43,20,3.166821672199584e-89,117.7273320443647,234.45467546401184,1.727233711018889e-77,6.083660143164144e-78,7.060371877370717e-78,0.9999991463188378,mpmath_1792,256
kela98_ex3,2,Float64,false,diagonalcheap,transfree,91,20,3.838371669453516e-264,117.7273320443642,234.45467546401102,1.331998346195134e-256,2.816748310788717e-257,3.505175493317328e-257,0.9999991463188378,mpmath_1792,851
kela98_ex3,2,Float64,false,diagonalcheap,complexschur,13,21,2.939326330305158e-18,10.85022320590447,20.700447124480522,2.220446049250313e-16,8.162640760131828e-18,1.163026011560291e-17,0.9999996223134976,mpmath_1792,53
kela98_ex3,2,Float64,false,diagonalcheap,complexschur,43,20,3.166821672199584e-89,117.7273320443647,234.45467546401184,1.727233711018889e-77,6.083660143164144e-78,7.060371877370717e-78,0.9999991463188378,mpmath_1792,256
kela98_ex3,2,Float64,false,diagonalcheap,complexschur,91,20,3.838371669453516e-264,117.7273320443642,234.45467546401102,1.331998346195134e-256,2.816748310788717e-257,3.505175493317328e-257,0.9999991463188378,mpmath_1792,851
kela98_ex3,2,Float64,false,diagonalcheap,realschur,13,21,2.939326330305158e-18,10.85022320590447,20.700447124480522,2.220446049250313e-16,8.162640760131828e-18,1.163026011560291e-17,0.9999996223134976,mpmath_1792,53
kela98_ex3,2,Float64,false,diagonalcheap,realschur,43,20,3.166821672199584e-89,117.7273320443647,234.45467546401184,1.727233711018889e-77,6.083660143164144e-78,7.060371877370717e-78,0.9999991463188378,mpmath_1792,256
kela98_ex3,2,Float64,false,diagonalcheap,realschur,91,20,3.838371669453516e-264,117.7273320443642,234.45467546401102,1.331998346195134e-256,2.816748310788717e-257,3.505175493317328e-257,0.9999991463188378,mpmath_1792,851
kela98_ex3,2,Float64,false,taylor,transfree,20,22,8.673617379884035e-17,3.293967643323135,1,2.220446049250313e-16,1.691344089139919e-16,2.376672027105808e-16,0.9999998523650356,mpmath_1792,53
kela98_ex3,2,Float64,false,taylor,transfree,81,21,4.232865840452965e-88,10.84978277757991,1,1.727233711018889e-77,7.548651473882067e-78,1.066234557255794e-77,0.9999996223134976,mpmath_1792,256
kela98_ex3,2,Float64,false,taylor,transfree,81,28,6.619959226602468e-261,1.018801007760022,1,1.331998346195134e-256,4.250589381519968e-257,5.875384160602004e-257,0.9999999999314647,mpmath_1792,851
kela98_ex3,2,Float64,false,taylor,complexschur,20,22,8.673617379884035e-17,3.293967643323135,1,2.220446049250313e-16,1.691344089139919e-16,2.376672027105808e-16,0.9999998523650356,mpmath_1792,53
kela98_ex3,2,Float64,false,taylor,complexschur,81,21,4.232865840452965e-88,10.84978277757991,1,1.727233711018889e-77,7.548651473882067e-78,1.066234557255794e-77,0.9999996223134976,mpmath_1792,256
kela98_ex3,2,Float64,false,taylor,complexschur,81,28,6.619959226602468e-261,1.018801007760022,1,1.331998346195134e-256,4.250589381519968e-257,5.875384160602004e-257,0.9999999999314647,mpmath_1792,851
kela98_ex3,2,Float64,false,taylor,realschur,20,22,8.673617379884035e-17,3.293967643323135,1,2.220446049250313e-16,1.691344089139919e-16,2.376672027105808e-16,0.9999998523650356,mpmath_1792,53
kela98_ex3,2,Float64,false,taylor,realschur,81,21,4.232865840452965e-88,10.84978277757991,1,1.727233711018889e-77,7.548651473882067e-78,1.066234557255794e-77,0.9999996223134976,mpmath_1792,256
kela98_ex3,2,Float64,false,taylor,realschur,81,28,6.619959226602468e-261,1.018801007760022,1,1.331998346195134e-256,4.250589381519968e-257,5.875384160602004e-257,0.9999999999314647,mpmath_1792,851
mopa03_21,4,Float64,false,diagonalcheap,transfree,13,2,1.214303195122213e-17,0.999974475893087,9.714545788307198,2.220446049250313e-16,3.792614290147166e-16,7.720202358794884e-16,0.999974475893087,mpmath_1792,53
mopa03_21,4,Float64,false,diagonalcheap,transfree,43,1,7.367667287270373e-81,0.9997707512054602,58.60696661629142,1.727233711018889e-77,8.7519818050615e-77,1.310539940453404e-76,0.9997707512054602,mpmath_1792,256
mopa03_21,4,Float64,false,diagonalcheap,transfree,91,2,1.009101415760497e-288,0.999974475893087,10.283543997583866,1.331998346195134e-256,8.883422388989315e-257,1.799437983035347e-256,0.999974475893087,mpmath_1792,851
mopa03_21,4,Float64,false,diagonalcheap,complexschur,91,1,1.094571932985032e-16,1.303636741906625,46.06108345160304,2.220446049250313e-16,7.992803886163108e-16,1.10501011947198e-15,0.9997707512054602,mpmath_1792,53
mopa03_21,4,Float64,false,diagonalcheap,complexschur,43,1,1.025086431846633e-83,1.303636741906626,51.709467588243164,1.727233711018889e-77,4.047210513472614e-77,4.800005484389362e-77,0.9997707512054602,mpmath_1792,256
mopa03_21,4,Float64,false,diagonalcheap,complexschur,91,2,1.605090889943447e-292,1.000909807052291,9.037320481197778,1.331998346195134e-256,4.729457571451386e-256,7.709911998349017e-256,0.999974475893087,mpmath_1792,851
mopa03_21,4,Float64,false,diagonalcheap,realschur,91,1,1.094571932985032e-16,1.303636741906625,46.06108345160304,2.220446049250313e-16,7.992803886163108e-16,1.10501011947198e-15,0.9997707512054602,mpmath_1792,53
mopa03_21,4,Float64,false,diagonalcheap,realschur,43,1,1.025086431846633e-83,1.303636741906626,51.709467588243164,1.727233711018889e-77,4.047210513472614e-77,4.800005484389362e-77,0.9997707512054602,mpmath_1792,256
mopa03_21,4,Float64,false,diagonalcheap,realschur,91,2,1.605090889943447e-292,1.000909807052291,9.037320481197778,1.331998346195134e-256,4.729457571451386e-256,7.709911998349017e-256,0.999974475893087,mpmath_1792,851
mopa03_21,4,Float64,false,taylor,transfree,30,2,1.873501354054952e-16,4.572653309792149,1,2.220446049250313e-16,4.260524268156408e-16,8.73845979148244e-16,0.999974475893087,mpmath_1792,53
mopa03_21,4,Float64,false,taylor,transfree,81,2,5.120156738201137e-77,4.572653309792149,1,1.727233711018889e-77,2.642421467191759e-77,5.217235010024784e-77,0.999974475893087,mpmath_1792,256
mopa03_21,4,Float64,false,taylor,transfree,90,9,1.605833070894451e-281,0.9999999999998021,1,1.331998346195134e-256,1.755147655273681e-257,2.958462665832724e-257,0.9999999999998021,mpmath_1792,851
mopa03_21,4,Float64,false,taylor,complexschur,30,2,1.040834085586084e-17,2.796288397617364,1,2.220446049250313e-16,6.62444966188127e-16,1.060011517345371e-15,0.999974475893087,mpmath_1792,53
mopa03_21,4,Float64,false,taylor,complexschur,81,2,8.427584188420387e-80,2.796288397617365,1,1.727233711018889e-77,4.909119692006666e-77,9.846371638261437e-77,0.999974475893087,mpmath_1792,256
mopa03_21,4,Float64,false,taylor,complexschur,90,8,6.620124621571839e-257,1.051128017009214,1,1.331998346195134e-256,3.844655569392337e-256,7.578863417412125e-256,0.9999999999968538,mpmath_1792,851
mopa03_21,4,Float64,false,taylor,realschur,30,2,1.040834085586084e-17,2.796288397617364,1,2.220446049250313e-16,6.62444966188127e-16,1.060011517345371e-15,0.999974475893087,mpmath_1792,53
mopa03_21,4,Float64,false,taylor,realschur,81,2,8.427584188420387e-80,2.796288397617365,1,1.727233711018889e-77,4.909119692006666e-77,9.846371638261437e-77,0.999974475893087,mpmath_1792,256
mopa03_21,4,Float64,false,taylor,realschur,90,8,6.620124621571839e-257,1.051128017009214,1,1.331998346195134e-256,3.844655569392337e-256,7.578863417412125e-256,0.9999999999968538,mpmath_1792,851
mopa03_26,3,Float64,false,diagonalcheap,transfree,5,0,1.199127602768968e-16,1,1.080558036425934,2.220446049250313e-16,1.999498218328376e-17,2.775557561562891e-17,1,mpmath_1792,53
mopa03_26,3,Float64,false,diagonalcheap,transfree,21,0,4.985798050693005e-91,1,1.2400318411903024,1.727233711018889e-77,4.002450749016738e-78,7.134756761296346e-78,1,mpmath_1792,256
mopa03_26,3,Float64,false,diagonalcheap,transfree,57,0,3.065747563901979e-293,1,1.0810559333581005,1.331998346195134e-256,2.087500834618743e-257,3.136435459782655e-257,1,mpmath_1792,851
mopa03_26,3,Float64,false,diagonalcheap,complexschur,7,0,2.264027651696752e-19,1.083796267726694,1.100821094392229,2.220446049250313e-16,4.084297655015516e-16,7.546096587977724e-16,1,mpmath_1792,53
mopa03_26,3,Float64,false,diagonalcheap,complexschur,21,0,1.649992774529755e-90,1.083796267726694,1.1011222888983654,1.727233711018889e-77,2.512145487838097e-77,3.593935475328339e-77,1,mpmath_1792,256
mopa03_26,3,Float64,false,diagonalcheap,complexschur,57,0,2.294873487119334e-292,1.083796267726694,1.101211406015603,1.331998346195134e-256,1.348298281105946e-256,2.154403889076249e-256,1,mpmath_1792,851
mopa03_26,3,Float64,false,diagonalcheap,realschur,7,0,2.264027651696752e-19,1.083796267726694,1.100821094392229,2.220446049250313e-16,4.084297655015516e-16,7.546096587977724e-16,1,mpmath_1792,53
mopa03_26,3,Float64,false,diagonalcheap,realschur,21,0,1.649992774529755e-90,1.083796267726694,1.1011222888983654,1.727233711018889e-77,2.512145487838097e-77,3.593935475328339e-77,1,mpmath_1792,256
mopa03_26,3,Float64,false,diagonalcheap,realschur,57,0,2.294873487119334e-292,1.083796267726694,1.101211406015603,1.331998346195134e-256,1.348298281105946e-256,2.154403889076249e-256,1,mpmath_1792,851
mopa03_26,3,Float64,false,taylor,transfree,12,0,6.288372600415926e-18,1,1,2.220446049250313e-16,1.926528207542955e-17,2.606052575776854e-17,1,mpmath_1792,53
mopa03_26,3,Float64,false,taylor,transfree,42,0,2.39679001794589e-79,1,1,1.727233711018889e-77,2.513017365627558e-78,3.66045393257171e-78,1,mpmath_1792,256
mopa03_26,3,Float64,false,taylor,transfree,90,3,6.694275018757115e-279,1,1,1.331998346195134e-256,1.922794912796656e-257,2.705621640708867e-257,1,mpmath_1792,851
mopa03_26,3,Float64,false,taylor,complexschur,12,0,1.214306433183765e-17,1.083840083852329,1,2.220446049250313e-16,4.088980785693961e-16,7.53742297059784e-16,1,mpmath_1792,53
mopa03_26,3,Float64,false,taylor,complexschur,42,0,7.617048768416371e-79,1.083840083852329,1,1.727233711018889e-77,2.411534661472118e-77,3.593935475328339e-77,1,mpmath_1792,256
mopa03_26,3,Float64,false,taylor,complexschur,90,3,3.711064753829689e-278,1.011547545874414,1,1.331998346195134e-256,9.504546486516991e-257,1.401462151205276e-256,1,mpmath_1792,851
mopa03_26,3,Float64,false,taylor,realschur,12,0,1.214306433183765e-17,1.083840083852329,1,2.220446049250313e-16,4.088980785693961e-16,7.53742297059784e-16,1,mpmath_1792,53
mopa03_26,3,Float64,false,taylor,realschur,42,0,7.617048768416371e-79,1.083840083852329,1,1.727233711018889e-77,2.411534661472118e-77,3.593935475328339e-77,1,mpmath_1792,256
mopa03_26,3,Float64,false,taylor,realschur,90,3,3.711064753829689e-278,1.011547545874414,1,1.331998346195134e-256,9.504546486516991e-257,1.401462151205276e-256,1,mpmath_1792,851
kase99_table1,10,Float64,false,diagonalcheap,transfree,3,0,0,1,1.0000004393874,2.220446049250313e-16,2.427901545674618e-17,4.422371510414173e-17,1,mpmath_1792,53
kase99_table1,10,Float64,false,diagonalcheap,transfree,7,0,0,1,1.0000004393874238,1.727233711018889e-77,2.762589616993328e-78,3.863881872119204e-78,1,mpmath_1792,256
kase99_table1,10,Float64,false,diagonalcheap,transfree,21,0,8.900295434028808e-308,1,1.000001601000648,1.331998346195134e-256,1.815414928858813e-257,3.008937533143045e-257,1,mpmath_1792,851
kase99_table1,10,Float64,false,diagonalcheap,complexschur,3,0,2.168407043568251e-19,1.000001833399011,1.0000022935100625,2.220446049250313e-16,7.83430197874065e-16,2.653490416053702e-15,1,mpmath_1792,53
kase99_table1,10,Float64,false,diagonalcheap,complexschur,7,0,0,1.000001833396426,1.0000022935102038,1.727233711018889e-77,1.074394989995783e-76,2.979362834071563e-76,1,mpmath_1792,256
kase99_table1,10,Float64,false,diagonalcheap,complexschur,21,0,1.780061302104286e-307,1.000001242709154,1.000002293510264,1.331998346195134e-256,8.421626634591771e-256,2.79114995163873e-255,1,mpmath_1792,851
kase99_table1,10,Float64,false,diagonalcheap,realschur,3,0,2.168407043568251e-19,1.000001833399011,1.0000022935100625,2.220446049250313e-16,7.83430197874065e-16,2.653490416053702e-15,1,mpmath_1792,53
kase99_table1,10,Float64,false,diagonalcheap,realschur,7,0,0,1.000001833396426,1.0000022935102038,1.727233711018889e-77,1.074394989995783e-76,2.979362834071563e-76,1,mpmath_1792,256
kase99_table1,10,Float64,false,diagonalcheap,realschur,21,0,1.780061302104286e-307,1.000001242709154,1.000002293510264,1.331998346195134e-256,8.421626634591771e-256,2.79114995163873e-255,1,mpmath_1792,851
kase99_table1,10,Float64,false,taylor,transfree,4,0,0,1,1,2.220446049250313e-16,2.427901545663099e-17,4.422371510414173e-17,1,mpmath_1792,53
kase99_table1,10,Float64,false,taylor,transfree,12,0,2.339410541247603e-83,1,1,1.727233711018889e-77,2.762589616990636e-78,3.863881862162843e-78,1,mpmath_1792,256
kase99_table1,10,Float64,false,taylor,transfree,42,0,8.128125409781416e-296,1,1,1.331998346195134e-256,1.815414928858145e-257,3.00893753314304e-257,1,mpmath_1792,851
kase99_table1,10,Float64,false,taylor,complexschur,4,0,0,1.000002489015681,1,2.220446049250313e-16,7.83430197874065e-16,2.653490416053702e-15,1,mpmath_1792,53
kase99_table1,10,Float64,false,taylor,complexschur,12,0,2.450140775241007e-84,1.000002489015681,1,1.727233711018889e-77,1.074394989995783e-76,2.979362834071563e-76,1,mpmath_1792,256
kase99_table1,10,Float64,false,taylor,complexschur,42,0,1.138909343032458e-297,1.000002489015681,1,1.331998346195134e-256,8.421626634591771e-256,2.79114995163873e-255,1,mpmath_1792,851
kase99_table1,10,Float64,false,taylor,realschur,4,0,0,1.000002489015681,1,2.220446049250313e-16,7.83430197874065e-16,2.653490416053702e-15,1,mpmath_1792,53
kase99_table1,10,Float64,false,taylor,realschur,12,0,2.450140775241007e-84,1.000002489015681,1,1.727233711018889e-77,1.074394989995783e-76,2.979362834071563e-76,1,mpmath_1792,256
kase99_table1,10,Float64,false,taylor,realschur,42,0,1.138909343032458e-297,1.000002489015681,1,1.331998346195134e-256,8.421626634591771e-256,2.79114995163873e-255,1,mpmath_1792,851
niesen_example,2,ComplexF64,false,diagonalcheap,transfree,5,16,0,16.2587967011846,74.4664499837492,2.220446049250313e-16,8.752618239182484e-17,1.409783844904164e-15,16.08431386883701,mpmath_1792,53
niesen_example,2,ComplexF64,false,diagonalcheap,transfree,31,10,1.501693031627108e-89,982.561744296446,239551.67174804234,1.727233711018889e-77,1.72744447541048e-77,8.504250144300538e-75,492.5663308721261,mpmath_1792,256
niesen_example,2,ComplexF64,false,diagonalcheap,transfree,73,10,2.405790577328126e-298,982.5617442964455,239551.67174804222,1.331998346195134e-256,4.882062425898731e-257,2.403640921544303e-254,492.5663308721261,mpmath_1792,851
niesen_example,2,ComplexF64,false,diagonalcheap,complexschur,5,16,0,16.24804221278393,74.4665403497224,2.220446049250313e-16,7.383884296601281e-16,1.174147012482849e-14,16.08431386883701,mpmath_1792,53
niesen_example,2,ComplexF64,false,diagonalcheap,complexschur,31,10,1.50078047074679e-89,981.9883311278736,239605.37374803543,1.727233711018889e-77,7.000778114119051e-75,3.452305436364975e-72,492.5663308721261,mpmath_1792,256
niesen_example,2,ComplexF64,false,diagonalcheap,complexschur,73,10,2.404328607191174e-298,981.9883311278734,239605.37374803534,1.331998346195134e-256,2.985912155388915e-254,1.473902548961764e-251,492.5663308721261,mpmath_1792,851
niesen_example,2,ComplexF64,false,taylor,transfree,36,9,2.775557561562891e-17,2316.397514292968,1,2.220446049250313e-16,1.461797135619995e-16,7.740962467478609e-14,529.932289476639,mpmath_1792,53
niesen_example,2,ComplexF64,false,taylor,transfree,90,9,1.423637104936341e-89,2108.657714142024,1,1.727233711018889e-77,1.338163555984255e-77,7.088479368205055e-75,529.932289476639,mpmath_1792,256
niesen_example,2,ComplexF64,false,taylor,transfree,90,16,2.441561893288629e-281,16.2587967011846,1,1.331998346195134e-256,1.745535594442025e-257,3.290277966698392e-256,16.08431386883701,mpmath_1792,851
niesen_example,2,ComplexF64,false,taylor,complexschur,49,8,3.552713678800501e-14,10593.29371255516,1,2.220446049250313e-16,3.161131270954574e-13,1.577712405864512e-10,499.0564203492323,mpmath_1792,53
niesen_example,2,ComplexF64,false,taylor,complexschur,90,9,1.472728039589318e-89,2107.032669243996,1,1.727233711018889e-77,1.499432982376804e-74,7.948975942083549e-72,529.932289476639,mpmath_1792,256
niesen_example,2,ComplexF64,false,taylor,complexschur,90,16,2.461803412218237e-281,16.24804221278394,1,1.331998346195134e-256,1.615776169985121e-256,2.848248853091135e-255,16.08431386883701,mpmath_1792,851
awad_25,2,Float64,false,diagonalcheap,transfree,3,53,0,12.10223024625157,42.91710935644734,2.220446049250313e-16,5.056995122820514e-17,6.547839774549351e-16,12.10223024625157,mpmath_1792,53
awad_25,2,Float64,false,diagonalcheap,transfree,5,40,1.926652734121527e-74,90950.47017737554,2.0680424818529556e9,1.727233711018889e-77,6.1320052114846e-78,5.577068472717375e-73,90950.47017737554,mpmath_1792,256
awad_25,2,Float64,false,diagonalcheap,transfree,25,21,4.967166081679271e-263,47683738558.68547,5.684341941874078e20,1.331998346195134e-256,4.856426058786478e-257,2.315725505157231e-246,47683738558.68547,mpmath_1792,851
awad_25,2,Float64,false,diagonalcheap,complexschur,3,53,0,12.10223024625157,42.91710935644734,2.220446049250313e-16,5.056995122820514e-17,6.547839774549351e-16,12.10223024625157,mpmath_1792,53
awad_25,2,Float64,false,diagonalcheap,complexschur,5,40,1.926652734121527e-74,90950.47017737554,2.0680424818529556e9,1.727233711018889e-77,6.1320052114846e-78,5.577068472717375e-73,90950.47017737554,mpmath_1792,256
awad_25,2,Float64,false,diagonalcheap,complexschur,25,21,4.967166081679271e-263,47683738558.68547,5.684341941874078e20,1.331998346195134e-256,4.856426058786478e-257,2.315725505157231e-246,47683738558.68547,mpmath_1792,851
awad_25,2,Float64,false,diagonalcheap,realschur,3,53,0,12.10223024625157,42.91710935644734,2.220446049250313e-16,5.056995122820514e-17,6.547839774549351e-16,12.10223024625157,mpmath_1792,53
awad_25,2,Float64,false,diagonalcheap,realschur,5,40,1.926652734121527e-74,90950.47017737554,2.0680424818529556e9,1.727233711018889e-77,6.1320052114846e-78,5.577068472717375e-73,90950.47017737554,mpmath_1792,256
awad_25,2,Float64,false,diagonalcheap,realschur,25,21,4.967166081679271e-263,47683738558.68547,5.684341941874078e20,1.331998346195134e-256,4.856426058786478e-257,2.315725505157231e-246,47683738558.68547,mpmath_1792,851
awad_25,2,Float64,false,taylor,transfree,30,7,5.302143701868545e-08,787377419692538.5,1,2.220446049250313e-16,2.213295551864118e-17,0.01742698940643747,787377419692538.5,mpmath_1792,53
awad_25,2,Float64,false,taylor,transfree,56,8,4.866108215642213e-87,392153863022793,1,1.727233711018889e-77,2.476370480729574e-79,9.711182502937697e-65,392153863022793,mpmath_1792,256
awad_25,2,Float64,false,taylor,transfree,81,12,4.92813242187314e-256,24420023692133.52,1,1.331998346195134e-256,6.654193711925526e-257,1.624955680972633e-243,24420023692133.52,mpmath_1792,851
awad_25,2,Float64,false,taylor,complexschur,30,7,5.302143701868545e-08,787377419692538.5,1,2.220446049250313e-16,2.213295551864118e-17,0.01742698940643747,787377419692538.5,mpmath_1792,53
awad_25,2,Float64,false,taylor,complexschur,56,8,4.866108215642213e-87,392153863022793,1,1.727233711018889e-77,2.476370480729574e-79,9.711182502937697e-65,392153863022793,mpmath_1792,256
awad_25,2,Float64,false,taylor,complexschur,81,12,4.92813242187314e-256,24420023692133.52,1,1.331998346195134e-256,6.654193711925526e-257,1.624955680972633e-243,24420023692133.52,mpmath_1792,851
awad_25,2,Float64,false,taylor,realschur,30,7,5.302143701868545e-08,787377419692538.5,1,2.220446049250313e-16,2.213295551864118e-17,0.01742698940643747,787377419692538.5,mpmath_1792,53
awad_25,2,Float64,false,taylor,realschur,56,8,4.866108215642213e-87,392153863022793,1,1.727233711018889e-77,2.476370480729574e-79,9.711182502937697e-65,392153863022793,mpmath_1792,256
awad_25,2,Float64,false,taylor,realschur,81,12,4.92813242187314e-256,24420023692133.52,1,1.331998346195134e-256,6.654193711925526e-257,1.624955680972633e-243,24420023692133.52,mpmath_1792,851
awad_26,4,Float64,false,diagonalcheap,transfree,3,31,0,10.31322837975475,31.997277962843064,2.220446049250313e-16,1.10934658890683e-16,9.96490216731444e-16,10.31322837975476,mpmath_1792,53
awad_26,4,Float64,false,diagonalcheap,transfree,13,18,5.858053373723863e-88,76440.46809079993,1.4580449149261472e9,1.727233711018889e-77,1.638378060102009e-77,1.131965710612193e-72,76440.46809079991,mpmath_1792,256
awad_26,4,Float64,false,diagonalcheap,transfree,37,13,2.240144932492076e-301,2590412.927007178,1.5824557017695662e12,1.331998346195134e-256,7.588938807607214e-257,1.726227899048533e-250,2590412.927007177,mpmath_1792,851
awad_26,4,Float64,false,diagonalcheap,complexschur,3,31,0,10.31322574788339,31.997269208277007,2.220446049250313e-16,1.120808796276905e-16,1.00564772820268e-15,10.31322837975476,mpmath_1792,53
awad_26,4,Float64,false,diagonalcheap,complexschur,13,18,8.778373278371113e-88,76294.94530887034,1.4552678177837625e9,1.727233711018889e-77,1.121533831524872e-77,1.161577180063589e-72,76440.46809079991,mpmath_1792,256
awad_26,4,Float64,false,diagonalcheap,complexschur,37,13,1.086462735651727e-301,2441407.255941235,1.4901185626423926e12,1.331998346195134e-256,9.777389271965404e-257,3.122929438533391e-250,2590412.927007177,mpmath_1792,851
awad_26,4,Float64,false,diagonalcheap,realschur,3,31,0,10.31322574788339,31.997269208277007,2.220446049250313e-16,8.470443319184905e-17,1.030301283877007e-15,10.31322837975476,mpmath_1792,53
awad_26,4,Float64,false,diagonalcheap,realschur,13,18,8.778373278371113e-88,76294.94530887034,1.4552678177837625e9,1.727233711018889e-77,1.737293697947283e-77,1.4712045213491e-72,76440.46809079991,mpmath_1792,256
awad_26,4,Float64,false,diagonalcheap,realschur,37,13,1.086462735651727e-301,2441407.255941235,1.4901185626423926e12,1.331998346195134e-256,9.777389271965404e-257,3.122929438533391e-250,2590412.927007177,mpmath_1792,851
awad_26,4,Float64,false,taylor,transfree,30,5,5.069419883874104e-10,10290581101.42078,1,2.220446049250313e-16,1.944914868706397e-17,2.590218139867072e-07,10290581101.42078,mpmath_1792,53
awad_26,4,Float64,false,taylor,transfree,64,5,1.670768688263962e-76,10290581101.42078,1,1.727233711018889e-77,5.91926538195892e-78,6.923108984654647e-68,10290581101.42078,mpmath_1792,256
awad_26,4,Float64,false,taylor,transfree,90,10,2.147052063714858e-287,29064895.3500509,1,1.331998346195134e-256,4.466430530659784e-257,1.343732523163629e-249,29064895.3500509,mpmath_1792,851
awad_26,4,Float64,false,taylor,complexschur,42,4,5.551115123125783e-17,38273816332.16621,1,2.220446049250313e-16,4.082663447032745e-16,1.985582157945259e-05,39524630284.19242,mpmath_1792,53
awad_26,4,Float64,false,taylor,complexschur,64,5,1.670768688263962e-76,9665479371.193192,1,1.727233711018889e-77,5.577451271484725e-76,6.003960950017989e-66,10290581101.42078,mpmath_1792,256
awad_26,4,Float64,false,taylor,complexschur,90,10,2.147052063715245e-287,19531254.10343264,1,1.331998346195134e-256,7.714482728597958e-257,1.953642839773333e-249,29064895.3500509,mpmath_1792,851
awad_26,4,Float64,false,taylor,realschur,42,4,5.551115123125783e-17,38273816332.16621,1,2.220446049250313e-16,4.082663447032745e-16,1.985582157945259e-05,39524630284.19242,mpmath_1792,53
awad_26,4,Float64,false,taylor,realschur,64,5,1.670768688263962e-76,9665479371.193192,1,1.727233711018889e-77,5.582707715367016e-76,6.003960950294346e-66,10290581101.42078,mpmath_1792,256
awad_26,4,Float64,false,taylor,realschur,90,10,2.147052063715245e-287,19531254.10343264,1,1.331998346195134e-256,7.714482728597958e-257,1.953642839773333e-249,29064895.3500509,mpmath_1792,851
awad_27,2,Float64,false,diagonalcheap,transfree,3,10,1.403993927779543e-15,10.77614344078556,34.61309342463025,2.220446049250313e-16,5.514155872359862e-16,6.889062486855913e-15,10.77614344078555,mpmath_1792,53
awad_27,2,Float64,false,diagonalcheap,transfree,31,2,2.179412251505709e-89,3211.347571432125,1.5714163468529456e6,1.727233711018889e-77,6.904429560592796e-71,2.217921573221129e-67,3211.347567136041,mpmath_1792,256
awad_27,2,Float64,false,diagonalcheap,transfree,65,2,3.721795185878366e-276,3211.347575504814,1.5680329915513082e6,1.331998346195134e-256,6.545944884634053e-250,2.102614967391281e-246,3211.347567136041,mpmath_1792,851
awad_27,2,Float64,false,diagonalcheap,complexschur,3,10,1.405270285895705e-15,10.77614344078554,34.61309342463023,2.220446049250313e-16,6.258011420585596e-16,6.889062486855913e-15,10.77614344078555,mpmath_1792,53
awad_27,2,Float64,false,diagonalcheap,complexschur,31,2,2.179412248590801e-89,3211.347567136041,1.5714163447512137e6,1.727233711018889e-77,2.601339902666572e-72,8.360448931834184e-69,3211.347567136041,mpmath_1792,256
awad_27,2,Float64,false,diagonalcheap,complexschur,65,2,3.721795176181234e-276,3211.347567136042,1.568032987465802e6,1.331998346195134e-256,2.016322172865078e-251,6.480265782689562e-248,3211.347567136041,mpmath_1792,851
awad_27,2,Float64,false,diagonalcheap,realschur,3,10,1.403993927779541e-15,10.77614344078554,34.61309342463021,2.220446049250313e-16,6.938061596526869e-16,7.777240906556038e-15,10.77614344078555,mpmath_1792,53
awad_27,2,Float64,false,diagonalcheap,realschur,31,2,2.179412248590801e-89,3211.347567136041,1.5714163447512137e6,1.727233711018889e-77,2.601339902666572e-72,8.360448931834184e-69,3211.347567136041,mpmath_1792,256
awad_27,2,Float64,false,diagonalcheap,realschur,65,2,3.721795176181234e-276,3211.347567136042,1.568032987465802e6,1.331998346195134e-256,2.016322172865078e-251,6.480265782689562e-248,3211.347567136041,mpmath_1792,851
awad_27,2,Float64,false,taylor,transfree,30,1,0,8230.815104166668,1,2.220446049250313e-16,9.318873634057021e-17,6.880626266208331e-13,8245.255074771341,mpmath_1792,53
awad_27,2,Float64,false,taylor,transfree,72,1,3.711888296448243e-88,8230.815104166667,1,1.727233711018889e-77,6.941747030888386e-78,5.030867915050726e-74,8245.255074771341,mpmath_1792,256
awad_27,2,Float64,false,taylor,transfree,90,6,1.01605686501827e-259,159.7263271752563,1,1.331998346195134e-256,1.995479230431864e-257,3.834607042751104e-255,159.7263271752563,mpmath_1792,851
awad_27,2,Float64,false,taylor,complexschur,30,1,3.469446951953614e-18,8230.815103160479,1,2.220446049250313e-16,1.341427036968224e-10,1.106481779607462e-06,8245.255074771341,mpmath_1792,53
awad_27,2,Float64,false,taylor,complexschur,72,1,3.711888296448243e-88,8230.815104166667,1,1.727233711018889e-77,1.041136112790326e-71,8.587856251796753e-68,8245.255074771341,mpmath_1792,256
awad_27,2,Float64,false,taylor,complexschur,90,6,1.01605686501827e-259,159.7263271752563,1,1.331998346195134e-256,8.307764801468276e-254,1.342581665289286e-251,159.7263271752563,mpmath_1792,851
awad_27,2,Float64,false,taylor,realschur,30,1,0,8230.815103159819,1,2.220446049250313e-16,1.341428140902042e-10,1.106482689102163e-06,8245.255074771341,mpmath_1792,53
awad_27,2,Float64,false,taylor,realschur,72,1,3.711888296448243e-88,8230.815104166667,1,1.727233711018889e-77,1.041136112790326e-71,8.587856251796753e-68,8245.255074771341,mpmath_1792,256
awad_27,2,Float64,false,taylor,realschur,90,6,1.01605686501827e-259,159.7263271752563,1,1.331998346195134e-256,8.307764801468276e-254,1.342581665289286e-251,159.7263271752563,mpmath_1792,851
awad_28,2,Float64,false,diagonalcheap,transfree,5,22,0,12.92056671954599,48.447328249949656,2.220446049250313e-16,4.328134984597479e-17,5.081262877471331e-16,12.92056671954599,mpmath_1792,53
awad_28,2,Float64,false,diagonalcheap,transfree,31,16,2.859322131635141e-90,691.7818297603164,139288.03542410576,1.727233711018889e-77,2.464324677146922e-79,1.713103920242831e-76,691.7818297603164,mpmath_1792,256
awad_28,2,Float64,false,diagonalcheap,transfree,73,16,6.640124922989369e-305,691.7818297603166,139288.01628261333,1.331998346195134e-256,8.743829846767043e-257,6.047633681577083e-254,691.7818297603164,mpmath_1792,851
awad_28,2,Float64,false,diagonalcheap,complexschur,5,22,0,12.92063777294784,48.447492558728285,2.220446049250313e-16,1.91377577689457e-16,2.506527732072415e-15,12.92056671954599,mpmath_1792,53
awad_28,2,Float64,false,diagonalcheap,complexschur,31,16,5.719745684736429e-90,692.0590258977957,139341.41686767442,1.727233711018889e-77,1.304333977020401e-77,9.014746992440994e-75,691.7818297603164,mpmath_1792,256
awad_28,2,Float64,false,diagonalcheap,complexschur,73,16,3.320701911620179e-305,692.0590258977958,139341.39771485096,1.331998346195134e-256,1.125168612418988e-257,7.891001070912677e-255,691.7818297603164,mpmath_1792,851
awad_28,2,Float64,false,diagonalcheap,realschur,5,22,0,12.92056671954599,48.447328249949656,2.220446049250313e-16,4.328134984597479e-17,5.081262877471331e-16,12.92056671954599,mpmath_1792,53
awad_28,2,Float64,false,diagonalcheap,realschur,31,16,2.859322131635141e-90,691.7818297603164,139288.03542410576,1.727233711018889e-77,2.464324677146922e-79,1.713103920242831e-76,691.7818297603164,mpmath_1792,256
awad_28,2,Float64,false,diagonalcheap,realschur,73,16,6.640124922989369e-305,691.7818297603166,139288.01628261333,1.331998346195134e-256,8.743829846767043e-257,6.047633681577083e-254,691.7818297603164,mpmath_1792,851
awad_28,2,Float64,false,taylor,transfree,30,15,1.318389841742373e-15,999.0688168954774,1,2.220446049250313e-16,4.50402432562153e-17,4.504040063498825e-14,999.0662402062025,mpmath_1792,53
awad_28,2,Float64,false,taylor,transfree,64,16,1.32779139085641e-77,691.7818310326254,1,1.727233711018889e-77,2.464324677146922e-79,1.713103920242831e-76,691.7818297603164,mpmath_1792,256
awad_28,2,Float64,false,taylor,transfree,90,21,1.060105334120347e-263,24.83930302343914,1,1.331998346195134e-256,5.232771833175867e-257,1.250846854094478e-255,24.83930302343914,mpmath_1792,851
awad_28,2,Float64,false,taylor,complexschur,30,15,1.304512053934559e-15,1000.023945852473,1,2.220446049250313e-16,4.50417282126318e-17,4.525550634600937e-14,999.0662402062025,mpmath_1792,53
awad_28,2,Float64,false,taylor,complexschur,64,16,1.337397091039267e-77,692.0590271710062,1,1.727233711018889e-77,1.304333977020401e-77,9.014746992440994e-75,691.7818297603164,mpmath_1792,256
awad_28,2,Float64,false,taylor,complexschur,90,21,1.068891565691721e-263,24.83958722696948,1,1.331998346195134e-256,3.696736562872184e-257,8.851710089283206e-256,24.83930302343914,mpmath_1792,851
awad_28,2,Float64,false,taylor,realschur,30,15,1.318389841742373e-15,999.0688168954774,1,2.220446049250313e-16,4.50402432562153e-17,4.504040063498825e-14,999.0662402062025,mpmath_1792,53
awad_28,2,Float64,false,taylor,realschur,64,16,1.32779139085641e-77,691.7818310326254,1,1.727233711018889e-77,2.464324677146922e-79,1.713103920242831e-76,691.7818297603164,mpmath_1792,256
awad_28,2,Float64,false,taylor,realschur,90,21,1.060105334120347e-263,24.83930302343914,1,1.331998346195134e-256,5.232771833175867e-257,1.250846854094478e-255,24.83930302343914,mpmath_1792,851
godunov_eigtool,7,Float64,false,diagonalcheap,transfree,13,3,6.081014846387458e-18,24.18454713772512,28.78068012329826,2.220446049250313e-16,6.200321325389911e-16,1.431324869721681e-14,24.18454713772508,mpmath_1792,53
godunov_eigtool,7,Float64,false,diagonalcheap,transfree,25,2,1.578722084491306e-82,175.6040732202989,282.78546795870415,1.727233711018889e-77,2.813509019985869e-76,4.58850653769628e-74,175.6040732202989,mpmath_1792,256
godunov_eigtool,7,Float64,false,diagonalcheap,transfree,57,2,2.196896959658089e-306,175.6040732203004,277.3236643470032,1.331998346195134e-256,1.344773519491355e-255,2.218214778000232e-253,175.6040732202989,mpmath_1792,851
godunov_eigtool,7,Float64,false,diagonalcheap,complexschur,13,3,3.982000280945329e-18,29.76378011853117,38.77938733896785,2.220446049250313e-16,1.888420747714069e-15,4.890924370014476e-14,24.18454713772508,mpmath_1792,53
godunov_eigtool,7,Float64,false,diagonalcheap,complexschur,25,2,2.147423227193482e-82,190.4993648570139,402.4831686054163,1.727233711018889e-77,8.472406091633126e-77,1.342064856422496e-74,175.6040732202989,mpmath_1792,256
godunov_eigtool,7,Float64,false,diagonalcheap,complexschur,57,2,2.694037798777905e-306,190.4993580298898,399.0424029216938,1.331998346195134e-256,1.507391372217099e-255,2.520707407248006e-253,175.6040732202989,mpmath_1792,851
godunov_eigtool,7,Float64,false,diagonalcheap,realschur,13,3,1.592795381830743e-17,29.76293709081868,38.779178296406045,2.220446049250313e-16,1.904011709078407e-15,5.013048902723243e-14,24.18454713772508,mpmath_1792,53
godunov_eigtool,7,Float64,false,diagonalcheap,realschur,25,2,2.14727505037609e-82,190.4994309941809,402.46979568526143,1.727233711018889e-77,8.009357809914987e-77,1.231521898917287e-74,175.6040732202989,mpmath_1792,256
godunov_eigtool,7,Float64,false,diagonalcheap,realschur,57,2,5.387871081673063e-306,190.4994309941812,399.0267838657503,1.331998346195134e-256,1.553466050962964e-255,2.701859182330544e-253,175.6040732202989,mpmath_1792,851
godunov_eigtool,7,Float64,false,taylor,transfree,30,2,3.469446951953614e-18,150.2258698381233,1,2.220446049250313e-16,1.835818681994035e-16,3.851253060128719e-14,175.6040732202989,mpmath_1792,53
godunov_eigtool,7,Float64,false,taylor,transfree,56,2,3.037060649946099e-83,150.2258698381234,1,1.727233711018889e-77,7.303937712293621e-78,1.30294783049593e-75,175.6040732202989,mpmath_1792,256
godunov_eigtool,7,Float64,false,taylor,transfree,90,5,9.373702964922834e-267,3.415669872692713,1,1.331998346195134e-256,3.225530152678223e-257,1.147373725434184e-256,3.415669872692713,mpmath_1792,851
godunov_eigtool,7,Float64,false,taylor,complexschur,30,2,3.469446951953614e-18,165.4659165198915,1,2.220446049250313e-16,2.109866034257199e-15,3.523920580560569e-13,175.6040732202989,mpmath_1792,53
godunov_eigtool,7,Float64,false,taylor,complexschur,56,2,3.07648912331775e-83,164.7905628220021,1,1.727233711018889e-77,6.999241612517539e-77,1.079525332347625e-74,175.6040732202989,mpmath_1792,256
godunov_eigtool,7,Float64,false,taylor,complexschur,90,5,9.529583672163565e-267,3.912660392278967,1,1.331998346195134e-256,1.210825182474601e-255,5.926503995325709e-255,3.415669872692713,mpmath_1792,851
godunov_eigtool,7,Float64,false,taylor,realschur,30,2,6.938893903907228e-18,165.4660021924241,1,2.220446049250313e-16,2.194152233012993e-15,3.594974854136579e-13,175.6040732202989,mpmath_1792,53
godunov_eigtool,7,Float64,false,taylor,realschur,56,2,3.07333392928845e-83,164.7906087423313,1,1.727233711018889e-77,6.774902728387309e-77,7.893500688964515e-75,175.6040732202989,mpmath_1792,256
godunov_eigtool,7,Float64,false,taylor,realschur,90,5,9.517174638245045e-267,3.912657558667278,1,1.331998346195134e-256,1.250836113092586e-255,6.082597551520451e-255,3.415669872692713,mpmath_1792,851
trem05_14.17,3,Float64,false,diagonalcheap,transfree,9,2,0,22.634296292954,48.9187125693752,2.220446049250313e-16,3.050796957015494e-17,6.81270713324007e-16,22.634296292954,mpmath_1792,53
trem05_14.17,3,Float64,false,diagonalcheap,transfree,31,0,6.364461691714467e-84,180.0634620916892,2615.6706640003736,1.727233711018889e-77,1.039981122595881e-77,1.819397369250303e-75,180.0634620916892,mpmath_1792,256
trem05_14.17,3,Float64,false,diagonalcheap,transfree,73,0,3.263867870332312e-267,180.0634620916892,2622.854715442595,1.331998346195134e-256,9.748873327753473e-257,1.739478087371168e-254,180.0634620916892,mpmath_1792,851
trem05_14.17,3,Float64,false,diagonalcheap,complexschur,9,2,4.204710745407735e-18,22.68226148349817,50.520930521237496,2.220446049250313e-16,1.380400528424814e-16,2.457627552724257e-15,22.634296292954,mpmath_1792,53
trem05_14.17,3,Float64,false,diagonalcheap,complexschur,31,0,1.255235254984184e-83,183.676122190345,2640.191446146255,1.727233711018889e-77,1.810204549511638e-77,3.155035718484097e-75,180.0634620916892,mpmath_1792,256
trem05_14.17,3,Float64,false,diagonalcheap,complexschur,73,0,9.242003604233502e-267,183.6761221903451,2647.3720355295077,1.331998346195134e-256,1.006542872105838e-256,1.952597822762389e-254,180.0634620916892,mpmath_1792,851
trem05_14.17,3,Float64,false,diagonalcheap,realschur,9,2,0,22.634296292954,48.9187125693752,2.220446049250313e-16,3.050796957015494e-17,6.81270713324007e-16,22.634296292954,mpmath_1792,53
trem05_14.17,3,Float64,false,diagonalcheap,realschur,31,0,6.364461691714467e-84,180.0634620916892,2615.6706640003736,1.727233711018889e-77,1.039981122595881e-77,1.819397369250303e-75,180.0634620916892,mpmath_1792,256
trem05_14.17,3,Float64,false,diagonalcheap,realschur,73,0,3.263867870332312e-267,180.0634620916892,2622.854715442595,1.331998346195134e-256,9.748873327753473e-257,1.739478087371168e-254,180.0634620916892,mpmath_1792,851
trem05_14.17,3,Float64,false,taylor,transfree,25,0,1.52655665885959e-16,191.6666666666667,1,2.220446049250313e-16,6.102011118552039e-18,9.631785152660012e-16,180.0634620916892,mpmath_1792,53
trem05_14.17,3,Float64,false,taylor,transfree,72,0,2.912012879946295e-88,191.6666666666667,1,1.727233711018889e-77,3.804874430725357e-78,6.678191746168972e-76,180.0634620916892,mpmath_1792,256
trem05_14.17,3,Float64,false,taylor,transfree,90,6,1.188061568103677e-282,1.817594424284185,1,1.331998346195134e-256,1.640875500347761e-257,2.521677670139927e-257,1.817594424284185,mpmath_1792,851
trem05_14.17,3,Float64,false,taylor,complexschur,25,0,2.220446049250313e-16,195.9311903525789,1,2.220446049250313e-16,1.825771007638301e-16,2.938488794567001e-14,180.0634620916892,mpmath_1792,53
trem05_14.17,3,Float64,false,taylor,complexschur,72,0,5.376070981184173e-88,195.9311903525789,1,1.727233711018889e-77,3.20173255508707e-77,5.089537474825253e-75,180.0634620916892,mpmath_1792,256
trem05_14.17,3,Float64,false,taylor,complexschur,90,6,2.549116602066838e-282,1.817943238610119,1,1.331998346195134e-256,5.318197270605573e-257,9.181669401115598e-257,1.817594424284185,mpmath_1792,851
trem05_14.17,3,Float64,false,taylor,realschur,25,0,1.52655665885959e-16,191.6666666666667,1,2.220446049250313e-16,6.102011118552039e-18,9.631785152660012e-16,180.0634620916892,mpmath_1792,53
trem05_14.17,3,Float64,false,taylor,realschur,72,0,2.912012879946295e-88,191.6666666666667,1,1.727233711018889e-77,3.804874430725357e-78,6.678191746168972e-76,180.0634620916892,mpmath_1792,256
trem05_14.17,3,Float64,false,taylor,realschur,90,6,1.188061568103677e-282,1.817594424284185,1,1.331998346195134e-256,1.640875500347761e-257,2.521677670139927e-257,1.817594424284185,mpmath_1792,851
invol_13_complex,13,ComplexF64,false,diagonalcheap,transfree,3,27,0,17.6980219158482,87.40400539446581,2.220446049250313e-16,2.113012713323046e-16,4.350692893195544e-15,17.6980219158482,mpmath_1792,53
invol_13_complex,13,ComplexF64,false,diagonalcheap,transfree,17,17,0,17098.67856023521,7.310665226316781e7,1.727233711018889e-77,5.598147494232597e-76,1.310918847019385e-71,17098.67856023517,mpmath_1792,256
invol_13_complex,13,ComplexF64,false,diagonalcheap,transfree,31,17,7.609976167237654e-304,17098.67856023509,7.310664852319787e7,1.331998346195134e-256,1.536950784883109e-255,2.388078785051199e-251,17098.67856023517,mpmath_1792,851
invol_13_complex,13,ComplexF64,false,diagonalcheap,complexschur,3,27,0,17.6980219158482,87.40400539446581,2.220446049250313e-16,2.113012713323046e-16,4.350692893195544e-15,17.6980219158482,mpmath_1792,53
invol_13_complex,13,ComplexF64,false,diagonalcheap,complexschur,17,17,0,17098.67856023521,7.310665226316781e7,1.727233711018889e-77,5.598147494232597e-76,1.310918847019385e-71,17098.67856023517,mpmath_1792,256
invol_13_complex,13,ComplexF64,false,diagonalcheap,complexschur,31,17,7.609976167237654e-304,17098.67856023509,7.310664852319787e7,1.331998346195134e-256,1.536950784883109e-255,2.388078785051199e-251,17098.67856023517,mpmath_1792,851
invol_13_complex,13,ComplexF64,false,taylor,transfree,30,9,8.673617379884035e-19,35990650.02858341,1,2.220446049250313e-16,1.903407871784859e-12,9.913999225157705e-05,35990650.02863026,mpmath_1792,53
invol_13_complex,13,ComplexF64,false,taylor,transfree,42,7,7.033841914732842e-71,2262566994.775294,1,1.727233711018889e-77,4.583847939290975e-78,1.450563044651907e-68,2262566994.775294,mpmath_1792,256
invol_13_complex,13,ComplexF64,false,taylor,transfree,72,8,2.782848009117885e-278,285680646.3960018,1,1.331998346195134e-256,4.453713063672119e-257,1.991185658501331e-248,285680646.3960018,mpmath_1792,851
invol_13_complex,13,ComplexF64,false,taylor,complexschur,30,9,8.673617379884035e-19,35990650.02858341,1,2.220446049250313e-16,1.903407871784859e-12,9.913999225157705e-05,35990650.02863026,mpmath_1792,53
invol_13_complex,13,ComplexF64,false,taylor,complexschur,42,7,7.033841914732842e-71,2262566994.775294,1,1.727233711018889e-77,4.583847939290975e-78,1.450563044651907e-68,2262566994.775294,mpmath_1792,256
invol_13_complex,13,ComplexF64,false,taylor,complexschur,72,8,2.782848009117885e-278,285680646.3960018,1,1.331998346195134e-256,4.453713063672119e-257,1.991185658501331e-248,285680646.3960018,mpmath_1792,851
kuda10,4,Float64,false,diagonalcheap,transfree,13,0,5.091835437281302e-19,1.258956613283857,3.669284379926003,2.220446049250313e-16,2.421762847310617e-16,3.337262252290961e-16,1.258956613283857,mpmath_1792,53
kuda10,4,Float64,false,diagonalcheap,transfree,31,0,3.217793256465921e-85,1.258956613283857,3.7217054857545495,1.727233711018889e-77,2.28796083229029e-77,4.276579118788913e-77,1.258956613283857,mpmath_1792,256
kuda10,4,Float64,false,diagonalcheap,transfree,81,0,1.926286118926528e-288,1.258956613283857,3.744543514179721,1.331998346195134e-256,8.853948813097029e-257,1.460848745247893e-256,1.258956613283857,mpmath_1792,851
kuda10,4,Float64,false,diagonalcheap,complexschur,13,0,0,1.258956613283857,3.1283851874031203,2.220446049250313e-16,8.424882226357036e-16,1.169810428365031e-15,1.258956613283857,mpmath_1792,53
kuda10,4,Float64,false,diagonalcheap,complexschur,31,0,3.217574938813301e-86,1.258956613283857,3.1683166008671453,1.727233711018889e-77,5.816636076958653e-77,9.433338462423518e-77,1.258956613283857,mpmath_1792,256
kuda10,4,Float64,false,diagonalcheap,complexschur,81,0,1.638552219633713e-288,1,2.4844068132768093,1.331998346195134e-256,5.938334594367686e-256,8.149863073869537e-256,1.258956613283857,mpmath_1792,851
kuda10,4,Float64,false,diagonalcheap,realschur,13,0,0,1.258956613283857,3.1283851874031203,2.220446049250313e-16,8.424882226357036e-16,1.169810428365031e-15,1.258956613283857,mpmath_1792,53
kuda10,4,Float64,false,diagonalcheap,realschur,31,0,3.217574938813301e-86,1.258956613283857,3.1683166008671453,1.727233711018889e-77,5.816636076958653e-77,9.433338462423518e-77,1.258956613283857,mpmath_1792,256
kuda10,4,Float64,false,diagonalcheap,realschur,81,0,1.638552219633713e-288,1,2.4844068132768093,1.331998346195134e-256,5.938334594367686e-256,8.149863073869537e-256,1.258956613283857,mpmath_1792,851
kuda10,4,Float64,false,taylor,transfree,25,0,1.734723475976807e-18,1.3125,1,2.220446049250313e-16,1.358644860614953e-16,1.849476704072721e-16,1.258956613283857,mpmath_1792,53
kuda10,4,Float64,false,taylor,transfree,72,0,2.241537626505933e-83,1.3125,1,1.727233711018889e-77,1.173957310494532e-77,1.272717505397928e-77,1.258956613283857,mpmath_1792,256
kuda10,4,Float64,false,taylor,transfree,90,6,1.090104673094959e-276,1.007721658349979,1,1.331998346195134e-256,2.083243250169552e-258,2.396076269695125e-258,1.007721658349979,mpmath_1792,851
kuda10,4,Float64,false,taylor,complexschur,25,0,8.673617379884035e-19,1.3125,1,2.220446049250313e-16,8.424882226357036e-16,1.169810428365031e-15,1.258956613283857,mpmath_1792,53
kuda10,4,Float64,false,taylor,complexschur,72,0,2.171529271642895e-84,1.3125,1,1.727233711018889e-77,5.779588614633157e-77,9.217434248546157e-77,1.258956613283857,mpmath_1792,256
kuda10,4,Float64,false,taylor,complexschur,90,6,1.090104673094959e-276,1,1,1.331998346195134e-256,4.44813847352759e-256,9.70224338573579e-256,1.007721658349979,mpmath_1792,851
kuda10,4,Float64,false,taylor,realschur,25,0,8.673617379884035e-19,1.3125,1,2.220446049250313e-16,8.424882226357036e-16,1.169810428365031e-15,1.258956613283857,mpmath_1792,53
kuda10,4,Float64,false,taylor,realschur,72,0,2.171529271642895e-84,1.3125,1,1.727233711018889e-77,5.779588614633157e-77,9.217434248546157e-77,1.258956613283857,mpmath_1792,256
kuda10,4,Float64,false,taylor,realschur,90,6,1.090104673094959e-276,1,1,1.331998346195134e-256,4.44813847352759e-256,9.70224338573579e-256,1.007721658349979,mpmath_1792,851
kuda10,24,Float64,false,diagonalcheap,transfree,13,0,0,1.207910415349708,3.5523273915506937,2.220446049250313e-16,3.532861653263265e-16,6.493101983725333e-16,1.207910415349708,mpmath_1792,53
kuda10,24,Float64,false,diagonalcheap,transfree,31,0,1.146774205940518e-85,1.207910415349708,3.6010018691314287,1.727233711018889e-77,3.937832433821929e-77,5.839114093470601e-77,1.207910415349708,mpmath_1792,256
kuda10,24,Float64,false,diagonalcheap,transfree,81,0,2.740541709925171e-289,1.207910415349708,3.6221979733653114,1.331998346195134e-256,2.529220180546057e-256,4.012421206452989e-256,1.207910415349708,mpmath_1792,851
kuda10,24,Float64,false,diagonalcheap,complexschur,13,0,1.075951422228156e-18,1.29601931972781,3.3052820865132797,2.220446049250313e-16,1.44923394400887e-15,4.021396610295879e-15,1.207910415349708,mpmath_1792,53
kuda10,24,Float64,false,diagonalcheap,complexschur,31,0,3.400327588582194e-86,1.360668238426785,3.3482714628753625,1.727233711018889e-77,1.197430538951818e-76,3.592522639959003e-76,1.207910415349708,mpmath_1792,256
kuda10,24,Float64,false,diagonalcheap,complexschur,81,0,5.231598663067879e-288,1,3.366223224357811,1.331998346195134e-256,1.672173452115419e-255,6.060682342315072e-255,1.207910415349708,mpmath_1792,851
kuda10,24,Float64,false,diagonalcheap,realschur,13,0,1.075951422228156e-18,1.29601931972781,3.3052820865132797,2.220446049250313e-16,1.44923394400887e-15,4.021396610295879e-15,1.207910415349708,mpmath_1792,53
kuda10,24,Float64,false,diagonalcheap,realschur,31,0,3.400327588582194e-86,1.360668238426785,3.3482714628753625,1.727233711018889e-77,1.197430538951818e-76,3.592522639959003e-76,1.207910415349708,mpmath_1792,256
kuda10,24,Float64,false,diagonalcheap,realschur,81,0,5.231598663067879e-288,1,3.366223224357811,1.331998346195134e-256,1.672173452115419e-255,6.060682342315072e-255,1.207910415349708,mpmath_1792,851
kuda10,24,Float64,false,taylor,transfree,25,0,0,1.3125,1,2.220446049250313e-16,8.439786162377281e-17,1.390485285221181e-16,1.207910415349708,mpmath_1792,53
kuda10,24,Float64,false,taylor,transfree,72,0,7.599107934193011e-84,1.3125,1,1.727233711018889e-77,1.115836367119999e-77,1.298963522030095e-77,1.207910415349708,mpmath_1792,256
kuda10,24,Float64,false,taylor,transfree,90,6,3.073990456516159e-277,1.007691613138734,1,1.331998346195134e-256,2.096293104424773e-257,3.11501645528747e-257,1.007691613138734,mpmath_1792,851
kuda10,24,Float64,false,taylor,complexschur,25,0,2.602085213965211e-18,1.452596657233274,1,2.220446049250313e-16,1.446901313681998e-15,4.060743804042004e-15,1.207910415349708,mpmath_1792,53
kuda10,24,Float64,false,taylor,complexschur,72,0,2.171529271642895e-84,1.452596657233256,1,1.727233711018889e-77,1.201072830761797e-76,3.633038771048204e-76,1.207910415349708,mpmath_1792,256
kuda10,24,Float64,false,taylor,complexschur,90,6,2.781824023348981e-276,1,1,1.331998346195134e-256,1.642286764540688e-255,7.99612642101369e-255,1.007691613138734,mpmath_1792,851
kuda10,24,Float64,false,taylor,realschur,25,0,2.602085213965211e-18,1.452596657233274,1,2.220446049250313e-16,1.446901313681998e-15,4.060743804042004e-15,1.207910415349708,mpmath_1792,53
kuda10,24,Float64,false,taylor,realschur,72,0,2.171529271642895e-84,1.452596657233256,1,1.727233711018889e-77,1.201072830761797e-76,3.633038771048204e-76,1.207910415349708,mpmath_1792,256
kuda10,24,Float64,false,taylor,realschur,90,6,2.781824023348981e-276,1,1,1.331998346195134e-256,1.642286764540688e-255,7.99612642101369e-255,1.007691613138734,mpmath_1792,851
lara17_benchmark1,2,Float64,false,diagonalcheap,transfree,3,0,2.168404344971009e-19,1,1.0000001664426836,2.220446049250313e-16,3.328586738631786e-17,4.681592182343179e-17,1,mpmath_1792,53
lara17_benchmark1,2,Float64,false,diagonalcheap,transfree,5,0,5.529492194978157e-82,1,1.0000001664426847,1.727233711018889e-77,2.699439850500073e-78,3.742439491346836e-78,1,mpmath_1792,256
lara17_benchmark1,2,Float64,false,diagonalcheap,transfree,17,0,7.907760544713947e-277,1,1.0000001664426859,1.331998346195134e-256,1.946490256323077e-257,2.156413356253155e-257,1,mpmath_1792,851
lara17_benchmark1,2,Float64,false,diagonalcheap,complexschur,3,0,2.168404344971009e-19,1,1.0000001664426836,2.220446049250313e-16,3.328586738631786e-17,4.681592182343179e-17,1,mpmath_1792,53
lara17_benchmark1,2,Float64,false,diagonalcheap,complexschur,5,0,5.529492194978157e-82,1,1.0000001664426847,1.727233711018889e-77,2.699439850500073e-78,3.742439491346836e-78,1,mpmath_1792,256
lara17_benchmark1,2,Float64,false,diagonalcheap,complexschur,17,0,7.907760544713947e-277,1,1.0000001664426859,1.331998346195134e-256,1.946490256323077e-257,2.156413356253155e-257,1,mpmath_1792,851
lara17_benchmark1,2,Float64,false,diagonalcheap,realschur,3,0,2.168404344971009e-19,1,1.0000001664426836,2.220446049250313e-16,3.328586738631786e-17,4.681592182343179e-17,1,mpmath_1792,53
lara17_benchmark1,2,Float64,false,diagonalcheap,realschur,5,0,5.529492194978157e-82,1,1.0000001664426847,1.727233711018889e-77,2.699439850500073e-78,3.742439491346836e-78,1,mpmath_1792,256
lara17_benchmark1,2,Float64,false,diagonalcheap,realschur,17,0,7.907760544713947e-277,1,1.0000001664426859,1.331998346195134e-256,1.946490256323077e-257,2.156413356253155e-257,1,mpmath_1792,851
lara17_benchmark1,2,Float64,false,taylor,transfree,4,0,0,1,1,2.220446049250313e-16,3.328586738631786e-17,4.681592182343179e-17,1,mpmath_1792,53
lara17_benchmark1,2,Float64,false,taylor,transfree,12,0,0,1,1,1.727233711018889e-77,2.699439850500073e-78,3.742439491346836e-78,1,mpmath_1792,256
lara17_benchmark1,2,Float64,false,taylor,transfree,36,0,1.535204173248457e-283,1,1,1.331998346195134e-256,1.946490256323077e-257,2.156413356253155e-257,1,mpmath_1792,851
lara17_benchmark1,2,Float64,false,taylor,complexschur,4,0,0,1,1,2.220446049250313e-16,3.328586738631786e-17,4.681592182343179e-17,1,mpmath_1792,53
lara17_benchmark1,2,Float64,false,taylor,complexschur,12,0,0,1,1,1.727233711018889e-77,2.699439850500073e-78,3.742439491346836e-78,1,mpmath_1792,256
lara17_benchmark1,2,Float64,false,taylor,complexschur,36,0,1.535204173248457e-283,1,1,1.331998346195134e-256,1.946490256323077e-257,2.156413356253155e-257,1,mpmath_1792,851
lara17_benchmark1,2,Float64,false,taylor,realschur,4,0,0,1,1,2.220446049250313e-16,3.328586738631786e-17,4.681592182343179e-17,1,mpmath_1792,53
lara17_benchmark1,2,Float64,false,taylor,realschur,12,0,0,1,1,1.727233711018889e-77,2.699439850500073e-78,3.742439491346836e-78,1,mpmath_1792,256
lara17_benchmark1,2,Float64,false,taylor,realschur,36,0,1.535204173248457e-283,1,1,1.331998346195134e-256,1.946490256323077e-257,2.156413356253155e-257,1,mpmath_1792,851
lara17_benchmark2,3,Float64,false,diagonalcheap,transfree,3,0,0,1,1.0000000660903312,2.220446049250313e-16,3.531101800925624e-17,4.165948689323569e-17,1,mpmath_1792,53
lara17_benchmark2,3,Float64,false,diagonalcheap,transfree,5,0,2.032702213110712e-81,1,1.0000000660903317,1.727233711018889e-77,6.426077844482018e-79,9.371645169719871e-79,1,mpmath_1792,256
lara17_benchmark2,3,Float64,false,diagonalcheap,transfree,17,0,8.72987506579264e-277,1,1.000000066090332,1.331998346195134e-256,2.495297103454426e-257,3.237320276091874e-257,1,mpmath_1792,851
lara17_benchmark2,3,Float64,false,diagonalcheap,complexschur,3,0,0,1,1.000000297406387,2.220446049250313e-16,3.531101800924347e-17,4.165943580418028e-17,1,mpmath_1792,53
lara17_benchmark2,3,Float64,false,diagonalcheap,complexschur,5,0,2.032702213110712e-81,1,1.0000002974063888,1.727233711018889e-77,6.426077779422748e-79,9.371645169719871e-79,1,mpmath_1792,256
lara17_benchmark2,3,Float64,false,diagonalcheap,complexschur,17,0,8.72987506579264e-277,1,1.0000002974063906,1.331998346195134e-256,2.495297103454798e-257,3.237320276091874e-257,1,mpmath_1792,851
lara17_benchmark2,3,Float64,false,diagonalcheap,realschur,3,0,0,1,1.000000297406387,2.220446049250313e-16,3.531101800924347e-17,4.165943580418028e-17,1,mpmath_1792,53
lara17_benchmark2,3,Float64,false,diagonalcheap,realschur,5,0,2.032702213110712e-81,1,1.0000002974063888,1.727233711018889e-77,6.426077779422748e-79,9.371645169719871e-79,1,mpmath_1792,256
lara17_benchmark2,3,Float64,false,diagonalcheap,realschur,17,0,8.72987506579264e-277,1,1.0000002974063906,1.331998346195134e-256,2.495297103454798e-257,3.237320276091874e-257,1,mpmath_1792,851
lara17_benchmark2,3,Float64,false,taylor,transfree,4,0,0,1,1,2.220446049250313e-16,3.531101800924347e-17,4.165943580418028e-17,1,mpmath_1792,53
lara17_benchmark2,3,Float64,false,taylor,transfree,12,0,0,1,1,1.727233711018889e-77,6.426077779422748e-79,9.371645169719871e-79,1,mpmath_1792,256
lara17_benchmark2,3,Float64,false,taylor,transfree,36,0,1.704414438590561e-283,1,1,1.331998346195134e-256,2.495297103453938e-257,3.237320276091874e-257,1,mpmath_1792,851
lara17_benchmark2,3,Float64,false,taylor,complexschur,4,0,0,1,1,2.220446049250313e-16,3.531101800924347e-17,4.165943580418028e-17,1,mpmath_1792,53
lara17_benchmark2,3,Float64,false,taylor,complexschur,12,0,0,1,1,1.727233711018889e-77,6.426077779422748e-79,9.371645169719871e-79,1,mpmath_1792,256
lara17_benchmark2,3,Float64,false,taylor,complexschur,36,0,1.704414438590561e-283,1,1,1.331998346195134e-256,2.495297103454798e-257,3.237320276091874e-257,1,mpmath_1792,851
lara17_benchmark2,3,Float64,false,taylor,realschur,4,0,0,1,1,2.220446049250313e-16,3.531101800924347e-17,4.165943580418028e-17,1,mpmath_1792,53
lara17_benchmark2,3,Float64,false,taylor,realschur,12,0,0,1,1,1.727233711018889e-77,6.426077779422748e-79,9.371645169719871e-79,1,mpmath_1792,256
lara17_benchmark2,3,Float64,false,taylor,realschur,36,0,1.704414438590561e-283,1,1,1.331998346195134e-256,2.495297103454798e-257,3.237320276091874e-257,1,mpmath_1792,851
lara17_benchmark3,3,Float64,false,diagonalcheap,transfree,3,0,2.168404343120984e-19,0.9999999969265546,1.0012115347758817,2.220446049250313e-16,2.785669939809824e-17,3.824340955858889e-17,0.9999999969265547,mpmath_1792,53
lara17_benchmark3,3,Float64,false,diagonalcheap,transfree,13,0,1.534091706806439e-92,0.9999999969265546,1.001211652366687,1.727233711018889e-77,2.867410139926657e-78,4.309697763309068e-78,0.9999999969265547,mpmath_1792,256
lara17_benchmark3,3,Float64,false,diagonalcheap,transfree,37,0,1.04704330176903e-297,0.9999999969265546,1.0012116716966855,1.331998346195134e-256,9.277216349725272e-258,1.349771321808317e-257,0.9999999969265547,mpmath_1792,851
lara17_benchmark3,3,Float64,false,diagonalcheap,complexschur,3,0,2.168404343120984e-19,0.9999786386111544,1.0020684160079993,2.220446049250313e-16,2.785669939809824e-17,3.824340955858889e-17,0.9999999969265547,mpmath_1792,53
lara17_benchmark3,3,Float64,false,diagonalcheap,complexschur,13,0,1.534091706806439e-92,0.9999786386111544,1.0020688878050292,1.727233711018889e-77,2.867247050407482e-78,4.309697763309068e-78,0.9999999969265547,mpmath_1792,256
lara17_benchmark3,3,Float64,false,diagonalcheap,complexschur,37,0,1.04704330176903e-297,0.9999786386111544,1.0020689653607568,1.331998346195134e-256,9.277208387583031e-258,1.349771321808317e-257,0.9999999969265547,mpmath_1792,851
lara17_benchmark3,3,Float64,false,diagonalcheap,realschur,3,0,2.168404343120984e-19,0.9999786386111544,1.0020684160079993,2.220446049250313e-16,2.785669939809824e-17,3.824340955858889e-17,0.9999999969265547,mpmath_1792,53
lara17_benchmark3,3,Float64,false,diagonalcheap,realschur,13,0,1.534091706806439e-92,0.9999786386111544,1.0020688878050292,1.727233711018889e-77,2.867247050407482e-78,4.309697763309068e-78,0.9999999969265547,mpmath_1792,256
lara17_benchmark3,3,Float64,false,diagonalcheap,realschur,37,0,1.04704330176903e-297,0.9999786386111544,1.0020689653607568,1.331998346195134e-256,9.277208387583031e-258,1.349771321808317e-257,0.9999999969265547,mpmath_1792,851
lara17_benchmark3,3,Float64,false,taylor,transfree,6,0,2.168404344971009e-19,0.9999999969251475,1,2.220446049250313e-16,2.78566994510574e-17,3.824340955858889e-17,0.9999999969265547,mpmath_1792,53
lara17_benchmark3,3,Float64,false,taylor,transfree,25,0,5.481318362976018e-84,0.9999999969251474,1,1.727233711018889e-77,2.875700332802183e-78,4.326470791785376e-78,0.9999999969265547,mpmath_1792,256
lara17_benchmark3,3,Float64,false,taylor,transfree,72,0,2.760023601038089e-268,0.9999999969251474,1,1.331998346195134e-256,9.273656644062731e-258,1.311986760034185e-257,0.9999999969265547,mpmath_1792,851
lara17_benchmark3,3,Float64,false,taylor,complexschur,6,0,2.168404344971009e-19,0.9999999969251475,1,2.220446049250313e-16,2.78566994510574e-17,3.824340955858889e-17,0.9999999969265547,mpmath_1792,53
lara17_benchmark3,3,Float64,false,taylor,complexschur,25,0,5.481318362976018e-84,0.9999999969251474,1,1.727233711018889e-77,2.867247050407482e-78,4.309697763309068e-78,0.9999999969265547,mpmath_1792,256
lara17_benchmark3,3,Float64,false,taylor,complexschur,72,0,2.760023601038089e-268,0.9999999969251474,1,1.331998346195134e-256,9.277208387320476e-258,1.349771321808317e-257,0.9999999969265547,mpmath_1792,851
lara17_benchmark3,3,Float64,false,taylor,realschur,6,0,2.168404344971009e-19,0.9999999969251475,1,2.220446049250313e-16,2.78566994510574e-17,3.824340955858889e-17,0.9999999969265547,mpmath_1792,53
lara17_benchmark3,3,Float64,false,taylor,realschur,25,0,5.481318362976018e-84,0.9999999969251474,1,1.727233711018889e-77,2.867247050407482e-78,4.309697763309068e-78,0.9999999969265547,mpmath_1792,256
lara17_benchmark3,3,Float64,false,taylor,realschur,72,0,2.760023601038089e-268,0.9999999969251474,1,1.331998346195134e-256,9.277208387320476e-258,1.349771321808317e-257,0.9999999969265547,mpmath_1792,851
lara17_benchmark4,4,Float64,false,diagonalcheap,transfree,3,0,2.168404344971009e-19,1,1.0000392201509225,2.220446049250313e-16,4.215821900554162e-17,5.432974484878633e-17,1,mpmath_1792,53
lara17_benchmark4,4,Float64,false,diagonalcheap,transfree,9,0,0,1,1.00003922034796,1.727233711018889e-77,2.460260939590252e-78,3.302093478562463e-78,1,mpmath_1792,256
lara17_benchmark4,4,Float64,false,diagonalcheap,transfree,25,0,1.216097950062585e-276,1,1.0000392204015756,1.331998346195134e-256,1.762420129527547e-257,3.237320276091827e-257,1,mpmath_1792,851
lara17_benchmark4,4,Float64,false,diagonalcheap,complexschur,3,0,0,1.000054953079581,1.000156759143587,2.220446049250313e-16,6.249351289471216e-16,1.379170061317419e-15,1,mpmath_1792,53
lara17_benchmark4,4,Float64,false,diagonalcheap,complexschur,9,0,7.670834553646986e-93,1.000098041515698,1.0001567597757308,1.727233711018889e-77,4.66901821147598e-77,1.064740179342387e-76,1,mpmath_1792,256
lara17_benchmark4,4,Float64,false,diagonalcheap,complexschur,25,0,4.883213480436602e-278,1.000098041515698,1.0001567599475785,1.331998346195134e-256,2.979199834592214e-256,7.84753704486569e-256,1,mpmath_1792,851
lara17_benchmark4,4,Float64,false,diagonalcheap,realschur,3,0,0,1.000054953079581,1.000156759143587,2.220446049250313e-16,6.249351289471216e-16,1.379170061317419e-15,1,mpmath_1792,53
lara17_benchmark4,4,Float64,false,diagonalcheap,realschur,9,0,7.670834553646986e-93,1.000098041515698,1.0001567597757308,1.727233711018889e-77,4.66901821147598e-77,1.064740179342387e-76,1,mpmath_1792,256
lara17_benchmark4,4,Float64,false,diagonalcheap,realschur,25,0,4.883213480436602e-278,1.000098041515698,1.0001567599475785,1.331998346195134e-256,2.979199834592214e-256,7.84753704486569e-256,1,mpmath_1792,851
lara17_benchmark4,4,Float64,false,taylor,transfree,4,0,0,1,1,2.220446049250313e-16,4.21582189680797e-17,5.432974484878633e-17,1,mpmath_1792,53
lara17_benchmark4,4,Float64,false,taylor,transfree,16,0,1.986410154445008e-79,1,1,1.727233711018889e-77,2.460260863385147e-78,3.302553269414702e-78,1,mpmath_1792,256
lara17_benchmark4,4,Float64,false,taylor,transfree,49,0,5.370685560335139e-257,1,1,1.331998346195134e-256,1.762420129517194e-257,3.237320276091827e-257,1,mpmath_1792,851
lara17_benchmark4,4,Float64,false,taylor,complexschur,4,0,2.168404344971009e-19,1.000098041515552,1,2.220446049250313e-16,6.249351289471216e-16,1.379170061317419e-15,1,mpmath_1792,53
lara17_benchmark4,4,Float64,false,taylor,complexschur,16,0,4.312971110095712e-80,1.000098041515698,1,1.727233711018889e-77,4.66901821147598e-77,1.064740179342387e-76,1,mpmath_1792,256
lara17_benchmark4,4,Float64,false,taylor,complexschur,49,0,2.296812455019018e-258,1.000098041515698,1,1.331998346195134e-256,2.979199834592214e-256,7.84753704486569e-256,1,mpmath_1792,851
lara17_benchmark4,4,Float64,false,taylor,realschur,4,0,2.168404344971009e-19,1.000098041515552,1,2.220446049250313e-16,6.249351289471216e-16,1.379170061317419e-15,1,mpmath_1792,53
lara17_benchmark4,4,Float64,false,taylor,realschur,16,0,4.312971110095712e-80,1.000098041515698,1,1.727233711018889e-77,4.66901821147598e-77,1.064740179342387e-76,1,mpmath_1792,256
lara17_benchmark4,4,Float64,false,taylor,realschur,49,0,2.296812455019018e-258,1.000098041515698,1,1.331998346195134e-256,2.979199834592214e-256,7.84753704486569e-256,1,mpmath_1792,851
lara17_benchmark5,12,Float64,false,diagonalcheap,transfree,3,0,2.168404344971009e-19,1,1.0000790773806758,2.220446049250313e-16,3.222909188404655e-17,4.917395647307619e-17,1,mpmath_1792,53
lara17_benchmark5,12,Float64,false,diagonalcheap,transfree,9,0,6.832375863358178e-84,1,1.0000790782426707,1.727233711018889e-77,2.054965808116754e-78,4.153259898129765e-78,1,mpmath_1792,256
lara17_benchmark5,12,Float64,false,diagonalcheap,transfree,31,0,0,1,1.0000790785017402,1.331998346195134e-256,2.231562070891107e-257,3.325713043746048e-257,1,mpmath_1792,851
lara17_benchmark5,12,Float64,false,diagonalcheap,complexschur,3,0,2.168884107218843e-19,1.000332690175243,1.000467651019539,2.220446049250313e-16,1.346757446051236e-15,5.549308126504048e-15,1,mpmath_1792,53
lara17_benchmark5,12,Float64,false,diagonalcheap,complexschur,9,0,2.434385731081132e-85,1.000442474541676,1.00046765777809,1.727233711018889e-77,1.296918160849667e-76,4.87337630905021e-76,1,mpmath_1792,256
lara17_benchmark5,12,Float64,false,diagonalcheap,complexschur,31,0,0,1.000332690175306,1.000467659809356,1.331998346195134e-256,1.152348383424909e-255,4.159057871777908e-255,1,mpmath_1792,851
lara17_benchmark5,12,Float64,false,diagonalcheap,realschur,3,0,2.168876880243749e-19,1.000332417623002,1.000464317344507,2.220446049250313e-16,1.327435102912011e-15,5.327263521579017e-15,1,mpmath_1792,53
lara17_benchmark5,12,Float64,false,diagonalcheap,realschur,9,0,2.434377619361027e-85,1.000435809125159,1.0004643240773086,1.727233711018889e-77,1.293692599851008e-76,4.840990676968606e-76,1,mpmath_1792,256
lara17_benchmark5,12,Float64,false,diagonalcheap,realschur,31,0,0,1.000332417623064,1.0004643261008384,1.331998346195134e-256,1.143433161886409e-255,4.041974283980584e-255,1,mpmath_1792,851
lara17_benchmark5,12,Float64,false,taylor,transfree,4,0,1.517883041479706e-18,1,1,2.220446049250313e-16,3.222917981629412e-17,4.916933037536542e-17,1,mpmath_1792,53
lara17_benchmark5,12,Float64,false,taylor,transfree,20,0,1.305588748013009e-88,1,1,1.727233711018889e-77,2.054965602294189e-78,4.153255976653882e-78,1,mpmath_1792,256
lara17_benchmark5,12,Float64,false,taylor,transfree,56,0,1.096746153864123e-263,1,1,1.331998346195134e-256,2.23156187550307e-257,3.325306550109683e-257,1,mpmath_1792,851
lara17_benchmark5,12,Float64,false,taylor,complexschur,4,0,4.336808689942018e-19,1.000442474531402,1,2.220446049250313e-16,1.346757446051236e-15,5.549308126504048e-15,1,mpmath_1792,53
lara17_benchmark5,12,Float64,false,taylor,complexschur,20,0,6.826708100179651e-90,1.000442474541678,1,1.727233711018889e-77,1.296918160849667e-76,4.87337630905021e-76,1,mpmath_1792,256
lara17_benchmark5,12,Float64,false,taylor,complexschur,56,0,7.354409715441959e-266,1.000442474541678,1,1.331998346195134e-256,1.152348383424909e-255,4.159057871777908e-255,1,mpmath_1792,851
lara17_benchmark5,12,Float64,false,taylor,realschur,4,0,4.336808689942018e-19,1.000435809114933,1,2.220446049250313e-16,1.327435102912011e-15,5.327263521579017e-15,1,mpmath_1792,53
lara17_benchmark5,12,Float64,false,taylor,realschur,20,0,6.826708100179651e-90,1.000435809125161,1,1.727233711018889e-77,1.293692599851008e-76,4.840990676968606e-76,1,mpmath_1792,256
lara17_benchmark5,12,Float64,false,taylor,realschur,56,0,7.354409715441959e-266,1.000435809125161,1,1.331998346195134e-256,1.143433161886409e-255,4.041974283980584e-255,1,mpmath_1792,851
lara17_benchmark6,8,Float64,false,diagonalcheap,transfree,3,0,0,1,1.0004926907960978,2.220446049250313e-16,3.427940582764028e-17,5.146452800624003e-17,1,mpmath_1792,53
lara17_benchmark6,8,Float64,false,diagonalcheap,transfree,9,0,6.773447864776139e-84,1,1.0004926994231726,1.727233711018889e-77,2.432945983021761e-78,4.307602572635147e-78,1,mpmath_1792,256
lara17_benchmark6,8,Float64,false,diagonalcheap,transfree,31,0,8.900295434028808e-308,1,1.0004927020160095,1.331998346195134e-256,1.623938831998451e-257,2.471520345914465e-257,1,mpmath_1792,851
lara17_benchmark6,8,Float64,false,diagonalcheap,complexschur,3,0,4.337561179340274e-19,1.000346998338201,1.0004199002160503,2.220446049250313e-16,4.629954078616661e-16,1.083714974579646e-15,1,mpmath_1792,53
lara17_benchmark6,8,Float64,false,diagonalcheap,complexschur,9,0,2.434269541138624e-85,1.000346998338201,1.000419906808244,1.727233711018889e-77,5.24312254811701e-77,1.653135599889765e-76,1,mpmath_1792,256
lara17_benchmark6,8,Float64,false,diagonalcheap,complexschur,31,0,2.670551931283875e-307,1.000346998338201,1.0004199087895047,1.331998346195134e-256,4.268059743412789e-256,1.23048216337099e-255,1,mpmath_1792,851
lara17_benchmark6,8,Float64,false,diagonalcheap,realschur,3,0,4.337561179340274e-19,1.000346998338201,1.0004199002160503,2.220446049250313e-16,4.629954078616661e-16,1.083714974579646e-15,1,mpmath_1792,53
lara17_benchmark6,8,Float64,false,diagonalcheap,realschur,9,0,2.434269541138624e-85,1.000346998338201,1.000419906808244,1.727233711018889e-77,5.24312254811701e-77,1.653135599889765e-76,1,mpmath_1792,256
lara17_benchmark6,8,Float64,false,diagonalcheap,realschur,31,0,2.670551931283875e-307,1.000346998338201,1.0004199087895047,1.331998346195134e-256,4.268059743412789e-256,1.23048216337099e-255,1,mpmath_1792,851
lara17_benchmark6,8,Float64,false,taylor,transfree,4,0,1.517883041479706e-18,1,1,2.220446049250313e-16,3.427953288320311e-17,5.146452800624003e-17,1,mpmath_1792,53
lara17_benchmark6,8,Float64,false,taylor,transfree,20,0,1.294313173959904e-88,1,1,1.727233711018889e-77,2.432944895863656e-78,4.303031275407582e-78,1,mpmath_1792,256
lara17_benchmark6,8,Float64,false,taylor,transfree,56,0,1.079673532186531e-263,1,1,1.331998346195134e-256,1.623937812933019e-257,2.471494939746126e-257,1,mpmath_1792,851
lara17_benchmark6,8,Float64,false,taylor,complexschur,4,0,4.336808689942018e-19,1.000346998328182,1,2.220446049250313e-16,4.629954078616655e-16,1.083714974579646e-15,1,mpmath_1792,53
lara17_benchmark6,8,Float64,false,taylor,complexschur,20,0,6.826708100179651e-90,1.000346998338202,1,1.727233711018889e-77,5.24312254811701e-77,1.653135607256806e-76,1,mpmath_1792,256
lara17_benchmark6,8,Float64,false,taylor,complexschur,56,0,7.354409715443804e-266,1.000346998338202,1,1.331998346195134e-256,4.26805974341279e-256,1.230482162798029e-255,1,mpmath_1792,851
lara17_benchmark6,8,Float64,false,taylor,realschur,4,0,4.336808689942018e-19,1.000346998328182,1,2.220446049250313e-16,4.629954078616655e-16,1.083714974579646e-15,1,mpmath_1792,53
lara17_benchmark6,8,Float64,false,taylor,realschur,20,0,6.826708100179651e-90,1.000346998338202,1,1.727233711018889e-77,5.24312254811701e-77,1.653135607256806e-76,1,mpmath_1792,256
lara17_benchmark6,8,Float64,false,taylor,realschur,56,0,7.354409715443804e-266,1.000346998338202,1,1.331998346195134e-256,4.26805974341279e-256,1.230482162798029e-255,1,mpmath_1792,851
cauchy_10,10,Rational{Int64},true,diagonalcheap,transfree,0,0,NaN,NaN,NaN,2.220446049250313e-16,4.449175672038462e-16,3.598885752012445e-15,5.238622722076758,mpmath_1792,53
cauchy_10,10,Rational{Int64},true,diagonalcheap,transfree,0,0,NaN,NaN,NaN,1.727233711018889e-77,4.155977730494111e-77,2.345852052816973e-76,5.238622722076758,mpmath_1792,256
cauchy_10,10,Rational{Int64},true,diagonalcheap,transfree,0,0,NaN,NaN,NaN,1.331998346195134e-256,3.862303081728751e-256,2.984210282961039e-255,5.238622722076758,mpmath_1792,851
cauchy_10,10,Rational{Int64},true,diagonalcheap,complexschur,9,0,2.089359573859866e-18,3.624305617093814,1.92709406684737,2.220446049250313e-16,2.446131283222686e-15,1.841128571118128e-14,5.238622722076758,mpmath_1792,53
cauchy_10,10,Rational{Int64},true,diagonalcheap,complexschur,31,0,0,3.624305617093809,1.9102399407861523,1.727233711018889e-77,8.064349358509332e-77,5.698318445635019e-76,5.238622722076758,mpmath_1792,256
cauchy_10,10,Rational{Int64},true,diagonalcheap,complexschur,73,0,4.950031253541172e-283,3.624305617093808,1.9064840210360752,1.331998346195134e-256,6.6363593186459e-256,3.82367060162492e-255,5.238622722076758,mpmath_1792,851
cauchy_10,10,Rational{Int64},true,diagonalcheap,realschur,9,0,2.089359573859866e-18,3.624305617093814,1.92709406684737,2.220446049250313e-16,2.446131283222686e-15,1.841128571118128e-14,5.238622722076758,mpmath_1792,53
cauchy_10,10,Rational{Int64},true,diagonalcheap,realschur,31,0,0,3.624305617093809,1.9102399407861523,1.727233711018889e-77,8.064349358509332e-77,5.698318445635019e-76,5.238622722076758,mpmath_1792,256
cauchy_10,10,Rational{Int64},true,diagonalcheap,realschur,73,0,4.950031253541172e-283,3.624305617093808,1.9064840210360752,1.331998346195134e-256,6.6363593186459e-256,3.82367060162492e-255,5.238622722076758,mpmath_1792,851
cauchy_10,10,Rational{Int64},true,taylor,transfree,0,0,NaN,NaN,NaN,2.220446049250313e-16,4.449175672038462e-16,3.598885752012445e-15,5.238622722076758,mpmath_1792,53
cauchy_10,10,Rational{Int64},true,taylor,transfree,0,0,NaN,NaN,NaN,1.727233711018889e-77,4.155977730494111e-77,2.345852052816973e-76,5.238622722076758,mpmath_1792,256
cauchy_10,10,Rational{Int64},true,taylor,transfree,0,0,NaN,NaN,NaN,1.331998346195134e-256,3.862303081728751e-256,2.984210282961039e-255,5.238622722076758,mpmath_1792,851
cauchy_10,10,Rational{Int64},true,taylor,complexschur,20,0,4.336808689942018e-18,3.472540635540454,1,2.220446049250313e-16,2.446131283222686e-15,1.841128571118128e-14,5.238622722076758,mpmath_1792,53
cauchy_10,10,Rational{Int64},true,taylor,complexschur,64,0,1.695750272764351e-84,3.472540635540448,1,1.727233711018889e-77,8.064349358509332e-77,5.698318445635019e-76,5.238622722076758,mpmath_1792,256
cauchy_10,10,Rational{Int64},true,taylor,complexschur,90,5,7.80832345433439e-268,1.041060036454953,1,1.331998346195134e-256,7.82337031745734e-256,2.737701849119403e-255,1.06447978431961,mpmath_1792,851
cauchy_10,10,Rational{Int64},true,taylor,realschur,20,0,4.336808689942018e-18,3.472540635540454,1,2.220446049250313e-16,2.446131283222686e-15,1.841128571118128e-14,5.238622722076758,mpmath_1792,53
cauchy_10,10,Rational{Int64},true,taylor,realschur,64,0,1.695750272764351e-84,3.472540635540448,1,1.727233711018889e-77,8.064349358509332e-77,5.698318445635019e-76,5.238622722076758,mpmath_1792,256
cauchy_10,10,Rational{Int64},true,taylor,realschur,90,5,7.80832345433439e-268,1.041060036454953,1,1.331998346195134e-256,7.82337031745734e-256,2.737701849119403e-255,1.06447978431961,mpmath_1792,851
condex__2_4_6,2,Float64,true,diagonalcheap,transfree,0,0,NaN,NaN,NaN,2.220446049250313e-16,3.66994921123653e-16,9.938297309272531e-16,2.718281828459048,mpmath_1792,53
condex__2_4_6,2,Float64,true,diagonalcheap,transfree,0,0,NaN,NaN,NaN,1.727233711018889e-77,2.372780624928825e-77,6.395773978003468e-77,2.718281828459048,mpmath_1792,256
condex__2_4_6,2,Float64,true,diagonalcheap,transfree,0,0,NaN,NaN,NaN,1.331998346195134e-256,6.369831293098784e-257,1.931445690860739e-256,2.718281828459048,mpmath_1792,851
condex__2_4_6,2,Float64,true,diagonalcheap,complexschur,0,0,NaN,NaN,1,2.220446049250313e-16,8.640732413791565e-16,2.548141965402472e-15,2.718281828459048,mpmath_1792,53
condex__2_4_6,2,Float64,true,diagonalcheap,complexschur,0,0,NaN,NaN,1,1.727233711018889e-77,3.601546682885375e-78,8.337329484350534e-78,2.718281828459048,mpmath_1792,256
condex__2_4_6,2,Float64,true,diagonalcheap,complexschur,0,0,NaN,NaN,1,1.331998346195134e-256,6.560423471956363e-256,1.905017178011181e-255,2.718281828459048,mpmath_1792,851
condex__2_4_6,2,Float64,true,diagonalcheap,realschur,0,0,NaN,NaN,1,2.220446049250313e-16,8.640732413791565e-16,2.548141965402472e-15,2.718281828459048,mpmath_1792,53
condex__2_4_6,2,Float64,true,diagonalcheap,realschur,0,0,NaN,NaN,1,1.727233711018889e-77,3.601546682885375e-78,8.337329484350534e-78,2.718281828459048,mpmath_1792,256
condex__2_4_6,2,Float64,true,diagonalcheap,realschur,0,0,NaN,NaN,1,1.331998346195134e-256,6.560423471956363e-256,1.905017178011181e-255,2.718281828459048,mpmath_1792,851
condex__2_4_6,2,Float64,true,taylor,transfree,0,0,NaN,NaN,NaN,2.220446049250313e-16,3.66994921123653e-16,9.938297309272531e-16,2.718281828459048,mpmath_1792,53
condex__2_4_6,2,Float64,true,taylor,transfree,0,0,NaN,NaN,NaN,1.727233711018889e-77,2.372780624928825e-77,6.395773978003468e-77,2.718281828459048,mpmath_1792,256
condex__2_4_6,2,Float64,true,taylor,transfree,0,0,NaN,NaN,NaN,1.331998346195134e-256,6.369831293098784e-257,1.931445690860739e-256,2.718281828459048,mpmath_1792,851
condex__2_4_6,2,Float64,true,taylor,complexschur,0,0,NaN,NaN,1,2.220446049250313e-16,8.640732413791565e-16,2.548141965402472e-15,2.718281828459048,mpmath_1792,53
condex__2_4_6,2,Float64,true,taylor,complexschur,0,0,NaN,NaN,1,1.727233711018889e-77,3.601546682885375e-78,8.337329484350534e-78,2.718281828459048,mpmath_1792,256
condex__2_4_6,2,Float64,true,taylor,complexschur,0,0,NaN,NaN,1,1.331998346195134e-256,6.560423471956363e-256,1.905017178011181e-255,2.718281828459048,mpmath_1792,851
condex__2_4_6,2,Float64,true,taylor,realschur,0,0,NaN,NaN,1,2.220446049250313e-16,8.640732413791565e-16,2.548141965402472e-15,2.718281828459048,mpmath_1792,53
condex__2_4_6,2,Float64,true,taylor,realschur,0,0,NaN,NaN,1,1.727233711018889e-77,3.601546682885375e-78,8.337329484350534e-78,2.718281828459048,mpmath_1792,256
condex__2_4_6,2,Float64,true,taylor,realschur,0,0,NaN,NaN,1,1.331998346195134e-256,6.560423471956363e-256,1.905017178011181e-255,2.718281828459048,mpmath_1792,851
condex__3_2_100,3,Float64,false,diagonalcheap,transfree,9,0,4.542893542765454e-17,8.181928021308007,4.139317848653797,2.220446049250313e-16,1.033165092296772e-16,8.238013740431465e-16,8.181928021308007,mpmath_1792,53
condex__3_2_100,3,Float64,false,diagonalcheap,transfree,31,0,0,8.181928021308012,4.053131440257576,1.727233711018889e-77,2.902711653767006e-77,2.062145351234047e-76,8.181928021308007,mpmath_1792,256
condex__3_2_100,3,Float64,false,diagonalcheap,transfree,73,0,8.878226572550773e-282,8.181928021308007,4.033941650935665,1.331998346195134e-256,1.215080818932671e-256,8.929562494074797e-256,8.181928021308007,mpmath_1792,851
condex__3_2_100,3,Float64,false,diagonalcheap,complexschur,9,0,4.542893542765454e-17,8.181928021308007,4.139317848653797,2.220446049250313e-16,1.033165092296772e-16,8.238013740431465e-16,8.181928021308007,mpmath_1792,53
condex__3_2_100,3,Float64,false,diagonalcheap,complexschur,31,0,0,8.181928021308012,4.053131440257576,1.727233711018889e-77,2.902711653767006e-77,2.062145351234047e-76,8.181928021308007,mpmath_1792,256
condex__3_2_100,3,Float64,false,diagonalcheap,complexschur,73,0,8.878226572550773e-282,8.181928021308007,4.033941650935665,1.331998346195134e-256,1.215080818932671e-256,8.929562494074797e-256,8.181928021308007,mpmath_1792,851
condex__3_2_100,3,Float64,false,diagonalcheap,realschur,9,0,4.542893542765454e-17,8.181928021308007,4.139317848653797,2.220446049250313e-16,1.033165092296772e-16,8.238013740431465e-16,8.181928021308007,mpmath_1792,53
condex__3_2_100,3,Float64,false,diagonalcheap,realschur,31,0,0,8.181928021308012,4.053131440257576,1.727233711018889e-77,2.902711653767006e-77,2.062145351234047e-76,8.181928021308007,mpmath_1792,256
condex__3_2_100,3,Float64,false,diagonalcheap,realschur,73,0,8.878226572550773e-282,8.181928021308007,4.033941650935665,1.331998346195134e-256,1.215080818932671e-256,8.929562494074797e-256,8.181928021308007,mpmath_1792,851
condex__3_2_100,3,Float64,false,taylor,transfree,20,0,5.100087019371813e-16,7.691583166666666,1,2.220446049250313e-16,4.557670589996973e-17,3.560795517667264e-16,8.181928021308007,mpmath_1792,53
condex__3_2_100,3,Float64,false,taylor,transfree,64,0,1.279291571381209e-81,7.691583166666667,1,1.727233711018889e-77,4.79918928285399e-78,3.673930738274957e-77,8.181928021308007,mpmath_1792,256
condex__3_2_100,3,Float64,false,taylor,transfree,90,5,8.940775774342878e-266,1.096549740420075,1,1.331998346195134e-256,4.467369382716698e-257,6.764818751639781e-257,1.096549740420075,mpmath_1792,851
condex__3_2_100,3,Float64,false,taylor,complexschur,20,0,5.100087019371813e-16,7.691583166666666,1,2.220446049250313e-16,4.557670589996973e-17,3.560795517667264e-16,8.181928021308007,mpmath_1792,53
condex__3_2_100,3,Float64,false,taylor,complexschur,64,0,1.279291571381209e-81,7.691583166666667,1,1.727233711018889e-77,4.79918928285399e-78,3.673930738274957e-77,8.181928021308007,mpmath_1792,256
condex__3_2_100,3,Float64,false,taylor,complexschur,90,5,8.940775774342878e-266,1.096549740420075,1,1.331998346195134e-256,4.467369382716698e-257,6.764818751639781e-257,1.096549740420075,mpmath_1792,851
condex__3_2_100,3,Float64,false,taylor,realschur,20,0,5.100087019371813e-16,7.691583166666666,1,2.220446049250313e-16,4.557670589996973e-17,3.560795517667264e-16,8.181928021308007,mpmath_1792,53
condex__3_2_100,3,Float64,false,taylor,realschur,64,0,1.279291571381209e-81,7.691583166666667,1,1.727233711018889e-77,4.79918928285399e-78,3.673930738274957e-77,8.181928021308007,mpmath_1792,256
condex__3_2_100,3,Float64,false,taylor,realschur,90,5,8.940775774342878e-266,1.096549740420075,1,1.331998346195134e-256,4.467369382716698e-257,6.764818751639781e-257,1.096549740420075,mpmath_1792,851
condex__10_3_100,10,Float64,false,diagonalcheap,transfree,13,0,3.676614855540493e-18,9.479535952822365,30.78404967381539,2.220446049250313e-16,2.412649516858711e-16,4.163417499957577e-15,9.902911643581508,mpmath_1792,53
condex__10_3_100,10,Float64,false,diagonalcheap,transfree,31,0,2.995795933520102e-87,6.795704571147617,31.086238883634227,1.727233711018889e-77,3.444362050004173e-77,5.39547961207058e-76,9.902911643581508,mpmath_1792,256
condex__10_3_100,10,Float64,false,diagonalcheap,transfree,73,0,1.65910721893016e-263,9.479535952822367,31.20804808354704,1.331998346195134e-256,3.062941558097872e-256,4.52472677575595e-255,9.902911643581508,mpmath_1792,851
condex__10_3_100,10,Float64,false,diagonalcheap,complexschur,13,0,7.353229711080984e-18,9.479535952822363,30.78404967381538,2.220446049250313e-16,2.412649516858711e-16,4.163417499957577e-15,9.902911643581508,mpmath_1792,53
condex__10_3_100,10,Float64,false,diagonalcheap,complexschur,31,0,2.995795933520102e-87,6.795704571147617,31.08623888363423,1.727233711018889e-77,2.407879043115966e-77,3.922864220869501e-76,9.902911643581508,mpmath_1792,256
condex__10_3_100,10,Float64,false,diagonalcheap,complexschur,73,0,1.659107218930159e-263,6.795704571147613,31.208048083547034,1.331998346195134e-256,2.053215476713435e-256,2.823408000130194e-255,9.902911643581508,mpmath_1792,851
condex__10_3_100,10,Float64,false,diagonalcheap,realschur,13,0,3.676614855540492e-18,9.479535952822365,30.78404967381538,2.220446049250313e-16,2.412649516858711e-16,4.163417499957577e-15,9.902911643581508,mpmath_1792,53
condex__10_3_100,10,Float64,false,diagonalcheap,realschur,31,0,2.995795933520102e-87,6.795704571147616,31.086238883634227,1.727233711018889e-77,2.407879043115966e-77,3.922864220869501e-76,9.902911643581508,mpmath_1792,256
condex__10_3_100,10,Float64,false,diagonalcheap,realschur,73,0,1.659107218930159e-263,6.795704571147613,31.20804808354703,1.331998346195134e-256,2.053215476713435e-256,2.823408000130194e-255,9.902911643581508,mpmath_1792,851
condex__10_3_100,10,Float64,false,taylor,transfree,25,0,3.469446951953614e-18,11.5,1,2.220446049250313e-16,7.65211312853405e-17,1.177936684422563e-15,9.902911643581508,mpmath_1792,53
condex__10_3_100,10,Float64,false,taylor,transfree,72,0,4.858560484439318e-87,11.5,1,1.727233711018889e-77,3.577131171345838e-78,6.464250756643186e-77,9.902911643581508,mpmath_1792,256
condex__10_3_100,10,Float64,false,taylor,transfree,90,6,3.962469442713192e-281,1.154177424978618,1,1.331998346195134e-256,4.372744234009371e-257,4.67287172360691e-257,1.154177424978618,mpmath_1792,851
condex__10_3_100,10,Float64,false,taylor,complexschur,25,0,0,11.5,1,2.220446049250313e-16,7.450898597470432e-17,1.115102611684356e-15,9.902911643581508,mpmath_1792,53
condex__10_3_100,10,Float64,false,taylor,complexschur,72,0,7.354558375035789e-87,11.5,1,1.727233711018889e-77,3.577131171345838e-78,6.464250756643186e-77,9.902911643581508,mpmath_1792,256
condex__10_3_100,10,Float64,false,taylor,complexschur,90,6,3.962469442713192e-281,1.154177424978618,1,1.331998346195134e-256,4.372744234009371e-257,4.67287172360691e-257,1.154177424978618,mpmath_1792,851
condex__10_3_100,10,Float64,false,taylor,realschur,25,0,0,11.5,1,2.220446049250313e-16,7.450898597470432e-17,1.115102611684356e-15,9.902911643581508,mpmath_1792,53
condex__10_3_100,10,Float64,false,taylor,realschur,72,0,4.858560484439318e-87,11.5,1,1.727233711018889e-77,3.577131171345838e-78,6.464250756643186e-77,9.902911643581508,mpmath_1792,256
condex__10_3_100,10,Float64,false,taylor,realschur,90,6,3.962469442713192e-281,1.154177424978618,1,1.331998346195134e-256,4.372744234009371e-257,4.67287172360691e-257,1.154177424978618,mpmath_1792,851
condex__10_4_100,10,Float64,false,diagonalcheap,transfree,13,5,3.589275234333624e-18,15.8666005489902,12.864953413191364,2.220446049250313e-16,4.159252808694079e-16,5.827180551207792e-16,1.031743407499104,mpmath_1792,53
condex__10_4_100,10,Float64,false,diagonalcheap,transfree,43,4,7.026737359122076e-89,251.7490129812159,144.155065582695,1.727233711018889e-77,4.782361682014651e-77,4.799325233275004e-77,1.064494458917861,mpmath_1792,256
condex__10_4_100,10,Float64,false,diagonalcheap,transfree,91,5,5.702404131836051e-306,15.8666005489902,12.88923985945776,1.331998346195134e-256,2.992389847639428e-256,3.67135076523101e-256,1.031743407499104,mpmath_1792,851
condex__10_4_100,10,Float64,false,diagonalcheap,complexschur,13,5,1.435710093733448e-17,15.86660054899018,9.090080817474968,2.220446049250313e-16,1.027158807306914e-15,1.540868564300168e-15,1.031743407499104,mpmath_1792,53
condex__10_4_100,10,Float64,false,diagonalcheap,complexschur,43,4,7.026737359121853e-89,251.7490129812081,80.92553273562261,1.727233711018889e-77,1.243261196034744e-76,1.67390083378497e-76,1.064494458917861,mpmath_1792,256
condex__10_4_100,10,Float64,false,diagonalcheap,complexschur,91,5,5.702404131836044e-306,15.86660054899019,8.893639760101234,1.331998346195134e-256,1.161464035207705e-255,1.771704883171544e-255,1.031743407499104,mpmath_1792,851
condex__10_4_100,10,Float64,false,diagonalcheap,realschur,13,5,1.435710093733448e-17,15.86660054899018,9.090080817474968,2.220446049250313e-16,1.020394673601249e-15,1.526990776492353e-15,1.031743407499104,mpmath_1792,53
condex__10_4_100,10,Float64,false,diagonalcheap,realschur,43,4,7.026737359121853e-89,251.7490129812081,80.92553273562261,1.727233711018889e-77,1.235760787104457e-76,1.663105623091102e-76,1.064494458917861,mpmath_1792,256
condex__10_4_100,10,Float64,false,diagonalcheap,realschur,91,5,5.702404131836044e-306,15.86660054899019,8.893639760101234,1.331998346195134e-256,1.163862067244588e-255,1.788354862498984e-255,1.031743407499104,mpmath_1792,851
condex__10_4_100,10,Float64,false,taylor,transfree,36,4,2.498001805406602e-16,131.9295028769019,1,2.220446049250313e-16,1.388138419488441e-16,1.749104659780399e-16,1.064494458917861,mpmath_1792,53
condex__10_4_100,10,Float64,false,taylor,transfree,90,5,0,15.86427184813314,1,1.727233711018889e-77,6.591129241918371e-78,8.094910418096079e-78,1.031743407499104,mpmath_1792,256
condex__10_4_100,10,Float64,false,taylor,transfree,90,11,4.896698261360683e-265,1.044137180498335,1,1.331998346195134e-256,3.300252421042496e-257,6.274314881819214e-257,1.000488400478694,mpmath_1792,851
condex__10_4_100,10,Float64,false,taylor,complexschur,36,4,2.775557561562891e-16,131.9295028769017,1,2.220446049250313e-16,7.757526423433619e-16,1.283617758470921e-15,1.064494458917861,mpmath_1792,53
condex__10_4_100,10,Float64,false,taylor,complexschur,90,5,0,15.86427184813314,1,1.727233711018889e-77,1.344081820088992e-76,1.763921495119411e-76,1.031743407499104,mpmath_1792,256
condex__10_4_100,10,Float64,false,taylor,complexschur,90,11,4.896698261360683e-265,1.047143548830993,1,1.331998346195134e-256,9.730545086277812e-256,3.222263739925157e-255,1.000488400478694,mpmath_1792,851
condex__10_4_100,10,Float64,false,taylor,realschur,36,4,2.775557561562891e-16,131.9295028769017,1,2.220446049250313e-16,7.756730320163237e-16,1.297495546278735e-15,1.064494458917861,mpmath_1792,53
condex__10_4_100,10,Float64,false,taylor,realschur,90,5,0,15.86427184813314,1,1.727233711018889e-77,1.34941797256582e-76,1.82869275928262e-76,1.031743407499104,mpmath_1792,256
condex__10_4_100,10,Float64,false,taylor,realschur,90,11,4.896698261360683e-265,1.046118476039604,1,1.331998346195134e-256,9.44545236206542e-256,3.16190756486319e-255,1.000488400478694,mpmath_1792,851
dorr_10_100.0,10,Float64,false,diagonalcheap,transfree,13,13,1.982211817041104e-17,19.02464210323192,19.163494702508544,2.220446049250313e-16,4.663721777994096e-16,2.111464941718482e-13,365.089244776454,mpmath_1792,53
dorr_10_100.0,10,Float64,false,diagonalcheap,transfree,43,12,1.12907039936964e-88,345.7321266692082,362.04156351716637,1.727233711018889e-77,4.997689688239907e-76,6.367548786270558e-71,127322.4025508512,mpmath_1792,256
dorr_10_100.0,10,Float64,false,diagonalcheap,transfree,91,13,5.487020945719152e-305,19.02464210323188,19.16457308884278,1.331998346195134e-256,4.784678172352678e-256,2.412218734501746e-253,365.089244776454,mpmath_1792,851
dorr_10_100.0,10,Float64,false,diagonalcheap,complexschur,13,13,7.450523569683687e-18,17.02415960147361,17.025690906607412,2.220446049250313e-16,2.847018260688055e-15,1.397516386232116e-12,365.089244776454,mpmath_1792,53
dorr_10_100.0,10,Float64,false,diagonalcheap,complexschur,43,12,5.256941412774749e-89,289.8096026581548,289.86693455556735,1.727233711018889e-77,1.14772678111581e-75,1.625930817606469e-70,127322.4025508512,mpmath_1792,256
dorr_10_100.0,10,Float64,false,diagonalcheap,complexschur,91,13,4.431335583575486e-306,17.02415960147362,17.025770746160923,1.331998346195134e-256,2.864550185852464e-255,1.458352817240836e-252,365.089244776454,mpmath_1792,851
dorr_10_100.0,10,Float64,false,diagonalcheap,realschur,13,13,7.450523569683687e-18,17.02415960147362,17.025690906607412,2.220446049250313e-16,2.847018260688055e-15,1.397516386232116e-12,365.089244776454,mpmath_1792,53
dorr_10_100.0,10,Float64,false,diagonalcheap,realschur,43,12,5.256941412774749e-89,289.8096026581548,289.86693455556735,1.727233711018889e-77,1.14772678111581e-75,1.625930817606469e-70,127322.4025508512,mpmath_1792,256
dorr_10_100.0,10,Float64,false,diagonalcheap,realschur,91,13,4.431335583575486e-306,17.02415960147362,17.025770746160923,1.331998346195134e-256,2.864550185852464e-255,1.458352817240836e-252,365.089244776454,mpmath_1792,851
dorr_10_100.0,10,Float64,false,taylor,transfree,56,11,1.4210854715202e-14,6634.733178706223,1,2.220446049250313e-16,1.87264738877854e-16,2.734831410877412e-06,14143411710.22934,mpmath_1792,53
dorr_10_100.0,10,Float64,false,taylor,transfree,90,13,1.227273366324432e-91,19.02079321735294,1,1.727233711018889e-77,7.023699985443683e-78,2.769722234314099e-75,365.089244776454,mpmath_1792,256
dorr_10_100.0,10,Float64,false,taylor,transfree,90,19,3.646106620065423e-263,1.047244607066539,1,1.331998346195134e-256,8.66830350463772e-257,1.83625857506369e-256,1.096721348261999,mpmath_1792,851
dorr_10_100.0,10,Float64,false,taylor,complexschur,36,12,4.996003610813204e-16,144.9528871252308,1,2.220446049250313e-16,5.400204775922734e-15,8.222170453880115e-10,127322.4025508512,mpmath_1792,53
dorr_10_100.0,10,Float64,false,taylor,complexschur,90,13,0,17.02106661466256,1,1.727233711018889e-77,6.136304742015511e-76,2.841755926979938e-73,365.089244776454,mpmath_1792,256
dorr_10_100.0,10,Float64,false,taylor,complexschur,90,19,4.856560416693492e-264,1.045288304899003,1,1.331998346195134e-256,8.02207382606056e-256,2.548186965450648e-255,1.096721348261999,mpmath_1792,851
dorr_10_100.0,10,Float64,false,taylor,realschur,36,12,4.996003610813204e-16,144.9528871252308,1,2.220446049250313e-16,5.400204775922734e-15,8.222170453880115e-10,127322.4025508512,mpmath_1792,53
dorr_10_100.0,10,Float64,false,taylor,realschur,90,13,0,17.02106661466256,1,1.727233711018889e-77,6.136304742015511e-76,2.841755926979938e-73,365.089244776454,mpmath_1792,256
dorr_10_100.0,10,Float64,false,taylor,realschur,90,19,4.856560416693492e-264,1.045288304899003,1,1.331998346195134e-256,8.02207382606056e-256,2.548186965450648e-255,1.096721348261999,mpmath_1792,851
dramadah_10_2,10,Int64,false,diagonalcheap,transfree,13,0,5.487289433807065e-17,41.16748238563355,28.516936436403064,2.220446049250313e-16,1.578285667563257e-16,6.225005133066028e-15,41.16748238563359,mpmath_1792,53
dramadah_10_2,10,Int64,false,diagonalcheap,transfree,37,0,2.682606544829245e-91,41.1674823856336,27.619834039276334,1.727233711018889e-77,1.048183243999945e-77,3.842929369344266e-76,41.16748238563359,mpmath_1792,256
dramadah_10_2,10,Int64,false,diagonalcheap,transfree,81,0,3.12893857730566e-277,41.16748238563362,27.367033098085926,1.331998346195134e-256,2.069494409292174e-256,8.163767113693836e-255,41.16748238563359,mpmath_1792,851
dramadah_10_2,10,Int64,false,diagonalcheap,complexschur,13,0,5.487289433807065e-17,41.16748238563355,28.516936436403064,2.220446049250313e-16,1.578285667563257e-16,6.225005133066028e-15,41.16748238563359,mpmath_1792,53
dramadah_10_2,10,Int64,false,diagonalcheap,complexschur,37,0,2.682606544829245e-91,41.1674823856336,27.619834039276334,1.727233711018889e-77,1.048183243999945e-77,3.842929369344266e-76,41.16748238563359,mpmath_1792,256
dramadah_10_2,10,Int64,false,diagonalcheap,complexschur,81,0,3.12893857730566e-277,41.16748238563362,27.367033098085926,1.331998346195134e-256,2.069494409292174e-256,8.163767113693836e-255,41.16748238563359,mpmath_1792,851
dramadah_10_2,10,Int64,false,diagonalcheap,realschur,13,0,5.487289433807065e-17,41.16748238563355,28.516936436403064,2.220446049250313e-16,1.578285667563257e-16,6.225005133066028e-15,41.16748238563359,mpmath_1792,53
dramadah_10_2,10,Int64,false,diagonalcheap,realschur,37,0,2.682606544829245e-91,41.1674823856336,27.619834039276334,1.727233711018889e-77,1.048183243999945e-77,3.842929369344266e-76,41.16748238563359,mpmath_1792,256
dramadah_10_2,10,Int64,false,diagonalcheap,realschur,81,0,3.12893857730566e-277,41.16748238563362,27.367033098085926,1.331998346195134e-256,2.069494409292174e-256,8.163767113693836e-255,41.16748238563359,mpmath_1792,851
dramadah_10_2,10,Int64,false,taylor,transfree,30,0,3.469446951953614e-18,28.5,1,2.220446049250313e-16,1.147686683903291e-16,3.997922972731009e-15,41.16748238563359,mpmath_1792,53
dramadah_10_2,10,Int64,false,taylor,transfree,81,0,4.440275039361794e-88,28.5,1,1.727233711018889e-77,5.476050346803216e-78,1.865436760540282e-76,41.16748238563359,mpmath_1792,256
dramadah_10_2,10,Int64,false,taylor,transfree,90,6,1.540802163243127e-267,1.096355878627369,1,1.331998346195134e-256,4.374032286064554e-257,4.719329819824697e-257,1.096355878627369,mpmath_1792,851
dramadah_10_2,10,Int64,false,taylor,complexschur,30,0,3.469446951953614e-18,28.5,1,2.220446049250313e-16,1.147686683903291e-16,3.997922972731009e-15,41.16748238563359,mpmath_1792,53
dramadah_10_2,10,Int64,false,taylor,complexschur,81,0,4.440275039361794e-88,28.5,1,1.727233711018889e-77,5.476050346803216e-78,1.865436760540282e-76,41.16748238563359,mpmath_1792,256
dramadah_10_2,10,Int64,false,taylor,complexschur,90,6,1.540802163243127e-267,1.096355878627369,1,1.331998346195134e-256,4.374032286064554e-257,4.719329819824697e-257,1.096355878627369,mpmath_1792,851
dramadah_10_2,10,Int64,false,taylor,realschur,30,0,3.469446951953614e-18,28.5,1,2.220446049250313e-16,1.147686683903291e-16,3.997922972731009e-15,41.16748238563359,mpmath_1792,53
dramadah_10_2,10,Int64,false,taylor,realschur,81,0,4.440275039361794e-88,28.5,1,1.727233711018889e-77,5.476050346803216e-78,1.865436760540282e-76,41.16748238563359,mpmath_1792,256
dramadah_10_2,10,Int64,false,taylor,realschur,90,6,1.540802163243127e-267,1.096355878627369,1,1.331998346195134e-256,4.374032286064554e-257,4.719329819824697e-257,1.096355878627369,mpmath_1792,851
frank_10,10,Int64,false,diagonalcheap,transfree,13,3,4.579347517759346e-17,40.57609509276203,11.66720524640248,2.220446049250313e-16,4.256444841991583e-16,1.80868282404864e-14,40.57609509276198,mpmath_1792,53
frank_10,10,Int64,false,diagonalcheap,transfree,43,2,6.692968333727003e-82,1101.93917177726,63.4874101384262,1.727233711018889e-77,2.320959151335054e-76,2.407333057335922e-73,1101.939171777303,mpmath_1792,256
frank_10,10,Int64,false,diagonalcheap,transfree,91,3,1.00038787462903e-292,40.576095092762,11.02321112714945,1.331998346195134e-256,1.42481430870845e-256,7.177613741043067e-255,40.57609509276198,mpmath_1792,851
frank_10,10,Int64,false,diagonalcheap,complexschur,13,3,5.458441598625045e-17,36.71259772115952,7.520450497151999,2.220446049250313e-16,1.803471059078253e-15,9.668233095631772e-14,40.57609509276198,mpmath_1792,53
frank_10,10,Int64,false,diagonalcheap,complexschur,43,2,1.593061570626229e-82,975.4463625259141,68.36448722278035,1.727233711018889e-77,1.519500082129523e-75,2.16107285485098e-72,1101.939171777303,mpmath_1792,256
frank_10,10,Int64,false,diagonalcheap,complexschur,91,3,1.586423257015022e-293,36.71259772115944,10.166990084528486,1.331998346195134e-256,2.138277500109319e-255,1.478190208405747e-253,40.57609509276198,mpmath_1792,851
frank_10,10,Int64,false,diagonalcheap,realschur,13,3,5.458441598625045e-17,36.71259772115952,7.520450497151999,2.220446049250313e-16,1.803471059078253e-15,9.668233095631772e-14,40.57609509276198,mpmath_1792,53
frank_10,10,Int64,false,diagonalcheap,realschur,43,2,1.593061570626229e-82,975.4463625259141,68.36448722278037,1.727233711018889e-77,1.519500082129523e-75,2.16107285485098e-72,1101.939171777303,mpmath_1792,256
frank_10,10,Int64,false,diagonalcheap,realschur,91,3,1.586423257015022e-293,36.71259772115944,10.166990084528488,1.331998346195134e-256,2.138277500109319e-255,1.478190208405747e-253,40.57609509276198,mpmath_1792,851
frank_10,10,Int64,false,taylor,transfree,30,3,2.081668171172169e-17,30.66432698567708,1,2.220446049250313e-16,8.095861829105507e-17,2.834394437442978e-15,40.57609509276198,mpmath_1792,53
frank_10,10,Int64,false,taylor,transfree,81,3,1.93324701798043e-79,30.66432698567708,1,1.727233711018889e-77,6.675434038265784e-78,3.333072591269652e-76,40.57609509276198,mpmath_1792,256
frank_10,10,Int64,false,taylor,transfree,90,9,9.966316950743724e-257,1.070379191993526,1,1.331998346195134e-256,4.307251103573797e-257,6.207120972698123e-257,1.070379191993526,mpmath_1792,851
frank_10,10,Int64,false,taylor,complexschur,30,3,0,27.91221271967624,1,2.220446049250313e-16,1.863525633433765e-15,1.067298845207474e-13,40.57609509276198,mpmath_1792,53
frank_10,10,Int64,false,taylor,complexschur,81,3,5.769970749252504e-80,27.91221271967623,1,1.727233711018889e-77,2.689535467621089e-76,1.53640157220674e-74,40.57609509276198,mpmath_1792,256
frank_10,10,Int64,false,taylor,complexschur,90,9,2.964284809394224e-257,1.066073525324286,1,1.331998346195134e-256,9.311757591381881e-256,2.713326056139449e-255,1.070379191993526,mpmath_1792,851
frank_10,10,Int64,false,taylor,realschur,30,3,0,27.91221271967624,1,2.220446049250313e-16,1.863525633433765e-15,1.067298845207474e-13,40.57609509276198,mpmath_1792,53
frank_10,10,Int64,false,taylor,realschur,81,3,5.769970749252504e-80,27.91221271967623,1,1.727233711018889e-77,2.689535467621089e-76,1.53640157220674e-74,40.57609509276198,mpmath_1792,256
frank_10,10,Int64,false,taylor,realschur,90,9,2.964284809394224e-257,1.066073525324286,1,1.331998346195134e-256,9.311757591381881e-256,2.713326056139449e-255,1.070379191993526,mpmath_1792,851
gcdmat_10,10,Int64,true,diagonalcheap,transfree,0,0,NaN,NaN,NaN,2.220446049250313e-16,1.188639232438971e-15,1.051535717486005e-06,978252855.0300817,mpmath_1792,53
gcdmat_10,10,Int64,true,diagonalcheap,transfree,0,0,NaN,NaN,NaN,1.727233711018889e-77,1.826859645448771e-76,2.19665190447582e-67,978252855.0300817,mpmath_1792,256
gcdmat_10,10,Int64,true,diagonalcheap,transfree,0,0,NaN,NaN,NaN,1.331998346195134e-256,1.054336772118738e-254,1.044963666372362e-245,978252855.0300817,mpmath_1792,851
gcdmat_10,10,Int64,true,diagonalcheap,complexschur,13,2,2.143026332393754e-14,160.4201807247613,14.068015486409234,2.220446049250313e-16,5.638709968757725e-15,1.479346722713556e-12,233.6186853432809,mpmath_1792,53
gcdmat_10,10,Int64,true,diagonalcheap,complexschur,37,2,3.400546367006097e-76,160.4201807247608,12.933556220583652,1.727233711018889e-77,3.653067010235764e-76,8.97840108913111e-74,233.6186853432809,mpmath_1792,256
gcdmat_10,10,Int64,true,diagonalcheap,complexschur,91,2,5.214299005625275e-259,160.4201807247582,12.597633186841048,1.331998346195134e-256,9.211461112268701e-256,2.374103443022476e-253,233.6186853432809,mpmath_1792,851
gcdmat_10,10,Int64,true,diagonalcheap,realschur,13,2,2.143026332393754e-14,160.4201807247613,14.068015486409234,2.220446049250313e-16,5.638709968757725e-15,1.479346722713556e-12,233.6186853432809,mpmath_1792,53
gcdmat_10,10,Int64,true,diagonalcheap,realschur,37,2,3.400546367006097e-76,160.4201807247608,12.933556220583652,1.727233711018889e-77,3.653067010235764e-76,8.97840108913111e-74,233.6186853432809,mpmath_1792,256
gcdmat_10,10,Int64,true,diagonalcheap,realschur,91,2,5.214299005625275e-259,160.4201807247582,12.597633186841048,1.331998346195134e-256,9.211461112268701e-256,2.374103443022476e-253,233.6186853432809,mpmath_1792,851
gcdmat_10,10,Int64,true,taylor,transfree,0,0,NaN,NaN,NaN,2.220446049250313e-16,1.188639232438971e-15,1.051535717486005e-06,978252855.0300817,mpmath_1792,53
gcdmat_10,10,Int64,true,taylor,transfree,0,0,NaN,NaN,NaN,1.727233711018889e-77,1.826859645448771e-76,2.19665190447582e-67,978252855.0300817,mpmath_1792,256
gcdmat_10,10,Int64,true,taylor,transfree,0,0,NaN,NaN,NaN,1.331998346195134e-256,1.054336772118738e-254,1.044963666372362e-245,978252855.0300817,mpmath_1792,851
gcdmat_10,10,Int64,true,taylor,complexschur,36,2,8.326672684688674e-17,68.49145187530257,1,2.220446049250313e-16,5.638709968757725e-15,1.479346722713556e-12,233.6186853432809,mpmath_1792,53
gcdmat_10,10,Int64,true,taylor,complexschur,90,2,1.288592518752523e-76,68.49145187530236,1,1.727233711018889e-77,3.653067010235764e-76,8.97840108913111e-74,233.6186853432809,mpmath_1792,256
gcdmat_10,10,Int64,true,taylor,complexschur,90,9,2.135769940618406e-268,1.04046766001904,1,1.331998346195134e-256,8.794381534642424e-256,3.17409195527423e-255,1.05386349009596,mpmath_1792,851
gcdmat_10,10,Int64,true,taylor,realschur,36,2,8.326672684688674e-17,68.49145187530257,1,2.220446049250313e-16,5.638709968757725e-15,1.479346722713556e-12,233.6186853432809,mpmath_1792,53
gcdmat_10,10,Int64,true,taylor,realschur,90,2,1.288592518752523e-76,68.49145187530236,1,1.727233711018889e-77,3.653067010235764e-76,8.97840108913111e-74,233.6186853432809,mpmath_1792,256
gcdmat_10,10,Int64,true,taylor,realschur,90,9,2.135769940618406e-268,1.04046766001904,1,1.331998346195134e-256,8.794381534642424e-256,3.17409195527423e-255,1.05386349009596,mpmath_1792,851
grcar_10,10,Int64,false,diagonalcheap,transfree,13,0,5.188169960167637e-18,23.31589524986434,11.735261662675788,2.220446049250313e-16,2.457722141445872e-16,4.899169167298503e-15,23.31589524986434,mpmath_1792,53
grcar_10,10,Int64,false,diagonalcheap,transfree,31,0,1.148810616158177e-76,23.31589524986434,11.319471284249254,1.727233711018889e-77,2.152284039366227e-77,5.120002033928251e-76,23.31589524986434,mpmath_1792,256
grcar_10,10,Int64,false,diagonalcheap,transfree,81,0,1.18903057888587e-274,23.31589524986434,11.143419549170188,1.331998346195134e-256,1.273391601470923e-256,2.42270972365738e-255,23.31589524986434,mpmath_1792,851
grcar_10,10,Int64,false,diagonalcheap,complexschur,13,0,4.9237244557653e-18,20.15606766458666,8.05908294040557,2.220446049250313e-16,2.5566616526788e-15,4.895151232462969e-14,23.31589524986434,mpmath_1792,53
grcar_10,10,Int64,false,diagonalcheap,complexschur,31,0,1.78371606698256e-78,20.07558063689587,7.39351645512161,1.727233711018889e-77,2.357728125541713e-76,4.989320578781819e-75,23.31589524986434,mpmath_1792,256
grcar_10,10,Int64,false,diagonalcheap,complexschur,81,0,1.508425113040522e-278,20.11692545078305,5.815807355257554,1.331998346195134e-256,2.110936322589159e-255,4.115491604453984e-254,23.31589524986434,mpmath_1792,851
grcar_10,10,Int64,false,diagonalcheap,realschur,13,0,2.639074175947578e-17,23.33252676906935,9.615851768650936,2.220446049250313e-16,2.436251463009023e-15,4.581513228006362e-14,23.31589524986434,mpmath_1792,53
grcar_10,10,Int64,false,diagonalcheap,realschur,31,0,7.914188524994007e-78,23.33252676906934,9.401435429300182,1.727233711018889e-77,2.197233002530857e-76,4.771257322765684e-75,23.31589524986434,mpmath_1792,256
grcar_10,10,Int64,false,diagonalcheap,realschur,81,0,3.858517139510689e-277,23.33252676906935,7.887003621036275,1.331998346195134e-256,2.239365588459308e-255,4.461164342844777e-254,23.31589524986434,mpmath_1792,851
grcar_10,10,Int64,false,taylor,transfree,30,0,6.938893903907228e-18,18,1,2.220446049250313e-16,6.755604078022991e-17,1.086522319940148e-15,23.31589524986434,mpmath_1792,53
grcar_10,10,Int64,false,taylor,transfree,81,0,2.83316056615995e-88,18,1,1.727233711018889e-77,4.909011868946996e-78,9.339092861585167e-77,23.31589524986434,mpmath_1792,256
grcar_10,10,Int64,false,taylor,transfree,90,6,3.837092630373136e-268,1.07972721713368,1,1.331998346195134e-256,2.301559299591929e-257,4.157268832212454e-257,1.07972721713368,mpmath_1792,851
grcar_10,10,Int64,false,taylor,complexschur,30,0,1.040834085586084e-17,19.03215229569967,1,2.220446049250313e-16,2.537533404631152e-15,4.964540171502041e-14,23.31589524986434,mpmath_1792,53
grcar_10,10,Int64,false,taylor,complexschur,72,0,3.455344122614595e-77,18.96538925048826,1,1.727233711018889e-77,2.266477874477898e-76,4.89432272467578e-75,23.31589524986434,mpmath_1792,256
grcar_10,10,Int64,false,taylor,complexschur,90,6,6.367446871196776e-270,1.074424929122097,1,1.331998346195134e-256,1.200513394054916e-255,4.444525429239768e-255,1.07972721713368,mpmath_1792,851
grcar_10,10,Int64,false,taylor,realschur,30,0,3.469446951953614e-18,20.85991543753857,1,2.220446049250313e-16,2.409507348963397e-15,4.620371033868243e-14,23.31589524986434,mpmath_1792,53
grcar_10,10,Int64,false,taylor,realschur,64,1,7.434487452450996e-84,6.189151623752461,1,1.727233711018889e-77,1.397288022788022e-76,1.031810189732134e-75,5.739260759588356,mpmath_1792,256
grcar_10,10,Int64,false,taylor,realschur,90,6,2.597369632878838e-269,1.09536289805333,1,1.331998346195134e-256,1.210326946454863e-255,4.553801572282922e-255,1.07972721713368,mpmath_1792,851
hanowa_10,10,Int64,false,diagonalcheap,transfree,17,0,1.442012886446876e-17,0.5188741290196173,2.1112900004929704,2.220446049250313e-16,3.736447239877544e-16,3.00586281662321e-16,0.5188741290196174,mpmath_1792,53
hanowa_10,10,Int64,false,diagonalcheap,transfree,43,0,9.740641215156198e-91,0.5188741290196172,2.0011967031460243,1.727233711018889e-77,3.001396076707013e-77,2.502846667235088e-77,0.5188741290196174,mpmath_1792,256
hanowa_10,10,Int64,false,diagonalcheap,transfree,91,0,2.342173884660065e-258,0.5188741290196173,1.965297143140674,1.331998346195134e-256,1.822882236435442e-256,1.384872510948846e-256,0.5188741290196174,mpmath_1792,851
hanowa_10,10,Int64,false,diagonalcheap,complexschur,0,0,NaN,NaN,1,2.220446049250313e-16,6.241390485402503e-16,4.498186625947744e-16,0.5188741290196174,mpmath_1792,53
hanowa_10,10,Int64,false,diagonalcheap,complexschur,0,0,NaN,NaN,1,1.727233711018889e-77,4.74441645406894e-77,3.501904020148319e-77,0.5188741290196174,mpmath_1792,256
hanowa_10,10,Int64,false,diagonalcheap,complexschur,0,0,NaN,NaN,1,1.331998346195134e-256,1.161964867635811e-256,1.101069953330206e-256,0.5188741290196174,mpmath_1792,851
hanowa_10,10,Int64,false,diagonalcheap,realschur,17,0,1.442012886446876e-17,0.5188741290196173,2.1112900004929704,2.220446049250313e-16,8.075076981897443e-17,6.124060397596957e-17,0.5188741290196174,mpmath_1792,53
hanowa_10,10,Int64,false,diagonalcheap,realschur,43,0,9.740641215156198e-91,0.5188741290196172,2.0011967031460243,1.727233711018889e-77,3.728191210817352e-78,2.580563930582887e-78,0.5188741290196174,mpmath_1792,256
hanowa_10,10,Int64,false,diagonalcheap,realschur,91,0,2.342173884660065e-258,0.5188741290196173,1.965297143140674,1.331998346195134e-256,2.729549089338739e-257,1.665837844997471e-257,0.5188741290196174,mpmath_1792,851
hanowa_10,10,Int64,false,taylor,transfree,30,1,1.734723475976807e-18,2,1,2.220446049250313e-16,2.052464237249379e-16,3.73052388425367e-16,0.848909870045253,mpmath_1792,53
hanowa_10,10,Int64,false,taylor,transfree,81,1,4.295456782135511e-89,2,1,1.727233711018889e-77,1.121898037819358e-77,1.333833822840955e-77,0.848909870045253,mpmath_1792,256
hanowa_10,10,Int64,false,taylor,transfree,90,7,4.762509074102822e-267,1.030209689467612,1,1.331998346195134e-256,2.064708524184246e-257,3.253851756336008e-257,1.030209689467612,mpmath_1792,851
hanowa_10,10,Int64,false,taylor,complexschur,0,0,NaN,NaN,1,2.220446049250313e-16,6.241390485402503e-16,4.498186625947744e-16,0.5188741290196174,mpmath_1792,53
hanowa_10,10,Int64,false,taylor,complexschur,0,0,NaN,NaN,1,1.727233711018889e-77,4.74441645406894e-77,3.501904020148319e-77,0.5188741290196174,mpmath_1792,256
hanowa_10,10,Int64,false,taylor,complexschur,0,0,NaN,NaN,1,1.331998346195134e-256,1.161964867635811e-256,1.101069953330206e-256,0.5188741290196174,mpmath_1792,851
hanowa_10,10,Int64,false,taylor,realschur,30,1,1.734723475976807e-18,2,1,2.220446049250313e-16,8.621598458700605e-17,9.855163894125928e-17,0.848909870045253,mpmath_1792,53
hanowa_10,10,Int64,false,taylor,realschur,81,1,4.295456782135511e-89,2,1,1.727233711018889e-77,9.669214748040494e-78,9.477842840208196e-78,0.848909870045253,mpmath_1792,256
hanowa_10,10,Int64,false,taylor,realschur,90,7,4.762509074102822e-267,1.030209689467612,1,1.331998346195134e-256,2.708237090987519e-257,4.48422790116648e-257,1.030209689467612,mpmath_1792,851
hilbert_10,10,Rational{Int64},true,diagonalcheap,transfree,0,0,NaN,NaN,NaN,2.220446049250313e-16,5.395503342459803e-16,4.923415071313133e-15,9.490802135784818,mpmath_1792,53
hilbert_10,10,Rational{Int64},true,diagonalcheap,transfree,0,0,NaN,NaN,NaN,1.727233711018889e-77,8.319023751167636e-77,9.157187033266194e-76,9.490802135784818,mpmath_1792,256
hilbert_10,10,Rational{Int64},true,diagonalcheap,transfree,0,0,NaN,NaN,NaN,1.331998346195134e-256,2.576315021004718e-256,2.172880840530128e-255,9.490802135784818,mpmath_1792,851
hilbert_10,10,Rational{Int64},true,diagonalcheap,complexschur,9,0,4.047294270933381e-17,5.76566022567973,2.4559013686478584,2.220446049250313e-16,2.874432333044984e-15,3.32013379893864e-14,9.490802135784818,mpmath_1792,53
hilbert_10,10,Rational{Int64},true,diagonalcheap,complexschur,31,0,1.371540782493176e-89,5.765660225679714,2.416326847090508,1.727233711018889e-77,8.550880461239659e-77,9.511190839874793e-76,9.490802135784818,mpmath_1792,256
hilbert_10,10,Rational{Int64},true,diagonalcheap,complexschur,73,0,3.572305405260116e-263,5.76566022567972,2.4075404535172757,1.331998346195134e-256,5.691969367443705e-256,5.017625602079258e-255,9.490802135784818,mpmath_1792,851
hilbert_10,10,Rational{Int64},true,diagonalcheap,realschur,9,0,4.047294270933381e-17,5.76566022567973,2.4559013686478584,2.220446049250313e-16,2.874432333044984e-15,3.32013379893864e-14,9.490802135784818,mpmath_1792,53
hilbert_10,10,Rational{Int64},true,diagonalcheap,realschur,31,0,1.371540782493176e-89,5.765660225679714,2.416326847090508,1.727233711018889e-77,8.550880461239659e-77,9.511190839874793e-76,9.490802135784818,mpmath_1792,256
hilbert_10,10,Rational{Int64},true,diagonalcheap,realschur,73,0,3.572305405260116e-263,5.76566022567972,2.4075404535172757,1.331998346195134e-256,5.691969367443705e-256,5.017625602079258e-255,9.490802135784818,mpmath_1792,851
hilbert_10,10,Rational{Int64},true,taylor,transfree,0,0,NaN,NaN,NaN,2.220446049250313e-16,5.395503342459803e-16,4.923415071313133e-15,9.490802135784818,mpmath_1792,53
hilbert_10,10,Rational{Int64},true,taylor,transfree,0,0,NaN,NaN,NaN,1.727233711018889e-77,8.319023751167636e-77,9.157187033266194e-76,9.490802135784818,mpmath_1792,256
hilbert_10,10,Rational{Int64},true,taylor,transfree,0,0,NaN,NaN,NaN,1.331998346195134e-256,2.576315021004718e-256,2.172880840530128e-255,9.490802135784818,mpmath_1792,851
hilbert_10,10,Rational{Int64},true,taylor,complexschur,25,0,8.673617379884035e-19,5.182702823227659,1,2.220446049250313e-16,2.874432333044984e-15,3.32013379893864e-14,9.490802135784818,mpmath_1792,53
hilbert_10,10,Rational{Int64},true,taylor,complexschur,72,0,1.368716621793322e-88,5.182702823227648,1,1.727233711018889e-77,8.550880461239659e-77,9.511190839874793e-76,9.490802135784818,mpmath_1792,256
hilbert_10,10,Rational{Int64},true,taylor,complexschur,90,6,4.640508887445508e-283,1.027751847949648,1,1.331998346195134e-256,7.757723446047592e-256,2.928076939097848e-255,1.046456734172285,mpmath_1792,851
hilbert_10,10,Rational{Int64},true,taylor,realschur,25,0,8.673617379884035e-19,5.182702823227659,1,2.220446049250313e-16,2.874432333044984e-15,3.32013379893864e-14,9.490802135784818,mpmath_1792,53
hilbert_10,10,Rational{Int64},true,taylor,realschur,72,0,1.368716621793322e-88,5.182702823227648,1,1.727233711018889e-77,8.550880461239659e-77,9.511190839874793e-76,9.490802135784818,mpmath_1792,256
hilbert_10,10,Rational{Int64},true,taylor,realschur,90,6,4.640508887445508e-283,1.027751847949648,1,1.331998346195134e-256,7.757723446047592e-256,2.928076939097848e-255,1.046456734172285,mpmath_1792,851
invhess_10,10,Int64,false,diagonalcheap,transfree,13,3,2.791247323739045e-17,4.903270679725938,5.50746178084438,2.220446049250313e-16,3.542234344581368e-16,3.059743156720244e-15,6.544718957789586,mpmath_1792,53
invhess_10,10,Int64,false,diagonalcheap,transfree,43,2,1.063515270490505e-80,22.15575440314777,9.12399905140529,1.727233711018889e-77,3.553685529401938e-77,6.46120470054153e-76,22.15575440314777,mpmath_1792,256
invhess_10,10,Int64,false,diagonalcheap,transfree,91,3,2.465900487866896e-288,4.903270679725939,5.591922834975226,1.331998346195134e-256,1.886147386747414e-256,1.328583716751073e-255,6.544718957789586,mpmath_1792,851
invhess_10,10,Int64,false,diagonalcheap,complexschur,13,3,2.719569087349104e-18,6.611678030855812,3.8936906487116056,2.220446049250313e-16,3.002093987610865e-15,2.463813429394858e-14,6.544718957789586,mpmath_1792,53
invhess_10,10,Int64,false,diagonalcheap,complexschur,43,2,2.56768655189431e-82,21.27922592001491,11.166815432459329,1.727233711018889e-77,2.234835027131802e-76,3.683002477954346e-75,22.15575440314777,mpmath_1792,256
invhess_10,10,Int64,false,diagonalcheap,complexschur,91,3,2.051484437237024e-290,2.948544531639209,3.8582565929184924,1.331998346195134e-256,2.343004855879869e-255,2.090534533382245e-254,6.544718957789586,mpmath_1792,851
invhess_10,10,Int64,false,diagonalcheap,realschur,13,3,1.847128075719859e-17,3.597388406519565,3.2411735725299655,2.220446049250313e-16,3.175353953141681e-15,2.626877436136678e-14,6.544718957789586,mpmath_1792,53
invhess_10,10,Int64,false,diagonalcheap,realschur,43,2,4.696245516754136e-81,19.86706675241435,10.830576874447322,1.727233711018889e-77,2.232100255845457e-76,4.292286594061159e-75,22.15575440314777,mpmath_1792,256
invhess_10,10,Int64,false,diagonalcheap,realschur,91,3,9.39628485164791e-289,3.712116210964506,3.6658573639118406,1.331998346195134e-256,2.42697456182428e-255,2.152971955860142e-254,6.544718957789586,mpmath_1792,851
invhess_10,10,Int64,false,taylor,transfree,30,3,9.71445146547012e-17,13.1680908203125,1,2.220446049250313e-16,1.367820387475399e-16,1.043023030812675e-15,6.544718957789586,mpmath_1792,53
invhess_10,10,Int64,false,taylor,transfree,81,3,1.970153810290026e-77,13.1680908203125,1,1.727233711018889e-77,1.135524445624838e-77,8.897207630442676e-77,6.544718957789586,mpmath_1792,256
invhess_10,10,Int64,false,taylor,transfree,90,10,1.284297812488549e-281,1.053810839383489,1,1.331998346195134e-256,2.906917783875625e-257,5.278176436450462e-257,1.053810839383489,mpmath_1792,851
invhess_10,10,Int64,false,taylor,complexschur,30,3,6.938893903907228e-18,7.587789087152665,1,2.220446049250313e-16,3.078491937210935e-15,2.510304018551036e-14,6.544718957789586,mpmath_1792,53
invhess_10,10,Int64,false,taylor,complexschur,81,3,4.447662364411437e-79,7.589077273761579,1,1.727233711018889e-77,1.748640264980578e-76,1.328720653077272e-75,6.544718957789586,mpmath_1792,256
invhess_10,10,Int64,false,taylor,complexschur,90,10,1.276757917421268e-283,1.024612057494493,1,1.331998346195134e-256,9.693581724344406e-256,2.950737111114217e-255,1.053810839383489,mpmath_1792,851
invhess_10,10,Int64,false,taylor,realschur,30,3,1.387778780781446e-17,9.045001939799313,1,2.220446049250313e-16,3.195889390332647e-15,2.59981574991144e-14,6.544718957789586,mpmath_1792,53
invhess_10,10,Int64,false,taylor,realschur,81,3,6.219485027462848e-78,9.045001939799329,1,1.727233711018889e-77,1.791508875262422e-76,1.388796037478169e-75,6.544718957789586,mpmath_1792,256
invhess_10,10,Int64,false,taylor,realschur,90,10,1.608869688724468e-282,1.033794960931397,1,1.331998346195134e-256,9.775591796088098e-256,3.103805218185539e-255,1.053810839383489,mpmath_1792,851
jordbloc_10_1,10,Int64,false,diagonalcheap,transfree,9,0,6.895433151689101e-16,7.389055275601542,2.703510110522506,2.220446049250313e-16,1.968942985087393e-16,1.999775708615159e-15,7.38905527560154,mpmath_1792,53
jordbloc_10_1,10,Int64,false,diagonalcheap,transfree,31,0,7.503934963613425e-86,7.389055275601547,2.6468001901367706,1.727233711018889e-77,2.200528044169548e-77,2.09458697792021e-76,7.38905527560154,mpmath_1792,256
jordbloc_10_1,10,Int64,false,diagonalcheap,transfree,81,0,6.530642936638873e-290,7.389055275601542,2.633336357318806,1.331998346195134e-256,1.572917159389074e-256,1.615577503381212e-255,7.38905527560154,mpmath_1792,851
jordbloc_10_1,10,Int64,false,diagonalcheap,complexschur,9,0,6.895433151689101e-16,7.389055275601542,2.703510110522506,2.220446049250313e-16,1.968942985087393e-16,1.999775708615159e-15,7.38905527560154,mpmath_1792,53
jordbloc_10_1,10,Int64,false,diagonalcheap,complexschur,31,0,7.503934963613425e-86,7.389055275601547,2.6468001901367706,1.727233711018889e-77,2.200528044169548e-77,2.09458697792021e-76,7.38905527560154,mpmath_1792,256
jordbloc_10_1,10,Int64,false,diagonalcheap,complexschur,81,0,6.530642936638873e-290,7.389055275601542,2.633336357318806,1.331998346195134e-256,1.572917159389074e-256,1.615577503381212e-255,7.38905527560154,mpmath_1792,851
jordbloc_10_1,10,Int64,false,diagonalcheap,realschur,9,0,6.895433151689101e-16,7.389055275601542,2.703510110522506,2.220446049250313e-16,1.968942985087393e-16,1.999775708615159e-15,7.38905527560154,mpmath_1792,53
jordbloc_10_1,10,Int64,false,diagonalcheap,realschur,31,0,7.503934963613425e-86,7.389055275601547,2.6468001901367706,1.727233711018889e-77,2.200528044169548e-77,2.09458697792021e-76,7.38905527560154,mpmath_1792,256
jordbloc_10_1,10,Int64,false,diagonalcheap,realschur,81,0,6.530642936638873e-290,7.389055275601542,2.633336357318806,1.331998346195134e-256,1.572917159389074e-256,1.615577503381212e-255,7.38905527560154,mpmath_1792,851
jordbloc_10_1,10,Int64,false,taylor,transfree,25,0,1.734723475976807e-18,6.333333333333334,1,2.220446049250313e-16,6.089168389494518e-17,4.729470077886053e-16,7.38905527560154,mpmath_1792,53
jordbloc_10_1,10,Int64,false,taylor,transfree,72,0,2.171529271642895e-84,6.333333333333333,1,1.727233711018889e-77,2.552722529600701e-78,1.880316515654176e-77,7.38905527560154,mpmath_1792,256
jordbloc_10_1,10,Int64,false,taylor,transfree,90,6,7.882445569854726e-278,1.031743407499103,1,1.331998346195134e-256,4.374400328846172e-257,4.513256575657412e-257,1.031743407499103,mpmath_1792,851
jordbloc_10_1,10,Int64,false,taylor,complexschur,25,0,1.734723475976807e-18,6.333333333333334,1,2.220446049250313e-16,6.089168389494518e-17,4.729470077886053e-16,7.38905527560154,mpmath_1792,53
jordbloc_10_1,10,Int64,false,taylor,complexschur,72,0,2.171529271642895e-84,6.333333333333333,1,1.727233711018889e-77,2.552722529600701e-78,1.880316515654176e-77,7.38905527560154,mpmath_1792,256
jordbloc_10_1,10,Int64,false,taylor,complexschur,90,6,7.882445569854726e-278,1.031743407499103,1,1.331998346195134e-256,4.374400328846172e-257,4.513256575657412e-257,1.031743407499103,mpmath_1792,851
jordbloc_10_1,10,Int64,false,taylor,realschur,25,0,1.734723475976807e-18,6.333333333333334,1,2.220446049250313e-16,6.089168389494518e-17,4.729470077886053e-16,7.38905527560154,mpmath_1792,53
jordbloc_10_1,10,Int64,false,taylor,realschur,72,0,2.171529271642895e-84,6.333333333333333,1,1.727233711018889e-77,2.552722529600701e-78,1.880316515654176e-77,7.38905527560154,mpmath_1792,256
jordbloc_10_1,10,Int64,false,taylor,realschur,90,6,7.882445569854726e-278,1.031743407499103,1,1.331998346195134e-256,4.374400328846172e-257,4.513256575657412e-257,1.031743407499103,mpmath_1792,851
kahan_10,10,Float64,false,diagonalcheap,transfree,9,0,0,4.503197440806563,5.067902629976462,2.220446049250313e-16,9.59715658986789e-17,8.068047368659816e-16,4.507097919017023,mpmath_1792,53
kahan_10,10,Float64,false,diagonalcheap,transfree,25,0,3.165286815052767e-77,4.503197440806562,5.05647600558963,1.727233711018889e-77,8.348066167070422e-78,6.159890771796507e-77,4.507097919017023,mpmath_1792,256
kahan_10,10,Float64,false,diagonalcheap,transfree,73,0,1.862188754929525e-292,4.503197440806559,5.052463422311417,1.331998346195134e-256,4.586909119271889e-257,4.445273012499891e-256,4.507097919017023,mpmath_1792,851
kahan_10,10,Float64,false,diagonalcheap,complexschur,9,0,0,4.503197440806563,5.067902629976462,2.220446049250313e-16,9.59715658986789e-17,8.068047368659816e-16,4.507097919017023,mpmath_1792,53
kahan_10,10,Float64,false,diagonalcheap,complexschur,25,0,3.165286815052767e-77,4.503197440806562,5.05647600558963,1.727233711018889e-77,8.348066167070422e-78,6.159890771796507e-77,4.507097919017023,mpmath_1792,256
kahan_10,10,Float64,false,diagonalcheap,complexschur,73,0,1.862188754929525e-292,4.503197440806559,5.052463422311417,1.331998346195134e-256,4.586909119271889e-257,4.445273012499891e-256,4.507097919017023,mpmath_1792,851
kahan_10,10,Float64,false,diagonalcheap,realschur,9,0,0,4.503197440806563,5.067902629976462,2.220446049250313e-16,9.59715658986789e-17,8.068047368659816e-16,4.507097919017023,mpmath_1792,53
kahan_10,10,Float64,false,diagonalcheap,realschur,25,0,3.165286815052767e-77,4.503197440806562,5.05647600558963,1.727233711018889e-77,8.348066167070422e-78,6.159890771796507e-77,4.507097919017023,mpmath_1792,256
kahan_10,10,Float64,false,diagonalcheap,realschur,73,0,1.862188754929525e-292,4.503197440806559,5.052463422311417,1.331998346195134e-256,4.586909119271889e-257,4.445273012499891e-256,4.507097919017023,mpmath_1792,851
kahan_10,10,Float64,false,taylor,transfree,20,0,0,4.516030141321018,1,2.220446049250313e-16,4.864172424564525e-17,2.60596767061081e-16,4.507097919017023,mpmath_1792,53
kahan_10,10,Float64,false,taylor,transfree,64,0,6.387957871718667e-88,4.516030141321017,1,1.727233711018889e-77,4.747459243107708e-78,2.998145794967814e-77,4.507097919017023,mpmath_1792,256
kahan_10,10,Float64,false,taylor,transfree,90,5,3.045509045197162e-273,1.095168067989248,1,1.331998346195134e-256,3.829337228504396e-257,5.919174067663479e-257,1.095168067989248,mpmath_1792,851
kahan_10,10,Float64,false,taylor,complexschur,20,0,0,4.516030141321018,1,2.220446049250313e-16,4.864172424564525e-17,2.60596767061081e-16,4.507097919017023,mpmath_1792,53
kahan_10,10,Float64,false,taylor,complexschur,64,0,6.387957871718667e-88,4.516030141321017,1,1.727233711018889e-77,4.747459243107708e-78,2.998145794967814e-77,4.507097919017023,mpmath_1792,256
kahan_10,10,Float64,false,taylor,complexschur,90,5,3.045509045197162e-273,1.095168067989248,1,1.331998346195134e-256,3.829337228504396e-257,5.919174067663479e-257,1.095168067989248,mpmath_1792,851
kahan_10,10,Float64,false,taylor,realschur,20,0,0,4.516030141321018,1,2.220446049250313e-16,4.864172424564525e-17,2.60596767061081e-16,4.507097919017023,mpmath_1792,53
kahan_10,10,Float64,false,taylor,realschur,64,0,6.387957871718667e-88,4.516030141321017,1,1.727233711018889e-77,4.747459243107708e-78,2.998145794967814e-77,4.507097919017023,mpmath_1792,256
kahan_10,10,Float64,false,taylor,realschur,90,5,3.045509045197162e-273,1.095168067989248,1,1.331998346195134e-256,3.829337228504396e-257,5.919174067663479e-257,1.095168067989248,mpmath_1792,851
lehmer_10,10,Rational{Int64},true,diagonalcheap,transfree,0,0,NaN,NaN,NaN,2.220446049250313e-16,6.750461046457415e-16,3.223438242876642e-13,360.1006183755074,mpmath_1792,53
lehmer_10,10,Rational{Int64},true,diagonalcheap,transfree,0,0,NaN,NaN,NaN,1.727233711018889e-77,1.732482278624779e-76,6.159445617829052e-74,360.1006183755074,mpmath_1792,256
lehmer_10,10,Rational{Int64},true,diagonalcheap,transfree,0,0,NaN,NaN,NaN,1.331998346195134e-256,6.920341932062036e-256,3.007711926829555e-253,360.1006183755074,mpmath_1792,851
lehmer_10,10,Rational{Int64},true,diagonalcheap,complexschur,17,0,2.799563409973577e-16,316.866821696522,19.51139406243882,2.220446049250313e-16,5.078514532842466e-15,1.79423190225513e-12,360.1006183755074,mpmath_1792,53
lehmer_10,10,Rational{Int64},true,diagonalcheap,complexschur,43,0,1.926747789272034e-88,316.8668216965117,18.077025879261235,1.727233711018889e-77,1.150631503811117e-75,4.335990796571714e-73,360.1006183755074,mpmath_1792,256
lehmer_10,10,Rational{Int64},true,diagonalcheap,complexschur,91,1,4.532013400472338e-305,17.80075340249724,4.173188051234691,1.331998346195134e-256,2.40481425072378e-255,5.42584285525752e-254,19.96805617279954,mpmath_1792,851
lehmer_10,10,Rational{Int64},true,diagonalcheap,realschur,17,0,2.799563409973577e-16,316.866821696522,19.511394062438818,2.220446049250313e-16,5.078514532842466e-15,1.79423190225513e-12,360.1006183755074,mpmath_1792,53
lehmer_10,10,Rational{Int64},true,diagonalcheap,realschur,43,0,1.926747789272034e-88,316.8668216965117,18.077025879261235,1.727233711018889e-77,1.150631503811117e-75,4.335990796571714e-73,360.1006183755074,mpmath_1792,256
lehmer_10,10,Rational{Int64},true,diagonalcheap,realschur,91,1,4.532013400472338e-305,17.80075340249724,4.173188051234691,1.331998346195134e-256,2.40481425072378e-255,5.42584285525752e-254,19.96805617279954,mpmath_1792,851
lehmer_10,10,Rational{Int64},true,taylor,transfree,0,0,NaN,NaN,NaN,2.220446049250313e-16,6.750461046457415e-16,3.223438242876642e-13,360.1006183755074,mpmath_1792,53
lehmer_10,10,Rational{Int64},true,taylor,transfree,0,0,NaN,NaN,NaN,1.727233711018889e-77,1.732482278624779e-76,6.159445617829052e-74,360.1006183755074,mpmath_1792,256
lehmer_10,10,Rational{Int64},true,taylor,transfree,0,0,NaN,NaN,NaN,1.331998346195134e-256,6.920341932062036e-256,3.007711926829555e-253,360.1006183755074,mpmath_1792,851
lehmer_10,10,Rational{Int64},true,taylor,complexschur,25,1,2.418204525511669e-15,12.00241872652855,1,2.220446049250313e-16,3.166791026129535e-15,6.930730405363635e-14,19.96805617279954,mpmath_1792,53
lehmer_10,10,Rational{Int64},true,taylor,complexschur,81,1,9.979143832588902e-86,12.00241872652853,1,1.727233711018889e-77,6.066435220387527e-76,1.356617303926567e-74,19.96805617279954,mpmath_1792,256
lehmer_10,10,Rational{Int64},true,taylor,complexschur,90,7,2.000572322211753e-263,1.046015451188932,1,1.331998346195134e-256,1.02835639304102e-255,3.737364998567344e-255,1.050953817567612,mpmath_1792,851
lehmer_10,10,Rational{Int64},true,taylor,realschur,25,1,2.418204525511669e-15,12.00241872652855,1,2.220446049250313e-16,3.166791026129535e-15,6.930730405363635e-14,19.96805617279954,mpmath_1792,53
lehmer_10,10,Rational{Int64},true,taylor,realschur,81,1,9.979143832588902e-86,12.00241872652853,1,1.727233711018889e-77,6.066435220387527e-76,1.356617303926567e-74,19.96805617279954,mpmath_1792,256
lehmer_10,10,Rational{Int64},true,taylor,realschur,90,7,2.000572322211753e-263,1.046015451188932,1,1.331998346195134e-256,1.02835639304102e-255,3.737364998567344e-255,1.050953817567612,mpmath_1792,851
minij_10,10,Int64,true,diagonalcheap,transfree,0,0,NaN,NaN,NaN,2.220446049250313e-16,1.132311493808962e-14,402201.4960830153,3.503802468654952e+19,mpmath_1792,53
minij_10,10,Int64,true,diagonalcheap,transfree,0,0,NaN,NaN,NaN,1.727233711018889e-77,1.36649112010039e-75,4.849131869464424e-56,3.503802468654952e+19,mpmath_1792,256
minij_10,10,Int64,true,diagonalcheap,transfree,0,0,NaN,NaN,NaN,1.331998346195134e-256,1.374046776717754e-254,4.837822516613873e-235,3.503802468654952e+19,mpmath_1792,851
minij_10,10,Int64,true,diagonalcheap,complexschur,17,3,2.114431223469547e-15,269.2818448831531,18.175136352632183,2.220446049250313e-16,1.602055978944341e-15,5.620688167826758e-13,340.6844736607719,mpmath_1792,53
minij_10,10,Int64,true,diagonalcheap,complexschur,43,3,8.856892442279232e-89,269.2818448831453,16.910252968629287,1.727233711018889e-77,1.364074259877879e-76,5.185162695533547e-74,340.6844736607719,mpmath_1792,256
minij_10,10,Int64,true,diagonalcheap,complexschur,91,4,8.699919420656121e-306,16.40980941032385,4.040447630854702,1.331998346195134e-256,2.59721592465063e-255,5.828727848075681e-254,20.39955012705729,mpmath_1792,851
minij_10,10,Int64,true,diagonalcheap,realschur,17,3,2.114431223469547e-15,269.2818448831531,18.175136352632183,2.220446049250313e-16,1.602055978944341e-15,5.620688167826758e-13,340.6844736607719,mpmath_1792,53
minij_10,10,Int64,true,diagonalcheap,realschur,43,3,8.856892442279232e-89,269.2818448831453,16.910252968629287,1.727233711018889e-77,1.364074259877879e-76,5.185162695533547e-74,340.6844736607719,mpmath_1792,256
minij_10,10,Int64,true,diagonalcheap,realschur,91,4,8.699919420656121e-306,16.40980941032385,4.040447630854702,1.331998346195134e-256,2.59721592465063e-255,5.828727848075681e-254,20.39955012705729,mpmath_1792,851
minij_10,10,Int64,true,taylor,transfree,0,0,NaN,NaN,NaN,2.220446049250313e-16,1.132311493808962e-14,402201.4960830153,3.503802468654952e+19,mpmath_1792,53
minij_10,10,Int64,true,taylor,transfree,0,0,NaN,NaN,NaN,1.727233711018889e-77,1.36649112010039e-75,4.849131869464424e-56,3.503802468654952e+19,mpmath_1792,256
minij_10,10,Int64,true,taylor,transfree,0,0,NaN,NaN,NaN,1.331998346195134e-256,1.374046776717754e-254,4.837822516613873e-235,3.503802468654952e+19,mpmath_1792,851
minij_10,10,Int64,true,taylor,complexschur,36,3,3.33066907387547e-16,92.30795802910626,1,2.220446049250313e-16,1.602055978944341e-15,5.620688167826758e-13,340.6844736607719,mpmath_1792,53
minij_10,10,Int64,true,taylor,complexschur,90,4,1.227273366324432e-91,16.40713983072946,1,1.727233711018889e-77,6.375246891118729e-77,1.4541731755916e-75,20.39955012705729,mpmath_1792,256
minij_10,10,Int64,true,taylor,complexschur,90,10,1.473289906676509e-264,1.044686524561515,1,1.331998346195134e-256,6.53361011910089e-256,2.463329540952928e-255,1.054935169475197,mpmath_1792,851
minij_10,10,Int64,true,taylor,realschur,36,3,3.33066907387547e-16,92.30795802910626,1,2.220446049250313e-16,1.602055978944341e-15,5.620688167826758e-13,340.6844736607719,mpmath_1792,53
minij_10,10,Int64,true,taylor,realschur,90,4,1.227273366324432e-91,16.40713983072946,1,1.727233711018889e-77,6.375246891118729e-77,1.4541731755916e-75,20.39955012705729,mpmath_1792,256
minij_10,10,Int64,true,taylor,realschur,90,10,1.473289906676509e-264,1.044686524561515,1,1.331998346195134e-256,6.53361011910089e-256,2.463329540952928e-255,1.054935169475197,mpmath_1792,851
moler_10,10,Float64,true,diagonalcheap,transfree,0,0,NaN,NaN,NaN,2.220446049250313e-16,1.284807061503349e-15,0.08836383611075,67944521770975.79,mpmath_1792,53
moler_10,10,Float64,true,diagonalcheap,transfree,0,0,NaN,NaN,NaN,1.727233711018889e-77,1.008700450994789e-75,6.728390048899958e-62,67944521770975.79,mpmath_1792,256
moler_10,10,Float64,true,diagonalcheap,transfree,0,0,NaN,NaN,NaN,1.331998346195134e-256,2.036291566453921e-255,1.429384055303738e-241,67944521770975.79,mpmath_1792,851
moler_10,10,Float64,true,diagonalcheap,complexschur,13,3,7.426648161913268e-17,51.86925460097535,7.7839434363288085,2.220446049250313e-16,6.508755910075251e-16,3.786456275762062e-14,66.59909214130455,mpmath_1792,53
moler_10,10,Float64,true,diagonalcheap,complexschur,43,2,2.774332694412178e-76,2690.419572860827,56.8459126714825,1.727233711018889e-77,3.774014427540853e-76,1.399762209543284e-72,3487.503532581244,mpmath_1792,256
moler_10,10,Float64,true,diagonalcheap,complexschur,91,3,1.713394231349359e-279,51.86925460097493,7.27999505938777,1.331998346195134e-256,4.089916236421134e-255,2.753412295516301e-253,66.59909214130455,mpmath_1792,851
moler_10,10,Float64,true,diagonalcheap,realschur,13,3,7.426648161913268e-17,51.86925460097535,7.783943436328808,2.220446049250313e-16,6.508755910075251e-16,3.786456275762062e-14,66.59909214130455,mpmath_1792,53
moler_10,10,Float64,true,diagonalcheap,realschur,43,2,2.774332694412178e-76,2690.419572860828,56.8459126714825,1.727233711018889e-77,3.774014427540853e-76,1.399762209543284e-72,3487.503532581244,mpmath_1792,256
moler_10,10,Float64,true,diagonalcheap,realschur,91,3,1.713394231349359e-279,51.86925460097493,7.27999505938777,1.331998346195134e-256,4.089916236421134e-255,2.753412295516301e-253,66.59909214130455,mpmath_1792,851
moler_10,10,Float64,true,taylor,transfree,0,0,NaN,NaN,NaN,2.220446049250313e-16,1.284807061503349e-15,0.08836383611075,67944521770975.79,mpmath_1792,53
moler_10,10,Float64,true,taylor,transfree,0,0,NaN,NaN,NaN,1.727233711018889e-77,1.008700450994789e-75,6.728390048899958e-62,67944521770975.79,mpmath_1792,256
moler_10,10,Float64,true,taylor,transfree,0,0,NaN,NaN,NaN,1.331998346195134e-256,2.036291566453921e-255,1.429384055303738e-241,67944521770975.79,mpmath_1792,851
moler_10,10,Float64,true,taylor,complexschur,30,3,4.163336342344337e-16,33.1368302802794,1,2.220446049250313e-16,6.508755910075251e-16,3.786456275762062e-14,66.59909214130455,mpmath_1792,53
moler_10,10,Float64,true,taylor,complexschur,90,3,1.464382580698312e-86,33.13683028027941,1,1.727233711018889e-77,2.392342723412804e-76,1.778940736093337e-74,66.59909214130455,mpmath_1792,256
moler_10,10,Float64,true,taylor,complexschur,90,10,2.458387552885406e-278,1.031330198180995,1,1.331998346195134e-256,7.706567240246223e-256,2.40553997524992e-255,1.038703626353804,mpmath_1792,851
moler_10,10,Float64,true,taylor,realschur,30,3,4.163336342344337e-16,33.1368302802794,1,2.220446049250313e-16,6.508755910075251e-16,3.786456275762062e-14,66.59909214130455,mpmath_1792,53
moler_10,10,Float64,true,taylor,realschur,90,3,1.464382580698312e-86,33.13683028027941,1,1.727233711018889e-77,2.392342723412804e-76,1.778940736093337e-74,66.59909214130455,mpmath_1792,256
moler_10,10,Float64,true,taylor,realschur,90,10,2.458387552885406e-278,1.031330198180995,1,1.331998346195134e-256,7.706567240246223e-256,2.40553997524992e-255,1.038703626353804,mpmath_1792,851
parter_10,10,Rational{Int64},false,diagonalcheap,transfree,13,0,4.902413755965064e-17,26.1713688171766,9.150945855568063,2.220446049250313e-16,6.403881923942297e-16,2.457514734057158e-14,26.1713688171766,mpmath_1792,53
parter_10,10,Rational{Int64},false,diagonalcheap,transfree,37,0,3.399215877016432e-90,26.17136881717661,8.841808538199269,1.727233711018889e-77,5.867318140344848e-77,1.969907281782372e-75,26.1713688171766,mpmath_1792,256
parter_10,10,Rational{Int64},false,diagonalcheap,transfree,81,0,1.542647228633927e-255,26.17136881717667,9.075506542368474,1.331998346195134e-256,6.080434612998051e-256,2.450827014783073e-254,26.1713688171766,mpmath_1792,851
parter_10,10,Rational{Int64},false,diagonalcheap,complexschur,13,0,7.024249582260054e-17,37.83576251723287,5.326274709327428,2.220446049250313e-16,2.681601412471493e-15,1.145426719404803e-13,26.1713688171766,mpmath_1792,53
parter_10,10,Rational{Int64},false,diagonalcheap,complexschur,37,0,9.388498838127128e-90,37.07667290519916,8.139500835583313,1.727233711018889e-77,1.968207249881365e-76,7.748277954489384e-75,26.1713688171766,mpmath_1792,256
parter_10,10,Rational{Int64},false,diagonalcheap,complexschur,91,0,1.197090493475217e-293,37.88977116364044,5.367598866635965,1.331998346195134e-256,2.114907078905297e-255,1.080338184011102e-253,26.1713688171766,mpmath_1792,851
parter_10,10,Rational{Int64},false,diagonalcheap,realschur,13,0,1.113432321540168e-16,35.22544596113075,7.164827183327795,2.220446049250313e-16,2.774625283251636e-15,1.188101380989928e-13,26.1713688171766,mpmath_1792,53
parter_10,10,Rational{Int64},false,diagonalcheap,realschur,37,0,6.572697593414037e-90,35.22544596113077,9.540860814984773,1.727233711018889e-77,2.104169076725465e-76,9.625455404325396e-75,26.1713688171766,mpmath_1792,256
parter_10,10,Rational{Int64},false,diagonalcheap,realschur,91,0,4.990980092164773e-293,35.22544596113086,6.813262255801736,1.331998346195134e-256,2.062364998176821e-255,1.049369222462065e-253,26.1713688171766,mpmath_1792,851
parter_10,10,Rational{Int64},false,taylor,transfree,25,1,1.734723475976807e-18,5.928925889187153,1,2.220446049250313e-16,8.953132740208192e-17,8.380073803131891e-16,6.090824207095112,mpmath_1792,53
parter_10,10,Rational{Int64},false,taylor,transfree,64,1,6.329465404606581e-77,5.928925889187153,1,1.727233711018889e-77,9.989668439402396e-78,8.513545866327874e-77,6.090824207095112,mpmath_1792,256
parter_10,10,Rational{Int64},false,taylor,transfree,90,6,7.762512489355453e-258,1.112950145678709,1,1.331998346195134e-256,4.400715894218718e-257,6.491539901540839e-257,1.112950145678709,mpmath_1792,851
parter_10,10,Rational{Int64},false,taylor,complexschur,25,1,1.734723475976807e-18,7.266635602513933,1,2.220446049250313e-16,2.264079988875924e-15,2.500165251299327e-14,6.090824207095112,mpmath_1792,53
parter_10,10,Rational{Int64},false,taylor,complexschur,81,0,1.201186200492622e-79,25.96149136025229,1,1.727233711018889e-77,1.955967418405843e-76,7.853396318620924e-75,26.1713688171766,mpmath_1792,256
parter_10,10,Rational{Int64},false,taylor,complexschur,90,6,8.234953154477315e-257,1.093032539994139,1,1.331998346195134e-256,1.117952081702605e-255,4.337953902956146e-255,1.112950145678709,mpmath_1792,851
parter_10,10,Rational{Int64},false,taylor,realschur,25,1,1.734723475976807e-18,8.443616408515172,1,2.220446049250313e-16,2.366899427787924e-15,2.709025957806935e-14,6.090824207095112,mpmath_1792,53
parter_10,10,Rational{Int64},false,taylor,realschur,81,0,1.961970934808492e-79,30.45410579210239,1,1.727233711018889e-77,2.090150608181201e-76,9.464477305928169e-75,26.1713688171766,mpmath_1792,256
parter_10,10,Rational{Int64},false,taylor,realschur,90,7,7.732912035503877e-284,1.052592944344313,1,1.331998346195134e-256,1.116187997569678e-255,4.318049472118314e-255,1.056166199655055,mpmath_1792,851
pei_10,10,Int64,true,diagonalcheap,transfree,0,0,NaN,NaN,NaN,2.220446049250313e-16,1.809832767223829e-15,1.318473188424204e-10,59874.14171519782,mpmath_1792,53
pei_10,10,Int64,true,diagonalcheap,transfree,0,0,NaN,NaN,NaN,1.727233711018889e-77,1.386144377561464e-76,1.047388675179634e-71,59874.14171519782,mpmath_1792,256
pei_10,10,Int64,true,diagonalcheap,transfree,0,0,NaN,NaN,NaN,1.331998346195134e-256,1.859999995212305e-256,1.766893967131273e-251,59874.14171519782,mpmath_1792,851
pei_10,10,Int64,true,diagonalcheap,complexschur,17,1,9.733542767701616e-16,244.6919322642192,13.642872978583288,2.220446049250313e-16,1.895543158516554e-15,6.22301500298738e-13,244.6919322642204,mpmath_1792,53
pei_10,10,Int64,true,diagonalcheap,complexschur,43,1,9.232479341442347e-89,244.6919322642227,12.731685923835894,1.727233711018889e-77,1.455824069672085e-76,4.60179041228763e-74,244.6919322642204,mpmath_1792,256
pei_10,10,Int64,true,diagonalcheap,complexschur,91,2,1.415426946806076e-306,15.64263188418812,3.508467756818431,1.331998346195134e-256,7.506560377170977e-256,1.561338666473212e-254,15.64263188418817,mpmath_1792,851
pei_10,10,Int64,true,diagonalcheap,realschur,17,1,9.733542767701616e-16,244.6919322642192,13.64287297858329,2.220446049250313e-16,1.895543158516554e-15,6.22301500298738e-13,244.6919322642204,mpmath_1792,53
pei_10,10,Int64,true,diagonalcheap,realschur,43,1,9.232479341442347e-89,244.6919322642227,12.731685923835894,1.727233711018889e-77,1.455824069672085e-76,4.60179041228763e-74,244.6919322642204,mpmath_1792,256
pei_10,10,Int64,true,diagonalcheap,realschur,91,2,1.415426946806076e-306,15.64263188418812,3.508467756818431,1.331998346195134e-256,7.506560377170977e-256,1.561338666473212e-254,15.64263188418817,mpmath_1792,851
pei_10,10,Int64,true,taylor,transfree,0,0,NaN,NaN,NaN,2.220446049250313e-16,1.809832767223829e-15,1.318473188424204e-10,59874.14171519782,mpmath_1792,53
pei_10,10,Int64,true,taylor,transfree,0,0,NaN,NaN,NaN,1.727233711018889e-77,1.386144377561464e-76,1.047388675179634e-71,59874.14171519782,mpmath_1792,256
pei_10,10,Int64,true,taylor,transfree,0,0,NaN,NaN,NaN,1.331998346195134e-256,1.859999995212305e-256,1.766893967131273e-251,59874.14171519782,mpmath_1792,851
pei_10,10,Int64,true,taylor,complexschur,25,2,7.320533068622126e-16,13.38037109374999,1,2.220446049250313e-16,1.243059530445397e-15,2.673508749432068e-14,15.64263188418817,mpmath_1792,53
pei_10,10,Int64,true,taylor,complexschur,81,2,2.306169382660239e-87,13.38037109375,1,1.727233711018889e-77,7.171901158369879e-77,1.71027002911038e-75,15.64263188418817,mpmath_1792,256
pei_10,10,Int64,true,taylor,complexschur,90,8,3.062832226448717e-265,1.043905272301128,1,1.331998346195134e-256,1.201095435087176e-256,4.93258635146744e-256,1.043905272301128,mpmath_1792,851
pei_10,10,Int64,true,taylor,realschur,25,2,7.320533068622126e-16,13.38037109374999,1,2.220446049250313e-16,1.243059530445397e-15,2.673508749432068e-14,15.64263188418817,mpmath_1792,53
pei_10,10,Int64,true,taylor,realschur,81,2,2.306169382660239e-87,13.38037109375,1,1.727233711018889e-77,7.171901158369879e-77,1.71027002911038e-75,15.64263188418817,mpmath_1792,256
pei_10,10,Int64,true,taylor,realschur,90,8,3.062832226448717e-265,1.043905272301128,1,1.331998346195134e-256,1.201095435087176e-256,4.93258635146744e-256,1.043905272301128,mpmath_1792,851
poisson_4,4,Int64,true,diagonalcheap,transfree,0,0,NaN,NaN,NaN,2.220446049250313e-16,9.513894973978747e-16,4.528961241957125e-13,403.4287934927351,mpmath_1792,53
poisson_4,4,Int64,true,diagonalcheap,transfree,0,0,NaN,NaN,NaN,1.727233711018889e-77,2.050480962794165e-77,9.262097694410488e-75,403.4287934927351,mpmath_1792,256
poisson_4,4,Int64,true,diagonalcheap,transfree,0,0,NaN,NaN,NaN,1.331998346195134e-256,2.953241169740136e-256,1.396429169290977e-253,403.4287934927351,mpmath_1792,851
poisson_4,4,Int64,true,diagonalcheap,complexschur,17,0,3.192775358824169e-16,403.4287934927364,8.336363252585304,2.220446049250313e-16,2.264233788854864e-15,1.220282278816621e-12,403.4287934927351,mpmath_1792,53
poisson_4,4,Int64,true,diagonalcheap,complexschur,43,0,1.5827760452113e-87,403.4287934927254,7.744830052476348,1.727233711018889e-77,4.506444322732582e-77,1.952209547208959e-74,403.4287934927351,mpmath_1792,256
poisson_4,4,Int64,true,diagonalcheap,complexschur,91,1,9.538488484608445e-302,20.08553692318764,2.7333409405916664,1.331998346195134e-256,5.157668966899767e-256,1.471316457482236e-254,20.08553692318767,mpmath_1792,851
poisson_4,4,Int64,true,diagonalcheap,realschur,17,0,3.192775358824169e-16,403.4287934927364,8.336363252585304,2.220446049250313e-16,2.264233788854864e-15,1.220282278816621e-12,403.4287934927351,mpmath_1792,53
poisson_4,4,Int64,true,diagonalcheap,realschur,43,0,1.5827760452113e-87,403.4287934927254,7.744830052476348,1.727233711018889e-77,4.506444322732582e-77,1.952209547208959e-74,403.4287934927351,mpmath_1792,256
poisson_4,4,Int64,true,diagonalcheap,realschur,91,1,9.538488484608445e-302,20.08553692318764,2.7333409405916664,1.331998346195134e-256,5.157668966899767e-256,1.471316457482236e-254,20.08553692318767,mpmath_1792,851
poisson_4,4,Int64,true,taylor,transfree,0,0,NaN,NaN,NaN,2.220446049250313e-16,9.513894973978747e-16,4.528961241957125e-13,403.4287934927351,mpmath_1792,53
poisson_4,4,Int64,true,taylor,transfree,0,0,NaN,NaN,NaN,1.727233711018889e-77,2.050480962794165e-77,9.262097694410488e-75,403.4287934927351,mpmath_1792,256
poisson_4,4,Int64,true,taylor,transfree,0,0,NaN,NaN,NaN,1.331998346195134e-256,2.953241169740136e-256,1.396429169290977e-253,403.4287934927351,mpmath_1792,851
poisson_4,4,Int64,true,taylor,complexschur,30,1,3.469446951953614e-18,13,1,2.220446049250313e-16,1.398474729282204e-15,4.244980789035088e-14,20.08553692318767,mpmath_1792,53
poisson_4,4,Int64,true,taylor,complexschur,81,1,2.903334707245678e-84,13,1,1.727233711018889e-77,4.505551502320183e-77,9.258271440580209e-76,20.08553692318767,mpmath_1792,256
poisson_4,4,Int64,true,taylor,complexschur,90,7,8.412027766891355e-262,1.047991002016633,1,1.331998346195134e-256,3.098665159128942e-256,7.406162798142991e-256,1.047991002016633,mpmath_1792,851
poisson_4,4,Int64,true,taylor,realschur,30,1,3.469446951953614e-18,13,1,2.220446049250313e-16,1.398474729282204e-15,4.244980789035088e-14,20.08553692318767,mpmath_1792,53
poisson_4,4,Int64,true,taylor,realschur,81,1,2.903334707245678e-84,13,1,1.727233711018889e-77,4.505551502320183e-77,9.258271440580209e-76,20.08553692318767,mpmath_1792,256
poisson_4,4,Int64,true,taylor,realschur,90,7,8.412027766891355e-262,1.047991002016633,1,1.331998346195134e-256,3.098665159128942e-256,7.406162798142991e-256,1.047991002016633,mpmath_1792,851
prolate_10_1.0,10,Float64,true,diagonalcheap,transfree,0,0,NaN,NaN,NaN,2.220446049250313e-16,1.124654690694628e-15,2.94269063694898e-14,7.389056098930871,mpmath_1792,53
prolate_10_1.0,10,Float64,true,diagonalcheap,transfree,0,0,NaN,NaN,NaN,1.727233711018889e-77,1.011338890881135e-76,3.158433139297133e-75,7.389056098930871,mpmath_1792,256
prolate_10_1.0,10,Float64,true,diagonalcheap,transfree,0,0,NaN,NaN,NaN,1.331998346195134e-256,9.629399377339452e-256,2.598917800559124e-254,7.389056098930871,mpmath_1792,851
prolate_10_1.0,10,Float64,true,diagonalcheap,complexschur,9,0,6.883293313061828e-16,7.389056098930763,1.0000000000000187,2.220446049250313e-16,8.477501571767916e-16,1.936597738332618e-14,7.389056098930871,mpmath_1792,53
prolate_10_1.0,10,Float64,true,diagonalcheap,complexschur,31,0,7.503918148610867e-86,7.389056098930769,1.0000000000000195,1.727233711018889e-77,2.969560816818208e-76,7.07060792292082e-75,7.389056098930871,mpmath_1792,256
prolate_10_1.0,10,Float64,true,diagonalcheap,complexschur,81,0,1.185186257687333e-289,7.389056098930761,1.0000000000000182,1.331998346195134e-256,2.018474472160453e-255,5.270141285510001e-254,7.389056098930871,mpmath_1792,851
prolate_10_1.0,10,Float64,true,diagonalcheap,realschur,9,0,6.883293313061828e-16,7.389056098930764,1.0000000000000187,2.220446049250313e-16,8.477501571767916e-16,1.936597738332618e-14,7.389056098930871,mpmath_1792,53
prolate_10_1.0,10,Float64,true,diagonalcheap,realschur,31,0,7.503918148610867e-86,7.389056098930769,1.0000000000000195,1.727233711018889e-77,2.969560816818208e-76,7.07060792292082e-75,7.389056098930871,mpmath_1792,256
prolate_10_1.0,10,Float64,true,diagonalcheap,realschur,81,0,1.185186257687333e-289,7.389056098930761,1.0000000000000182,1.331998346195134e-256,2.018474472160453e-255,5.270141285510001e-254,7.389056098930871,mpmath_1792,851
prolate_10_1.0,10,Float64,true,taylor,transfree,0,0,NaN,NaN,NaN,2.220446049250313e-16,1.124654690694628e-15,2.94269063694898e-14,7.389056098930871,mpmath_1792,53
prolate_10_1.0,10,Float64,true,taylor,transfree,0,0,NaN,NaN,NaN,1.727233711018889e-77,1.011338890881135e-76,3.158433139297133e-75,7.389056098930871,mpmath_1792,256
prolate_10_1.0,10,Float64,true,taylor,transfree,0,0,NaN,NaN,NaN,1.331998346195134e-256,9.629399377339452e-256,2.598917800559124e-254,7.389056098930871,mpmath_1792,851
prolate_10_1.0,10,Float64,true,taylor,complexschur,25,0,1.734723475976807e-18,6.333333333333414,1,2.220446049250313e-16,8.477501571767916e-16,1.936597738332618e-14,7.389056098930871,mpmath_1792,53
prolate_10_1.0,10,Float64,true,taylor,complexschur,72,0,2.171529333006563e-84,6.333333333333414,1,1.727233711018889e-77,2.969560816818208e-76,7.07060792292082e-75,7.389056098930871,mpmath_1792,256
prolate_10_1.0,10,Float64,true,taylor,complexschur,90,6,7.952841619514463e-278,1.031743407499103,1,1.331998346195134e-256,7.056165959252717e-256,2.518556716211718e-255,1.031743407499103,mpmath_1792,851
prolate_10_1.0,10,Float64,true,taylor,realschur,25,0,1.734723475976807e-18,6.333333333333414,1,2.220446049250313e-16,8.477501571767916e-16,1.936597738332618e-14,7.389056098930871,mpmath_1792,53
prolate_10_1.0,10,Float64,true,taylor,realschur,72,0,2.171529333006563e-84,6.333333333333414,1,1.727233711018889e-77,2.969560816818208e-76,7.07060792292082e-75,7.389056098930871,mpmath_1792,256
prolate_10_1.0,10,Float64,true,taylor,realschur,90,6,7.952841619514463e-278,1.031743407499103,1,1.331998346195134e-256,7.056165959252717e-256,2.518556716211718e-255,1.031743407499103,mpmath_1792,851
randcorr_10,10,Float64,true,diagonalcheap,transfree,0,0,NaN,NaN,NaN,2.220446049250313e-16,9.260771348833996e-16,1.026796702157295e-14,7.271200417456855,mpmath_1792,53
randcorr_10,10,Float64,true,diagonalcheap,transfree,0,0,NaN,NaN,NaN,1.727233711018889e-77,4.981486659070285e-77,5.696438429010075e-76,7.271200417456855,mpmath_1792,256
randcorr_10,10,Float64,true,diagonalcheap,transfree,0,0,NaN,NaN,NaN,1.331998346195134e-256,3.158566640778799e-256,3.669937963078227e-255,7.271200417456855,mpmath_1792,851
randcorr_10,10,Float64,true,diagonalcheap,complexschur,9,0,1.109871089950009e-17,5.200906727691919,1.9824957834862786,2.220446049250313e-16,2.272881289339264e-15,2.89872433250087e-14,7.271200417456855,mpmath_1792,53
randcorr_10,10,Float64,true,diagonalcheap,complexschur,31,0,7.036230837431731e-92,5.200906727691919,1.9552179233177875,1.727233711018889e-77,2.253893142469471e-76,2.841629391192239e-75,7.271200417456855,mpmath_1792,256
randcorr_10,10,Float64,true,diagonalcheap,complexschur,73,0,4.328164513455753e-267,5.200906727691919,1.9491536795184208,1.331998346195134e-256,1.165088754370056e-255,1.434420416707545e-254,7.271200417456855,mpmath_1792,851
randcorr_10,10,Float64,true,diagonalcheap,realschur,9,0,1.109871089950009e-17,5.20090672769192,1.9824957834862786,2.220446049250313e-16,2.272881289339264e-15,2.89872433250087e-14,7.271200417456855,mpmath_1792,53
randcorr_10,10,Float64,true,diagonalcheap,realschur,31,0,7.036230837431731e-92,5.200906727691919,1.9552179233177875,1.727233711018889e-77,2.253893142469471e-76,2.841629391192239e-75,7.271200417456855,mpmath_1792,256
randcorr_10,10,Float64,true,diagonalcheap,realschur,73,0,4.328164513455753e-267,5.200906727691918,1.9491536795184208,1.331998346195134e-256,1.165088754370056e-255,1.434420416707545e-254,7.271200417456855,mpmath_1792,851
randcorr_10,10,Float64,true,taylor,transfree,0,0,NaN,NaN,NaN,2.220446049250313e-16,9.260771348833996e-16,1.026796702157295e-14,7.271200417456855,mpmath_1792,53
randcorr_10,10,Float64,true,taylor,transfree,0,0,NaN,NaN,NaN,1.727233711018889e-77,4.981486659070285e-77,5.696438429010075e-76,7.271200417456855,mpmath_1792,256
randcorr_10,10,Float64,true,taylor,transfree,0,0,NaN,NaN,NaN,1.331998346195134e-256,3.158566640778799e-256,3.669937963078227e-255,7.271200417456855,mpmath_1792,851
randcorr_10,10,Float64,true,taylor,complexschur,20,0,7.684824998577255e-16,4.755258099720067,1,2.220446049250313e-16,2.272881289339264e-15,2.89872433250087e-14,7.271200417456855,mpmath_1792,53
randcorr_10,10,Float64,true,taylor,complexschur,64,0,1.626058963728447e-77,4.755258099720066,1,1.727233711018889e-77,2.253893142469471e-76,2.841629391192239e-75,7.271200417456855,mpmath_1792,256
randcorr_10,10,Float64,true,taylor,complexschur,90,5,4.609933801658203e-258,1.052876593007268,1,1.331998346195134e-256,7.269792971376499e-256,2.366865282656453e-255,1.075218882229474,mpmath_1792,851
randcorr_10,10,Float64,true,taylor,realschur,20,0,7.684824998577255e-16,4.755258099720067,1,2.220446049250313e-16,2.272881289339264e-15,2.89872433250087e-14,7.271200417456855,mpmath_1792,53
randcorr_10,10,Float64,true,taylor,realschur,64,0,1.626058963728447e-77,4.755258099720066,1,1.727233711018889e-77,2.253893142469471e-76,2.841629391192239e-75,7.271200417456855,mpmath_1792,256
randcorr_10,10,Float64,true,taylor,realschur,90,5,4.609933801658203e-258,1.052876593007268,1,1.331998346195134e-256,7.269792971376499e-256,2.366865282656453e-255,1.075218882229474,mpmath_1792,851
sampling_10,10,Float64,false,diagonalcheap,transfree,13,3,2.878958514859438e-17,34.40043687738195,13.342230567585618,2.220446049250313e-16,6.922761700040815e-16,2.791435947915197e-14,34.40043687738181,mpmath_1792,53
sampling_10,10,Float64,false,diagonalcheap,transfree,37,3,1.361774159752469e-90,34.40043687738179,12.870147231235702,1.727233711018889e-77,3.441539005401146e-77,1.36586761740751e-75,34.40043687738181,mpmath_1792,256
sampling_10,10,Float64,false,diagonalcheap,transfree,91,2,3.600760116264428e-271,497.686243149567,92.35556522099219,1.331998346195134e-256,1.735385874628415e-254,6.925793771846065e-252,497.6862431495801,mpmath_1792,851
sampling_10,10,Float64,false,diagonalcheap,complexschur,13,3,1.24288416409483e-17,33.75501979845533,13.507484270998921,2.220446049250313e-16,2.293728687850855e-15,1.1291879747979e-13,34.40043687738181,mpmath_1792,53
sampling_10,10,Float64,false,diagonalcheap,complexschur,37,3,1.273380480802678e-90,34.46530620482614,12.420101745583672,1.727233711018889e-77,2.328521136564527e-76,1.021952199761103e-74,34.40043687738181,mpmath_1792,256
sampling_10,10,Float64,false,diagonalcheap,complexschur,91,2,2.50343305430157e-270,532.6676810873363,78.86436404895285,1.331998346195134e-256,2.367140578590301e-255,1.499791960897553e-252,497.6862431495801,mpmath_1792,851
sampling_10,10,Float64,false,diagonalcheap,realschur,13,3,1.24288416409483e-17,33.75501979845532,13.507484270998921,2.220446049250313e-16,2.293728687850855e-15,1.1291879747979e-13,34.40043687738181,mpmath_1792,53
sampling_10,10,Float64,false,diagonalcheap,realschur,37,3,1.273380480802678e-90,34.46530620482615,12.420101745583672,1.727233711018889e-77,2.328521136564527e-76,1.021952199761103e-74,34.40043687738181,mpmath_1792,256
sampling_10,10,Float64,false,diagonalcheap,realschur,91,2,2.50343305430157e-270,532.6676810873364,78.86436404895285,1.331998346195134e-256,2.367140578590301e-255,1.499791960897553e-252,497.6862431495801,mpmath_1792,851
sampling_10,10,Float64,false,taylor,transfree,30,3,6.938893903907228e-18,30.79960435870673,1,2.220446049250313e-16,1.29751174421684e-16,4.380755072106195e-15,34.40043687738181,mpmath_1792,53
sampling_10,10,Float64,false,taylor,transfree,81,3,1.746410000279666e-88,30.79960435870673,1,1.727233711018889e-77,8.565243487762012e-78,2.883806317072347e-76,34.40043687738181,mpmath_1792,256
sampling_10,10,Float64,false,taylor,transfree,90,9,2.32622538429221e-268,1.095381423655211,1,1.331998346195134e-256,2.643630001519027e-257,5.310887823568955e-257,1.095381423655211,mpmath_1792,851
sampling_10,10,Float64,false,taylor,complexschur,30,3,3.469446951953614e-18,28.85344094736115,1,2.220446049250313e-16,2.481007183786941e-15,1.224823280028501e-13,34.40043687738181,mpmath_1792,53
sampling_10,10,Float64,false,taylor,complexschur,81,3,4.828093423120314e-88,28.85344094757442,1,1.727233711018889e-77,2.388716761112156e-76,1.042463100079452e-74,34.40043687738181,mpmath_1792,256
sampling_10,10,Float64,false,taylor,complexschur,90,9,7.25524378163695e-268,1.067790954808435,1,1.331998346195134e-256,1.072202374484421e-255,3.879622493903048e-255,1.095381423655211,mpmath_1792,851
sampling_10,10,Float64,false,taylor,realschur,30,3,3.469446951953614e-18,28.85344094736115,1,2.220446049250313e-16,2.481007183786941e-15,1.224823280028501e-13,34.40043687738181,mpmath_1792,53
sampling_10,10,Float64,false,taylor,realschur,81,3,4.828093423120314e-88,28.85344094757442,1,1.727233711018889e-77,2.388716761112156e-76,1.042463100079452e-74,34.40043687738181,mpmath_1792,256
sampling_10,10,Float64,false,taylor,realschur,90,9,7.25524378163695e-268,1.067790954808435,1,1.331998346195134e-256,1.072202374484421e-255,3.879622493903048e-255,1.095381423655211,mpmath_1792,851
toeppd_10,10,Float64,true,diagonalcheap,transfree,0,0,NaN,NaN,NaN,2.220446049250313e-16,2.5048465930332e-15,5.279456486981584e-10,208018.1766202938,mpmath_1792,53
toeppd_10,10,Float64,true,diagonalcheap,transfree,0,0,NaN,NaN,NaN,1.727233711018889e-77,2.579820095280395e-76,4.960393037898361e-71,208018.1766202938,mpmath_1792,256
toeppd_10,10,Float64,true,diagonalcheap,transfree,0,0,NaN,NaN,NaN,1.331998346195134e-256,2.22886444149256e-255,4.475542632146243e-250,208018.1766202938,mpmath_1792,851
toeppd_10,10,Float64,true,diagonalcheap,complexschur,17,1,3.096972312125733e-15,381.4901405339046,21.019214089846628,2.220446049250313e-16,1.664196699175879e-15,7.656596071493775e-13,545.6637658997959,mpmath_1792,53
toeppd_10,10,Float64,true,diagonalcheap,complexschur,43,1,8.45822429161146e-88,381.4901405339242,19.377907440715898,1.727233711018889e-77,4.084078861225297e-76,2.145255590422216e-73,545.6637658997959,mpmath_1792,256
toeppd_10,10,Float64,true,diagonalcheap,complexschur,91,2,1.671819795581102e-302,19.53177259067659,4.3154928527436525,1.331998346195134e-256,4.345236242555849e-255,1.435022321249936e-253,27.49757918848375,mpmath_1792,851
toeppd_10,10,Float64,true,diagonalcheap,realschur,17,1,3.096972312125733e-15,381.4901405339047,21.019214089846628,2.220446049250313e-16,1.664196699175879e-15,7.656596071493775e-13,545.6637658997959,mpmath_1792,53
toeppd_10,10,Float64,true,diagonalcheap,realschur,43,1,8.45822429161146e-88,381.4901405339242,19.377907440715898,1.727233711018889e-77,4.084078861225297e-76,2.145255590422216e-73,545.6637658997959,mpmath_1792,256
toeppd_10,10,Float64,true,diagonalcheap,realschur,91,2,1.671819795581102e-302,19.53177259067659,4.3154928527436525,1.331998346195134e-256,4.345236242555849e-255,1.435022321249936e-253,27.49757918848375,mpmath_1792,851
toeppd_10,10,Float64,true,taylor,transfree,0,0,NaN,NaN,NaN,2.220446049250313e-16,2.5048465930332e-15,5.279456486981584e-10,208018.1766202938,mpmath_1792,53
toeppd_10,10,Float64,true,taylor,transfree,0,0,NaN,NaN,NaN,1.727233711018889e-77,2.579820095280395e-76,4.960393037898361e-71,208018.1766202938,mpmath_1792,256
toeppd_10,10,Float64,true,taylor,transfree,0,0,NaN,NaN,NaN,1.331998346195134e-256,2.22886444149256e-255,4.475542632146243e-250,208018.1766202938,mpmath_1792,851
toeppd_10,10,Float64,true,taylor,complexschur,30,2,3.469446951953614e-18,16.01485989112157,1,2.220446049250313e-16,1.330384136606836e-15,3.790654002851366e-14,27.49757918848375,mpmath_1792,53
toeppd_10,10,Float64,true,taylor,complexschur,81,2,1.346833478580401e-84,16.01485989112157,1,1.727233711018889e-77,2.528045931825643e-76,7.864063031066974e-75,27.49757918848375,mpmath_1792,256
toeppd_10,10,Float64,true,taylor,complexschur,90,8,3.588152638785197e-262,1.047533301914718,1,1.331998346195134e-256,8.510368923729506e-256,3.12868997102908e-255,1.06924328181472,mpmath_1792,851
toeppd_10,10,Float64,true,taylor,realschur,30,2,3.469446951953614e-18,16.01485989112157,1,2.220446049250313e-16,1.330384136606836e-15,3.790654002851366e-14,27.49757918848375,mpmath_1792,53
toeppd_10,10,Float64,true,taylor,realschur,81,2,1.346833478580401e-84,16.01485989112157,1,1.727233711018889e-77,2.528045931825643e-76,7.864063031066974e-75,27.49757918848375,mpmath_1792,256
toeppd_10,10,Float64,true,taylor,realschur,90,8,3.588152638785197e-262,1.047533301914718,1,1.331998346195134e-256,8.510368923729506e-256,3.12868997102908e-255,1.06924328181472,mpmath_1792,851
symtridiagonal_10_2_-1,10,Float64,true,diagonalcheap,transfree,0,0,NaN,NaN,NaN,2.220446049250313e-16,1.13156284318921e-15,9.654167760174789e-14,54.48251828315611,mpmath_1792,53
symtridiagonal_10_2_-1,10,Float64,true,diagonalcheap,transfree,0,0,NaN,NaN,NaN,1.727233711018889e-77,1.022951820711676e-76,1.068816664767344e-74,54.48251828315611,mpmath_1792,256
symtridiagonal_10_2_-1,10,Float64,true,diagonalcheap,transfree,0,0,NaN,NaN,NaN,1.331998346195134e-256,6.357156884032203e-256,5.467384120771024e-254,54.48251828315611,mpmath_1792,851
symtridiagonal_10_2_-1,10,Float64,true,diagonalcheap,complexschur,13,0,1.395265040043313e-16,50.3493619720864,7.355817195326296,2.220446049250313e-16,3.313194517945556e-15,2.559755652528972e-13,54.48251828315611,mpmath_1792,53
symtridiagonal_10_2_-1,10,Float64,true,diagonalcheap,complexschur,37,0,3.763352332257303e-85,50.34936197208663,6.995476281745695,1.727233711018889e-77,3.444013472261666e-76,2.681733080154031e-74,54.48251828315611,mpmath_1792,256
symtridiagonal_10_2_-1,10,Float64,true,diagonalcheap,complexschur,91,0,4.168265876709859e-280,50.34936197208628,6.886668568159312,1.331998346195134e-256,4.928433068786625e-255,4.216171515771108e-253,54.48251828315611,mpmath_1792,851
symtridiagonal_10_2_-1,10,Float64,true,diagonalcheap,realschur,13,0,1.395265040043313e-16,50.3493619720864,7.355817195326296,2.220446049250313e-16,3.313194517945556e-15,2.559755652528972e-13,54.48251828315611,mpmath_1792,53
symtridiagonal_10_2_-1,10,Float64,true,diagonalcheap,realschur,37,0,3.763352332257303e-85,50.34936197208663,6.995476281745695,1.727233711018889e-77,3.444013472261666e-76,2.681733080154031e-74,54.48251828315611,mpmath_1792,256
symtridiagonal_10_2_-1,10,Float64,true,diagonalcheap,realschur,91,0,4.168265876709859e-280,50.34936197208629,6.886668568159312,1.331998346195134e-256,4.928433068786625e-255,4.216171515771108e-253,54.48251828315611,mpmath_1792,851
symtridiagonal_10_2_-1,10,Float64,true,taylor,transfree,0,0,NaN,NaN,NaN,2.220446049250313e-16,1.13156284318921e-15,9.654167760174789e-14,54.48251828315611,mpmath_1792,53
symtridiagonal_10_2_-1,10,Float64,true,taylor,transfree,0,0,NaN,NaN,NaN,1.727233711018889e-77,1.022951820711676e-76,1.068816664767344e-74,54.48251828315611,mpmath_1792,256
symtridiagonal_10_2_-1,10,Float64,true,taylor,transfree,0,0,NaN,NaN,NaN,1.331998346195134e-256,6.357156884032203e-256,5.467384120771024e-254,54.48251828315611,mpmath_1792,851
symtridiagonal_10_2_-1,10,Float64,true,taylor,complexschur,25,1,8.673617379884035e-19,6.1332483527347,1,2.220446049250313e-16,2.350229260161044e-15,3.181962619005966e-14,7.388116259335329,mpmath_1792,53
symtridiagonal_10_2_-1,10,Float64,true,taylor,complexschur,72,1,4.873295742112092e-85,6.1332483527347,1,1.727233711018889e-77,1.952550534268919e-76,2.783878400138208e-75,7.388116259335329,mpmath_1792,256
symtridiagonal_10_2_-1,10,Float64,true,taylor,complexschur,90,7,1.235570117764006e-278,1.031090600711524,1,1.331998346195134e-256,7.878813587144898e-256,2.834814446657436e-255,1.031743407498855,mpmath_1792,851
symtridiagonal_10_2_-1,10,Float64,true,taylor,realschur,25,1,8.673617379884035e-19,6.1332483527347,1,2.220446049250313e-16,2.350229260161044e-15,3.181962619005966e-14,7.388116259335329,mpmath_1792,53
symtridiagonal_10_2_-1,10,Float64,true,taylor,realschur,72,1,4.873295742112092e-85,6.1332483527347,1,1.727233711018889e-77,1.952550534268919e-76,2.783878400138208e-75,7.388116259335329,mpmath_1792,256
symtridiagonal_10_2_-1,10,Float64,true,taylor,realschur,90,7,1.235570117764006e-278,1.031090600711524,1,1.331998346195134e-256,7.878813587144898e-256,2.834814446657436e-255,1.031743407498855,mpmath_1792,851
wathen_2_2,21,Float64,true,diagonalcheap,transfree,0,0,NaN,NaN,NaN,2.220446049250313e-16,1.454735654843594e-13,2.224938275286079e+72,1.53031441900692e+85,mpmath_1792,53
wathen_2_2,21,Float64,true,diagonalcheap,transfree,0,0,NaN,NaN,NaN,1.727233711018889e-77,9.466485241842153e-75,145056422290.9765,1.53031441900692e+85,mpmath_1792,256
wathen_2_2,21,Float64,true,diagonalcheap,transfree,0,0,NaN,NaN,NaN,1.331998346195134e-256,2.619281283558983e-254,3.926805768410146e-169,1.53031441900692e+85,mpmath_1792,851
wathen_2_2,21,Float64,true,diagonalcheap,complexschur,13,5,3.14608057608508e-14,170.7634896097015,23.67579094780854,2.220446049250313e-16,7.252435601859866e-15,5.730703142065716e-12,682.6268013811423,mpmath_1792,53
wathen_2_2,21,Float64,true,diagonalcheap,complexschur,37,5,9.077509192237743e-76,170.763489609701,21.783948344433863,1.727233711018889e-77,1.437557337640511e-75,1.180475079560173e-72,682.6268013811423,mpmath_1792,256
wathen_2_2,21,Float64,true,diagonalcheap,complexschur,91,5,5.208402907262605e-258,170.7634896096977,21.223230994951546,1.331998346195134e-256,5.568891737933729e-255,4.33028961401119e-252,682.6268013811423,mpmath_1792,851
wathen_2_2,21,Float64,true,diagonalcheap,realschur,13,5,3.14608057608508e-14,170.7634896097015,23.675790947808544,2.220446049250313e-16,7.252435601859866e-15,5.730703142065716e-12,682.6268013811423,mpmath_1792,53
wathen_2_2,21,Float64,true,diagonalcheap,realschur,37,5,9.077509192237743e-76,170.763489609701,21.783948344433863,1.727233711018889e-77,1.437557337640511e-75,1.180475079560173e-72,682.6268013811423,mpmath_1792,256
wathen_2_2,21,Float64,true,diagonalcheap,realschur,91,5,5.208402907262605e-258,170.7634896096977,21.223230994951546,1.331998346195134e-256,5.568891737933729e-255,4.33028961401119e-252,682.6268013811423,mpmath_1792,851
wathen_2_2,21,Float64,true,taylor,transfree,0,0,NaN,NaN,NaN,2.220446049250313e-16,1.454735654843594e-13,2.224938275286079e+72,1.53031441900692e+85,mpmath_1792,53
wathen_2_2,21,Float64,true,taylor,transfree,0,0,NaN,NaN,NaN,1.727233711018889e-77,9.466485241842153e-75,145056422290.9765,1.53031441900692e+85,mpmath_1792,256
wathen_2_2,21,Float64,true,taylor,transfree,0,0,NaN,NaN,NaN,1.331998346195134e-256,2.619281283558983e-254,3.926805768410146e-169,1.53031441900692e+85,mpmath_1792,851
wathen_2_2,21,Float64,true,taylor,complexschur,36,5,0,100.9830548165346,1,2.220446049250313e-16,7.252435601859866e-15,5.730703142065716e-12,682.6268013811423,mpmath_1792,53
wathen_2_2,21,Float64,true,taylor,complexschur,90,5,3.924358689501857e-76,100.983054816535,1,1.727233711018889e-77,1.437557337640511e-75,1.180475079560173e-72,682.6268013811423,mpmath_1792,256
wathen_2_2,21,Float64,true,taylor,complexschur,90,12,6.499769890738661e-268,1.040975686626405,1,1.331998346195134e-256,1.238841653556541e-255,5.760961623214086e-255,1.068226488126861,mpmath_1792,851
wathen_2_2,21,Float64,true,taylor,realschur,36,5,0,100.9830548165346,1,2.220446049250313e-16,7.252435601859866e-15,5.730703142065716e-12,682.6268013811423,mpmath_1792,53
wathen_2_2,21,Float64,true,taylor,realschur,90,5,3.924358689501857e-76,100.983054816535,1,1.727233711018889e-77,1.437557337640511e-75,1.180475079560173e-72,682.6268013811423,mpmath_1792,256
wathen_2_2,21,Float64,true,taylor,realschur,90,12,6.499769890738661e-268,1.040975686626405,1,1.331998346195134e-256,1.238841653556541e-255,5.760961623214086e-255,1.068226488126861,mpmath_1792,851
wilkinson_3,3,Float64,true,diagonalcheap,transfree,0,0,NaN,NaN,NaN,2.220446049250313e-16,2.621679104166334e-16,2.16122012137135e-15,7.38905609893065,mpmath_1792,53
wilkinson_3,3,Float64,true,diagonalcheap,transfree,0,0,NaN,NaN,NaN,1.727233711018889e-77,1.492427096955733e-77,1.147319177991214e-76,7.38905609893065,mpmath_1792,256
wilkinson_3,3,Float64,true,diagonalcheap,transfree,0,0,NaN,NaN,NaN,1.331998346195134e-256,1.797798415298571e-256,1.759010078210835e-255,7.38905609893065,mpmath_1792,851
wilkinson_3,3,Float64,true,diagonalcheap,complexschur,9,0,6.871153465948789e-16,7.38905609893065,4.581402147183758,2.220446049250313e-16,3.297096960707666e-16,3.150957678897078e-15,7.38905609893065,mpmath_1792,53
wilkinson_3,3,Float64,true,diagonalcheap,complexschur,31,0,7.503934966252367e-86,7.389056098930644,4.509320485841965,1.727233711018889e-77,5.924053288664019e-77,6.28614843741298e-76,7.38905609893065,mpmath_1792,256
wilkinson_3,3,Float64,true,diagonalcheap,complexschur,81,0,1.185186257685771e-289,7.389056098930649,4.492139698009942,1.331998346195134e-256,1.648181983606824e-256,1.847870624321929e-255,7.38905609893065,mpmath_1792,851
wilkinson_3,3,Float64,true,diagonalcheap,realschur,9,0,6.871153465948789e-16,7.38905609893065,4.581402147183758,2.220446049250313e-16,3.297096960707666e-16,3.150957678897078e-15,7.38905609893065,mpmath_1792,53
wilkinson_3,3,Float64,true,diagonalcheap,realschur,31,0,7.503934966252367e-86,7.389056098930644,4.509320485841965,1.727233711018889e-77,5.924053288664019e-77,6.28614843741298e-76,7.38905609893065,mpmath_1792,256
wilkinson_3,3,Float64,true,diagonalcheap,realschur,81,0,1.185186257685771e-289,7.389056098930648,4.492139698009942,1.331998346195134e-256,1.648181983606824e-256,1.847870624321929e-255,7.38905609893065,mpmath_1792,851
wilkinson_3,3,Float64,true,taylor,transfree,0,0,NaN,NaN,NaN,2.220446049250313e-16,2.621679104166334e-16,2.16122012137135e-15,7.38905609893065,mpmath_1792,53
wilkinson_3,3,Float64,true,taylor,transfree,0,0,NaN,NaN,NaN,1.727233711018889e-77,1.492427096955733e-77,1.147319177991214e-76,7.38905609893065,mpmath_1792,256
wilkinson_3,3,Float64,true,taylor,transfree,0,0,NaN,NaN,NaN,1.331998346195134e-256,1.797798415298571e-256,1.759010078210835e-255,7.38905609893065,mpmath_1792,851
wilkinson_3,3,Float64,true,taylor,complexschur,25,0,8.673617379884035e-19,6.333333333333335,1,2.220446049250313e-16,3.297096960707666e-16,3.150957678897078e-15,7.38905609893065,mpmath_1792,53
wilkinson_3,3,Float64,true,taylor,complexschur,72,0,2.171529271642895e-84,6.333333333333333,1,1.727233711018889e-77,5.924053288664019e-77,6.28614843741298e-76,7.38905609893065,mpmath_1792,256
wilkinson_3,3,Float64,true,taylor,complexschur,90,6,7.952841619508678e-278,1.031743407499103,1,1.331998346195134e-256,3.515598057841193e-256,6.711159273242955e-256,1.031743407499103,mpmath_1792,851
wilkinson_3,3,Float64,true,taylor,realschur,25,0,8.673617379884035e-19,6.333333333333335,1,2.220446049250313e-16,3.297096960707666e-16,3.150957678897078e-15,7.38905609893065,mpmath_1792,53
wilkinson_3,3,Float64,true,taylor,realschur,72,0,2.171529271642895e-84,6.333333333333333,1,1.727233711018889e-77,5.924053288664019e-77,6.28614843741298e-76,7.38905609893065,mpmath_1792,256
wilkinson_3,3,Float64,true,taylor,realschur,90,6,7.952841619508678e-278,1.031743407499103,1,1.331998346195134e-256,3.515598057841193e-256,6.711159273242955e-256,1.031743407499103,mpmath_1792,851
wilkinson_4,4,Float64,true,diagonalcheap,transfree,0,0,NaN,NaN,NaN,2.220446049250313e-16,6.900433058954287e-16,1.112093482944312e-14,12.18249396070347,mpmath_1792,53
wilkinson_4,4,Float64,true,diagonalcheap,transfree,0,0,NaN,NaN,NaN,1.727233711018889e-77,2.945746082738263e-77,4.139015075934834e-76,12.18249396070347,mpmath_1792,256
wilkinson_4,4,Float64,true,diagonalcheap,transfree,0,0,NaN,NaN,NaN,1.331998346195134e-256,4.659253331936051e-256,7.156929728297136e-255,12.18249396070347,mpmath_1792,851
wilkinson_4,4,Float64,true,diagonalcheap,complexschur,13,0,3.123357510996013e-18,12.18249396070346,5.6640337559695455,2.220446049250313e-16,1.647631711729897e-15,2.795891563736239e-14,12.18249396070347,mpmath_1792,53
wilkinson_4,4,Float64,true,diagonalcheap,complexschur,31,0,1.590914746781266e-79,12.18249396070348,5.574478399465781,1.727233711018889e-77,1.843925497645956e-76,3.540121028751963e-75,12.18249396070347,mpmath_1792,256
wilkinson_4,4,Float64,true,diagonalcheap,complexschur,81,0,1.22677477474929e-273,12.18249396070348,5.536210368664948,1.331998346195134e-256,1.58771033750414e-255,2.627622876120074e-254,12.18249396070347,mpmath_1792,851
wilkinson_4,4,Float64,true,diagonalcheap,realschur,13,0,3.123357510996013e-18,12.18249396070346,5.6640337559695455,2.220446049250313e-16,1.647631711729897e-15,2.795891563736239e-14,12.18249396070347,mpmath_1792,53
wilkinson_4,4,Float64,true,diagonalcheap,realschur,31,0,1.590914746781266e-79,12.18249396070348,5.574478399465781,1.727233711018889e-77,1.843925497645956e-76,3.540121028751963e-75,12.18249396070347,mpmath_1792,256
wilkinson_4,4,Float64,true,diagonalcheap,realschur,81,0,1.22677477474929e-273,12.18249396070348,5.536210368664948,1.331998346195134e-256,1.58771033750414e-255,2.627622876120074e-254,12.18249396070347,mpmath_1792,851
wilkinson_4,4,Float64,true,taylor,transfree,0,0,NaN,NaN,NaN,2.220446049250313e-16,6.900433058954287e-16,1.112093482944312e-14,12.18249396070347,mpmath_1792,53
wilkinson_4,4,Float64,true,taylor,transfree,0,0,NaN,NaN,NaN,1.727233711018889e-77,2.945746082738263e-77,4.139015075934834e-76,12.18249396070347,mpmath_1792,256
wilkinson_4,4,Float64,true,taylor,transfree,0,0,NaN,NaN,NaN,1.331998346195134e-256,4.659253331936051e-256,7.156929728297136e-255,12.18249396070347,mpmath_1792,851
wilkinson_4,4,Float64,true,taylor,complexschur,25,0,6.418476861114186e-17,9.229166666666663,1,2.220446049250313e-16,1.647631711729897e-15,2.795891563736239e-14,12.18249396070347,mpmath_1792,53
wilkinson_4,4,Float64,true,taylor,complexschur,72,0,2.5954968372065e-77,9.229166666666667,1,1.727233711018889e-77,1.843925497645956e-76,3.540121028751963e-75,12.18249396070347,mpmath_1792,256
wilkinson_4,4,Float64,true,taylor,complexschur,90,6,5.240472070714768e-269,1.03983547133623,1,1.331998346195134e-256,5.77615641995291e-256,1.306492236022416e-255,1.03983547133623,mpmath_1792,851
wilkinson_4,4,Float64,true,taylor,realschur,25,0,6.418476861114186e-17,9.229166666666663,1,2.220446049250313e-16,1.647631711729897e-15,2.795891563736239e-14,12.18249396070347,mpmath_1792,53
wilkinson_4,4,Float64,true,taylor,realschur,72,0,2.5954968372065e-77,9.229166666666667,1,1.727233711018889e-77,1.843925497645956e-76,3.540121028751963e-75,12.18249396070347,mpmath_1792,256
wilkinson_4,4,Float64,true,taylor,realschur,90,6,5.240472070714768e-269,1.03983547133623,1,1.331998346195134e-256,5.77615641995291e-256,1.306492236022416e-255,1.03983547133623,mpmath_1792,851
wilkinson_5,5,Float64,true,diagonalcheap,transfree,0,0,NaN,NaN,NaN,2.220446049250313e-16,4.882231903368238e-16,1.161037059282347e-14,19.13549674692646,mpmath_1792,53
wilkinson_5,5,Float64,true,diagonalcheap,transfree,0,0,NaN,NaN,NaN,1.727233711018889e-77,5.418090746116016e-77,1.627792867409127e-75,19.13549674692646,mpmath_1792,256
wilkinson_5,5,Float64,true,diagonalcheap,transfree,0,0,NaN,NaN,NaN,1.331998346195134e-256,1.595510949199984e-256,3.901784673964286e-255,19.13549674692646,mpmath_1792,851
wilkinson_5,5,Float64,true,diagonalcheap,complexschur,13,0,7.554168783643177e-18,17.47560403367139,7.557133121460952,2.220446049250313e-16,9.615993293974877e-16,2.912413880628532e-14,19.13549674692646,mpmath_1792,53
wilkinson_5,5,Float64,true,diagonalcheap,complexschur,37,0,2.601431767268427e-91,17.4756040336714,7.387132224664055,1.727233711018889e-77,1.23093703217538e-76,3.442834373541567e-75,19.13549674692646,mpmath_1792,256
wilkinson_5,5,Float64,true,diagonalcheap,complexschur,81,0,6.167863508882449e-264,17.47560403367137,7.339315432320855,1.331998346195134e-256,6.860739038510492e-256,2.070087125777373e-254,19.13549674692646,mpmath_1792,851
wilkinson_5,5,Float64,true,diagonalcheap,realschur,13,0,7.554168783643177e-18,17.47560403367139,7.557133121460952,2.220446049250313e-16,9.615993293974877e-16,2.912413880628532e-14,19.13549674692646,mpmath_1792,53
wilkinson_5,5,Float64,true,diagonalcheap,realschur,37,0,2.601431767268427e-91,17.4756040336714,7.387132224664055,1.727233711018889e-77,1.23093703217538e-76,3.442834373541567e-75,19.13549674692646,mpmath_1792,256
wilkinson_5,5,Float64,true,diagonalcheap,realschur,81,0,6.167863508882449e-264,17.47560403367137,7.339315432320855,1.331998346195134e-256,6.860739038510492e-256,2.070087125777373e-254,19.13549674692646,mpmath_1792,851
wilkinson_5,5,Float64,true,taylor,transfree,0,0,NaN,NaN,NaN,2.220446049250313e-16,4.882231903368238e-16,1.161037059282347e-14,19.13549674692646,mpmath_1792,53
wilkinson_5,5,Float64,true,taylor,transfree,0,0,NaN,NaN,NaN,1.727233711018889e-77,5.418090746116016e-77,1.627792867409127e-75,19.13549674692646,mpmath_1792,256
wilkinson_5,5,Float64,true,taylor,transfree,0,0,NaN,NaN,NaN,1.331998346195134e-256,1.595510949199984e-256,3.901784673964286e-255,19.13549674692646,mpmath_1792,851
wilkinson_5,5,Float64,true,taylor,complexschur,25,0,2.046973701652632e-15,11.85515029116184,1,2.220446049250313e-16,9.615993293974877e-16,2.912413880628532e-14,19.13549674692646,mpmath_1792,53
wilkinson_5,5,Float64,true,taylor,complexschur,81,0,5.891771249713699e-86,11.85515029116183,1,1.727233711018889e-77,1.23093703217538e-76,3.442834373541567e-75,19.13549674692646,mpmath_1792,256
wilkinson_5,5,Float64,true,taylor,complexschur,90,6,1.115062837587121e-263,1.045714194252943,1,1.331998346195134e-256,5.23056837039623e-256,1.822996503050275e-255,1.047990351112982,mpmath_1792,851
wilkinson_5,5,Float64,true,taylor,realschur,25,0,2.046973701652632e-15,11.85515029116184,1,2.220446049250313e-16,9.615993293974877e-16,2.912413880628532e-14,19.13549674692646,mpmath_1792,53
wilkinson_5,5,Float64,true,taylor,realschur,81,0,5.891771249713699e-86,11.85515029116183,1,1.727233711018889e-77,1.23093703217538e-76,3.442834373541567e-75,19.13549674692646,mpmath_1792,256
wilkinson_5,5,Float64,true,taylor,realschur,90,6,1.115062837587121e-263,1.045714194252943,1,1.331998346195134e-256,5.23056837039623e-256,1.822996503050275e-255,1.047990351112982,mpmath_1792,851
binomial_10,10,Int64,false,diagonalcheap,transfree,7,5,1.247056834776768e-17,12.52204886472465,40.44202109952058,2.220446049250313e-16,4.244930578008868e-16,6.384247337829624e-15,12.52204886472465,mpmath_1792,53
binomial_10,10,Int64,false,diagonalcheap,transfree,37,3,1.902341202837066e-85,132.1758205092697,934.5484482674502,1.727233711018889e-77,1.343022804628612e-76,2.147529068649211e-74,132.1758205092694,mpmath_1792,256
binomial_10,10,Int64,false,diagonalcheap,transfree,91,3,1.094371230181103e-305,132.175820509269,934.5484482674442,1.331998346195134e-256,7.546660863467703e-256,1.038609104682545e-253,132.1758205092694,mpmath_1792,851
binomial_10,10,Int64,false,diagonalcheap,complexschur,7,5,9.42028549243103e-18,9.656707052860387,22.122952010421997,2.220446049250313e-16,4.984807544072751e-16,6.779258335016174e-15,12.52204886472465,mpmath_1792,53
binomial_10,10,Int64,false,diagonalcheap,complexschur,37,3,1.035188768561024e-86,93.56861248726199,558.2410178549695,1.727233711018889e-77,4.036360888968805e-76,4.534869362276561e-74,132.1758205092694,mpmath_1792,256
binomial_10,10,Int64,false,diagonalcheap,complexschur,91,3,1.027797469143416e-305,124.0743509109547,935.4185634953518,1.331998346195134e-256,2.08057548822792e-255,2.487076258182047e-253,132.1758205092694,mpmath_1792,851
binomial_10,10,Int64,false,diagonalcheap,realschur,9,4,4.37849471647986e-18,23.34633215702801,76.646858236754,2.220446049250313e-16,6.163295244191074e-16,2.242986953230135e-14,30.57038515078683,mpmath_1792,53
binomial_10,10,Int64,false,diagonalcheap,realschur,37,3,1.035188768561024e-86,93.56861248726221,558.2410178549695,1.727233711018889e-77,4.036360888968805e-76,4.534869362276561e-74,132.1758205092694,mpmath_1792,256
binomial_10,10,Int64,false,diagonalcheap,realschur,91,3,1.027797469143416e-305,124.0743509109548,935.418563495352,1.331998346195134e-256,2.08057548822792e-255,2.487076258182047e-253,132.1758205092694,mpmath_1792,851
binomial_10,10,Int64,false,taylor,transfree,30,3,2.05391259555654e-15,104.5,1,2.220446049250313e-16,7.957385331281766e-17,1.031902052789997e-14,132.1758205092694,mpmath_1792,53
binomial_10,10,Int64,false,taylor,transfree,81,3,9.958850058876932e-76,104.5,1,1.727233711018889e-77,3.979828998283486e-78,6.607827181518394e-76,132.1758205092694,mpmath_1792,256
binomial_10,10,Int64,false,taylor,transfree,90,10,7.141759227380505e-282,1.324489286192862,1,1.331998346195134e-256,2.615249633480066e-257,4.867060172404681e-257,1.324489286192862,mpmath_1792,851
binomial_10,10,Int64,false,taylor,complexschur,30,3,5.620504062164855e-16,87.03913714310281,1,2.220446049250313e-16,9.379860261396215e-16,1.479706180056353e-13,132.1758205092694,mpmath_1792,53
binomial_10,10,Int64,false,taylor,complexschur,81,3,5.685922516529128e-77,83.31274994288297,1,1.727233711018889e-77,3.028692298217003e-76,3.787787243551898e-74,132.1758205092694,mpmath_1792,256
binomial_10,10,Int64,false,taylor,complexschur,90,10,1.257790826455961e-281,1.303251280384473,1,1.331998346195134e-256,4.305166968543362e-256,1.40855833859487e-255,1.324489286192862,mpmath_1792,851
binomial_10,10,Int64,false,taylor,realschur,30,3,5.620504062164855e-16,82.37420680826517,1,2.220446049250313e-16,1.037845671128534e-15,1.493028856351855e-13,132.1758205092694,mpmath_1792,53
binomial_10,10,Int64,false,taylor,realschur,81,3,5.685922516529128e-77,83.31274994288297,1,1.727233711018889e-77,3.028692298217003e-76,3.787787243551898e-74,132.1758205092694,mpmath_1792,256
binomial_10,10,Int64,false,taylor,realschur,90,10,1.257790826455961e-281,1.303251280384473,1,1.331998346195134e-256,4.305166968543362e-256,1.40855833859487e-255,1.324489286192862,mpmath_1792,851
fiedler_10,10,Int64,true,diagonalcheap,transfree,0,0,NaN,NaN,NaN,2.220446049250313e-16,3.383149090446863e-15,3.639351051395297,1041599933981322,mpmath_1792,53
fiedler_10,10,Int64,true,diagonalcheap,transfree,0,0,NaN,NaN,NaN,1.727233711018889e-77,6.188069639046872e-76,6.565293726998503e-61,1041599933981322,mpmath_1792,256
fiedler_10,10,Int64,true,diagonalcheap,transfree,0,0,NaN,NaN,NaN,1.331998346195134e-256,2.194120030196377e-254,2.297344249917311e-239,1041599933981322,mpmath_1792,851
fiedler_10,10,Int64,true,diagonalcheap,complexschur,13,3,3.334459154490888e-16,73.17537586950004,32.5449815926589,2.220446049250313e-16,5.134623511021966e-15,4.582781121714769e-13,92.57622140931323,mpmath_1792,53
fiedler_10,10,Int64,true,diagonalcheap,complexschur,49,2,2.883386826368053e-86,5354.635633643246,1000.3576441597345,1.727233711018889e-77,1.311792761037717e-75,9.727339975536783e-72,6784.317850203033,mpmath_1792,256
fiedler_10,10,Int64,true,diagonalcheap,complexschur,91,3,1.06167442589019e-272,73.17537586949945,30.927138432156166,1.331998346195134e-256,2.929406103154213e-255,2.535579164996052e-253,92.57622140931323,mpmath_1792,851
fiedler_10,10,Int64,true,diagonalcheap,realschur,13,3,3.334459154490888e-16,73.17537586950004,32.5449815926589,2.220446049250313e-16,5.134623511021966e-15,4.582781121714769e-13,92.57622140931323,mpmath_1792,53
fiedler_10,10,Int64,true,diagonalcheap,realschur,49,2,2.883386826368053e-86,5354.635633643246,1000.3576441597345,1.727233711018889e-77,1.311792761037717e-75,9.727339975536783e-72,6784.317850203033,mpmath_1792,256
fiedler_10,10,Int64,true,diagonalcheap,realschur,91,3,1.06167442589019e-272,73.17537586949945,30.927138432156166,1.331998346195134e-256,2.929406103154213e-255,2.535579164996052e-253,92.57622140931323,mpmath_1792,851
fiedler_10,10,Int64,true,taylor,transfree,0,0,NaN,NaN,NaN,2.220446049250313e-16,3.383149090446863e-15,3.639351051395297,1041599933981322,mpmath_1792,53
fiedler_10,10,Int64,true,taylor,transfree,0,0,NaN,NaN,NaN,1.727233711018889e-77,6.188069639046872e-76,6.565293726998503e-61,1041599933981322,mpmath_1792,256
fiedler_10,10,Int64,true,taylor,transfree,0,0,NaN,NaN,NaN,1.331998346195134e-256,2.194120030196377e-254,2.297344249917311e-239,1041599933981322,mpmath_1792,851
fiedler_10,10,Int64,true,taylor,complexschur,30,3,5.773159728050814e-15,41.84304808425213,1,2.220446049250313e-16,5.134623511021966e-15,4.582781121714769e-13,92.57622140931323,mpmath_1792,53
fiedler_10,10,Int64,true,taylor,complexschur,90,3,2.949219193865395e-83,41.84304808425199,1,1.727233711018889e-77,6.81969717353276e-76,7.425612254632588e-74,92.57622140931323,mpmath_1792,256
fiedler_10,10,Int64,true,taylor,complexschur,90,10,4.93192479599158e-275,1.034106698391703,1,1.331998346195134e-256,7.227967490917542e-256,2.792867785299745e-255,1.044661458287237,mpmath_1792,851
fiedler_10,10,Int64,true,taylor,realschur,30,3,5.773159728050814e-15,41.84304808425213,1,2.220446049250313e-16,5.134623511021966e-15,4.582781121714769e-13,92.57622140931323,mpmath_1792,53
fiedler_10,10,Int64,true,taylor,realschur,90,3,2.949219193865395e-83,41.84304808425199,1,1.727233711018889e-77,6.81969717353276e-76,7.425612254632588e-74,92.57622140931323,mpmath_1792,256
fiedler_10,10,Int64,true,taylor,realschur,90,10,4.93192479599158e-275,1.034106698391703,1,1.331998346195134e-256,7.227967490917542e-256,2.792867785299745e-255,1.044661458287237,mpmath_1792,851
householder_10,10,Float64,true,diagonalcheap,transfree,0,0,NaN,NaN,NaN,2.220446049250313e-16,3.694655464145019e-16,2.493568214046258e-15,4.892907286744044,mpmath_1792,53
householder_10,10,Float64,true,diagonalcheap,transfree,0,0,NaN,NaN,NaN,1.727233711018889e-77,3.812696881810391e-77,2.51528812795822e-76,4.892907286744044,mpmath_1792,256
householder_10,10,Float64,true,diagonalcheap,transfree,0,0,NaN,NaN,NaN,1.331998346195134e-256,7.203094857210435e-256,1.020749587096622e-254,4.892907286744044,mpmath_1792,851
householder_10,10,Float64,true,diagonalcheap,complexschur,13,2,2.457891989940036e-16,1.284025416687741,10.892185121390463,2.220446049250313e-16,4.449056884591123e-16,1.808676671127575e-15,2.304324393875438,mpmath_1792,53
householder_10,10,Float64,true,diagonalcheap,complexschur,49,1,4.080875485157656e-86,1.648721270700128,132.17972167370817,1.727233711018889e-77,2.637612886104209e-77,1.645945447881899e-76,2.967638405796321,mpmath_1792,256
householder_10,10,Float64,true,diagonalcheap,complexschur,91,2,1.929151174021326e-265,1.284025416687742,11.994673569339723,1.331998346195134e-256,1.08827901296326e-256,5.127422804755569e-256,2.304324393875438,mpmath_1792,851
householder_10,10,Float64,true,diagonalcheap,realschur,13,2,2.457891989940036e-16,1.284025416687741,10.892185121390463,2.220446049250313e-16,4.449056884591123e-16,1.808676671127575e-15,2.304324393875438,mpmath_1792,53
householder_10,10,Float64,true,diagonalcheap,realschur,49,1,4.080875485157656e-86,1.648721270700128,132.17972167370817,1.727233711018889e-77,2.637612886104209e-77,1.645945447881899e-76,2.967638405796321,mpmath_1792,256
householder_10,10,Float64,true,diagonalcheap,realschur,91,2,1.929151174021326e-265,1.284025416687742,11.994673569339723,1.331998346195134e-256,1.08827901296326e-256,5.127422804755569e-256,2.304324393875438,mpmath_1792,851
householder_10,10,Float64,true,taylor,transfree,0,0,NaN,NaN,NaN,2.220446049250313e-16,3.694655464145019e-16,2.493568214046258e-15,4.892907286744044,mpmath_1792,53
householder_10,10,Float64,true,taylor,transfree,0,0,NaN,NaN,NaN,1.727233711018889e-77,3.812696881810391e-77,2.51528812795822e-76,4.892907286744044,mpmath_1792,256
householder_10,10,Float64,true,taylor,transfree,0,0,NaN,NaN,NaN,1.331998346195134e-256,7.203094857210435e-256,1.020749587096622e-254,4.892907286744044,mpmath_1792,851
householder_10,10,Float64,true,taylor,complexschur,36,2,2.775557561562891e-17,10.88037109374998,1,2.220446049250313e-16,4.449056884591123e-16,1.808676671127575e-15,2.304324393875438,mpmath_1792,53
householder_10,10,Float64,true,taylor,complexschur,90,2,2.959033470202317e-79,10.88037109375,1,1.727233711018889e-77,2.250644255885243e-77,9.170850036838405e-77,2.304324393875438,mpmath_1792,256
householder_10,10,Float64,true,taylor,complexschur,90,9,4.922766861242527e-271,1.001955033591003,1,1.331998346195134e-256,1.115890497362339e-256,3.777824906474861e-256,1.032662469235233,mpmath_1792,851
householder_10,10,Float64,true,taylor,realschur,36,2,2.775557561562891e-17,10.88037109374998,1,2.220446049250313e-16,4.449056884591123e-16,1.808676671127575e-15,2.304324393875438,mpmath_1792,53
householder_10,10,Float64,true,taylor,realschur,90,2,2.959033470202317e-79,10.88037109375,1,1.727233711018889e-77,2.250644255885243e-77,9.170850036838405e-77,2.304324393875438,mpmath_1792,256
householder_10,10,Float64,true,taylor,realschur,90,9,4.922766861242527e-271,1.001955033591003,1,1.331998346195134e-256,1.115890497362339e-256,3.777824906474861e-256,1.032662469235233,mpmath_1792,851
jordbloc_10_2,10,Int64,false,diagonalcheap,transfree,13,0,0,20.08553468514712,2.730167613227799,2.220446049250313e-16,3.687947313120824e-16,9.517386673131174e-15,20.08553468514711,mpmath_1792,53
jordbloc_10_2,10,Int64,false,diagonalcheap,transfree,37,0,0,20.08553468514713,2.660725926899577,1.727233711018889e-77,1.528476381062871e-77,3.931720678265786e-76,20.08553468514711,mpmath_1792,256
jordbloc_10_2,10,Int64,false,diagonalcheap,transfree,81,0,1.604071905054738e-260,20.0855346851471,2.6412275904568285,1.331998346195134e-256,5.559688070437114e-257,1.572205755949212e-255,20.08553468514711,mpmath_1792,851
jordbloc_10_2,10,Int64,false,diagonalcheap,complexschur,13,0,0,20.08553468514712,2.730167613227799,2.220446049250313e-16,3.687947313120824e-16,9.517386673131174e-15,20.08553468514711,mpmath_1792,53
jordbloc_10_2,10,Int64,false,diagonalcheap,complexschur,37,0,0,20.08553468514713,2.660725926899577,1.727233711018889e-77,1.528476381062871e-77,3.931720678265786e-76,20.08553468514711,mpmath_1792,256
jordbloc_10_2,10,Int64,false,diagonalcheap,complexschur,81,0,1.604071905054738e-260,20.0855346851471,2.6412275904568285,1.331998346195134e-256,5.559688070437114e-257,1.572205755949212e-255,20.08553468514711,mpmath_1792,851
jordbloc_10_2,10,Int64,false,diagonalcheap,realschur,13,0,0,20.08553468514712,2.730167613227799,2.220446049250313e-16,3.687947313120824e-16,9.517386673131174e-15,20.08553468514711,mpmath_1792,53
jordbloc_10_2,10,Int64,false,diagonalcheap,realschur,37,0,0,20.08553468514713,2.660725926899577,1.727233711018889e-77,1.528476381062871e-77,3.931720678265786e-76,20.08553468514711,mpmath_1792,256
jordbloc_10_2,10,Int64,false,diagonalcheap,realschur,81,0,1.604071905054738e-260,20.0855346851471,2.6412275904568285,1.331998346195134e-256,5.559688070437114e-257,1.572205755949212e-255,20.08553468514711,mpmath_1792,851
jordbloc_10_2,10,Int64,false,taylor,transfree,30,0,3.469446951953614e-18,13,1,2.220446049250313e-16,3.745470439190044e-17,7.554494423039413e-16,20.08553468514711,mpmath_1792,53
jordbloc_10_2,10,Int64,false,taylor,transfree,81,0,2.903334952700352e-84,13,1,1.727233711018889e-77,1.010826453002396e-78,2.271690977861527e-77,20.08553468514711,mpmath_1792,256
jordbloc_10_2,10,Int64,false,taylor,transfree,90,6,8.410731476838382e-262,1.047991002016633,1,1.331998346195134e-256,2.974787798396859e-257,3.117552971051877e-257,1.047991002016633,mpmath_1792,851
jordbloc_10_2,10,Int64,false,taylor,complexschur,30,0,3.469446951953614e-18,13,1,2.220446049250313e-16,3.745470439190044e-17,7.554494423039413e-16,20.08553468514711,mpmath_1792,53
jordbloc_10_2,10,Int64,false,taylor,complexschur,81,0,2.903334952700352e-84,13,1,1.727233711018889e-77,1.010826453002396e-78,2.271690977861527e-77,20.08553468514711,mpmath_1792,256
jordbloc_10_2,10,Int64,false,taylor,complexschur,90,6,8.410731476838382e-262,1.047991002016633,1,1.331998346195134e-256,2.974787798396859e-257,3.117552971051877e-257,1.047991002016633,mpmath_1792,851
jordbloc_10_2,10,Int64,false,taylor,realschur,30,0,3.469446951953614e-18,13,1,2.220446049250313e-16,3.745470439190044e-17,7.554494423039413e-16,20.08553468514711,mpmath_1792,53
jordbloc_10_2,10,Int64,false,taylor,realschur,81,0,2.903334952700352e-84,13,1,1.727233711018889e-77,1.010826453002396e-78,2.271690977861527e-77,20.08553468514711,mpmath_1792,256
jordbloc_10_2,10,Int64,false,taylor,realschur,90,6,8.410731476838382e-262,1.047991002016633,1,1.331998346195134e-256,2.974787798396859e-257,3.117552971051877e-257,1.047991002016633,mpmath_1792,851
kms_10,10,Float64,true,diagonalcheap,transfree,0,0,NaN,NaN,NaN,2.220446049250313e-16,7.41131579746382e-16,1.674386007292761e-14,16.68899489695451,mpmath_1792,53
kms_10,10,Float64,true,diagonalcheap,transfree,0,0,NaN,NaN,NaN,1.727233711018889e-77,6.924280850721137e-77,1.599154393386991e-75,16.68899489695451,mpmath_1792,256
kms_10,10,Float64,true,diagonalcheap,transfree,0,0,NaN,NaN,NaN,1.331998346195134e-256,4.247468338262762e-256,1.079145706988685e-254,16.68899489695451,mpmath_1792,851
kms_10,10,Float64,true,diagonalcheap,complexschur,13,0,3.438517306847902e-18,14.62622467498588,3.3421949269700786,2.220446049250313e-16,2.814956963112066e-15,7.498801211594833e-14,16.68899489695451,mpmath_1792,53
kms_10,10,Float64,true,diagonalcheap,complexschur,31,0,1.635624085653977e-77,14.62622467498587,3.2732495140417104,1.727233711018889e-77,1.805128092664626e-76,4.184525315481447e-75,16.68899489695451,mpmath_1792,256
kms_10,10,Float64,true,diagonalcheap,complexschur,81,0,1.461802585619779e-268,14.62622467498581,3.2438899785315196,1.331998346195134e-256,1.722031197585374e-255,4.203610194954011e-254,16.68899489695451,mpmath_1792,851
kms_10,10,Float64,true,diagonalcheap,realschur,13,0,3.438517306847902e-18,14.62622467498588,3.3421949269700786,2.220446049250313e-16,2.814956963112066e-15,7.498801211594833e-14,16.68899489695451,mpmath_1792,53
kms_10,10,Float64,true,diagonalcheap,realschur,31,0,1.635624085653977e-77,14.62622467498587,3.2732495140417104,1.727233711018889e-77,1.805128092664626e-76,4.184525315481447e-75,16.68899489695451,mpmath_1792,256
kms_10,10,Float64,true,diagonalcheap,realschur,81,0,1.461802585619779e-268,14.62622467498581,3.2438899785315196,1.331998346195134e-256,1.722031197585374e-255,4.203610194954011e-254,16.68899489695451,mpmath_1792,851
kms_10,10,Float64,true,taylor,transfree,0,0,NaN,NaN,NaN,2.220446049250313e-16,7.41131579746382e-16,1.674386007292761e-14,16.68899489695451,mpmath_1792,53
kms_10,10,Float64,true,taylor,transfree,0,0,NaN,NaN,NaN,1.727233711018889e-77,6.924280850721137e-77,1.599154393386991e-75,16.68899489695451,mpmath_1792,256
kms_10,10,Float64,true,taylor,transfree,0,0,NaN,NaN,NaN,1.331998346195134e-256,4.247468338262762e-256,1.079145706988685e-254,16.68899489695451,mpmath_1792,851
kms_10,10,Float64,true,taylor,complexschur,25,0,3.816391647148976e-16,10.49982989309284,1,2.220446049250313e-16,2.814956963112066e-15,7.498801211594833e-14,16.68899489695451,mpmath_1792,53
kms_10,10,Float64,true,taylor,complexschur,81,0,3.033819761553995e-88,10.49982989309283,1,1.727233711018889e-77,1.805128092664626e-76,4.184525315481447e-75,16.68899489695451,mpmath_1792,256
kms_10,10,Float64,true,taylor,complexschur,90,6,3.225639170964645e-266,1.042810009805911,1,1.331998346195134e-256,7.948551959674579e-256,2.692790030310702e-255,1.046424127358934,mpmath_1792,851
kms_10,10,Float64,true,taylor,realschur,25,0,3.816391647148976e-16,10.49982989309284,1,2.220446049250313e-16,2.814956963112066e-15,7.498801211594833e-14,16.68899489695451,mpmath_1792,53
kms_10,10,Float64,true,taylor,realschur,81,0,3.033819761553995e-88,10.49982989309283,1,1.727233711018889e-77,1.805128092664626e-76,4.184525315481447e-75,16.68899489695451,mpmath_1792,256
kms_10,10,Float64,true,taylor,realschur,90,6,3.225639170964645e-266,1.042810009805911,1,1.331998346195134e-256,7.948551959674579e-256,2.692790030310702e-255,1.046424127358934,mpmath_1792,851
lesp_10,10,Float64,false,diagonalcheap,transfree,13,2,2.630815263235664e-17,10.72497451781743,27.62417865657607,2.220446049250313e-16,4.180222810963119e-16,1.416916303245508e-16,0.3238661677091282,mpmath_1792,53
lesp_10,10,Float64,false,diagonalcheap,transfree,43,1,1.341949906669503e-82,114.5773675406453,601.0516346394811,1.727233711018889e-77,2.004404214916429e-76,2.508995521800916e-77,0.1044810351210237,mpmath_1792,256
lesp_10,10,Float64,false,diagonalcheap,transfree,91,2,1.329585321301003e-300,10.72497451781742,28.78084329178433,1.331998346195134e-256,1.105507147303044e-256,3.614005002694665e-257,0.3238661677091282,mpmath_1792,851
lesp_10,10,Float64,false,diagonalcheap,complexschur,13,2,4.650346639579674e-17,10.61977409125889,27.72229738032702,2.220446049250313e-16,1.985201011858025e-15,8.685475288553672e-16,0.3238661677091282,mpmath_1792,53
lesp_10,10,Float64,false,diagonalcheap,complexschur,43,1,1.232875468271135e-82,112.7796017493746,599.4169613512441,1.727233711018889e-77,3.459313111521594e-76,4.625106141557946e-77,0.1044810351210237,mpmath_1792,256
lesp_10,10,Float64,false,diagonalcheap,complexschur,91,2,1.159738771418327e-300,10.61977409125889,28.88495665784711,1.331998346195134e-256,7.838208388866234e-256,2.309023056996936e-256,0.3238661677091282,mpmath_1792,851
lesp_10,10,Float64,false,diagonalcheap,realschur,13,2,4.650346639579674e-17,10.61977409125889,27.72229738032702,2.220446049250313e-16,1.985201011858025e-15,8.685475288553672e-16,0.3238661677091282,mpmath_1792,53
lesp_10,10,Float64,false,diagonalcheap,realschur,43,1,1.232875468271135e-82,112.7796017493746,599.4169613512443,1.727233711018889e-77,3.459313111521594e-76,4.625106141557946e-77,0.1044810351210237,mpmath_1792,256
lesp_10,10,Float64,false,diagonalcheap,realschur,91,2,1.159738771418327e-300,10.61977409125889,28.88495665784711,1.331998346195134e-256,7.838208388866234e-256,2.309023056996936e-256,0.3238661677091282,mpmath_1792,851
lesp_10,10,Float64,false,taylor,transfree,30,2,1.595945597898663e-16,9.738092719184028,1,2.220446049250313e-16,7.867624988834538e-17,2.663402344084633e-17,0.3238661677091282,mpmath_1792,53
lesp_10,10,Float64,false,taylor,transfree,81,2,1.550247260744237e-79,9.738092719184028,1,1.727233711018889e-77,5.175634693242937e-78,1.893524492527345e-78,0.3238661677091282,mpmath_1792,256
lesp_10,10,Float64,false,taylor,transfree,90,8,1.00184036192112e-257,1.03780586533594,1,1.331998346195134e-256,4.467008097237383e-257,7.995943525123123e-257,0.9825748446661486,mpmath_1792,851
lesp_10,10,Float64,false,taylor,complexschur,30,2,1.387778780781446e-16,9.650704321349973,1,2.220446049250313e-16,1.999086188513686e-15,8.737516992842064e-16,0.3238661677091282,mpmath_1792,53
lesp_10,10,Float64,false,taylor,complexschur,81,2,1.448762356178637e-79,9.650704321349968,1,1.727233711018889e-77,2.593613216703012e-76,1.159790385256398e-76,0.3238661677091282,mpmath_1792,256
lesp_10,10,Float64,false,taylor,complexschur,90,8,9.301391737501444e-258,1.037607378112738,1,1.331998346195134e-256,1.146998777600214e-255,2.617604399398179e-255,0.9825748446661486,mpmath_1792,851
lesp_10,10,Float64,false,taylor,realschur,30,2,1.387778780781446e-16,9.650704321349973,1,2.220446049250313e-16,1.999086188513686e-15,8.737516992842064e-16,0.3238661677091282,mpmath_1792,53
lesp_10,10,Float64,false,taylor,realschur,81,2,1.448762356178637e-79,9.650704321349968,1,1.727233711018889e-77,2.593613216703012e-76,1.159790385256398e-76,0.3238661677091282,mpmath_1792,256
lesp_10,10,Float64,false,taylor,realschur,90,8,9.301391737501444e-258,1.037607378112738,1,1.331998346195134e-256,1.146998777600214e-255,2.617604399398179e-255,0.9825748446661486,mpmath_1792,851
lotkin_10,10,Rational{Int64},false,diagonalcheap,transfree,13,0,1.714059714950513e-18,13.32017997457216,5.421617906146216,2.220446049250313e-16,5.125806349835314e-16,6.6663594687259e-15,13.32017997457215,mpmath_1792,53
lotkin_10,10,Rational{Int64},false,diagonalcheap,transfree,31,0,1.075935323840127e-79,13.32017997457215,5.321572829746615,1.727233711018889e-77,1.256579569034095e-77,2.338339884366725e-76,13.32017997457215,mpmath_1792,256
lotkin_10,10,Rational{Int64},false,diagonalcheap,transfree,81,0,1.006846550503241e-274,13.32017997457214,5.278874568129015,1.331998346195134e-256,1.053425168758598e-256,2.016523479329893e-255,13.32017997457215,mpmath_1792,851
lotkin_10,10,Rational{Int64},false,diagonalcheap,complexschur,13,0,3.008464436766443e-18,11.34247442943036,5.281722387341183,2.220446049250313e-16,1.291987120895856e-15,2.495260330828821e-14,13.32017997457215,mpmath_1792,53
lotkin_10,10,Rational{Int64},false,diagonalcheap,complexschur,31,0,2.380703452722707e-80,11.34247442943035,6.512049628319328,1.727233711018889e-77,1.686525536781972e-76,2.853431121849601e-75,13.32017997457215,mpmath_1792,256
lotkin_10,10,Rational{Int64},false,diagonalcheap,complexschur,81,0,1.011532949586608e-275,11.34247442943037,6.460291197883408,1.331998346195134e-256,6.431439443695556e-256,1.284905888469025e-254,13.32017997457215,mpmath_1792,851
lotkin_10,10,Rational{Int64},false,diagonalcheap,realschur,13,0,3.008464436766443e-18,11.34247442943036,5.281722387341183,2.220446049250313e-16,1.291987120895856e-15,2.495260330828821e-14,13.32017997457215,mpmath_1792,53
lotkin_10,10,Rational{Int64},false,diagonalcheap,realschur,31,0,2.380703452722707e-80,11.34247442943035,6.512049628319329,1.727233711018889e-77,1.686525536781972e-76,2.853431121849601e-75,13.32017997457215,mpmath_1792,256
lotkin_10,10,Rational{Int64},false,diagonalcheap,realschur,81,0,1.011532949586608e-275,11.34247442943037,6.460291197883408,1.331998346195134e-256,6.431439443695556e-256,1.284905888469025e-254,13.32017997457215,mpmath_1792,851
lotkin_10,10,Rational{Int64},false,taylor,transfree,25,0,7.112366251504909e-17,10.2597363956153,1,2.220446049250313e-16,1.010098915138084e-16,1.638970102960274e-15,13.32017997457215,mpmath_1792,53
lotkin_10,10,Rational{Int64},false,taylor,transfree,72,0,1.257410108064459e-77,10.25973639561529,1,1.727233711018889e-77,1.165694502526097e-77,1.370472617279007e-76,13.32017997457215,mpmath_1792,256
lotkin_10,10,Rational{Int64},false,taylor,transfree,90,6,1.785793442945756e-269,1.046629606915533,1,1.331998346195134e-256,4.979842359225893e-257,6.667564523448976e-257,1.046629606915533,mpmath_1792,851
lotkin_10,10,Rational{Int64},false,taylor,complexschur,25,0,2.602085213965211e-17,8.764712112115657,1,2.220446049250313e-16,1.388270641836438e-15,2.45640252496694e-14,13.32017997457215,mpmath_1792,53
lotkin_10,10,Rational{Int64},false,taylor,complexschur,72,0,3.122910922154133e-78,8.764712112115651,1,1.727233711018889e-77,1.604275856255897e-76,3.060699167171868e-75,13.32017997457215,mpmath_1792,256
lotkin_10,10,Rational{Int64},false,taylor,complexschur,90,6,3.745231901812298e-270,1.038675312959412,1,1.331998346195134e-256,6.539052155876248e-256,2.829374772447718e-255,1.046629606915533,mpmath_1792,851
lotkin_10,10,Rational{Int64},false,taylor,realschur,25,0,2.602085213965211e-17,8.764712112115657,1,2.220446049250313e-16,1.388270641836438e-15,2.45640252496694e-14,13.32017997457215,mpmath_1792,53
lotkin_10,10,Rational{Int64},false,taylor,realschur,72,0,3.122910922154133e-78,8.764712112115651,1,1.727233711018889e-77,1.604275856255897e-76,3.060699167171868e-75,13.32017997457215,mpmath_1792,256
lotkin_10,10,Rational{Int64},false,taylor,realschur,90,6,3.745231901812298e-270,1.038675312959412,1,1.331998346195134e-256,6.539052155876248e-256,2.829374772447718e-255,1.046629606915533,mpmath_1792,851
orthog_10_1,10,Float64,true,diagonalcheap,transfree,0,0,NaN,NaN,NaN,2.220446049250313e-16,5.146066213809635e-16,3.455497091847032e-15,5.028359662476911,mpmath_1792,53
orthog_10_1,10,Float64,true,diagonalcheap,transfree,0,0,NaN,NaN,NaN,1.727233711018889e-77,6.798665703155006e-77,4.910806325710188e-76,5.028359662476911,mpmath_1792,256
orthog_10_1,10,Float64,true,diagonalcheap,transfree,0,0,NaN,NaN,NaN,1.331998346195134e-256,4.037373541889749e-256,3.946773793586167e-255,5.028359662476911,mpmath_1792,851
orthog_10_1,10,Float64,true,diagonalcheap,complexschur,9,0,0,2.718281828459047,2.7182818284590478,2.220446049250313e-16,9.181673352525135e-16,6.740060346734341e-15,5.028359662476911,mpmath_1792,53
orthog_10_1,10,Float64,true,diagonalcheap,complexschur,25,0,1.393150348783345e-80,2.718281828459046,2.7182818284590455,1.727233711018889e-77,1.417603822926807e-76,1.21094962513358e-75,5.028359662476911,mpmath_1792,256
orthog_10_1,10,Float64,true,diagonalcheap,complexschur,65,0,3.381632240058543e-260,2.718281828459047,2.7182818284590464,1.331998346195134e-256,1.400343114072922e-255,1.187855220773992e-254,5.028359662476911,mpmath_1792,851
orthog_10_1,10,Float64,true,diagonalcheap,realschur,9,0,0,2.718281828459047,2.7182818284590478,2.220446049250313e-16,9.181673352525135e-16,6.740060346734341e-15,5.028359662476911,mpmath_1792,53
orthog_10_1,10,Float64,true,diagonalcheap,realschur,25,0,1.393150348783345e-80,2.718281828459046,2.7182818284590455,1.727233711018889e-77,1.417603822926807e-76,1.21094962513358e-75,5.028359662476911,mpmath_1792,256
orthog_10_1,10,Float64,true,diagonalcheap,realschur,65,0,3.381632240058543e-260,2.718281828459046,2.7182818284590464,1.331998346195134e-256,1.400343114072922e-255,1.187855220773992e-254,5.028359662476911,mpmath_1792,851
orthog_10_1,10,Float64,true,taylor,transfree,0,0,NaN,NaN,NaN,2.220446049250313e-16,5.146066213809635e-16,3.455497091847032e-15,5.028359662476911,mpmath_1792,53
orthog_10_1,10,Float64,true,taylor,transfree,0,0,NaN,NaN,NaN,1.727233711018889e-77,6.798665703155006e-77,4.910806325710188e-76,5.028359662476911,mpmath_1792,256
orthog_10_1,10,Float64,true,taylor,transfree,0,0,NaN,NaN,NaN,1.331998346195134e-256,4.037373541889749e-256,3.946773793586167e-255,5.028359662476911,mpmath_1792,851
orthog_10_1,10,Float64,true,taylor,complexschur,20,0,4.336808689942018e-19,2.666666666666668,1,2.220446049250313e-16,9.181673352525135e-16,6.740060346734341e-15,5.028359662476911,mpmath_1792,53
orthog_10_1,10,Float64,true,taylor,complexschur,56,0,2.510772025379229e-77,2.666666666666667,1,1.727233711018889e-77,1.417603822926807e-76,1.21094962513358e-75,5.028359662476911,mpmath_1792,256
orthog_10_1,10,Float64,true,taylor,complexschur,90,5,7.952841619508999e-278,1.031743407499103,1,1.331998346195134e-256,7.394251908373931e-256,2.687051013875169e-255,1.093181128070489,mpmath_1792,851
orthog_10_1,10,Float64,true,taylor,realschur,20,0,4.336808689942018e-19,2.666666666666668,1,2.220446049250313e-16,9.181673352525135e-16,6.740060346734341e-15,5.028359662476911,mpmath_1792,53
orthog_10_1,10,Float64,true,taylor,realschur,56,0,2.510772025379229e-77,2.666666666666667,1,1.727233711018889e-77,1.417603822926807e-76,1.21094962513358e-75,5.028359662476911,mpmath_1792,256
orthog_10_1,10,Float64,true,taylor,realschur,90,5,7.952841619508999e-278,1.031743407499103,1,1.331998346195134e-256,7.394251908373931e-256,2.687051013875169e-255,1.093181128070489,mpmath_1792,851
orthog_10_2,10,Float64,true,diagonalcheap,transfree,0,0,NaN,NaN,NaN,2.220446049250313e-16,5.797609325663818e-16,3.448492731840327e-15,4.965167063499091,mpmath_1792,53
orthog_10_2,10,Float64,true,diagonalcheap,transfree,0,0,NaN,NaN,NaN,1.727233711018889e-77,4.321810067923697e-77,3.768524698401049e-76,4.965167063499091,mpmath_1792,256
orthog_10_2,10,Float64,true,diagonalcheap,transfree,0,0,NaN,NaN,NaN,1.331998346195134e-256,4.721587820532668e-256,3.684824890858097e-255,4.965167063499091,mpmath_1792,851
orthog_10_2,10,Float64,true,diagonalcheap,complexschur,9,0,3.601465746439645e-19,2.71828182845905,2.718281828459049,2.220446049250313e-16,1.428945574213522e-15,1.246129777545383e-14,4.965167063499091,mpmath_1792,53
orthog_10_2,10,Float64,true,diagonalcheap,complexschur,25,0,1.393150348788417e-80,2.718281828459046,2.7182818284590464,1.727233711018889e-77,1.345180482655401e-76,9.325313079401183e-76,4.965167063499091,mpmath_1792,256
orthog_10_2,10,Float64,true,diagonalcheap,complexschur,65,0,3.38163224005874e-260,2.718281828459047,2.7182818284590473,1.331998346195134e-256,1.423218253900489e-255,1.26716234134523e-254,4.965167063499091,mpmath_1792,851
orthog_10_2,10,Float64,true,diagonalcheap,realschur,9,0,3.601465746439645e-19,2.718281828459049,2.7182818284590495,2.220446049250313e-16,1.428945574213522e-15,1.246129777545383e-14,4.965167063499091,mpmath_1792,53
orthog_10_2,10,Float64,true,diagonalcheap,realschur,25,0,1.393150348788417e-80,2.718281828459046,2.7182818284590464,1.727233711018889e-77,1.345180482655401e-76,9.325313079401183e-76,4.965167063499091,mpmath_1792,256
orthog_10_2,10,Float64,true,diagonalcheap,realschur,65,0,3.38163224005874e-260,2.718281828459046,2.7182818284590473,1.331998346195134e-256,1.423218253900489e-255,1.26716234134523e-254,4.965167063499091,mpmath_1792,851
orthog_10_2,10,Float64,true,taylor,transfree,0,0,NaN,NaN,NaN,2.220446049250313e-16,5.797609325663818e-16,3.448492731840327e-15,4.965167063499091,mpmath_1792,53
orthog_10_2,10,Float64,true,taylor,transfree,0,0,NaN,NaN,NaN,1.727233711018889e-77,4.321810067923697e-77,3.768524698401049e-76,4.965167063499091,mpmath_1792,256
orthog_10_2,10,Float64,true,taylor,transfree,0,0,NaN,NaN,NaN,1.331998346195134e-256,4.721587820532668e-256,3.684824890858097e-255,4.965167063499091,mpmath_1792,851
orthog_10_2,10,Float64,true,taylor,complexschur,20,0,4.336808689942018e-19,2.66666666666667,1,2.220446049250313e-16,1.428945574213522e-15,1.246129777545383e-14,4.965167063499091,mpmath_1792,53
orthog_10_2,10,Float64,true,taylor,complexschur,56,0,2.510772025379295e-77,2.666666666666668,1,1.727233711018889e-77,1.345180482655401e-76,9.325313079401183e-76,4.965167063499091,mpmath_1792,256
orthog_10_2,10,Float64,true,taylor,complexschur,90,5,7.952841619509321e-278,1.031743407499103,1,1.331998346195134e-256,7.571437615084484e-256,3.050019086267829e-255,1.091500488058708,mpmath_1792,851
orthog_10_2,10,Float64,true,taylor,realschur,20,0,4.336808689942018e-19,2.66666666666667,1,2.220446049250313e-16,1.428945574213522e-15,1.246129777545383e-14,4.965167063499091,mpmath_1792,53
orthog_10_2,10,Float64,true,taylor,realschur,56,0,2.510772025379295e-77,2.666666666666668,1,1.727233711018889e-77,1.345180482655401e-76,9.325313079401183e-76,4.965167063499091,mpmath_1792,256
orthog_10_2,10,Float64,true,taylor,realschur,90,5,7.952841619509321e-278,1.031743407499103,1,1.331998346195134e-256,7.571437615084484e-256,3.050019086267829e-255,1.091500488058708,mpmath_1792,851
orthog_10_5,10,Float64,true,diagonalcheap,transfree,0,0,NaN,NaN,NaN,2.220446049250313e-16,5.644191662907933e-16,4.606059598118712e-15,5.259393115678251,mpmath_1792,53
orthog_10_5,10,Float64,true,diagonalcheap,transfree,0,0,NaN,NaN,NaN,1.727233711018889e-77,5.970153703663145e-77,4.22252734428953e-76,5.259393115678251,mpmath_1792,256
orthog_10_5,10,Float64,true,diagonalcheap,transfree,0,0,NaN,NaN,NaN,1.331998346195134e-256,5.554858057387963e-256,3.903260818819507e-255,5.259393115678251,mpmath_1792,851
orthog_10_5,10,Float64,true,diagonalcheap,complexschur,9,0,7.202931492879287e-19,2.718281828459047,2.71828182845905,2.220446049250313e-16,8.57442169065236e-16,7.936371292191482e-15,5.259393115678251,mpmath_1792,53
orthog_10_5,10,Float64,true,diagonalcheap,complexschur,25,0,1.393150348785881e-80,2.718281828459046,2.718281828459047,1.727233711018889e-77,1.27910687838738e-76,1.082844852581027e-75,5.259393115678251,mpmath_1792,256
orthog_10_5,10,Float64,true,diagonalcheap,complexschur,65,0,3.381632240058838e-260,2.718281828459046,2.718281828459047,1.331998346195134e-256,1.503591938999209e-255,1.471920202726789e-254,5.259393115678251,mpmath_1792,851
orthog_10_5,10,Float64,true,diagonalcheap,realschur,9,0,7.202931492879287e-19,2.718281828459047,2.71828182845905,2.220446049250313e-16,8.57442169065236e-16,7.936371292191482e-15,5.259393115678251,mpmath_1792,53
orthog_10_5,10,Float64,true,diagonalcheap,realschur,25,0,1.393150348785881e-80,2.718281828459046,2.718281828459047,1.727233711018889e-77,1.27910687838738e-76,1.082844852581027e-75,5.259393115678251,mpmath_1792,256
orthog_10_5,10,Float64,true,diagonalcheap,realschur,65,0,3.381632240058838e-260,2.718281828459047,2.718281828459047,1.331998346195134e-256,1.503591938999209e-255,1.471920202726789e-254,5.259393115678251,mpmath_1792,851
orthog_10_5,10,Float64,true,taylor,transfree,0,0,NaN,NaN,NaN,2.220446049250313e-16,5.644191662907933e-16,4.606059598118712e-15,5.259393115678251,mpmath_1792,53
orthog_10_5,10,Float64,true,taylor,transfree,0,0,NaN,NaN,NaN,1.727233711018889e-77,5.970153703663145e-77,4.22252734428953e-76,5.259393115678251,mpmath_1792,256
orthog_10_5,10,Float64,true,taylor,transfree,0,0,NaN,NaN,NaN,1.331998346195134e-256,5.554858057387963e-256,3.903260818819507e-255,5.259393115678251,mpmath_1792,851
orthog_10_5,10,Float64,true,taylor,complexschur,20,0,8.673617379884035e-19,2.666666666666669,1,2.220446049250313e-16,8.57442169065236e-16,7.936371292191482e-15,5.259393115678251,mpmath_1792,53
orthog_10_5,10,Float64,true,taylor,complexschur,56,0,2.510772025379326e-77,2.666666666666668,1,1.727233711018889e-77,1.27910687838738e-76,1.082844852581027e-75,5.259393115678251,mpmath_1792,256
orthog_10_5,10,Float64,true,taylor,complexschur,90,5,7.952841619509481e-278,1.031743407499103,1,1.331998346195134e-256,8.400209990343576e-256,2.87005388515921e-255,1.099325582829288,mpmath_1792,851
orthog_10_5,10,Float64,true,taylor,realschur,20,0,8.673617379884035e-19,2.666666666666669,1,2.220446049250313e-16,8.57442169065236e-16,7.936371292191482e-15,5.259393115678251,mpmath_1792,53
orthog_10_5,10,Float64,true,taylor,realschur,56,0,2.510772025379326e-77,2.666666666666668,1,1.727233711018889e-77,1.27910687838738e-76,1.082844852581027e-75,5.259393115678251,mpmath_1792,256
orthog_10_5,10,Float64,true,taylor,realschur,90,5,7.952841619509481e-278,1.031743407499103,1,1.331998346195134e-256,8.400209990343576e-256,2.87005388515921e-255,1.099325582829288,mpmath_1792,851
orthog_10_6,10,Float64,true,diagonalcheap,transfree,0,0,NaN,NaN,NaN,2.220446049250313e-16,6.452585237540154e-16,5.343214665479889e-15,4.97650567230082,mpmath_1792,53
orthog_10_6,10,Float64,true,diagonalcheap,transfree,0,0,NaN,NaN,NaN,1.727233711018889e-77,6.465412394403985e-77,5.130477527586178e-76,4.97650567230082,mpmath_1792,256
orthog_10_6,10,Float64,true,diagonalcheap,transfree,0,0,NaN,NaN,NaN,1.331998346195134e-256,3.786609610152638e-256,3.12954513965215e-255,4.97650567230082,mpmath_1792,851
orthog_10_6,10,Float64,true,diagonalcheap,complexschur,9,0,3.601465746439645e-19,2.718281828459049,2.718281828459048,2.220446049250313e-16,6.123224562938833e-16,3.875451875498788e-15,4.97650567230082,mpmath_1792,53
orthog_10_6,10,Float64,true,diagonalcheap,complexschur,25,0,1.393150348788417e-80,2.718281828459046,2.7182818284590464,1.727233711018889e-77,2.444899651996873e-76,2.162762103798853e-75,4.97650567230082,mpmath_1792,256
orthog_10_6,10,Float64,true,diagonalcheap,complexschur,65,0,3.381632240058739e-260,2.718281828459046,2.7182818284590464,1.331998346195134e-256,1.101510253366144e-255,8.098698746046959e-255,4.97650567230082,mpmath_1792,851
orthog_10_6,10,Float64,true,diagonalcheap,realschur,9,0,3.601465746439645e-19,2.718281828459049,2.718281828459048,2.220446049250313e-16,6.123224562938833e-16,3.875451875498788e-15,4.97650567230082,mpmath_1792,53
orthog_10_6,10,Float64,true,diagonalcheap,realschur,25,0,1.393150348788417e-80,2.718281828459046,2.7182818284590464,1.727233711018889e-77,2.444899651996873e-76,2.162762103798853e-75,4.97650567230082,mpmath_1792,256
orthog_10_6,10,Float64,true,diagonalcheap,realschur,65,0,3.381632240058739e-260,2.718281828459047,2.7182818284590464,1.331998346195134e-256,1.101510253366144e-255,8.098698746046959e-255,4.97650567230082,mpmath_1792,851
orthog_10_6,10,Float64,true,taylor,transfree,0,0,NaN,NaN,NaN,2.220446049250313e-16,6.452585237540154e-16,5.343214665479889e-15,4.97650567230082,mpmath_1792,53
orthog_10_6,10,Float64,true,taylor,transfree,0,0,NaN,NaN,NaN,1.727233711018889e-77,6.465412394403985e-77,5.130477527586178e-76,4.97650567230082,mpmath_1792,256
orthog_10_6,10,Float64,true,taylor,transfree,0,0,NaN,NaN,NaN,1.331998346195134e-256,3.786609610152638e-256,3.12954513965215e-255,4.97650567230082,mpmath_1792,851
orthog_10_6,10,Float64,true,taylor,complexschur,20,0,4.336808689942018e-19,2.66666666666667,1,2.220446049250313e-16,6.123224562938833e-16,3.875451875498788e-15,4.97650567230082,mpmath_1792,53
orthog_10_6,10,Float64,true,taylor,complexschur,56,0,2.510772025379295e-77,2.666666666666668,1,1.727233711018889e-77,2.444899651996873e-76,2.162762103798853e-75,4.97650567230082,mpmath_1792,256
orthog_10_6,10,Float64,true,taylor,complexschur,90,5,7.952841619509321e-278,1.031743407499103,1,1.331998346195134e-256,6.912282365108288e-256,2.398255493383001e-255,1.091802044252604,mpmath_1792,851
orthog_10_6,10,Float64,true,taylor,realschur,20,0,4.336808689942018e-19,2.66666666666667,1,2.220446049250313e-16,6.123224562938833e-16,3.875451875498788e-15,4.97650567230082,mpmath_1792,53
orthog_10_6,10,Float64,true,taylor,realschur,56,0,2.510772025379295e-77,2.666666666666668,1,1.727233711018889e-77,2.444899651996873e-76,2.162762103798853e-75,4.97650567230082,mpmath_1792,256
orthog_10_6,10,Float64,true,taylor,realschur,90,5,7.952841619509321e-278,1.031743407499103,1,1.331998346195134e-256,6.912282365108288e-256,2.398255493383001e-255,1.091802044252604,mpmath_1792,851
orthog_10_-1,10,Float64,true,diagonalcheap,transfree,0,0,NaN,NaN,NaN,2.220446049250313e-16,1.001365639650071e-15,5.271884370631576e-14,58.58556268626876,mpmath_1792,53
orthog_10_-1,10,Float64,true,diagonalcheap,transfree,0,0,NaN,NaN,NaN,1.727233711018889e-77,8.874167149348027e-77,4.014353611176766e-75,58.58556268626876,mpmath_1792,256
orthog_10_-1,10,Float64,true,diagonalcheap,transfree,0,0,NaN,NaN,NaN,1.331998346195134e-256,7.582875659368593e-256,5.687206230531876e-254,58.58556268626876,mpmath_1792,851
orthog_10_-1,10,Float64,true,diagonalcheap,complexschur,13,0,9.922407277825639e-18,29.20426861373046,29.204268613730463,2.220446049250313e-16,2.158384873083775e-15,1.406485072566282e-13,58.58556268626876,mpmath_1792,53
orthog_10_-1,10,Float64,true,diagonalcheap,complexschur,37,0,3.04328007673139e-90,29.20426861373033,29.20426861373033,1.727233711018889e-77,1.469125501795804e-76,8.379273760292126e-75,58.58556268626876,mpmath_1792,256
orthog_10_-1,10,Float64,true,diagonalcheap,complexschur,91,0,3.077718112008844e-292,29.20426861373046,29.204268613730477,1.331998346195134e-256,1.718621392800977e-255,5.869798045971601e-254,58.58556268626876,mpmath_1792,851
orthog_10_-1,10,Float64,true,diagonalcheap,realschur,13,0,9.922407277825639e-18,29.20426861373046,29.204268613730463,2.220446049250313e-16,2.158384873083775e-15,1.406485072566282e-13,58.58556268626876,mpmath_1792,53
orthog_10_-1,10,Float64,true,diagonalcheap,realschur,37,0,3.04328007673139e-90,29.20426861373033,29.20426861373033,1.727233711018889e-77,1.469125501795804e-76,8.379273760292126e-75,58.58556268626876,mpmath_1792,256
orthog_10_-1,10,Float64,true,diagonalcheap,realschur,91,0,3.077718112008844e-292,29.20426861373046,29.204268613730477,1.331998346195134e-256,1.718621392800977e-255,5.869798045971601e-254,58.58556268626876,mpmath_1792,851
orthog_10_-1,10,Float64,true,taylor,transfree,0,0,NaN,NaN,NaN,2.220446049250313e-16,1.001365639650071e-15,5.271884370631576e-14,58.58556268626876,mpmath_1792,53
orthog_10_-1,10,Float64,true,taylor,transfree,0,0,NaN,NaN,NaN,1.727233711018889e-77,8.874167149348027e-77,4.014353611176766e-75,58.58556268626876,mpmath_1792,256
orthog_10_-1,10,Float64,true,taylor,transfree,0,0,NaN,NaN,NaN,1.331998346195134e-256,7.582875659368593e-256,5.687206230531876e-254,58.58556268626876,mpmath_1792,851
orthog_10_-1,10,Float64,true,taylor,complexschur,30,0,3.469446951953614e-18,16.47064075692365,1,2.220446049250313e-16,2.158384873083775e-15,1.406485072566282e-13,58.58556268626876,mpmath_1792,53
orthog_10_-1,10,Float64,true,taylor,complexschur,81,0,4.489612654623674e-80,16.47064075692363,1,1.727233711018889e-77,1.469125501795804e-76,8.379273760292126e-75,58.58556268626876,mpmath_1792,256
orthog_10_-1,10,Float64,true,taylor,complexschur,90,6,3.730649368320894e-257,1.054138314894774,1,1.331998346195134e-256,8.460595816705522e-256,2.491858867443285e-255,1.158025556552018,mpmath_1792,851
orthog_10_-1,10,Float64,true,taylor,realschur,30,0,3.469446951953614e-18,16.47064075692365,1,2.220446049250313e-16,2.158384873083775e-15,1.406485072566282e-13,58.58556268626876,mpmath_1792,53
orthog_10_-1,10,Float64,true,taylor,realschur,81,0,4.489612654623674e-80,16.47064075692363,1,1.727233711018889e-77,1.469125501795804e-76,8.379273760292126e-75,58.58556268626876,mpmath_1792,256
orthog_10_-1,10,Float64,true,taylor,realschur,90,6,3.730649368320894e-257,1.054138314894774,1,1.331998346195134e-256,8.460595816705522e-256,2.491858867443285e-255,1.158025556552018,mpmath_1792,851
redheff_10,10,Int64,false,diagonalcheap,transfree,13,1,6.969018719471e-18,17.17567239685025,14.472739998403709,2.220446049250313e-16,2.06899493819681e-16,3.438167525070381e-15,17.17567239685025,mpmath_1792,53
redheff_10,10,Int64,false,diagonalcheap,transfree,37,0,1.800737466180113e-78,157.9162118326064,76.96318987722881,1.727233711018889e-77,1.432787298243118e-76,2.258703415987483e-74,157.9162118326071,mpmath_1792,256
redheff_10,10,Int64,false,diagonalcheap,transfree,91,0,8.415396905105878e-267,157.9162118326076,75.55760381837553,1.331998346195134e-256,1.012585008006721e-255,1.633595181287649e-253,157.9162118326071,mpmath_1792,851
redheff_10,10,Int64,false,diagonalcheap,complexschur,13,0,2.050903427209781e-16,80.15733563869544,22.491634381123642,2.220446049250313e-16,2.309701900261052e-15,3.188679082531409e-13,157.9162118326071,mpmath_1792,53
redheff_10,10,Int64,false,diagonalcheap,complexschur,37,0,2.724661655752903e-81,80.1573356386952,21.255735358391416,1.727233711018889e-77,3.442981992988449e-76,4.787373568919136e-74,157.9162118326071,mpmath_1792,256
redheff_10,10,Int64,false,diagonalcheap,complexschur,91,0,5.439525765769073e-271,80.15733563869458,20.883405977497958,1.331998346195134e-256,7.120936015839816e-255,1.169704426743326e-252,157.9162118326071,mpmath_1792,851
redheff_10,10,Int64,false,diagonalcheap,realschur,13,0,2.050903427209781e-16,80.15733563869544,22.491634381123642,2.220446049250313e-16,2.313960322469443e-15,3.188679082531409e-13,157.9162118326071,mpmath_1792,53
redheff_10,10,Int64,false,diagonalcheap,realschur,37,0,2.724661655752903e-81,80.15733563869522,21.255735358391416,1.727233711018889e-77,3.442981992988449e-76,4.787373568919136e-74,157.9162118326071,mpmath_1792,256
redheff_10,10,Int64,false,diagonalcheap,realschur,91,0,5.439525765769073e-271,80.15733563869458,20.883405977497958,1.331998346195134e-256,7.120936015839816e-255,1.169704426743326e-252,157.9162118326071,mpmath_1792,851
redheff_10,10,Int64,false,taylor,transfree,25,1,6.765421556309548e-17,14.02083333333333,1,2.220446049250313e-16,6.353085526611527e-17,1.151096967490542e-15,17.17567239685025,mpmath_1792,53
redheff_10,10,Int64,false,taylor,transfree,72,1,4.359335276300178e-79,14.02083333333333,1,1.727233711018889e-77,5.279151207931743e-78,1.034076495138966e-76,17.17567239685025,mpmath_1792,256
redheff_10,10,Int64,false,taylor,transfree,90,7,1.619537754326133e-271,1.079237177041388,1,1.331998346195134e-256,4.088310812132381e-257,6.831327549533358e-257,1.079237177041388,mpmath_1792,851
redheff_10,10,Int64,false,taylor,complexschur,25,1,6.938893903907228e-18,7.349784921791763,1,2.220446049250313e-16,4.800671061873836e-16,7.618723865533896e-15,17.17567239685025,mpmath_1792,53
redheff_10,10,Int64,false,taylor,complexschur,72,1,1.75401244296105e-81,7.349784921791762,1,1.727233711018889e-77,1.866006579601333e-76,3.797529043565525e-75,17.17567239685025,mpmath_1792,256
redheff_10,10,Int64,false,taylor,complexschur,90,7,3.335948895874941e-274,1.034843215674577,1,1.331998346195134e-256,4.426344240203138e-256,2.305191310418412e-255,1.079237177041388,mpmath_1792,851
redheff_10,10,Int64,false,taylor,realschur,25,1,6.938893903907228e-18,7.349784921791763,1,2.220446049250313e-16,4.489944193310096e-16,5.990514515907392e-15,17.17567239685025,mpmath_1792,53
redheff_10,10,Int64,false,taylor,realschur,72,1,1.75401244296105e-81,7.349784921791762,1,1.727233711018889e-77,1.866006579601333e-76,3.797529043565525e-75,17.17567239685025,mpmath_1792,256
redheff_10,10,Int64,false,taylor,realschur,90,7,3.335948895874941e-274,1.034843215674577,1,1.331998346195134e-256,4.426344240203138e-256,2.305191310418412e-255,1.079237177041388,mpmath_1792,851
riemann_10,10,Int64,false,diagonalcheap,transfree,13,2,1.240306264997897e-17,29.24935134290766,14.115803779202846,2.220446049250313e-16,6.507983797750927e-16,2.683212242563524e-14,29.24935134290765,mpmath_1792,53
riemann_10,10,Int64,false,diagonalcheap,transfree,43,1,3.067261962652677e-88,394.5223408206865,88.56066934252803,1.727233711018889e-77,7.12760646266719e-76,3.343768634877509e-73,394.5223408206847,mpmath_1792,256
riemann_10,10,Int64,false,diagonalcheap,transfree,91,2,2.454923961519042e-306,29.24935134290766,13.608999908341431,1.331998346195134e-256,2.404479129683133e-256,1.020666076023105e-254,29.24935134290765,mpmath_1792,851
riemann_10,10,Int64,false,diagonalcheap,complexschur,13,2,6.718058196035389e-18,16.91509803513571,7.18465533418393,2.220446049250313e-16,1.862588545168078e-15,5.03530457174225e-14,29.24935134290765,mpmath_1792,53
riemann_10,10,Int64,false,diagonalcheap,complexschur,43,1,1.059208804050173e-88,257.4483670203246,33.49130509629031,1.727233711018889e-77,5.628130043084187e-76,2.638911115710578e-73,394.5223408206847,mpmath_1792,256
riemann_10,10,Int64,false,diagonalcheap,complexschur,91,2,0,16.91509803513568,6.982460530442578,1.331998346195134e-256,2.868907204908127e-255,9.22216078677685e-254,29.24935134290765,mpmath_1792,851
riemann_10,10,Int64,false,diagonalcheap,realschur,13,2,6.718058196035389e-18,16.91509803513571,7.18465533418393,2.220446049250313e-16,1.862588545168078e-15,5.03530457174225e-14,29.24935134290765,mpmath_1792,53
riemann_10,10,Int64,false,diagonalcheap,realschur,43,1,1.059208804050173e-88,257.4483670203246,33.49130509629031,1.727233711018889e-77,5.628130043084187e-76,2.638911115710578e-73,394.5223408206847,mpmath_1792,256
riemann_10,10,Int64,false,diagonalcheap,realschur,91,2,0,16.91509803513568,6.982460530442578,1.331998346195134e-256,2.868907204908127e-255,9.22216078677685e-254,29.24935134290765,mpmath_1792,851
riemann_10,10,Int64,false,taylor,transfree,30,2,0,25.65006510416666,1,2.220446049250313e-16,7.087614284143974e-17,2.223836435932851e-15,29.24935134290765,mpmath_1792,53
riemann_10,10,Int64,false,taylor,transfree,81,2,6.73773078112113e-86,25.65006510416667,1,1.727233711018889e-77,3.838678723730099e-78,1.352026229417433e-76,29.24935134290765,mpmath_1792,256
riemann_10,10,Int64,false,taylor,transfree,90,8,7.747932337651438e-264,1.084003695134045,1,1.331998346195134e-256,2.305004677317342e-257,3.644951103505774e-257,1.084003695134045,mpmath_1792,851
riemann_10,10,Int64,false,taylor,complexschur,25,2,9.957312752106873e-16,16.42510897113804,1,2.220446049250313e-16,1.839525863260512e-15,4.979793420510992e-14,29.24935134290765,mpmath_1792,53
riemann_10,10,Int64,false,taylor,complexschur,81,2,2.291564829600979e-87,16.42510897113803,1,1.727233711018889e-77,2.878384937375591e-76,1.024306012487825e-74,29.24935134290765,mpmath_1792,256
riemann_10,10,Int64,false,taylor,complexschur,90,8,2.655860276871993e-265,1.066314203333523,1,1.331998346195134e-256,8.280916243162919e-256,3.349895213586921e-255,1.084003695134045,mpmath_1792,851
riemann_10,10,Int64,false,taylor,realschur,25,2,9.957312752106873e-16,16.42510897113804,1,2.220446049250313e-16,1.839525863260512e-15,4.979793420510992e-14,29.24935134290765,mpmath_1792,53
riemann_10,10,Int64,false,taylor,realschur,81,2,2.291564829600979e-87,16.42510897113803,1,1.727233711018889e-77,2.878384937375591e-76,1.024306012487825e-74,29.24935134290765,mpmath_1792,256
riemann_10,10,Int64,false,taylor,realschur,90,8,2.655860276871993e-265,1.066314203333523,1,1.331998346195134e-256,8.280916243162919e-256,3.349895213586921e-255,1.084003695134045,mpmath_1792,851
ris_10,10,Rational{Int64},true,diagonalcheap,transfree,0,0,NaN,NaN,NaN,2.220446049250313e-16,1.01724334479871e-15,1.352480648139402e-14,7.505111848133102,mpmath_1792,53
ris_10,10,Rational{Int64},true,diagonalcheap,transfree,0,0,NaN,NaN,NaN,1.727233711018889e-77,7.568438998913531e-77,8.395864273442839e-76,7.505111848133102,mpmath_1792,256
ris_10,10,Rational{Int64},true,diagonalcheap,transfree,0,0,NaN,NaN,NaN,1.331998346195134e-256,1.117022779301113e-255,1.223844483873961e-254,7.505111848133102,mpmath_1792,851
ris_10,10,Rational{Int64},true,diagonalcheap,complexschur,9,0,1.937153826881024e-18,4.810477380909716,4.810477380936126,2.220446049250313e-16,1.883993787565402e-15,2.477150968888083e-14,7.505111848133102,mpmath_1792,53
ris_10,10,Rational{Int64},true,diagonalcheap,complexschur,31,0,6.76349349129934e-92,4.810477380909711,4.81047738093704,1.727233711018889e-77,2.05995148146776e-76,3.053318243540636e-75,7.505111848133102,mpmath_1792,256
ris_10,10,Rational{Int64},true,diagonalcheap,complexschur,73,0,3.212767552253549e-270,4.810477380909716,4.810477380937251,1.331998346195134e-256,1.02650743134297e-255,1.255443897786059e-254,7.505111848133102,mpmath_1792,851
ris_10,10,Rational{Int64},true,diagonalcheap,realschur,9,0,1.937153826881024e-18,4.810477380909716,4.810477380936126,2.220446049250313e-16,1.883993787565402e-15,2.477150968888083e-14,7.505111848133102,mpmath_1792,53
ris_10,10,Rational{Int64},true,diagonalcheap,realschur,31,0,6.76349349129934e-92,4.810477380909711,4.81047738093704,1.727233711018889e-77,2.05995148146776e-76,3.053318243540636e-75,7.505111848133102,mpmath_1792,256
ris_10,10,Rational{Int64},true,diagonalcheap,realschur,73,0,3.212767552253549e-270,4.810477380909717,4.810477380937251,1.331998346195134e-256,1.02650743134297e-255,1.255443897786059e-254,7.505111848133102,mpmath_1792,851
ris_10,10,Rational{Int64},true,taylor,transfree,0,0,NaN,NaN,NaN,2.220446049250313e-16,1.01724334479871e-15,1.352480648139402e-14,7.505111848133102,mpmath_1792,53
ris_10,10,Rational{Int64},true,taylor,transfree,0,0,NaN,NaN,NaN,1.727233711018889e-77,7.568438998913531e-77,8.395864273442839e-76,7.505111848133102,mpmath_1792,256
ris_10,10,Rational{Int64},true,taylor,transfree,0,0,NaN,NaN,NaN,1.331998346195134e-256,1.117022779301113e-255,1.223844483873961e-254,7.505111848133102,mpmath_1792,851
ris_10,10,Rational{Int64},true,taylor,complexschur,20,0,2.766883944183007e-16,4.450460974393314,1,2.220446049250313e-16,1.883993787565402e-15,2.477150968888083e-14,7.505111848133102,mpmath_1792,53
ris_10,10,Rational{Int64},true,taylor,complexschur,64,0,6.948948253262857e-79,4.450460974393309,1,1.727233711018889e-77,2.05995148146776e-76,3.053318243540636e-75,7.505111848133102,mpmath_1792,256
ris_10,10,Rational{Int64},true,taylor,complexschur,90,5,5.591333312406353e-260,1.050312128477952,1,1.331998346195134e-256,6.27670993261264e-256,2.013270779692659e-255,1.112136497896934,mpmath_1792,851
ris_10,10,Rational{Int64},true,taylor,realschur,20,0,2.766883944183007e-16,4.450460974393314,1,2.220446049250313e-16,1.883993787565402e-15,2.477150968888083e-14,7.505111848133102,mpmath_1792,53
ris_10,10,Rational{Int64},true,taylor,realschur,64,0,6.948948253262857e-79,4.450460974393309,1,1.727233711018889e-77,2.05995148146776e-76,3.053318243540636e-75,7.505111848133102,mpmath_1792,256
ris_10,10,Rational{Int64},true,taylor,realschur,90,5,5.591333312406353e-260,1.050312128477952,1,1.331998346195134e-256,6.27670993261264e-256,2.013270779692659e-255,1.112136497896934,mpmath_1792,851
wilkinson_21,21,Float64,true,diagonalcheap,transfree,0,0,NaN,NaN,NaN,2.220446049250313e-16,2.335489883412894e-15,2.328688451937784e-10,55994.3359109645,mpmath_1792,53
wilkinson_21,21,Float64,true,diagonalcheap,transfree,0,0,NaN,NaN,NaN,1.727233711018889e-77,1.975743707773673e-76,1.869999820804473e-71,55994.3359109645,mpmath_1792,256
wilkinson_21,21,Float64,true,diagonalcheap,transfree,0,0,NaN,NaN,NaN,1.331998346195134e-256,9.336820206994845e-256,9.062487672797141e-251,55994.3359109645,mpmath_1792,851
wilkinson_21,21,Float64,true,diagonalcheap,complexschur,17,1,8.519848229089671e-17,215.529349199521,21.664701739063084,2.220446049250313e-16,5.261869548785534e-15,3.02195601661595e-12,241.5596306062596,mpmath_1792,53
wilkinson_21,21,Float64,true,diagonalcheap,complexschur,43,1,1.597873855988097e-89,215.5293491995201,20.28491911491232,1.727233711018889e-77,3.740252694735267e-76,2.316402468952232e-73,241.5596306062596,mpmath_1792,256
wilkinson_21,21,Float64,true,diagonalcheap,complexschur,91,1,2.186823363153781e-254,215.5293491995172,19.838529607264743,1.331998346195134e-256,3.191807797188651e-255,1.716236062711264e-252,241.5596306062596,mpmath_1792,851
wilkinson_21,21,Float64,true,diagonalcheap,realschur,17,1,8.519848229089671e-17,215.529349199521,21.664701739063084,2.220446049250313e-16,5.261869548785534e-15,3.02195601661595e-12,241.5596306062596,mpmath_1792,53
wilkinson_21,21,Float64,true,diagonalcheap,realschur,43,1,1.597873855988097e-89,215.5293491995201,20.28491911491232,1.727233711018889e-77,3.740252694735267e-76,2.316402468952232e-73,241.5596306062596,mpmath_1792,256
wilkinson_21,21,Float64,true,diagonalcheap,realschur,91,1,2.186823363153781e-254,215.5293491995172,19.838529607264743,1.331998346195134e-256,3.191807797188651e-255,1.716236062711264e-252,241.5596306062596,mpmath_1792,851
wilkinson_21,21,Float64,true,taylor,transfree,0,0,NaN,NaN,NaN,2.220446049250313e-16,2.335489883412894e-15,2.328688451937784e-10,55994.3359109645,mpmath_1792,53
wilkinson_21,21,Float64,true,taylor,transfree,0,0,NaN,NaN,NaN,1.727233711018889e-77,1.975743707773673e-76,1.869999820804473e-71,55994.3359109645,mpmath_1792,256
wilkinson_21,21,Float64,true,taylor,transfree,0,0,NaN,NaN,NaN,1.331998346195134e-256,9.336820206994845e-256,9.062487672797141e-251,55994.3359109645,mpmath_1792,851
wilkinson_21,21,Float64,true,taylor,complexschur,25,2,4.041905699025961e-16,12.69757208115905,1,2.220446049250313e-16,3.074222997688221e-15,1.510885038942545e-13,15.61080623120969,mpmath_1792,53
wilkinson_21,21,Float64,true,taylor,complexschur,81,2,3.399547224718676e-88,12.69757208115905,1,1.727233711018889e-77,2.44920960627137e-76,1.122080075749074e-74,15.61080623120969,mpmath_1792,256
wilkinson_21,21,Float64,true,taylor,complexschur,90,8,3.660668631509203e-266,1.0428708272432,1,1.331998346195134e-256,1.368583979891713e-255,6.390700534987175e-255,1.043905261971283,mpmath_1792,851
wilkinson_21,21,Float64,true,taylor,realschur,25,2,4.041905699025961e-16,12.69757208115905,1,2.220446049250313e-16,3.074222997688221e-15,1.510885038942545e-13,15.61080623120969,mpmath_1792,53
wilkinson_21,21,Float64,true,taylor,realschur,81,2,3.399547224718676e-88,12.69757208115905,1,1.727233711018889e-77,2.44920960627137e-76,1.122080075749074e-74,15.61080623120969,mpmath_1792,256
wilkinson_21,21,Float64,true,taylor,realschur,90,8,3.660668631509203e-266,1.0428708272432,1,1.331998346195134e-256,1.368583979891713e-255,6.390700534987175e-255,1.043905261971283,mpmath_1792,851
clement_10_1,10,Float64,true,diagonalcheap,transfree,0,0,NaN,NaN,NaN,2.220446049250313e-16,3.427929439743087e-15,4.155569320194622e-11,10726.51024817475,mpmath_1792,53
clement_10_1,10,Float64,true,diagonalcheap,transfree,0,0,NaN,NaN,NaN,1.727233711018889e-77,2.968778370884703e-76,3.198635740311657e-72,10726.51024817475,mpmath_1792,256
clement_10_1,10,Float64,true,diagonalcheap,transfree,0,0,NaN,NaN,NaN,1.331998346195134e-256,8.218417152975549e-256,9.808169368880463e-252,10726.51024817475,mpmath_1792,851
clement_10_1,10,Float64,true,diagonalcheap,complexschur,13,2,5.480151532285073e-18,9.487735836358517,9.487735836358535,2.220446049250313e-16,2.079355074404957e-15,3.428654724529055e-14,11.18931263006573,mpmath_1792,53
clement_10_1,10,Float64,true,diagonalcheap,complexschur,37,1,2.177196978305947e-80,90.01713130052089,90.01713130052087,1.727233711018889e-77,5.745386785125021e-76,6.93032694458894e-74,114.3876318554006,mpmath_1792,256
clement_10_1,10,Float64,true,diagonalcheap,complexschur,91,1,7.282667954982408e-269,90.01713130052174,90.01713130052174,1.331998346195134e-256,3.933807867694423e-255,5.485862469789516e-253,114.3876318554006,mpmath_1792,851
clement_10_1,10,Float64,true,diagonalcheap,realschur,13,2,5.480151532285073e-18,9.487735836358517,9.487735836358535,2.220446049250313e-16,2.079355074404957e-15,3.428654724529055e-14,11.18931263006573,mpmath_1792,53
clement_10_1,10,Float64,true,diagonalcheap,realschur,37,1,2.177196978305947e-80,90.01713130052089,90.01713130052087,1.727233711018889e-77,5.745386785125021e-76,6.93032694458894e-74,114.3876318554006,mpmath_1792,256
clement_10_1,10,Float64,true,diagonalcheap,realschur,91,1,7.282667954982408e-269,90.01713130052173,90.01713130052174,1.331998346195134e-256,3.933807867694423e-255,5.485862469789516e-253,114.3876318554006,mpmath_1792,851
clement_10_1,10,Float64,true,taylor,transfree,0,0,NaN,NaN,NaN,2.220446049250313e-16,3.427929439743087e-15,4.155569320194622e-11,10726.51024817475,mpmath_1792,53
clement_10_1,10,Float64,true,taylor,transfree,0,0,NaN,NaN,NaN,1.727233711018889e-77,2.968778370884703e-76,3.198635740311657e-72,10726.51024817475,mpmath_1792,256
clement_10_1,10,Float64,true,taylor,transfree,0,0,NaN,NaN,NaN,1.331998346195134e-256,8.218417152975549e-256,9.808169368880463e-252,10726.51024817475,mpmath_1792,851
clement_10_1,10,Float64,true,taylor,complexschur,36,1,2.775557561562891e-17,30.8125,1,2.220446049250313e-16,2.45839749126033e-15,3.195621380832361e-13,114.3876318554006,mpmath_1792,53
clement_10_1,10,Float64,true,taylor,complexschur,90,1,2.153421387232147e-81,30.8125,1,1.727233711018889e-77,5.745386785125021e-76,6.93032694458894e-74,114.3876318554006,mpmath_1792,256
clement_10_1,10,Float64,true,taylor,complexschur,90,8,3.592694777141374e-273,1.035781537021624,1,1.331998346195134e-256,7.009209774538449e-256,2.790471915437581e-255,1.03940901211369,mpmath_1792,851
clement_10_1,10,Float64,true,taylor,realschur,36,1,2.775557561562891e-17,30.8125,1,2.220446049250313e-16,2.45839749126033e-15,3.195621380832361e-13,114.3876318554006,mpmath_1792,53
clement_10_1,10,Float64,true,taylor,realschur,90,1,2.153421387232147e-81,30.8125,1,1.727233711018889e-77,5.745386785125021e-76,6.93032694458894e-74,114.3876318554006,mpmath_1792,256
clement_10_1,10,Float64,true,taylor,realschur,90,8,3.592694777141374e-273,1.035781537021624,1,1.331998346195134e-256,7.009209774538449e-256,2.790471915437581e-255,1.03940901211369,mpmath_1792,851
chebspec_10,10,Float64,false,diagonalcheap,transfree,13,3,2.28189594398278e-18,18.97451879669954,26.664762434973103,2.220446049250313e-16,4.153252380877397e-16,8.320530680764243e-15,18.97451879669956,mpmath_1792,53
chebspec_10,10,Float64,false,diagonalcheap,transfree,31,2,4.85855196859452e-80,103.468407888828,359.8718940444787,1.727233711018889e-77,4.395412032787716e-76,4.471692227603246e-74,103.4684078888278,mpmath_1792,256
chebspec_10,10,Float64,false,diagonalcheap,transfree,49,2,1.007876372983385e-266,103.4684078888283,359.96888910480243,1.331998346195134e-256,4.516034679207563e-255,4.632842034334414e-253,103.4684078888278,mpmath_1792,851
chebspec_10,10,Float64,false,diagonalcheap,complexschur,9,4,1.917135731817009e-18,10.51957639832353,18.529619378307196,2.220446049250313e-16,2.070369044202704e-15,1.885524113990187e-14,5.164429436127344,mpmath_1792,53
chebspec_10,10,Float64,false,diagonalcheap,complexschur,31,2,4.776178138013984e-79,224.2904088085387,1431.3236826606549,1.727233711018889e-77,2.291308388873732e-76,3.742222892784236e-74,103.4684078888278,mpmath_1792,256
chebspec_10,10,Float64,false,diagonalcheap,complexschur,49,2,2.652487010009095e-263,223.1209474871615,1429.2136073949587,1.331998346195134e-256,2.096446413553421e-255,4.075887260223453e-253,103.4684078888278,mpmath_1792,851
chebspec_10,10,Float64,false,diagonalcheap,realschur,9,4,1.916899077543393e-18,10.51951362961452,18.703797783969655,2.220446049250313e-16,1.9987106141654e-15,1.909051301133122e-14,5.164429436127344,mpmath_1792,53
chebspec_10,10,Float64,false,diagonalcheap,realschur,31,2,3.95782632802427e-79,224.2285152819877,1430.9086789127662,1.727233711018889e-77,2.09931675055972e-76,3.434653846102568e-74,103.4684078888278,mpmath_1792,256
chebspec_10,10,Float64,false,diagonalcheap,realschur,49,2,2.602069261497416e-263,223.1310915176778,1429.1329068796608,1.331998346195134e-256,2.024443383577612e-255,3.988610149836433e-253,103.4684078888278,mpmath_1792,851
chebspec_10,10,Float64,false,taylor,transfree,30,2,1.040834085586084e-17,97.23918060565197,1,2.220446049250313e-16,2.369792739967703e-16,2.477302937594988e-14,103.4684078888278,mpmath_1792,53
chebspec_10,10,Float64,false,taylor,transfree,72,2,2.578409297145157e-85,97.23918060565199,1,1.727233711018889e-77,5.922396008873557e-78,5.830790343614789e-76,103.4684078888278,mpmath_1792,256
chebspec_10,10,Float64,false,taylor,transfree,90,4,2.435124654957166e-263,5.164429436127344,1,1.331998346195134e-256,2.038471263271281e-257,1.345566308674575e-256,5.164429436127344,mpmath_1792,851
chebspec_10,10,Float64,false,taylor,complexschur,30,2,8.326672684688674e-17,200.307740091774,1,2.220446049250313e-16,2.234453165550077e-15,3.334554233855972e-13,103.4684078888278,mpmath_1792,53
chebspec_10,10,Float64,false,taylor,complexschur,72,2,3.844112888025988e-85,201.1772213507395,1,1.727233711018889e-77,2.184773684973658e-76,3.485472300443952e-74,103.4684078888278,mpmath_1792,256
chebspec_10,10,Float64,false,taylor,complexschur,90,4,3.061469058759296e-261,10.51855150555646,1,1.331998346195134e-256,1.764795502974731e-255,1.97250655444779e-254,5.164429436127344,mpmath_1792,851
chebspec_10,10,Float64,false,taylor,realschur,30,2,1.040834085586084e-16,200.3107001154198,1,2.220446049250313e-16,2.46162978461352e-15,3.569349056329433e-13,103.4684078888278,mpmath_1792,53
chebspec_10,10,Float64,false,taylor,realschur,72,2,3.119900408649649e-85,201.0474043575006,1,1.727233711018889e-77,2.138931098592549e-76,3.472221179317229e-74,103.4684078888278,mpmath_1792,256
chebspec_10,10,Float64,false,taylor,realschur,90,4,2.849871130504395e-261,10.51830066787766,1,1.331998346195134e-256,1.771475947737073e-255,2.005286201248686e-254,5.164429436127344,mpmath_1792,851
chebvand_10,10,Float64,false,diagonalcheap,transfree,13,0,3.721611232540117e-17,29.01198674458369,42.78832236900575,2.220446049250313e-16,3.084732605324239e-16,4.815518875608853e-15,29.01198674458368,mpmath_1792,53
chebvand_10,10,Float64,false,diagonalcheap,transfree,37,0,1.038233607963949e-90,29.01198674458368,42.73659875875627,1.727233711018889e-77,4.207829605688056e-77,8.21631088399534e-76,29.01198674458368,mpmath_1792,256
chebvand_10,10,Float64,false,diagonalcheap,transfree,81,0,2.292401217065334e-256,29.01198674458367,42.718048562361574,1.331998346195134e-256,2.310356555173161e-256,5.842817172697788e-255,29.01198674458368,mpmath_1792,851
chebvand_10,10,Float64,false,diagonalcheap,complexschur,13,0,3.945902350598077e-17,20.8662569559364,20.806482025721262,2.220446049250313e-16,1.579228797499153e-15,4.336624691162937e-14,29.01198674458368,mpmath_1792,53
chebvand_10,10,Float64,false,diagonalcheap,complexschur,37,0,0,20.85316691683935,24.45915293111455,1.727233711018889e-77,1.28914219069853e-76,3.404001447051466e-75,29.01198674458368,mpmath_1792,256
chebvand_10,10,Float64,false,diagonalcheap,complexschur,81,0,8.031860655130929e-258,20.85879192561249,24.46738325019386,1.331998346195134e-256,1.492932044148885e-255,3.399164469611501e-254,29.01198674458368,mpmath_1792,851
chebvand_10,10,Float64,false,diagonalcheap,realschur,13,0,3.95426395888205e-17,17.47274887616211,30.379532467444427,2.220446049250313e-16,1.460212042130077e-15,3.631633070525963e-14,29.01198674458368,mpmath_1792,53
chebvand_10,10,Float64,false,diagonalcheap,realschur,37,0,3.948113341825911e-91,17.47274887616218,30.63503520375956,1.727233711018889e-77,1.27984614000522e-76,3.35264908628556e-75,29.01198674458368,mpmath_1792,256
chebvand_10,10,Float64,false,diagonalcheap,realschur,81,0,1.169698684448289e-256,17.47274887616221,27.03743934195314,1.331998346195134e-256,1.647172966747909e-255,3.776429499253524e-254,29.01198674458368,mpmath_1792,851
chebvand_10,10,Float64,false,taylor,transfree,30,0,6.938893903907228e-18,29.60275567634363,1,2.220446049250313e-16,1.725812574984434e-16,5.130085175183213e-15,29.01198674458368,mpmath_1792,53
chebvand_10,10,Float64,false,taylor,transfree,81,0,1.149886181669174e-81,29.60275567634362,1,1.727233711018889e-77,6.792869754242868e-78,1.610154541871797e-76,29.01198674458368,mpmath_1792,256
chebvand_10,10,Float64,false,taylor,transfree,90,6,2.957297437508807e-259,1.157965322211723,1,1.331998346195134e-256,3.442523617574175e-257,6.418481437291982e-257,1.157965322211723,mpmath_1792,851
chebvand_10,10,Float64,false,taylor,complexschur,30,0,3.469446951953614e-18,21.04054177063494,1,2.220446049250313e-16,1.575524053105653e-15,4.369931381901692e-14,29.01198674458368,mpmath_1792,53
chebvand_10,10,Float64,false,taylor,complexschur,81,0,1.044129998051028e-82,21.14353625170153,1,1.727233711018889e-77,1.332744465787959e-76,3.426056519003862e-75,29.01198674458368,mpmath_1792,256
chebvand_10,10,Float64,false,taylor,complexschur,90,6,5.049859722798832e-260,1.091200949537895,1,1.331998346195134e-256,9.974611465877837e-256,3.968231095767511e-255,1.157965322211723,mpmath_1792,851
chebvand_10,10,Float64,false,taylor,realschur,30,0,0,19.49682145926172,1,2.220446049250313e-16,1.481839261187476e-15,3.953597747667258e-14,29.01198674458368,mpmath_1792,53
chebvand_10,10,Float64,false,taylor,realschur,81,0,8.661656572334782e-82,19.49682145926176,1,1.727233711018889e-77,1.292360310175925e-76,3.400148013338579e-75,29.01198674458368,mpmath_1792,256
chebvand_10,10,Float64,false,taylor,realschur,90,6,4.676638497294088e-259,1.092537039687085,1,1.331998346195134e-256,1.029527800924816e-255,4.072358505545754e-255,1.157965322211723,mpmath_1792,851
chow_10,10,Int64,false,diagonalcheap,transfree,13,1,2.421886703687654e-17,27.80687491508752,11.074381747899471,2.220446049250313e-16,2.742237316844025e-16,6.096775524847774e-15,27.80687491508751,mpmath_1792,53
chow_10,10,Int64,false,diagonalcheap,transfree,31,1,1.524661471697492e-78,27.80687491508751,10.782293561885076,1.727233711018889e-77,2.124417525596054e-77,5.784197950814668e-76,27.80687491508751,mpmath_1792,256
chow_10,10,Int64,false,diagonalcheap,transfree,81,1,2.312117318727464e-279,27.80687491508753,10.657647835013893,1.331998346195134e-256,2.534756223153348e-256,5.62265975219636e-255,27.80687491508751,mpmath_1792,851
chow_10,10,Int64,false,diagonalcheap,complexschur,17,0,5.886025912030285e-16,191.1446394717708,29.90723826409311,2.220446049250313e-16,3.315313910985175e-15,1.174090767951619e-12,307.1747528206736,mpmath_1792,53
chow_10,10,Int64,false,diagonalcheap,complexschur,37,0,1.32382806153047e-78,191.1446394717701,26.085470810456236,1.727233711018889e-77,2.274272995453653e-76,8.410238413463638e-74,307.1747528206736,mpmath_1792,256
chow_10,10,Int64,false,diagonalcheap,complexschur,91,0,6.312891922039291e-271,191.1446394717711,27.77805716553365,1.331998346195134e-256,5.885232229888462e-255,1.361357839476366e-252,307.1747528206736,mpmath_1792,851
chow_10,10,Int64,false,diagonalcheap,realschur,17,0,5.886025912030285e-16,191.1446394717708,29.907238263626876,2.220446049250313e-16,3.31784207181128e-15,1.166097162174317e-12,307.1747528206736,mpmath_1792,53
chow_10,10,Int64,false,diagonalcheap,realschur,37,0,1.32382806153047e-78,191.1446394717701,26.085470810456236,1.727233711018889e-77,2.260045299073752e-76,8.472418827060318e-74,307.1747528206736,mpmath_1792,256
chow_10,10,Int64,false,diagonalcheap,realschur,91,0,6.312891922039291e-271,191.1446394717711,27.77805716553365,1.331998346195134e-256,5.878333058051125e-255,1.375743421615274e-252,307.1747528206736,mpmath_1792,851
chow_10,10,Int64,false,taylor,transfree,25,1,3.95516952522712e-15,21,1,2.220446049250313e-16,8.286732452088142e-17,2.307192135110631e-15,27.80687491508751,mpmath_1792,53
chow_10,10,Int64,false,taylor,transfree,72,1,1.861419770246497e-77,21,1,1.727233711018889e-77,7.397651166513387e-78,1.906433104155465e-76,27.80687491508751,mpmath_1792,256
chow_10,10,Int64,false,taylor,transfree,90,7,3.634676667177782e-270,1.080105074980207,1,1.331998346195134e-256,3.139791727972415e-257,5.073366296936061e-257,1.080105074980207,mpmath_1792,851
chow_10,10,Int64,false,taylor,complexschur,25,1,3.05311331771918e-16,14.08759789104958,1,2.220446049250313e-16,3.17874768249836e-15,1.074044377156495e-13,27.80687491508751,mpmath_1792,53
chow_10,10,Int64,false,taylor,complexschur,72,1,3.057756693950001e-79,14.08759789104954,1,1.727233711018889e-77,1.587583845245616e-76,6.023519962047132e-75,27.80687491508751,mpmath_1792,256
chow_10,10,Int64,false,taylor,complexschur,90,7,3.575426387174355e-272,1.057925145082565,1,1.331998346195134e-256,2.069103592020951e-255,8.549901661119921e-255,1.080105074980207,mpmath_1792,851
chow_10,10,Int64,false,taylor,realschur,25,1,3.05311331771918e-16,14.08759789104958,1,2.220446049250313e-16,3.168008165254953e-15,1.071823931107244e-13,27.80687491508751,mpmath_1792,53
chow_10,10,Int64,false,taylor,realschur,72,1,3.057756693950001e-79,14.08759789104954,1,1.727233711018889e-77,1.589275998650114e-76,6.075336973377698e-75,27.80687491508751,mpmath_1792,256
chow_10,10,Int64,false,taylor,realschur,90,7,3.575426387174355e-272,1.057925145082565,1,1.331998346195134e-256,2.109451045006335e-255,8.725668797068218e-255,1.080105074980207,mpmath_1792,851
circulant_10,10,Int64,false,diagonalcheap,transfree,13,4,1.539425698827104e-17,31.1090881509676,11.54857167102348,2.220446049250313e-16,1.848842360619671e-16,5.705143959742451e-15,31.10908815096766,mpmath_1792,53
circulant_10,10,Int64,false,diagonalcheap,transfree,43,3,5.516233271552396e-82,967.7753655847062,86.50982771395537,1.727233711018889e-77,1.201390390574405e-75,1.174628929097782e-72,967.7753655846766,mpmath_1792,256
circulant_10,10,Int64,false,diagonalcheap,transfree,91,4,9.780798599522053e-291,31.10908815096773,10.940156547064813,1.331998346195134e-256,1.0947200452011e-256,4.398576341602092e-255,31.10908815096766,mpmath_1792,851
circulant_10,10,Int64,false,diagonalcheap,complexschur,13,4,3.078851397654216e-17,31.10908815096771,6.945323283742375,2.220446049250313e-16,2.057864783417473e-15,7.276242544122791e-14,31.10908815096766,mpmath_1792,53
circulant_10,10,Int64,false,diagonalcheap,complexschur,43,3,5.516233271552413e-82,967.7753655847094,45.80151347761683,1.727233711018889e-77,4.103507520677138e-76,4.6140684197931e-73,967.7753655846766,mpmath_1792,256
circulant_10,10,Int64,false,diagonalcheap,complexschur,91,4,9.78079859952197e-291,31.10908815096748,6.57800501127826,1.331998346195134e-256,5.164671071265126e-255,1.87381360724293e-253,31.10908815096766,mpmath_1792,851
circulant_10,10,Int64,false,diagonalcheap,realschur,13,4,3.078851397654216e-17,31.10908815096771,9.361394413562007,2.220446049250313e-16,2.056377436073256e-15,7.320651465107797e-14,31.10908815096766,mpmath_1792,53
circulant_10,10,Int64,false,diagonalcheap,realschur,43,3,5.516233271552413e-82,967.7753655847094,63.80800476736727,1.727233711018889e-77,4.144037442590808e-76,4.658285602795184e-73,967.7753655846766,mpmath_1792,256
circulant_10,10,Int64,false,diagonalcheap,realschur,91,4,9.78079859952197e-291,31.10908815096748,8.873564573172072,1.331998346195134e-256,5.181873750158843e-255,1.889797587397272e-253,31.10908815096766,mpmath_1792,851
circulant_10,10,Int64,false,taylor,transfree,42,3,0,178.7513122558594,1,2.220446049250313e-16,1.037003071126282e-16,9.950152036510414e-14,967.7753655846766,mpmath_1792,53
circulant_10,10,Int64,false,taylor,transfree,90,4,1.227273366324432e-91,31.08158751330685,1,1.727233711018889e-77,2.816015241024696e-78,7.066032848418047e-77,31.10908815096766,mpmath_1792,256
circulant_10,10,Int64,false,taylor,transfree,90,11,8.149457398765958e-284,1.027219326740717,1,1.331998346195134e-256,6.283056815332301e-257,6.337940681344623e-257,1.027219326740717,mpmath_1792,851
circulant_10,10,Int64,false,taylor,complexschur,42,3,4.440892098500626e-16,178.7513122558595,1,2.220446049250313e-16,2.835385196074052e-15,3.127401205657622e-12,967.7753655846766,mpmath_1792,53
circulant_10,10,Int64,false,taylor,complexschur,90,4,1.227273366324432e-91,31.08158751330685,1,1.727233711018889e-77,2.142075131877841e-76,8.84240776953955e-75,31.10908815096766,mpmath_1792,256
circulant_10,10,Int64,false,taylor,complexschur,90,11,8.149457398765958e-284,1.027219326740717,1,1.331998346195134e-256,9.093232979057245e-256,3.495631443288223e-255,1.027219326740717,mpmath_1792,851
circulant_10,10,Int64,false,taylor,realschur,42,3,4.440892098500626e-16,178.7513122558595,1,2.220446049250313e-16,2.881706773142419e-15,3.11319035094242e-12,967.7753655846766,mpmath_1792,53
circulant_10,10,Int64,false,taylor,realschur,90,4,1.227273366324432e-91,31.08158751330685,1,1.727233711018889e-77,2.124662392369416e-76,8.427871678895017e-75,31.10908815096766,mpmath_1792,256
circulant_10,10,Int64,false,taylor,realschur,90,11,8.149457398765958e-284,1.027219326740717,1,1.331998346195134e-256,8.836586619802109e-256,3.321613286963551e-255,1.027219326740717,mpmath_1792,851
cycol_10,10,Float64,false,diagonalcheap,transfree,9,0,9.427704501583672e-17,13.9986555572097,38.61381665753056,2.220446049250313e-16,3.92960621275312e-16,4.596102268732017e-15,13.9986555572097,mpmath_1792,53
cycol_10,10,Float64,false,diagonalcheap,transfree,31,0,1.004315413006798e-91,13.9986555572097,38.95538813673713,1.727233711018889e-77,2.788339936005904e-77,2.57764339191384e-76,13.9986555572097,mpmath_1792,256
cycol_10,10,Float64,false,diagonalcheap,transfree,73,0,2.963247027698027e-289,13.9986555572097,39.03132032545949,1.331998346195134e-256,2.223507220372476e-256,2.889538376824018e-255,13.9986555572097,mpmath_1792,851
cycol_10,10,Float64,false,diagonalcheap,complexschur,9,0,0,8.576338121854933,19.126383910207636,2.220446049250313e-16,1.05043685198639e-15,2.024667569089284e-14,13.9986555572097,mpmath_1792,53
cycol_10,10,Float64,false,diagonalcheap,complexschur,31,0,9.572392551330825e-92,8.391389679437669,17.143394641186344,1.727233711018889e-77,1.053165160160046e-76,1.836132147140069e-75,13.9986555572097,mpmath_1792,256
cycol_10,10,Float64,false,diagonalcheap,complexschur,73,0,2.643879369081462e-293,10.55468425059367,19.968760225453302,1.331998346195134e-256,8.211048706023776e-256,1.542682830870412e-254,13.9986555572097,mpmath_1792,851
cycol_10,10,Float64,false,diagonalcheap,realschur,9,0,0,8.154983744847177,19.338292819388847,2.220446049250313e-16,1.005964535543643e-15,1.785969618794876e-14,13.9986555572097,mpmath_1792,53
cycol_10,10,Float64,false,diagonalcheap,realschur,31,0,9.803580639003184e-92,5.040537759970131,17.53697180379733,1.727233711018889e-77,1.011242335858519e-76,1.715225787368747e-75,13.9986555572097,mpmath_1792,256
cycol_10,10,Float64,false,diagonalcheap,realschur,73,0,8.10304139836658e-293,4.620846424086728,21.3390508836507,1.331998346195134e-256,7.888292759983325e-256,1.556002814332363e-254,13.9986555572097,mpmath_1792,851
cycol_10,10,Float64,false,taylor,transfree,20,0,1.379105163401562e-16,13.89439860046269,1,2.220446049250313e-16,1.335885690881767e-16,1.66324774189842e-15,13.9986555572097,mpmath_1792,53
cycol_10,10,Float64,false,taylor,transfree,64,0,1.113215611479041e-84,13.89439860046269,1,1.727233711018889e-77,3.343207349761073e-78,4.151684791061777e-77,13.9986555572097,mpmath_1792,256
cycol_10,10,Float64,false,taylor,transfree,90,5,1.936096000525308e-270,1.294294107210103,1,1.331998346195134e-256,3.101693397329839e-257,6.591358394187253e-257,1.294294107210103,mpmath_1792,851
cycol_10,10,Float64,false,taylor,complexschur,20,0,6.505213034913027e-18,8.523258704028942,1,2.220446049250313e-16,1.088190583619315e-15,2.069076490074291e-14,13.9986555572097,mpmath_1792,53
cycol_10,10,Float64,false,taylor,complexschur,64,0,1.106015689548162e-86,8.333793927725143,1,1.727233711018889e-77,1.033038645416741e-76,1.749770461589125e-75,13.9986555572097,mpmath_1792,256
cycol_10,10,Float64,false,taylor,complexschur,90,5,2.465461942572103e-273,1.177383086689771,1,1.331998346195134e-256,7.140981681688013e-256,3.249820777504868e-255,1.294294107210103,mpmath_1792,851
cycol_10,10,Float64,false,taylor,realschur,20,0,6.938893903907228e-18,8.8744273124088,1,2.220446049250313e-16,1.102872573983512e-15,1.92046120536728e-14,13.9986555572097,mpmath_1792,53
cycol_10,10,Float64,false,taylor,realschur,64,0,1.106015689548162e-86,8.568342543111058,1,1.727233711018889e-77,9.852204582175434e-77,1.693635365981011e-75,13.9986555572097,mpmath_1792,256
cycol_10,10,Float64,false,taylor,realschur,90,5,5.64693886933906e-273,1.177383086689771,1,1.331998346195134e-256,7.278076830872786e-256,3.284161359867712e-255,1.294294107210103,mpmath_1792,851
dramadah_10_1,10,Int64,false,diagonalcheap,transfree,13,0,7.535910191274583e-16,98.40890408838663,27.056641925681802,2.220446049250313e-16,7.205134423365661e-16,8.343379365201475e-14,98.4089040883864,mpmath_1792,53
dramadah_10_1,10,Int64,false,diagonalcheap,transfree,37,0,2.763997830374898e-81,98.40890408838621,28.717096047005647,1.727233711018889e-77,3.929208638761743e-77,3.778304566093402e-75,98.4089040883864,mpmath_1792,256
dramadah_10_1,10,Int64,false,diagonalcheap,transfree,91,0,1.615929754059229e-272,98.40890408838632,28.16977088550232,1.331998346195134e-256,3.955478070704463e-256,3.874159691309194e-254,98.4089040883864,mpmath_1792,851
dramadah_10_1,10,Int64,false,diagonalcheap,complexschur,13,0,9.860095100228729e-17,64.33538939524708,19.671806923007217,2.220446049250313e-16,2.42869194294567e-15,3.392291785256508e-13,98.4089040883864,mpmath_1792,53
dramadah_10_1,10,Int64,false,diagonalcheap,complexschur,37,0,4.581787307652273e-83,64.33538939524712,15.944679228692763,1.727233711018889e-77,9.358665098072059e-76,9.041214745751953e-74,98.4089040883864,mpmath_1792,256
dramadah_10_1,10,Int64,false,diagonalcheap,complexschur,91,0,3.542887691370785e-275,64.3353893952473,16.259257561862338,1.331998346195134e-256,5.308623075960405e-255,4.746893353622621e-253,98.4089040883864,mpmath_1792,851
dramadah_10_1,10,Int64,false,diagonalcheap,realschur,13,0,9.860095100228729e-17,64.33538939524708,19.341305323257036,2.220446049250313e-16,2.542564324500716e-15,3.800853858318566e-13,98.4089040883864,mpmath_1792,53
dramadah_10_1,10,Int64,false,diagonalcheap,realschur,37,0,4.581787307652273e-83,64.33538939524712,19.8260639575344,1.727233711018889e-77,9.429143890420034e-76,9.283027465294597e-74,98.4089040883864,mpmath_1792,256
dramadah_10_1,10,Int64,false,diagonalcheap,realschur,91,0,3.542887691370785e-275,64.3353893952473,19.45013638385864,1.331998346195134e-256,5.27011257696402e-255,5.286917731803291e-253,98.4089040883864,mpmath_1792,851
dramadah_10_1,10,Int64,false,taylor,transfree,25,1,5.204170427930421e-18,9.708333333333334,1,2.220446049250313e-16,7.308731445328413e-17,7.289449710965013e-16,11.65919395296996,mpmath_1792,53
dramadah_10_1,10,Int64,false,taylor,transfree,72,1,1.386930177631822e-81,9.708333333333333,1,1.727233711018889e-77,5.261576677161135e-78,5.607414247767936e-77,11.65919395296996,mpmath_1792,256
dramadah_10_1,10,Int64,false,taylor,transfree,90,7,1.608373699384233e-274,1.047707947906384,1,1.331998346195134e-256,3.520146084288265e-257,5.145391292583041e-257,1.047707947906384,mpmath_1792,851
dramadah_10_1,10,Int64,false,taylor,complexschur,25,1,0,6.753799578103475,1,2.220446049250313e-16,1.77596134410812e-15,2.014043914211137e-14,11.65919395296996,mpmath_1792,53
dramadah_10_1,10,Int64,false,taylor,complexschur,72,1,4.092608720147159e-83,6.753799578103478,1,1.727233711018889e-77,4.977182311541859e-76,6.475693554443459e-75,11.65919395296996,mpmath_1792,256
dramadah_10_1,10,Int64,false,taylor,complexschur,90,7,3.087361192773754e-276,1.033067062613107,1,1.331998346195134e-256,1.314789321840096e-255,5.715458964631716e-255,1.047707947906384,mpmath_1792,851
dramadah_10_1,10,Int64,false,taylor,realschur,25,1,0,6.753799578103475,1,2.220446049250313e-16,1.692600184953062e-15,1.95682217472563e-14,11.65919395296996,mpmath_1792,53
dramadah_10_1,10,Int64,false,taylor,realschur,72,1,4.092608720147159e-83,6.753799578103478,1,1.727233711018889e-77,5.018589708513952e-76,6.518874397218931e-75,11.65919395296996,mpmath_1792,256
dramadah_10_1,10,Int64,false,taylor,realschur,90,7,3.087361192773754e-276,1.033067062613107,1,1.331998346195134e-256,1.333000881672105e-255,5.752921418118454e-255,1.047707947906384,mpmath_1792,851
dramadah_10_3,10,Int64,false,diagonalcheap,transfree,13,0,0,60.50895669867153,19.744595522600495,2.220446049250313e-16,6.71891732901233e-16,3.798753245769624e-14,60.50895669867163,mpmath_1792,53
dramadah_10_3,10,Int64,false,diagonalcheap,transfree,37,0,1.111037812855465e-88,60.50895669867157,18.79640236743403,1.727233711018889e-77,5.93164244641363e-77,3.299487107683305e-75,60.50895669867163,mpmath_1792,256
dramadah_10_3,10,Int64,false,diagonalcheap,transfree,91,0,1.939706661857757e-293,60.50895669867161,18.508868644720593,1.331998346195134e-256,1.852085897349641e-256,8.224076929213806e-255,60.50895669867163,mpmath_1792,851
dramadah_10_3,10,Int64,false,diagonalcheap,complexschur,13,0,2.799170044282991e-17,41.92937030663569,8.603825742280732,2.220446049250313e-16,6.453923341547663e-15,3.743360739800362e-13,60.50895669867163,mpmath_1792,53
dramadah_10_3,10,Int64,false,diagonalcheap,complexschur,37,0,1.428775284374141e-90,41.92937030663548,9.103349851632222,1.727233711018889e-77,4.160925713499919e-76,2.133180705072051e-74,60.50895669867163,mpmath_1792,256
dramadah_10_3,10,Int64,false,diagonalcheap,complexschur,81,0,3.463969695019778e-255,41.92937030663551,9.51640755678731,1.331998346195134e-256,2.355731653962295e-255,1.324313903789223e-253,60.50895669867163,mpmath_1792,851
dramadah_10_3,10,Int64,false,diagonalcheap,realschur,13,0,6.970098893066294e-18,41.84266071827666,11.566908523043741,2.220446049250313e-16,5.980983881628092e-15,3.44582096920082e-13,60.50895669867163,mpmath_1792,53
dramadah_10_3,10,Int64,false,diagonalcheap,realschur,37,0,1.185727807156718e-90,41.84266071827643,11.060827268437942,1.727233711018889e-77,4.426229460735373e-76,2.281722804219675e-74,60.50895669867163,mpmath_1792,256
dramadah_10_3,10,Int64,false,diagonalcheap,realschur,81,0,3.44674211532945e-255,41.84266071827644,11.589645015662697,1.331998346195134e-256,2.048881756695666e-255,1.150303372125077e-253,60.50895669867163,mpmath_1792,851
dramadah_10_3,10,Int64,false,taylor,transfree,25,1,8.673617379884035e-19,8.958333333333332,1,2.220446049250313e-16,5.550047937885277e-17,5.853191477544675e-16,10.02581688252567,mpmath_1792,53
dramadah_10_3,10,Int64,false,taylor,transfree,72,1,1.593000829489112e-88,8.958333333333333,1,1.727233711018889e-77,4.219377981972271e-78,4.44725629045829e-77,10.02581688252567,mpmath_1792,256
dramadah_10_3,10,Int64,false,taylor,transfree,90,7,1.350693915572929e-283,1.047644977991329,1,1.331998346195134e-256,1.922921904971585e-257,3.805777058822646e-257,1.047644977991329,mpmath_1792,851
dramadah_10_3,10,Int64,false,taylor,complexschur,30,0,0,24.70685601802633,1,2.220446049250313e-16,5.071599511012019e-15,2.975086406759754e-13,60.50895669867163,mpmath_1792,53
dramadah_10_3,10,Int64,false,taylor,complexschur,81,0,1.719209455275201e-80,24.70685601802627,1,1.727233711018889e-77,3.957235168734377e-76,1.991547540768502e-74,60.50895669867163,mpmath_1792,256
dramadah_10_3,10,Int64,false,taylor,complexschur,90,6,4.786756256539874e-258,1.085726799029994,1,1.331998346195134e-256,8.506512133397259e-256,2.78449875174824e-255,1.096858429128847,mpmath_1792,851
dramadah_10_3,10,Int64,false,taylor,realschur,30,0,2.081668171172169e-17,24.62815840216083,1,2.220446049250313e-16,5.050106871562347e-15,2.94844105416875e-13,60.50895669867163,mpmath_1792,53
dramadah_10_3,10,Int64,false,taylor,realschur,81,0,1.715933121559187e-80,24.62815840216077,1,1.727233711018889e-77,4.016478211677098e-76,1.984917311909358e-74,60.50895669867163,mpmath_1792,256
dramadah_10_3,10,Int64,false,taylor,realschur,90,6,4.779944234726633e-258,1.09605621066411,1,1.331998346195134e-256,8.465976923962211e-256,2.708986842558637e-255,1.096858429128847,mpmath_1792,851
forsythe_10,10,Float64,false,diagonalcheap,transfree,9,0,3.601465742705195e-19,2.718281525573197,2.718281825640393,2.220446049250313e-16,1.594623869665796e-16,6.445367782466524e-16,2.718281525573197,mpmath_1792,53
forsythe_10,10,Float64,false,diagonalcheap,transfree,25,0,1.393150348260402e-80,2.718281525573197,2.7182818272837044,1.727233711018889e-77,1.425336628758968e-77,9.230007667080764e-77,2.718281525573197,mpmath_1792,256
forsythe_10,10,Float64,false,diagonalcheap,transfree,49,0,2.467483110787691e-262,2.718281525573197,2.718281827466352,1.331998346195134e-256,3.64346300454761e-256,2.212068318871604e-255,2.718281525573197,mpmath_1792,851
forsythe_10,10,Float64,false,diagonalcheap,complexschur,9,0,3.841647678378219e-19,2.738677004148674,2.9189240922156237,2.220446049250313e-16,1.982855385720689e-15,1.146565145236141e-14,2.718281525573197,mpmath_1792,53
forsythe_10,10,Float64,false,diagonalcheap,complexschur,25,0,4.69626328459915e-79,2.989728598267252,2.9450721912754085,1.727233711018889e-77,1.713329724724582e-76,9.545764233861369e-76,2.718281525573197,mpmath_1792,256
forsythe_10,10,Float64,false,diagonalcheap,complexschur,49,0,2.632126126631699e-262,2.742699710889864,2.8331338978296445,1.331998346195134e-256,1.976508790229287e-255,9.165605662652504e-255,2.718281525573197,mpmath_1792,851
forsythe_10,10,Float64,false,diagonalcheap,realschur,9,0,0,2.716789106922083,2.8058807135064368,2.220446049250313e-16,2.067927780427111e-15,1.257719679195071e-14,2.718281525573197,mpmath_1792,53
forsythe_10,10,Float64,false,diagonalcheap,realschur,25,0,4.342043324003222e-79,2.973392083681663,2.8816150704509447,1.727233711018889e-77,1.768361452197246e-76,9.314322813547069e-76,2.718281525573197,mpmath_1792,256
forsythe_10,10,Float64,false,diagonalcheap,realschur,49,0,2.609515921113647e-262,2.973392083681664,2.791576357923806,1.331998346195134e-256,1.897003867056084e-255,8.935942913979433e-255,2.718281525573197,mpmath_1792,851
forsythe_10,10,Float64,false,taylor,transfree,20,0,4.336808689942018e-19,2.666666666666667,1,2.220446049250313e-16,9.054537195748991e-17,2.257892063406499e-16,2.718281525573197,mpmath_1792,53
forsythe_10,10,Float64,false,taylor,transfree,56,0,2.510772025379171e-77,2.666666666666667,1,1.727233711018889e-77,6.103473351445479e-78,1.417204192077927e-77,2.718281525573197,mpmath_1792,256
forsythe_10,10,Float64,false,taylor,transfree,90,2,2.152670398120619e-260,1.284025416687473,1,1.331998346195134e-256,1.37069534214136e-257,2.166003924433395e-257,1.284025416687473,mpmath_1792,851
forsythe_10,10,Float64,false,taylor,complexschur,20,0,4.336808689942018e-19,2.936898378661384,1,2.220446049250313e-16,1.977737607101583e-15,1.146961540739205e-14,2.718281525573197,mpmath_1792,53
forsythe_10,10,Float64,false,taylor,complexschur,64,0,2.270455727700199e-90,2.936898378661376,1,1.727233711018889e-77,1.733140632344556e-76,9.348857060677709e-76,2.718281525573197,mpmath_1792,256
forsythe_10,10,Float64,false,taylor,complexschur,90,2,1.864602182731132e-259,1.343429908507653,1,1.331998346195134e-256,1.526530277672595e-255,5.403300062085688e-255,1.284025416687473,mpmath_1792,851
forsythe_10,10,Float64,false,taylor,realschur,20,0,4.336808689942018e-19,2.90766732743782,1,2.220446049250313e-16,2.071234680483366e-15,1.263228785699043e-14,2.718281525573197,mpmath_1792,53
forsythe_10,10,Float64,false,taylor,realschur,64,0,1.411364371273096e-90,2.907667327437798,1,1.727233711018889e-77,1.829113754302392e-76,9.743601113795416e-76,2.718281525573197,mpmath_1792,256
forsythe_10,10,Float64,false,taylor,realschur,90,2,1.84531180093608e-259,1.326481006110797,1,1.331998346195134e-256,1.479574549299708e-255,5.404899191035925e-255,1.284025416687473,mpmath_1792,851
leslie_10_1,10,Int64,false,diagonalcheap,transfree,9,0,6.895433155315321e-16,7.389055727637595,5.775202858683046,2.220446049250313e-16,1.744022941552431e-16,2.150851881365842e-15,7.389055727637594,mpmath_1792,53
leslie_10_1,10,Int64,false,diagonalcheap,transfree,31,0,7.503934964590514e-86,7.389055727637593,5.6790939723265605,1.727233711018889e-77,1.421932361266608e-77,1.946838042256754e-76,7.389055727637594,mpmath_1792,256
leslie_10_1,10,Int64,false,diagonalcheap,transfree,81,0,1.14919521344642e-289,7.389055727637587,5.656186251493258,1.331998346195134e-256,9.681440459421402e-257,9.929684877330639e-256,7.389055727637594,mpmath_1792,851
leslie_10_1,10,Int64,false,diagonalcheap,complexschur,9,0,6.929834436332677e-16,7.38180827794084,7.247533231563908,2.220446049250313e-16,1.239715637673809e-15,1.749990252661693e-14,7.389055727637594,mpmath_1792,53
leslie_10_1,10,Int64,false,diagonalcheap,complexschur,31,0,7.434390691374591e-86,7.381808277940835,7.9816705162364245,1.727233711018889e-77,3.233444785965442e-76,3.673638714047777e-75,7.389055727637594,mpmath_1792,256
leslie_10_1,10,Int64,false,diagonalcheap,complexschur,81,0,1.119423475999755e-289,7.381808277940844,7.145988642951578,1.331998346195134e-256,1.405007797454574e-255,1.955879872859942e-254,7.389055727637594,mpmath_1792,851
leslie_10_1,10,Int64,false,diagonalcheap,realschur,9,0,8.078717027827894e-16,7.381808277940839,7.985086477450523,2.220446049250313e-16,1.266975617060765e-15,1.861210422020687e-14,7.389055727637594,mpmath_1792,53
leslie_10_1,10,Int64,false,diagonalcheap,realschur,31,0,8.659780514212046e-86,7.381808277940835,10.081054099585927,1.727233711018889e-77,3.274268831113302e-76,3.362957241556339e-75,7.389055727637594,mpmath_1792,256
leslie_10_1,10,Int64,false,diagonalcheap,realschur,81,0,1.304036398323249e-289,8.040041902105227,7.847764634733665,1.331998346195134e-256,1.418144073535331e-255,1.901143065820986e-254,7.389055727637594,mpmath_1792,851
leslie_10_1,10,Int64,false,taylor,transfree,25,0,1.734723475976807e-18,6.333333333333334,1,2.220446049250313e-16,8.069135210313216e-17,7.148491265398923e-16,7.389055727637594,mpmath_1792,53
leslie_10_1,10,Int64,false,taylor,transfree,72,0,2.171529271642895e-84,6.333333333333333,1,1.727233711018889e-77,5.664022309156626e-78,4.758874894407733e-77,7.389055727637594,mpmath_1792,256
leslie_10_1,10,Int64,false,taylor,transfree,90,6,7.882445569854726e-278,1.031743407499103,1,1.331998346195134e-256,4.284966101496052e-257,6.679262261307985e-257,1.031743407499103,mpmath_1792,851
leslie_10_1,10,Int64,false,taylor,complexschur,25,0,8.673617379884035e-19,6.32842794134895,1,2.220446049250313e-16,1.276693543835234e-15,1.841952280931913e-14,7.389055727637594,mpmath_1792,53
leslie_10_1,10,Int64,false,taylor,complexschur,72,0,2.095074896605177e-84,6.328427941348953,1,1.727233711018889e-77,3.347931002446758e-76,3.560514934241833e-75,7.389055727637594,mpmath_1792,256
leslie_10_1,10,Int64,false,taylor,complexschur,90,6,7.605456606102367e-278,1.039181171267378,1,1.331998346195134e-256,1.198509748784747e-255,4.109588976463322e-255,1.031743407499103,mpmath_1792,851
leslie_10_1,10,Int64,false,taylor,realschur,25,0,8.673617379884035e-19,7.193291205806618,1,2.220446049250313e-16,1.243116189543962e-15,1.798067842747847e-14,7.389055727637594,mpmath_1792,53
leslie_10_1,10,Int64,false,taylor,realschur,72,0,2.095074896605177e-84,7.193291205806623,1,1.727233711018889e-77,3.372763234910273e-76,3.372170397782614e-75,7.389055727637594,mpmath_1792,256
leslie_10_1,10,Int64,false,taylor,realschur,90,6,7.605456606102367e-278,1.050724990510458,1,1.331998346195134e-256,1.176258793499896e-255,3.894652488568677e-255,1.031743407499103,mpmath_1792,851
leslie_10_2,10,Int64,false,diagonalcheap,transfree,9,0,6.895433155315321e-16,7.389055727637595,5.775202858683046,2.220446049250313e-16,1.744022941552431e-16,2.150851881365842e-15,7.389055727637594,mpmath_1792,53
leslie_10_2,10,Int64,false,diagonalcheap,transfree,31,0,7.503934964590514e-86,7.389055727637593,5.6790939723265605,1.727233711018889e-77,1.421932361266608e-77,1.946838042256754e-76,7.389055727637594,mpmath_1792,256
leslie_10_2,10,Int64,false,diagonalcheap,transfree,81,0,1.14919521344642e-289,7.389055727637587,5.656186251493258,1.331998346195134e-256,9.681440459421402e-257,9.929684877330639e-256,7.389055727637594,mpmath_1792,851
leslie_10_2,10,Int64,false,diagonalcheap,complexschur,9,0,6.929834436332677e-16,7.38180827794084,7.247533231563908,2.220446049250313e-16,1.239715637673809e-15,1.749990252661693e-14,7.389055727637594,mpmath_1792,53
leslie_10_2,10,Int64,false,diagonalcheap,complexschur,31,0,7.434390691374591e-86,7.381808277940835,7.9816705162364245,1.727233711018889e-77,3.233444785965442e-76,3.673638714047777e-75,7.389055727637594,mpmath_1792,256
leslie_10_2,10,Int64,false,diagonalcheap,complexschur,81,0,1.119423475999755e-289,7.381808277940844,7.145988642951578,1.331998346195134e-256,1.405007797454574e-255,1.955879872859942e-254,7.389055727637594,mpmath_1792,851
leslie_10_2,10,Int64,false,diagonalcheap,realschur,9,0,8.078717027827894e-16,7.381808277940839,7.985086477450523,2.220446049250313e-16,1.266975617060765e-15,1.861210422020687e-14,7.389055727637594,mpmath_1792,53
leslie_10_2,10,Int64,false,diagonalcheap,realschur,31,0,8.659780514212046e-86,7.381808277940835,10.081054099585927,1.727233711018889e-77,3.274268831113302e-76,3.362957241556339e-75,7.389055727637594,mpmath_1792,256
leslie_10_2,10,Int64,false,diagonalcheap,realschur,81,0,1.304036398323249e-289,8.040041902105227,7.847764634733665,1.331998346195134e-256,1.418144073535331e-255,1.901143065820986e-254,7.389055727637594,mpmath_1792,851
leslie_10_2,10,Int64,false,taylor,transfree,25,0,1.734723475976807e-18,6.333333333333334,1,2.220446049250313e-16,8.069135210313216e-17,7.148491265398923e-16,7.389055727637594,mpmath_1792,53
leslie_10_2,10,Int64,false,taylor,transfree,72,0,2.171529271642895e-84,6.333333333333333,1,1.727233711018889e-77,5.664022309156626e-78,4.758874894407733e-77,7.389055727637594,mpmath_1792,256
leslie_10_2,10,Int64,false,taylor,transfree,90,6,7.882445569854726e-278,1.031743407499103,1,1.331998346195134e-256,4.284966101496052e-257,6.679262261307985e-257,1.031743407499103,mpmath_1792,851
leslie_10_2,10,Int64,false,taylor,complexschur,25,0,8.673617379884035e-19,6.32842794134895,1,2.220446049250313e-16,1.276693543835234e-15,1.841952280931913e-14,7.389055727637594,mpmath_1792,53
leslie_10_2,10,Int64,false,taylor,complexschur,72,0,2.095074896605177e-84,6.328427941348953,1,1.727233711018889e-77,3.347931002446758e-76,3.560514934241833e-75,7.389055727637594,mpmath_1792,256
leslie_10_2,10,Int64,false,taylor,complexschur,90,6,7.605456606102367e-278,1.039181171267378,1,1.331998346195134e-256,1.198509748784747e-255,4.109588976463322e-255,1.031743407499103,mpmath_1792,851
leslie_10_2,10,Int64,false,taylor,realschur,25,0,8.673617379884035e-19,7.193291205806618,1,2.220446049250313e-16,1.243116189543962e-15,1.798067842747847e-14,7.389055727637594,mpmath_1792,53
leslie_10_2,10,Int64,false,taylor,realschur,72,0,2.095074896605177e-84,7.193291205806623,1,1.727233711018889e-77,3.372763234910273e-76,3.372170397782614e-75,7.389055727637594,mpmath_1792,256
leslie_10_2,10,Int64,false,taylor,realschur,90,6,7.605456606102367e-278,1.050724990510458,1,1.331998346195134e-256,1.176258793499896e-255,3.894652488568677e-255,1.031743407499103,mpmath_1792,851
randn_xoshiro10_10x10,10,Float64,false,diagonalcheap,transfree,13,1,3.441430648549565e-18,9.635227057573768,14.78141651658193,2.220446049250313e-16,2.567866998517746e-16,2.993741670659789e-15,9.635227057573768,mpmath_1792,53
randn_xoshiro10_10x10,10,Float64,false,diagonalcheap,transfree,37,0,1.010402971054703e-88,40.01460176271689,100.91824217292725,1.727233711018889e-77,4.341898733576553e-77,1.516753723285334e-75,40.01460176271689,mpmath_1792,256
randn_xoshiro10_10x10,10,Float64,false,diagonalcheap,transfree,91,0,3.718519011187427e-288,40.01460176271682,101.51918369247642,1.331998346195134e-256,3.822349748886776e-256,1.398542407347378e-254,40.01460176271689,mpmath_1792,851
randn_xoshiro10_10x10,10,Float64,false,diagonalcheap,complexschur,13,0,1.545135930921673e-16,44.35464552641519,63.46450857466715,2.220446049250313e-16,2.859902587932712e-15,1.041389716964424e-13,40.01460176271689,mpmath_1792,53
randn_xoshiro10_10x10,10,Float64,false,diagonalcheap,complexschur,37,0,6.870226068596008e-88,44.3546455264152,64.24673516854952,1.727233711018889e-77,2.125868005752728e-76,7.242051762656534e-75,40.01460176271689,mpmath_1792,256
randn_xoshiro10_10x10,10,Float64,false,diagonalcheap,complexschur,91,0,4.276643917831439e-292,44.35464552641528,64.48688700266871,1.331998346195134e-256,1.420368996996755e-255,4.628685761073171e-254,40.01460176271689,mpmath_1792,851
randn_xoshiro10_10x10,10,Float64,false,diagonalcheap,realschur,13,0,1.271018904657202e-16,41.41963735757314,70.4320465999299,2.220446049250313e-16,2.994653465957853e-15,1.083023080387867e-13,40.01460176271689,mpmath_1792,53
randn_xoshiro10_10x10,10,Float64,false,diagonalcheap,realschur,37,0,7.436558405046496e-88,41.41963735757313,71.54431188534451,1.727233711018889e-77,2.147244773409684e-76,7.561589999195028e-75,40.01460176271689,mpmath_1792,256
randn_xoshiro10_10x10,10,Float64,false,diagonalcheap,realschur,91,0,4.279497597014216e-292,41.41963735757322,71.8838572057731,1.331998346195134e-256,1.326147591584699e-255,4.422226017412925e-254,40.01460176271689,mpmath_1792,851
randn_xoshiro10_10x10,10,Float64,false,taylor,transfree,30,0,3.747002708109903e-16,33.01383701135341,1,2.220446049250313e-16,1.688763023724655e-16,5.633534345875389e-15,40.01460176271689,mpmath_1792,53
randn_xoshiro10_10x10,10,Float64,false,taylor,transfree,81,0,1.109574790263971e-78,33.01383701135341,1,1.727233711018889e-77,8.054040037736137e-78,3.013211838933369e-76,40.01460176271689,mpmath_1792,256
randn_xoshiro10_10x10,10,Float64,false,taylor,transfree,90,7,1.304786815628249e-280,1.076893809428242,1,1.331998346195134e-256,3.187164463575412e-257,6.021754992797538e-257,1.076893809428242,mpmath_1792,851
randn_xoshiro10_10x10,10,Float64,false,taylor,complexschur,30,0,7.632783294297951e-17,31.7291977755272,1,2.220446049250313e-16,2.942860988571466e-15,1.059708396870739e-13,40.01460176271689,mpmath_1792,53
randn_xoshiro10_10x10,10,Float64,false,taylor,complexschur,81,0,8.624019409291172e-78,31.72919777552723,1,1.727233711018889e-77,2.119501667015992e-76,7.280914521154459e-75,40.01460176271689,mpmath_1792,256
randn_xoshiro10_10x10,10,Float64,false,taylor,complexschur,90,7,1.629561347019574e-282,1.060417879255442,1,1.331998346195134e-256,1.124627063032406e-255,3.645070646158925e-255,1.076893809428242,mpmath_1792,851
randn_xoshiro10_10x10,10,Float64,false,taylor,realschur,30,0,6.938893903907228e-17,30.46235534327282,1,2.220446049250313e-16,2.960285990198334e-15,1.029055140047659e-13,40.01460176271689,mpmath_1792,53
randn_xoshiro10_10x10,10,Float64,false,taylor,realschur,72,1,1.029866445351147e-87,8.774531974131822,1,1.727233711018889e-77,2.022475583700891e-76,1.619776206913158e-75,9.635227057573768,mpmath_1792,256
randn_xoshiro10_10x10,10,Float64,false,taylor,realschur,90,7,3.219276915012826e-282,1.067630084509802,1,1.331998346195134e-256,1.111258422420577e-255,3.537427724049789e-255,1.076893809428242,mpmath_1792,851
orthog_complex_10_3,10,ComplexF64,false,diagonalcheap,transfree,7,0,1.035426539714547e-15,5.25939311567825,6.7885440894453035,2.220446049250313e-16,3.255295778667693e-16,1.907754927316919e-15,5.259393115678251,mpmath_1792,53
orthog_complex_10_3,10,ComplexF64,false,diagonalcheap,transfree,31,0,2.133282684529043e-92,5.259393115678251,6.788544089445301,1.727233711018889e-77,1.79351920427358e-77,1.091197635652159e-76,5.259393115678251,mpmath_1792,256
orthog_complex_10_3,10,ComplexF64,false,diagonalcheap,transfree,73,0,4.513044412123353e-299,5.259393115678251,6.788544089445303,1.331998346195134e-256,1.252395357336007e-256,7.192668054887052e-256,5.259393115678251,mpmath_1792,851
orthog_complex_10_3,10,ComplexF64,false,diagonalcheap,complexschur,9,0,3.601465746439647e-19,2.718281828459053,2.7182818284590526,2.220446049250313e-16,1.736684778284452e-15,1.133005327199619e-14,5.259393115678251,mpmath_1792,53
orthog_complex_10_3,10,ComplexF64,false,diagonalcheap,complexschur,25,0,1.393150348788417e-80,2.718281828459046,2.7182818284590473,1.727233711018889e-77,2.689750546050592e-76,1.972740327503975e-75,5.259393115678251,mpmath_1792,256
orthog_complex_10_3,10,ComplexF64,false,diagonalcheap,complexschur,65,0,3.381632240058742e-260,2.71828182845905,2.7182818284590495,1.331998346195134e-256,1.92332974877493e-255,1.550188000321644e-254,5.259393115678251,mpmath_1792,851
orthog_complex_10_3,10,ComplexF64,false,taylor,transfree,20,0,2.602085213965211e-18,5.18932393686311,1,2.220446049250313e-16,6.564202731385433e-17,3.550629887615363e-16,5.259393115678251,mpmath_1792,53
orthog_complex_10_3,10,ComplexF64,false,taylor,transfree,64,0,5.038570805444954e-88,5.189323936863109,1,1.727233711018889e-77,3.658396740520152e-78,1.860867097688558e-77,5.259393115678251,mpmath_1792,256
orthog_complex_10_3,10,ComplexF64,false,taylor,transfree,90,5,1.088685032821747e-273,1.099325582829288,1,1.331998346195134e-256,3.33215593606448e-257,6.839531125384674e-257,1.099325582829288,mpmath_1792,851
orthog_complex_10_3,10,ComplexF64,false,taylor,complexschur,20,0,4.336808689942018e-19,2.666666666666675,1,2.220446049250313e-16,1.736684778284452e-15,1.133005327199619e-14,5.259393115678251,mpmath_1792,53
orthog_complex_10_3,10,ComplexF64,false,taylor,complexschur,56,0,2.510772025379295e-77,2.666666666666669,1,1.727233711018889e-77,2.689750546050592e-76,1.972740327503975e-75,5.259393115678251,mpmath_1792,256
orthog_complex_10_3,10,ComplexF64,false,taylor,complexschur,90,5,7.952841619509481e-278,1.031743407499103,1,1.331998346195134e-256,1.116380001636376e-255,4.310450451958532e-255,1.099325582829288,mpmath_1792,851
orthog_10_4,10,Float64,false,diagonalcheap,transfree,9,0,0,4.983048004998649,5.193136888782106,2.220446049250313e-16,1.873325616472503e-16,8.100075764391956e-16,4.98304800499865,mpmath_1792,53
orthog_10_4,10,Float64,false,diagonalcheap,transfree,25,0,2.470343595420649e-77,4.983048004998649,5.161495378207862,1.727233711018889e-77,1.636259647986061e-77,7.677418197310216e-77,4.98304800499865,mpmath_1792,256
orthog_10_4,10,Float64,false,diagonalcheap,transfree,73,0,1.027904389786206e-294,4.983048004998651,5.150371816298208,1.331998346195134e-256,1.346104310940005e-256,6.675008282497137e-256,4.98304800499865,mpmath_1792,851
orthog_10_4,10,Float64,false,diagonalcheap,complexschur,9,0,0,2.718281828459044,2.718281828459046,2.220446049250313e-16,7.846775616719795e-16,3.319575048938639e-15,4.98304800499865,mpmath_1792,53
orthog_10_4,10,Float64,false,diagonalcheap,complexschur,25,0,1.393150348790952e-80,2.718281828459045,2.718281828459045,1.727233711018889e-77,1.045842623023258e-76,4.97427414407495e-76,4.98304800499865,mpmath_1792,256
orthog_10_4,10,Float64,false,diagonalcheap,complexschur,65,0,3.381632240058344e-260,2.718281828459046,2.718281828459046,1.331998346195134e-256,1.073204905340574e-255,5.30796512855188e-255,4.98304800499865,mpmath_1792,851
orthog_10_4,10,Float64,false,diagonalcheap,realschur,9,0,0,2.718281828459044,3.091352987164548,2.220446049250313e-16,7.121501551984165e-16,3.014263717166721e-15,4.98304800499865,mpmath_1792,53
orthog_10_4,10,Float64,false,diagonalcheap,realschur,25,0,1.713514154750192e-79,2.718281828459045,3.0902779099594206,1.727233711018889e-77,1.096414021041115e-76,5.318759896967559e-76,4.98304800499865,mpmath_1792,256
orthog_10_4,10,Float64,false,diagonalcheap,realschur,65,0,1.909044032777944e-258,2.718281828459046,3.0899027041055307,1.331998346195134e-256,1.05975125281039e-255,5.058215438640292e-255,4.98304800499865,mpmath_1792,851
orthog_10_4,10,Float64,false,taylor,transfree,20,0,4.336808689942018e-19,4.858273706230999,1,2.220446049250313e-16,5.84537025104041e-17,1.573211121843111e-16,4.98304800499865,mpmath_1792,53
orthog_10_4,10,Float64,false,taylor,transfree,64,0,1.650375859364779e-88,4.858273706230998,1,1.727233711018889e-77,5.386838010059407e-78,1.545030489093993e-77,4.98304800499865,mpmath_1792,256
orthog_10_4,10,Float64,false,taylor,transfree,90,5,1.608821155375984e-274,1.08335441946397,1,1.331998346195134e-256,2.085863335319143e-257,3.098836067158844e-257,1.08335441946397,mpmath_1792,851
orthog_10_4,10,Float64,false,taylor,complexschur,20,0,0,2.666666666666666,1,2.220446049250313e-16,7.846775616719795e-16,3.319575048938639e-15,4.98304800499865,mpmath_1792,53
orthog_10_4,10,Float64,false,taylor,complexschur,56,0,2.510772025379202e-77,2.666666666666667,1,1.727233711018889e-77,1.045842623023258e-76,4.97427414407495e-76,4.98304800499865,mpmath_1792,256
orthog_10_4,10,Float64,false,taylor,complexschur,90,5,7.952841619508839e-278,1.031743407499103,1,1.331998346195134e-256,7.638123054240051e-256,2.536181018185349e-255,1.08335441946397,mpmath_1792,851
orthog_10_4,10,Float64,false,taylor,realschur,20,0,4.336808689942018e-19,2.666666666666666,1,2.220446049250313e-16,7.121501551984165e-16,3.014263717166721e-15,4.98304800499865,mpmath_1792,53
orthog_10_4,10,Float64,false,taylor,realschur,64,0,1.963637386119091e-90,2.666666666666667,1,1.727233711018889e-77,1.096414021041115e-76,5.318759896967559e-76,4.98304800499865,mpmath_1792,256
orthog_10_4,10,Float64,false,taylor,realschur,90,5,1.84043732082928e-276,1.031743407499103,1,1.331998346195134e-256,7.483051551216874e-256,2.431070717884835e-255,1.08335441946397,mpmath_1792,851
orthog_10_-2,10,Float64,false,diagonalcheap,transfree,13,0,1.484735122177698e-17,25.02622090902917,31.52002109919369,2.220446049250313e-16,6.313806697923286e-16,1.845874742417233e-14,25.02622090902918,mpmath_1792,53
orthog_10_-2,10,Float64,false,diagonalcheap,transfree,37,0,4.109464982491128e-91,25.02622090902921,31.349797094527858,1.727233711018889e-77,4.419341002100655e-77,1.073047124241565e-75,25.02622090902918,mpmath_1792,256
orthog_10_-2,10,Float64,false,diagonalcheap,transfree,81,0,1.355145310679029e-268,25.02622090902916,31.300998837062945,1.331998346195134e-256,3.617903248296373e-256,1.18891050087263e-254,25.02622090902918,mpmath_1792,851
orthog_10_-2,10,Float64,false,diagonalcheap,complexschur,13,0,2.462725928259974e-17,17.03058032837802,20.78887231527153,2.220446049250313e-16,5.963344970558567e-15,2.006383305084351e-13,25.02622090902918,mpmath_1792,53
orthog_10_-2,10,Float64,false,diagonalcheap,complexschur,37,0,4.236613873989512e-91,19.42509585769737,20.69523132525116,1.727233711018889e-77,2.333444305376075e-76,6.231476484391746e-75,25.02622090902918,mpmath_1792,256
orthog_10_-2,10,Float64,false,diagonalcheap,complexschur,81,0,3.525602157903911e-267,19.42509585769739,20.66817827482513,1.331998346195134e-256,2.523176959845361e-255,7.564849570780985e-254,25.02622090902918,mpmath_1792,851
orthog_10_-2,10,Float64,false,diagonalcheap,realschur,13,0,1.318043647640041e-17,17.08654014390997,21.344251962393095,2.220446049250313e-16,5.916494451000597e-15,1.986108649572903e-13,25.02622090902918,mpmath_1792,53
orthog_10_-2,10,Float64,false,diagonalcheap,realschur,37,0,9.05888132037896e-91,21.25105256591139,21.12514245454695,1.727233711018889e-77,2.085448874454598e-76,5.834212730857401e-75,25.02622090902918,mpmath_1792,256
orthog_10_-2,10,Float64,false,diagonalcheap,realschur,81,0,1.513889025915115e-266,12.61406418867773,22.379679415948793,1.331998346195134e-256,2.52877149671637e-255,7.436798564102162e-254,25.02622090902918,mpmath_1792,851
orthog_10_-2,10,Float64,false,taylor,transfree,30,0,0,19.22528952299733,1,2.220446049250313e-16,1.445399263278414e-16,3.952006315840593e-15,25.02622090902918,mpmath_1792,53
orthog_10_-2,10,Float64,false,taylor,transfree,81,0,1.160190604121138e-86,19.22528952299733,1,1.727233711018889e-77,5.911437719534497e-78,1.714209854932689e-76,25.02622090902918,mpmath_1792,256
orthog_10_-2,10,Float64,false,taylor,transfree,90,6,1.838443084918912e-264,1.10813652146195,1,1.331998346195134e-256,2.741457037054094e-257,6.634545016366254e-257,1.10813652146195,mpmath_1792,851
orthog_10_-2,10,Float64,false,taylor,complexschur,30,0,6.938893903907228e-18,13.26456171746443,1,2.220446049250313e-16,6.027636501801876e-15,2.036081770993074e-13,25.02622090902918,mpmath_1792,53
orthog_10_-2,10,Float64,false,taylor,complexschur,81,0,1.511387150628538e-86,13.26456171746442,1,1.727233711018889e-77,2.323577186209067e-76,6.309202001387596e-75,25.02622090902918,mpmath_1792,256
orthog_10_-2,10,Float64,false,taylor,complexschur,90,6,1.166091577363426e-264,1.049538286177975,1,1.331998346195134e-256,8.642247747201432e-256,2.785968011245491e-255,1.10813652146195,mpmath_1792,851
orthog_10_-2,10,Float64,false,taylor,realschur,30,0,0,14.39351331404852,1,2.220446049250313e-16,5.951807966247096e-15,1.985289067616473e-13,25.02622090902918,mpmath_1792,53
orthog_10_-2,10,Float64,false,taylor,realschur,81,0,3.0202952090571e-86,14.39351331404849,1,1.727233711018889e-77,2.019735290020024e-76,5.730578708196268e-75,25.02622090902918,mpmath_1792,256
orthog_10_-2,10,Float64,false,taylor,realschur,90,6,2.601824102024645e-264,1.052771387760291,1,1.331998346195134e-256,8.732978006388439e-256,2.760657894426104e-255,1.10813652146195,mpmath_1792,851
randcolu_10,10,Float64,false,diagonalcheap,transfree,9,0,1.15267829266611e-18,5.230420331408254,5.83925035629377,2.220446049250313e-16,1.510998252005397e-16,8.67893450905217e-16,5.230420331408254,mpmath_1792,53
randcolu_10,10,Float64,false,diagonalcheap,transfree,31,0,2.025438316929434e-92,5.230420331408252,5.803418183460298,1.727233711018889e-77,1.431349494742167e-77,8.927199014817064e-77,5.230420331408254,mpmath_1792,256
randcolu_10,10,Float64,false,diagonalcheap,transfree,73,0,5.819891454373824e-286,5.230420331408252,5.795396589081544,1.331998346195134e-256,1.24748528583632e-256,7.390074587959336e-256,5.230420331408254,mpmath_1792,851
randcolu_10,10,Float64,false,diagonalcheap,complexschur,9,0,5.586298975473252e-19,4.840813450829472,6.647871396148441,2.220446049250313e-16,1.492166145928441e-15,1.22398327007802e-14,5.230420331408254,mpmath_1792,53
randcolu_10,10,Float64,false,diagonalcheap,complexschur,31,0,7.978073860272867e-92,4.977894926044371,4.699855991362816,1.727233711018889e-77,1.234542050334274e-76,7.787348138053571e-76,5.230420331408254,mpmath_1792,256
randcolu_10,10,Float64,false,diagonalcheap,complexschur,73,0,3.29986247204709e-287,5.218996398739886,3.8197289102272203,1.331998346195134e-256,8.58863590541841e-256,5.231726842236926e-255,5.230420331408254,mpmath_1792,851
randcolu_10,10,Float64,false,diagonalcheap,realschur,9,0,0,5.127774184271185,6.762303323439259,2.220446049250313e-16,1.482072076733716e-15,1.185998251149986e-14,5.230420331408254,mpmath_1792,53
randcolu_10,10,Float64,false,diagonalcheap,realschur,31,0,4.060363313227582e-92,5.256634778755291,4.751396739117088,1.727233711018889e-77,1.236953538076795e-76,7.744167295278098e-76,5.230420331408254,mpmath_1792,256
randcolu_10,10,Float64,false,diagonalcheap,realschur,73,0,2.190576426656845e-287,4.902851820673286,4.408117979626259,1.331998346195134e-256,8.299019050613988e-256,5.026723971767831e-255,5.230420331408254,mpmath_1792,851
randcolu_10,10,Float64,false,taylor,transfree,20,0,1.604619215278547e-17,5.108660532232958,1,2.220446049250313e-16,6.540679058365864e-17,4.950537602350227e-16,5.230420331408254,mpmath_1792,53
randcolu_10,10,Float64,false,taylor,transfree,64,0,8.868236231402571e-85,5.108660532232958,1,1.727233711018889e-77,4.002759018808882e-78,1.956465757550858e-77,5.230420331408254,mpmath_1792,256
randcolu_10,10,Float64,false,taylor,transfree,90,5,3.505843077900355e-269,1.086072680333179,1,1.331998346195134e-256,2.75837846127439e-257,5.725682247565912e-257,1.086072680333179,mpmath_1792,851
randcolu_10,10,Float64,false,taylor,complexschur,20,0,3.035766082959412e-18,4.821806704076842,1,2.220446049250313e-16,1.506273001395294e-15,1.225371048858801e-14,5.230420331408254,mpmath_1792,53
randcolu_10,10,Float64,false,taylor,complexschur,64,0,1.093894830964e-85,5.055568490427437,1,1.727233711018889e-77,1.238389649808888e-76,7.819733770135175e-76,5.230420331408254,mpmath_1792,256
randcolu_10,10,Float64,false,taylor,complexschur,90,5,3.611855923142201e-270,1.082447354015288,1,1.331998346195134e-256,1.204645418751441e-255,3.801717480876369e-255,1.086072680333179,mpmath_1792,851
randcolu_10,10,Float64,false,taylor,realschur,20,0,2.168404344971009e-18,5.047675753553974,1,2.220446049250313e-16,1.485824553117743e-15,1.180962127873795e-14,5.230420331408254,mpmath_1792,53
randcolu_10,10,Float64,false,taylor,realschur,64,0,7.999870983782838e-86,5.206772862840502,1,1.727233711018889e-77,1.23617678146126e-76,7.614624766951682e-76,5.230420331408254,mpmath_1792,256
randcolu_10,10,Float64,false,taylor,realschur,90,5,2.621438303391933e-270,1.084668787361471,1,1.331998346195134e-256,1.202468113091897e-255,3.832936192115317e-255,1.086072680333179,mpmath_1792,851
randhess_10,10,Float64,false,diagonalcheap,transfree,17,0,1.099184309203241e-15,233.195291720673,34.79243990138632,2.220446049250313e-16,7.382676501561452e-15,1.681381283043453e-12,233.195291720674,mpmath_1792,53
randhess_10,10,Float64,false,diagonalcheap,transfree,43,0,5.975249806653507e-89,233.1952917206763,32.69213036142824,1.727233711018889e-77,2.883135759369246e-76,6.236246646295803e-74,233.195291720674,mpmath_1792,256
randhess_10,10,Float64,false,diagonalcheap,transfree,91,0,4.86966055413995e-256,233.1952917206736,32.01039044851408,1.331998346195134e-256,5.552748959876674e-255,1.284044814025634e-252,233.195291720674,mpmath_1792,851
randhess_10,10,Float64,false,diagonalcheap,complexschur,13,0,3.250988950819575e-14,171.4017565080835,30.384299077657978,2.220446049250313e-16,5.738737282091313e-15,1.350404396201069e-12,233.195291720674,mpmath_1792,53
randhess_10,10,Float64,false,diagonalcheap,complexschur,37,0,9.622199090955655e-76,171.4017565080798,23.619472803323827,1.727233711018889e-77,1.815535807673321e-76,3.707320117439719e-74,233.195291720674,mpmath_1792,256
randhess_10,10,Float64,false,diagonalcheap,complexschur,91,0,5.970481550325881e-258,171.4017565080817,28.242313353919084,1.331998346195134e-256,3.834843722208713e-255,9.390370502217997e-253,233.195291720674,mpmath_1792,851
randhess_10,10,Float64,false,diagonalcheap,realschur,13,0,3.250988950819575e-14,171.4017565080835,21.516536644896558,2.220446049250313e-16,5.839478404861487e-15,1.391655232769269e-12,233.195291720674,mpmath_1792,53
randhess_10,10,Float64,false,diagonalcheap,realschur,37,0,9.622199090955655e-76,171.4017565080798,23.03631562541182,1.727233711018889e-77,1.709670458805346e-76,3.458331903578004e-74,233.195291720674,mpmath_1792,256
randhess_10,10,Float64,false,diagonalcheap,realschur,91,0,5.970481550325881e-258,171.4017565080817,27.131644069568225,1.331998346195134e-256,3.869720886105349e-255,9.218000290451048e-253,233.195291720674,mpmath_1792,851
randhess_10,10,Float64,false,taylor,transfree,25,1,6.401129626354418e-16,12.71578325679006,1,2.220446049250313e-16,1.269439529578563e-16,1.893049658147879e-15,17.32357442668863,mpmath_1792,53
randhess_10,10,Float64,false,taylor,transfree,81,1,1.621841753597736e-88,12.71578325679006,1,1.727233711018889e-77,4.534247113502894e-78,5.208566531779058e-77,17.32357442668863,mpmath_1792,256
randhess_10,10,Float64,false,taylor,transfree,90,7,1.174248536854386e-266,1.053150258421262,1,1.331998346195134e-256,3.05459356967073e-257,5.901907072017586e-257,1.053150258421262,mpmath_1792,851
randhess_10,10,Float64,false,taylor,complexschur,25,1,1.283695372222837e-16,9.715336146781926,1,2.220446049250313e-16,2.853976318463309e-15,5.252481446186078e-14,17.32357442668863,mpmath_1792,53
randhess_10,10,Float64,false,taylor,complexschur,81,1,9.388641252381902e-90,9.715336146781908,1,1.727233711018889e-77,1.390803937294547e-76,2.318937855180491e-75,17.32357442668863,mpmath_1792,256
randhess_10,10,Float64,false,taylor,complexschur,90,7,6.943388455323677e-268,1.04100602790448,1,1.331998346195134e-256,8.227442911794485e-256,2.721609373695218e-255,1.053150258421262,mpmath_1792,851
randhess_10,10,Float64,false,taylor,realschur,25,1,1.283695372222837e-16,9.715336146781926,1,2.220446049250313e-16,2.861574530774905e-15,5.311661477618237e-14,17.32357442668863,mpmath_1792,53
randhess_10,10,Float64,false,taylor,realschur,81,1,9.388641252381902e-90,9.715336146781908,1,1.727233711018889e-77,1.429116825064928e-76,2.466335900438045e-75,17.32357442668863,mpmath_1792,256
randhess_10,10,Float64,false,taylor,realschur,90,7,6.943388455323677e-268,1.04100602790448,1,1.331998346195134e-256,8.183140222394733e-256,2.655399690275948e-255,1.053150258421262,mpmath_1792,851
rando_10_1,10,Int64,false,diagonalcheap,transfree,13,1,1.950111192406381e-18,15.13216175072152,7.636127254653282,2.220446049250313e-16,2.678759925099348e-16,4.75214074183346e-15,15.13216175072152,mpmath_1792,53
rando_10_1,10,Int64,false,diagonalcheap,transfree,37,0,8.459615975534196e-78,156.4571059991696,59.31377010225515,1.727233711018889e-77,3.808815731977445e-77,5.645787702959803e-75,156.4571059991698,mpmath_1792,256
rando_10_1,10,Int64,false,diagonalcheap,transfree,91,0,1.771628999584049e-264,156.4571059991699,58.1887224726578,1.331998346195134e-256,5.911461679452986e-256,8.701298296395725e-254,156.4571059991698,mpmath_1792,851
rando_10_1,10,Int64,false,diagonalcheap,complexschur,13,1,1.399242393165272e-18,9.878462117836389,4.85056688465843,2.220446049250313e-16,2.336362216436021e-15,3.756128653067167e-14,15.13216175072152,mpmath_1792,53
rando_10_1,10,Int64,false,diagonalcheap,complexschur,37,0,8.975519055363638e-80,97.58401381352884,26.49763208533327,1.727233711018889e-77,5.616024404936339e-76,7.54278685079851e-74,156.4571059991698,mpmath_1792,256
rando_10_1,10,Int64,false,diagonalcheap,complexschur,91,0,2.044818770083431e-267,97.58401381352735,20.73238171409614,1.331998346195134e-256,2.796007689791932e-255,3.981204884647666e-253,156.4571059991698,mpmath_1792,851
rando_10_1,10,Int64,false,diagonalcheap,realschur,13,1,1.399242393165272e-18,9.878462117836389,5.482928173472345,2.220446049250313e-16,2.403861551397079e-15,4.047193304483181e-14,15.13216175072152,mpmath_1792,53
rando_10_1,10,Int64,false,diagonalcheap,realschur,37,0,8.975519055363638e-80,97.58401381352884,29.609507864888695,1.727233711018889e-77,5.578374612558908e-76,7.55908755699615e-74,156.4571059991698,mpmath_1792,256
rando_10_1,10,Int64,false,diagonalcheap,realschur,91,0,2.044818770083431e-267,97.58401381352735,25.01538388200853,1.331998346195134e-256,2.867058899649355e-255,4.162356659730205e-253,156.4571059991698,mpmath_1792,851
rando_10_1,10,Int64,false,taylor,transfree,25,1,7.632783294297951e-17,11.95833333333333,1,2.220446049250313e-16,6.736080871484182e-17,9.630753945150899e-16,15.13216175072152,mpmath_1792,53
rando_10_1,10,Int64,false,taylor,transfree,72,1,2.104255102062214e-78,11.95833333333333,1,1.727233711018889e-77,6.032918157645265e-78,1.055500901331322e-76,15.13216175072152,mpmath_1792,256
rando_10_1,10,Int64,false,taylor,transfree,90,7,1.411278810179737e-270,1.055737447942741,1,1.331998346195134e-256,4.99224230173181e-257,6.531910812806747e-257,1.055737447942741,mpmath_1792,851
rando_10_1,10,Int64,false,taylor,complexschur,25,1,1.214306433183765e-17,7.915658053081557,1,2.220446049250313e-16,2.338106245439462e-15,3.847353160050653e-14,15.13216175072152,mpmath_1792,53
rando_10_1,10,Int64,false,taylor,complexschur,72,1,4.327724473287573e-80,7.915658053081566,1,1.727233711018889e-77,3.37650997152611e-76,4.839512842556787e-75,15.13216175072152,mpmath_1792,256
rando_10_1,10,Int64,false,taylor,complexschur,90,7,1.811344130238787e-272,1.048480628776046,1,1.331998346195134e-256,1.076898747789383e-255,3.410616944155565e-255,1.055737447942741,mpmath_1792,851
rando_10_1,10,Int64,false,taylor,realschur,25,1,1.214306433183765e-17,7.915658053081557,1,2.220446049250313e-16,2.367315111896021e-15,3.869557620543156e-14,15.13216175072152,mpmath_1792,53
rando_10_1,10,Int64,false,taylor,realschur,72,1,4.327724473287573e-80,7.915658053081566,1,1.727233711018889e-77,3.363036728262943e-76,4.80496816833641e-75,15.13216175072152,mpmath_1792,256
rando_10_1,10,Int64,false,taylor,realschur,90,7,1.811344130238787e-272,1.045232342613291,1,1.331998346195134e-256,1.036374856720335e-255,3.513492353535162e-255,1.055737447942741,mpmath_1792,851
rando_10_2,10,Int64,false,diagonalcheap,transfree,9,1,1.259805870356726e-15,12.47593446618573,17.716121273949298,2.220446049250313e-16,3.595254097340782e-16,3.638366787280817e-15,12.47593446618572,mpmath_1792,53
rando_10_2,10,Int64,false,diagonalcheap,transfree,37,0,2.912828537979239e-85,73.18492811885676,134.27888153550919,1.727233711018889e-77,1.410658761268567e-76,9.195670083211529e-75,73.18492811885666,mpmath_1792,256
rando_10_2,10,Int64,false,diagonalcheap,transfree,91,0,5.735987441199383e-283,73.18492811885662,133.91045746028087,1.331998346195134e-256,7.747334584267594e-256,5.803025136584434e-254,73.18492811885666,mpmath_1792,851
rando_10_2,10,Int64,false,diagonalcheap,complexschur,13,0,6.760462311666445e-17,37.04141771903173,67.03345675489993,2.220446049250313e-16,2.623473135557528e-15,1.763264866731596e-13,73.18492811885666,mpmath_1792,53
rando_10_2,10,Int64,false,diagonalcheap,complexschur,37,0,6.062728520908772e-88,37.04141771903189,67.16537390135478,1.727233711018889e-77,2.603010087705185e-76,1.643647818830878e-74,73.18492811885666,mpmath_1792,256
rando_10_2,10,Int64,false,diagonalcheap,complexschur,91,0,1.007240530335869e-286,37.04141771903176,66.9787559515599,1.331998346195134e-256,1.830626762887144e-255,1.133461205483153e-253,73.18492811885666,mpmath_1792,851
rando_10_2,10,Int64,false,diagonalcheap,realschur,13,0,6.760462311666445e-17,37.04141771903173,62.020392084011654,2.220446049250313e-16,2.674726877287214e-15,1.814890237376666e-13,73.18492811885666,mpmath_1792,53
rando_10_2,10,Int64,false,diagonalcheap,realschur,37,0,6.062728520908772e-88,37.0414177190319,63.17082621104165,1.727233711018889e-77,2.584893527941963e-76,1.602194209766425e-74,73.18492811885666,mpmath_1792,256
rando_10_2,10,Int64,false,diagonalcheap,realschur,91,0,1.007240530335869e-286,37.04141771903176,62.94234523570542,1.331998346195134e-256,1.914333468971558e-255,1.190737134369544e-253,73.18492811885666,mpmath_1792,851
rando_10_2,10,Int64,false,taylor,transfree,25,1,1.734723475976807e-18,11.33333333333333,1,2.220446049250313e-16,6.504510267008473e-17,6.617167708067672e-16,12.47593446618572,mpmath_1792,53
rando_10_2,10,Int64,false,taylor,transfree,72,1,2.249702841893994e-85,11.33333333333333,1,1.727233711018889e-77,4.447929947269595e-78,4.670309482875986e-77,12.47593446618572,mpmath_1792,256
rando_10_2,10,Int64,false,taylor,transfree,90,7,3.072099820632657e-279,1.078926447436868,1,1.331998346195134e-256,2.585091624731696e-257,5.979319696373079e-257,1.078926447436868,mpmath_1792,851
rando_10_2,10,Int64,false,taylor,complexschur,25,1,2.602085213965211e-18,6.212946515421208,1,2.220446049250313e-16,2.84850682918222e-15,3.277139956122454e-14,12.47593446618572,mpmath_1792,53
rando_10_2,10,Int64,false,taylor,complexschur,72,1,1.26221997543052e-87,5.818579576384978,1,1.727233711018889e-77,1.716692300172919e-76,1.877602025129527e-75,12.47593446618572,mpmath_1792,256
rando_10_2,10,Int64,false,taylor,complexschur,90,7,7.387452151133341e-282,1.046776844975411,1,1.331998346195134e-256,1.128033391863396e-255,4.51548817068508e-255,1.078926447436868,mpmath_1792,851
rando_10_2,10,Int64,false,taylor,realschur,25,1,2.602085213965211e-18,5.792784091762085,1,2.220446049250313e-16,2.739280982665522e-15,3.092565378278521e-14,12.47593446618572,mpmath_1792,53
rando_10_2,10,Int64,false,taylor,realschur,72,1,1.26221997543052e-87,5.551495589730182,1,1.727233711018889e-77,1.655537726540305e-76,1.771269199794926e-75,12.47593446618572,mpmath_1792,256
rando_10_2,10,Int64,false,taylor,realschur,90,7,7.387452151133341e-282,1.045137861118914,1,1.331998346195134e-256,1.129285992393528e-255,4.56595842052138e-255,1.078926447436868,mpmath_1792,851
rando_10_3,10,Int64,false,diagonalcheap,transfree,13,0,6.521687893802064e-18,25.71130195497056,43.064514903362294,2.220446049250313e-16,4.40331975494294e-16,1.136765228023425e-14,25.71130195497057,mpmath_1792,53
rando_10_3,10,Int64,false,diagonalcheap,transfree,31,0,7.690957820057223e-79,25.71130195497054,43.07697959506734,1.727233711018889e-77,6.748779117531435e-77,1.608661805218063e-75,25.71130195497057,mpmath_1792,256
rando_10_3,10,Int64,false,diagonalcheap,transfree,81,0,1.204477371622466e-276,25.71130195497055,43.07549510878537,1.331998346195134e-256,5.007222265084434e-256,1.255599437760578e-254,25.71130195497057,mpmath_1792,851
rando_10_3,10,Int64,false,diagonalcheap,complexschur,13,0,8.193942875323242e-18,32.62875751137992,26.22893395866905,2.220446049250313e-16,3.478025656576065e-15,7.457403846631847e-14,25.71130195497057,mpmath_1792,53
rando_10_3,10,Int64,false,diagonalcheap,complexschur,31,0,1.81500664169903e-78,32.27490032397355,32.725906036454944,1.727233711018889e-77,3.107344898933171e-76,8.118017125908737e-75,25.71130195497057,mpmath_1792,256
rando_10_3,10,Int64,false,diagonalcheap,complexschur,81,0,1.040712146763332e-277,32.28123555303238,24.47308667816333,1.331998346195134e-256,1.152134738246188e-255,2.685479429641557e-254,25.71130195497057,mpmath_1792,851
rando_10_3,10,Int64,false,diagonalcheap,realschur,13,0,3.549424149701454e-17,36.70452077520811,34.52701363119371,2.220446049250313e-16,3.358130382121682e-15,7.196756533791642e-14,25.71130195497057,mpmath_1792,53
rando_10_3,10,Int64,false,diagonalcheap,realschur,31,0,1.104123971441058e-78,35.64049467472186,29.571496204269888,1.727233711018889e-77,3.150568189841132e-76,8.117397220659643e-75,25.71130195497057,mpmath_1792,256
rando_10_3,10,Int64,false,diagonalcheap,realschur,81,0,7.050801104826358e-277,35.64049467472188,29.55801716792544,1.331998346195134e-256,1.224096627898722e-255,2.878619189839851e-254,25.71130195497057,mpmath_1792,851
rando_10_3,10,Int64,false,taylor,transfree,30,0,1.734723475976807e-18,22.83333333333333,1,2.220446049250313e-16,8.295496789736826e-17,1.585687196607732e-15,25.71130195497057,mpmath_1792,53
rando_10_3,10,Int64,false,taylor,transfree,72,0,8.595094489461872e-78,22.83333333333333,1,1.727233711018889e-77,5.562132907793598e-78,1.255830520103479e-76,25.71130195497057,mpmath_1792,256
rando_10_3,10,Int64,false,taylor,transfree,90,6,7.367145654561601e-269,1.111331198733918,1,1.331998346195134e-256,3.166510355417874e-257,6.031905895316152e-257,1.111331198733918,mpmath_1792,851
rando_10_3,10,Int64,false,taylor,complexschur,30,0,3.469446951953614e-18,29.48845962298088,1,2.220446049250313e-16,3.277036543505554e-15,7.279768162691822e-14,25.71130195497057,mpmath_1792,53
rando_10_3,10,Int64,false,taylor,complexschur,72,0,2.401643709698986e-78,27.90054713145035,1,1.727233711018889e-77,3.171647054723188e-76,8.251877738512701e-75,25.71130195497057,mpmath_1792,256
rando_10_3,10,Int64,false,taylor,complexschur,90,6,1.300281663177437e-270,1.141897612368077,1,1.331998346195134e-256,1.076575480244225e-255,3.340281736735905e-255,1.111331198733918,mpmath_1792,851
rando_10_3,10,Int64,false,taylor,realschur,30,0,0,32.45770125705684,1,2.220446049250313e-16,3.240435195922452e-15,7.179848090475558e-14,25.71130195497057,mpmath_1792,53
rando_10_3,10,Int64,false,taylor,realschur,72,0,2.645424801622781e-78,28.58773126253771,1,1.727233711018889e-77,3.182881908057082e-76,8.440793925655392e-75,25.71130195497057,mpmath_1792,256
rando_10_3,10,Int64,false,taylor,realschur,90,6,1.635308488446647e-270,1.152641566048839,1,1.331998346195134e-256,1.082605812637819e-255,3.428259751886835e-255,1.111331198733918,mpmath_1792,851
randsvd_10_1.0,10,Float64,false,diagonalcheap,transfree,9,0,1.14424868649376e-18,4.73670902414235,6.1026238349843,2.220446049250313e-16,2.058919455708697e-16,1.413360963768603e-15,4.961879491418859,mpmath_1792,53
randsvd_10_1.0,10,Float64,false,diagonalcheap,transfree,25,0,1.540822898441451e-77,4.736709024142352,6.091203378558494,1.727233711018889e-77,1.535184315460625e-77,7.812118687784224e-77,4.961879491418859,mpmath_1792,256
randsvd_10_1.0,10,Float64,false,diagonalcheap,transfree,73,0,3.810165151280732e-294,4.736709024142351,6.087169212578974,1.331998346195134e-256,1.080196265306609e-256,5.204905327360304e-256,4.961879491418859,mpmath_1792,851
randsvd_10_1.0,10,Float64,false,diagonalcheap,complexschur,9,0,3.601019223752738e-19,2.71764519252695,2.7013521978279074,2.220446049250313e-16,1.081357743615207e-15,5.90268721110848e-15,4.961879491418859,mpmath_1792,53
randsvd_10_1.0,10,Float64,false,diagonalcheap,complexschur,25,0,1.392983869356377e-80,2.717645192526945,2.7006958385407303,1.727233711018889e-77,8.444628311503311e-77,5.691199894808387e-76,4.961879491418859,mpmath_1792,256
randsvd_10_1.0,10,Float64,false,diagonalcheap,complexschur,65,0,3.381233149524274e-260,2.717645192526946,2.7004790935671643,1.331998346195134e-256,1.414289471362489e-255,1.038393890507201e-254,4.961879491418859,mpmath_1792,851
randsvd_10_1.0,10,Float64,false,diagonalcheap,realschur,9,0,4.036482684666248e-19,2.996988884428853,3.416912563636254,2.220446049250313e-16,1.122802359715658e-15,6.367593102670265e-15,4.961879491418859,mpmath_1792,53
randsvd_10_1.0,10,Float64,false,diagonalcheap,realschur,25,0,2.00391039772009e-79,2.996988884428852,3.415799448501893,1.727233711018889e-77,8.691210261506846e-77,5.515823848243379e-76,4.961879491418859,mpmath_1792,256
randsvd_10_1.0,10,Float64,false,diagonalcheap,realschur,65,0,6.334770229218115e-259,2.996988884428853,3.415390435637629,1.331998346195134e-256,1.375765290943218e-255,9.751239690629325e-255,4.961879491418859,mpmath_1792,851
randsvd_10_1.0,10,Float64,false,taylor,transfree,20,0,8.673617379884035e-19,4.91437719247263,1,2.220446049250313e-16,6.099080552640874e-17,3.238551390304841e-16,4.961879491418859,mpmath_1792,53
randsvd_10_1.0,10,Float64,false,taylor,transfree,64,0,2.902501511357281e-88,4.914377192472629,1,1.727233711018889e-77,4.164735818717669e-78,1.809049030491273e-77,4.961879491418859,mpmath_1792,256
randsvd_10_1.0,10,Float64,false,taylor,transfree,90,5,3.036318476358085e-274,1.086528498425399,1,1.331998346195134e-256,3.272270848621392e-257,6.163385544446645e-257,1.086528498425399,mpmath_1792,851
randsvd_10_1.0,10,Float64,false,taylor,complexschur,20,0,8.673617379884035e-19,2.666161623157119,1,2.220446049250313e-16,1.081357743615207e-15,5.90268721110848e-15,4.961879491418859,mpmath_1792,53
randsvd_10_1.0,10,Float64,false,taylor,complexschur,56,0,2.510772025379202e-77,2.666161623157117,1,1.727233711018889e-77,8.444628311503311e-77,5.691199894808387e-76,4.961879491418859,mpmath_1792,256
randsvd_10_1.0,10,Float64,false,taylor,complexschur,90,5,7.952841619508839e-278,1.031735855400325,1,1.331998346195134e-256,9.80355235645843e-256,3.311895163903571e-255,1.086528498425399,mpmath_1792,851
randsvd_10_1.0,10,Float64,false,taylor,realschur,20,0,0,3.036676624126814,1,2.220446049250313e-16,1.122802359715658e-15,6.367593102670265e-15,4.961879491418859,mpmath_1792,53
randsvd_10_1.0,10,Float64,false,taylor,realschur,64,0,1.948296469040035e-90,3.036676624126812,1,1.727233711018889e-77,8.691210261506846e-77,5.515823848243379e-76,4.961879491418859,mpmath_1792,256
randsvd_10_1.0,10,Float64,false,taylor,realschur,90,5,1.862975560514935e-276,1.044618735061672,1,1.331998346195134e-256,9.564651874544094e-256,3.558262826764273e-255,1.086528498425399,mpmath_1792,851
randsvd_10_2.0,10,Float64,false,diagonalcheap,transfree,9,0,1.749043083068667e-18,2.719136690197181,4.333128835286925,2.220446049250313e-16,1.651490061929809e-16,7.759255579137344e-16,3.275008753037591,mpmath_1792,53
randsvd_10_2.0,10,Float64,false,diagonalcheap,transfree,25,0,3.354057428273781e-81,2.71913669019718,4.33366760130287,1.727233711018889e-77,1.373573046647322e-77,6.719439019869005e-77,3.275008753037591,mpmath_1792,256
randsvd_10_2.0,10,Float64,false,diagonalcheap,transfree,65,0,6.329736550715524e-268,2.71913669019718,4.333836627787778,1.331998346195134e-256,7.501468712582041e-257,3.012735064305811e-256,3.275008753037591,mpmath_1792,851
randsvd_10_2.0,10,Float64,false,diagonalcheap,complexschur,9,0,9.313723888795867e-19,2.025554087799194,2.3974820438322917,2.220446049250313e-16,1.884349071319894e-15,7.168130695509245e-15,3.275008753037591,mpmath_1792,53
randsvd_10_2.0,10,Float64,false,diagonalcheap,complexschur,25,0,5.82881592197795e-81,2.025554087799195,2.593771810765553,1.727233711018889e-77,1.166769297332584e-76,5.603005232510529e-76,3.275008753037591,mpmath_1792,256
randsvd_10_2.0,10,Float64,false,diagonalcheap,complexschur,65,0,1.216596055452028e-266,1.846312494306771,2.8583572869834097,1.331998346195134e-256,1.635237755302176e-255,7.898887862916816e-255,3.275008753037591,mpmath_1792,851
randsvd_10_2.0,10,Float64,false,diagonalcheap,realschur,9,0,7.337114055055511e-19,2.260494994156402,3.1025432887611832,2.220446049250313e-16,1.908699383729149e-15,7.043747462375032e-15,3.275008753037591,mpmath_1792,53
randsvd_10_2.0,10,Float64,false,diagonalcheap,realschur,25,0,4.382861258551222e-84,2.260494994156399,3.0780092478610346,1.727233711018889e-77,1.202845019803992e-76,5.76493339291855e-76,3.275008753037591,mpmath_1792,256
randsvd_10_2.0,10,Float64,false,diagonalcheap,realschur,65,0,6.870103699694892e-267,2.2604949941564,3.393874283574373,1.331998346195134e-256,1.595636333845523e-255,7.649138173005228e-255,3.275008753037591,mpmath_1792,851
randsvd_10_2.0,10,Float64,false,taylor,transfree,20,0,0,3.270552528494653,1,2.220446049250313e-16,7.531098397722968e-17,3.085636396694055e-16,3.275008753037591,mpmath_1792,53
randsvd_10_2.0,10,Float64,false,taylor,transfree,56,0,3.805517803689636e-79,3.270552528494653,1,1.727233711018889e-77,4.366234530664229e-78,1.548905497347502e-77,3.275008753037591,mpmath_1792,256
randsvd_10_2.0,10,Float64,false,taylor,transfree,90,5,5.856227546237167e-283,1.063919780770674,1,1.331998346195134e-256,2.408399349579455e-257,6.180050274852373e-257,1.063919780770674,mpmath_1792,851
randsvd_10_2.0,10,Float64,false,taylor,complexschur,20,0,0,2.032712415809099,1,2.220446049250313e-16,1.886254281540748e-15,7.390175300434276e-15,3.275008753037591,mpmath_1792,53
randsvd_10_2.0,10,Float64,false,taylor,complexschur,56,0,1.928388956927815e-78,2.023002032279762,1,1.727233711018889e-77,1.187269741583437e-76,5.559824389735057e-76,3.275008753037591,mpmath_1792,256
randsvd_10_2.0,10,Float64,false,taylor,complexschur,90,5,1.785666953389217e-281,1.022862219880549,1,1.331998346195134e-256,1.177007483400645e-255,3.869982074768739e-255,1.063919780770674,mpmath_1792,851
randsvd_10_2.0,10,Float64,false,taylor,realschur,20,0,0,2.561750358368476,1,2.220446049250313e-16,1.903269143405996e-15,7.015475029623286e-15,3.275008753037591,mpmath_1792,53
randsvd_10_2.0,10,Float64,false,taylor,realschur,56,0,1.690568048904713e-78,2.561750358368476,1,1.727233711018889e-77,1.210241415133437e-76,5.790572018316487e-76,3.275008753037591,mpmath_1792,256
randsvd_10_2.0,10,Float64,false,taylor,realschur,90,5,1.066106131774721e-281,1.037704783961966,1,1.331998346195134e-256,1.159363192112223e-255,3.923834351655926e-255,1.063919780770674,mpmath_1792,851
randsvd_10_3.0,10,Float64,false,diagonalcheap,transfree,7,0,8.623027208897441e-17,3.612163492356157,4.612610910806802,2.220446049250313e-16,1.460747074155423e-16,5.588568304140927e-16,3.612163492356156,mpmath_1792,53
randsvd_10_3.0,10,Float64,false,diagonalcheap,transfree,25,0,6.866490510538471e-86,3.612163492356157,4.608326019525478,1.727233711018889e-77,9.273400650153069e-78,3.578187755056027e-77,3.612163492356156,mpmath_1792,256
randsvd_10_3.0,10,Float64,false,diagonalcheap,transfree,65,0,6.245383600832725e-276,3.612163492356156,4.60734372859993,1.331998346195134e-256,8.522519663717396e-257,3.251321397742088e-256,3.612163492356156,mpmath_1792,851
randsvd_10_3.0,10,Float64,false,diagonalcheap,complexschur,7,0,2.155639196429551e-17,2.618755518209182,2.2832358160345483,2.220446049250313e-16,1.054053420545914e-15,5.89982372123047e-15,3.612163492356156,mpmath_1792,53
randsvd_10_3.0,10,Float64,false,diagonalcheap,complexschur,25,0,2.326206796392547e-86,2.515371901974838,2.420883443119945,1.727233711018889e-77,9.141168532994536e-77,3.750226348511275e-76,3.612163492356156,mpmath_1792,256
randsvd_10_3.0,10,Float64,false,diagonalcheap,complexschur,65,0,5.23668333473571e-277,2.515729085602418,2.7190447956638457,1.331998346195134e-256,9.148381690727302e-256,3.477130124417176e-255,3.612163492356156,mpmath_1792,851
randsvd_10_3.0,10,Float64,false,diagonalcheap,realschur,7,0,3.855717120969914e-17,2.667293446687543,2.946185619478731,2.220446049250313e-16,1.049170214467508e-15,5.427978935764779e-15,3.612163492356156,mpmath_1792,53
randsvd_10_3.0,10,Float64,false,diagonalcheap,realschur,25,0,3.275099991668494e-86,2.667293446687542,3.096765158131521,1.727233711018889e-77,8.744916189240382e-77,3.523526923940046e-76,3.612163492356156,mpmath_1792,256
randsvd_10_3.0,10,Float64,false,diagonalcheap,realschur,65,0,1.021114357984033e-277,2.839373991304547,3.0987207157853907,1.331998346195134e-256,8.868045152953206e-256,3.546101303822163e-255,3.612163492356156,mpmath_1792,851
randsvd_10_3.0,10,Float64,false,taylor,transfree,16,0,2.506675422786486e-16,3.620395041063861,1,2.220446049250313e-16,6.272951386104843e-17,2.420383940962234e-16,3.612163492356156,mpmath_1792,53
randsvd_10_3.0,10,Float64,false,taylor,transfree,56,0,8.319728951471973e-85,3.62039504106386,1,1.727233711018889e-77,3.556806370895882e-78,1.236191940025753e-77,3.612163492356156,mpmath_1792,256
randsvd_10_3.0,10,Float64,false,taylor,transfree,90,4,2.485393244626683e-261,1.132787131810496,1,1.331998346195134e-256,3.205210134289484e-257,6.520818973705802e-257,1.132787131810496,mpmath_1792,851
randsvd_10_3.0,10,Float64,false,taylor,complexschur,16,0,8.153200337090993e-17,2.781374670724979,1,2.220446049250313e-16,1.043703645739981e-15,5.733290267536697e-15,3.612163492356156,mpmath_1792,53
randsvd_10_3.0,10,Float64,false,taylor,complexschur,56,0,2.83380462388168e-84,2.804546656972141,1,1.727233711018889e-77,9.045364384884072e-77,3.698896645272429e-76,3.612163492356156,mpmath_1792,256
randsvd_10_3.0,10,Float64,false,taylor,complexschur,90,4,3.044086617107497e-263,1.085799022390378,1,1.331998346195134e-256,8.942739482906966e-256,3.176373119464413e-255,1.132787131810496,mpmath_1792,851
randsvd_10_3.0,10,Float64,false,taylor,realschur,16,0,1.153591111524577e-16,2.879322695487231,1,2.220446049250313e-16,1.050461799975302e-15,5.615329071170274e-15,3.612163492356156,mpmath_1792,53
randsvd_10_3.0,10,Float64,false,taylor,realschur,56,0,8.738657027565939e-85,2.87932269548723,1,1.727233711018889e-77,8.858026216410656e-77,3.50193650255231e-76,3.612163492356156,mpmath_1792,256
randsvd_10_3.0,10,Float64,false,taylor,realschur,90,4,1.088988444852093e-262,1.115810586161365,1,1.331998346195134e-256,8.819585689640916e-256,3.237591061034539e-255,1.132787131810496,mpmath_1792,851
randsvd_10_4.0,10,Float64,false,diagonalcheap,transfree,7,0,2.054156034773388e-17,2.627076781289019,3.901391747734323,2.220446049250313e-16,1.564885577705094e-16,6.393333963522847e-16,2.822498694463265,mpmath_1792,53
randsvd_10_4.0,10,Float64,false,diagonalcheap,transfree,25,0,3.778134547992123e-89,2.627076781289019,3.90609622367692,1.727233711018889e-77,1.092067122138802e-77,4.712826877316504e-77,2.822498694463265,mpmath_1792,256
randsvd_10_4.0,10,Float64,false,diagonalcheap,transfree,65,0,2.426192597239158e-284,2.627076781289019,3.9071438609277407,1.331998346195134e-256,6.547011757460782e-257,2.809949956819764e-256,2.822498694463265,mpmath_1792,851
randsvd_10_4.0,10,Float64,false,diagonalcheap,complexschur,7,0,1.227248363750634e-17,2.941940820975798,2.6717452527550525,2.220446049250313e-16,1.374701320785834e-15,5.575662840029484e-15,2.822498694463265,mpmath_1792,53
randsvd_10_4.0,10,Float64,false,diagonalcheap,complexschur,25,0,4.606895350726445e-89,2.218629475222573,2.667921140796643,1.727233711018889e-77,1.146682856875811e-76,5.15931246791904e-76,2.822498694463265,mpmath_1792,256
randsvd_10_4.0,10,Float64,false,diagonalcheap,complexschur,65,0,1.619285903623335e-284,2.941940820975798,2.6670667509217414,1.331998346195134e-256,1.008343411648314e-255,4.784428296853674e-255,2.822498694463265,mpmath_1792,851
randsvd_10_4.0,10,Float64,false,diagonalcheap,realschur,7,0,1.199064335416715e-17,2.838257514660835,2.8150234223109822,2.220446049250313e-16,1.453452844328021e-15,5.867096383993587e-15,2.822498694463265,mpmath_1792,53
randsvd_10_4.0,10,Float64,false,diagonalcheap,realschur,25,0,4.402892546258061e-89,2.280698892853988,2.812294627708413,1.727233711018889e-77,1.133013934123906e-76,5.28615619357199e-76,2.822498694463265,mpmath_1792,256
randsvd_10_4.0,10,Float64,false,diagonalcheap,realschur,65,0,1.515445339603871e-283,2.838257514660835,2.811679080394978,1.331998346195134e-256,9.914801737243099e-256,4.723031498083742e-255,2.822498694463265,mpmath_1792,851
randsvd_10_4.0,10,Float64,false,taylor,transfree,16,0,6.245004513516506e-17,2.828666571741199,1,2.220446049250313e-16,4.447273850280549e-17,1.608110926722415e-16,2.822498694463265,mpmath_1792,53
randsvd_10_4.0,10,Float64,false,taylor,transfree,56,0,2.114101100830466e-86,2.828666571741199,1,1.727233711018889e-77,3.821495515121451e-78,1.185471754175632e-77,2.822498694463265,mpmath_1792,256
randsvd_10_4.0,10,Float64,false,taylor,transfree,90,4,6.915297137477935e-268,1.108313762734399,1,1.331998346195134e-256,4.371229540698897e-257,6.914028512271156e-257,1.108313762734399,mpmath_1792,851
randsvd_10_4.0,10,Float64,false,taylor,complexschur,16,0,3.382710778154774e-17,2.943093417056721,1,2.220446049250313e-16,1.379269222273855e-15,5.440267110512848e-15,2.822498694463265,mpmath_1792,53
randsvd_10_4.0,10,Float64,false,taylor,complexschur,56,0,6.900797059212949e-87,2.943093417056721,1,1.727233711018889e-77,1.153331438892175e-76,5.255119962827119e-76,2.822498694463265,mpmath_1792,256
randsvd_10_4.0,10,Float64,false,taylor,complexschur,90,4,5.17560529259915e-267,1.10127633242112,1,1.331998346195134e-256,8.330370215323724e-256,2.905074497244177e-255,1.108313762734399,mpmath_1792,851
randsvd_10_4.0,10,Float64,false,taylor,realschur,16,0,3.426078865054194e-17,2.839676749780191,1,2.220446049250313e-16,1.43884699697008e-15,5.760797043463404e-15,2.822498694463265,mpmath_1792,53
randsvd_10_4.0,10,Float64,false,taylor,realschur,56,0,9.258803400683317e-87,2.839676749780192,1,1.727233711018889e-77,1.134310661487067e-76,5.245674153469985e-76,2.822498694463265,mpmath_1792,256
randsvd_10_4.0,10,Float64,false,taylor,realschur,90,4,8.417109371255306e-267,1.099839518788094,1,1.331998346195134e-256,8.421745578919365e-256,3.04659932152741e-255,1.108313762734399,mpmath_1792,851
randsvd_10_5.0,10,Float64,false,diagonalcheap,transfree,7,0,1.407405492572092e-16,3.590868171871482,3.2948343325336644,2.220446049250313e-16,1.359888425209905e-16,5.69874577180852e-16,3.590868171871483,mpmath_1792,53
randsvd_10_5.0,10,Float64,false,diagonalcheap,transfree,25,0,7.476311339052286e-87,3.590868171871482,3.277250515274822,1.727233711018889e-77,1.00554305821553e-77,3.664399507736198e-77,3.590868171871483,mpmath_1792,256
randsvd_10_5.0,10,Float64,false,diagonalcheap,transfree,65,0,9.927276313044138e-281,3.590868171871483,3.27331576178767,1.331998346195134e-256,9.083042151366297e-257,3.221206646938013e-256,3.590868171871483,mpmath_1792,851
randsvd_10_5.0,10,Float64,false,diagonalcheap,complexschur,7,0,1.302159010887097e-16,3.323192108198892,2.780844447654482,2.220446049250313e-16,1.924412851689973e-15,7.633152598668563e-15,3.590868171871483,mpmath_1792,53
randsvd_10_5.0,10,Float64,false,diagonalcheap,complexschur,25,0,1.62758412420621e-86,3.323192108198891,2.7723287426616556,1.727233711018889e-77,1.474410959598952e-76,6.835690656721021e-76,3.590868171871483,mpmath_1792,256
randsvd_10_5.0,10,Float64,false,diagonalcheap,complexschur,65,0,3.824421544903754e-281,2.924587346837519,2.572450684732683,1.331998346195134e-256,1.197855390927471e-255,5.168325746944385e-255,3.590868171871483,mpmath_1792,851
randsvd_10_5.0,10,Float64,false,diagonalcheap,realschur,7,0,1.924923486550619e-16,2.38998866984601,3.142361281296071,2.220446049250313e-16,1.947438678102463e-15,7.71641932551545e-15,3.590868171871483,mpmath_1792,53
randsvd_10_5.0,10,Float64,false,diagonalcheap,realschur,25,0,2.643528062572744e-86,3.532456305493878,3.134648398020123,1.727233711018889e-77,1.499485945903674e-76,6.911257131578097e-76,3.590868171871483,mpmath_1792,256
randsvd_10_5.0,10,Float64,false,diagonalcheap,realschur,65,0,9.321981132951147e-281,2.874905283656992,2.9293666999724324,1.331998346195134e-256,1.19156005940605e-255,5.001825953669994e-255,3.590868171871483,mpmath_1792,851
randsvd_10_5.0,10,Float64,false,taylor,transfree,16,0,4.557985933129061e-16,3.561407553514207,1,2.220446049250313e-16,4.713674833527998e-17,1.892474539848066e-16,3.590868171871483,mpmath_1792,53
randsvd_10_5.0,10,Float64,false,taylor,transfree,56,0,8.966494038248067e-85,3.561407553514206,1,1.727233711018889e-77,3.499312675761885e-78,1.4327948009811e-77,3.590868171871483,mpmath_1792,256
randsvd_10_5.0,10,Float64,false,taylor,transfree,90,4,2.109499886830727e-264,1.118944939648701,1,1.331998346195134e-256,2.828184939417697e-257,6.668439654227199e-257,1.118944939648701,mpmath_1792,851
randsvd_10_5.0,10,Float64,false,taylor,complexschur,16,0,4.475586568020162e-16,3.300615751536226,1,2.220446049250313e-16,1.917542746963536e-15,7.862136097497502e-15,3.590868171871483,mpmath_1792,53
randsvd_10_5.0,10,Float64,false,taylor,complexschur,56,0,3.791696042550272e-85,3.300615751536226,1,1.727233711018889e-77,1.501850436145425e-76,7.105570924067722e-76,3.590868171871483,mpmath_1792,256
randsvd_10_5.0,10,Float64,false,taylor,complexschur,90,4,2.223256082799944e-264,1.101586451659963,1,1.331998346195134e-256,1.437896432663428e-255,4.72013612135025e-255,1.118944939648701,mpmath_1792,851
randsvd_10_5.0,10,Float64,false,taylor,realschur,16,0,6.691695808580533e-16,3.505189435964188,1,2.220446049250313e-16,1.914044568696255e-15,7.438863569359161e-15,3.590868171871483,mpmath_1792,53
randsvd_10_5.0,10,Float64,false,taylor,realschur,56,0,6.291949350135302e-85,3.505189435964188,1,1.727233711018889e-77,1.511725858476947e-76,7.278294295169611e-76,3.590868171871483,mpmath_1792,256
randsvd_10_5.0,10,Float64,false,taylor,realschur,90,4,4.455183020546018e-264,1.105604021985842,1,1.331998346195134e-256,1.468568438437742e-255,4.704526765730775e-255,1.118944939648701,mpmath_1792,851
smoke_10,10,ComplexF64,false,diagonalcheap,transfree,9,0,1.827365275530554e-16,6.488128793452633,6.963103376184819,2.220446049250313e-16,4.066163427685715e-16,3.585184562095732e-15,6.488128793452632,mpmath_1792,53
smoke_10,10,ComplexF64,false,diagonalcheap,transfree,31,0,8.149765671077378e-92,6.488128793452634,6.964313248263441,1.727233711018889e-77,2.378104041159831e-77,2.565286450829739e-76,6.488128793452632,mpmath_1792,256
smoke_10,10,ComplexF64,false,diagonalcheap,transfree,73,0,4.028382546022761e-288,6.488128793452637,6.964397184319365,1.331998346195134e-256,1.195432788228022e-256,1.23711733236691e-255,6.488128793452632,mpmath_1792,851
smoke_10,10,ComplexF64,false,diagonalcheap,complexschur,13,0,0,7.160917893437391,8.483169938976154,2.220446049250313e-16,1.794856140202886e-15,1.966033914576949e-14,6.488128793452632,mpmath_1792,53
smoke_10,10,ComplexF64,false,diagonalcheap,complexschur,31,0,9.240757308146167e-92,4.566896698491576,8.496959070272394,1.727233711018889e-77,2.517082034875639e-76,2.723965510337923e-75,6.488128793452632,mpmath_1792,256
smoke_10,10,ComplexF64,false,diagonalcheap,complexschur,73,0,6.563633806911546e-286,6.583607608694627,7.7926898723467435,1.331998346195134e-256,2.330756583344218e-255,2.095697700215775e-254,6.488128793452632,mpmath_1792,851
smoke_10,10,ComplexF64,false,taylor,transfree,25,0,1.734723475976807e-18,6.047695524856813,1,2.220446049250313e-16,7.487120276704882e-17,5.006660666632353e-16,6.488128793452632,mpmath_1792,53
smoke_10,10,ComplexF64,false,taylor,transfree,64,0,5.49032133704008e-81,6.047695524856814,1,1.727233711018889e-77,4.839436852476767e-78,3.351954906416543e-77,6.488128793452632,mpmath_1792,256
smoke_10,10,ComplexF64,false,taylor,transfree,90,5,7.607119949216148e-273,1.064393283201912,1,1.331998346195134e-256,3.646637529160037e-257,6.46010666116647e-257,1.064393283201912,mpmath_1792,851
smoke_10,10,ComplexF64,false,taylor,complexschur,25,0,1.734723475976807e-18,6.850668107254965,1,2.220446049250313e-16,1.856461329133103e-15,1.972678862278372e-14,6.488128793452632,mpmath_1792,53
smoke_10,10,ComplexF64,false,taylor,complexschur,64,0,3.049093500181877e-79,6.850668107254963,1,1.727233711018889e-77,2.514733874541005e-76,2.696014306870766e-75,6.488128793452632,mpmath_1792,256
smoke_10,10,ComplexF64,false,taylor,complexschur,90,5,3.340103861030412e-272,1.076666914745846,1,1.331998346195134e-256,1.197812673787294e-255,3.710274792747238e-255,1.064393283201912,mpmath_1792,851
smoke_10_1,10,ComplexF64,false,diagonalcheap,transfree,9,0,1.827365274285158e-16,6.488128459651135,6.962753680119448,2.220446049250313e-16,1.485468551984006e-16,1.081604181787089e-15,6.488128459651135,mpmath_1792,53
smoke_10_1,10,ComplexF64,false,diagonalcheap,transfree,31,0,8.149765669317209e-92,6.488128459651139,6.96368311616006,1.727233711018889e-77,1.122365242738581e-77,6.571720260834901e-77,6.488128459651135,mpmath_1792,256
smoke_10_1,10,ComplexF64,false,diagonalcheap,transfree,65,0,2.155299198149072e-256,6.488128459651138,6.963699368006935,1.331998346195134e-256,6.952592638437413e-257,5.426355935447198e-256,6.488128459651135,mpmath_1792,851
smoke_10_1,10,ComplexF64,false,diagonalcheap,complexschur,9,0,1.827365274285158e-16,6.488128459651135,6.962753680119448,2.220446049250313e-16,1.485468551984006e-16,1.081604181787089e-15,6.488128459651135,mpmath_1792,53
smoke_10_1,10,ComplexF64,false,diagonalcheap,complexschur,31,0,8.149765669317209e-92,6.488128459651139,6.96368311616006,1.727233711018889e-77,1.122365242738581e-77,6.571720260834901e-77,6.488128459651135,mpmath_1792,256
smoke_10_1,10,ComplexF64,false,diagonalcheap,complexschur,65,0,2.155299198149072e-256,6.488128459651138,6.963699368006935,1.331998346195134e-256,6.952592638437413e-257,5.426355935447198e-256,6.488128459651135,mpmath_1792,851
smoke_10_1,10,ComplexF64,false,taylor,transfree,25,0,1.734723475976807e-18,6.047695524856813,1,2.220446049250313e-16,1.234478485698436e-16,7.652916560735051e-16,6.488128459651135,mpmath_1792,53
smoke_10_1,10,ComplexF64,false,taylor,transfree,64,0,5.49032133704008e-81,6.047695524856814,1,1.727233711018889e-77,9.225295243835678e-78,5.554226146339515e-77,6.488128459651135,mpmath_1792,256
smoke_10_1,10,ComplexF64,false,taylor,transfree,90,5,2.459636825692041e-275,1.064393283201912,1,1.331998346195134e-256,3.79478612635045e-257,6.978375569414736e-257,1.064393283201912,mpmath_1792,851
smoke_10_1,10,ComplexF64,false,taylor,complexschur,25,0,1.734723475976807e-18,6.047695524856813,1,2.220446049250313e-16,1.234478485698436e-16,7.652916560735051e-16,6.488128459651135,mpmath_1792,53
smoke_10_1,10,ComplexF64,false,taylor,complexschur,64,0,5.49032133704008e-81,6.047695524856814,1,1.727233711018889e-77,9.225295243835678e-78,5.554226146339515e-77,6.488128459651135,mpmath_1792,256
smoke_10_1,10,ComplexF64,false,taylor,complexschur,90,5,2.459636825692041e-275,1.064393283201912,1,1.331998346195134e-256,3.79478612635045e-257,6.978375569414736e-257,1.064393283201912,mpmath_1792,851
toeppen_10,10,Float64,false,diagonalcheap,transfree,17,2,7.182358396017149e-17,3.093686089765006,6.093168887507242,2.220446049250313e-16,3.968268862135066e-16,1.502877181767598e-15,3.093686089765007,mpmath_1792,53
toeppen_10,10,Float64,false,diagonalcheap,transfree,43,2,5.648648639265599e-90,3.093686089765006,5.986119034600465,1.727233711018889e-77,3.62306567095919e-77,1.618488350099722e-76,3.093686089765007,mpmath_1792,256
toeppen_10,10,Float64,false,diagonalcheap,transfree,91,2,2.752249691478387e-261,3.093686089765007,5.950780990502322,1.331998346195134e-256,2.584309623664014e-256,1.077367109121147e-255,3.093686089765007,mpmath_1792,851
toeppen_10,10,Float64,false,diagonalcheap,complexschur,17,2,6.507803564344145e-17,1.655797254380843,1.809775366724758,2.220446049250313e-16,2.883435464565726e-15,1.02042816403637e-14,3.093686089765007,mpmath_1792,53
toeppen_10,10,Float64,false,diagonalcheap,complexschur,49,1,2.340482799875759e-85,2.375782510011181,2.846625741657958,1.727233711018889e-77,1.995000455327269e-76,9.450826917664293e-76,3.643057141110245,mpmath_1792,256
toeppen_10,10,Float64,false,diagonalcheap,complexschur,91,2,2.958121252614108e-264,1.655797254380842,1.6905172801043113,1.331998346195134e-256,2.067170572212498e-255,9.258831933124468e-255,3.093686089765007,mpmath_1792,851
toeppen_10,10,Float64,false,diagonalcheap,realschur,17,2,9.126349514397685e-18,2.312627737931161,3.3487659196936157,2.220446049250313e-16,3.092382623023386e-15,1.089787515496187e-14,3.093686089765007,mpmath_1792,53
toeppen_10,10,Float64,false,diagonalcheap,realschur,37,2,1.499740110057708e-77,2.296688873681751,3.2570522056657083,1.727233711018889e-77,1.491203297277246e-76,5.664623412374056e-76,3.093686089765007,mpmath_1792,256
toeppen_10,10,Float64,false,diagonalcheap,realschur,91,2,9.036110135234209e-263,2.307302952836738,3.1718722858989685,1.331998346195134e-256,2.032827196051583e-255,8.875882408593367e-255,3.093686089765007,mpmath_1792,851
toeppen_10,10,Float64,false,taylor,transfree,36,2,2.775557561562891e-17,28.63216145833334,1,2.220446049250313e-16,8.69195029729035e-16,2.752834804248638e-15,3.093686089765007,mpmath_1792,53
toeppen_10,10,Float64,false,taylor,transfree,90,2,1.727076284762276e-76,28.63216145833333,1,1.727233711018889e-77,5.993062622768256e-77,1.97342073942108e-76,3.093686089765007,mpmath_1792,256
toeppen_10,10,Float64,false,taylor,transfree,90,9,2.861998201589658e-268,1.042971538480359,1,1.331998346195134e-256,2.310743843800682e-257,3.281796284234993e-257,1.042971538480359,mpmath_1792,851
toeppen_10,10,Float64,false,taylor,complexschur,36,2,1.387778780781446e-17,16.79885848416725,1,2.220446049250313e-16,2.885396670891998e-15,1.028750079428767e-14,3.093686089765007,mpmath_1792,53
toeppen_10,10,Float64,false,taylor,complexschur,90,2,1.040092269092111e-78,16.79885848416729,1,1.727233711018889e-77,1.411182756484602e-76,5.950696495761559e-76,3.093686089765007,mpmath_1792,256
toeppen_10,10,Float64,false,taylor,complexschur,90,9,1.729041074976484e-270,1.005266972166525,1,1.331998346195134e-256,9.559221177712505e-256,3.49537187430452e-255,1.042971538480359,mpmath_1792,851
toeppen_10,10,Float64,false,taylor,realschur,36,2,0,22.48308646689395,1,2.220446049250313e-16,3.1024454699576e-15,1.097420298790485e-14,3.093686089765007,mpmath_1792,53
toeppen_10,10,Float64,false,taylor,realschur,90,2,2.322979980923221e-77,22.48308646689399,1,1.727233711018889e-77,1.501273642832814e-76,5.750985097925e-76,3.093686089765007,mpmath_1792,256
toeppen_10,10,Float64,false,taylor,realschur,90,9,3.854365139701801e-269,1.033305168043406,1,1.331998346195134e-256,9.544822354280651e-256,3.521802832839532e-255,1.042971538480359,mpmath_1792,851
uniformdata_10_1000,10,Float64,false,diagonalcheap,transfree,13,1,7.055623833990267e-18,13.94586050769488,6.7643065556036195,2.220446049250313e-16,1.865016519684536e-16,3.579948333950071e-15,13.94586050769487,mpmath_1792,53
uniformdata_10_1000,10,Float64,false,diagonalcheap,transfree,37,0,1.595369744853639e-76,164.8956767731773,39.80580233157981,1.727233711018889e-77,6.634037038250535e-77,1.391825485902466e-74,164.8956767731772,mpmath_1792,256
uniformdata_10_1000,10,Float64,false,diagonalcheap,transfree,91,0,1.903219311712755e-260,164.8956767731775,38.87933369109906,1.331998346195134e-256,8.014075882585865e-256,1.484727081358798e-253,164.8956767731772,mpmath_1792,851
uniformdata_10_1000,10,Float64,false,diagonalcheap,complexschur,13,0,7.739186294971925e-15,136.9410164170058,20.880621927119506,2.220446049250313e-16,6.024573721984876e-15,1.254583631188693e-12,164.8956767731772,mpmath_1792,53
uniformdata_10_1000,10,Float64,false,diagonalcheap,complexschur,37,0,2.687153044419082e-77,136.9410164170059,23.241904082244698,1.727233711018889e-77,2.722308475878638e-76,5.151748332067433e-74,164.8956767731772,mpmath_1792,256
uniformdata_10_1000,10,Float64,false,diagonalcheap,complexschur,91,0,1.353014896535389e-261,136.941016417004,24.50922082707585,1.331998346195134e-256,5.490530874350708e-255,9.947711461549611e-253,164.8956767731772,mpmath_1792,851
uniformdata_10_1000,10,Float64,false,diagonalcheap,realschur,13,0,7.739186294971925e-15,136.9410164170057,21.554769630076787,2.220446049250313e-16,6.014994006375541e-15,1.192910595831746e-12,164.8956767731772,mpmath_1792,53
uniformdata_10_1000,10,Float64,false,diagonalcheap,realschur,37,0,2.687153044419082e-77,136.9410164170059,26.02820258482287,1.727233711018889e-77,2.68688544901465e-76,5.041205374562224e-74,164.8956767731772,mpmath_1792,256
uniformdata_10_1000,10,Float64,false,diagonalcheap,realschur,91,0,1.353014896535389e-261,136.941016417004,19.474508018251374,1.331998346195134e-256,5.490106985556988e-255,1.002230336893654e-252,164.8956767731772,mpmath_1792,851
uniformdata_10_1000,10,Float64,false,taylor,transfree,25,1,1.040834085586084e-16,10.64866513523483,1,2.220446049250313e-16,7.98112108680186e-17,1.01977249402112e-15,13.94586050769487,mpmath_1792,53
uniformdata_10_1000,10,Float64,false,taylor,transfree,72,1,3.599070053185231e-77,10.64866513523483,1,1.727233711018889e-77,5.829780486846124e-78,8.393599535868793e-77,13.94586050769487,mpmath_1792,256
uniformdata_10_1000,10,Float64,false,taylor,transfree,90,7,6.523296471625849e-269,1.04834153323882,1,1.331998346195134e-256,3.539092349341219e-257,5.474477630207236e-257,1.04834153323882,mpmath_1792,851
uniformdata_10_1000,10,Float64,false,taylor,complexschur,25,1,3.816391647148976e-17,8.965497742421809,1,2.220446049250313e-16,2.591921138964232e-15,3.857260001892387e-14,13.94586050769487,mpmath_1792,53
uniformdata_10_1000,10,Float64,false,taylor,complexschur,72,1,7.938176088992544e-78,8.965497742421787,1,1.727233711018889e-77,1.447538993063875e-76,2.762003791137115e-75,13.94586050769487,mpmath_1792,256
uniformdata_10_1000,10,Float64,false,taylor,complexschur,90,7,1.197592052905922e-269,1.039182126239387,1,1.331998346195134e-256,1.283965215940216e-255,5.69616346852962e-255,1.04834153323882,mpmath_1792,851
uniformdata_10_1000,10,Float64,false,taylor,realschur,25,1,3.816391647148976e-17,8.965497742421809,1,2.220446049250313e-16,2.588800864768036e-15,3.842104703045629e-14,13.94586050769487,mpmath_1792,53
uniformdata_10_1000,10,Float64,false,taylor,realschur,72,1,7.938176088992544e-78,8.965497742421787,1,1.727233711018889e-77,1.43709997985087e-76,2.75336762258202e-75,13.94586050769487,mpmath_1792,256
uniformdata_10_1000,10,Float64,false,taylor,realschur,90,7,1.197592052905922e-269,1.039182126239387,1,1.331998346195134e-256,1.276303715149846e-255,5.625401056388004e-255,1.04834153323882,mpmath_1792,851
gearmat_10,10,Int64,false,diagonalcheap,transfree,9,0,6.89488910189716e-16,7.380746061228715,7.387704851595193,2.220446049250313e-16,3.35136096746569e-16,3.404868576211999e-15,7.380746061228714,mpmath_1792,53
gearmat_10,10,Int64,false,diagonalcheap,transfree,31,0,2.231933883272861e-86,7.380746061228713,7.387258909320135,1.727233711018889e-77,2.021127300864622e-77,1.941091550392364e-76,7.380746061228714,mpmath_1792,256
gearmat_10,10,Int64,false,diagonalcheap,transfree,73,0,1.848192599855943e-256,7.380746061228706,7.387133485362342,1.331998346195134e-256,1.926948596308015e-256,2.589815376670259e-255,7.380746061228714,mpmath_1792,851
gearmat_10,10,Int64,false,diagonalcheap,complexschur,9,0,1.449599461354273e-15,8.568809106536275,9.204726617916704,2.220446049250313e-16,1.080233031897177e-15,1.003635213467153e-14,7.380746061228714,mpmath_1792,53
gearmat_10,10,Int64,false,diagonalcheap,complexschur,31,0,3.829948700837331e-86,8.808757617535615,9.017869630138351,1.727233711018889e-77,8.847968677043162e-77,8.825631747778675e-76,7.380746061228714,mpmath_1792,256
gearmat_10,10,Int64,false,diagonalcheap,complexschur,81,0,1.483903479886534e-290,8.808757617535605,9.013302398490772,1.331998346195134e-256,8.423892345060498e-256,8.974366437888299e-255,7.380746061228714,mpmath_1792,851
gearmat_10,10,Int64,false,diagonalcheap,realschur,9,0,1.449599461354273e-15,8.568809106536275,9.204726617916704,2.220446049250313e-16,1.078252892988011e-15,9.996182444180938e-15,7.380746061228714,mpmath_1792,53
gearmat_10,10,Int64,false,diagonalcheap,realschur,31,0,3.829948700837331e-86,8.808757617535615,9.017869630138353,1.727233711018889e-77,8.847968677043162e-77,8.825631747778675e-76,7.380746061228714,mpmath_1792,256
gearmat_10,10,Int64,false,diagonalcheap,realschur,81,0,1.483903479886534e-290,8.808757617535605,9.01330239849077,1.331998346195134e-256,8.423892345060498e-256,8.974366437888299e-255,7.380746061228714,mpmath_1792,851
gearmat_10,10,Int64,false,taylor,transfree,25,0,1.734723475976807e-18,6.333333333333334,1,2.220446049250313e-16,5.87747511030714e-17,4.816699577937321e-16,7.380746061228714,mpmath_1792,53
gearmat_10,10,Int64,false,taylor,transfree,72,0,6.349114362856157e-85,6.333333333333333,1,1.727233711018889e-77,5.352364803500521e-78,4.297232416127705e-77,7.380746061228714,mpmath_1792,256
gearmat_10,10,Int64,false,taylor,transfree,90,6,1.031811155526723e-278,1.031743407499021,1,1.331998346195134e-256,4.27626970496912e-257,5.819287055467876e-257,1.031743407499021,mpmath_1792,851
gearmat_10,10,Int64,false,taylor,complexschur,25,0,0,7.398149896973374,1,2.220446049250313e-16,1.094487319583177e-15,1.155743357256006e-14,7.380746061228714,mpmath_1792,53
gearmat_10,10,Int64,false,taylor,complexschur,72,0,2.215217718255478e-84,7.54128886030615,1,1.727233711018889e-77,8.80193208885171e-77,9.355735629156078e-76,7.380746061228714,mpmath_1792,256
gearmat_10,10,Int64,false,taylor,complexschur,90,6,5.845563469786958e-278,1.052049344441634,1,1.331998346195134e-256,6.135779736092176e-256,1.888621083718883e-255,1.031743407499021,mpmath_1792,851
gearmat_10,10,Int64,false,taylor,realschur,25,0,0,7.398149896973374,1,2.220446049250313e-16,1.092330809707028e-15,1.147709419157889e-14,7.380746061228714,mpmath_1792,53
gearmat_10,10,Int64,false,taylor,realschur,72,0,2.215217718255478e-84,7.54128886030615,1,1.727233711018889e-77,8.80193208885171e-77,9.355735629156078e-76,7.380746061228714,mpmath_1792,256
gearmat_10,10,Int64,false,taylor,realschur,90,6,5.845563469786958e-278,1.052049344441634,1,1.331998346195134e-256,6.135779736092176e-256,1.888621083718883e-255,1.031743407499021,mpmath_1792,851
neumann_16,16,Int64,false,diagonalcheap,transfree,13,1,2.722348792420833e-16,86.53652563034906,15.539643089893344,2.220446049250313e-16,5.546924536582119e-16,5.522344050707063e-14,86.53652563034879,mpmath_1792,53
neumann_16,16,Int64,false,diagonalcheap,transfree,37,1,3.426541661794294e-82,86.53652563034878,14.598222203522282,1.727233711018889e-77,1.018673401768177e-76,9.144885147098645e-75,86.53652563034879,mpmath_1792,256
neumann_16,16,Int64,false,diagonalcheap,transfree,91,1,5.276559816497811e-275,86.53652563034882,14.315177914288153,1.331998346195134e-256,5.694773218549026e-256,6.628127243766665e-254,86.53652563034879,mpmath_1792,851
neumann_16,16,Int64,false,diagonalcheap,complexschur,13,1,1.249354396531351e-16,54.59815003314414,8.002264170200581,2.220446049250313e-16,2.716901689544076e-15,2.872219847305404e-13,86.53652563034879,mpmath_1792,53
neumann_16,16,Int64,false,diagonalcheap,complexschur,37,1,1.897400726122683e-84,54.59815003314432,7.594214439903119,1.727233711018889e-77,4.147799794400817e-76,4.719747850633751e-74,86.53652563034879,mpmath_1792,256
neumann_16,16,Int64,false,diagonalcheap,complexschur,91,1,1.912978910601128e-278,54.59815003314434,7.471150787026225,1.331998346195134e-256,3.046621833960395e-255,3.570766251518999e-253,86.53652563034879,mpmath_1792,851
neumann_16,16,Int64,false,diagonalcheap,realschur,13,1,1.249354396531351e-16,54.59815003314414,8.002264170200581,2.220446049250313e-16,2.716901689544076e-15,2.872219847305404e-13,86.53652563034879,mpmath_1792,53
neumann_16,16,Int64,false,diagonalcheap,realschur,37,1,1.897400726122683e-84,54.59815003314432,7.594214439903119,1.727233711018889e-77,4.147799794400817e-76,4.719747850633751e-74,86.53652563034879,mpmath_1792,256
neumann_16,16,Int64,false,diagonalcheap,realschur,91,1,1.912978910601128e-278,54.59815003314434,7.471150787026225,1.331998346195134e-256,3.046621833960395e-255,3.570766251518999e-253,86.53652563034879,mpmath_1792,851
neumann_16,16,Int64,false,taylor,transfree,36,1,1.387778780781446e-17,34.16666666666667,1,2.220446049250313e-16,8.865400364274073e-17,5.403640356142968e-15,86.53652563034879,mpmath_1792,53
neumann_16,16,Int64,false,taylor,transfree,90,1,8.566624842532768e-84,34.16666666666667,1,1.727233711018889e-77,8.38446930207267e-78,4.52293019825106e-76,86.53652563034879,mpmath_1792,256
neumann_16,16,Int64,false,taylor,transfree,90,8,1.433518423627174e-275,1.039772417275766,1,1.331998346195134e-256,3.290245136716245e-257,3.883126782288685e-257,1.039772417275766,mpmath_1792,851
neumann_16,16,Int64,false,taylor,complexschur,30,1,6.453171330633722e-16,23.66666666666665,1,2.220446049250313e-16,2.692260144600138e-15,2.821288366050725e-13,86.53652563034879,mpmath_1792,53
neumann_16,16,Int64,false,taylor,complexschur,90,1,4.73997519541822e-86,23.66666666666667,1,1.727233711018889e-77,3.977707491569809e-76,4.186032633928915e-74,86.53652563034879,mpmath_1792,256
neumann_16,16,Int64,false,taylor,complexschur,90,8,7.952841619508839e-278,1.031743407499103,1,1.331998346195134e-256,7.739009606511512e-256,3.346349340603623e-255,1.039772417275766,mpmath_1792,851
neumann_16,16,Int64,false,taylor,realschur,30,1,6.453171330633722e-16,23.66666666666665,1,2.220446049250313e-16,2.692260144600138e-15,2.821288366050725e-13,86.53652563034879,mpmath_1792,53
neumann_16,16,Int64,false,taylor,realschur,90,1,4.73997519541822e-86,23.66666666666667,1,1.727233711018889e-77,3.977707491569809e-76,4.186032633928915e-74,86.53652563034879,mpmath_1792,256
neumann_16,16,Int64,false,taylor,realschur,90,8,7.952841619508839e-278,1.031743407499103,1,1.331998346195134e-256,7.739009606511512e-256,3.346349340603623e-255,1.039772417275766,mpmath_1792,851
hadamard_diag_8,8,ComplexF64,false,diagonalcheap,transfree,13,4,3.913384168944774e-17,12.06063435992316,18.768015867356745,2.220446049250313e-16,6.117606678361721e-16,6.596549982360945e-16,0.7119876205016161,mpmath_1792,53
hadamard_diag_8,8,ComplexF64,false,diagonalcheap,transfree,43,3,2.117992874342446e-84,128.0322658438304,150.30969337614403,1.727233711018889e-77,3.360009761699617e-76,1.671175585936801e-76,0.4461942959252972,mpmath_1792,256
hadamard_diag_8,8,ComplexF64,false,diagonalcheap,transfree,91,4,4.580013238266743e-295,12.06063435992317,18.854105853120295,1.331998346195134e-256,3.044935099836785e-256,3.210862897014418e-256,0.7119876205016161,mpmath_1792,851
hadamard_diag_8,8,ComplexF64,false,diagonalcheap,complexschur,13,4,1.170806539352368e-17,11.26125944845259,10.582870780438357,2.220446049250313e-16,8.435862566611187e-15,7.090694480828341e-15,0.7119876205016161,mpmath_1792,53
hadamard_diag_8,8,ComplexF64,false,diagonalcheap,complexschur,43,3,1.566777548451188e-84,126.8159643653623,112.96849520196643,1.727233711018889e-77,5.911681161405669e-76,2.994328150135647e-76,0.4461942959252972,mpmath_1792,256
hadamard_diag_8,8,ComplexF64,false,diagonalcheap,complexschur,91,4,3.344670709026017e-295,11.26125944845259,10.679551468456676,1.331998346195134e-256,3.555491260630063e-255,3.122350938707081e-255,0.7119876205016161,mpmath_1792,851
hadamard_diag_8,8,ComplexF64,false,taylor,transfree,42,3,1.110223024625157e-16,126.8592154588418,1,2.220446049250313e-16,4.21360318846111e-16,2.425301175381516e-16,0.4461942959252972,mpmath_1792,53
hadamard_diag_8,8,ComplexF64,false,taylor,transfree,90,4,2.454546732648863e-91,12.04945075026474,1,1.727233711018889e-77,8.611154414873178e-78,7.183291717787367e-78,0.7119876205016161,mpmath_1792,256
hadamard_diag_8,8,ComplexF64,false,taylor,transfree,90,10,1.888473661097112e-258,1.079527859195065,1,1.331998346195134e-256,8.840351618938093e-257,8.780910685587279e-257,1.032838285004004,mpmath_1792,851
hadamard_diag_8,8,ComplexF64,false,taylor,complexschur,42,3,1.110223024625157e-16,121.5242228812898,1,2.220446049250313e-16,1.634097402724903e-14,8.16029495276489e-15,0.4461942959252972,mpmath_1792,53
hadamard_diag_8,8,ComplexF64,false,taylor,complexschur,90,4,3.681820098973295e-91,11.2479046044593,1,1.727233711018889e-77,3.493558574662225e-76,3.20576672725723e-76,0.7119876205016161,mpmath_1792,256
hadamard_diag_8,8,ComplexF64,false,taylor,complexschur,90,10,1.639755248180331e-258,1.03855869557941,1,1.331998346195134e-256,9.861485372110425e-256,2.991083478699472e-255,1.032838285004004,mpmath_1792,851
hadamard_diag_big_8,8,Complex{BigFloat},false,diagonalcheap,transfree,13,4,3.594709837954284e-17,18.33688345153321,23.915635354795587,2.220446049250313e-16,6.728343084459258e-16,8.515287137563961e-16,0.9624708801224487,mpmath_1792,53
hadamard_diag_big_8,8,Complex{BigFloat},false,diagonalcheap,transfree,43,3,4.09730312834472e-85,308.1336076093415,326.90750783535407,1.727233711018889e-77,4.584742283309952e-76,4.010316804511504e-76,0.8489130633481506,mpmath_1792,256
hadamard_diag_big_8,8,Complex{BigFloat},false,diagonalcheap,transfree,91,4,5.895777798299931e-298,18.33688345153318,24.261749996890877,1.331998346195134e-256,2.301971210178427e-256,2.521773983730714e-256,0.9624708801224487,mpmath_1792,851
hadamard_diag_big_8,8,Complex{BigFloat},false,diagonalcheap,complexschur,13,4,3.755303928701493e-18,17.47443668210741,16.46929237563759,2.220446049250313e-16,4.001594420754577e-15,5.693373403877791e-15,0.9624708801224487,mpmath_1792,53
hadamard_diag_big_8,8,Complex{BigFloat},false,diagonalcheap,complexschur,43,3,5.2234733048969e-86,305.3559373569834,271.5759501719372,1.727233711018889e-77,8.263057857814075e-76,8.339468703567449e-76,0.8489130633481506,mpmath_1792,256
hadamard_diag_big_8,8,Complex{BigFloat},false,diagonalcheap,complexschur,91,4,1.494424244604791e-298,17.4744366821074,16.491242958091995,1.331998346195134e-256,2.163756120115732e-255,2.34553501787923e-255,0.9624708801224487,mpmath_1792,851
hadamard_diag_big_8,8,Complex{BigFloat},false,taylor,transfree,42,3,2.220446049250313e-16,153.1055556052534,1,2.220446049250313e-16,3.910657079310954e-16,3.797008052740434e-16,0.8489130633481506,mpmath_1792,53
hadamard_diag_big_8,8,Complex{BigFloat},false,taylor,transfree,90,4,2.454546732648863e-91,18.34227272647347,1,1.727233711018889e-77,1.166316312769519e-77,1.354417880955919e-77,0.9624708801224487,mpmath_1792,256
hadamard_diag_big_8,8,Complex{BigFloat},false,taylor,transfree,90,10,2.482299324459853e-259,1.084885759217176,1,1.331998346195134e-256,5.498224300984574e-257,5.715282266045224e-257,1.03606017055526,mpmath_1792,851
hadamard_diag_big_8,8,Complex{BigFloat},false,taylor,complexschur,36,3,2.386979502944087e-14,115.4858397447407,1,2.220446049250313e-16,7.296800077450281e-15,7.637288538548558e-15,0.8489130633481506,mpmath_1792,53
hadamard_diag_big_8,8,Complex{BigFloat},false,taylor,complexschur,90,4,1.227273366324432e-91,17.4814471472178,1,1.727233711018889e-77,4.481154758572131e-76,5.197950787055285e-76,0.9624708801224487,mpmath_1792,256
hadamard_diag_big_8,8,Complex{BigFloat},false,taylor,complexschur,90,10,3.277919610729187e-260,1.045713102770431,1,1.331998346195134e-256,8.909379672557103e-256,2.643699206732845e-255,1.03606017055526,mpmath_1792,851
hadamard_jord_8,8,ComplexF64,false,diagonalcheap,transfree,13,3,7.126616786746931e-18,51.72197353024313,32.35115729338857,2.220446049250313e-16,7.368988245666429e-16,5.962305475703991e-16,0.5730021891577973,mpmath_1792,53
hadamard_jord_8,8,ComplexF64,false,diagonalcheap,transfree,43,2,4.150333229147668e-76,2637.033945831916,480.644010955698,1.727233711018889e-77,3.730112941007761e-75,1.592962384138871e-75,0.3236518601402027,mpmath_1792,256
hadamard_jord_8,8,ComplexF64,false,diagonalcheap,transfree,91,3,3.049927242653818e-279,51.72189088583736,31.205996042081303,1.331998346195134e-256,4.521156937071944e-256,3.542578215516976e-256,0.5730021891577973,mpmath_1792,851
hadamard_jord_8,8,ComplexF64,false,diagonalcheap,complexschur,13,3,0,45.93066788747117,17.93316683724068,2.220446049250313e-16,2.486236068888391e-15,1.943025780696234e-15,0.5730021891577973,mpmath_1792,53
hadamard_jord_8,8,ComplexF64,false,diagonalcheap,complexschur,43,2,4.177491719762988e-76,2637.032809100013,303.7858453443326,1.727233711018889e-77,2.883288120990468e-76,1.247502870194953e-76,0.3236518601402027,mpmath_1792,256
hadamard_jord_8,8,ComplexF64,false,diagonalcheap,complexschur,91,3,2.895188734197372e-279,51.67200129126783,16.958646803854915,1.331998346195134e-256,2.949873954003009e-255,2.50393601593405e-255,0.5730021891577973,mpmath_1792,851
hadamard_jord_8,8,ComplexF64,false,taylor,transfree,30,3,5.620504062164855e-16,33.54507707524417,1,2.220446049250313e-16,1.618710437316791e-16,1.251092320257531e-16,0.5730021891577973,mpmath_1792,53
hadamard_jord_8,8,ComplexF64,false,taylor,transfree,90,3,2.158037487344881e-86,33.54507707524417,1,1.727233711018889e-77,1.12608122190207e-77,8.35920034553369e-78,0.5730021891577973,mpmath_1792,256
hadamard_jord_8,8,ComplexF64,false,taylor,transfree,90,10,3.622084870373069e-278,1.047943861732255,1,1.331998346195134e-256,4.388083835820922e-257,9.990686202871878e-257,1.011720447570833,mpmath_1792,851
hadamard_jord_8,8,ComplexF64,false,taylor,complexschur,30,3,2.012279232133096e-16,33.47868797124084,1,2.220446049250313e-16,2.492481610873127e-15,1.953468480933936e-15,0.5730021891577973,mpmath_1792,53
hadamard_jord_8,8,ComplexF64,false,taylor,complexschur,90,3,2.143997480034129e-86,33.47868787059085,1,1.727233711018889e-77,2.526447822850524e-76,2.139264423409741e-76,0.5730021891577973,mpmath_1792,256
hadamard_jord_8,8,ComplexF64,false,taylor,complexschur,90,10,3.598616047097818e-278,1.031357156734979,1,1.331998346195134e-256,1.855624832063533e-255,6.037163731332357e-255,1.011720447570833,mpmath_1792,851
hadamard_jord_big_8,8,Complex{BigFloat},false,diagonalcheap,transfree,13,3,2.833187223512899e-17,3.386152537583121,15.23741655331935,2.220446049250313e-16,3.562398065818541e-16,1.251256563766601e-14,24.68867600603604,mpmath_1792,53
hadamard_jord_big_8,8,Complex{BigFloat},false,diagonalcheap,transfree,43,2,9.500123355146511e-78,6.600923307541025,153.3634309014755,1.727233711018889e-77,2.139383399837369e-76,1.216914628543532e-73,350.9031376885108,mpmath_1792,256
hadamard_jord_big_8,8,Complex{BigFloat},false,diagonalcheap,transfree,91,3,1.778667742048721e-280,3.386152537583123,16.270728466365558,1.331998346195134e-256,1.75096202596625e-256,8.554582862688739e-255,24.68867600603604,mpmath_1792,851
hadamard_jord_big_8,8,Complex{BigFloat},false,diagonalcheap,complexschur,13,3,2.569933469722909e-17,1.974993981812567,9.197618668822189,2.220446049250313e-16,7.029978996441245e-15,2.36414927551643e-13,24.68867600603604,mpmath_1792,53
hadamard_jord_big_8,8,Complex{BigFloat},false,diagonalcheap,complexschur,43,2,5.55192753176554e-78,3.903297553866458,89.61346910507267,1.727233711018889e-77,2.78209678259697e-75,1.226607423856483e-72,350.9031376885108,mpmath_1792,256
hadamard_jord_big_8,8,Complex{BigFloat},false,diagonalcheap,complexschur,91,3,1.071189376851026e-280,1.977796948244341,9.780892756810701,1.331998346195134e-256,8.782807240410717e-255,3.056268573606116e-253,24.68867600603604,mpmath_1792,851
hadamard_jord_big_8,8,Complex{BigFloat},false,taylor,transfree,30,3,3.677613769070831e-16,4.830454200164318,1,2.220446049250313e-16,4.005109689075615e-16,1.580219669980041e-14,24.68867600603604,mpmath_1792,53
hadamard_jord_big_8,8,Complex{BigFloat},false,taylor,transfree,90,3,8.403631648569913e-87,4.830454200164317,1,1.727233711018889e-77,2.952491949394601e-77,9.956838181304108e-76,24.68867600603604,mpmath_1792,256
hadamard_jord_big_8,8,Complex{BigFloat},false,taylor,transfree,90,10,1.41111951684124e-278,1.031797904587337,1,1.331998346195134e-256,7.068751746744721e-257,1.294209620194736e-256,1.047937057873974,mpmath_1792,851
hadamard_jord_big_8,8,Complex{BigFloat},false,taylor,complexschur,30,3,3.538835890992686e-16,4.587156517622681,1,2.220446049250313e-16,7.062474932807923e-15,2.38893135191243e-13,24.68867600603604,mpmath_1792,53
hadamard_jord_big_8,8,Complex{BigFloat},false,taylor,complexschur,90,3,8.403631648569913e-87,4.587156517622672,1,1.727233711018889e-77,1.612389439931159e-75,5.460765302421998e-74,24.68867600603604,mpmath_1792,256
hadamard_jord_big_8,8,Complex{BigFloat},false,taylor,complexschur,90,10,1.41111951684124e-278,1.005342287988511,1,1.331998346195134e-256,3.689241451874716e-255,9.876145015105108e-255,1.047937057873974,mpmath_1792,851
