kind,n,eltype,ishermitian,approximant,algorithm,m,s,delta,psi,cond_q,epsilon,m_base,s_base,precision,extra_precision
rand_8,8,Float64,false,diagonalcheap,transfree,13,0,4.13710486317553e-16,80.90624298686501,23.98024933935801,2.220446049250313e-16,13,0,53,true
rand_8,8,Float64,false,diagonalcheap,transfree,91,3,0,1.874139599425765,1.5998139203787072,2.220446049250313e-16,13,0,53,false
rand_8,8,Float64,false,diagonalcheap,complexschur,13,0,1.727863620464029e-16,63.20786453836474,13.82126747402247,2.220446049250313e-16,13,0,53,true
rand_8,8,Float64,false,diagonalcheap,complexschur,57,0,7.196876689676555e-15,63.20786453836462,12.947847235063971,2.220446049250313e-16,13,0,53,false
rand_8,8,Float64,false,diagonalcheap,realschur,13,0,1.727863620464029e-16,63.20786453836475,15.00391846774727,2.220446049250313e-16,13,0,53,true
rand_8,8,Float64,false,diagonalcheap,realschur,57,0,7.196876689676555e-15,63.20786453836462,14.067413821310447,2.220446049250313e-16,13,0,53,false
rand_8,8,Float64,false,taylor,transfree,25,1,1.734723475976807e-18,8.330209253480698,1,2.220446049250313e-16,13,0,53,true
rand_8,8,Float64,false,taylor,transfree,30,1,0,8.330209253480698,1,2.220446049250313e-16,13,0,53,false
rand_8,8,Float64,false,taylor,complexschur,25,1,0,6.707511088247431,1,2.220446049250313e-16,13,0,53,true
rand_8,8,Float64,false,taylor,complexschur,25,1,8.881784197001252e-16,6.707511088247431,1,2.220446049250313e-16,13,0,53,false
rand_8,8,Float64,false,taylor,realschur,25,1,0,6.707511088247431,1,2.220446049250313e-16,13,0,53,true
rand_8,8,Float64,false,taylor,realschur,25,1,8.881784197001252e-16,6.707511088247431,1,2.220446049250313e-16,13,0,53,false
rand_24,24,Float64,false,diagonalcheap,transfree,13,2,1.443199422794952e-17,24.24911240288415,9.277749998268416,2.220446049250313e-16,13,2,53,true
rand_24,24,Float64,false,diagonalcheap,transfree,17,2,0,24.24911240288416,9.172509024489495,2.220446049250313e-16,13,2,53,false
rand_24,24,Float64,false,diagonalcheap,complexschur,17,1,4.071349156524353e-15,376.0216790331864,53.99515599278174,2.220446049250313e-16,13,2,53,true
rand_24,24,Float64,false,diagonalcheap,complexschur,91,2,0,19.39127842699394,7.605519228729728,2.220446049250313e-16,13,2,53,false
rand_24,24,Float64,false,diagonalcheap,realschur,17,1,4.071349156524353e-15,376.0216790331864,40.85361996861231,2.220446049250313e-16,13,2,53,true
rand_24,24,Float64,false,diagonalcheap,realschur,91,2,0,19.39127842699394,6.406122343396582,2.220446049250313e-16,13,2,53,false
rand_24,24,Float64,false,taylor,transfree,30,2,0,19.86133749947565,1,2.220446049250313e-16,13,2,53,true
rand_24,24,Float64,false,taylor,transfree,30,2,0,19.86133749947565,1,2.220446049250313e-16,13,2,53,false
rand_24,24,Float64,false,taylor,complexschur,30,2,1.040834085586084e-17,15.92293415859416,1,2.220446049250313e-16,13,2,53,true
rand_24,24,Float64,false,taylor,complexschur,42,2,0,15.92293415859416,1,2.220446049250313e-16,13,2,53,false
rand_24,24,Float64,false,taylor,realschur,30,2,1.040834085586084e-17,15.92293415859416,1,2.220446049250313e-16,13,2,53,true
rand_24,24,Float64,false,taylor,realschur,42,2,0,15.92293415859416,1,2.220446049250313e-16,13,2,53,false
rand_8_big,8,BigFloat,false,diagonalcheap,transfree,13,0,7.027396504884648e-16,92.71708327375168,25.151569067050932,2.220446049250313e-16,13,0,53,true
rand_8_big,8,BigFloat,false,diagonalcheap,transfree,17,0,2.009494414018946e-14,92.71708327375185,24.578036248965702,2.220446049250313e-16,13,0,53,false
rand_8_big,8,BigFloat,false,diagonalcheap,complexschur,13,0,1.770359988648177e-16,71.75972338713694,20.686755602345183,2.220446049250313e-16,13,0,53,true
rand_8_big,8,BigFloat,false,diagonalcheap,complexschur,91,2,3.791120900830166e-16,2.910517326352805,2.234582390198301,2.220446049250313e-16,13,0,53,false
rand_8_big,8,BigFloat,false,diagonalcheap,realschur,13,0,1.770359988648177e-16,71.75972338713694,20.08847352457747,2.220446049250313e-16,13,0,53,true
rand_8_big,8,BigFloat,false,diagonalcheap,realschur,91,2,3.791120900830166e-16,2.910517326352805,2.2118556129825997,2.220446049250313e-16,13,0,53,false
rand_8_big,8,BigFloat,false,taylor,transfree,25,1,1.734723475976807e-18,8.666426778428466,1,2.220446049250313e-16,13,0,53,true
rand_8_big,8,BigFloat,false,taylor,transfree,25,1,1.77635683940025e-15,8.666426778428466,1,2.220446049250313e-16,13,0,53,false
rand_8_big,8,BigFloat,false,taylor,complexschur,25,1,1.734723475976807e-18,7.045081755468584,1,2.220446049250313e-16,13,0,53,true
rand_8_big,8,BigFloat,false,taylor,complexschur,25,1,0,7.045081755468584,1,2.220446049250313e-16,13,0,53,false
rand_8_big,8,BigFloat,false,taylor,realschur,25,1,1.734723475976807e-18,7.045081755468584,1,2.220446049250313e-16,13,0,53,true
rand_8_big,8,BigFloat,false,taylor,realschur,25,1,0,7.045081755468584,1,2.220446049250313e-16,13,0,53,false
rand_24_big,24,BigFloat,false,diagonalcheap,transfree,13,2,4.723862063662636e-18,23.70784923852127,9.315154375442214,2.220446049250313e-16,13,2,53,true
rand_24_big,24,BigFloat,false,diagonalcheap,transfree,21,2,4.751667636797643e-15,23.70784923852127,9.151314074285336,2.220446049250313e-16,13,2,53,false
rand_24_big,24,BigFloat,false,diagonalcheap,complexschur,17,1,1.672023723269011e-15,368.7107757746397,58.231069205236416,2.220446049250313e-16,13,2,53,true
rand_24_big,24,BigFloat,false,diagonalcheap,complexschur,91,2,3.91553011400331e-15,19.20184303067416,8.02336639395861,2.220446049250313e-16,13,2,53,false
rand_24_big,24,BigFloat,false,diagonalcheap,realschur,17,1,1.672023723269011e-15,368.7107757746397,51.51124521512284,2.220446049250313e-16,13,2,53,true
rand_24_big,24,BigFloat,false,diagonalcheap,realschur,91,2,3.91553011400331e-15,19.20184303067416,7.31675035568236,2.220446049250313e-16,13,2,53,false
rand_24_big,24,BigFloat,false,taylor,transfree,30,2,3.469446951953614e-18,19.45262821580847,1,2.220446049250313e-16,13,2,53,true
rand_24_big,24,BigFloat,false,taylor,transfree,30,2,0,19.45262821580847,1,2.220446049250313e-16,13,2,53,false
rand_24_big,24,BigFloat,false,taylor,complexschur,30,2,0,15.79862475260993,1,2.220446049250313e-16,13,2,53,true
rand_24_big,24,BigFloat,false,taylor,complexschur,72,2,0,15.79862475260993,1,2.220446049250313e-16,13,2,53,false
rand_24_big,24,BigFloat,false,taylor,realschur,30,2,0,15.79862475260993,1,2.220446049250313e-16,13,2,53,true
rand_24_big,24,BigFloat,false,taylor,realschur,72,2,0,15.79862475260993,1,2.220446049250313e-16,13,2,53,false
Fasi_1,2,Int64,false,diagonalcheap,transfree,13,0,8.737682208100987e-19,0.1870026796624276,1.8192214548848382,2.220446049250313e-16,13,0,53,true
Fasi_1,2,Int64,false,diagonalcheap,transfree,21,0,0,0.1870026796624278,1.8280503213040311,2.220446049250313e-16,13,0,53,false
Fasi_1,2,Int64,false,diagonalcheap,complexschur,0,0,NaN,NaN,1,2.220446049250313e-16,13,0,53,true
Fasi_1,2,Int64,false,diagonalcheap,complexschur,0,0,NaN,NaN,1,2.220446049250313e-16,13,0,53,false
Fasi_1,2,Int64,false,diagonalcheap,realschur,13,0,8.737682208100987e-19,0.1870026796624276,1.8192214548848382,2.220446049250313e-16,13,0,53,true
Fasi_1,2,Int64,false,diagonalcheap,realschur,21,0,0,0.1870026796624278,1.8280503213040311,2.220446049250313e-16,13,0,53,false
Fasi_1,2,Int64,false,taylor,transfree,25,0,2.255140518769849e-17,1,1,2.220446049250313e-16,13,0,53,true
Fasi_1,2,Int64,false,taylor,transfree,25,0,0,1,1,2.220446049250313e-16,13,0,53,false
Fasi_1,2,Int64,false,taylor,complexschur,0,0,NaN,NaN,1,2.220446049250313e-16,13,0,53,true
Fasi_1,2,Int64,false,taylor,complexschur,0,0,NaN,NaN,1,2.220446049250313e-16,13,0,53,false
Fasi_1,2,Int64,false,taylor,realschur,25,0,2.255140518769849e-17,1,1,2.220446049250313e-16,13,0,53,true
Fasi_1,2,Int64,false,taylor,realschur,25,0,0,1,1,2.220446049250313e-16,13,0,53,false
Fasi_2,2,Float64,true,diagonalcheap,transfree,0,0,NaN,NaN,NaN,2.220446049250313e-16,9,0,53,true
Fasi_2,2,Float64,true,diagonalcheap,transfree,0,0,NaN,NaN,NaN,2.220446049250313e-16,9,0,53,false
Fasi_2,2,Float64,true,diagonalcheap,complexschur,0,0,NaN,NaN,1,2.220446049250313e-16,9,0,53,true
Fasi_2,2,Float64,true,diagonalcheap,complexschur,0,0,NaN,NaN,1,2.220446049250313e-16,9,0,53,false
Fasi_2,2,Float64,true,diagonalcheap,realschur,0,0,NaN,NaN,1,2.220446049250313e-16,9,0,53,true
Fasi_2,2,Float64,true,diagonalcheap,realschur,0,0,NaN,NaN,1,2.220446049250313e-16,9,0,53,false
Fasi_2,2,Float64,true,taylor,transfree,0,0,NaN,NaN,NaN,2.220446049250313e-16,9,0,53,true
Fasi_2,2,Float64,true,taylor,transfree,0,0,NaN,NaN,NaN,2.220446049250313e-16,9,0,53,false
Fasi_2,2,Float64,true,taylor,complexschur,0,0,NaN,NaN,1,2.220446049250313e-16,9,0,53,true
Fasi_2,2,Float64,true,taylor,complexschur,0,0,NaN,NaN,1,2.220446049250313e-16,9,0,53,false
Fasi_2,2,Float64,true,taylor,realschur,0,0,NaN,NaN,1,2.220446049250313e-16,9,0,53,true
Fasi_2,2,Float64,true,taylor,realschur,0,0,NaN,NaN,1,2.220446049250313e-16,9,0,53,false
Fasi_3,3,Float64,true,diagonalcheap,transfree,0,0,NaN,NaN,NaN,2.220446049250313e-16,13,1,53,true
Fasi_3,3,Float64,true,diagonalcheap,transfree,0,0,NaN,NaN,NaN,2.220446049250313e-16,13,1,53,false
Fasi_3,3,Float64,true,diagonalcheap,complexschur,0,0,NaN,NaN,1,2.220446049250313e-16,13,1,53,true
Fasi_3,3,Float64,true,diagonalcheap,complexschur,0,0,NaN,NaN,1,2.220446049250313e-16,13,1,53,false
Fasi_3,3,Float64,true,diagonalcheap,realschur,0,0,NaN,NaN,1,2.220446049250313e-16,13,1,53,true
Fasi_3,3,Float64,true,diagonalcheap,realschur,0,0,NaN,NaN,1,2.220446049250313e-16,13,1,53,false
Fasi_3,3,Float64,true,taylor,transfree,0,0,NaN,NaN,NaN,2.220446049250313e-16,13,1,53,true
Fasi_3,3,Float64,true,taylor,transfree,0,0,NaN,NaN,NaN,2.220446049250313e-16,13,1,53,false
Fasi_3,3,Float64,true,taylor,complexschur,0,0,NaN,NaN,1,2.220446049250313e-16,13,1,53,true
Fasi_3,3,Float64,true,taylor,complexschur,0,0,NaN,NaN,1,2.220446049250313e-16,13,1,53,false
Fasi_3,3,Float64,true,taylor,realschur,0,0,NaN,NaN,1,2.220446049250313e-16,13,1,53,true
Fasi_3,3,Float64,true,taylor,realschur,0,0,NaN,NaN,1,2.220446049250313e-16,13,1,53,false
Fasi_4,10,Float64,false,diagonalcheap,transfree,13,0,1.174116633594101e-14,145.5950667550513,8.302285053394563,2.220446049250313e-16,13,0,53,true
Fasi_4,10,Float64,false,diagonalcheap,transfree,91,2,4.15277816786683e-16,3.489877451641428,1.650414199729063,2.220446049250313e-16,13,0,53,false
Fasi_4,10,Float64,false,diagonalcheap,complexschur,13,0,1.174116633594101e-14,145.5950667550513,8.302285053394563,2.220446049250313e-16,13,0,53,true
Fasi_4,10,Float64,false,diagonalcheap,complexschur,91,2,4.15277816786683e-16,3.489877451641428,1.650414199729063,2.220446049250313e-16,13,0,53,false
Fasi_4,10,Float64,false,diagonalcheap,realschur,13,0,1.174116633594101e-14,145.5950667550513,8.302285053394563,2.220446049250313e-16,13,0,53,true
Fasi_4,10,Float64,false,diagonalcheap,realschur,91,2,4.15277816786683e-16,3.489877451641428,1.650414199729063,2.220446049250313e-16,13,0,53,false
Fasi_4,10,Float64,false,taylor,transfree,25,1,5.724587470723463e-17,9.229166666666666,1,2.220446049250313e-16,13,0,53,true
Fasi_4,10,Float64,false,taylor,transfree,25,1,1.77635683940025e-15,9.229166666666666,1,2.220446049250313e-16,13,0,53,false
Fasi_4,10,Float64,false,taylor,complexschur,25,1,5.724587470723463e-17,9.229166666666666,1,2.220446049250313e-16,13,0,53,true
Fasi_4,10,Float64,false,taylor,complexschur,25,1,1.77635683940025e-15,9.229166666666666,1,2.220446049250313e-16,13,0,53,false
Fasi_4,10,Float64,false,taylor,realschur,25,1,5.724587470723463e-17,9.229166666666666,1,2.220446049250313e-16,13,0,53,true
Fasi_4,10,Float64,false,taylor,realschur,25,1,1.77635683940025e-15,9.229166666666666,1,2.220446049250313e-16,13,0,53,false
Fasi_5,10,Float64,false,diagonalcheap,transfree,9,0,1.781893982842993e-16,18.18281828459045,31.829899749884074,2.220446049250313e-16,13,1,53,true
Fasi_5,10,Float64,false,diagonalcheap,transfree,9,0,3.378998960057823e-15,18.18281828459045,31.829899749884074,2.220446049250313e-16,13,1,53,false
Fasi_5,10,Float64,false,diagonalcheap,complexschur,9,0,1.781893982842993e-16,18.18281828459045,31.829899749884074,2.220446049250313e-16,13,1,53,true
Fasi_5,10,Float64,false,diagonalcheap,complexschur,9,0,3.378998960057823e-15,18.18281828459045,31.829899749884074,2.220446049250313e-16,13,1,53,false
Fasi_5,10,Float64,false,diagonalcheap,realschur,9,0,1.781893982842993e-16,18.18281828459045,31.829899749884074,2.220446049250313e-16,13,1,53,true
Fasi_5,10,Float64,false,diagonalcheap,realschur,9,0,3.378998960057823e-15,18.18281828459045,31.829899749884074,2.220446049250313e-16,13,1,53,false
Fasi_5,10,Float64,false,taylor,transfree,20,0,3.348016308635238e-16,17.66666666666666,1,2.220446049250313e-16,13,1,53,true
Fasi_5,10,Float64,false,taylor,transfree,20,0,0,17.66666666666666,1,2.220446049250313e-16,13,1,53,false
Fasi_5,10,Float64,false,taylor,complexschur,20,0,3.348016308635238e-16,17.66666666666666,1,2.220446049250313e-16,13,1,53,true
Fasi_5,10,Float64,false,taylor,complexschur,20,0,0,17.66666666666666,1,2.220446049250313e-16,13,1,53,false
Fasi_5,10,Float64,false,taylor,realschur,20,0,3.348016308635238e-16,17.66666666666666,1,2.220446049250313e-16,13,1,53,true
Fasi_5,10,Float64,false,taylor,realschur,20,0,0,17.66666666666666,1,2.220446049250313e-16,13,1,53,false
Fasi_6,3,Float64,true,diagonalcheap,transfree,0,0,NaN,NaN,NaN,2.220446049250313e-16,NaN,0,53,true
Fasi_6,3,Float64,true,diagonalcheap,transfree,NaN,NaN,NaN,NaN,NaN,NaN,NaN,NaN,53,false
Fasi_6,3,Float64,true,diagonalcheap,complexschur,0,0,NaN,NaN,1,2.220446049250313e-16,NaN,0,53,true
Fasi_6,3,Float64,true,diagonalcheap,complexschur,0,0,NaN,NaN,1,2.220446049250313e-16,NaN,0,53,false
Fasi_6,3,Float64,true,diagonalcheap,realschur,0,0,NaN,NaN,1,2.220446049250313e-16,NaN,0,53,true
Fasi_6,3,Float64,true,diagonalcheap,realschur,0,0,NaN,NaN,1,2.220446049250313e-16,NaN,0,53,false
Fasi_6,3,Float64,true,taylor,transfree,NaN,NaN,NaN,NaN,NaN,NaN,NaN,NaN,53,true
Fasi_6,3,Float64,true,taylor,transfree,NaN,NaN,NaN,NaN,NaN,NaN,NaN,NaN,53,false
Fasi_6,3,Float64,true,taylor,complexschur,0,0,NaN,NaN,1,2.220446049250313e-16,NaN,0,53,true
Fasi_6,3,Float64,true,taylor,complexschur,0,0,NaN,NaN,1,2.220446049250313e-16,NaN,0,53,false
Fasi_6,3,Float64,true,taylor,realschur,0,0,NaN,NaN,1,2.220446049250313e-16,NaN,0,53,true
Fasi_6,3,Float64,true,taylor,realschur,0,0,NaN,NaN,1,2.220446049250313e-16,NaN,0,53,false
Fasi_7,2,Float64,true,diagonalcheap,transfree,0,0,NaN,NaN,NaN,2.220446049250313e-16,NaN,0,53,true
Fasi_7,2,Float64,true,diagonalcheap,transfree,NaN,NaN,NaN,NaN,NaN,NaN,NaN,NaN,53,false
Fasi_7,2,Float64,true,diagonalcheap,complexschur,0,0,NaN,NaN,1,2.220446049250313e-16,NaN,0,53,true
Fasi_7,2,Float64,true,diagonalcheap,complexschur,0,0,NaN,NaN,1,2.220446049250313e-16,NaN,0,53,false
Fasi_7,2,Float64,true,diagonalcheap,realschur,0,0,NaN,NaN,1,2.220446049250313e-16,NaN,0,53,true
Fasi_7,2,Float64,true,diagonalcheap,realschur,0,0,NaN,NaN,1,2.220446049250313e-16,NaN,0,53,false
Fasi_7,2,Float64,true,taylor,transfree,NaN,NaN,NaN,NaN,NaN,NaN,NaN,NaN,53,true
Fasi_7,2,Float64,true,taylor,transfree,NaN,NaN,NaN,NaN,NaN,NaN,NaN,NaN,53,false
Fasi_7,2,Float64,true,taylor,complexschur,0,0,NaN,NaN,1,2.220446049250313e-16,NaN,0,53,true
Fasi_7,2,Float64,true,taylor,complexschur,0,0,NaN,NaN,1,2.220446049250313e-16,NaN,0,53,false
Fasi_7,2,Float64,true,taylor,realschur,0,0,NaN,NaN,1,2.220446049250313e-16,NaN,0,53,true
Fasi_7,2,Float64,true,taylor,realschur,0,0,NaN,NaN,1,2.220446049250313e-16,NaN,0,53,false
Fasi_8,2,Float64,true,diagonalcheap,transfree,0,0,NaN,NaN,NaN,2.220446049250313e-16,9,0,53,true
Fasi_8,2,Float64,true,diagonalcheap,transfree,0,0,NaN,NaN,NaN,2.220446049250313e-16,9,0,53,false
Fasi_8,2,Float64,true,diagonalcheap,complexschur,0,0,NaN,NaN,1,2.220446049250313e-16,9,0,53,true
Fasi_8,2,Float64,true,diagonalcheap,complexschur,0,0,NaN,NaN,1,2.220446049250313e-16,9,0,53,false
Fasi_8,2,Float64,true,diagonalcheap,realschur,0,0,NaN,NaN,1,2.220446049250313e-16,9,0,53,true
Fasi_8,2,Float64,true,diagonalcheap,realschur,0,0,NaN,NaN,1,2.220446049250313e-16,9,0,53,false
Fasi_8,2,Float64,true,taylor,transfree,0,0,NaN,NaN,NaN,2.220446049250313e-16,9,0,53,true
Fasi_8,2,Float64,true,taylor,transfree,0,0,NaN,NaN,NaN,2.220446049250313e-16,9,0,53,false
Fasi_8,2,Float64,true,taylor,complexschur,0,0,NaN,NaN,1,2.220446049250313e-16,9,0,53,true
Fasi_8,2,Float64,true,taylor,complexschur,0,0,NaN,NaN,1,2.220446049250313e-16,9,0,53,false
Fasi_8,2,Float64,true,taylor,realschur,0,0,NaN,NaN,1,2.220446049250313e-16,9,0,53,true
Fasi_8,2,Float64,true,taylor,realschur,0,0,NaN,NaN,1,2.220446049250313e-16,9,0,53,false
Fasi_9,10,ComplexF64,false,diagonalcheap,transfree,13,1,5.941595042946051e-18,10.40269736838936,11.04019240526915,2.220446049250313e-16,13,3,53,true
Fasi_9,10,ComplexF64,false,diagonalcheap,transfree,17,1,0,10.40269736838937,11.049423428332732,2.220446049250313e-16,13,3,53,false
Fasi_9,10,ComplexF64,false,diagonalcheap,complexschur,13,1,7.19143832063975e-18,11.99336670464739,13.65999802009986,2.220446049250313e-16,13,3,53,true
Fasi_9,10,ComplexF64,false,diagonalcheap,complexschur,65,1,0,11.99336670464739,13.622375363181314,2.220446049250313e-16,13,3,53,false
Fasi_9,10,ComplexF64,false,taylor,transfree,25,1,1.224714774039626e-15,8.472866040246457,1,2.220446049250313e-16,13,3,53,true
Fasi_9,10,ComplexF64,false,taylor,transfree,30,1,0,8.472866040246457,1,2.220446049250313e-16,13,3,53,false
Fasi_9,10,ComplexF64,false,taylor,complexschur,30,1,3.469446951953614e-18,11.21549830996424,1,2.220446049250313e-16,13,3,53,true
Fasi_9,10,ComplexF64,false,taylor,complexschur,30,1,0,11.21549830996424,1,2.220446049250313e-16,13,3,53,false
Fasi_10,2,Float64,false,diagonalcheap,transfree,13,4,1.2942837092959e-17,22.28201355699503,22.27237044226383,2.220446049250313e-16,13,5,53,true
Fasi_10,2,Float64,false,diagonalcheap,transfree,17,4,4.367111936394802e-15,22.28201355699505,22.27237044226386,2.220446049250313e-16,13,5,53,false
Fasi_10,2,Float64,false,diagonalcheap,complexschur,13,4,1.2942837092959e-17,22.28201355699503,22.27237044226383,2.220446049250313e-16,13,5,53,true
Fasi_10,2,Float64,false,diagonalcheap,complexschur,17,4,4.367111936394802e-15,22.28201355699505,22.27237044226386,2.220446049250313e-16,13,5,53,false
Fasi_10,2,Float64,false,diagonalcheap,realschur,13,4,1.2942837092959e-17,22.28201355699503,22.27237044226383,2.220446049250313e-16,13,5,53,true
Fasi_10,2,Float64,false,diagonalcheap,realschur,17,4,4.367111936394802e-15,22.28201355699505,22.27237044226386,2.220446049250313e-16,13,5,53,false
Fasi_10,2,Float64,false,taylor,transfree,36,3,1.804112415015879e-14,127.8073024749756,1,2.220446049250313e-16,13,5,53,true
Fasi_10,2,Float64,false,taylor,transfree,90,4,0,22.27356117040359,1,2.220446049250313e-16,13,5,53,false
Fasi_10,2,Float64,false,taylor,complexschur,36,3,1.804112415015879e-14,127.8073024749756,1,2.220446049250313e-16,13,5,53,true
Fasi_10,2,Float64,false,taylor,complexschur,90,4,0,22.27356117040359,1,2.220446049250313e-16,13,5,53,false
Fasi_10,2,Float64,false,taylor,realschur,36,3,1.804112415015879e-14,127.8073024749756,1,2.220446049250313e-16,13,5,53,true
Fasi_10,2,Float64,false,taylor,realschur,90,4,0,22.27356117040359,1,2.220446049250313e-16,13,5,53,false
Fasi_11,2,Float64,true,diagonalcheap,transfree,0,0,NaN,NaN,NaN,2.220446049250313e-16,13,8,53,true
Fasi_11,2,Float64,true,diagonalcheap,transfree,0,0,NaN,NaN,NaN,2.220446049250313e-16,13,8,53,false
Fasi_11,2,Float64,true,diagonalcheap,complexschur,0,0,NaN,NaN,1,2.220446049250313e-16,13,8,53,true
Fasi_11,2,Float64,true,diagonalcheap,complexschur,0,0,NaN,NaN,1,2.220446049250313e-16,13,8,53,false
Fasi_11,2,Float64,true,diagonalcheap,realschur,0,0,NaN,NaN,1,2.220446049250313e-16,13,8,53,true
Fasi_11,2,Float64,true,diagonalcheap,realschur,0,0,NaN,NaN,1,2.220446049250313e-16,13,8,53,false
Fasi_11,2,Float64,true,taylor,transfree,0,0,NaN,NaN,NaN,2.220446049250313e-16,13,8,53,true
Fasi_11,2,Float64,true,taylor,transfree,0,0,NaN,NaN,NaN,2.220446049250313e-16,13,8,53,false
Fasi_11,2,Float64,true,taylor,complexschur,0,0,NaN,NaN,1,2.220446049250313e-16,13,8,53,true
Fasi_11,2,Float64,true,taylor,complexschur,0,0,NaN,NaN,1,2.220446049250313e-16,13,8,53,false
Fasi_11,2,Float64,true,taylor,realschur,0,0,NaN,NaN,1,2.220446049250313e-16,13,8,53,true
Fasi_11,2,Float64,true,taylor,realschur,0,0,NaN,NaN,1,2.220446049250313e-16,13,8,53,false
Fasi_12,3,Int64,false,diagonalcheap,transfree,13,1,3.399021614572641e-17,29.62830538478148,7.387676378433373,2.220446049250313e-16,13,1,53,true
Fasi_12,3,Int64,false,diagonalcheap,transfree,81,1,5.568585817670452e-15,29.62830538478149,7.08308000587894,2.220446049250313e-16,13,1,53,false
Fasi_12,3,Int64,false,diagonalcheap,complexschur,13,1,4.157307148888134e-17,26.83329321367382,5.991311016511135,2.220446049250313e-16,13,1,53,true
Fasi_12,3,Int64,false,diagonalcheap,complexschur,17,1,5.260490156366667e-15,26.83329321367379,5.922785376999771,2.220446049250313e-16,13,1,53,false
Fasi_12,3,Int64,false,diagonalcheap,realschur,13,1,4.157307148888134e-17,26.83329321367382,5.991311016511135,2.220446049250313e-16,13,1,53,true
Fasi_12,3,Int64,false,diagonalcheap,realschur,17,1,5.260490156366667e-15,26.83329321367379,5.922785376999771,2.220446049250313e-16,13,1,53,false
Fasi_12,3,Int64,false,taylor,transfree,30,1,3.469446951953614e-18,19,1,2.220446049250313e-16,13,1,53,true
Fasi_12,3,Int64,false,taylor,transfree,30,1,0,19,1,2.220446049250313e-16,13,1,53,false
Fasi_12,3,Int64,false,taylor,complexschur,30,1,0,17.24264068711928,1,2.220446049250313e-16,13,1,53,true
Fasi_12,3,Int64,false,taylor,complexschur,42,1,0,17.24264068711928,1,2.220446049250313e-16,13,1,53,false
Fasi_12,3,Int64,false,taylor,realschur,30,1,0,17.24264068711928,1,2.220446049250313e-16,13,1,53,true
Fasi_12,3,Int64,false,taylor,realschur,42,1,0,17.24264068711928,1,2.220446049250313e-16,13,1,53,false
Fasi_13,2,Float64,false,diagonalcheap,transfree,9,0,2.92097472762966e-19,1.381773290676036,1.8414709848078965,2.220446049250313e-16,9,0,53,true
Fasi_13,2,Float64,false,diagonalcheap,transfree,9,0,0,1.381773290676036,1.8414709848078965,2.220446049250313e-16,9,0,53,false
Fasi_13,2,Float64,false,diagonalcheap,complexschur,0,0,NaN,NaN,1,2.220446049250313e-16,9,0,53,true
Fasi_13,2,Float64,false,diagonalcheap,complexschur,0,0,NaN,NaN,1,2.220446049250313e-16,9,0,53,false
Fasi_13,2,Float64,false,diagonalcheap,realschur,9,0,2.92097472762966e-19,1.381773290676036,1.8414709848078965,2.220446049250313e-16,9,0,53,true
Fasi_13,2,Float64,false,diagonalcheap,realschur,9,0,0,1.381773290676036,1.8414709848078965,2.220446049250313e-16,9,0,53,false
Fasi_13,2,Float64,false,taylor,transfree,20,0,4.336808689942018e-19,1.333333333333333,1,2.220446049250313e-16,9,0,53,true
Fasi_13,2,Float64,false,taylor,transfree,90,3,2.220446049250313e-16,1.116872400614557,1,2.220446049250313e-16,9,0,53,false
Fasi_13,2,Float64,false,taylor,complexschur,0,0,NaN,NaN,1,2.220446049250313e-16,9,0,53,true
Fasi_13,2,Float64,false,taylor,complexschur,0,0,NaN,NaN,1,2.220446049250313e-16,9,0,53,false
Fasi_13,2,Float64,false,taylor,realschur,20,0,4.336808689942018e-19,1.333333333333333,1,2.220446049250313e-16,9,0,53,true
Fasi_13,2,Float64,false,taylor,realschur,90,3,2.220446049250313e-16,1.116872400614557,1,2.220446049250313e-16,9,0,53,false
Fasi_14,10,Int64,true,diagonalcheap,transfree,0,0,NaN,NaN,NaN,2.220446049250313e-16,NaN,0,53,true
Fasi_14,10,Int64,true,diagonalcheap,transfree,0,0,NaN,NaN,NaN,2.220446049250313e-16,NaN,0,53,false
Fasi_14,10,Int64,true,diagonalcheap,complexschur,0,0,NaN,NaN,1,2.220446049250313e-16,NaN,0,53,true
Fasi_14,10,Int64,true,diagonalcheap,complexschur,0,0,NaN,NaN,1,2.220446049250313e-16,NaN,0,53,false
Fasi_14,10,Int64,true,diagonalcheap,realschur,0,0,NaN,NaN,1,2.220446049250313e-16,NaN,0,53,true
Fasi_14,10,Int64,true,diagonalcheap,realschur,0,0,NaN,NaN,1,2.220446049250313e-16,NaN,0,53,false
Fasi_14,10,Int64,true,taylor,transfree,0,0,NaN,NaN,NaN,2.220446049250313e-16,NaN,0,53,true
Fasi_14,10,Int64,true,taylor,transfree,0,0,NaN,NaN,NaN,2.220446049250313e-16,NaN,0,53,false
Fasi_14,10,Int64,true,taylor,complexschur,0,0,NaN,NaN,1,2.220446049250313e-16,NaN,0,53,true
Fasi_14,10,Int64,true,taylor,complexschur,0,0,NaN,NaN,1,2.220446049250313e-16,NaN,0,53,false
Fasi_14,10,Int64,true,taylor,realschur,0,0,NaN,NaN,1,2.220446049250313e-16,NaN,0,53,true
Fasi_14,10,Int64,true,taylor,realschur,0,0,NaN,NaN,1,2.220446049250313e-16,NaN,0,53,false
Fasi_15,3,Int64,false,diagonalcheap,transfree,13,4,5.265940742410804e-17,11.46550563070099,26.48377904922926,2.220446049250313e-16,13,5,53,true
Fasi_15,3,Int64,false,diagonalcheap,transfree,91,7,2.616311771902532e-16,1.38242458215497,1.558210448686621,2.220446049250313e-16,13,5,53,false
Fasi_15,3,Int64,false,diagonalcheap,complexschur,13,4,5.051084793845306e-17,9.930330053170392,22.72165610987648,2.220446049250313e-16,13,5,53,true
Fasi_15,3,Int64,false,diagonalcheap,complexschur,91,6,2.959098825356364e-16,1.775173969076401,2.2321458908122027,2.220446049250313e-16,13,5,53,false
Fasi_15,3,Int64,false,diagonalcheap,realschur,13,4,5.051084793845306e-17,9.930330053170392,22.721656109876477,2.220446049250313e-16,13,5,53,true
Fasi_15,3,Int64,false,diagonalcheap,realschur,91,6,2.959098825356364e-16,1.775173969076401,2.2321458908122027,2.220446049250313e-16,13,5,53,false
Fasi_15,3,Int64,false,taylor,transfree,42,3,2.353672812205332e-14,115.3421967431841,1,2.220446049250313e-16,13,5,53,true
Fasi_15,3,Int64,false,taylor,transfree,72,3,0,115.3421967431841,1,2.220446049250313e-16,13,5,53,false
Fasi_15,3,Int64,false,taylor,complexschur,42,3,1.509903313490213e-14,112.7262515498957,1,2.220446049250313e-16,13,5,53,true
Fasi_15,3,Int64,false,taylor,complexschur,42,3,0,112.7262515498957,1,2.220446049250313e-16,13,5,53,false
Fasi_15,3,Int64,false,taylor,realschur,42,3,1.509903313490213e-14,112.7262515498957,1,2.220446049250313e-16,13,5,53,true
Fasi_15,3,Int64,false,taylor,realschur,42,3,0,112.7262515498957,1,2.220446049250313e-16,13,5,53,false
Fasi_16,3,Float64,false,diagonalcheap,transfree,13,0,8.13162252437599e-18,20.08553692318794,5.91674831713232,2.220446049250313e-16,13,0,53,true
Fasi_16,3,Float64,false,diagonalcheap,transfree,49,0,4.02696862069736e-15,20.08553692318793,5.711951459868429,2.220446049250313e-16,13,0,53,false
Fasi_16,3,Float64,false,diagonalcheap,complexschur,13,0,1.219743378656393e-17,20.08553692318782,4.687561237849226,2.220446049250313e-16,13,0,53,true
Fasi_16,3,Float64,false,diagonalcheap,complexschur,21,0,4.091195085187308e-15,20.08553692318784,4.606276165287392,2.220446049250313e-16,13,0,53,false
Fasi_16,3,Float64,false,diagonalcheap,realschur,13,0,1.219743378656393e-17,20.08553692318782,4.687561237849226,2.220446049250313e-16,13,0,53,true
Fasi_16,3,Float64,false,diagonalcheap,realschur,21,0,4.091195085187308e-15,20.08553692318784,4.606276165287392,2.220446049250313e-16,13,0,53,false
Fasi_16,3,Float64,false,taylor,transfree,30,0,3.469446951953614e-18,13.00000000000013,1,2.220446049250313e-16,13,0,53,true
Fasi_16,3,Float64,false,taylor,transfree,30,0,0,13.00000000000013,1,2.220446049250313e-16,13,0,53,false
Fasi_16,3,Float64,false,taylor,complexschur,30,0,0,13.00000000000007,1,2.220446049250313e-16,13,0,53,true
Fasi_16,3,Float64,false,taylor,complexschur,30,0,0,13.00000000000007,1,2.220446049250313e-16,13,0,53,false
Fasi_16,3,Float64,false,taylor,realschur,30,0,0,13.00000000000007,1,2.220446049250313e-16,13,0,53,true
Fasi_16,3,Float64,false,taylor,realschur,30,0,0,13.00000000000007,1,2.220446049250313e-16,13,0,53,false
Fasi_17,3,Float64,false,diagonalcheap,transfree,13,4,1.654481216826848e-16,64.74920041704598,30.4916185990495,2.220446049250313e-16,13,5,53,true
Fasi_17,3,Float64,false,diagonalcheap,transfree,91,9,2.385161536541583e-16,1.152992869019963,1.1223498652243948,2.220446049250313e-16,13,5,53,false
Fasi_17,3,Float64,false,diagonalcheap,complexschur,13,4,1.236973743742077e-16,59.58365623789248,25.577123546878965,2.220446049250313e-16,13,5,53,true
Fasi_17,3,Float64,false,diagonalcheap,complexschur,91,7,2.867239465636592e-16,1.666828408293559,1.495709457518147,2.220446049250313e-16,13,5,53,false
Fasi_17,3,Float64,false,diagonalcheap,realschur,13,4,1.236973743742077e-16,59.58365623789248,25.577123546878965,2.220446049250313e-16,13,5,53,true
Fasi_17,3,Float64,false,diagonalcheap,realschur,91,7,2.867239465636592e-16,1.666828408293559,1.495709457518147,2.220446049250313e-16,13,5,53,false
Fasi_17,3,Float64,false,taylor,transfree,30,4,1.894318035766673e-15,49.9437616768851,1,2.220446049250313e-16,13,5,53,true
Fasi_17,3,Float64,false,taylor,transfree,42,4,7.105427357601002e-15,49.9437616768851,1,2.220446049250313e-16,13,5,53,false
Fasi_17,3,Float64,false,taylor,complexschur,30,4,1.269817584415023e-15,45.95856951768356,1,2.220446049250313e-16,13,5,53,true
Fasi_17,3,Float64,false,taylor,complexschur,30,4,0,45.95856951768356,1,2.220446049250313e-16,13,5,53,false
Fasi_17,3,Float64,false,taylor,realschur,30,4,1.269817584415023e-15,45.95856951768356,1,2.220446049250313e-16,13,5,53,true
Fasi_17,3,Float64,false,taylor,realschur,30,4,0,45.95856951768356,1,2.220446049250313e-16,13,5,53,false
Fasi_18,4,Float64,false,diagonalcheap,transfree,13,0,0,27.0011743395189,9.151687882126264,2.220446049250313e-16,13,0,53,true
Fasi_18,4,Float64,false,diagonalcheap,transfree,49,0,5.110984242842238e-15,27.00117433951895,8.802612572117212,2.220446049250313e-16,13,0,53,false
Fasi_18,4,Float64,false,diagonalcheap,complexschur,13,0,1.241247150360655e-17,20.75881491555209,6.982630063714898,2.220446049250313e-16,13,0,53,true
Fasi_18,4,Float64,false,diagonalcheap,complexschur,21,0,4.161718923522068e-15,20.75881491555206,6.849768643733257,2.220446049250313e-16,13,0,53,false
Fasi_18,4,Float64,false,diagonalcheap,realschur,13,0,1.241247150360655e-17,20.7588149155521,6.982630063714898,2.220446049250313e-16,13,0,53,true
Fasi_18,4,Float64,false,diagonalcheap,realschur,21,0,4.161718923522068e-15,20.75881491555206,6.849768643733257,2.220446049250313e-16,13,0,53,false
Fasi_18,4,Float64,false,taylor,transfree,30,0,3.469446951953614e-18,17.16666666666693,1,2.220446049250313e-16,13,0,53,true
Fasi_18,4,Float64,false,taylor,transfree,30,0,0,17.16666666666693,1,2.220446049250313e-16,13,0,53,false
Fasi_18,4,Float64,false,taylor,complexschur,30,0,6.938893903907228e-18,13.28243340289705,1,2.220446049250313e-16,13,0,53,true
Fasi_18,4,Float64,false,taylor,complexschur,30,0,0,13.28243340289705,1,2.220446049250313e-16,13,0,53,false
Fasi_18,4,Float64,false,taylor,realschur,30,0,6.938893903907228e-18,13.28243340289705,1,2.220446049250313e-16,13,0,53,true
Fasi_18,4,Float64,false,taylor,realschur,30,0,0,13.28243340289705,1,2.220446049250313e-16,13,0,53,false
ward77_test1,3,Int64,false,diagonalcheap,transfree,13,1,2.401046083399635e-17,25.28681954080421,3.654296676287483,2.220446049250313e-16,13,1,53,true
ward77_test1,3,Int64,false,diagonalcheap,transfree,21,1,0,25.2868195408042,3.5887942182339674,2.220446049250313e-16,13,1,53,false
ward77_test1,3,Int64,false,diagonalcheap,complexschur,13,1,0,20.08553692318761,2.1894884896094626,2.220446049250313e-16,13,1,53,true
ward77_test1,3,Int64,false,diagonalcheap,complexschur,17,1,4.118425388199913e-15,20.08553692318763,2.171749687107507,2.220446049250313e-16,13,1,53,false
ward77_test1,3,Int64,false,diagonalcheap,realschur,13,1,0,20.08553692318761,2.1894884896094626,2.220446049250313e-16,13,1,53,true
ward77_test1,3,Int64,false,diagonalcheap,realschur,17,1,4.118425388199913e-15,20.08553692318763,2.171749687107507,2.220446049250313e-16,13,1,53,false
ward77_test1,3,Int64,false,taylor,transfree,30,1,0,15.9375,1,2.220446049250313e-16,13,1,53,true
ward77_test1,3,Int64,false,taylor,transfree,90,1,0,15.9375,1,2.220446049250313e-16,13,1,53,false
ward77_test1,3,Int64,false,taylor,complexschur,30,1,3.469446951953614e-18,12.99999999999999,1,2.220446049250313e-16,13,1,53,true
ward77_test1,3,Int64,false,taylor,complexschur,90,3,0,2.117000015484435,1,2.220446049250313e-16,13,1,53,false
ward77_test1,3,Int64,false,taylor,realschur,30,1,3.469446951953614e-18,12.99999999999999,1,2.220446049250313e-16,13,1,53,true
ward77_test1,3,Int64,false,taylor,realschur,90,3,0,2.117000015484435,1,2.220446049250313e-16,13,1,53,false
ward77_test2,3,Float64,true,diagonalcheap,transfree,0,0,NaN,NaN,NaN,2.220446049250313e-16,13,4,53,true
ward77_test2,3,Float64,true,diagonalcheap,transfree,0,0,NaN,NaN,NaN,2.220446049250313e-16,13,4,53,false
ward77_test2,3,Float64,true,diagonalcheap,complexschur,13,2,6.24671502199203e-18,12.18249396070348,12.182493960703482,2.220446049250313e-16,13,4,53,true
ward77_test2,3,Float64,true,diagonalcheap,complexschur,21,2,0,12.1824939607035,12.182493960703503,2.220446049250313e-16,13,4,53,false
ward77_test2,3,Float64,true,diagonalcheap,realschur,13,2,6.24671502199203e-18,12.18249396070348,12.182493960703482,2.220446049250313e-16,13,4,53,true
ward77_test2,3,Float64,true,diagonalcheap,realschur,21,2,0,12.1824939607035,12.182493960703503,2.220446049250313e-16,13,4,53,false
ward77_test2,3,Float64,true,taylor,transfree,0,0,NaN,NaN,NaN,2.220446049250313e-16,13,4,53,true
ward77_test2,3,Float64,true,taylor,transfree,0,0,NaN,NaN,NaN,2.220446049250313e-16,13,4,53,false
ward77_test2,3,Float64,true,taylor,complexschur,36,1,2.775557561562891e-17,39.33333333333337,1,2.220446049250313e-16,13,4,53,true
ward77_test2,3,Float64,true,taylor,complexschur,36,1,0,39.33333333333337,1,2.220446049250313e-16,13,4,53,false
ward77_test2,3,Float64,true,taylor,realschur,36,1,2.775557561562891e-17,39.33333333333337,1,2.220446049250313e-16,13,4,53,true
ward77_test2,3,Float64,true,taylor,realschur,36,1,0,39.33333333333337,1,2.220446049250313e-16,13,4,53,false
ward77_test3,3,Int64,false,diagonalcheap,transfree,7,6,1.0716158362931e-16,11.04034629717661,48.67347737551372,2.220446049250313e-16,13,6,53,true
ward77_test3,3,Int64,false,diagonalcheap,transfree,7,6,0,11.04034629717661,48.673477375513734,2.220446049250313e-16,13,6,53,false
ward77_test3,3,Int64,false,diagonalcheap,complexschur,7,6,1.627493792228171e-17,8.425726854030868,28.838379718676844,2.220446049250313e-16,13,6,53,true
ward77_test3,3,Int64,false,diagonalcheap,complexschur,7,6,1.111035762161098e-15,8.425726854030868,28.838379718676844,2.220446049250313e-16,13,6,53,false
ward77_test3,3,Int64,false,diagonalcheap,realschur,7,6,1.627493792228171e-17,8.425726854030868,28.838379718676844,2.220446049250313e-16,13,6,53,true
ward77_test3,3,Int64,false,diagonalcheap,realschur,7,6,1.111035762161098e-15,8.425726854030868,28.838379718676844,2.220446049250313e-16,13,6,53,false
ward77_test3,3,Int64,false,taylor,transfree,36,3,1.387778780781446e-17,8.097900390624998,1,2.220446049250313e-16,13,6,53,true
ward77_test3,3,Int64,false,taylor,transfree,36,3,0,8.097900390624998,1,2.220446049250313e-16,13,6,53,false
ward77_test3,3,Int64,false,taylor,complexschur,36,3,1.387778780781446e-17,6.435817006600388,1,2.220446049250313e-16,13,6,53,true
ward77_test3,3,Int64,false,taylor,complexschur,30,3,0,6.435817006600388,1,2.220446049250313e-16,13,6,53,false
ward77_test3,3,Int64,false,taylor,realschur,36,3,1.387778780781446e-17,6.435817006600388,1,2.220446049250313e-16,13,6,53,true
ward77_test3,3,Int64,false,taylor,realschur,30,3,0,6.435817006600388,1,2.220446049250313e-16,13,6,53,false
ward77_test4,10,Float64,false,diagonalcheap,transfree,9,0,3.601465742705195e-19,2.718281525573192,2.718281825640393,2.220446049250313e-16,5,0,53,true
ward77_test4,10,Float64,false,diagonalcheap,transfree,9,0,0,2.718281525573192,2.718281825640393,2.220446049250313e-16,5,0,53,false
ward77_test4,10,Float64,false,diagonalcheap,complexschur,9,0,1.11333110779477e-18,2.841317783340085,2.7826693612627222,2.220446049250313e-16,5,0,53,true
ward77_test4,10,Float64,false,diagonalcheap,complexschur,9,0,0,2.841317783340085,2.7826693612627227,2.220446049250313e-16,5,0,53,false
ward77_test4,10,Float64,false,diagonalcheap,realschur,9,0,3.713899903445869e-19,2.848705452323396,2.801071404323918,2.220446049250313e-16,5,0,53,true
ward77_test4,10,Float64,false,diagonalcheap,realschur,9,0,3.80303350112857e-16,2.848705452323396,2.801071404323918,2.220446049250313e-16,5,0,53,false
ward77_test4,10,Float64,false,taylor,transfree,20,0,4.336808689942018e-19,2.666666666666667,1,2.220446049250313e-16,5,0,53,true
ward77_test4,10,Float64,false,taylor,transfree,20,0,4.440892098500626e-16,2.666666666666667,1,2.220446049250313e-16,5,0,53,false
ward77_test4,10,Float64,false,taylor,complexschur,20,0,1.301042606982605e-18,2.793063606816895,1,2.220446049250313e-16,5,0,53,true
ward77_test4,10,Float64,false,taylor,complexschur,20,0,0,2.793063606816895,1,2.220446049250313e-16,5,0,53,false
ward77_test4,10,Float64,false,taylor,realschur,20,0,0,2.799060386624317,1,2.220446049250313e-16,5,0,53,true
ward77_test4,10,Float64,false,taylor,realschur,20,0,4.440892098500626e-16,2.799060386624317,1,2.220446049250313e-16,5,0,53,false
naha95_p370,3,Float64,false,diagonalcheap,transfree,5,12,1.803142062468366e-18,15.65723382525483,52.27462295414343,2.220446049250313e-16,13,14,53,true
naha95_p370,3,Float64,false,diagonalcheap,transfree,5,12,1.846417471967607e-15,15.65723382525483,52.27462295414343,2.220446049250313e-16,13,14,53,false
naha95_p370,3,Float64,false,diagonalcheap,complexschur,5,12,1.188150004161649e-18,9.97478188456515,29.969572239859325,2.220446049250313e-16,13,14,53,true
naha95_p370,3,Float64,false,diagonalcheap,complexschur,5,12,1.216665604261528e-15,9.97478188456515,29.969572239859325,2.220446049250313e-16,13,14,53,false
naha95_p370,3,Float64,false,diagonalcheap,realschur,5,12,1.188150004161649e-18,9.974781884565152,29.969572239859325,2.220446049250313e-16,13,14,53,true
naha95_p370,3,Float64,false,diagonalcheap,realschur,5,12,1.216665604261528e-15,9.974781884565152,29.969572239859325,2.220446049250313e-16,13,14,53,false
naha95_p370,3,Float64,false,taylor,transfree,36,5,5.384581669432009e-15,4453.74589269731,1,2.220446049250313e-16,13,14,53,true
naha95_p370,3,Float64,false,taylor,transfree,36,5,1.70530256582424e-13,4518.506346535769,1,2.220446049250313e-16,13,14,53,false
naha95_p370,3,Float64,false,taylor,complexschur,36,5,2.220446049250313e-16,2767.273984673802,1,2.220446049250313e-16,13,14,53,true
naha95_p370,3,Float64,false,taylor,complexschur,36,5,0,2767.273984673802,1,2.220446049250313e-16,13,14,53,false
naha95_p370,3,Float64,false,taylor,realschur,36,5,2.220446049250313e-16,2767.273984673802,1,2.220446049250313e-16,13,14,53,true
naha95_p370,3,Float64,false,taylor,realschur,36,5,0,2767.273984673802,1,2.220446049250313e-16,13,14,53,false
kela98_ex2,2,Float64,false,diagonalcheap,transfree,3,16,0,16.2588138714622,74.4664700678436,2.220446049250313e-16,13,18,53,true
kela98_ex2,2,Float64,false,diagonalcheap,transfree,3,16,0,16.2588138714622,74.4664700678436,2.220446049250313e-16,13,18,53,false
kela98_ex2,2,Float64,false,diagonalcheap,complexschur,3,16,0,16.2588138714622,74.4664700678436,2.220446049250313e-16,13,18,53,true
kela98_ex2,2,Float64,false,diagonalcheap,complexschur,3,16,0,16.2588138714622,74.4664700678436,2.220446049250313e-16,13,18,53,false
kela98_ex2,2,Float64,false,diagonalcheap,realschur,3,16,0,16.2588138714622,74.4664700678436,2.220446049250313e-16,13,18,53,true
kela98_ex2,2,Float64,false,diagonalcheap,realschur,3,16,0,16.2588138714622,74.4664700678436,2.220446049250313e-16,13,18,53,false
kela98_ex2,2,Float64,false,taylor,transfree,20,1,2.193557835372673e-15,525636.4679377604,1,2.220446049250313e-16,13,18,53,true
kela98_ex2,2,Float64,false,taylor,transfree,20,1,2.664535259100376e-15,525636.4679377604,1,2.220446049250313e-16,13,18,53,false
kela98_ex2,2,Float64,false,taylor,complexschur,20,1,2.193557835372673e-15,525636.4679377604,1,2.220446049250313e-16,13,18,53,true
kela98_ex2,2,Float64,false,taylor,complexschur,20,1,2.664535259100376e-15,525636.4679377604,1,2.220446049250313e-16,13,18,53,false
kela98_ex2,2,Float64,false,taylor,realschur,20,1,2.193557835372673e-15,525636.4679377604,1,2.220446049250313e-16,13,18,53,true
kela98_ex2,2,Float64,false,taylor,realschur,20,1,2.664535259100376e-15,525636.4679377604,1,2.220446049250313e-16,13,18,53,false
kela98_p655,5,Float64,false,diagonalcheap,transfree,17,22,1.709819636462476e-16,4.711008528077029,54.00358111197461,2.220446049250313e-16,13,24,53,true
kela98_p655,5,Float64,false,diagonalcheap,transfree,91,24,2.695407869438268e-16,1.473256862053699,3.6513721089377507,2.220446049250313e-16,13,24,53,false
kela98_p655,5,Float64,false,diagonalcheap,complexschur,17,22,1.709819636462476e-16,4.711008528077029,54.00358111197461,2.220446049250313e-16,13,24,53,true
kela98_p655,5,Float64,false,diagonalcheap,complexschur,91,24,2.695407869438268e-16,1.473256862053699,3.6513721089377507,2.220446049250313e-16,13,24,53,false
kela98_p655,5,Float64,false,diagonalcheap,realschur,17,22,1.709819636462476e-16,4.711008528077029,54.00358111197461,2.220446049250313e-16,13,24,53,true
kela98_p655,5,Float64,false,diagonalcheap,realschur,91,24,2.695407869438268e-16,1.473256862053699,3.6513721089377507,2.220446049250313e-16,13,24,53,false
kela98_p655,5,Float64,false,taylor,transfree,30,23,3.469446951953614e-18,2.17048577996763,1,2.220446049250313e-16,13,24,53,true
kela98_p655,5,Float64,false,taylor,transfree,42,23,0,2.17048577996763,1,2.220446049250313e-16,13,24,53,false
kela98_p655,5,Float64,false,taylor,complexschur,30,23,3.469446951953614e-18,2.17048577996763,1,2.220446049250313e-16,13,24,53,true
kela98_p655,5,Float64,false,taylor,complexschur,42,23,0,2.17048577996763,1,2.220446049250313e-16,13,24,53,false
kela98_p655,5,Float64,false,taylor,realschur,30,23,3.469446951953614e-18,2.17048577996763,1,2.220446049250313e-16,13,24,53,true
kela98_p655,5,Float64,false,taylor,realschur,42,23,0,2.17048577996763,1,2.220446049250313e-16,13,24,53,false
dipa00_ex3.10,8,Float64,false,diagonalcheap,transfree,3,15,1.871202734974951e-18,16.2587989816152,74.46657836051844,2.220446049250313e-16,9,0,53,true
dipa00_ex3.10,8,Float64,false,diagonalcheap,transfree,3,15,1.91611160061435e-15,16.2587989816152,74.46657836051844,2.220446049250313e-16,9,0,53,false
dipa00_ex3.10,8,Float64,false,diagonalcheap,complexschur,3,15,1.87119950898976e-18,16.25876922727164,74.46644997887677,2.220446049250313e-16,9,0,53,true
dipa00_ex3.10,8,Float64,false,diagonalcheap,complexschur,3,15,1.916108297205514e-15,16.25876922727164,74.46644997887677,2.220446049250313e-16,9,0,53,false
dipa00_ex3.10,8,Float64,false,diagonalcheap,realschur,3,15,0,16.25876922727164,74.46644997887677,2.220446049250313e-16,9,0,53,true
dipa00_ex3.10,8,Float64,false,diagonalcheap,realschur,3,15,1.916108297205514e-15,16.25876922727164,74.46644997887677,2.220446049250313e-16,9,0,53,false
dipa00_ex3.10,8,Float64,false,taylor,transfree,20,2,3.103604179210961e-12,125551.2051998286,1,2.220446049250313e-16,9,0,53,true
dipa00_ex3.10,8,Float64,false,taylor,transfree,20,2,3.105071755271638e-12,125551.2051998286,1,2.220446049250313e-16,9,0,53,false
dipa00_ex3.10,8,Float64,false,taylor,complexschur,20,2,3.103604179210961e-12,125550.9802253428,1,2.220446049250313e-16,9,0,53,true
dipa00_ex3.10,8,Float64,false,taylor,complexschur,20,2,3.105071755271638e-12,125550.9802253428,1,2.220446049250313e-16,9,0,53,false
dipa00_ex3.10,8,Float64,false,taylor,realschur,20,2,3.103604179210961e-12,125550.9802253428,1,2.220446049250313e-16,9,0,53,true
dipa00_ex3.10,8,Float64,false,taylor,realschur,20,2,3.105071755271638e-12,125550.9802253428,1,2.220446049250313e-16,9,0,53,false
rosser8,8,Float64,true,diagonalcheap,transfree,0,0,NaN,NaN,NaN,2.220446049250313e-16,7,0,53,true
rosser8,8,Float64,true,diagonalcheap,transfree,0,0,NaN,NaN,NaN,2.220446049250313e-16,7,0,53,false
rosser8,8,Float64,true,diagonalcheap,complexschur,5,0,9.530248622392647e-19,1.206102818545352,1.2061028185453517,2.220446049250313e-16,7,0,53,true
rosser8,8,Float64,true,diagonalcheap,complexschur,5,0,0,1.206102818545352,1.2061028185453517,2.220446049250313e-16,7,0,53,false
rosser8,8,Float64,true,diagonalcheap,realschur,5,0,9.530248622392647e-19,1.206102818545352,1.2061028185453517,2.220446049250313e-16,7,0,53,true
rosser8,8,Float64,true,diagonalcheap,realschur,5,0,0,1.206102818545352,1.2061028185453517,2.220446049250313e-16,7,0,53,false
rosser8,8,Float64,true,taylor,transfree,0,0,NaN,NaN,NaN,2.220446049250313e-16,7,0,53,true
rosser8,8,Float64,true,taylor,transfree,0,0,NaN,NaN,NaN,2.220446049250313e-16,7,0,53,false
rosser8,8,Float64,true,taylor,complexschur,12,0,2.168404344971009e-19,1.206049448553734,1,2.220446049250313e-16,7,0,53,true
rosser8,8,Float64,true,taylor,complexschur,90,1,2.220446049250313e-16,1.09822712520924,1,2.220446049250313e-16,7,0,53,false
rosser8,8,Float64,true,taylor,realschur,12,0,2.168404344971009e-19,1.206049448553734,1,2.220446049250313e-16,7,0,53,true
rosser8,8,Float64,true,taylor,realschur,90,1,2.220446049250313e-16,1.09822712520924,1,2.220446049250313e-16,7,0,53,false
cos_sin_x100,2,Float64,false,diagonalcheap,transfree,91,11,1.202223333036093e-17,1.155112774839531,1.9855130264766998,2.220446049250313e-16,13,11,53,true
cos_sin_x100,2,Float64,false,diagonalcheap,transfree,91,14,2.78428912807162e-16,1.392602150679202,1.5731555821987013,2.220446049250313e-16,13,11,53,false
cos_sin_x100,2,Float64,false,diagonalcheap,complexschur,0,0,NaN,NaN,1,2.220446049250313e-16,13,11,53,true
cos_sin_x100,2,Float64,false,diagonalcheap,complexschur,0,0,NaN,NaN,1,2.220446049250313e-16,13,11,53,false
cos_sin_x100,2,Float64,false,diagonalcheap,realschur,91,11,1.202223333036093e-17,1.155112774839531,1.9855130264766998,2.220446049250313e-16,13,11,53,true
cos_sin_x100,2,Float64,false,diagonalcheap,realschur,91,14,2.78428912807162e-16,1.392602150679202,1.5731555821987013,2.220446049250313e-16,13,11,53,false
cos_sin_x100,2,Float64,false,taylor,transfree,49,10,1.06581410364015e-14,1958.32371873205,1,2.220446049250313e-16,13,11,53,true
cos_sin_x100,2,Float64,false,taylor,transfree,49,10,0,1958.32371873205,1,2.220446049250313e-16,13,11,53,false
cos_sin_x100,2,Float64,false,taylor,complexschur,0,0,NaN,NaN,1,2.220446049250313e-16,13,11,53,true
cos_sin_x100,2,Float64,false,taylor,complexschur,0,0,NaN,NaN,1,2.220446049250313e-16,13,11,53,false
cos_sin_x100,2,Float64,false,taylor,realschur,49,10,1.06581410364015e-14,1958.32371873205,1,2.220446049250313e-16,13,11,53,true
cos_sin_x100,2,Float64,false,taylor,realschur,49,10,0,1958.32371873205,1,2.220446049250313e-16,13,11,53,false
nilpotent,4,Float64,false,diagonalcheap,transfree,7,4,0,25.46762273834782,74.01419352475182,2.220446049250313e-16,13,6,53,true
nilpotent,4,Float64,false,diagonalcheap,transfree,7,4,0,25.46762273834781,74.01419352475178,2.220446049250313e-16,13,6,53,false
nilpotent,4,Float64,false,diagonalcheap,complexschur,7,4,0,25.46762273834782,74.01419352475182,2.220446049250313e-16,13,6,53,true
nilpotent,4,Float64,false,diagonalcheap,complexschur,7,4,0,25.46762273834781,74.01419352475178,2.220446049250313e-16,13,6,53,false
nilpotent,4,Float64,false,diagonalcheap,realschur,7,4,0,25.46762273834782,74.01419352475182,2.220446049250313e-16,13,6,53,true
nilpotent,4,Float64,false,diagonalcheap,realschur,7,4,0,25.46762273834781,74.01419352475178,2.220446049250313e-16,13,6,53,false
nilpotent,4,Float64,false,taylor,transfree,12,2,0,448.3294635464797,1,2.220446049250313e-16,13,6,53,true
nilpotent,4,Float64,false,taylor,transfree,12,2,0,448.3294635464797,1,2.220446049250313e-16,13,6,53,false
nilpotent,4,Float64,false,taylor,complexschur,12,2,0,448.3294635464797,1,2.220446049250313e-16,13,6,53,true
nilpotent,4,Float64,false,taylor,complexschur,12,2,0,448.3294635464797,1,2.220446049250313e-16,13,6,53,false
nilpotent,4,Float64,false,taylor,realschur,12,2,0,448.3294635464797,1,2.220446049250313e-16,13,6,53,true
nilpotent,4,Float64,false,taylor,realschur,12,2,0,448.3294635464797,1,2.220446049250313e-16,13,6,53,false
nilpotent,24,Float64,false,diagonalcheap,transfree,13,7,2.165666791114266e-17,26.40701747531017,62.25179859477165,2.220446049250313e-16,13,9,53,true
nilpotent,24,Float64,false,diagonalcheap,transfree,31,7,0,26.40701747531017,62.358091060751654,2.220446049250313e-16,13,9,53,false
nilpotent,24,Float64,false,diagonalcheap,complexschur,13,7,2.165666791114266e-17,26.40701747531017,62.25179859477165,2.220446049250313e-16,13,9,53,true
nilpotent,24,Float64,false,diagonalcheap,complexschur,31,7,0,26.40701747531017,62.358091060751654,2.220446049250313e-16,13,9,53,false
nilpotent,24,Float64,false,diagonalcheap,realschur,13,7,2.165666791114266e-17,26.40701747531017,62.25179859477165,2.220446049250313e-16,13,9,53,true
nilpotent,24,Float64,false,diagonalcheap,realschur,31,7,0,26.40701747531017,62.358091060751654,2.220446049250313e-16,13,9,53,false
nilpotent,24,Float64,false,taylor,transfree,42,5,1.554312234475219e-14,1461.154092072953,1,2.220446049250313e-16,13,9,53,true
nilpotent,24,Float64,false,taylor,transfree,56,5,0,1461.154092072953,1,2.220446049250313e-16,13,9,53,false
nilpotent,24,Float64,false,taylor,complexschur,42,5,1.554312234475219e-14,1461.154092072953,1,2.220446049250313e-16,13,9,53,true
nilpotent,24,Float64,false,taylor,complexschur,56,5,0,1461.154092072953,1,2.220446049250313e-16,13,9,53,false
nilpotent,24,Float64,false,taylor,realschur,42,5,1.554312234475219e-14,1461.154092072953,1,2.220446049250313e-16,13,9,53,true
nilpotent,24,Float64,false,taylor,realschur,56,5,0,1461.154092072953,1,2.220446049250313e-16,13,9,53,false
edst03_pascal_chol,4,Float64,false,diagonalcheap,transfree,7,0,0,8,11.383136094674557,2.220446049250313e-16,13,0,53,true
edst03_pascal_chol,4,Float64,false,diagonalcheap,transfree,7,0,0,7.999999999999998,11.383136094674553,2.220446049250313e-16,13,0,53,false
edst03_pascal_chol,4,Float64,false,diagonalcheap,complexschur,7,0,0,8,11.383136094674557,2.220446049250313e-16,13,0,53,true
edst03_pascal_chol,4,Float64,false,diagonalcheap,complexschur,7,0,0,7.999999999999998,11.383136094674553,2.220446049250313e-16,13,0,53,false
edst03_pascal_chol,4,Float64,false,diagonalcheap,realschur,7,0,0,8,11.383136094674557,2.220446049250313e-16,13,0,53,true
edst03_pascal_chol,4,Float64,false,diagonalcheap,realschur,7,0,0,7.999999999999998,11.383136094674553,2.220446049250313e-16,13,0,53,false
edst03_pascal_chol,4,Float64,false,taylor,transfree,12,0,0,8,1,2.220446049250313e-16,13,0,53,true
edst03_pascal_chol,4,Float64,false,taylor,transfree,12,0,0,8,1,2.220446049250313e-16,13,0,53,false
edst03_pascal_chol,4,Float64,false,taylor,complexschur,12,0,0,8,1,2.220446049250313e-16,13,0,53,true
edst03_pascal_chol,4,Float64,false,taylor,complexschur,12,0,0,8,1,2.220446049250313e-16,13,0,53,false
edst03_pascal_chol,4,Float64,false,taylor,realschur,12,0,0,8,1,2.220446049250313e-16,13,0,53,true
edst03_pascal_chol,4,Float64,false,taylor,realschur,12,0,0,8,1,2.220446049250313e-16,13,0,53,false
edst03_pascal_chol,24,Float64,false,diagonalcheap,transfree,13,3,1.810838391978619e-18,15.01440119364349,16.25702607468152,2.220446049250313e-16,13,3,53,true
edst03_pascal_chol,24,Float64,false,diagonalcheap,transfree,17,3,1.838750949892082e-15,15.01440119364349,16.258458805195435,2.220446049250313e-16,13,3,53,false
edst03_pascal_chol,24,Float64,false,diagonalcheap,complexschur,13,3,1.810838391978619e-18,15.01440119364349,16.25702607468152,2.220446049250313e-16,13,3,53,true
edst03_pascal_chol,24,Float64,false,diagonalcheap,complexschur,17,3,1.838750949892082e-15,15.01440119364349,16.258458805195435,2.220446049250313e-16,13,3,53,false
edst03_pascal_chol,24,Float64,false,diagonalcheap,realschur,13,3,1.810838391978619e-18,15.01440119364349,16.25702607468152,2.220446049250313e-16,13,3,53,true
edst03_pascal_chol,24,Float64,false,diagonalcheap,realschur,17,3,1.838750949892082e-15,15.01440119364349,16.258458805195435,2.220446049250313e-16,13,3,53,false
edst03_pascal_chol,24,Float64,false,taylor,transfree,36,2,2.775557561562891e-17,84.82421875,1,2.220446049250313e-16,13,3,53,true
edst03_pascal_chol,24,Float64,false,taylor,transfree,56,2,0,84.82421875,1,2.220446049250313e-16,13,3,53,false
edst03_pascal_chol,24,Float64,false,taylor,complexschur,36,2,2.775557561562891e-17,84.82421875,1,2.220446049250313e-16,13,3,53,true
edst03_pascal_chol,24,Float64,false,taylor,complexschur,56,2,0,84.82421875,1,2.220446049250313e-16,13,3,53,false
edst03_pascal_chol,24,Float64,false,taylor,realschur,36,2,2.775557561562891e-17,84.82421875,1,2.220446049250313e-16,13,3,53,true
edst03_pascal_chol,24,Float64,false,taylor,realschur,56,2,0,84.82421875,1,2.220446049250313e-16,13,3,53,false
kela89_206,4,Int64,false,diagonalcheap,transfree,9,4,2.920525040689622e-18,11.55461927596276,51.17831459202676,2.220446049250313e-16,13,5,53,true
kela89_206,4,Int64,false,diagonalcheap,transfree,9,4,1.495308820833086e-15,11.55461927596276,51.17831459202676,2.220446049250313e-16,13,5,53,false
kela89_206,4,Int64,false,diagonalcheap,complexschur,9,4,1.29463767098855e-18,10.72794218707674,40.22272113120368,2.220446049250313e-16,13,5,53,true
kela89_206,4,Int64,false,diagonalcheap,complexschur,9,4,1.325708975092275e-15,10.72794218707674,40.22272113120368,2.220446049250313e-16,13,5,53,false
kela89_206,4,Int64,false,diagonalcheap,realschur,9,4,2.589275274124755e-18,10.72794215865846,40.22271996578033,2.220446049250313e-16,13,5,53,true
kela89_206,4,Int64,false,diagonalcheap,realschur,13,4,1.326168224275621e-15,10.72794215865846,40.30493901367979,2.220446049250313e-16,13,5,53,false
kela89_206,4,Int64,false,taylor,transfree,30,2,1.734723475976807e-18,30.68489583333333,1,2.220446049250313e-16,13,5,53,true
kela89_206,4,Int64,false,taylor,transfree,30,2,1.77635683940025e-15,30.68489583333333,1,2.220446049250313e-16,13,5,53,false
kela89_206,4,Int64,false,taylor,complexschur,30,2,3.469446951953614e-18,44.59189796586185,1,2.220446049250313e-16,13,5,53,true
kela89_206,4,Int64,false,taylor,complexschur,30,2,3.552713678800501e-15,44.59189796586185,1,2.220446049250313e-16,13,5,53,false
kela89_206,4,Int64,false,taylor,realschur,30,2,0,44.59189783513833,1,2.220446049250313e-16,13,5,53,true
kela89_206,4,Int64,false,taylor,realschur,30,2,7.105427357601002e-15,44.59189783513833,1,2.220446049250313e-16,13,5,53,false
pang85_ex1,6,Int64,false,diagonalcheap,transfree,9,5,1.169264771165501e-16,9.458766749544836,58.4435971295211,2.220446049250313e-16,13,5,53,true
pang85_ex1,6,Int64,false,diagonalcheap,transfree,9,5,0,9.458766749544836,58.4435971295211,2.220446049250313e-16,13,5,53,false
pang85_ex1,6,Int64,false,diagonalcheap,complexschur,9,5,1.554179882436951e-15,10.23594398799346,62.61308635408515,2.220446049250313e-16,13,5,53,true
pang85_ex1,6,Int64,false,diagonalcheap,complexschur,9,5,0,10.23594398799346,62.61308635408515,2.220446049250313e-16,13,5,53,false
pang85_ex1,6,Int64,false,diagonalcheap,realschur,9,5,1.169264771165501e-16,9.458766749544836,58.4435971295211,2.220446049250313e-16,13,5,53,true
pang85_ex1,6,Int64,false,diagonalcheap,realschur,9,5,0,9.458766749544836,58.4435971295211,2.220446049250313e-16,13,5,53,false
pang85_ex1,6,Int64,false,taylor,transfree,36,4,0,8.260915120442707,1,2.220446049250313e-16,13,5,53,true
pang85_ex1,6,Int64,false,taylor,transfree,90,6,4.440892098500626e-16,7.652281113626404,1,2.220446049250313e-16,13,5,53,false
pang85_ex1,6,Int64,false,taylor,complexschur,36,4,1.387778780781446e-17,8.530773281411808,1,2.220446049250313e-16,13,5,53,true
pang85_ex1,6,Int64,false,taylor,complexschur,36,4,0,8.530773281411808,1,2.220446049250313e-16,13,5,53,false
pang85_ex1,6,Int64,false,taylor,realschur,36,4,0,8.260915120442707,1,2.220446049250313e-16,13,5,53,true
pang85_ex1,6,Int64,false,taylor,realschur,90,6,4.440892098500626e-16,7.652281113626404,1,2.220446049250313e-16,13,5,53,false
pang85_ex2,10,ComplexF64,false,diagonalcheap,transfree,13,2,4.507531429481751e-17,24.33538542798971,28.39522607946487,2.220446049250313e-16,13,3,53,true
pang85_ex2,10,ComplexF64,false,diagonalcheap,transfree,57,2,3.232264163159324e-15,24.33538542798971,28.107707444426655,2.220446049250313e-16,13,3,53,false
pang85_ex2,10,ComplexF64,false,diagonalcheap,complexschur,13,2,4.507531429481751e-17,24.33538542798971,28.39522607946487,2.220446049250313e-16,13,3,53,true
pang85_ex2,10,ComplexF64,false,diagonalcheap,complexschur,57,2,3.232264163159324e-15,24.33538542798971,28.107707444426655,2.220446049250313e-16,13,3,53,false
pang85_ex2,10,ComplexF64,false,taylor,transfree,30,2,0,26.07778430750052,1,2.220446049250313e-16,13,3,53,true
pang85_ex2,10,ComplexF64,false,taylor,transfree,42,2,0,26.07778430750052,1,2.220446049250313e-16,13,3,53,false
pang85_ex2,10,ComplexF64,false,taylor,complexschur,30,2,0,26.07778430750052,1,2.220446049250313e-16,13,3,53,true
pang85_ex2,10,ComplexF64,false,taylor,complexschur,42,2,0,26.07778430750052,1,2.220446049250313e-16,13,3,53,false
pang85_ex3,10,Float64,false,diagonalcheap,transfree,13,1,6.895071555221137e-18,14.06190461065158,11.93737383050977,2.220446049250313e-16,13,1,53,true
pang85_ex3,10,Float64,false,diagonalcheap,transfree,17,1,0,14.0619046106516,11.913058155432182,2.220446049250313e-16,13,1,53,false
pang85_ex3,10,Float64,false,diagonalcheap,complexschur,13,1,6.895071555221137e-18,14.06190461065158,11.93737383050977,2.220446049250313e-16,13,1,53,true
pang85_ex3,10,Float64,false,diagonalcheap,complexschur,17,1,0,14.0619046106516,11.913058155432182,2.220446049250313e-16,13,1,53,false
pang85_ex3,10,Float64,false,diagonalcheap,realschur,13,1,6.895071555221137e-18,14.06190461065158,11.93737383050977,2.220446049250313e-16,13,1,53,true
pang85_ex3,10,Float64,false,diagonalcheap,realschur,17,1,0,14.0619046106516,11.913058155432182,2.220446049250313e-16,13,1,53,false
pang85_ex3,10,Float64,false,taylor,transfree,25,1,1.491862189340054e-16,10.54947916666667,1,2.220446049250313e-16,13,1,53,true
pang85_ex3,10,Float64,false,taylor,transfree,25,1,0,10.54947916666667,1,2.220446049250313e-16,13,1,53,false
pang85_ex3,10,Float64,false,taylor,complexschur,25,1,1.491862189340054e-16,10.54947916666667,1,2.220446049250313e-16,13,1,53,true
pang85_ex3,10,Float64,false,taylor,complexschur,25,1,0,10.54947916666667,1,2.220446049250313e-16,13,1,53,false
pang85_ex3,10,Float64,false,taylor,realschur,25,1,1.491862189340054e-16,10.54947916666667,1,2.220446049250313e-16,13,1,53,true
pang85_ex3,10,Float64,false,taylor,realschur,25,1,0,10.54947916666667,1,2.220446049250313e-16,13,1,53,false
kela89_ex5,2,Float64,false,diagonalcheap,transfree,3,16,0,16.2587890625,74.46644997596741,2.220446049250313e-16,13,18,53,true
kela89_ex5,2,Float64,false,diagonalcheap,transfree,3,16,0,16.2587890625,74.46644997596741,2.220446049250313e-16,13,18,53,false
kela89_ex5,2,Float64,false,diagonalcheap,complexschur,3,16,0,16.2587890625,74.46644997596741,2.220446049250313e-16,13,18,53,true
kela89_ex5,2,Float64,false,diagonalcheap,complexschur,3,16,0,16.2587890625,74.46644997596741,2.220446049250313e-16,13,18,53,false
kela89_ex5,2,Float64,false,diagonalcheap,realschur,3,16,0,16.2587890625,74.46644997596741,2.220446049250313e-16,13,18,53,true
kela89_ex5,2,Float64,false,diagonalcheap,realschur,3,16,0,16.2587890625,74.46644997596741,2.220446049250313e-16,13,18,53,false
kela89_ex5,2,Float64,false,taylor,transfree,4,0,0,1000001,1,2.220446049250313e-16,13,18,53,true
kela89_ex5,2,Float64,false,taylor,transfree,4,0,0,1000001,1,2.220446049250313e-16,13,18,53,false
kela89_ex5,2,Float64,false,taylor,complexschur,4,0,0,1000001,1,2.220446049250313e-16,13,18,53,true
kela89_ex5,2,Float64,false,taylor,complexschur,4,0,0,1000001,1,2.220446049250313e-16,13,18,53,false
kela89_ex5,2,Float64,false,taylor,realschur,4,0,0,1000001,1,2.220446049250313e-16,13,18,53,true
kela89_ex5,2,Float64,false,taylor,realschur,4,0,0,1000001,1,2.220446049250313e-16,13,18,53,false
jemc05_52,3,Float64,false,diagonalcheap,transfree,9,0,0,7.320102322960796,14.490134828445704,2.220446049250313e-16,13,0,53,true
jemc05_52,3,Float64,false,diagonalcheap,transfree,9,0,7.976523102708203e-16,7.320102322960798,14.490134828445703,2.220446049250313e-16,13,0,53,false
jemc05_52,3,Float64,false,diagonalcheap,complexschur,9,0,2.731220479497723e-18,7.728763989627843,18.49540111688408,2.220446049250313e-16,13,0,53,true
jemc05_52,3,Float64,false,diagonalcheap,complexschur,13,0,9.317146892908336e-16,7.728763989627841,18.479052401517517,2.220446049250313e-16,13,0,53,false
jemc05_52,3,Float64,false,diagonalcheap,realschur,9,0,9.063316829115965e-19,7.488933820423278,17.50216490350763,2.220446049250313e-16,13,0,53,true
jemc05_52,3,Float64,false,diagonalcheap,realschur,9,0,9.280836433014748e-16,7.488933820423277,17.50216490350763,2.220446049250313e-16,13,0,53,false
jemc05_52,3,Float64,false,taylor,transfree,20,0,1.301042606982605e-18,7.430666666666665,1,2.220446049250313e-16,13,0,53,true
jemc05_52,3,Float64,false,taylor,transfree,20,0,0,7.430666666666665,1,2.220446049250313e-16,13,0,53,false
jemc05_52,3,Float64,false,taylor,complexschur,20,0,1.734723475976807e-18,7.804091435412483,1,2.220446049250313e-16,13,0,53,true
jemc05_52,3,Float64,false,taylor,complexschur,20,0,1.332267629550188e-15,7.804091435412483,1,2.220446049250313e-16,13,0,53,false
jemc05_52,3,Float64,false,taylor,realschur,20,0,4.336808689942018e-19,7.545730764596867,1,2.220446049250313e-16,13,0,53,true
jemc05_52,3,Float64,false,taylor,realschur,20,0,1.332267629550188e-15,7.545730764596867,1,2.220446049250313e-16,13,0,53,false
jemc05_55,6,Float64,false,diagonalcheap,transfree,13,0,1.595564571259321e-18,2.246154055500844,8.82869313557578,2.220446049250313e-16,13,0,53,true
jemc05_55,6,Float64,false,diagonalcheap,transfree,57,0,0,2.246154055500844,9.07291725577921,2.220446049250313e-16,13,0,53,false
jemc05_55,6,Float64,false,diagonalcheap,complexschur,13,0,1.570517667684487e-18,2.258305386145238,12.500109137472414,2.220446049250313e-16,13,0,53,true
jemc05_55,6,Float64,false,diagonalcheap,complexschur,31,0,0,2.258305386145238,12.830739693531786,2.220446049250313e-16,13,0,53,false
jemc05_55,6,Float64,false,diagonalcheap,realschur,13,0,3.908123124097821e-18,2.239714627563629,12.007718311592402,2.220446049250313e-16,13,0,53,true
jemc05_55,6,Float64,false,diagonalcheap,realschur,17,0,0,2.239714627563629,12.131906092748054,2.220446049250313e-16,13,0,53,false
jemc05_55,6,Float64,false,taylor,transfree,25,0,1.838806884535416e-16,3.16,1,2.220446049250313e-16,13,0,53,true
jemc05_55,6,Float64,false,taylor,transfree,25,0,0,3.16,1,2.220446049250313e-16,13,0,53,false
jemc05_55,6,Float64,false,taylor,complexschur,25,0,4.839878497975292e-16,3.753366763785958,1,2.220446049250313e-16,13,0,53,true
jemc05_55,6,Float64,false,taylor,complexschur,56,0,0,3.753366763785958,1,2.220446049250313e-16,13,0,53,false
jemc05_55,6,Float64,false,taylor,realschur,25,0,2.324529457808922e-16,3.578313084105301,1,2.220446049250313e-16,13,0,53,true
jemc05_55,6,Float64,false,taylor,realschur,30,0,0,3.578313084105301,1,2.220446049250313e-16,13,0,53,false
kela98_ex3,2,Float64,false,diagonalcheap,transfree,13,21,2.939326330305158e-18,10.85022320590447,20.700447124480522,2.220446049250313e-16,13,22,53,true
kela98_ex3,2,Float64,false,diagonalcheap,transfree,17,21,0,10.85022320590446,20.700447124480508,2.220446049250313e-16,13,22,53,false
kela98_ex3,2,Float64,false,diagonalcheap,complexschur,13,21,2.939326330305158e-18,10.85022320590447,20.700447124480522,2.220446049250313e-16,13,22,53,true
kela98_ex3,2,Float64,false,diagonalcheap,complexschur,17,21,0,10.85022320590446,20.700447124480508,2.220446049250313e-16,13,22,53,false
kela98_ex3,2,Float64,false,diagonalcheap,realschur,13,21,2.939326330305158e-18,10.85022320590447,20.700447124480522,2.220446049250313e-16,13,22,53,true
kela98_ex3,2,Float64,false,diagonalcheap,realschur,17,21,0,10.85022320590446,20.700447124480508,2.220446049250313e-16,13,22,53,false
kela98_ex3,2,Float64,false,taylor,transfree,20,22,8.673617379884035e-17,3.293967643323135,1,2.220446049250313e-16,13,22,53,true
kela98_ex3,2,Float64,false,taylor,transfree,56,22,0,3.293967643323135,1,2.220446049250313e-16,13,22,53,false
kela98_ex3,2,Float64,false,taylor,complexschur,20,22,8.673617379884035e-17,3.293967643323135,1,2.220446049250313e-16,13,22,53,true
kela98_ex3,2,Float64,false,taylor,complexschur,56,22,0,3.293967643323135,1,2.220446049250313e-16,13,22,53,false
kela98_ex3,2,Float64,false,taylor,realschur,20,22,8.673617379884035e-17,3.293967643323135,1,2.220446049250313e-16,13,22,53,true
kela98_ex3,2,Float64,false,taylor,realschur,56,22,0,3.293967643323135,1,2.220446049250313e-16,13,22,53,false
mopa03_21,4,Float64,false,diagonalcheap,transfree,13,2,1.214303195122213e-17,0.999974475893087,9.714545788307198,2.220446049250313e-16,13,3,53,true
mopa03_21,4,Float64,false,diagonalcheap,transfree,57,2,0,0.999974475893087,10.227311958735402,2.220446049250313e-16,13,3,53,false
mopa03_21,4,Float64,false,diagonalcheap,complexschur,91,1,1.094571932985032e-16,1.303636741906625,46.06108345160304,2.220446049250313e-16,13,3,53,true
mopa03_21,4,Float64,false,diagonalcheap,complexschur,91,4,2.961443302058438e-16,1.534972053774797,2.0273415718487042,2.220446049250313e-16,13,3,53,false
mopa03_21,4,Float64,false,diagonalcheap,realschur,91,1,1.094571932985032e-16,1.303636741906625,46.06108345160304,2.220446049250313e-16,13,3,53,true
mopa03_21,4,Float64,false,diagonalcheap,realschur,91,4,2.961443302058438e-16,1.534972053774797,2.0273415718487042,2.220446049250313e-16,13,3,53,false
mopa03_21,4,Float64,false,taylor,transfree,30,2,1.873501354054952e-16,4.572653309792149,1,2.220446049250313e-16,13,3,53,true
mopa03_21,4,Float64,false,taylor,transfree,72,2,0,4.572653309792149,1,2.220446049250313e-16,13,3,53,false
mopa03_21,4,Float64,false,taylor,complexschur,30,2,1.040834085586084e-17,2.796288397617364,1,2.220446049250313e-16,13,3,53,true
mopa03_21,4,Float64,false,taylor,complexschur,72,2,0,2.796288397617364,1,2.220446049250313e-16,13,3,53,false
mopa03_21,4,Float64,false,taylor,realschur,30,2,1.040834085586084e-17,2.796288397617364,1,2.220446049250313e-16,13,3,53,true
mopa03_21,4,Float64,false,taylor,realschur,72,2,0,2.796288397617364,1,2.220446049250313e-16,13,3,53,false
mopa03_26,3,Float64,false,diagonalcheap,transfree,5,0,1.199127602768968e-16,1,1.080558036425934,2.220446049250313e-16,7,0,53,true
mopa03_26,3,Float64,false,diagonalcheap,transfree,5,0,0,1,1.080558036425934,2.220446049250313e-16,7,0,53,false
mopa03_26,3,Float64,false,diagonalcheap,complexschur,7,0,2.264027651696752e-19,1.083796267726694,1.100821094392229,2.220446049250313e-16,7,0,53,true
mopa03_26,3,Float64,false,diagonalcheap,complexschur,7,0,2.318364315337474e-16,1.083796267726694,1.100821094392229,2.220446049250313e-16,7,0,53,false
mopa03_26,3,Float64,false,diagonalcheap,realschur,7,0,2.264027651696752e-19,1.083796267726694,1.100821094392229,2.220446049250313e-16,7,0,53,true
mopa03_26,3,Float64,false,diagonalcheap,realschur,7,0,2.318364315337474e-16,1.083796267726694,1.100821094392229,2.220446049250313e-16,7,0,53,false
mopa03_26,3,Float64,false,taylor,transfree,12,0,6.288372600415926e-18,1,1,2.220446049250313e-16,7,0,53,true
mopa03_26,3,Float64,false,taylor,transfree,20,0,2.220446049250313e-16,1,1,2.220446049250313e-16,7,0,53,false
mopa03_26,3,Float64,false,taylor,complexschur,12,0,1.214306433183765e-17,1.083840083852329,1,2.220446049250313e-16,7,0,53,true
mopa03_26,3,Float64,false,taylor,complexschur,12,0,0,1.083840083852329,1,2.220446049250313e-16,7,0,53,false
mopa03_26,3,Float64,false,taylor,realschur,12,0,1.214306433183765e-17,1.083840083852329,1,2.220446049250313e-16,7,0,53,true
mopa03_26,3,Float64,false,taylor,realschur,12,0,0,1.083840083852329,1,2.220446049250313e-16,7,0,53,false
kase99_table1,10,Float64,false,diagonalcheap,transfree,3,0,0,1,1.0000004393874,2.220446049250313e-16,3,0,53,true
kase99_table1,10,Float64,false,diagonalcheap,transfree,7,0,0,1,1.0000004393874238,2.220446049250313e-16,3,0,53,false
kase99_table1,10,Float64,false,diagonalcheap,complexschur,3,0,2.168407043568251e-19,1.000001833399011,1.0000022935100625,2.220446049250313e-16,3,0,53,true
kase99_table1,10,Float64,false,diagonalcheap,complexschur,3,0,2.220448812613889e-16,1.000001833399011,1.0000022935100625,2.220446049250313e-16,3,0,53,false
kase99_table1,10,Float64,false,diagonalcheap,realschur,3,0,2.168407043568251e-19,1.000001833399011,1.0000022935100625,2.220446049250313e-16,3,0,53,true
kase99_table1,10,Float64,false,diagonalcheap,realschur,3,0,2.220448812613889e-16,1.000001833399011,1.0000022935100625,2.220446049250313e-16,3,0,53,false
kase99_table1,10,Float64,false,taylor,transfree,4,0,0,1,1,2.220446049250313e-16,3,0,53,true
kase99_table1,10,Float64,false,taylor,transfree,4,0,0,1,1,2.220446049250313e-16,3,0,53,false
kase99_table1,10,Float64,false,taylor,complexschur,4,0,0,1.000002489015681,1,2.220446049250313e-16,3,0,53,true
kase99_table1,10,Float64,false,taylor,complexschur,4,0,0,1.000002489015681,1,2.220446049250313e-16,3,0,53,false
kase99_table1,10,Float64,false,taylor,realschur,4,0,0,1.000002489015681,1,2.220446049250313e-16,3,0,53,true
kase99_table1,10,Float64,false,taylor,realschur,4,0,0,1.000002489015681,1,2.220446049250313e-16,3,0,53,false
niesen_example,2,ComplexF64,false,diagonalcheap,transfree,5,16,0,16.2587967011846,74.4664499837492,2.220446049250313e-16,13,10,53,true
niesen_example,2,ComplexF64,false,diagonalcheap,transfree,5,16,0,16.2587967011846,74.4664499837492,2.220446049250313e-16,13,10,53,false
niesen_example,2,ComplexF64,false,diagonalcheap,complexschur,5,16,0,16.24804221278393,74.4665403497224,2.220446049250313e-16,13,10,53,true
niesen_example,2,ComplexF64,false,diagonalcheap,complexschur,5,16,0,16.24804221278393,74.4665403497224,2.220446049250313e-16,13,10,53,false
niesen_example,2,ComplexF64,false,taylor,transfree,36,9,2.775557561562891e-17,2316.397514292968,1,2.220446049250313e-16,13,10,53,true
niesen_example,2,ComplexF64,false,taylor,transfree,56,8,9.094947017729282e-13,8074.516196840977,1,2.220446049250313e-16,13,10,53,false
niesen_example,2,ComplexF64,false,taylor,complexschur,49,8,3.552713678800501e-14,10593.29371255516,1,2.220446049250313e-16,13,10,53,true
niesen_example,2,ComplexF64,false,taylor,complexschur,56,8,9.094947017729282e-13,8066.445161672195,1,2.220446049250313e-16,13,10,53,false
awad_25,2,Float64,false,diagonalcheap,transfree,3,53,0,12.10223024625157,42.91710935644734,2.220446049250313e-16,13,55,53,true
awad_25,2,Float64,false,diagonalcheap,transfree,3,53,0,12.10223024625157,42.91710935644734,2.220446049250313e-16,13,55,53,false
awad_25,2,Float64,false,diagonalcheap,complexschur,3,53,0,12.10223024625157,42.91710935644734,2.220446049250313e-16,13,55,53,true
awad_25,2,Float64,false,diagonalcheap,complexschur,3,53,0,12.10223024625157,42.91710935644734,2.220446049250313e-16,13,55,53,false
awad_25,2,Float64,false,diagonalcheap,realschur,3,53,0,12.10223024625157,42.91710935644734,2.220446049250313e-16,13,55,53,true
awad_25,2,Float64,false,diagonalcheap,realschur,3,53,0,12.10223024625157,42.91710935644734,2.220446049250313e-16,13,55,53,false
awad_25,2,Float64,false,taylor,transfree,30,7,5.302143701868545e-08,787377419692538.5,1,2.220446049250313e-16,13,55,53,true
awad_25,2,Float64,false,taylor,transfree,42,5,1.749140210449696e-08,3224198148434696,1,2.220446049250313e-16,13,55,53,false
awad_25,2,Float64,false,taylor,complexschur,30,7,5.302143701868545e-08,787377419692538.5,1,2.220446049250313e-16,13,55,53,true
awad_25,2,Float64,false,taylor,complexschur,42,5,1.749140210449696e-08,3224198148434696,1,2.220446049250313e-16,13,55,53,false
awad_25,2,Float64,false,taylor,realschur,30,7,5.302143701868545e-08,787377419692538.5,1,2.220446049250313e-16,13,55,53,true
awad_25,2,Float64,false,taylor,realschur,42,5,1.749140210449696e-08,3224198148434696,1,2.220446049250313e-16,13,55,53,false
awad_26,4,Float64,false,diagonalcheap,transfree,3,31,0,10.31322837975475,31.997277962843064,2.220446049250313e-16,13,9,53,true
awad_26,4,Float64,false,diagonalcheap,transfree,3,31,0,10.31322837975475,31.997277962843064,2.220446049250313e-16,13,9,53,false
awad_26,4,Float64,false,diagonalcheap,complexschur,3,31,0,10.31322574788339,31.997269208277007,2.220446049250313e-16,13,9,53,true
awad_26,4,Float64,false,diagonalcheap,complexschur,3,31,1.25602037080823e-15,10.31322574788339,31.997269208277007,2.220446049250313e-16,13,9,53,false
awad_26,4,Float64,false,diagonalcheap,realschur,3,31,0,10.31322574788339,31.997269208277007,2.220446049250313e-16,13,9,53,true
awad_26,4,Float64,false,diagonalcheap,realschur,3,31,1.25602037080823e-15,10.31322574788339,31.997269208277007,2.220446049250313e-16,13,9,53,false
awad_26,4,Float64,false,taylor,transfree,30,5,5.069419883874104e-10,10290581101.42078,1,2.220446049250313e-16,13,9,53,true
awad_26,4,Float64,false,taylor,transfree,42,4,5.684341886080801e-14,39524630284.19243,1,2.220446049250313e-16,13,9,53,false
awad_26,4,Float64,false,taylor,complexschur,42,4,5.551115123125783e-17,38273816332.16621,1,2.220446049250313e-16,13,9,53,true
awad_26,4,Float64,false,taylor,complexschur,42,4,5.684341886080801e-14,38273816332.16621,1,2.220446049250313e-16,13,9,53,false
awad_26,4,Float64,false,taylor,realschur,42,4,5.551115123125783e-17,38273816332.16621,1,2.220446049250313e-16,13,9,53,true
awad_26,4,Float64,false,taylor,realschur,42,4,5.684341886080801e-14,38273816332.16621,1,2.220446049250313e-16,13,9,53,false
awad_27,2,Float64,false,diagonalcheap,transfree,3,10,1.403993927779543e-15,10.77614344078556,34.61309342463025,2.220446049250313e-16,13,11,53,true
awad_27,2,Float64,false,diagonalcheap,transfree,3,10,1.306990710951139e-15,10.77614344078556,34.61309342463025,2.220446049250313e-16,13,11,53,false
awad_27,2,Float64,false,diagonalcheap,complexschur,3,10,1.405270285895705e-15,10.77614344078554,34.61309342463023,2.220446049250313e-16,13,11,53,true
awad_27,2,Float64,false,diagonalcheap,complexschur,7,10,0,10.77614344078554,34.609640746552984,2.220446049250313e-16,13,11,53,false
awad_27,2,Float64,false,diagonalcheap,realschur,3,10,1.403993927779541e-15,10.77614344078554,34.61309342463021,2.220446049250313e-16,13,11,53,true
awad_27,2,Float64,false,diagonalcheap,realschur,3,10,1.306990710951137e-15,10.77614344078554,34.61309342463021,2.220446049250313e-16,13,11,53,false
awad_27,2,Float64,false,taylor,transfree,30,1,0,8230.815104166668,1,2.220446049250313e-16,13,11,53,true
awad_27,2,Float64,false,taylor,transfree,30,1,3.552713678800501e-15,8230.815104166668,1,2.220446049250313e-16,13,11,53,false
awad_27,2,Float64,false,taylor,complexschur,30,1,3.469446951953614e-18,8230.815103160479,1,2.220446049250313e-16,13,11,53,true
awad_27,2,Float64,false,taylor,complexschur,30,1,0,8230.815103160479,1,2.220446049250313e-16,13,11,53,false
awad_27,2,Float64,false,taylor,realschur,30,1,0,8230.815103159819,1,2.220446049250313e-16,13,11,53,true
awad_27,2,Float64,false,taylor,realschur,30,1,3.552713678800501e-15,8230.815103159819,1,2.220446049250313e-16,13,11,53,false
awad_28,2,Float64,false,diagonalcheap,transfree,5,22,0,12.92056671954599,48.447328249949656,2.220446049250313e-16,13,14,53,true
awad_28,2,Float64,false,diagonalcheap,transfree,5,22,1.545517631967751e-15,12.92056671954599,48.447328249949656,2.220446049250313e-16,13,14,53,false
awad_28,2,Float64,false,diagonalcheap,complexschur,5,22,0,12.92063777294784,48.447492558728285,2.220446049250313e-16,13,14,53,true
awad_28,2,Float64,false,diagonalcheap,complexschur,5,22,0,12.92063777294784,48.447492558728285,2.220446049250313e-16,13,14,53,false
awad_28,2,Float64,false,diagonalcheap,realschur,5,22,0,12.92056671954599,48.447328249949656,2.220446049250313e-16,13,14,53,true
awad_28,2,Float64,false,diagonalcheap,realschur,5,22,1.545517631967751e-15,12.92056671954599,48.447328249949656,2.220446049250313e-16,13,14,53,false
awad_28,2,Float64,false,taylor,transfree,30,15,1.318389841742373e-15,999.0688168954774,1,2.220446049250313e-16,13,14,53,true
awad_28,2,Float64,false,taylor,transfree,30,15,7.105427357601002e-15,999.0688168954774,1,2.220446049250313e-16,13,14,53,false
awad_28,2,Float64,false,taylor,complexschur,30,15,1.304512053934559e-15,1000.023945852473,1,2.220446049250313e-16,13,14,53,true
awad_28,2,Float64,false,taylor,complexschur,30,15,7.105427357601002e-15,1000.023945852473,1,2.220446049250313e-16,13,14,53,false
awad_28,2,Float64,false,taylor,realschur,30,15,1.318389841742373e-15,999.0688168954774,1,2.220446049250313e-16,13,14,53,true
awad_28,2,Float64,false,taylor,realschur,30,15,7.105427357601002e-15,999.0688168954774,1,2.220446049250313e-16,13,14,53,false
godunov_eigtool,7,Float64,false,diagonalcheap,transfree,13,3,6.081014846387458e-18,24.18454713772512,28.78068012329826,2.220446049250313e-16,13,4,53,true
godunov_eigtool,7,Float64,false,diagonalcheap,transfree,17,3,0,24.18454713772511,28.632388183359485,2.220446049250313e-16,13,4,53,false
godunov_eigtool,7,Float64,false,diagonalcheap,complexschur,13,3,3.982000280945329e-18,29.76378011853117,38.77938733896785,2.220446049250313e-16,13,4,53,true
godunov_eigtool,7,Float64,false,diagonalcheap,complexschur,17,3,4.052511637213282e-15,29.76378011853117,38.54717436350795,2.220446049250313e-16,13,4,53,false
godunov_eigtool,7,Float64,false,diagonalcheap,realschur,13,3,1.592795381830743e-17,29.76293709081868,38.779178296406045,2.220446049250313e-16,13,4,53,true
godunov_eigtool,7,Float64,false,diagonalcheap,realschur,17,3,0,29.76293709081867,38.5469682674529,2.220446049250313e-16,13,4,53,false
godunov_eigtool,7,Float64,false,taylor,transfree,30,2,3.469446951953614e-18,150.2258698381233,1,2.220446049250313e-16,13,4,53,true
godunov_eigtool,7,Float64,false,taylor,transfree,30,2,3.552713678800501e-15,150.2258698381233,1,2.220446049250313e-16,13,4,53,false
godunov_eigtool,7,Float64,false,taylor,complexschur,30,2,3.469446951953614e-18,165.4659165198915,1,2.220446049250313e-16,13,4,53,true
godunov_eigtool,7,Float64,false,taylor,complexschur,30,2,0,165.4659165198915,1,2.220446049250313e-16,13,4,53,false
godunov_eigtool,7,Float64,false,taylor,realschur,30,2,6.938893903907228e-18,165.4660021924241,1,2.220446049250313e-16,13,4,53,true
godunov_eigtool,7,Float64,false,taylor,realschur,30,2,7.105427357601002e-15,165.4660021924241,1,2.220446049250313e-16,13,4,53,false
trem05_14.17,3,Float64,false,diagonalcheap,transfree,9,2,0,22.634296292954,48.9187125693752,2.220446049250313e-16,13,3,53,true
trem05_14.17,3,Float64,false,diagonalcheap,transfree,7,2,2.16110065122402e-15,22.634296292954,49.54098286624896,2.220446049250313e-16,13,3,53,false
trem05_14.17,3,Float64,false,diagonalcheap,complexschur,9,2,4.204710745407735e-18,22.68226148349817,50.520930521237496,2.220446049250313e-16,13,3,53,true
trem05_14.17,3,Float64,false,diagonalcheap,complexschur,9,2,2.15281190164876e-15,22.68226148349817,50.520930521237496,2.220446049250313e-16,13,3,53,false
trem05_14.17,3,Float64,false,diagonalcheap,realschur,9,2,0,22.634296292954,48.9187125693752,2.220446049250313e-16,13,3,53,true
trem05_14.17,3,Float64,false,diagonalcheap,realschur,7,2,2.16110065122402e-15,22.634296292954,49.54098286624896,2.220446049250313e-16,13,3,53,false
trem05_14.17,3,Float64,false,taylor,transfree,25,0,1.52655665885959e-16,191.6666666666667,1,2.220446049250313e-16,13,3,53,true
trem05_14.17,3,Float64,false,taylor,transfree,25,0,0,191.6666666666667,1,2.220446049250313e-16,13,3,53,false
trem05_14.17,3,Float64,false,taylor,complexschur,25,0,2.220446049250313e-16,195.9311903525789,1,2.220446049250313e-16,13,3,53,true
trem05_14.17,3,Float64,false,taylor,complexschur,25,0,3.552713678800501e-15,195.9311903525789,1,2.220446049250313e-16,13,3,53,false
trem05_14.17,3,Float64,false,taylor,realschur,25,0,1.52655665885959e-16,191.6666666666667,1,2.220446049250313e-16,13,3,53,true
trem05_14.17,3,Float64,false,taylor,realschur,25,0,0,191.6666666666667,1,2.220446049250313e-16,13,3,53,false
invol_13_complex,13,ComplexF64,false,diagonalcheap,transfree,3,27,0,17.6980219158482,87.40400539446581,2.220446049250313e-16,13,29,53,true
invol_13_complex,13,ComplexF64,false,diagonalcheap,transfree,3,27,2.075897442001302e-15,17.6980219158482,87.40400539446581,2.220446049250313e-16,13,29,53,false
invol_13_complex,13,ComplexF64,false,diagonalcheap,complexschur,3,27,0,17.6980219158482,87.40400539446581,2.220446049250313e-16,13,29,53,true
invol_13_complex,13,ComplexF64,false,diagonalcheap,complexschur,3,27,2.075897442001302e-15,17.6980219158482,87.40400539446581,2.220446049250313e-16,13,29,53,false
invol_13_complex,13,ComplexF64,false,taylor,transfree,30,9,8.673617379884035e-19,35990650.02858341,1,2.220446049250313e-16,13,29,53,true
invol_13_complex,13,ComplexF64,false,taylor,transfree,42,6,4.440892098500626e-16,25532941007.98615,1,2.220446049250313e-16,13,29,53,false
invol_13_complex,13,ComplexF64,false,taylor,complexschur,30,9,8.673617379884035e-19,35990650.02858341,1,2.220446049250313e-16,13,29,53,true
invol_13_complex,13,ComplexF64,false,taylor,complexschur,42,6,4.440892098500626e-16,25532941007.98615,1,2.220446049250313e-16,13,29,53,false
kuda10,4,Float64,false,diagonalcheap,transfree,13,0,5.091835437281302e-19,1.258956613283857,3.669284379926003,2.220446049250313e-16,13,-1,53,true
kuda10,4,Float64,false,diagonalcheap,transfree,17,0,0,1.258956613283857,3.690724788656007,2.220446049250313e-16,13,-1,53,false
kuda10,4,Float64,false,diagonalcheap,complexschur,13,0,0,1.258956613283857,3.1283851874031203,2.220446049250313e-16,13,-1,53,true
kuda10,4,Float64,false,diagonalcheap,complexschur,17,0,0,1.258956613283857,3.1447184881479453,2.220446049250313e-16,13,-1,53,false
kuda10,4,Float64,false,diagonalcheap,realschur,13,0,0,1.258956613283857,3.1283851874031203,2.220446049250313e-16,13,-1,53,true
kuda10,4,Float64,false,diagonalcheap,realschur,17,0,0,1.258956613283856,3.1447184881479453,2.220446049250313e-16,13,-1,53,false
kuda10,4,Float64,false,taylor,transfree,25,0,1.734723475976807e-18,1.3125,1,2.220446049250313e-16,13,-1,53,true
kuda10,4,Float64,false,taylor,transfree,25,0,0,1.3125,1,2.220446049250313e-16,13,-1,53,false
kuda10,4,Float64,false,taylor,complexschur,25,0,8.673617379884035e-19,1.3125,1,2.220446049250313e-16,13,-1,53,true
kuda10,4,Float64,false,taylor,complexschur,90,2,0,1.104236907069509,1,2.220446049250313e-16,13,-1,53,false
kuda10,4,Float64,false,taylor,realschur,25,0,8.673617379884035e-19,1.3125,1,2.220446049250313e-16,13,-1,53,true
kuda10,4,Float64,false,taylor,realschur,90,2,0,1.104236907069509,1,2.220446049250313e-16,13,-1,53,false
kuda10,24,Float64,false,diagonalcheap,transfree,13,0,0,1.207910415349708,3.5523273915506937,2.220446049250313e-16,13,-1,53,true
kuda10,24,Float64,false,diagonalcheap,transfree,37,0,0,1.207910415349708,3.606600334926025,2.220446049250313e-16,13,-1,53,false
kuda10,24,Float64,false,diagonalcheap,complexschur,13,0,1.075951422228156e-18,1.29601931972781,3.3052820865132797,2.220446049250313e-16,13,-1,53,true
kuda10,24,Float64,false,diagonalcheap,complexschur,21,0,0,1.29601931972781,3.3336401894907293,2.220446049250313e-16,13,-1,53,false
kuda10,24,Float64,false,diagonalcheap,realschur,13,0,1.075951422228156e-18,1.29601931972781,3.3052820865132797,2.220446049250313e-16,13,-1,53,true
kuda10,24,Float64,false,diagonalcheap,realschur,21,0,0,1.29601931972781,3.3336401894907293,2.220446049250313e-16,13,-1,53,false
kuda10,24,Float64,false,taylor,transfree,25,0,0,1.3125,1,2.220446049250313e-16,13,-1,53,true
kuda10,24,Float64,false,taylor,transfree,30,0,0,1.3125,1,2.220446049250313e-16,13,-1,53,false
kuda10,24,Float64,false,taylor,complexschur,25,0,2.602085213965211e-18,1.452596657233274,1,2.220446049250313e-16,13,-1,53,true
kuda10,24,Float64,false,taylor,complexschur,90,4,0,1.041194234853046,1,2.220446049250313e-16,13,-1,53,false
kuda10,24,Float64,false,taylor,realschur,25,0,2.602085213965211e-18,1.452596657233274,1,2.220446049250313e-16,13,-1,53,true
kuda10,24,Float64,false,taylor,realschur,90,4,0,1.041194234853046,1,2.220446049250313e-16,13,-1,53,false
lara17_benchmark1,2,Float64,false,diagonalcheap,transfree,3,0,2.168404344971009e-19,1,1.0000001664426836,2.220446049250313e-16,3,0,53,true
lara17_benchmark1,2,Float64,false,diagonalcheap,transfree,3,0,0,1,1.0000001664426836,2.220446049250313e-16,3,0,53,false
lara17_benchmark1,2,Float64,false,diagonalcheap,complexschur,3,0,2.168404344971009e-19,1,1.0000001664426836,2.220446049250313e-16,3,0,53,true
lara17_benchmark1,2,Float64,false,diagonalcheap,complexschur,3,0,0,1,1.0000001664426836,2.220446049250313e-16,3,0,53,false
lara17_benchmark1,2,Float64,false,diagonalcheap,realschur,3,0,2.168404344971009e-19,1,1.0000001664426836,2.220446049250313e-16,3,0,53,true
lara17_benchmark1,2,Float64,false,diagonalcheap,realschur,3,0,0,1,1.0000001664426836,2.220446049250313e-16,3,0,53,false
lara17_benchmark1,2,Float64,false,taylor,transfree,4,0,0,1,1,2.220446049250313e-16,3,0,53,true
lara17_benchmark1,2,Float64,false,taylor,transfree,4,0,0,1,1,2.220446049250313e-16,3,0,53,false
lara17_benchmark1,2,Float64,false,taylor,complexschur,4,0,0,1,1,2.220446049250313e-16,3,0,53,true
lara17_benchmark1,2,Float64,false,taylor,complexschur,4,0,0,1,1,2.220446049250313e-16,3,0,53,false
lara17_benchmark1,2,Float64,false,taylor,realschur,4,0,0,1,1,2.220446049250313e-16,3,0,53,true
lara17_benchmark1,2,Float64,false,taylor,realschur,4,0,0,1,1,2.220446049250313e-16,3,0,53,false
lara17_benchmark2,3,Float64,false,diagonalcheap,transfree,3,0,0,1,1.0000000660903312,2.220446049250313e-16,3,0,53,true
lara17_benchmark2,3,Float64,false,diagonalcheap,transfree,3,0,2.220446049250313e-16,1,1.0000000660903312,2.220446049250313e-16,3,0,53,false
lara17_benchmark2,3,Float64,false,diagonalcheap,complexschur,3,0,0,1,1.000000297406387,2.220446049250313e-16,3,0,53,true
lara17_benchmark2,3,Float64,false,diagonalcheap,complexschur,3,0,2.220446049250313e-16,1,1.000000297406387,2.220446049250313e-16,3,0,53,false
lara17_benchmark2,3,Float64,false,diagonalcheap,realschur,3,0,0,1,1.000000297406387,2.220446049250313e-16,3,0,53,true
lara17_benchmark2,3,Float64,false,diagonalcheap,realschur,3,0,2.220446049250313e-16,1,1.000000297406387,2.220446049250313e-16,3,0,53,false
lara17_benchmark2,3,Float64,false,taylor,transfree,4,0,0,1,1,2.220446049250313e-16,3,0,53,true
lara17_benchmark2,3,Float64,false,taylor,transfree,4,0,0,1,1,2.220446049250313e-16,3,0,53,false
lara17_benchmark2,3,Float64,false,taylor,complexschur,4,0,0,1,1,2.220446049250313e-16,3,0,53,true
lara17_benchmark2,3,Float64,false,taylor,complexschur,4,0,0,1,1,2.220446049250313e-16,3,0,53,false
lara17_benchmark2,3,Float64,false,taylor,realschur,4,0,0,1,1,2.220446049250313e-16,3,0,53,true
lara17_benchmark2,3,Float64,false,taylor,realschur,4,0,0,1,1,2.220446049250313e-16,3,0,53,false
lara17_benchmark3,3,Float64,false,diagonalcheap,transfree,3,0,2.168404343120984e-19,0.9999999969265546,1.0012115347758817,2.220446049250313e-16,3,0,53,true
lara17_benchmark3,3,Float64,false,diagonalcheap,transfree,3,0,0,0.9999999969265546,1.0012115347758817,2.220446049250313e-16,3,0,53,false
lara17_benchmark3,3,Float64,false,diagonalcheap,complexschur,3,0,2.168404343120984e-19,0.9999786386111544,1.0020684160079993,2.220446049250313e-16,3,0,53,true
lara17_benchmark3,3,Float64,false,diagonalcheap,complexschur,3,0,0,0.9999786386111544,1.0020684160079993,2.220446049250313e-16,3,0,53,false
lara17_benchmark3,3,Float64,false,diagonalcheap,realschur,3,0,2.168404343120984e-19,0.9999786386111544,1.0020684160079993,2.220446049250313e-16,3,0,53,true
lara17_benchmark3,3,Float64,false,diagonalcheap,realschur,3,0,0,0.9999786386111544,1.0020684160079993,2.220446049250313e-16,3,0,53,false
lara17_benchmark3,3,Float64,false,taylor,transfree,6,0,2.168404344971009e-19,0.9999999969251475,1,2.220446049250313e-16,3,0,53,true
lara17_benchmark3,3,Float64,false,taylor,transfree,6,0,0,0.9999999969251475,1,2.220446049250313e-16,3,0,53,false
lara17_benchmark3,3,Float64,false,taylor,complexschur,6,0,2.168404344971009e-19,0.9999999969251475,1,2.220446049250313e-16,3,0,53,true
lara17_benchmark3,3,Float64,false,taylor,complexschur,6,0,0,0.9999999969251475,1,2.220446049250313e-16,3,0,53,false
lara17_benchmark3,3,Float64,false,taylor,realschur,6,0,2.168404344971009e-19,0.9999999969251475,1,2.220446049250313e-16,3,0,53,true
lara17_benchmark3,3,Float64,false,taylor,realschur,6,0,0,0.9999999969251475,1,2.220446049250313e-16,3,0,53,false
lara17_benchmark4,4,Float64,false,diagonalcheap,transfree,3,0,2.168404344971009e-19,1,1.0000392201509225,2.220446049250313e-16,3,0,53,true
lara17_benchmark4,4,Float64,false,diagonalcheap,transfree,3,0,0,1,1.0000392201509225,2.220446049250313e-16,3,0,53,false
lara17_benchmark4,4,Float64,false,diagonalcheap,complexschur,3,0,0,1.000054953079581,1.000156759143587,2.220446049250313e-16,3,0,53,true
lara17_benchmark4,4,Float64,false,diagonalcheap,complexschur,3,0,2.22055489779575e-16,1.000054953079581,1.000156759143587,2.220446049250313e-16,3,0,53,false
lara17_benchmark4,4,Float64,false,diagonalcheap,realschur,3,0,0,1.000054953079581,1.000156759143587,2.220446049250313e-16,3,0,53,true
lara17_benchmark4,4,Float64,false,diagonalcheap,realschur,3,0,2.22055489779575e-16,1.000054953079581,1.000156759143587,2.220446049250313e-16,3,0,53,false
lara17_benchmark4,4,Float64,false,taylor,transfree,4,0,0,1,1,2.220446049250313e-16,3,0,53,true
lara17_benchmark4,4,Float64,false,taylor,transfree,4,0,0,1,1,2.220446049250313e-16,3,0,53,false
lara17_benchmark4,4,Float64,false,taylor,complexschur,4,0,2.168404344971009e-19,1.000098041515552,1,2.220446049250313e-16,3,0,53,true
lara17_benchmark4,4,Float64,false,taylor,complexschur,4,0,0,1.000098041515552,1,2.220446049250313e-16,3,0,53,false
lara17_benchmark4,4,Float64,false,taylor,realschur,4,0,2.168404344971009e-19,1.000098041515552,1,2.220446049250313e-16,3,0,53,true
lara17_benchmark4,4,Float64,false,taylor,realschur,4,0,0,1.000098041515552,1,2.220446049250313e-16,3,0,53,false
lara17_benchmark5,12,Float64,false,diagonalcheap,transfree,3,0,2.168404344971009e-19,1,1.0000790773806758,2.220446049250313e-16,3,0,53,true
lara17_benchmark5,12,Float64,false,diagonalcheap,transfree,3,0,0,1,1.0000790773806758,2.220446049250313e-16,3,0,53,false
lara17_benchmark5,12,Float64,false,diagonalcheap,complexschur,3,0,2.168884107218843e-19,1.000332690175243,1.000467651019539,2.220446049250313e-16,3,0,53,true
lara17_benchmark5,12,Float64,false,diagonalcheap,complexschur,3,0,2.220937325792095e-16,1.000332690175243,1.000467651019539,2.220446049250313e-16,3,0,53,false
lara17_benchmark5,12,Float64,false,diagonalcheap,realschur,3,0,2.168876880243749e-19,1.000332417623002,1.000464317344507,2.220446049250313e-16,3,0,53,true
lara17_benchmark5,12,Float64,false,diagonalcheap,realschur,3,0,2.220929925369599e-16,1.000332417623002,1.000464317344507,2.220446049250313e-16,3,0,53,false
lara17_benchmark5,12,Float64,false,taylor,transfree,4,0,1.517883041479706e-18,1,1,2.220446049250313e-16,3,0,53,true
lara17_benchmark5,12,Float64,false,taylor,transfree,4,0,2.220446049250313e-16,1,1,2.220446049250313e-16,3,0,53,false
lara17_benchmark5,12,Float64,false,taylor,complexschur,4,0,4.336808689942018e-19,1.000442474531402,1,2.220446049250313e-16,3,0,53,true
lara17_benchmark5,12,Float64,false,taylor,complexschur,4,0,2.220446049250313e-16,1.000442474531402,1,2.220446049250313e-16,3,0,53,false
lara17_benchmark5,12,Float64,false,taylor,realschur,4,0,4.336808689942018e-19,1.000435809114933,1,2.220446049250313e-16,3,0,53,true
lara17_benchmark5,12,Float64,false,taylor,realschur,4,0,2.220446049250313e-16,1.000435809114933,1,2.220446049250313e-16,3,0,53,false
lara17_benchmark6,8,Float64,false,diagonalcheap,transfree,3,0,0,1,1.0004926907960978,2.220446049250313e-16,3,0,53,true
lara17_benchmark6,8,Float64,false,diagonalcheap,transfree,3,0,0,1,1.0004926907960978,2.220446049250313e-16,3,0,53,false
lara17_benchmark6,8,Float64,false,diagonalcheap,complexschur,3,0,4.337561179340274e-19,1.000346998338201,1.0004199002160503,2.220446049250313e-16,3,0,53,true
lara17_benchmark6,8,Float64,false,diagonalcheap,complexschur,3,0,2.22083132382222e-16,1.000346998338201,1.0004199002160503,2.220446049250313e-16,3,0,53,false
lara17_benchmark6,8,Float64,false,diagonalcheap,realschur,3,0,4.337561179340274e-19,1.000346998338201,1.0004199002160503,2.220446049250313e-16,3,0,53,true
lara17_benchmark6,8,Float64,false,diagonalcheap,realschur,3,0,2.22083132382222e-16,1.000346998338201,1.0004199002160503,2.220446049250313e-16,3,0,53,false
lara17_benchmark6,8,Float64,false,taylor,transfree,4,0,1.517883041479706e-18,1,1,2.220446049250313e-16,3,0,53,true
lara17_benchmark6,8,Float64,false,taylor,transfree,4,0,2.220446049250313e-16,1,1,2.220446049250313e-16,3,0,53,false
lara17_benchmark6,8,Float64,false,taylor,complexschur,4,0,4.336808689942018e-19,1.000346998328182,1,2.220446049250313e-16,3,0,53,true
lara17_benchmark6,8,Float64,false,taylor,complexschur,4,0,2.220446049250313e-16,1.000346998328182,1,2.220446049250313e-16,3,0,53,false
lara17_benchmark6,8,Float64,false,taylor,realschur,4,0,4.336808689942018e-19,1.000346998328182,1,2.220446049250313e-16,3,0,53,true
lara17_benchmark6,8,Float64,false,taylor,realschur,4,0,2.220446049250313e-16,1.000346998328182,1,2.220446049250313e-16,3,0,53,false
cauchy_10,10,Rational{Int64},true,diagonalcheap,transfree,0,0,NaN,NaN,NaN,2.220446049250313e-16,9,0,53,true
cauchy_10,10,Rational{Int64},true,diagonalcheap,transfree,0,0,NaN,NaN,NaN,2.220446049250313e-16,9,0,53,false
cauchy_10,10,Rational{Int64},true,diagonalcheap,complexschur,9,0,2.089359573859866e-18,3.624305617093814,1.92709406684737,2.220446049250313e-16,9,0,53,true
cauchy_10,10,Rational{Int64},true,diagonalcheap,complexschur,13,0,4.262376412398877e-16,3.624305617093813,1.9196036822592175,2.220446049250313e-16,9,0,53,false
cauchy_10,10,Rational{Int64},true,diagonalcheap,realschur,9,0,2.089359573859866e-18,3.624305617093814,1.92709406684737,2.220446049250313e-16,9,0,53,true
cauchy_10,10,Rational{Int64},true,diagonalcheap,realschur,13,0,4.262376412398877e-16,3.624305617093813,1.9196036822592175,2.220446049250313e-16,9,0,53,false
cauchy_10,10,Rational{Int64},true,taylor,transfree,0,0,NaN,NaN,NaN,2.220446049250313e-16,9,0,53,true
cauchy_10,10,Rational{Int64},true,taylor,transfree,0,0,NaN,NaN,NaN,2.220446049250313e-16,9,0,53,false
cauchy_10,10,Rational{Int64},true,taylor,complexschur,20,0,4.336808689942018e-18,3.472540635540454,1,2.220446049250313e-16,9,0,53,true
cauchy_10,10,Rational{Int64},true,taylor,complexschur,90,1,2.220446049250313e-16,1.903760913639055,1,2.220446049250313e-16,9,0,53,false
cauchy_10,10,Rational{Int64},true,taylor,realschur,20,0,4.336808689942018e-18,3.472540635540454,1,2.220446049250313e-16,9,0,53,true
cauchy_10,10,Rational{Int64},true,taylor,realschur,90,1,2.220446049250313e-16,1.903760913639055,1,2.220446049250313e-16,9,0,53,false
condex__2_4_6,2,Float64,true,diagonalcheap,transfree,0,0,NaN,NaN,NaN,2.220446049250313e-16,13,1,53,true
condex__2_4_6,2,Float64,true,diagonalcheap,transfree,0,0,NaN,NaN,NaN,2.220446049250313e-16,13,1,53,false
condex__2_4_6,2,Float64,true,diagonalcheap,complexschur,0,0,NaN,NaN,1,2.220446049250313e-16,13,1,53,true
condex__2_4_6,2,Float64,true,diagonalcheap,complexschur,0,0,NaN,NaN,1,2.220446049250313e-16,13,1,53,false
condex__2_4_6,2,Float64,true,diagonalcheap,realschur,0,0,NaN,NaN,1,2.220446049250313e-16,13,1,53,true
condex__2_4_6,2,Float64,true,diagonalcheap,realschur,0,0,NaN,NaN,1,2.220446049250313e-16,13,1,53,false
condex__2_4_6,2,Float64,true,taylor,transfree,0,0,NaN,NaN,NaN,2.220446049250313e-16,13,1,53,true
condex__2_4_6,2,Float64,true,taylor,transfree,0,0,NaN,NaN,NaN,2.220446049250313e-16,13,1,53,false
condex__2_4_6,2,Float64,true,taylor,complexschur,0,0,NaN,NaN,1,2.220446049250313e-16,13,1,53,true
condex__2_4_6,2,Float64,true,taylor,complexschur,0,0,NaN,NaN,1,2.220446049250313e-16,13,1,53,false
condex__2_4_6,2,Float64,true,taylor,realschur,0,0,NaN,NaN,1,2.220446049250313e-16,13,1,53,true
condex__2_4_6,2,Float64,true,taylor,realschur,0,0,NaN,NaN,1,2.220446049250313e-16,13,1,53,false
condex__3_2_100,3,Float64,false,diagonalcheap,transfree,9,0,4.542893542765454e-17,8.181928021308007,4.139317848653797,2.220446049250313e-16,13,0,53,true
condex__3_2_100,3,Float64,false,diagonalcheap,transfree,9,0,0,8.181928021308007,4.139317848653796,2.220446049250313e-16,13,0,53,false
condex__3_2_100,3,Float64,false,diagonalcheap,complexschur,9,0,4.542893542765454e-17,8.181928021308007,4.139317848653797,2.220446049250313e-16,13,0,53,true
condex__3_2_100,3,Float64,false,diagonalcheap,complexschur,9,0,0,8.181928021308007,4.139317848653796,2.220446049250313e-16,13,0,53,false
condex__3_2_100,3,Float64,false,diagonalcheap,realschur,9,0,4.542893542765454e-17,8.181928021308007,4.139317848653797,2.220446049250313e-16,13,0,53,true
condex__3_2_100,3,Float64,false,diagonalcheap,realschur,9,0,0,8.181928021308007,4.139317848653796,2.220446049250313e-16,13,0,53,false
condex__3_2_100,3,Float64,false,taylor,transfree,20,0,5.100087019371813e-16,7.691583166666666,1,2.220446049250313e-16,13,0,53,true
condex__3_2_100,3,Float64,false,taylor,transfree,20,0,8.881784197001252e-16,7.691583166666666,1,2.220446049250313e-16,13,0,53,false
condex__3_2_100,3,Float64,false,taylor,complexschur,20,0,5.100087019371813e-16,7.691583166666666,1,2.220446049250313e-16,13,0,53,true
condex__3_2_100,3,Float64,false,taylor,complexschur,20,0,8.881784197001252e-16,7.691583166666666,1,2.220446049250313e-16,13,0,53,false
condex__3_2_100,3,Float64,false,taylor,realschur,20,0,5.100087019371813e-16,7.691583166666666,1,2.220446049250313e-16,13,0,53,true
condex__3_2_100,3,Float64,false,taylor,realschur,20,0,8.881784197001252e-16,7.691583166666666,1,2.220446049250313e-16,13,0,53,false
condex__10_3_100,10,Float64,false,diagonalcheap,transfree,13,0,3.676614855540493e-18,9.479535952822365,30.78404967381539,2.220446049250313e-16,13,1,53,true
condex__10_3_100,10,Float64,false,diagonalcheap,transfree,17,0,1.884687778847764e-15,9.479535952822371,30.908085342644817,2.220446049250313e-16,13,1,53,false
condex__10_3_100,10,Float64,false,diagonalcheap,complexschur,13,0,7.353229711080984e-18,9.479535952822363,30.78404967381538,2.220446049250313e-16,13,1,53,true
condex__10_3_100,10,Float64,false,diagonalcheap,complexschur,37,0,0,6.795704571147613,31.120788256160154,2.220446049250313e-16,13,1,53,false
condex__10_3_100,10,Float64,false,diagonalcheap,realschur,13,0,3.676614855540492e-18,9.479535952822365,30.78404967381538,2.220446049250313e-16,13,1,53,true
condex__10_3_100,10,Float64,false,diagonalcheap,realschur,37,0,0,6.795704571147613,31.120788256160154,2.220446049250313e-16,13,1,53,false
condex__10_3_100,10,Float64,false,taylor,transfree,25,0,3.469446951953614e-18,11.5,1,2.220446049250313e-16,13,1,53,true
condex__10_3_100,10,Float64,false,taylor,transfree,30,0,1.77635683940025e-15,11.5,1,2.220446049250313e-16,13,1,53,false
condex__10_3_100,10,Float64,false,taylor,complexschur,25,0,0,11.5,1,2.220446049250313e-16,13,1,53,true
condex__10_3_100,10,Float64,false,taylor,complexschur,25,0,1.77635683940025e-15,11.5,1,2.220446049250313e-16,13,1,53,false
condex__10_3_100,10,Float64,false,taylor,realschur,25,0,0,11.5,1,2.220446049250313e-16,13,1,53,true
condex__10_3_100,10,Float64,false,taylor,realschur,25,0,1.77635683940025e-15,11.5,1,2.220446049250313e-16,13,1,53,false
condex__10_4_100,10,Float64,false,diagonalcheap,transfree,13,5,3.589275234333624e-18,15.8666005489902,12.864953413191364,2.220446049250313e-16,13,6,53,true
condex__10_4_100,10,Float64,false,diagonalcheap,transfree,31,5,1.796843926940685e-15,15.86660054899022,12.989797144775997,2.220446049250313e-16,13,6,53,false
condex__10_4_100,10,Float64,false,diagonalcheap,complexschur,13,5,1.435710093733448e-17,15.86660054899018,9.090080817474968,2.220446049250313e-16,13,6,53,true
condex__10_4_100,10,Float64,false,diagonalcheap,complexschur,21,5,1.810602837855558e-15,15.86660054899018,9.0007694268569,2.220446049250313e-16,13,6,53,false
condex__10_4_100,10,Float64,false,diagonalcheap,realschur,13,5,1.435710093733448e-17,15.86660054899018,9.090080817474968,2.220446049250313e-16,13,6,53,true
condex__10_4_100,10,Float64,false,diagonalcheap,realschur,21,5,1.810602837855558e-15,15.86660054899018,9.0007694268569,2.220446049250313e-16,13,6,53,false
condex__10_4_100,10,Float64,false,taylor,transfree,36,4,2.498001805406602e-16,131.9295028769019,1,2.220446049250313e-16,13,6,53,true
condex__10_4_100,10,Float64,false,taylor,transfree,42,4,2.842170943040401e-14,131.9295028769019,1,2.220446049250313e-16,13,6,53,false
condex__10_4_100,10,Float64,false,taylor,complexschur,36,4,2.775557561562891e-16,131.9295028769017,1,2.220446049250313e-16,13,6,53,true
condex__10_4_100,10,Float64,false,taylor,complexschur,36,4,0,131.9295028769017,1,2.220446049250313e-16,13,6,53,false
condex__10_4_100,10,Float64,false,taylor,realschur,36,4,2.775557561562891e-16,131.9295028769017,1,2.220446049250313e-16,13,6,53,true
condex__10_4_100,10,Float64,false,taylor,realschur,36,4,0,131.9295028769017,1,2.220446049250313e-16,13,6,53,false
dorr_10_100.0,10,Float64,false,diagonalcheap,transfree,13,13,1.982211817041104e-17,19.02464210323192,19.163494702508544,2.220446049250313e-16,13,14,53,true
dorr_10_100.0,10,Float64,false,diagonalcheap,transfree,21,13,0,19.0246421032319,19.164154398314263,2.220446049250313e-16,13,14,53,false
dorr_10_100.0,10,Float64,false,diagonalcheap,complexschur,13,13,7.450523569683687e-18,17.02415960147361,17.025690906607412,2.220446049250313e-16,13,14,53,true
dorr_10_100.0,10,Float64,false,diagonalcheap,complexschur,17,13,0,17.02415960147359,17.025713285759476,2.220446049250313e-16,13,14,53,false
dorr_10_100.0,10,Float64,false,diagonalcheap,realschur,13,13,7.450523569683687e-18,17.02415960147362,17.025690906607412,2.220446049250313e-16,13,14,53,true
dorr_10_100.0,10,Float64,false,diagonalcheap,realschur,17,13,0,17.02415960147359,17.025713285759476,2.220446049250313e-16,13,14,53,false
dorr_10_100.0,10,Float64,false,taylor,transfree,56,11,1.4210854715202e-14,6634.733178706223,1,2.220446049250313e-16,13,14,53,true
dorr_10_100.0,10,Float64,false,taylor,transfree,90,13,0,19.02079321735294,1,2.220446049250313e-16,13,14,53,false
dorr_10_100.0,10,Float64,false,taylor,complexschur,36,12,4.996003610813204e-16,144.9528871252308,1,2.220446049250313e-16,13,14,53,true
dorr_10_100.0,10,Float64,false,taylor,complexschur,90,13,3.552713678800501e-15,17.02106661466252,1,2.220446049250313e-16,13,14,53,false
dorr_10_100.0,10,Float64,false,taylor,realschur,36,12,4.996003610813204e-16,144.9528871252308,1,2.220446049250313e-16,13,14,53,true
dorr_10_100.0,10,Float64,false,taylor,realschur,90,13,3.552713678800501e-15,17.02106661466252,1,2.220446049250313e-16,13,14,53,false
dramadah_10_2,10,Int64,false,diagonalcheap,transfree,13,0,5.487289433807065e-17,41.16748238563355,28.516936436403064,2.220446049250313e-16,13,1,53,true
dramadah_10_2,10,Int64,false,diagonalcheap,transfree,17,0,7.930194984910022e-15,41.16748238563362,28.184669730750176,2.220446049250313e-16,13,1,53,false
dramadah_10_2,10,Int64,false,diagonalcheap,complexschur,13,0,5.487289433807065e-17,41.16748238563355,28.516936436403064,2.220446049250313e-16,13,1,53,true
dramadah_10_2,10,Int64,false,diagonalcheap,complexschur,17,0,7.930194984910022e-15,41.16748238563362,28.184669730750176,2.220446049250313e-16,13,1,53,false
dramadah_10_2,10,Int64,false,diagonalcheap,realschur,13,0,5.487289433807065e-17,41.16748238563355,28.516936436403064,2.220446049250313e-16,13,1,53,true
dramadah_10_2,10,Int64,false,diagonalcheap,realschur,17,0,7.930194984910022e-15,41.16748238563362,28.184669730750176,2.220446049250313e-16,13,1,53,false
dramadah_10_2,10,Int64,false,taylor,transfree,30,0,3.469446951953614e-18,28.5,1,2.220446049250313e-16,13,1,53,true
dramadah_10_2,10,Int64,false,taylor,transfree,30,0,0,28.5,1,2.220446049250313e-16,13,1,53,false
dramadah_10_2,10,Int64,false,taylor,complexschur,30,0,3.469446951953614e-18,28.5,1,2.220446049250313e-16,13,1,53,true
dramadah_10_2,10,Int64,false,taylor,complexschur,30,0,0,28.5,1,2.220446049250313e-16,13,1,53,false
dramadah_10_2,10,Int64,false,taylor,realschur,30,0,3.469446951953614e-18,28.5,1,2.220446049250313e-16,13,1,53,true
dramadah_10_2,10,Int64,false,taylor,realschur,30,0,0,28.5,1,2.220446049250313e-16,13,1,53,false
frank_10,10,Int64,false,diagonalcheap,transfree,13,3,4.579347517759346e-17,40.57609509276203,11.66720524640248,2.220446049250313e-16,13,3,53,true
frank_10,10,Int64,false,diagonalcheap,transfree,65,3,6.374710098957677e-15,40.57609509276197,11.064066303076117,2.220446049250313e-16,13,3,53,false
frank_10,10,Int64,false,diagonalcheap,complexschur,13,3,5.458441598625045e-17,36.71259772115952,7.520450497151999,2.220446049250313e-16,13,3,53,true
frank_10,10,Int64,false,diagonalcheap,complexschur,49,3,5.942246298488848e-15,36.7125977211595,7.192456618847298,2.220446049250313e-16,13,3,53,false
frank_10,10,Int64,false,diagonalcheap,realschur,13,3,5.458441598625045e-17,36.71259772115952,7.520450497151999,2.220446049250313e-16,13,3,53,true
frank_10,10,Int64,false,diagonalcheap,realschur,49,3,5.942246298488848e-15,36.7125977211595,7.192456618847298,2.220446049250313e-16,13,3,53,false
frank_10,10,Int64,false,taylor,transfree,30,3,2.081668171172169e-17,30.66432698567708,1,2.220446049250313e-16,13,3,53,true
frank_10,10,Int64,false,taylor,transfree,42,3,0,30.66432698567708,1,2.220446049250313e-16,13,3,53,false
frank_10,10,Int64,false,taylor,complexschur,30,3,0,27.91221271967624,1,2.220446049250313e-16,13,3,53,true
frank_10,10,Int64,false,taylor,complexschur,42,3,0,27.91221271967624,1,2.220446049250313e-16,13,3,53,false
frank_10,10,Int64,false,taylor,realschur,30,3,0,27.91221271967624,1,2.220446049250313e-16,13,3,53,true
frank_10,10,Int64,false,taylor,realschur,42,3,0,27.91221271967624,1,2.220446049250313e-16,13,3,53,false
gcdmat_10,10,Int64,true,diagonalcheap,transfree,0,0,NaN,NaN,NaN,2.220446049250313e-16,13,3,53,true
gcdmat_10,10,Int64,true,diagonalcheap,transfree,0,0,NaN,NaN,NaN,2.220446049250313e-16,13,3,53,false
gcdmat_10,10,Int64,true,diagonalcheap,complexschur,13,2,2.143026332393754e-14,160.4201807247613,14.068015486409234,2.220446049250313e-16,13,3,53,true
gcdmat_10,10,Int64,true,diagonalcheap,complexschur,91,4,4.193541357977109e-16,3.55889152012878,1.8776841972702785,2.220446049250313e-16,13,3,53,false
gcdmat_10,10,Int64,true,diagonalcheap,realschur,13,2,2.143026332393754e-14,160.4201807247613,14.068015486409234,2.220446049250313e-16,13,3,53,true
gcdmat_10,10,Int64,true,diagonalcheap,realschur,91,4,4.193541357977109e-16,3.55889152012878,1.8776841972702785,2.220446049250313e-16,13,3,53,false
gcdmat_10,10,Int64,true,taylor,transfree,0,0,NaN,NaN,NaN,2.220446049250313e-16,13,3,53,true
gcdmat_10,10,Int64,true,taylor,transfree,0,0,NaN,NaN,NaN,2.220446049250313e-16,13,3,53,false
gcdmat_10,10,Int64,true,taylor,complexschur,36,2,8.326672684688674e-17,68.49145187530257,1,2.220446049250313e-16,13,3,53,true
gcdmat_10,10,Int64,true,taylor,complexschur,90,3,0,12.66481561809789,1,2.220446049250313e-16,13,3,53,false
gcdmat_10,10,Int64,true,taylor,realschur,36,2,8.326672684688674e-17,68.49145187530257,1,2.220446049250313e-16,13,3,53,true
gcdmat_10,10,Int64,true,taylor,realschur,90,3,0,12.66481561809789,1,2.220446049250313e-16,13,3,53,false
grcar_10,10,Int64,false,diagonalcheap,transfree,13,0,5.188169960167637e-18,23.31589524986434,11.735261662675788,2.220446049250313e-16,13,0,53,true
grcar_10,10,Int64,false,diagonalcheap,transfree,43,0,0,23.31589524986434,11.239194878960916,2.220446049250313e-16,13,0,53,false
grcar_10,10,Int64,false,diagonalcheap,complexschur,13,0,4.9237244557653e-18,20.15606766458666,8.05908294040557,2.220446049250313e-16,13,0,53,true
grcar_10,10,Int64,false,diagonalcheap,complexschur,17,0,0,20.15606766458667,7.969015531122586,2.220446049250313e-16,13,0,53,false
grcar_10,10,Int64,false,diagonalcheap,realschur,13,0,2.639074175947578e-17,23.33252676906935,9.615851768650936,2.220446049250313e-16,13,0,53,true
grcar_10,10,Int64,false,diagonalcheap,realschur,57,0,2.677471406332508e-15,23.33252676906934,9.333496417274201,2.220446049250313e-16,13,0,53,false
grcar_10,10,Int64,false,taylor,transfree,30,0,6.938893903907228e-18,18,1,2.220446049250313e-16,13,0,53,true
grcar_10,10,Int64,false,taylor,transfree,30,0,0,18,1,2.220446049250313e-16,13,0,53,false
grcar_10,10,Int64,false,taylor,complexschur,30,0,1.040834085586084e-17,19.03215229569967,1,2.220446049250313e-16,13,0,53,true
grcar_10,10,Int64,false,taylor,complexschur,30,0,3.552713678800501e-15,19.03215229569967,1,2.220446049250313e-16,13,0,53,false
grcar_10,10,Int64,false,taylor,realschur,30,0,3.469446951953614e-18,20.85991543753857,1,2.220446049250313e-16,13,0,53,true
grcar_10,10,Int64,false,taylor,realschur,30,0,0,20.85991543753857,1,2.220446049250313e-16,13,0,53,false
hanowa_10,10,Int64,false,diagonalcheap,transfree,17,0,1.442012886446876e-17,0.5188741290196173,2.1112900004929704,2.220446049250313e-16,13,1,53,true
hanowa_10,10,Int64,false,diagonalcheap,transfree,91,4,2.46060847028595e-16,1.182727117159849,1.3073871734563256,2.220446049250313e-16,13,1,53,false
hanowa_10,10,Int64,false,diagonalcheap,complexschur,0,0,NaN,NaN,1,2.220446049250313e-16,13,1,53,true
hanowa_10,10,Int64,false,diagonalcheap,complexschur,0,0,NaN,NaN,1,2.220446049250313e-16,13,1,53,false
hanowa_10,10,Int64,false,diagonalcheap,realschur,17,0,1.442012886446876e-17,0.5188741290196173,2.1112900004929704,2.220446049250313e-16,13,1,53,true
hanowa_10,10,Int64,false,diagonalcheap,realschur,91,4,2.46060847028595e-16,1.182727117159849,1.3073871734563256,2.220446049250313e-16,13,1,53,false
hanowa_10,10,Int64,false,taylor,transfree,30,1,1.734723475976807e-18,2,1,2.220446049250313e-16,13,1,53,true
hanowa_10,10,Int64,false,taylor,transfree,25,1,0,2,1,2.220446049250313e-16,13,1,53,false
hanowa_10,10,Int64,false,taylor,complexschur,0,0,NaN,NaN,1,2.220446049250313e-16,13,1,53,true
hanowa_10,10,Int64,false,taylor,complexschur,0,0,NaN,NaN,1,2.220446049250313e-16,13,1,53,false
hanowa_10,10,Int64,false,taylor,realschur,30,1,1.734723475976807e-18,2,1,2.220446049250313e-16,13,1,53,true
hanowa_10,10,Int64,false,taylor,realschur,25,1,0,2,1,2.220446049250313e-16,13,1,53,false
hilbert_10,10,Rational{Int64},true,diagonalcheap,transfree,0,0,NaN,NaN,NaN,2.220446049250313e-16,13,0,53,true
hilbert_10,10,Rational{Int64},true,diagonalcheap,transfree,0,0,NaN,NaN,NaN,2.220446049250313e-16,13,0,53,false
hilbert_10,10,Rational{Int64},true,diagonalcheap,complexschur,9,0,4.047294270933381e-17,5.76566022567973,2.4559013686478584,2.220446049250313e-16,13,0,53,true
hilbert_10,10,Rational{Int64},true,diagonalcheap,complexschur,9,0,0,5.76566022567973,2.4559013686478584,2.220446049250313e-16,13,0,53,false
hilbert_10,10,Rational{Int64},true,diagonalcheap,realschur,9,0,4.047294270933381e-17,5.76566022567973,2.4559013686478584,2.220446049250313e-16,13,0,53,true
hilbert_10,10,Rational{Int64},true,diagonalcheap,realschur,9,0,0,5.76566022567973,2.4559013686478584,2.220446049250313e-16,13,0,53,false
hilbert_10,10,Rational{Int64},true,taylor,transfree,0,0,NaN,NaN,NaN,2.220446049250313e-16,13,0,53,true
hilbert_10,10,Rational{Int64},true,taylor,transfree,0,0,NaN,NaN,NaN,2.220446049250313e-16,13,0,53,false
hilbert_10,10,Rational{Int64},true,taylor,complexschur,25,0,8.673617379884035e-19,5.182702823227659,1,2.220446049250313e-16,13,0,53,true
hilbert_10,10,Rational{Int64},true,taylor,complexschur,25,0,8.881784197001252e-16,5.182702823227659,1,2.220446049250313e-16,13,0,53,false
hilbert_10,10,Rational{Int64},true,taylor,realschur,25,0,8.673617379884035e-19,5.182702823227659,1,2.220446049250313e-16,13,0,53,true
hilbert_10,10,Rational{Int64},true,taylor,realschur,25,0,8.881784197001252e-16,5.182702823227659,1,2.220446049250313e-16,13,0,53,false
invhess_10,10,Int64,false,diagonalcheap,transfree,13,3,2.791247323739045e-17,4.903270679725938,5.50746178084438,2.220446049250313e-16,13,4,53,true
invhess_10,10,Int64,false,diagonalcheap,transfree,91,6,3.183582350237936e-16,1.4376710385699,1.7981897613937523,2.220446049250313e-16,13,4,53,false
invhess_10,10,Int64,false,diagonalcheap,complexschur,13,3,2.719569087349104e-18,6.611678030855812,3.8936906487116056,2.220446049250313e-16,13,4,53,true
invhess_10,10,Int64,false,diagonalcheap,complexschur,91,7,0,1.203785068332202,1.1250320439484764,2.220446049250313e-16,13,4,53,false
invhess_10,10,Int64,false,diagonalcheap,realschur,13,3,1.847128075719859e-17,3.597388406519565,3.2411735725299655,2.220446049250313e-16,13,4,53,true
invhess_10,10,Int64,false,diagonalcheap,realschur,49,3,0,3.597388406519564,3.201140424966258,2.220446049250313e-16,13,4,53,false
invhess_10,10,Int64,false,taylor,transfree,30,3,9.71445146547012e-17,13.1680908203125,1,2.220446049250313e-16,13,4,53,true
invhess_10,10,Int64,false,taylor,transfree,30,3,0,13.1680908203125,1,2.220446049250313e-16,13,4,53,false
invhess_10,10,Int64,false,taylor,complexschur,30,3,6.938893903907228e-18,7.587789087152665,1,2.220446049250313e-16,13,4,53,true
invhess_10,10,Int64,false,taylor,complexschur,90,6,2.220446049250313e-16,1.423775290523674,1,2.220446049250313e-16,13,4,53,false
invhess_10,10,Int64,false,taylor,realschur,30,3,1.387778780781446e-17,9.045001939799313,1,2.220446049250313e-16,13,4,53,true
invhess_10,10,Int64,false,taylor,realschur,90,6,2.220446049250313e-16,1.492248055740093,1,2.220446049250313e-16,13,4,53,false
jordbloc_10_1,10,Int64,false,diagonalcheap,transfree,9,0,6.895433151689101e-16,7.389055275601542,2.703510110522506,2.220446049250313e-16,9,0,53,true
jordbloc_10_1,10,Int64,false,diagonalcheap,transfree,9,0,0,7.389055275601541,2.703510110522506,2.220446049250313e-16,9,0,53,false
jordbloc_10_1,10,Int64,false,diagonalcheap,complexschur,9,0,6.895433151689101e-16,7.389055275601542,2.703510110522506,2.220446049250313e-16,9,0,53,true
jordbloc_10_1,10,Int64,false,diagonalcheap,complexschur,9,0,0,7.389055275601541,2.703510110522506,2.220446049250313e-16,9,0,53,false
jordbloc_10_1,10,Int64,false,diagonalcheap,realschur,9,0,6.895433151689101e-16,7.389055275601542,2.703510110522506,2.220446049250313e-16,9,0,53,true
jordbloc_10_1,10,Int64,false,diagonalcheap,realschur,9,0,0,7.389055275601541,2.703510110522506,2.220446049250313e-16,9,0,53,false
jordbloc_10_1,10,Int64,false,taylor,transfree,25,0,1.734723475976807e-18,6.333333333333334,1,2.220446049250313e-16,9,0,53,true
jordbloc_10_1,10,Int64,false,taylor,transfree,90,0,8.881784197001252e-16,6.333333333333334,1,2.220446049250313e-16,9,0,53,false
jordbloc_10_1,10,Int64,false,taylor,complexschur,25,0,1.734723475976807e-18,6.333333333333334,1,2.220446049250313e-16,9,0,53,true
jordbloc_10_1,10,Int64,false,taylor,complexschur,90,0,8.881784197001252e-16,6.333333333333334,1,2.220446049250313e-16,9,0,53,false
jordbloc_10_1,10,Int64,false,taylor,realschur,25,0,1.734723475976807e-18,6.333333333333334,1,2.220446049250313e-16,9,0,53,true
jordbloc_10_1,10,Int64,false,taylor,realschur,90,0,8.881784197001252e-16,6.333333333333334,1,2.220446049250313e-16,9,0,53,false
kahan_10,10,Float64,false,diagonalcheap,transfree,9,0,0,4.503197440806563,5.067902629976462,2.220446049250313e-16,13,0,53,true
kahan_10,10,Float64,false,diagonalcheap,transfree,9,0,5.793475669449625e-16,4.503197440806563,5.067902629976462,2.220446049250313e-16,13,0,53,false
kahan_10,10,Float64,false,diagonalcheap,complexschur,9,0,0,4.503197440806563,5.067902629976462,2.220446049250313e-16,13,0,53,true
kahan_10,10,Float64,false,diagonalcheap,complexschur,9,0,5.793475669449625e-16,4.503197440806563,5.067902629976462,2.220446049250313e-16,13,0,53,false
kahan_10,10,Float64,false,diagonalcheap,realschur,9,0,0,4.503197440806563,5.067902629976462,2.220446049250313e-16,13,0,53,true
kahan_10,10,Float64,false,diagonalcheap,realschur,9,0,5.793475669449625e-16,4.503197440806563,5.067902629976462,2.220446049250313e-16,13,0,53,false
kahan_10,10,Float64,false,taylor,transfree,20,0,0,4.516030141321018,1,2.220446049250313e-16,13,0,53,true
kahan_10,10,Float64,false,taylor,transfree,20,0,4.440892098500626e-16,4.516030141321018,1,2.220446049250313e-16,13,0,53,false
kahan_10,10,Float64,false,taylor,complexschur,20,0,0,4.516030141321018,1,2.220446049250313e-16,13,0,53,true
kahan_10,10,Float64,false,taylor,complexschur,20,0,4.440892098500626e-16,4.516030141321018,1,2.220446049250313e-16,13,0,53,false
kahan_10,10,Float64,false,taylor,realschur,20,0,0,4.516030141321018,1,2.220446049250313e-16,13,0,53,true
kahan_10,10,Float64,false,taylor,realschur,20,0,4.440892098500626e-16,4.516030141321018,1,2.220446049250313e-16,13,0,53,false
lehmer_10,10,Rational{Int64},true,diagonalcheap,transfree,0,0,NaN,NaN,NaN,2.220446049250313e-16,13,1,53,true
lehmer_10,10,Rational{Int64},true,diagonalcheap,transfree,0,0,NaN,NaN,NaN,2.220446049250313e-16,13,1,53,false
lehmer_10,10,Rational{Int64},true,diagonalcheap,complexschur,17,0,2.799563409973577e-16,316.866821696522,19.51139406243882,2.220446049250313e-16,13,1,53,true
lehmer_10,10,Rational{Int64},true,diagonalcheap,complexschur,91,2,9.134849848735368e-16,4.219093907759968,2.0399169878706176,2.220446049250313e-16,13,1,53,false
lehmer_10,10,Rational{Int64},true,diagonalcheap,realschur,17,0,2.799563409973577e-16,316.866821696522,19.511394062438818,2.220446049250313e-16,13,1,53,true
lehmer_10,10,Rational{Int64},true,diagonalcheap,realschur,91,2,9.134849848735368e-16,4.219093907759968,2.0399169878706176,2.220446049250313e-16,13,1,53,false
lehmer_10,10,Rational{Int64},true,taylor,transfree,0,0,NaN,NaN,NaN,2.220446049250313e-16,13,1,53,true
lehmer_10,10,Rational{Int64},true,taylor,transfree,0,0,NaN,NaN,NaN,2.220446049250313e-16,13,1,53,false
lehmer_10,10,Rational{Int64},true,taylor,complexschur,25,1,2.418204525511669e-15,12.00241872652855,1,2.220446049250313e-16,13,1,53,true
lehmer_10,10,Rational{Int64},true,taylor,complexschur,90,2,8.881784197001252e-16,4.219092342892237,1,2.220446049250313e-16,13,1,53,false
lehmer_10,10,Rational{Int64},true,taylor,realschur,25,1,2.418204525511669e-15,12.00241872652855,1,2.220446049250313e-16,13,1,53,true
lehmer_10,10,Rational{Int64},true,taylor,realschur,90,2,8.881784197001252e-16,4.219092342892237,1,2.220446049250313e-16,13,1,53,false
minij_10,10,Int64,true,diagonalcheap,transfree,0,0,NaN,NaN,NaN,2.220446049250313e-16,13,4,53,true
minij_10,10,Int64,true,diagonalcheap,transfree,0,0,NaN,NaN,NaN,2.220446049250313e-16,13,4,53,false
minij_10,10,Int64,true,diagonalcheap,complexschur,17,3,2.114431223469547e-15,269.2818448831531,18.175136352632183,2.220446049250313e-16,13,4,53,true
minij_10,10,Int64,true,diagonalcheap,complexschur,91,5,0,4.050902295825439,2.0073718250675037,2.220446049250313e-16,13,4,53,false
minij_10,10,Int64,true,diagonalcheap,realschur,17,3,2.114431223469547e-15,269.2818448831531,18.175136352632183,2.220446049250313e-16,13,4,53,true
minij_10,10,Int64,true,diagonalcheap,realschur,91,5,0,4.050902295825439,2.0073718250675037,2.220446049250313e-16,13,4,53,false
minij_10,10,Int64,true,taylor,transfree,0,0,NaN,NaN,NaN,2.220446049250313e-16,13,4,53,true
minij_10,10,Int64,true,taylor,transfree,0,0,NaN,NaN,NaN,2.220446049250313e-16,13,4,53,false
minij_10,10,Int64,true,taylor,complexschur,36,3,3.33066907387547e-16,92.30795802910626,1,2.220446049250313e-16,13,4,53,true
minij_10,10,Int64,true,taylor,complexschur,36,3,0,92.30795802910626,1,2.220446049250313e-16,13,4,53,false
minij_10,10,Int64,true,taylor,realschur,36,3,3.33066907387547e-16,92.30795802910626,1,2.220446049250313e-16,13,4,53,true
minij_10,10,Int64,true,taylor,realschur,36,3,0,92.30795802910626,1,2.220446049250313e-16,13,4,53,false
moler_10,10,Float64,true,diagonalcheap,transfree,0,0,NaN,NaN,NaN,2.220446049250313e-16,13,3,53,true
moler_10,10,Float64,true,diagonalcheap,transfree,0,0,NaN,NaN,NaN,2.220446049250313e-16,13,3,53,false
moler_10,10,Float64,true,diagonalcheap,complexschur,13,3,7.426648161913268e-17,51.86925460097535,7.7839434363288085,2.220446049250313e-16,13,3,53,true
moler_10,10,Float64,true,diagonalcheap,complexschur,91,6,0,1.638188039738399,1.2801324836678614,2.220446049250313e-16,13,3,53,false
moler_10,10,Float64,true,diagonalcheap,realschur,13,3,7.426648161913268e-17,51.86925460097535,7.783943436328808,2.220446049250313e-16,13,3,53,true
moler_10,10,Float64,true,diagonalcheap,realschur,91,6,0,1.638188039738399,1.2801324836678614,2.220446049250313e-16,13,3,53,false
moler_10,10,Float64,true,taylor,transfree,0,0,NaN,NaN,NaN,2.220446049250313e-16,13,3,53,true
moler_10,10,Float64,true,taylor,transfree,0,0,NaN,NaN,NaN,2.220446049250313e-16,13,3,53,false
moler_10,10,Float64,true,taylor,complexschur,30,3,4.163336342344337e-16,33.1368302802794,1,2.220446049250313e-16,13,3,53,true
moler_10,10,Float64,true,taylor,complexschur,30,3,7.105427357601002e-15,33.1368302802794,1,2.220446049250313e-16,13,3,53,false
moler_10,10,Float64,true,taylor,realschur,30,3,4.163336342344337e-16,33.1368302802794,1,2.220446049250313e-16,13,3,53,true
moler_10,10,Float64,true,taylor,realschur,30,3,7.105427357601002e-15,33.1368302802794,1,2.220446049250313e-16,13,3,53,false
parter_10,10,Rational{Int64},false,diagonalcheap,transfree,13,0,4.902413755965064e-17,26.1713688171766,9.150945855568063,2.220446049250313e-16,13,1,53,true
parter_10,10,Rational{Int64},false,diagonalcheap,transfree,81,0,0,26.17136881717666,9.075506542368473,2.220446049250313e-16,13,1,53,false
parter_10,10,Rational{Int64},false,diagonalcheap,complexschur,13,0,7.024249582260054e-17,37.83576251723287,5.326274709327428,2.220446049250313e-16,13,1,53,true
parter_10,10,Rational{Int64},false,diagonalcheap,complexschur,21,0,0,37.83576251723286,5.157680662177872,2.220446049250313e-16,13,1,53,false
parter_10,10,Rational{Int64},false,diagonalcheap,realschur,13,0,1.113432321540168e-16,35.22544596113075,7.164827183327795,2.220446049250313e-16,13,1,53,true
parter_10,10,Rational{Int64},false,diagonalcheap,realschur,81,0,0,35.22544596113077,6.820222580503727,2.220446049250313e-16,13,1,53,false
parter_10,10,Rational{Int64},false,taylor,transfree,25,1,1.734723475976807e-18,5.928925889187153,1,2.220446049250313e-16,13,1,53,true
parter_10,10,Rational{Int64},false,taylor,transfree,25,1,8.881784197001252e-16,5.928925889187153,1,2.220446049250313e-16,13,1,53,false
parter_10,10,Rational{Int64},false,taylor,complexschur,25,1,1.734723475976807e-18,7.266635602513933,1,2.220446049250313e-16,13,1,53,true
parter_10,10,Rational{Int64},false,taylor,complexschur,25,1,8.881784197001252e-16,7.266635602513933,1,2.220446049250313e-16,13,1,53,false
parter_10,10,Rational{Int64},false,taylor,realschur,25,1,1.734723475976807e-18,8.443616408515172,1,2.220446049250313e-16,13,1,53,true
parter_10,10,Rational{Int64},false,taylor,realschur,25,1,8.881784197001252e-16,8.443616408515172,1,2.220446049250313e-16,13,1,53,false
pei_10,10,Int64,true,diagonalcheap,transfree,0,0,NaN,NaN,NaN,2.220446049250313e-16,13,2,53,true
pei_10,10,Int64,true,diagonalcheap,transfree,0,0,NaN,NaN,NaN,2.220446049250313e-16,13,2,53,false
pei_10,10,Int64,true,diagonalcheap,complexschur,17,1,9.733542767701616e-16,244.6919322642192,13.642872978583288,2.220446049250313e-16,13,2,53,true
pei_10,10,Int64,true,diagonalcheap,complexschur,65,1,2.861324727144002e-14,244.6919322642241,12.541749096046964,2.220446049250313e-16,13,2,53,false
pei_10,10,Int64,true,diagonalcheap,realschur,17,1,9.733542767701616e-16,244.6919322642192,13.64287297858329,2.220446049250313e-16,13,2,53,true
pei_10,10,Int64,true,diagonalcheap,realschur,65,1,2.861324727144002e-14,244.6919322642241,12.541749096046965,2.220446049250313e-16,13,2,53,false
pei_10,10,Int64,true,taylor,transfree,0,0,NaN,NaN,NaN,2.220446049250313e-16,13,2,53,true
pei_10,10,Int64,true,taylor,transfree,0,0,NaN,NaN,NaN,2.220446049250313e-16,13,2,53,false
pei_10,10,Int64,true,taylor,complexschur,25,2,7.320533068622126e-16,13.38037109374999,1,2.220446049250313e-16,13,2,53,true
pei_10,10,Int64,true,taylor,complexschur,25,2,0,13.38037109374999,1,2.220446049250313e-16,13,2,53,false
pei_10,10,Int64,true,taylor,realschur,25,2,7.320533068622126e-16,13.38037109374999,1,2.220446049250313e-16,13,2,53,true
pei_10,10,Int64,true,taylor,realschur,25,2,0,13.38037109374999,1,2.220446049250313e-16,13,2,53,false
poisson_4,4,Int64,true,diagonalcheap,transfree,0,0,NaN,NaN,NaN,2.220446049250313e-16,13,1,53,true
poisson_4,4,Int64,true,diagonalcheap,transfree,0,0,NaN,NaN,NaN,2.220446049250313e-16,13,1,53,false
poisson_4,4,Int64,true,diagonalcheap,complexschur,17,0,3.192775358824169e-16,403.4287934927364,8.336363252585304,2.220446049250313e-16,13,1,53,true
poisson_4,4,Int64,true,diagonalcheap,complexschur,91,3,0,2.117000016612674,1.2844688711195107,2.220446049250313e-16,13,1,53,false
poisson_4,4,Int64,true,diagonalcheap,realschur,17,0,3.192775358824169e-16,403.4287934927364,8.336363252585304,2.220446049250313e-16,13,1,53,true
poisson_4,4,Int64,true,diagonalcheap,realschur,91,3,0,2.117000016612674,1.2844688711195107,2.220446049250313e-16,13,1,53,false
poisson_4,4,Int64,true,taylor,transfree,0,0,NaN,NaN,NaN,2.220446049250313e-16,13,1,53,true
poisson_4,4,Int64,true,taylor,transfree,0,0,NaN,NaN,NaN,2.220446049250313e-16,13,1,53,false
poisson_4,4,Int64,true,taylor,complexschur,30,1,3.469446951953614e-18,13,1,2.220446049250313e-16,13,1,53,true
poisson_4,4,Int64,true,taylor,complexschur,90,3,4.440892098500626e-16,2.117000015484436,1,2.220446049250313e-16,13,1,53,false
poisson_4,4,Int64,true,taylor,realschur,30,1,3.469446951953614e-18,13,1,2.220446049250313e-16,13,1,53,true
poisson_4,4,Int64,true,taylor,realschur,90,3,4.440892098500626e-16,2.117000015484436,1,2.220446049250313e-16,13,1,53,false
prolate_10_1.0,10,Float64,true,diagonalcheap,transfree,0,0,NaN,NaN,NaN,2.220446049250313e-16,9,0,53,true
prolate_10_1.0,10,Float64,true,diagonalcheap,transfree,0,0,NaN,NaN,NaN,2.220446049250313e-16,9,0,53,false
prolate_10_1.0,10,Float64,true,diagonalcheap,complexschur,9,0,6.883293313061828e-16,7.389056098930763,1.0000000000000187,2.220446049250313e-16,9,0,53,true
prolate_10_1.0,10,Float64,true,diagonalcheap,complexschur,9,0,1.243120344369543e-15,7.389056098930763,1.0000000000000187,2.220446049250313e-16,9,0,53,false
prolate_10_1.0,10,Float64,true,diagonalcheap,realschur,9,0,6.883293313061828e-16,7.389056098930764,1.0000000000000187,2.220446049250313e-16,9,0,53,true
prolate_10_1.0,10,Float64,true,diagonalcheap,realschur,9,0,1.243120344369543e-15,7.389056098930764,1.0000000000000187,2.220446049250313e-16,9,0,53,false
prolate_10_1.0,10,Float64,true,taylor,transfree,0,0,NaN,NaN,NaN,2.220446049250313e-16,9,0,53,true
prolate_10_1.0,10,Float64,true,taylor,transfree,0,0,NaN,NaN,NaN,2.220446049250313e-16,9,0,53,false
prolate_10_1.0,10,Float64,true,taylor,complexschur,25,0,1.734723475976807e-18,6.333333333333414,1,2.220446049250313e-16,9,0,53,true
prolate_10_1.0,10,Float64,true,taylor,complexschur,25,0,0,6.333333333333414,1,2.220446049250313e-16,9,0,53,false
prolate_10_1.0,10,Float64,true,taylor,realschur,25,0,1.734723475976807e-18,6.333333333333414,1,2.220446049250313e-16,9,0,53,true
prolate_10_1.0,10,Float64,true,taylor,realschur,25,0,0,6.333333333333414,1,2.220446049250313e-16,9,0,53,false
randcorr_10,10,Float64,true,diagonalcheap,transfree,0,0,NaN,NaN,NaN,2.220446049250313e-16,13,-1,53,true
randcorr_10,10,Float64,true,diagonalcheap,transfree,0,0,NaN,NaN,NaN,2.220446049250313e-16,13,-1,53,false
randcorr_10,10,Float64,true,diagonalcheap,complexschur,9,0,1.109871089950009e-17,5.200906727691919,1.9824957834862786,2.220446049250313e-16,13,-1,53,true
randcorr_10,10,Float64,true,diagonalcheap,complexschur,9,0,0,5.200906727691919,1.9824957834862786,2.220446049250313e-16,13,-1,53,false
randcorr_10,10,Float64,true,diagonalcheap,realschur,9,0,1.109871089950009e-17,5.20090672769192,1.9824957834862786,2.220446049250313e-16,13,-1,53,true
randcorr_10,10,Float64,true,diagonalcheap,realschur,9,0,0,5.20090672769192,1.9824957834862786,2.220446049250313e-16,13,-1,53,false
randcorr_10,10,Float64,true,taylor,transfree,0,0,NaN,NaN,NaN,2.220446049250313e-16,13,-1,53,true
randcorr_10,10,Float64,true,taylor,transfree,0,0,NaN,NaN,NaN,2.220446049250313e-16,13,-1,53,false
randcorr_10,10,Float64,true,taylor,complexschur,20,0,7.684824998577255e-16,4.755258099720067,1,2.220446049250313e-16,13,-1,53,true
randcorr_10,10,Float64,true,taylor,complexschur,20,0,8.881784197001252e-16,4.755258099720067,1,2.220446049250313e-16,13,-1,53,false
randcorr_10,10,Float64,true,taylor,realschur,20,0,7.684824998577255e-16,4.755258099720067,1,2.220446049250313e-16,13,-1,53,true
randcorr_10,10,Float64,true,taylor,realschur,20,0,8.881784197001252e-16,4.755258099720067,1,2.220446049250313e-16,13,-1,53,false
sampling_10,10,Float64,false,diagonalcheap,transfree,13,3,2.878958514859438e-17,34.40043687738195,13.342230567585618,2.220446049250313e-16,13,4,53,true
sampling_10,10,Float64,false,diagonalcheap,transfree,43,3,3.576297488110399e-15,34.4004368773818,12.835848911175285,2.220446049250313e-16,13,4,53,false
sampling_10,10,Float64,false,diagonalcheap,complexschur,13,3,1.24288416409483e-17,33.75501979845533,13.507484270998921,2.220446049250313e-16,13,4,53,true
sampling_10,10,Float64,false,diagonalcheap,complexschur,21,3,6.232552715467942e-15,33.75501979845532,13.170730501133418,2.220446049250313e-16,13,4,53,false
sampling_10,10,Float64,false,diagonalcheap,realschur,13,3,1.24288416409483e-17,33.75501979845532,13.507484270998921,2.220446049250313e-16,13,4,53,true
sampling_10,10,Float64,false,diagonalcheap,realschur,21,3,6.232552715467942e-15,33.75501979845532,13.17073050113342,2.220446049250313e-16,13,4,53,false
sampling_10,10,Float64,false,taylor,transfree,30,3,6.938893903907228e-18,30.79960435870673,1,2.220446049250313e-16,13,4,53,true
sampling_10,10,Float64,false,taylor,transfree,56,3,3.552713678800501e-15,30.79960435870673,1,2.220446049250313e-16,13,4,53,false
sampling_10,10,Float64,false,taylor,complexschur,30,3,3.469446951953614e-18,28.85344094736115,1,2.220446049250313e-16,13,4,53,true
sampling_10,10,Float64,false,taylor,complexschur,72,3,1.77635683940025e-15,28.85344094736115,1,2.220446049250313e-16,13,4,53,false
sampling_10,10,Float64,false,taylor,realschur,30,3,3.469446951953614e-18,28.85344094736115,1,2.220446049250313e-16,13,4,53,true
sampling_10,10,Float64,false,taylor,realschur,72,3,1.77635683940025e-15,28.85344094736115,1,2.220446049250313e-16,13,4,53,false
toeppd_10,10,Float64,true,diagonalcheap,transfree,0,0,NaN,NaN,NaN,2.220446049250313e-16,13,2,53,true
toeppd_10,10,Float64,true,diagonalcheap,transfree,0,0,NaN,NaN,NaN,2.220446049250313e-16,13,2,53,false
toeppd_10,10,Float64,true,diagonalcheap,complexschur,17,1,3.096972312125733e-15,381.4901405339046,21.019214089846628,2.220446049250313e-16,13,2,53,true
toeppd_10,10,Float64,true,diagonalcheap,complexschur,91,3,9.350136414840356e-16,4.419476506406227,2.0742122354643193,2.220446049250313e-16,13,2,53,false
toeppd_10,10,Float64,true,diagonalcheap,realschur,17,1,3.096972312125733e-15,381.4901405339047,21.019214089846628,2.220446049250313e-16,13,2,53,true
toeppd_10,10,Float64,true,diagonalcheap,realschur,91,3,9.350136414840356e-16,4.419476506406227,2.0742122354643193,2.220446049250313e-16,13,2,53,false
toeppd_10,10,Float64,true,taylor,transfree,0,0,NaN,NaN,NaN,2.220446049250313e-16,13,2,53,true
toeppd_10,10,Float64,true,taylor,transfree,0,0,NaN,NaN,NaN,2.220446049250313e-16,13,2,53,false
toeppd_10,10,Float64,true,taylor,complexschur,30,2,3.469446951953614e-18,16.01485989112157,1,2.220446049250313e-16,13,2,53,true
toeppd_10,10,Float64,true,taylor,complexschur,25,2,3.552713678800501e-15,16.01485989112157,1,2.220446049250313e-16,13,2,53,false
toeppd_10,10,Float64,true,taylor,realschur,30,2,3.469446951953614e-18,16.01485989112157,1,2.220446049250313e-16,13,2,53,true
toeppd_10,10,Float64,true,taylor,realschur,25,2,3.552713678800501e-15,16.01485989112157,1,2.220446049250313e-16,13,2,53,false
symtridiagonal_10_2_-1,10,Float64,true,diagonalcheap,transfree,0,0,NaN,NaN,NaN,2.220446049250313e-16,13,0,53,true
symtridiagonal_10_2_-1,10,Float64,true,diagonalcheap,transfree,0,0,NaN,NaN,NaN,2.220446049250313e-16,13,0,53,false
symtridiagonal_10_2_-1,10,Float64,true,diagonalcheap,complexschur,13,0,1.395265040043313e-16,50.3493619720864,7.355817195326296,2.220446049250313e-16,13,0,53,true
symtridiagonal_10_2_-1,10,Float64,true,diagonalcheap,complexschur,57,0,6.410242989068596e-15,50.34936197208612,6.930732617774628,2.220446049250313e-16,13,0,53,false
symtridiagonal_10_2_-1,10,Float64,true,diagonalcheap,realschur,13,0,1.395265040043313e-16,50.3493619720864,7.355817195326296,2.220446049250313e-16,13,0,53,true
symtridiagonal_10_2_-1,10,Float64,true,diagonalcheap,realschur,57,0,6.410242989068596e-15,50.34936197208612,6.930732617774628,2.220446049250313e-16,13,0,53,false
symtridiagonal_10_2_-1,10,Float64,true,taylor,transfree,0,0,NaN,NaN,NaN,2.220446049250313e-16,13,0,53,true
symtridiagonal_10_2_-1,10,Float64,true,taylor,transfree,0,0,NaN,NaN,NaN,2.220446049250313e-16,13,0,53,false
symtridiagonal_10_2_-1,10,Float64,true,taylor,complexschur,25,1,8.673617379884035e-19,6.1332483527347,1,2.220446049250313e-16,13,0,53,true
symtridiagonal_10_2_-1,10,Float64,true,taylor,complexschur,30,1,0,6.1332483527347,1,2.220446049250313e-16,13,0,53,false
symtridiagonal_10_2_-1,10,Float64,true,taylor,realschur,25,1,8.673617379884035e-19,6.1332483527347,1,2.220446049250313e-16,13,0,53,true
symtridiagonal_10_2_-1,10,Float64,true,taylor,realschur,30,1,0,6.1332483527347,1,2.220446049250313e-16,13,0,53,false
wathen_2_2,21,Float64,true,diagonalcheap,transfree,0,0,NaN,NaN,NaN,2.220446049250313e-16,13,6,53,true
wathen_2_2,21,Float64,true,diagonalcheap,transfree,0,0,NaN,NaN,NaN,2.220446049250313e-16,13,6,53,false
wathen_2_2,21,Float64,true,diagonalcheap,complexschur,13,5,3.14608057608508e-14,170.7634896097015,23.67579094780854,2.220446049250313e-16,13,6,53,true
wathen_2_2,21,Float64,true,diagonalcheap,complexschur,91,7,4.226539197130464e-16,3.61492053864922,2.139273418196811,2.220446049250313e-16,13,6,53,false
wathen_2_2,21,Float64,true,diagonalcheap,realschur,13,5,3.14608057608508e-14,170.7634896097015,23.675790947808544,2.220446049250313e-16,13,6,53,true
wathen_2_2,21,Float64,true,diagonalcheap,realschur,91,7,4.226539197130464e-16,3.61492053864922,2.139273418196811,2.220446049250313e-16,13,6,53,false
wathen_2_2,21,Float64,true,taylor,transfree,0,0,NaN,NaN,NaN,2.220446049250313e-16,13,6,53,true
wathen_2_2,21,Float64,true,taylor,transfree,0,0,NaN,NaN,NaN,2.220446049250313e-16,13,6,53,false
wathen_2_2,21,Float64,true,taylor,complexschur,36,5,0,100.9830548165346,1,2.220446049250313e-16,13,6,53,true
wathen_2_2,21,Float64,true,taylor,complexschur,90,6,1.77635683940025e-15,13.06662541396193,1,2.220446049250313e-16,13,6,53,false
wathen_2_2,21,Float64,true,taylor,realschur,36,5,0,100.9830548165346,1,2.220446049250313e-16,13,6,53,true
wathen_2_2,21,Float64,true,taylor,realschur,90,6,1.77635683940025e-15,13.06662541396193,1,2.220446049250313e-16,13,6,53,false
wilkinson_3,3,Float64,true,diagonalcheap,transfree,0,0,NaN,NaN,NaN,2.220446049250313e-16,9,0,53,true
wilkinson_3,3,Float64,true,diagonalcheap,transfree,0,0,NaN,NaN,NaN,2.220446049250313e-16,9,0,53,false
wilkinson_3,3,Float64,true,diagonalcheap,complexschur,9,0,6.871153465948789e-16,7.38905609893065,4.581402147183758,2.220446049250313e-16,9,0,53,true
wilkinson_3,3,Float64,true,diagonalcheap,complexschur,9,0,1.243120344369534e-15,7.38905609893065,4.581402147183758,2.220446049250313e-16,9,0,53,false
wilkinson_3,3,Float64,true,diagonalcheap,realschur,9,0,6.871153465948789e-16,7.38905609893065,4.581402147183758,2.220446049250313e-16,9,0,53,true
wilkinson_3,3,Float64,true,diagonalcheap,realschur,9,0,1.243120344369534e-15,7.38905609893065,4.581402147183758,2.220446049250313e-16,9,0,53,false
wilkinson_3,3,Float64,true,taylor,transfree,0,0,NaN,NaN,NaN,2.220446049250313e-16,9,0,53,true
wilkinson_3,3,Float64,true,taylor,transfree,0,0,NaN,NaN,NaN,2.220446049250313e-16,9,0,53,false
wilkinson_3,3,Float64,true,taylor,complexschur,25,0,8.673617379884035e-19,6.333333333333335,1,2.220446049250313e-16,9,0,53,true
wilkinson_3,3,Float64,true,taylor,complexschur,90,1,4.440892098500626e-16,2.718281801146385,1,2.220446049250313e-16,9,0,53,false
wilkinson_3,3,Float64,true,taylor,realschur,25,0,8.673617379884035e-19,6.333333333333335,1,2.220446049250313e-16,9,0,53,true
wilkinson_3,3,Float64,true,taylor,realschur,90,1,4.440892098500626e-16,2.718281801146385,1,2.220446049250313e-16,9,0,53,false
wilkinson_4,4,Float64,true,diagonalcheap,transfree,0,0,NaN,NaN,NaN,2.220446049250313e-16,13,-1,53,true
wilkinson_4,4,Float64,true,diagonalcheap,transfree,0,0,NaN,NaN,NaN,2.220446049250313e-16,13,-1,53,false
wilkinson_4,4,Float64,true,diagonalcheap,complexschur,13,0,3.123357510996013e-18,12.18249396070346,5.6640337559695455,2.220446049250313e-16,13,-1,53,true
wilkinson_4,4,Float64,true,diagonalcheap,complexschur,49,0,1.562557070985085e-15,12.18249396070344,5.5515834315931025,2.220446049250313e-16,13,-1,53,false
wilkinson_4,4,Float64,true,diagonalcheap,realschur,13,0,3.123357510996013e-18,12.18249396070346,5.6640337559695455,2.220446049250313e-16,13,-1,53,true
wilkinson_4,4,Float64,true,diagonalcheap,realschur,49,0,1.562557070985085e-15,12.18249396070344,5.5515834315931025,2.220446049250313e-16,13,-1,53,false
wilkinson_4,4,Float64,true,taylor,transfree,0,0,NaN,NaN,NaN,2.220446049250313e-16,13,-1,53,true
wilkinson_4,4,Float64,true,taylor,transfree,0,0,NaN,NaN,NaN,2.220446049250313e-16,13,-1,53,false
wilkinson_4,4,Float64,true,taylor,complexschur,25,0,6.418476861114186e-17,9.229166666666663,1,2.220446049250313e-16,13,-1,53,true
wilkinson_4,4,Float64,true,taylor,complexschur,25,0,1.77635683940025e-15,9.229166666666663,1,2.220446049250313e-16,13,-1,53,false
wilkinson_4,4,Float64,true,taylor,realschur,25,0,6.418476861114186e-17,9.229166666666663,1,2.220446049250313e-16,13,-1,53,true
wilkinson_4,4,Float64,true,taylor,realschur,25,0,1.77635683940025e-15,9.229166666666663,1,2.220446049250313e-16,13,-1,53,false
wilkinson_5,5,Float64,true,diagonalcheap,transfree,0,0,NaN,NaN,NaN,2.220446049250313e-16,13,0,53,true
wilkinson_5,5,Float64,true,diagonalcheap,transfree,0,0,NaN,NaN,NaN,2.220446049250313e-16,13,0,53,false
wilkinson_5,5,Float64,true,diagonalcheap,complexschur,13,0,7.554168783643177e-18,17.47560403367139,7.557133121460952,2.220446049250313e-16,13,0,53,true
wilkinson_5,5,Float64,true,diagonalcheap,complexschur,17,0,0,17.47560403367138,7.494121324748067,2.220446049250313e-16,13,0,53,false
wilkinson_5,5,Float64,true,diagonalcheap,realschur,13,0,7.554168783643177e-18,17.47560403367139,7.557133121460952,2.220446049250313e-16,13,0,53,true
wilkinson_5,5,Float64,true,diagonalcheap,realschur,17,0,0,17.47560403367138,7.494121324748067,2.220446049250313e-16,13,0,53,false
wilkinson_5,5,Float64,true,taylor,transfree,0,0,NaN,NaN,NaN,2.220446049250313e-16,13,0,53,true
wilkinson_5,5,Float64,true,taylor,transfree,0,0,NaN,NaN,NaN,2.220446049250313e-16,13,0,53,false
wilkinson_5,5,Float64,true,taylor,complexschur,25,0,2.046973701652632e-15,11.85515029116184,1,2.220446049250313e-16,13,0,53,true
wilkinson_5,5,Float64,true,taylor,complexschur,90,1,0,4.180381783174985,1,2.220446049250313e-16,13,0,53,false
wilkinson_5,5,Float64,true,taylor,realschur,25,0,2.046973701652632e-15,11.85515029116184,1,2.220446049250313e-16,13,0,53,true
wilkinson_5,5,Float64,true,taylor,realschur,90,1,0,4.180381783174985,1,2.220446049250313e-16,13,0,53,false
binomial_10,10,Int64,false,diagonalcheap,transfree,7,5,1.247056834776768e-17,12.52204886472465,40.44202109952058,2.220446049250313e-16,13,4,53,true
binomial_10,10,Int64,false,diagonalcheap,transfree,21,5,0,12.52204886472465,40.44202109952059,2.220446049250313e-16,13,4,53,false
binomial_10,10,Int64,false,diagonalcheap,complexschur,7,5,9.42028549243103e-18,9.656707052860387,22.122952010421997,2.220446049250313e-16,13,4,53,true
binomial_10,10,Int64,false,diagonalcheap,complexschur,31,5,1.201246008443471e-15,9.656707052860387,22.122952010422,2.220446049250313e-16,13,4,53,false
binomial_10,10,Int64,false,diagonalcheap,realschur,9,4,4.37849471647986e-18,23.34633215702801,76.646858236754,2.220446049250313e-16,13,4,53,true
binomial_10,10,Int64,false,diagonalcheap,realschur,17,4,4.451779568642999e-15,23.34633215702802,76.64685823675393,2.220446049250313e-16,13,4,53,false
binomial_10,10,Int64,false,taylor,transfree,30,3,2.05391259555654e-15,104.5,1,2.220446049250313e-16,13,4,53,true
binomial_10,10,Int64,false,taylor,transfree,30,3,0,104.5,1,2.220446049250313e-16,13,4,53,false
binomial_10,10,Int64,false,taylor,complexschur,30,3,5.620504062164855e-16,87.03913714310281,1,2.220446049250313e-16,13,4,53,true
binomial_10,10,Int64,false,taylor,complexschur,56,3,7.105427357601002e-15,87.03913714310281,1,2.220446049250313e-16,13,4,53,false
binomial_10,10,Int64,false,taylor,realschur,30,3,5.620504062164855e-16,82.37420680826517,1,2.220446049250313e-16,13,4,53,true
binomial_10,10,Int64,false,taylor,realschur,56,3,0,82.37420680826517,1,2.220446049250313e-16,13,4,53,false
fiedler_10,10,Int64,true,diagonalcheap,transfree,0,0,NaN,NaN,NaN,2.220446049250313e-16,13,4,53,true
fiedler_10,10,Int64,true,diagonalcheap,transfree,0,0,NaN,NaN,NaN,2.220446049250313e-16,13,4,53,false
fiedler_10,10,Int64,true,diagonalcheap,complexschur,13,3,3.334459154490888e-16,73.17537586950004,32.5449815926589,2.220446049250313e-16,13,4,53,true
fiedler_10,10,Int64,true,diagonalcheap,complexschur,21,3,0,73.17537586950031,31.805541104320774,2.220446049250313e-16,13,4,53,false
fiedler_10,10,Int64,true,diagonalcheap,realschur,13,3,3.334459154490888e-16,73.17537586950004,32.5449815926589,2.220446049250313e-16,13,4,53,true
fiedler_10,10,Int64,true,diagonalcheap,realschur,21,3,0,73.17537586950031,31.805541104320774,2.220446049250313e-16,13,4,53,false
fiedler_10,10,Int64,true,taylor,transfree,0,0,NaN,NaN,NaN,2.220446049250313e-16,13,4,53,true
fiedler_10,10,Int64,true,taylor,transfree,0,0,NaN,NaN,NaN,2.220446049250313e-16,13,4,53,false
fiedler_10,10,Int64,true,taylor,complexschur,30,3,5.773159728050814e-15,41.84304808425213,1,2.220446049250313e-16,13,4,53,true
fiedler_10,10,Int64,true,taylor,complexschur,90,5,0,2.924766714678271,1,2.220446049250313e-16,13,4,53,false
fiedler_10,10,Int64,true,taylor,realschur,30,3,5.773159728050814e-15,41.84304808425213,1,2.220446049250313e-16,13,4,53,true
fiedler_10,10,Int64,true,taylor,realschur,90,5,0,2.924766714678271,1,2.220446049250313e-16,13,4,53,false
householder_10,10,Float64,true,diagonalcheap,transfree,0,0,NaN,NaN,NaN,2.220446049250313e-16,13,2,53,true
householder_10,10,Float64,true,diagonalcheap,transfree,0,0,NaN,NaN,NaN,2.220446049250313e-16,13,2,53,false
householder_10,10,Float64,true,diagonalcheap,complexschur,13,2,2.457891989940036e-16,1.284025416687741,10.892185121390463,2.220446049250313e-16,13,2,53,true
householder_10,10,Float64,true,diagonalcheap,complexschur,91,5,2.255414507666143e-16,1.031743407499103,1.366506124890002,2.220446049250313e-16,13,2,53,false
householder_10,10,Float64,true,diagonalcheap,realschur,13,2,2.457891989940036e-16,1.284025416687741,10.892185121390463,2.220446049250313e-16,13,2,53,true
householder_10,10,Float64,true,diagonalcheap,realschur,91,5,2.255414507666143e-16,1.031743407499103,1.366506124890002,2.220446049250313e-16,13,2,53,false
householder_10,10,Float64,true,taylor,transfree,0,0,NaN,NaN,NaN,2.220446049250313e-16,13,2,53,true
householder_10,10,Float64,true,taylor,transfree,0,0,NaN,NaN,NaN,2.220446049250313e-16,13,2,53,false
householder_10,10,Float64,true,taylor,complexschur,36,2,2.775557561562891e-17,10.88037109374998,1,2.220446049250313e-16,13,2,53,true
householder_10,10,Float64,true,taylor,complexschur,36,2,0,10.88037109374998,1,2.220446049250313e-16,13,2,53,false
householder_10,10,Float64,true,taylor,realschur,36,2,2.775557561562891e-17,10.88037109374998,1,2.220446049250313e-16,13,2,53,true
householder_10,10,Float64,true,taylor,realschur,36,2,0,10.88037109374998,1,2.220446049250313e-16,13,2,53,false
jordbloc_10_2,10,Int64,false,diagonalcheap,transfree,13,0,0,20.08553468514712,2.730167613227799,2.220446049250313e-16,13,0,53,true
jordbloc_10_2,10,Int64,false,diagonalcheap,transfree,21,0,4.091195083074568e-15,20.08553468514717,2.6887872409107216,2.220446049250313e-16,13,0,53,false
jordbloc_10_2,10,Int64,false,diagonalcheap,complexschur,13,0,0,20.08553468514712,2.730167613227799,2.220446049250313e-16,13,0,53,true
jordbloc_10_2,10,Int64,false,diagonalcheap,complexschur,21,0,4.091195083074568e-15,20.08553468514717,2.6887872409107216,2.220446049250313e-16,13,0,53,false
jordbloc_10_2,10,Int64,false,diagonalcheap,realschur,13,0,0,20.08553468514712,2.730167613227799,2.220446049250313e-16,13,0,53,true
jordbloc_10_2,10,Int64,false,diagonalcheap,realschur,21,0,4.091195083074568e-15,20.08553468514717,2.6887872409107216,2.220446049250313e-16,13,0,53,false
jordbloc_10_2,10,Int64,false,taylor,transfree,30,0,3.469446951953614e-18,13,1,2.220446049250313e-16,13,0,53,true
jordbloc_10_2,10,Int64,false,taylor,transfree,90,1,8.881784197001252e-16,4.481686597282504,1,2.220446049250313e-16,13,0,53,false
jordbloc_10_2,10,Int64,false,taylor,complexschur,30,0,3.469446951953614e-18,13,1,2.220446049250313e-16,13,0,53,true
jordbloc_10_2,10,Int64,false,taylor,complexschur,90,1,8.881784197001252e-16,4.481686597282504,1,2.220446049250313e-16,13,0,53,false
jordbloc_10_2,10,Int64,false,taylor,realschur,30,0,3.469446951953614e-18,13,1,2.220446049250313e-16,13,0,53,true
jordbloc_10_2,10,Int64,false,taylor,realschur,90,1,8.881784197001252e-16,4.481686597282504,1,2.220446049250313e-16,13,0,53,false
kms_10,10,Float64,true,diagonalcheap,transfree,0,0,NaN,NaN,NaN,2.220446049250313e-16,13,0,53,true
kms_10,10,Float64,true,diagonalcheap,transfree,0,0,NaN,NaN,NaN,2.220446049250313e-16,13,0,53,false
kms_10,10,Float64,true,diagonalcheap,complexschur,13,0,3.438517306847902e-18,14.62622467498588,3.3421949269700786,2.220446049250313e-16,13,0,53,true
kms_10,10,Float64,true,diagonalcheap,complexschur,17,0,0,14.62622467498587,3.3137350851536946,2.220446049250313e-16,13,0,53,false
kms_10,10,Float64,true,diagonalcheap,realschur,13,0,3.438517306847902e-18,14.62622467498588,3.3421949269700786,2.220446049250313e-16,13,0,53,true
kms_10,10,Float64,true,diagonalcheap,realschur,17,0,0,14.62622467498587,3.3137350851536946,2.220446049250313e-16,13,0,53,false
kms_10,10,Float64,true,taylor,transfree,0,0,NaN,NaN,NaN,2.220446049250313e-16,13,0,53,true
kms_10,10,Float64,true,taylor,transfree,0,0,NaN,NaN,NaN,2.220446049250313e-16,13,0,53,false
kms_10,10,Float64,true,taylor,complexschur,25,0,3.816391647148976e-16,10.49982989309284,1,2.220446049250313e-16,13,0,53,true
kms_10,10,Float64,true,taylor,complexschur,25,0,1.77635683940025e-15,10.49982989309284,1,2.220446049250313e-16,13,0,53,false
kms_10,10,Float64,true,taylor,realschur,25,0,3.816391647148976e-16,10.49982989309284,1,2.220446049250313e-16,13,0,53,true
kms_10,10,Float64,true,taylor,realschur,25,0,1.77635683940025e-15,10.49982989309284,1,2.220446049250313e-16,13,0,53,false
lesp_10,10,Float64,false,diagonalcheap,transfree,13,2,2.630815263235664e-17,10.72497451781743,27.62417865657607,2.220446049250313e-16,13,3,53,true
lesp_10,10,Float64,false,diagonalcheap,transfree,17,2,0,10.72497451781742,27.94661084555525,2.220446049250313e-16,13,3,53,false
lesp_10,10,Float64,false,diagonalcheap,complexschur,13,2,4.650346639579674e-17,10.61977409125889,27.72229738032702,2.220446049250313e-16,13,3,53,true
lesp_10,10,Float64,false,diagonalcheap,complexschur,91,5,2.573941023143405e-16,1.343582720328481,1.283813944512657,2.220446049250313e-16,13,3,53,false
lesp_10,10,Float64,false,diagonalcheap,realschur,13,2,4.650346639579674e-17,10.61977409125889,27.72229738032702,2.220446049250313e-16,13,3,53,true
lesp_10,10,Float64,false,diagonalcheap,realschur,91,5,2.573941023143405e-16,1.343582720328481,1.283813944512657,2.220446049250313e-16,13,3,53,false
lesp_10,10,Float64,false,taylor,transfree,30,2,1.595945597898663e-16,9.738092719184028,1,2.220446049250313e-16,13,3,53,true
lesp_10,10,Float64,false,taylor,transfree,30,2,0,9.738092719184028,1,2.220446049250313e-16,13,3,53,false
lesp_10,10,Float64,false,taylor,complexschur,30,2,1.387778780781446e-16,9.650704321349973,1,2.220446049250313e-16,13,3,53,true
lesp_10,10,Float64,false,taylor,complexschur,56,2,0,9.650704321349973,1,2.220446049250313e-16,13,3,53,false
lesp_10,10,Float64,false,taylor,realschur,30,2,1.387778780781446e-16,9.650704321349973,1,2.220446049250313e-16,13,3,53,true
lesp_10,10,Float64,false,taylor,realschur,56,2,0,9.650704321349973,1,2.220446049250313e-16,13,3,53,false
lotkin_10,10,Rational{Int64},false,diagonalcheap,transfree,13,0,1.714059714950513e-18,13.32017997457216,5.421617906146216,2.220446049250313e-16,13,0,53,true
lotkin_10,10,Rational{Int64},false,diagonalcheap,transfree,43,0,0,13.32017997457215,5.302126278691714,2.220446049250313e-16,13,0,53,false
lotkin_10,10,Rational{Int64},false,diagonalcheap,complexschur,13,0,3.008464436766443e-18,11.34247442943036,5.281722387341183,2.220446049250313e-16,13,0,53,true
lotkin_10,10,Rational{Int64},false,diagonalcheap,complexschur,17,0,0,11.34247442943037,5.240867788171361,2.220446049250313e-16,13,0,53,false
lotkin_10,10,Rational{Int64},false,diagonalcheap,realschur,13,0,3.008464436766443e-18,11.34247442943036,5.281722387341183,2.220446049250313e-16,13,0,53,true
lotkin_10,10,Rational{Int64},false,diagonalcheap,realschur,17,0,0,11.34247442943037,5.240867788171361,2.220446049250313e-16,13,0,53,false
lotkin_10,10,Rational{Int64},false,taylor,transfree,25,0,7.112366251504909e-17,10.2597363956153,1,2.220446049250313e-16,13,0,53,true
lotkin_10,10,Rational{Int64},false,taylor,transfree,25,0,0,10.2597363956153,1,2.220446049250313e-16,13,0,53,false
lotkin_10,10,Rational{Int64},false,taylor,complexschur,25,0,2.602085213965211e-17,8.764712112115657,1,2.220446049250313e-16,13,0,53,true
lotkin_10,10,Rational{Int64},false,taylor,complexschur,90,1,0,3.367858791899456,1,2.220446049250313e-16,13,0,53,false
lotkin_10,10,Rational{Int64},false,taylor,realschur,25,0,2.602085213965211e-17,8.764712112115657,1,2.220446049250313e-16,13,0,53,true
lotkin_10,10,Rational{Int64},false,taylor,realschur,90,1,0,3.367858791899456,1,2.220446049250313e-16,13,0,53,false
orthog_10_1,10,Float64,true,diagonalcheap,transfree,0,0,NaN,NaN,NaN,2.220446049250313e-16,13,0,53,true
orthog_10_1,10,Float64,true,diagonalcheap,transfree,0,0,NaN,NaN,NaN,2.220446049250313e-16,13,0,53,false
orthog_10_1,10,Float64,true,diagonalcheap,complexschur,9,0,0,2.718281828459047,2.7182818284590478,2.220446049250313e-16,13,0,53,true
orthog_10_1,10,Float64,true,diagonalcheap,complexschur,7,0,3.69623636082573e-16,2.718281828459047,2.7182818284590473,2.220446049250313e-16,13,0,53,false
orthog_10_1,10,Float64,true,diagonalcheap,realschur,9,0,0,2.718281828459047,2.7182818284590478,2.220446049250313e-16,13,0,53,true
orthog_10_1,10,Float64,true,diagonalcheap,realschur,7,0,3.69623636082573e-16,2.718281828459047,2.7182818284590473,2.220446049250313e-16,13,0,53,false
orthog_10_1,10,Float64,true,taylor,transfree,0,0,NaN,NaN,NaN,2.220446049250313e-16,13,0,53,true
orthog_10_1,10,Float64,true,taylor,transfree,0,0,NaN,NaN,NaN,2.220446049250313e-16,13,0,53,false
orthog_10_1,10,Float64,true,taylor,complexschur,20,0,4.336808689942018e-19,2.666666666666668,1,2.220446049250313e-16,13,0,53,true
orthog_10_1,10,Float64,true,taylor,complexschur,90,1,2.220446049250313e-16,1.648721270687366,1,2.220446049250313e-16,13,0,53,false
orthog_10_1,10,Float64,true,taylor,realschur,20,0,4.336808689942018e-19,2.666666666666668,1,2.220446049250313e-16,13,0,53,true
orthog_10_1,10,Float64,true,taylor,realschur,90,1,2.220446049250313e-16,1.648721270687366,1,2.220446049250313e-16,13,0,53,false
orthog_10_2,10,Float64,true,diagonalcheap,transfree,0,0,NaN,NaN,NaN,2.220446049250313e-16,13,0,53,true
orthog_10_2,10,Float64,true,diagonalcheap,transfree,0,0,NaN,NaN,NaN,2.220446049250313e-16,13,0,53,false
orthog_10_2,10,Float64,true,diagonalcheap,complexschur,9,0,3.601465746439645e-19,2.71828182845905,2.718281828459049,2.220446049250313e-16,13,0,53,true
orthog_10_2,10,Float64,true,diagonalcheap,complexschur,9,0,0,2.71828182845905,2.718281828459049,2.220446049250313e-16,13,0,53,false
orthog_10_2,10,Float64,true,diagonalcheap,realschur,9,0,3.601465746439645e-19,2.718281828459049,2.7182818284590495,2.220446049250313e-16,13,0,53,true
orthog_10_2,10,Float64,true,diagonalcheap,realschur,9,0,0,2.718281828459049,2.7182818284590495,2.220446049250313e-16,13,0,53,false
orthog_10_2,10,Float64,true,taylor,transfree,0,0,NaN,NaN,NaN,2.220446049250313e-16,13,0,53,true
orthog_10_2,10,Float64,true,taylor,transfree,0,0,NaN,NaN,NaN,2.220446049250313e-16,13,0,53,false
orthog_10_2,10,Float64,true,taylor,complexschur,20,0,4.336808689942018e-19,2.66666666666667,1,2.220446049250313e-16,13,0,53,true
orthog_10_2,10,Float64,true,taylor,complexschur,90,3,2.220446049250313e-16,1.133148453066826,1,2.220446049250313e-16,13,0,53,false
orthog_10_2,10,Float64,true,taylor,realschur,20,0,4.336808689942018e-19,2.66666666666667,1,2.220446049250313e-16,13,0,53,true
orthog_10_2,10,Float64,true,taylor,realschur,90,3,2.220446049250313e-16,1.133148453066826,1,2.220446049250313e-16,13,0,53,false
orthog_10_5,10,Float64,true,diagonalcheap,transfree,0,0,NaN,NaN,NaN,2.220446049250313e-16,13,0,53,true
orthog_10_5,10,Float64,true,diagonalcheap,transfree,0,0,NaN,NaN,NaN,2.220446049250313e-16,13,0,53,false
orthog_10_5,10,Float64,true,diagonalcheap,complexschur,9,0,7.202931492879287e-19,2.718281828459047,2.71828182845905,2.220446049250313e-16,13,0,53,true
orthog_10_5,10,Float64,true,diagonalcheap,complexschur,7,0,3.696236360825731e-16,2.718281828459048,2.7182818284590473,2.220446049250313e-16,13,0,53,false
orthog_10_5,10,Float64,true,diagonalcheap,realschur,9,0,7.202931492879287e-19,2.718281828459047,2.71828182845905,2.220446049250313e-16,13,0,53,true
orthog_10_5,10,Float64,true,diagonalcheap,realschur,7,0,3.696236360825731e-16,2.718281828459048,2.7182818284590473,2.220446049250313e-16,13,0,53,false
orthog_10_5,10,Float64,true,taylor,transfree,0,0,NaN,NaN,NaN,2.220446049250313e-16,13,0,53,true
orthog_10_5,10,Float64,true,taylor,transfree,0,0,NaN,NaN,NaN,2.220446049250313e-16,13,0,53,false
orthog_10_5,10,Float64,true,taylor,complexschur,20,0,8.673617379884035e-19,2.666666666666669,1,2.220446049250313e-16,13,0,53,true
orthog_10_5,10,Float64,true,taylor,complexschur,20,0,4.440892098500626e-16,2.666666666666669,1,2.220446049250313e-16,13,0,53,false
orthog_10_5,10,Float64,true,taylor,realschur,20,0,8.673617379884035e-19,2.666666666666669,1,2.220446049250313e-16,13,0,53,true
orthog_10_5,10,Float64,true,taylor,realschur,20,0,4.440892098500626e-16,2.666666666666669,1,2.220446049250313e-16,13,0,53,false
orthog_10_6,10,Float64,true,diagonalcheap,transfree,0,0,NaN,NaN,NaN,2.220446049250313e-16,13,0,53,true
orthog_10_6,10,Float64,true,diagonalcheap,transfree,0,0,NaN,NaN,NaN,2.220446049250313e-16,13,0,53,false
orthog_10_6,10,Float64,true,diagonalcheap,complexschur,9,0,3.601465746439645e-19,2.718281828459049,2.718281828459048,2.220446049250313e-16,13,0,53,true
orthog_10_6,10,Float64,true,diagonalcheap,complexschur,9,0,0,2.718281828459049,2.718281828459048,2.220446049250313e-16,13,0,53,false
orthog_10_6,10,Float64,true,diagonalcheap,realschur,9,0,3.601465746439645e-19,2.718281828459049,2.718281828459048,2.220446049250313e-16,13,0,53,true
orthog_10_6,10,Float64,true,diagonalcheap,realschur,9,0,0,2.718281828459049,2.718281828459048,2.220446049250313e-16,13,0,53,false
orthog_10_6,10,Float64,true,taylor,transfree,0,0,NaN,NaN,NaN,2.220446049250313e-16,13,0,53,true
orthog_10_6,10,Float64,true,taylor,transfree,0,0,NaN,NaN,NaN,2.220446049250313e-16,13,0,53,false
orthog_10_6,10,Float64,true,taylor,complexschur,20,0,4.336808689942018e-19,2.66666666666667,1,2.220446049250313e-16,13,0,53,true
orthog_10_6,10,Float64,true,taylor,complexschur,90,3,2.220446049250313e-16,1.133148453066826,1,2.220446049250313e-16,13,0,53,false
orthog_10_6,10,Float64,true,taylor,realschur,20,0,4.336808689942018e-19,2.66666666666667,1,2.220446049250313e-16,13,0,53,true
orthog_10_6,10,Float64,true,taylor,realschur,90,3,2.220446049250313e-16,1.133148453066826,1,2.220446049250313e-16,13,0,53,false
orthog_10_-1,10,Float64,true,diagonalcheap,transfree,0,0,NaN,NaN,NaN,2.220446049250313e-16,13,1,53,true
orthog_10_-1,10,Float64,true,diagonalcheap,transfree,0,0,NaN,NaN,NaN,2.220446049250313e-16,13,1,53,false
orthog_10_-1,10,Float64,true,diagonalcheap,complexschur,13,0,9.922407277825639e-18,29.20426861373046,29.204268613730463,2.220446049250313e-16,13,1,53,true
orthog_10_-1,10,Float64,true,diagonalcheap,complexschur,21,0,0,29.20426861373043,29.204268613730434,2.220446049250313e-16,13,1,53,false
orthog_10_-1,10,Float64,true,diagonalcheap,realschur,13,0,9.922407277825639e-18,29.20426861373046,29.204268613730463,2.220446049250313e-16,13,1,53,true
orthog_10_-1,10,Float64,true,diagonalcheap,realschur,21,0,0,29.20426861373043,29.204268613730434,2.220446049250313e-16,13,1,53,false
orthog_10_-1,10,Float64,true,taylor,transfree,0,0,NaN,NaN,NaN,2.220446049250313e-16,13,1,53,true
orthog_10_-1,10,Float64,true,taylor,transfree,0,0,NaN,NaN,NaN,2.220446049250313e-16,13,1,53,false
orthog_10_-1,10,Float64,true,taylor,complexschur,30,0,3.469446951953614e-18,16.47064075692365,1,2.220446049250313e-16,13,1,53,true
orthog_10_-1,10,Float64,true,taylor,complexschur,30,0,3.552713678800501e-15,16.47064075692365,1,2.220446049250313e-16,13,1,53,false
orthog_10_-1,10,Float64,true,taylor,realschur,30,0,3.469446951953614e-18,16.47064075692365,1,2.220446049250313e-16,13,1,53,true
orthog_10_-1,10,Float64,true,taylor,realschur,30,0,3.552713678800501e-15,16.47064075692365,1,2.220446049250313e-16,13,1,53,false
redheff_10,10,Int64,false,diagonalcheap,transfree,13,1,6.969018719471e-18,17.17567239685025,14.472739998403709,2.220446049250313e-16,13,1,53,true
redheff_10,10,Int64,false,diagonalcheap,transfree,17,1,2.363382163509773e-15,17.17567239685026,14.378950962248743,2.220446049250313e-16,13,1,53,false
redheff_10,10,Int64,false,diagonalcheap,complexschur,13,0,2.050903427209781e-16,80.15733563869544,22.491634381123642,2.220446049250313e-16,13,1,53,true
redheff_10,10,Int64,false,diagonalcheap,complexschur,57,0,1.624550984901705e-14,80.15733563869546,21.034120203269893,2.220446049250313e-16,13,1,53,false
redheff_10,10,Int64,false,diagonalcheap,realschur,13,0,2.050903427209781e-16,80.15733563869544,22.491634381123642,2.220446049250313e-16,13,1,53,true
redheff_10,10,Int64,false,diagonalcheap,realschur,57,0,1.624550984901705e-14,80.15733563869546,21.034120203269893,2.220446049250313e-16,13,1,53,false
redheff_10,10,Int64,false,taylor,transfree,25,1,6.765421556309548e-17,14.02083333333333,1,2.220446049250313e-16,13,1,53,true
redheff_10,10,Int64,false,taylor,transfree,25,1,0,14.02083333333333,1,2.220446049250313e-16,13,1,53,false
redheff_10,10,Int64,false,taylor,complexschur,25,1,6.938893903907228e-18,7.349784921791763,1,2.220446049250313e-16,13,1,53,true
redheff_10,10,Int64,false,taylor,complexschur,25,1,0,7.349784921791763,1,2.220446049250313e-16,13,1,53,false
redheff_10,10,Int64,false,taylor,realschur,25,1,6.938893903907228e-18,7.349784921791763,1,2.220446049250313e-16,13,1,53,true
redheff_10,10,Int64,false,taylor,realschur,25,1,0,7.349784921791763,1,2.220446049250313e-16,13,1,53,false
riemann_10,10,Int64,false,diagonalcheap,transfree,13,2,1.240306264997897e-17,29.24935134290766,14.115803779202846,2.220446049250313e-16,13,2,53,true
riemann_10,10,Int64,false,diagonalcheap,transfree,17,2,6.286329112378771e-15,29.24935134290768,13.972062615292403,2.220446049250313e-16,13,2,53,false
riemann_10,10,Int64,false,diagonalcheap,complexschur,13,2,6.718058196035389e-18,16.91509803513571,7.18465533418393,2.220446049250313e-16,13,2,53,true
riemann_10,10,Int64,false,diagonalcheap,complexschur,17,2,0,16.91509803513571,7.127345434136042,2.220446049250313e-16,13,2,53,false
riemann_10,10,Int64,false,diagonalcheap,realschur,13,2,6.718058196035389e-18,16.91509803513571,7.18465533418393,2.220446049250313e-16,13,2,53,true
riemann_10,10,Int64,false,diagonalcheap,realschur,17,2,0,16.91509803513571,7.127345434136042,2.220446049250313e-16,13,2,53,false
riemann_10,10,Int64,false,taylor,transfree,30,2,0,25.65006510416666,1,2.220446049250313e-16,13,2,53,true
riemann_10,10,Int64,false,taylor,transfree,30,2,3.552713678800501e-15,25.65006510416666,1,2.220446049250313e-16,13,2,53,false
riemann_10,10,Int64,false,taylor,complexschur,25,2,9.957312752106873e-16,16.42510897113804,1,2.220446049250313e-16,13,2,53,true
riemann_10,10,Int64,false,taylor,complexschur,25,2,3.552713678800501e-15,16.42510897113804,1,2.220446049250313e-16,13,2,53,false
riemann_10,10,Int64,false,taylor,realschur,25,2,9.957312752106873e-16,16.42510897113804,1,2.220446049250313e-16,13,2,53,true
riemann_10,10,Int64,false,taylor,realschur,25,2,3.552713678800501e-15,16.42510897113804,1,2.220446049250313e-16,13,2,53,false
ris_10,10,Rational{Int64},true,diagonalcheap,transfree,0,0,NaN,NaN,NaN,2.220446049250313e-16,13,0,53,true
ris_10,10,Rational{Int64},true,diagonalcheap,transfree,0,0,NaN,NaN,NaN,2.220446049250313e-16,13,0,53,false
ris_10,10,Rational{Int64},true,diagonalcheap,complexschur,9,0,1.937153826881024e-18,4.810477380909716,4.810477380936126,2.220446049250313e-16,13,0,53,true
ris_10,10,Rational{Int64},true,diagonalcheap,complexschur,9,0,9.918227593630843e-16,4.810477380909716,4.810477380936126,2.220446049250313e-16,13,0,53,false
ris_10,10,Rational{Int64},true,diagonalcheap,realschur,9,0,1.937153826881024e-18,4.810477380909716,4.810477380936126,2.220446049250313e-16,13,0,53,true
ris_10,10,Rational{Int64},true,diagonalcheap,realschur,9,0,9.918227593630843e-16,4.810477380909716,4.810477380936126,2.220446049250313e-16,13,0,53,false
ris_10,10,Rational{Int64},true,taylor,transfree,0,0,NaN,NaN,NaN,2.220446049250313e-16,13,0,53,true
ris_10,10,Rational{Int64},true,taylor,transfree,0,0,NaN,NaN,NaN,2.220446049250313e-16,13,0,53,false
ris_10,10,Rational{Int64},true,taylor,complexschur,20,0,2.766883944183007e-16,4.450460974393314,1,2.220446049250313e-16,13,0,53,true
ris_10,10,Rational{Int64},true,taylor,complexschur,20,0,0,4.450460974393314,1,2.220446049250313e-16,13,0,53,false
ris_10,10,Rational{Int64},true,taylor,realschur,20,0,2.766883944183007e-16,4.450460974393314,1,2.220446049250313e-16,13,0,53,true
ris_10,10,Rational{Int64},true,taylor,realschur,20,0,0,4.450460974393314,1,2.220446049250313e-16,13,0,53,false
wilkinson_21,21,Float64,true,diagonalcheap,transfree,0,0,NaN,NaN,NaN,2.220446049250313e-16,13,2,53,true
wilkinson_21,21,Float64,true,diagonalcheap,transfree,0,0,NaN,NaN,NaN,2.220446049250313e-16,13,2,53,false
wilkinson_21,21,Float64,true,diagonalcheap,complexschur,17,1,8.519848229089671e-17,215.529349199521,21.664701739063084,2.220446049250313e-16,13,2,53,true
wilkinson_21,21,Float64,true,diagonalcheap,complexschur,91,4,0,1.95743929406779,1.449613151825405,2.220446049250313e-16,13,2,53,false
wilkinson_21,21,Float64,true,diagonalcheap,realschur,17,1,8.519848229089671e-17,215.529349199521,21.664701739063084,2.220446049250313e-16,13,2,53,true
wilkinson_21,21,Float64,true,diagonalcheap,realschur,91,4,0,1.95743929406779,1.449613151825405,2.220446049250313e-16,13,2,53,false
wilkinson_21,21,Float64,true,taylor,transfree,0,0,NaN,NaN,NaN,2.220446049250313e-16,13,2,53,true
wilkinson_21,21,Float64,true,taylor,transfree,0,0,NaN,NaN,NaN,2.220446049250313e-16,13,2,53,false
wilkinson_21,21,Float64,true,taylor,complexschur,25,2,4.041905699025961e-16,12.69757208115905,1,2.220446049250313e-16,13,2,53,true
wilkinson_21,21,Float64,true,taylor,complexschur,90,3,0,3.831567866021499,1,2.220446049250313e-16,13,2,53,false
wilkinson_21,21,Float64,true,taylor,realschur,25,2,4.041905699025961e-16,12.69757208115905,1,2.220446049250313e-16,13,2,53,true
wilkinson_21,21,Float64,true,taylor,realschur,90,3,0,3.831567866021499,1,2.220446049250313e-16,13,2,53,false
clement_10_1,10,Float64,true,diagonalcheap,transfree,0,0,NaN,NaN,NaN,2.220446049250313e-16,13,1,53,true
clement_10_1,10,Float64,true,diagonalcheap,transfree,0,0,NaN,NaN,NaN,2.220446049250313e-16,13,1,53,false
clement_10_1,10,Float64,true,diagonalcheap,complexschur,13,2,5.480151532285073e-18,9.487735836358517,9.487735836358535,2.220446049250313e-16,13,1,53,true
clement_10_1,10,Float64,true,diagonalcheap,complexschur,17,2,0,9.48773583635853,9.487735836358548,2.220446049250313e-16,13,1,53,false
clement_10_1,10,Float64,true,diagonalcheap,realschur,13,2,5.480151532285073e-18,9.487735836358517,9.487735836358535,2.220446049250313e-16,13,1,53,true
clement_10_1,10,Float64,true,diagonalcheap,realschur,17,2,0,9.48773583635853,9.487735836358548,2.220446049250313e-16,13,1,53,false
clement_10_1,10,Float64,true,taylor,transfree,0,0,NaN,NaN,NaN,2.220446049250313e-16,13,1,53,true
clement_10_1,10,Float64,true,taylor,transfree,0,0,NaN,NaN,NaN,2.220446049250313e-16,13,1,53,false
clement_10_1,10,Float64,true,taylor,complexschur,36,1,2.775557561562891e-17,30.8125,1,2.220446049250313e-16,13,1,53,true
clement_10_1,10,Float64,true,taylor,complexschur,90,2,0,9.487506026050875,1,2.220446049250313e-16,13,1,53,false
clement_10_1,10,Float64,true,taylor,realschur,36,1,2.775557561562891e-17,30.8125,1,2.220446049250313e-16,13,1,53,true
clement_10_1,10,Float64,true,taylor,realschur,90,2,0,9.487506026050875,1,2.220446049250313e-16,13,1,53,false
chebspec_10,10,Float64,false,diagonalcheap,transfree,13,3,2.28189594398278e-18,18.97451879669954,26.664762434973103,2.220446049250313e-16,13,4,53,true
chebspec_10,10,Float64,false,diagonalcheap,transfree,17,3,2.326171248536882e-15,18.97451879669955,26.66756028486389,2.220446049250313e-16,13,4,53,false
chebspec_10,10,Float64,false,diagonalcheap,complexschur,9,4,1.917135731817009e-18,10.51957639832353,18.529619378307196,2.220446049250313e-16,13,4,53,true
chebspec_10,10,Float64,false,diagonalcheap,complexschur,9,4,0,10.51957639832353,18.529619378307196,2.220446049250313e-16,13,4,53,false
chebspec_10,10,Float64,false,diagonalcheap,realschur,9,4,1.916899077543393e-18,10.51951362961452,18.703797783969655,2.220446049250313e-16,13,4,53,true
chebspec_10,10,Float64,false,diagonalcheap,realschur,9,4,1.962904655404434e-15,10.51951362961452,18.70379778396965,2.220446049250313e-16,13,4,53,false
chebspec_10,10,Float64,false,taylor,transfree,30,2,1.040834085586084e-17,97.23918060565197,1,2.220446049250313e-16,13,4,53,true
chebspec_10,10,Float64,false,taylor,transfree,30,2,7.105427357601002e-15,97.23918060565197,1,2.220446049250313e-16,13,4,53,false
chebspec_10,10,Float64,false,taylor,complexschur,30,2,8.326672684688674e-17,200.307740091774,1,2.220446049250313e-16,13,4,53,true
chebspec_10,10,Float64,false,taylor,complexschur,30,2,0,200.307740091774,1,2.220446049250313e-16,13,4,53,false
chebspec_10,10,Float64,false,taylor,realschur,30,2,1.040834085586084e-16,200.3107001154198,1,2.220446049250313e-16,13,4,53,true
chebspec_10,10,Float64,false,taylor,realschur,30,2,7.105427357601002e-15,200.3107001154198,1,2.220446049250313e-16,13,4,53,false
chebvand_10,10,Float64,false,diagonalcheap,transfree,13,0,3.721611232540117e-17,29.01198674458369,42.78832236900575,2.220446049250313e-16,13,1,53,true
chebvand_10,10,Float64,false,diagonalcheap,transfree,91,2,5.261604738549017e-16,4.012604228110654,4.567723307199927,2.220446049250313e-16,13,1,53,false
chebvand_10,10,Float64,false,diagonalcheap,complexschur,13,0,3.945902350598077e-17,20.8662569559364,20.806482025721262,2.220446049250313e-16,13,1,53,true
chebvand_10,10,Float64,false,diagonalcheap,complexschur,91,3,0,1.645427618488284,1.6041240288068874,2.220446049250313e-16,13,1,53,false
chebvand_10,10,Float64,false,diagonalcheap,realschur,13,0,3.95426395888205e-17,17.47274887616211,30.379532467444427,2.220446049250313e-16,13,1,53,true
chebvand_10,10,Float64,false,diagonalcheap,realschur,17,0,0,17.47274887616211,30.47592015532369,2.220446049250313e-16,13,1,53,false
chebvand_10,10,Float64,false,taylor,transfree,30,0,6.938893903907228e-18,29.60275567634363,1,2.220446049250313e-16,13,1,53,true
chebvand_10,10,Float64,false,taylor,transfree,90,1,8.881784197001252e-16,8.395488901418762,1,2.220446049250313e-16,13,1,53,false
chebvand_10,10,Float64,false,taylor,complexschur,30,0,3.469446951953614e-18,21.04054177063494,1,2.220446049250313e-16,13,1,53,true
chebvand_10,10,Float64,false,taylor,complexschur,30,0,3.552713678800501e-15,21.04054177063494,1,2.220446049250313e-16,13,1,53,false
chebvand_10,10,Float64,false,taylor,realschur,30,0,0,19.49682145926172,1,2.220446049250313e-16,13,1,53,true
chebvand_10,10,Float64,false,taylor,realschur,30,0,0,19.49682145926172,1,2.220446049250313e-16,13,1,53,false
chow_10,10,Int64,false,diagonalcheap,transfree,13,1,2.421886703687654e-17,27.80687491508752,11.074381747899471,2.220446049250313e-16,13,1,53,true
chow_10,10,Int64,false,diagonalcheap,transfree,17,1,6.139210343114991e-15,27.80687491508753,10.953904214761204,2.220446049250313e-16,13,1,53,false
chow_10,10,Int64,false,diagonalcheap,complexschur,17,0,5.886025912030285e-16,191.1446394717708,29.90723826409311,2.220446049250313e-16,13,1,53,true
chow_10,10,Int64,false,diagonalcheap,complexschur,91,5,2.483043589379935e-16,1.123699748071891,1.1377773811666378,2.220446049250313e-16,13,1,53,false
chow_10,10,Int64,false,diagonalcheap,realschur,17,0,5.886025912030285e-16,191.1446394717708,29.907238263626876,2.220446049250313e-16,13,1,53,true
chow_10,10,Int64,false,diagonalcheap,realschur,91,5,2.483043589379935e-16,1.123699748071891,1.1377773811666378,2.220446049250313e-16,13,1,53,false
chow_10,10,Int64,false,taylor,transfree,25,1,3.95516952522712e-15,21,1,2.220446049250313e-16,13,1,53,true
chow_10,10,Int64,false,taylor,transfree,42,1,0,21,1,2.220446049250313e-16,13,1,53,false
chow_10,10,Int64,false,taylor,complexschur,25,1,3.05311331771918e-16,14.08759789104958,1,2.220446049250313e-16,13,1,53,true
chow_10,10,Int64,false,taylor,complexschur,56,1,1.77635683940025e-15,14.08759789104958,1,2.220446049250313e-16,13,1,53,false
chow_10,10,Int64,false,taylor,realschur,25,1,3.05311331771918e-16,14.08759789104958,1,2.220446049250313e-16,13,1,53,true
chow_10,10,Int64,false,taylor,realschur,56,1,1.77635683940025e-15,14.08759789104958,1,2.220446049250313e-16,13,1,53,false
circulant_10,10,Int64,false,diagonalcheap,transfree,13,4,1.539425698827104e-17,31.1090881509676,11.54857167102348,2.220446049250313e-16,13,4,53,true
circulant_10,10,Int64,false,diagonalcheap,transfree,65,4,0,31.10908815096763,10.978609613157191,2.220446049250313e-16,13,4,53,false
circulant_10,10,Int64,false,diagonalcheap,complexschur,13,4,3.078851397654216e-17,31.10908815096771,6.945323283742375,2.220446049250313e-16,13,4,53,true
circulant_10,10,Int64,false,diagonalcheap,complexschur,65,4,5.010904014912957e-15,31.1090881509677,6.601194905535855,2.220446049250313e-16,13,4,53,false
circulant_10,10,Int64,false,diagonalcheap,realschur,13,4,3.078851397654216e-17,31.10908815096771,9.361394413562007,2.220446049250313e-16,13,4,53,true
circulant_10,10,Int64,false,diagonalcheap,realschur,65,4,5.010904014912957e-15,31.1090881509677,8.904378017242722,2.220446049250313e-16,13,4,53,false
circulant_10,10,Int64,false,taylor,transfree,42,3,0,178.7513122558594,1,2.220446049250313e-16,13,4,53,true
circulant_10,10,Int64,false,taylor,transfree,90,5,8.881784197001252e-16,5.577540881617992,1,2.220446049250313e-16,13,4,53,false
circulant_10,10,Int64,false,taylor,complexschur,42,3,4.440892098500626e-16,178.7513122558595,1,2.220446049250313e-16,13,4,53,true
circulant_10,10,Int64,false,taylor,complexschur,90,8,2.220446049250313e-16,1.239668183678904,1,2.220446049250313e-16,13,4,53,false
circulant_10,10,Int64,false,taylor,realschur,42,3,4.440892098500626e-16,178.7513122558595,1,2.220446049250313e-16,13,4,53,true
circulant_10,10,Int64,false,taylor,realschur,90,8,2.220446049250313e-16,1.239668183678904,1,2.220446049250313e-16,13,4,53,false
cycol_10,10,Float64,false,diagonalcheap,transfree,9,0,9.427704501583672e-17,13.9986555572097,38.61381665753056,2.220446049250313e-16,13,1,53,true
cycol_10,10,Float64,false,diagonalcheap,transfree,13,0,2.917390174850363e-15,13.9986555572097,38.7657943612751,2.220446049250313e-16,13,1,53,false
cycol_10,10,Float64,false,diagonalcheap,complexschur,9,0,0,8.576338121854933,19.126383910207636,2.220446049250313e-16,13,1,53,true
cycol_10,10,Float64,false,diagonalcheap,complexschur,17,0,9.73730318317937e-16,8.576338121854933,19.129681045518755,2.220446049250313e-16,13,1,53,false
cycol_10,10,Float64,false,diagonalcheap,realschur,9,0,0,8.154983744847177,19.338292819388847,2.220446049250313e-16,13,1,53,true
cycol_10,10,Float64,false,diagonalcheap,realschur,21,0,9.811389085214625e-16,8.154983744847179,19.285744422273027,2.220446049250313e-16,13,1,53,false
cycol_10,10,Float64,false,taylor,transfree,20,0,1.379105163401562e-16,13.89439860046269,1,2.220446049250313e-16,13,1,53,true
cycol_10,10,Float64,false,taylor,transfree,20,0,8.881784197001252e-16,13.89439860046269,1,2.220446049250313e-16,13,1,53,false
cycol_10,10,Float64,false,taylor,complexschur,20,0,6.505213034913027e-18,8.523258704028942,1,2.220446049250313e-16,13,1,53,true
cycol_10,10,Float64,false,taylor,complexschur,20,0,4.440892098500626e-16,8.523258704028942,1,2.220446049250313e-16,13,1,53,false
cycol_10,10,Float64,false,taylor,realschur,20,0,6.938893903907228e-18,8.8744273124088,1,2.220446049250313e-16,13,1,53,true
cycol_10,10,Float64,false,taylor,realschur,20,0,4.440892098500626e-16,8.8744273124088,1,2.220446049250313e-16,13,1,53,false
dramadah_10_1,10,Int64,false,diagonalcheap,transfree,13,0,7.535910191274583e-16,98.40890408838663,27.056641925681802,2.220446049250313e-16,13,1,53,true
dramadah_10_1,10,Int64,false,diagonalcheap,transfree,81,0,2.100918259202374e-14,98.40890408838644,28.215367986207056,2.220446049250313e-16,13,1,53,false
dramadah_10_1,10,Int64,false,diagonalcheap,complexschur,13,0,9.860095100228729e-17,64.33538939524708,19.671806923007217,2.220446049250313e-16,13,1,53,true
dramadah_10_1,10,Int64,false,diagonalcheap,complexschur,65,0,7.244714849592387e-15,64.33538939524747,18.323483228509605,2.220446049250313e-16,13,1,53,false
dramadah_10_1,10,Int64,false,diagonalcheap,realschur,13,0,9.860095100228729e-17,64.33538939524708,19.341305323257036,2.220446049250313e-16,13,1,53,true
dramadah_10_1,10,Int64,false,diagonalcheap,realschur,65,0,7.244714849592387e-15,64.33538939524749,18.009976670750092,2.220446049250313e-16,13,1,53,false
dramadah_10_1,10,Int64,false,taylor,transfree,25,1,5.204170427930421e-18,9.708333333333334,1,2.220446049250313e-16,13,1,53,true
dramadah_10_1,10,Int64,false,taylor,transfree,25,1,1.77635683940025e-15,9.708333333333334,1,2.220446049250313e-16,13,1,53,false
dramadah_10_1,10,Int64,false,taylor,complexschur,25,1,0,6.753799578103475,1,2.220446049250313e-16,13,1,53,true
dramadah_10_1,10,Int64,false,taylor,complexschur,90,3,0,1.682891983787471,1,2.220446049250313e-16,13,1,53,false
dramadah_10_1,10,Int64,false,taylor,realschur,25,1,0,6.753799578103475,1,2.220446049250313e-16,13,1,53,true
dramadah_10_1,10,Int64,false,taylor,realschur,90,3,0,1.732029289477827,1,2.220446049250313e-16,13,1,53,false
dramadah_10_3,10,Int64,false,diagonalcheap,transfree,13,0,0,60.50895669867153,19.744595522600495,2.220446049250313e-16,13,1,53,true
dramadah_10_3,10,Int64,false,diagonalcheap,transfree,21,0,0,60.50895669867155,19.177731323750454,2.220446049250313e-16,13,1,53,false
dramadah_10_3,10,Int64,false,diagonalcheap,complexschur,13,0,2.799170044282991e-17,41.92937030663569,8.603825742280732,2.220446049250313e-16,13,1,53,true
dramadah_10_3,10,Int64,false,diagonalcheap,complexschur,21,0,7.003260561393813e-15,41.92937030663575,8.379236590386746,2.220446049250313e-16,13,1,53,false
dramadah_10_3,10,Int64,false,diagonalcheap,realschur,13,0,6.970098893066294e-18,41.84266071827666,11.566908523043741,2.220446049250313e-16,13,1,53,true
dramadah_10_3,10,Int64,false,diagonalcheap,realschur,91,3,3.119413019895894e-16,1.447274876571734,1.5209740601266757,2.220446049250313e-16,13,1,53,false
dramadah_10_3,10,Int64,false,taylor,transfree,25,1,8.673617379884035e-19,8.958333333333332,1,2.220446049250313e-16,13,1,53,true
dramadah_10_3,10,Int64,false,taylor,transfree,25,1,8.881784197001252e-16,8.958333333333332,1,2.220446049250313e-16,13,1,53,false
dramadah_10_3,10,Int64,false,taylor,complexschur,30,0,0,24.70685601802633,1,2.220446049250313e-16,13,1,53,true
dramadah_10_3,10,Int64,false,taylor,complexschur,30,0,0,24.70685601802633,1,2.220446049250313e-16,13,1,53,false
dramadah_10_3,10,Int64,false,taylor,realschur,30,0,2.081668171172169e-17,24.62815840216083,1,2.220446049250313e-16,13,1,53,true
dramadah_10_3,10,Int64,false,taylor,realschur,42,0,3.552713678800501e-15,24.62815840216083,1,2.220446049250313e-16,13,1,53,false
forsythe_10,10,Float64,false,diagonalcheap,transfree,9,0,3.601465742705195e-19,2.718281525573197,2.718281825640393,2.220446049250313e-16,7,0,53,true
forsythe_10,10,Float64,false,diagonalcheap,transfree,9,0,0,2.718281525573197,2.718281825640393,2.220446049250313e-16,7,0,53,false
forsythe_10,10,Float64,false,diagonalcheap,complexschur,9,0,3.841647678378219e-19,2.738677004148674,2.9189240922156237,2.220446049250313e-16,7,0,53,true
forsythe_10,10,Float64,false,diagonalcheap,complexschur,9,0,0,2.738677004148674,2.9189240922156237,2.220446049250313e-16,7,0,53,false
forsythe_10,10,Float64,false,diagonalcheap,realschur,9,0,0,2.716789106922083,2.8058807135064368,2.220446049250313e-16,7,0,53,true
forsythe_10,10,Float64,false,diagonalcheap,realschur,13,0,3.891777872326521e-16,2.716789106922083,2.800329664400863,2.220446049250313e-16,7,0,53,false
forsythe_10,10,Float64,false,taylor,transfree,20,0,4.336808689942018e-19,2.666666666666667,1,2.220446049250313e-16,7,0,53,true
forsythe_10,10,Float64,false,taylor,transfree,20,0,4.440892098500626e-16,2.666666666666667,1,2.220446049250313e-16,7,0,53,false
forsythe_10,10,Float64,false,taylor,complexschur,20,0,4.336808689942018e-19,2.936898378661384,1,2.220446049250313e-16,7,0,53,true
forsythe_10,10,Float64,false,taylor,complexschur,20,0,0,2.936898378661384,1,2.220446049250313e-16,7,0,53,false
forsythe_10,10,Float64,false,taylor,realschur,20,0,4.336808689942018e-19,2.90766732743782,1,2.220446049250313e-16,7,0,53,true
forsythe_10,10,Float64,false,taylor,realschur,20,0,4.440892098500626e-16,2.90766732743782,1,2.220446049250313e-16,7,0,53,false
leslie_10_1,10,Int64,false,diagonalcheap,transfree,9,0,6.895433155315321e-16,7.389055727637595,5.775202858683046,2.220446049250313e-16,9,0,53,true
leslie_10_1,10,Int64,false,diagonalcheap,transfree,9,0,0,7.389055727637595,5.775202858683045,2.220446049250313e-16,9,0,53,false
leslie_10_1,10,Int64,false,diagonalcheap,complexschur,9,0,6.929834436332677e-16,7.38180827794084,7.247533231563908,2.220446049250313e-16,9,0,53,true
leslie_10_1,10,Int64,false,diagonalcheap,complexschur,9,0,0,7.381808277940835,7.247533231563906,2.220446049250313e-16,9,0,53,false
leslie_10_1,10,Int64,false,diagonalcheap,realschur,9,0,8.078717027827894e-16,7.381808277940839,7.985086477450523,2.220446049250313e-16,9,0,53,true
leslie_10_1,10,Int64,false,diagonalcheap,realschur,9,0,0,7.381808277940835,7.98508647745052,2.220446049250313e-16,9,0,53,false
leslie_10_1,10,Int64,false,taylor,transfree,25,0,1.734723475976807e-18,6.333333333333334,1,2.220446049250313e-16,9,0,53,true
leslie_10_1,10,Int64,false,taylor,transfree,90,0,8.881784197001252e-16,6.333333333333334,1,2.220446049250313e-16,9,0,53,false
leslie_10_1,10,Int64,false,taylor,complexschur,25,0,8.673617379884035e-19,6.32842794134895,1,2.220446049250313e-16,9,0,53,true
leslie_10_1,10,Int64,false,taylor,complexschur,25,0,8.881784197001252e-16,6.32842794134895,1,2.220446049250313e-16,9,0,53,false
leslie_10_1,10,Int64,false,taylor,realschur,25,0,8.673617379884035e-19,7.193291205806618,1,2.220446049250313e-16,9,0,53,true
leslie_10_1,10,Int64,false,taylor,realschur,25,0,8.881784197001252e-16,7.193291205806618,1,2.220446049250313e-16,9,0,53,false
leslie_10_2,10,Int64,false,diagonalcheap,transfree,9,0,6.895433155315321e-16,7.389055727637595,5.775202858683046,2.220446049250313e-16,9,0,53,true
leslie_10_2,10,Int64,false,diagonalcheap,transfree,9,0,0,7.389055727637595,5.775202858683045,2.220446049250313e-16,9,0,53,false
leslie_10_2,10,Int64,false,diagonalcheap,complexschur,9,0,6.929834436332677e-16,7.38180827794084,7.247533231563908,2.220446049250313e-16,9,0,53,true
leslie_10_2,10,Int64,false,diagonalcheap,complexschur,9,0,0,7.381808277940835,7.247533231563906,2.220446049250313e-16,9,0,53,false
leslie_10_2,10,Int64,false,diagonalcheap,realschur,9,0,8.078717027827894e-16,7.381808277940839,7.985086477450523,2.220446049250313e-16,9,0,53,true
leslie_10_2,10,Int64,false,diagonalcheap,realschur,9,0,0,7.381808277940835,7.98508647745052,2.220446049250313e-16,9,0,53,false
leslie_10_2,10,Int64,false,taylor,transfree,25,0,1.734723475976807e-18,6.333333333333334,1,2.220446049250313e-16,9,0,53,true
leslie_10_2,10,Int64,false,taylor,transfree,90,0,8.881784197001252e-16,6.333333333333334,1,2.220446049250313e-16,9,0,53,false
leslie_10_2,10,Int64,false,taylor,complexschur,25,0,8.673617379884035e-19,6.32842794134895,1,2.220446049250313e-16,9,0,53,true
leslie_10_2,10,Int64,false,taylor,complexschur,25,0,8.881784197001252e-16,6.32842794134895,1,2.220446049250313e-16,9,0,53,false
leslie_10_2,10,Int64,false,taylor,realschur,25,0,8.673617379884035e-19,7.193291205806618,1,2.220446049250313e-16,9,0,53,true
leslie_10_2,10,Int64,false,taylor,realschur,25,0,8.881784197001252e-16,7.193291205806618,1,2.220446049250313e-16,9,0,53,false
randn_xoshiro10_10x10,10,Float64,false,diagonalcheap,transfree,13,1,3.441430648549565e-18,9.635227057573768,14.78141651658193,2.220446049250313e-16,13,1,53,true
randn_xoshiro10_10x10,10,Float64,false,diagonalcheap,transfree,21,1,1.752446614952847e-15,9.635227057573768,14.814229249280237,2.220446049250313e-16,13,1,53,false
randn_xoshiro10_10x10,10,Float64,false,diagonalcheap,complexschur,13,0,1.545135930921673e-16,44.35464552641519,63.46450857466715,2.220446049250313e-16,13,1,53,true
randn_xoshiro10_10x10,10,Float64,false,diagonalcheap,complexschur,81,0,8.440594139815203e-15,44.35464552641518,64.46679704868046,2.220446049250313e-16,13,1,53,false
randn_xoshiro10_10x10,10,Float64,false,diagonalcheap,realschur,13,0,1.271018904657202e-16,41.41963735757314,70.4320465999299,2.220446049250313e-16,13,1,53,true
randn_xoshiro10_10x10,10,Float64,false,diagonalcheap,realschur,73,0,8.357033367955553e-15,41.41963735757311,71.82713090716426,2.220446049250313e-16,13,1,53,false
randn_xoshiro10_10x10,10,Float64,false,taylor,transfree,30,0,3.747002708109903e-16,33.01383701135341,1,2.220446049250313e-16,13,1,53,true
randn_xoshiro10_10x10,10,Float64,false,taylor,transfree,30,0,7.105427357601002e-15,33.01383701135341,1,2.220446049250313e-16,13,1,53,false
randn_xoshiro10_10x10,10,Float64,false,taylor,complexschur,30,0,7.632783294297951e-17,31.7291977755272,1,2.220446049250313e-16,13,1,53,true
randn_xoshiro10_10x10,10,Float64,false,taylor,complexschur,30,0,0,31.7291977755272,1,2.220446049250313e-16,13,1,53,false
randn_xoshiro10_10x10,10,Float64,false,taylor,realschur,30,0,6.938893903907228e-17,30.46235534327282,1,2.220446049250313e-16,13,1,53,true
randn_xoshiro10_10x10,10,Float64,false,taylor,realschur,42,0,0,30.46235534327282,1,2.220446049250313e-16,13,1,53,false
orthog_complex_10_3,10,ComplexF64,false,diagonalcheap,transfree,7,0,1.035426539714547e-15,5.25939311567825,6.7885440894453035,2.220446049250313e-16,13,0,53,true
orthog_complex_10_3,10,ComplexF64,false,diagonalcheap,transfree,9,0,0,5.25939311567825,6.7885440894453035,2.220446049250313e-16,13,0,53,false
orthog_complex_10_3,10,ComplexF64,false,diagonalcheap,complexschur,9,0,3.601465746439647e-19,2.718281828459053,2.7182818284590526,2.220446049250313e-16,13,0,53,true
orthog_complex_10_3,10,ComplexF64,false,diagonalcheap,complexschur,9,0,3.687900924354199e-16,2.718281828459053,2.7182818284590526,2.220446049250313e-16,13,0,53,false
orthog_complex_10_3,10,ComplexF64,false,taylor,transfree,20,0,2.602085213965211e-18,5.18932393686311,1,2.220446049250313e-16,13,0,53,true
orthog_complex_10_3,10,ComplexF64,false,taylor,transfree,20,0,4.440892098500626e-16,5.18932393686311,1,2.220446049250313e-16,13,0,53,false
orthog_complex_10_3,10,ComplexF64,false,taylor,complexschur,20,0,4.336808689942018e-19,2.666666666666675,1,2.220446049250313e-16,13,0,53,true
orthog_complex_10_3,10,ComplexF64,false,taylor,complexschur,20,0,0,2.666666666666675,1,2.220446049250313e-16,13,0,53,false
orthog_10_4,10,Float64,false,diagonalcheap,transfree,9,0,0,4.983048004998649,5.193136888782106,2.220446049250313e-16,13,-1,53,true
orthog_10_4,10,Float64,false,diagonalcheap,transfree,13,0,0,4.98304800499865,5.177632718861016,2.220446049250313e-16,13,-1,53,false
orthog_10_4,10,Float64,false,diagonalcheap,complexschur,9,0,0,2.718281828459044,2.718281828459046,2.220446049250313e-16,13,-1,53,true
orthog_10_4,10,Float64,false,diagonalcheap,complexschur,9,0,0,2.718281828459044,2.718281828459046,2.220446049250313e-16,13,-1,53,false
orthog_10_4,10,Float64,false,diagonalcheap,realschur,9,0,0,2.718281828459044,3.091352987164548,2.220446049250313e-16,13,-1,53,true
orthog_10_4,10,Float64,false,diagonalcheap,realschur,9,0,0,2.718281828459044,3.091352987164548,2.220446049250313e-16,13,-1,53,false
orthog_10_4,10,Float64,false,taylor,transfree,20,0,4.336808689942018e-19,4.858273706230999,1,2.220446049250313e-16,13,-1,53,true
orthog_10_4,10,Float64,false,taylor,transfree,20,0,4.440892098500626e-16,4.858273706230999,1,2.220446049250313e-16,13,-1,53,false
orthog_10_4,10,Float64,false,taylor,complexschur,20,0,0,2.666666666666666,1,2.220446049250313e-16,13,-1,53,true
orthog_10_4,10,Float64,false,taylor,complexschur,90,3,2.220446049250313e-16,1.133148453066826,1,2.220446049250313e-16,13,-1,53,false
orthog_10_4,10,Float64,false,taylor,realschur,20,0,4.336808689942018e-19,2.666666666666666,1,2.220446049250313e-16,13,-1,53,true
orthog_10_4,10,Float64,false,taylor,realschur,20,0,4.440892098500626e-16,2.666666666666666,1,2.220446049250313e-16,13,-1,53,false
orthog_10_-2,10,Float64,false,diagonalcheap,transfree,13,0,1.484735122177698e-17,25.02622090902917,31.52002109919369,2.220446049250313e-16,13,1,53,true
orthog_10_-2,10,Float64,false,diagonalcheap,transfree,57,0,0,25.02622090902922,31.31820648800184,2.220446049250313e-16,13,1,53,false
orthog_10_-2,10,Float64,false,diagonalcheap,complexschur,13,0,2.462725928259974e-17,17.03058032837802,20.78887231527153,2.220446049250313e-16,13,1,53,true
orthog_10_-2,10,Float64,false,diagonalcheap,complexschur,65,0,0,17.03058032837802,20.673757581259252,2.220446049250313e-16,13,1,53,false
orthog_10_-2,10,Float64,false,diagonalcheap,realschur,13,0,1.318043647640041e-17,17.08654014390997,21.344251962393095,2.220446049250313e-16,13,1,53,true
orthog_10_-2,10,Float64,false,diagonalcheap,realschur,81,0,2.167297971893727e-15,17.08654014391,21.062001571755975,2.220446049250313e-16,13,1,53,false
orthog_10_-2,10,Float64,false,taylor,transfree,30,0,0,19.22528952299733,1,2.220446049250313e-16,13,1,53,true
orthog_10_-2,10,Float64,false,taylor,transfree,25,0,3.552713678800501e-15,19.22528952299733,1,2.220446049250313e-16,13,1,53,false
orthog_10_-2,10,Float64,false,taylor,complexschur,30,0,6.938893903907228e-18,13.26456171746443,1,2.220446049250313e-16,13,1,53,true
orthog_10_-2,10,Float64,false,taylor,complexschur,30,0,0,13.26456171746443,1,2.220446049250313e-16,13,1,53,false
orthog_10_-2,10,Float64,false,taylor,realschur,30,0,0,14.39351331404852,1,2.220446049250313e-16,13,1,53,true
orthog_10_-2,10,Float64,false,taylor,realschur,90,1,8.881784197001252e-16,4.846894031746666,1,2.220446049250313e-16,13,1,53,false
randcolu_10,10,Float64,false,diagonalcheap,transfree,9,0,1.15267829266611e-18,5.230420331408254,5.83925035629377,2.220446049250313e-16,13,0,53,true
randcolu_10,10,Float64,false,diagonalcheap,transfree,9,0,0,5.230420331408254,5.839250356293768,2.220446049250313e-16,13,0,53,false
randcolu_10,10,Float64,false,diagonalcheap,complexschur,9,0,5.586298975473252e-19,4.840813450829472,6.647871396148441,2.220446049250313e-16,13,0,53,true
randcolu_10,10,Float64,false,diagonalcheap,complexschur,21,0,5.698664070499424e-16,4.84081345082947,6.66136770199889,2.220446049250313e-16,13,0,53,false
randcolu_10,10,Float64,false,diagonalcheap,realschur,9,0,0,5.127774184271185,6.762303323439259,2.220446049250313e-16,13,0,53,true
randcolu_10,10,Float64,false,diagonalcheap,realschur,13,0,5.954705827855912e-16,5.127774184271185,6.767381067285314,2.220446049250313e-16,13,0,53,false
randcolu_10,10,Float64,false,taylor,transfree,20,0,1.604619215278547e-17,5.108660532232958,1,2.220446049250313e-16,13,0,53,true
randcolu_10,10,Float64,false,taylor,transfree,20,0,4.440892098500626e-16,5.108660532232958,1,2.220446049250313e-16,13,0,53,false
randcolu_10,10,Float64,false,taylor,complexschur,20,0,3.035766082959412e-18,4.821806704076842,1,2.220446049250313e-16,13,0,53,true
randcolu_10,10,Float64,false,taylor,complexschur,20,0,0,4.821806704076842,1,2.220446049250313e-16,13,0,53,false
randcolu_10,10,Float64,false,taylor,realschur,20,0,2.168404344971009e-18,5.047675753553974,1,2.220446049250313e-16,13,0,53,true
randcolu_10,10,Float64,false,taylor,realschur,20,0,4.440892098500626e-16,5.047675753553974,1,2.220446049250313e-16,13,0,53,false
randhess_10,10,Float64,false,diagonalcheap,transfree,17,0,1.099184309203241e-15,233.195291720673,34.79243990138632,2.220446049250313e-16,13,1,53,true
randhess_10,10,Float64,false,diagonalcheap,transfree,91,2,0,4.48291178448028,2.6244515913341755,2.220446049250313e-16,13,1,53,false
randhess_10,10,Float64,false,diagonalcheap,complexschur,13,0,3.250988950819575e-14,171.4017565080835,30.384299077657978,2.220446049250313e-16,13,1,53,true
randhess_10,10,Float64,false,diagonalcheap,complexschur,91,0,2.368499845765046e-14,171.4017565080822,27.15287696338621,2.220446049250313e-16,13,1,53,false
randhess_10,10,Float64,false,diagonalcheap,realschur,13,0,3.250988950819575e-14,171.4017565080835,21.516536644896558,2.220446049250313e-16,13,1,53,true
randhess_10,10,Float64,false,diagonalcheap,realschur,91,0,2.368499845765046e-14,171.4017565080822,19.201124205276056,2.220446049250313e-16,13,1,53,false
randhess_10,10,Float64,false,taylor,transfree,25,1,6.401129626354418e-16,12.71578325679006,1,2.220446049250313e-16,13,1,53,true
randhess_10,10,Float64,false,taylor,transfree,25,1,0,12.71578325679006,1,2.220446049250313e-16,13,1,53,false
randhess_10,10,Float64,false,taylor,complexschur,25,1,1.283695372222837e-16,9.715336146781926,1,2.220446049250313e-16,13,1,53,true
randhess_10,10,Float64,false,taylor,complexschur,25,1,0,9.715336146781926,1,2.220446049250313e-16,13,1,53,false
randhess_10,10,Float64,false,taylor,realschur,25,1,1.283695372222837e-16,9.715336146781926,1,2.220446049250313e-16,13,1,53,true
randhess_10,10,Float64,false,taylor,realschur,25,1,0,9.715336146781926,1,2.220446049250313e-16,13,1,53,false
rando_10_1,10,Int64,false,diagonalcheap,transfree,13,1,1.950111192406381e-18,15.13216175072152,7.636127254653282,2.220446049250313e-16,13,1,53,true
rando_10_1,10,Int64,false,diagonalcheap,transfree,21,1,0,15.13216175072152,7.540208256696486,2.220446049250313e-16,13,1,53,false
rando_10_1,10,Int64,false,diagonalcheap,complexschur,13,1,1.399242393165272e-18,9.878462117836389,4.85056688465843,2.220446049250313e-16,13,1,53,true
rando_10_1,10,Int64,false,diagonalcheap,complexschur,31,1,0,9.878462117836399,4.775857045049803,2.220446049250313e-16,13,1,53,false
rando_10_1,10,Int64,false,diagonalcheap,realschur,13,1,1.399242393165272e-18,9.878462117836389,5.482928173472345,2.220446049250313e-16,13,1,53,true
rando_10_1,10,Int64,false,diagonalcheap,realschur,31,1,0,9.878462117836399,5.402772131340989,2.220446049250313e-16,13,1,53,false
rando_10_1,10,Int64,false,taylor,transfree,25,1,7.632783294297951e-17,11.95833333333333,1,2.220446049250313e-16,13,1,53,true
rando_10_1,10,Int64,false,taylor,transfree,30,1,1.77635683940025e-15,11.95833333333333,1,2.220446049250313e-16,13,1,53,false
rando_10_1,10,Int64,false,taylor,complexschur,25,1,1.214306433183765e-17,7.915658053081557,1,2.220446049250313e-16,13,1,53,true
rando_10_1,10,Int64,false,taylor,complexschur,25,1,0,7.915658053081557,1,2.220446049250313e-16,13,1,53,false
rando_10_1,10,Int64,false,taylor,realschur,25,1,1.214306433183765e-17,7.915658053081557,1,2.220446049250313e-16,13,1,53,true
rando_10_1,10,Int64,false,taylor,realschur,25,1,0,7.915658053081557,1,2.220446049250313e-16,13,1,53,false
rando_10_2,10,Int64,false,diagonalcheap,transfree,9,1,1.259805870356726e-15,12.47593446618573,17.716121273949298,2.220446049250313e-16,13,1,53,true
rando_10_2,10,Int64,false,diagonalcheap,transfree,9,1,0,12.47593446618573,17.716121273949298,2.220446049250313e-16,13,1,53,false
rando_10_2,10,Int64,false,diagonalcheap,complexschur,13,0,6.760462311666445e-17,37.04141771903173,67.03345675489993,2.220446049250313e-16,13,1,53,true
rando_10_2,10,Int64,false,diagonalcheap,complexschur,21,0,0,37.04141771903188,66.66326717762816,2.220446049250313e-16,13,1,53,false
rando_10_2,10,Int64,false,diagonalcheap,realschur,13,0,6.760462311666445e-17,37.04141771903173,62.020392084011654,2.220446049250313e-16,13,1,53,true
rando_10_2,10,Int64,false,diagonalcheap,realschur,21,0,0,37.04141771903188,61.554364876068284,2.220446049250313e-16,13,1,53,false
rando_10_2,10,Int64,false,taylor,transfree,25,1,1.734723475976807e-18,11.33333333333333,1,2.220446049250313e-16,13,1,53,true
rando_10_2,10,Int64,false,taylor,transfree,25,1,8.881784197001252e-16,11.33333333333333,1,2.220446049250313e-16,13,1,53,false
rando_10_2,10,Int64,false,taylor,complexschur,25,1,2.602085213965211e-18,6.212946515421208,1,2.220446049250313e-16,13,1,53,true
rando_10_2,10,Int64,false,taylor,complexschur,25,1,8.881784197001252e-16,6.212946515421208,1,2.220446049250313e-16,13,1,53,false
rando_10_2,10,Int64,false,taylor,realschur,25,1,2.602085213965211e-18,5.792784091762085,1,2.220446049250313e-16,13,1,53,true
rando_10_2,10,Int64,false,taylor,realschur,25,1,8.881784197001252e-16,5.792784091762085,1,2.220446049250313e-16,13,1,53,false
rando_10_3,10,Int64,false,diagonalcheap,transfree,13,0,6.521687893802064e-18,25.71130195497056,43.064514903362294,2.220446049250313e-16,13,1,53,true
rando_10_3,10,Int64,false,diagonalcheap,transfree,17,0,3.313589086469356e-15,25.71130195497059,43.072301562322544,2.220446049250313e-16,13,1,53,false
rando_10_3,10,Int64,false,diagonalcheap,complexschur,13,0,8.193942875323242e-18,32.62875751137992,26.22893395866905,2.220446049250313e-16,13,1,53,true
rando_10_3,10,Int64,false,diagonalcheap,complexschur,57,0,0,32.62875751137994,26.024431373765523,2.220446049250313e-16,13,1,53,false
rando_10_3,10,Int64,false,diagonalcheap,realschur,13,0,3.549424149701454e-17,36.70452077520811,34.52701363119371,2.220446049250313e-16,13,1,53,true
rando_10_3,10,Int64,false,diagonalcheap,realschur,17,0,4.505396385136487e-15,36.70452077520813,34.407293309263196,2.220446049250313e-16,13,1,53,false
rando_10_3,10,Int64,false,taylor,transfree,30,0,1.734723475976807e-18,22.83333333333333,1,2.220446049250313e-16,13,1,53,true
rando_10_3,10,Int64,false,taylor,transfree,30,0,3.552713678800501e-15,22.83333333333333,1,2.220446049250313e-16,13,1,53,false
rando_10_3,10,Int64,false,taylor,complexschur,30,0,3.469446951953614e-18,29.48845962298088,1,2.220446049250313e-16,13,1,53,true
rando_10_3,10,Int64,false,taylor,complexschur,30,0,1.77635683940025e-15,29.48845962298088,1,2.220446049250313e-16,13,1,53,false
rando_10_3,10,Int64,false,taylor,realschur,30,0,0,32.45770125705684,1,2.220446049250313e-16,13,1,53,true
rando_10_3,10,Int64,false,taylor,realschur,30,0,0,32.45770125705684,1,2.220446049250313e-16,13,1,53,false
randsvd_10_1.0,10,Float64,false,diagonalcheap,transfree,9,0,1.14424868649376e-18,4.73670902414235,6.1026238349843,2.220446049250313e-16,13,0,53,true
randsvd_10_1.0,10,Float64,false,diagonalcheap,transfree,9,0,5.858553274848051e-16,4.73670902414235,6.1026238349843,2.220446049250313e-16,13,0,53,false
randsvd_10_1.0,10,Float64,false,diagonalcheap,complexschur,9,0,3.601019223752738e-19,2.71764519252695,2.7013521978279074,2.220446049250313e-16,13,0,53,true
randsvd_10_1.0,10,Float64,false,diagonalcheap,complexschur,9,0,3.687443685122803e-16,2.71764519252695,2.7013521978279074,2.220446049250313e-16,13,0,53,false
randsvd_10_1.0,10,Float64,false,diagonalcheap,realschur,9,0,4.036482684666248e-19,2.996988884428853,3.416912563636254,2.220446049250313e-16,13,0,53,true
randsvd_10_1.0,10,Float64,false,diagonalcheap,realschur,9,0,4.133358269098237e-16,2.996988884428853,3.4169125636362536,2.220446049250313e-16,13,0,53,false
randsvd_10_1.0,10,Float64,false,taylor,transfree,20,0,8.673617379884035e-19,4.91437719247263,1,2.220446049250313e-16,13,0,53,true
randsvd_10_1.0,10,Float64,false,taylor,transfree,42,0,8.881784197001252e-16,4.91437719247263,1,2.220446049250313e-16,13,0,53,false
randsvd_10_1.0,10,Float64,false,taylor,complexschur,20,0,8.673617379884035e-19,2.666161623157119,1,2.220446049250313e-16,13,0,53,true
randsvd_10_1.0,10,Float64,false,taylor,complexschur,20,0,4.440892098500626e-16,2.666161623157119,1,2.220446049250313e-16,13,0,53,false
randsvd_10_1.0,10,Float64,false,taylor,realschur,20,0,0,3.036676624126814,1,2.220446049250313e-16,13,0,53,true
randsvd_10_1.0,10,Float64,false,taylor,realschur,20,0,0,3.036676624126814,1,2.220446049250313e-16,13,0,53,false
randsvd_10_2.0,10,Float64,false,diagonalcheap,transfree,9,0,1.749043083068667e-18,2.719136690197181,4.333128835286925,2.220446049250313e-16,13,-1,53,true
randsvd_10_2.0,10,Float64,false,diagonalcheap,transfree,17,0,4.478756450883786e-16,2.71913669019718,4.333532550271583,2.220446049250313e-16,13,-1,53,false
randsvd_10_2.0,10,Float64,false,diagonalcheap,complexschur,9,0,9.313723888795867e-19,2.025554087799194,2.3974820438322917,2.220446049250313e-16,13,-1,53,true
randsvd_10_2.0,10,Float64,false,diagonalcheap,complexschur,9,0,3.179084420708989e-16,2.025554087799194,2.3974820438322917,2.220446049250313e-16,13,-1,53,false
randsvd_10_2.0,10,Float64,false,diagonalcheap,realschur,9,0,7.337114055055511e-19,2.260494994156402,3.1025432887611832,2.220446049250313e-16,13,-1,53,true
randsvd_10_2.0,10,Float64,false,diagonalcheap,realschur,9,0,3.756602396188422e-16,2.260494994156402,3.1025432887611832,2.220446049250313e-16,13,-1,53,false
randsvd_10_2.0,10,Float64,false,taylor,transfree,20,0,0,3.270552528494653,1,2.220446049250313e-16,13,-1,53,true
randsvd_10_2.0,10,Float64,false,taylor,transfree,20,0,4.440892098500626e-16,3.270552528494653,1,2.220446049250313e-16,13,-1,53,false
randsvd_10_2.0,10,Float64,false,taylor,complexschur,20,0,0,2.032712415809099,1,2.220446049250313e-16,13,-1,53,true
randsvd_10_2.0,10,Float64,false,taylor,complexschur,20,0,0,2.032712415809099,1,2.220446049250313e-16,13,-1,53,false
randsvd_10_2.0,10,Float64,false,taylor,realschur,20,0,0,2.561750358368476,1,2.220446049250313e-16,13,-1,53,true
randsvd_10_2.0,10,Float64,false,taylor,realschur,20,0,4.440892098500626e-16,2.561750358368476,1,2.220446049250313e-16,13,-1,53,false
randsvd_10_3.0,10,Float64,false,diagonalcheap,transfree,7,0,8.623027208897441e-17,3.612163492356157,4.612610910806802,2.220446049250313e-16,9,0,53,true
randsvd_10_3.0,10,Float64,false,diagonalcheap,transfree,17,0,0,3.612163492356156,4.609088278540205,2.220446049250313e-16,9,0,53,false
randsvd_10_3.0,10,Float64,false,diagonalcheap,complexschur,7,0,2.155639196429551e-17,2.618755518209182,2.2832358160345483,2.220446049250313e-16,9,0,53,true
randsvd_10_3.0,10,Float64,false,diagonalcheap,complexschur,7,0,3.941740244899751e-16,2.618755518209182,2.2832358160345483,2.220446049250313e-16,9,0,53,false
randsvd_10_3.0,10,Float64,false,diagonalcheap,realschur,7,0,3.855717120969914e-17,2.667293446687543,2.946185619478731,2.220446049250313e-16,9,0,53,true
randsvd_10_3.0,10,Float64,false,diagonalcheap,realschur,7,0,4.291580795514339e-16,2.667293446687543,2.946185619478731,2.220446049250313e-16,9,0,53,false
randsvd_10_3.0,10,Float64,false,taylor,transfree,16,0,2.506675422786486e-16,3.620395041063861,1,2.220446049250313e-16,9,0,53,true
randsvd_10_3.0,10,Float64,false,taylor,transfree,16,0,4.440892098500626e-16,3.620395041063861,1,2.220446049250313e-16,9,0,53,false
randsvd_10_3.0,10,Float64,false,taylor,complexschur,16,0,8.153200337090993e-17,2.781374670724979,1,2.220446049250313e-16,9,0,53,true
randsvd_10_3.0,10,Float64,false,taylor,complexschur,16,0,0,2.781374670724979,1,2.220446049250313e-16,9,0,53,false
randsvd_10_3.0,10,Float64,false,taylor,realschur,16,0,1.153591111524577e-16,2.879322695487231,1,2.220446049250313e-16,9,0,53,true
randsvd_10_3.0,10,Float64,false,taylor,realschur,20,0,0,2.879322695487231,1,2.220446049250313e-16,9,0,53,false
randsvd_10_4.0,10,Float64,false,diagonalcheap,transfree,7,0,2.054156034773388e-17,2.627076781289019,3.901391747734323,2.220446049250313e-16,9,0,53,true
randsvd_10_4.0,10,Float64,false,diagonalcheap,transfree,9,0,0,2.627076781289019,3.9029028405721324,2.220446049250313e-16,9,0,53,false
randsvd_10_4.0,10,Float64,false,diagonalcheap,complexschur,7,0,1.227248363750634e-17,2.941940820975798,2.6717452527550525,2.220446049250313e-16,9,0,53,true
randsvd_10_4.0,10,Float64,false,diagonalcheap,complexschur,7,0,0,2.941940820975797,2.6717452527550525,2.220446049250313e-16,9,0,53,false
randsvd_10_4.0,10,Float64,false,diagonalcheap,realschur,7,0,1.199064335416715e-17,2.838257514660835,2.8150234223109822,2.220446049250313e-16,9,0,53,true
randsvd_10_4.0,10,Float64,false,diagonalcheap,realschur,7,0,4.092806264889055e-16,2.838257514660835,2.815023422310982,2.220446049250313e-16,9,0,53,false
randsvd_10_4.0,10,Float64,false,taylor,transfree,16,0,6.245004513516506e-17,2.828666571741199,1,2.220446049250313e-16,9,0,53,true
randsvd_10_4.0,10,Float64,false,taylor,transfree,16,0,4.440892098500626e-16,2.828666571741199,1,2.220446049250313e-16,9,0,53,false
randsvd_10_4.0,10,Float64,false,taylor,complexschur,16,0,3.382710778154774e-17,2.943093417056721,1,2.220446049250313e-16,9,0,53,true
randsvd_10_4.0,10,Float64,false,taylor,complexschur,16,0,0,2.943093417056721,1,2.220446049250313e-16,9,0,53,false
randsvd_10_4.0,10,Float64,false,taylor,realschur,16,0,3.426078865054194e-17,2.839676749780191,1,2.220446049250313e-16,9,0,53,true
randsvd_10_4.0,10,Float64,false,taylor,realschur,16,0,4.440892098500626e-16,2.839676749780191,1,2.220446049250313e-16,9,0,53,false
randsvd_10_5.0,10,Float64,false,diagonalcheap,transfree,7,0,1.407405492572092e-16,3.590868171871482,3.2948343325336644,2.220446049250313e-16,9,0,53,true
randsvd_10_5.0,10,Float64,false,diagonalcheap,transfree,9,0,4.640260819219848e-16,3.590868171871482,3.289201575717454,2.220446049250313e-16,9,0,53,false
randsvd_10_5.0,10,Float64,false,diagonalcheap,complexschur,7,0,1.302159010887097e-16,3.323192108198892,2.780844447654482,2.220446049250313e-16,9,0,53,true
randsvd_10_5.0,10,Float64,false,diagonalcheap,complexschur,9,0,4.34952506803495e-16,3.323192108198892,2.7781068099047235,2.220446049250313e-16,9,0,53,false
randsvd_10_5.0,10,Float64,false,diagonalcheap,realschur,7,0,1.924923486550619e-16,2.38998866984601,3.142361281296071,2.220446049250313e-16,9,0,53,true
randsvd_10_5.0,10,Float64,false,diagonalcheap,realschur,7,0,4.500277740246195e-16,2.38998866984601,3.142361281296071,2.220446049250313e-16,9,0,53,false
randsvd_10_5.0,10,Float64,false,taylor,transfree,16,0,4.557985933129061e-16,3.561407553514207,1,2.220446049250313e-16,9,0,53,true
randsvd_10_5.0,10,Float64,false,taylor,transfree,16,0,0,3.561407553514207,1,2.220446049250313e-16,9,0,53,false
randsvd_10_5.0,10,Float64,false,taylor,complexschur,16,0,4.475586568020162e-16,3.300615751536226,1,2.220446049250313e-16,9,0,53,true
randsvd_10_5.0,10,Float64,false,taylor,complexschur,16,0,4.440892098500626e-16,3.300615751536226,1,2.220446049250313e-16,9,0,53,false
randsvd_10_5.0,10,Float64,false,taylor,realschur,16,0,6.691695808580533e-16,3.505189435964188,1,2.220446049250313e-16,9,0,53,true
randsvd_10_5.0,10,Float64,false,taylor,realschur,16,0,4.440892098500626e-16,3.505189435964188,1,2.220446049250313e-16,9,0,53,false
smoke_10,10,ComplexF64,false,diagonalcheap,transfree,9,0,1.827365275530554e-16,6.488128793452633,6.963103376184819,2.220446049250313e-16,9,0,53,true
smoke_10,10,ComplexF64,false,diagonalcheap,transfree,9,0,0,6.488128793452633,6.963103376184819,2.220446049250313e-16,9,0,53,false
smoke_10,10,ComplexF64,false,diagonalcheap,complexschur,13,0,0,7.160917893437391,8.483169938976154,2.220446049250313e-16,9,0,53,true
smoke_10,10,ComplexF64,false,diagonalcheap,complexschur,17,0,0,7.160917893437391,8.488836848188056,2.220446049250313e-16,9,0,53,false
smoke_10,10,ComplexF64,false,taylor,transfree,25,0,1.734723475976807e-18,6.047695524856813,1,2.220446049250313e-16,9,0,53,true
smoke_10,10,ComplexF64,false,taylor,transfree,25,0,8.881784197001252e-16,6.047695524856813,1,2.220446049250313e-16,9,0,53,false
smoke_10,10,ComplexF64,false,taylor,complexschur,25,0,1.734723475976807e-18,6.850668107254965,1,2.220446049250313e-16,9,0,53,true
smoke_10,10,ComplexF64,false,taylor,complexschur,30,0,8.881784197001252e-16,6.850668107254965,1,2.220446049250313e-16,9,0,53,false
smoke_10_1,10,ComplexF64,false,diagonalcheap,transfree,9,0,1.827365274285158e-16,6.488128459651135,6.962753680119448,2.220446049250313e-16,9,0,53,true
smoke_10_1,10,ComplexF64,false,diagonalcheap,transfree,9,0,0,6.488128459651135,6.962753680119446,2.220446049250313e-16,9,0,53,false
smoke_10_1,10,ComplexF64,false,diagonalcheap,complexschur,9,0,1.827365274285158e-16,6.488128459651135,6.962753680119448,2.220446049250313e-16,9,0,53,true
smoke_10_1,10,ComplexF64,false,diagonalcheap,complexschur,9,0,0,6.488128459651135,6.962753680119446,2.220446049250313e-16,9,0,53,false
smoke_10_1,10,ComplexF64,false,taylor,transfree,25,0,1.734723475976807e-18,6.047695524856813,1,2.220446049250313e-16,9,0,53,true
smoke_10_1,10,ComplexF64,false,taylor,transfree,25,0,8.881784197001252e-16,6.047695524856813,1,2.220446049250313e-16,9,0,53,false
smoke_10_1,10,ComplexF64,false,taylor,complexschur,25,0,1.734723475976807e-18,6.047695524856813,1,2.220446049250313e-16,9,0,53,true
smoke_10_1,10,ComplexF64,false,taylor,complexschur,25,0,8.881784197001252e-16,6.047695524856813,1,2.220446049250313e-16,9,0,53,false
toeppen_10,10,Float64,false,diagonalcheap,transfree,17,2,7.182358396017149e-17,3.093686089765006,6.093168887507242,2.220446049250313e-16,13,3,53,true
toeppen_10,10,Float64,false,diagonalcheap,transfree,91,4,0,1.678619479230362,2.613888350765564,2.220446049250313e-16,13,3,53,false
toeppen_10,10,Float64,false,diagonalcheap,complexschur,17,2,6.507803564344145e-17,1.655797254380843,1.809775366724758,2.220446049250313e-16,13,3,53,true
toeppen_10,10,Float64,false,diagonalcheap,complexschur,91,4,2.409993174853384e-16,1.172267810336923,1.146131170543704,2.220446049250313e-16,13,3,53,false
toeppen_10,10,Float64,false,diagonalcheap,realschur,17,2,9.126349514397685e-18,2.312627737931161,3.3487659196936157,2.220446049250313e-16,13,3,53,true
toeppen_10,10,Float64,false,diagonalcheap,realschur,91,6,2.493412310042077e-16,1.217724103583795,1.2953187294260513,2.220446049250313e-16,13,3,53,false
toeppen_10,10,Float64,false,taylor,transfree,36,2,2.775557561562891e-17,28.63216145833334,1,2.220446049250313e-16,13,3,53,true
toeppen_10,10,Float64,false,taylor,transfree,36,2,0,28.63216145833334,1,2.220446049250313e-16,13,3,53,false
toeppen_10,10,Float64,false,taylor,complexschur,36,2,1.387778780781446e-17,16.79885848416725,1,2.220446049250313e-16,13,3,53,true
toeppen_10,10,Float64,false,taylor,complexschur,72,2,0,16.79885848416725,1,2.220446049250313e-16,13,3,53,false
toeppen_10,10,Float64,false,taylor,realschur,36,2,0,22.48308646689395,1,2.220446049250313e-16,13,3,53,true
toeppen_10,10,Float64,false,taylor,realschur,90,2,0,22.48308646689395,1,2.220446049250313e-16,13,3,53,false
uniformdata_10_1000,10,Float64,false,diagonalcheap,transfree,13,1,7.055623833990267e-18,13.94586050769488,6.7643065556036195,2.220446049250313e-16,13,1,53,true
uniformdata_10_1000,10,Float64,false,diagonalcheap,transfree,17,1,1.79256173010964e-15,13.94586050769487,6.711357851326075,2.220446049250313e-16,13,1,53,false
uniformdata_10_1000,10,Float64,false,diagonalcheap,complexschur,13,0,7.739186294971925e-15,136.9410164170058,20.880621927119506,2.220446049250313e-16,13,1,53,true
uniformdata_10_1000,10,Float64,false,diagonalcheap,complexschur,81,0,0,136.9410164170041,18.896149263775193,2.220446049250313e-16,13,1,53,false
uniformdata_10_1000,10,Float64,false,diagonalcheap,realschur,13,0,7.739186294971925e-15,136.9410164170057,21.554769630076787,2.220446049250313e-16,13,1,53,true
uniformdata_10_1000,10,Float64,false,diagonalcheap,realschur,81,0,0,136.9410164170041,19.51413514581526,2.220446049250313e-16,13,1,53,false
uniformdata_10_1000,10,Float64,false,taylor,transfree,25,1,1.040834085586084e-16,10.64866513523483,1,2.220446049250313e-16,13,1,53,true
uniformdata_10_1000,10,Float64,false,taylor,transfree,30,1,1.77635683940025e-15,10.64866513523483,1,2.220446049250313e-16,13,1,53,false
uniformdata_10_1000,10,Float64,false,taylor,complexschur,25,1,3.816391647148976e-17,8.965497742421809,1,2.220446049250313e-16,13,1,53,true
uniformdata_10_1000,10,Float64,false,taylor,complexschur,25,1,1.77635683940025e-15,8.965497742421809,1,2.220446049250313e-16,13,1,53,false
uniformdata_10_1000,10,Float64,false,taylor,realschur,25,1,3.816391647148976e-17,8.965497742421809,1,2.220446049250313e-16,13,1,53,true
uniformdata_10_1000,10,Float64,false,taylor,realschur,25,1,1.77635683940025e-15,8.965497742421809,1,2.220446049250313e-16,13,1,53,false
gearmat_10,10,Int64,false,diagonalcheap,transfree,9,0,6.89488910189716e-16,7.380746061228715,7.387704851595193,2.220446049250313e-16,9,0,53,true
gearmat_10,10,Int64,false,diagonalcheap,transfree,9,0,0,7.380746061228715,7.387704851595193,2.220446049250313e-16,9,0,53,false
gearmat_10,10,Int64,false,diagonalcheap,complexschur,9,0,1.449599461354273e-15,8.568809106536275,9.204726617916704,2.220446049250313e-16,9,0,53,true
gearmat_10,10,Int64,false,diagonalcheap,complexschur,9,0,1.435580124203845e-15,8.568809106536275,9.204726617916704,2.220446049250313e-16,9,0,53,false
gearmat_10,10,Int64,false,diagonalcheap,realschur,9,0,1.449599461354273e-15,8.568809106536275,9.204726617916704,2.220446049250313e-16,9,0,53,true
gearmat_10,10,Int64,false,diagonalcheap,realschur,9,0,1.435580124203845e-15,8.568809106536275,9.204726617916704,2.220446049250313e-16,9,0,53,false
gearmat_10,10,Int64,false,taylor,transfree,25,0,1.734723475976807e-18,6.333333333333334,1,2.220446049250313e-16,9,0,53,true
gearmat_10,10,Int64,false,taylor,transfree,30,0,8.881784197001252e-16,6.333333333333334,1,2.220446049250313e-16,9,0,53,false
gearmat_10,10,Int64,false,taylor,complexschur,25,0,0,7.398149896973374,1,2.220446049250313e-16,9,0,53,true
gearmat_10,10,Int64,false,taylor,complexschur,25,0,8.881784197001252e-16,7.398149896973374,1,2.220446049250313e-16,9,0,53,false
gearmat_10,10,Int64,false,taylor,realschur,25,0,0,7.398149896973374,1,2.220446049250313e-16,9,0,53,true
gearmat_10,10,Int64,false,taylor,realschur,25,0,8.881784197001252e-16,7.398149896973374,1,2.220446049250313e-16,9,0,53,false
neumann_16,16,Int64,false,diagonalcheap,transfree,13,1,2.722348792420833e-16,86.53652563034906,15.539643089893344,2.220446049250313e-16,13,1,53,true
neumann_16,16,Int64,false,diagonalcheap,transfree,21,1,0,86.53652563034899,14.975487020663213,2.220446049250313e-16,13,1,53,false
neumann_16,16,Int64,false,diagonalcheap,complexschur,13,1,1.249354396531351e-16,54.59815003314414,8.002264170200581,2.220446049250313e-16,13,1,53,true
neumann_16,16,Int64,false,diagonalcheap,complexschur,49,1,6.699490315964313e-15,54.59815003314404,7.542955522637284,2.220446049250313e-16,13,1,53,false
neumann_16,16,Int64,false,diagonalcheap,realschur,13,1,1.249354396531351e-16,54.59815003314414,8.002264170200581,2.220446049250313e-16,13,1,53,true
neumann_16,16,Int64,false,diagonalcheap,realschur,49,1,6.699490315964313e-15,54.59815003314404,7.542955522637284,2.220446049250313e-16,13,1,53,false
neumann_16,16,Int64,false,taylor,transfree,36,1,1.387778780781446e-17,34.16666666666667,1,2.220446049250313e-16,13,1,53,true
neumann_16,16,Int64,false,taylor,transfree,30,1,0,34.16666666666667,1,2.220446049250313e-16,13,1,53,false
neumann_16,16,Int64,false,taylor,complexschur,30,1,6.453171330633722e-16,23.66666666666665,1,2.220446049250313e-16,13,1,53,true
neumann_16,16,Int64,false,taylor,complexschur,90,3,4.440892098500626e-16,2.718281801146384,1,2.220446049250313e-16,13,1,53,false
neumann_16,16,Int64,false,taylor,realschur,30,1,6.453171330633722e-16,23.66666666666665,1,2.220446049250313e-16,13,1,53,true
neumann_16,16,Int64,false,taylor,realschur,90,3,4.440892098500626e-16,2.718281801146384,1,2.220446049250313e-16,13,1,53,false
hadamard_diag_8,8,ComplexF64,false,diagonalcheap,transfree,13,4,3.913384168944774e-17,12.06063435992316,18.768015867356745,2.220446049250313e-16,13,5,53,true
hadamard_diag_8,8,ComplexF64,false,diagonalcheap,transfree,91,8,0,1.320020141456344,1.3445229629710922,2.220446049250313e-16,13,5,53,false
hadamard_diag_8,8,ComplexF64,false,diagonalcheap,complexschur,13,4,1.170806539352368e-17,11.26125944845259,10.582870780438357,2.220446049250313e-16,13,5,53,true
hadamard_diag_8,8,ComplexF64,false,diagonalcheap,complexschur,17,4,0,11.26125944845258,10.609722380305953,2.220446049250313e-16,13,5,53,false
hadamard_diag_8,8,ComplexF64,false,taylor,transfree,42,3,1.110223024625157e-16,126.8592154588418,1,2.220446049250313e-16,13,5,53,true
hadamard_diag_8,8,ComplexF64,false,taylor,transfree,56,3,0,126.8592154588418,1,2.220446049250313e-16,13,5,53,false
hadamard_diag_8,8,ComplexF64,false,taylor,complexschur,42,3,1.110223024625157e-16,121.5242228812898,1,2.220446049250313e-16,13,5,53,true
hadamard_diag_8,8,ComplexF64,false,taylor,complexschur,90,6,0,1.831878817810666,1,2.220446049250313e-16,13,5,53,false
hadamard_diag_big_8,8,Complex{BigFloat},false,diagonalcheap,transfree,13,4,3.594709837954284e-17,18.33688345153321,23.915635354795587,2.220446049250313e-16,13,5,53,true
hadamard_diag_big_8,8,Complex{BigFloat},false,diagonalcheap,transfree,49,4,0,18.3368834515332,24.212260345939644,2.220446049250313e-16,13,5,53,false
hadamard_diag_big_8,8,Complex{BigFloat},false,diagonalcheap,complexschur,13,4,3.755303928701493e-18,17.47443668210741,16.46929237563759,2.220446049250313e-16,13,5,53,true
hadamard_diag_big_8,8,Complex{BigFloat},false,diagonalcheap,complexschur,17,4,3.812866113961677e-15,17.47443668210739,16.47527467269417,2.220446049250313e-16,13,5,53,false
hadamard_diag_big_8,8,Complex{BigFloat},false,taylor,transfree,42,3,2.220446049250313e-16,153.1055556052534,1,2.220446049250313e-16,13,5,53,true
hadamard_diag_big_8,8,Complex{BigFloat},false,taylor,transfree,90,4,3.552713678800501e-15,18.34227272647346,1,2.220446049250313e-16,13,5,53,false
hadamard_diag_big_8,8,Complex{BigFloat},false,taylor,complexschur,36,3,2.386979502944087e-14,115.4858397447407,1,2.220446049250313e-16,13,5,53,true
hadamard_diag_big_8,8,Complex{BigFloat},false,taylor,complexschur,90,4,3.552713678800501e-15,17.48144714721779,1,2.220446049250313e-16,13,5,53,false
hadamard_jord_8,8,ComplexF64,false,diagonalcheap,transfree,13,3,7.126616786746931e-18,51.72197353024313,32.35115729338857,2.220446049250313e-16,13,4,53,true
hadamard_jord_8,8,ComplexF64,false,diagonalcheap,transfree,65,3,6.916758801399985e-15,51.72195850224179,31.31210041901208,2.220446049250313e-16,13,4,53,false
hadamard_jord_8,8,ComplexF64,false,diagonalcheap,complexschur,13,3,0,45.93066788747117,17.93316683724068,2.220446049250313e-16,13,4,53,true
hadamard_jord_8,8,ComplexF64,false,diagonalcheap,complexschur,65,3,0,45.93066788747135,17.019788196995915,2.220446049250313e-16,13,4,53,false
hadamard_jord_8,8,ComplexF64,false,taylor,transfree,30,3,5.620504062164855e-16,33.54507707524417,1,2.220446049250313e-16,13,4,53,true
hadamard_jord_8,8,ComplexF64,false,taylor,transfree,30,3,0,33.54507707524417,1,2.220446049250313e-16,13,4,53,false
hadamard_jord_8,8,ComplexF64,false,taylor,complexschur,30,3,2.012279232133096e-16,33.47868797124084,1,2.220446049250313e-16,13,4,53,true
hadamard_jord_8,8,ComplexF64,false,taylor,complexschur,30,3,7.105427357601002e-15,33.47868797124084,1,2.220446049250313e-16,13,4,53,false
hadamard_jord_big_8,8,Complex{BigFloat},false,diagonalcheap,transfree,13,3,2.833187223512899e-17,3.386152537583121,15.23741655331935,2.220446049250313e-16,13,4,53,true
hadamard_jord_big_8,8,Complex{BigFloat},false,diagonalcheap,transfree,17,3,0,3.386152537583122,15.520484674937014,2.220446049250313e-16,13,4,53,false
hadamard_jord_big_8,8,Complex{BigFloat},false,diagonalcheap,complexschur,13,3,2.569933469722909e-17,1.974993981812567,9.197618668822189,2.220446049250313e-16,13,4,53,true
hadamard_jord_big_8,8,Complex{BigFloat},false,diagonalcheap,complexschur,91,6,0,1.088881613566113,1.3314573590164565,2.220446049250313e-16,13,4,53,false
hadamard_jord_big_8,8,Complex{BigFloat},false,taylor,transfree,30,3,3.677613769070831e-16,4.830454200164318,1,2.220446049250313e-16,13,4,53,true
hadamard_jord_big_8,8,Complex{BigFloat},false,taylor,transfree,56,3,0,4.830454200164318,1,2.220446049250313e-16,13,4,53,false
hadamard_jord_big_8,8,Complex{BigFloat},false,taylor,complexschur,30,3,3.538835890992686e-16,4.587156517622681,1,2.220446049250313e-16,13,4,53,true
hadamard_jord_big_8,8,Complex{BigFloat},false,taylor,complexschur,90,6,2.220446049250313e-16,1.089252362967097,1,2.220446049250313e-16,13,4,53,false
